6.848182160878634406e+00
1.110744429769056296e+01
2.616366240524541809e+00
6.098016587680718636e+00
1.433748709503305463e+00
1.119726077866393998e+00
1.651063826070918505e+00
1.908525438012300013e+00
3.590454876035463538e+00
1.055216108091999505e+00
2.628338748700950855e+00
1.676189082683579690e+00
5.208975272165042858e-01
3.480000521407085934e+00
4.797595309552844078e+00
4.018411916211892532e-01
3.641041899137335225e+00
7.734468196937083206e-01
6.475452823803262703e-01
2.664426941602151100e+00
3.386897109232333225e+00
3.587204454112213448e+00
2.941985072334749152e+00
3.121407531428618487e+00
3.716498761700212317e+00
6.159871845662412415e-01
1.106123581472969342e+01
2.261302914311139833e+00
1.032632822737338918e+00
1.540343095040658028e+00
2.602579964586942740e+00
1.951857429580255543e+00
6.149843699622739912e+00
3.201805123749836834e+00
4.084617363592466965e+00
7.911451816962242756e-01
1.363308814453186191e+00
7.487305946313961513e+00
3.118053004748743695e-01
3.362168178689722176e+00
1.891698849764125168e+00
1.832818123591585469e+00
2.330680531470542327e+00
3.855354520499291393e+00
5.492657050006431341e+00
2.229377993064570962e+00
5.402669276722595892e-01
4.762423804016881590e+00
2.582412378128198682e+00
9.831089862282300640e-01
4.597467965250990218e+00
4.370524124448939673e+00
1.337290219615728359e+00
8.256801968170730532e-01
3.188087357760160945e+00
2.518473851716902967e+00
2.387799829343267621e+00
8.765199007215174198e-01
7.759324449211150165e-01
1.543739073464336364e+00
1.229300116101048168e+00
1.561236109843782138e+00
3.035527855606207748e+00
3.002994935078073357e+00
5.371514807392198110e-01
1.357768334708128410e+00
5.639966972575325421e+00
7.694563624942484248e-01
1.800682789753002444e+00
2.232141789153741396e+00
2.098848388292569922e+00
4.567158354959415689e+00
9.395412924878114858e-01
4.439049830946482089e+00
3.581355591229160584e+00
4.641972299217088094e-01
8.803526291622565836e+00
3.222602438622694798e+00
1.292814304986679597e+00
1.101575460224459624e+00
2.536410692699900160e+00
2.796868444694442069e+00
1.044319438580762416e+01
2.927865376829722255e+00
2.242772285700830315e-01
1.284107300788213379e+01
2.468169123471468662e+00
2.710992128765149278e+00
1.558420049358255399e+00
1.745105993811976841e+00
3.808190283974304258e+00
7.333938983820167401e+00
3.477187506985295773e+00
3.176462137097916028e+00
9.518784150373239328e+00
6.017723885909885162e+00
3.417587886472745584e+00
1.077519283620144597e+00
1.566073026586405348e+00
2.044913320361989584e+00
1.287031204092347947e+00
1.300316103867328188e+01
2.446486359158529744e+00
2.763267127075259566e+00
1.120201053341779440e+00
1.965209218064656316e+00
3.945572657344192713e+00
2.418987918655289171e+00
9.132210790856126081e+00
3.811653698115961664e+00
1.209468222684444427e+00
5.039631928551880691e+00
2.058868072899092017e+00
9.853599091955524969e-01
9.103645913180242744e-01
2.333272694140278603e+00
3.767753969354161292e+00
1.264401468066704837e+00
1.962194361341311533e+00
1.090592915510587568e+00
1.378343675257539758e+00
1.258226245373649910e+00
8.696056148652558937e-01
2.236601765172330669e+00
9.981446834094689358e-01
1.745501975222195412e+00
4.529288423078898340e+00
2.484437283497992865e+00
3.259459506545578034e+00
1.657307230069324344e+00
2.106292738450414426e+00
3.575288375502823968e+00
6.639388939444785365e+00
8.105899767170779979e-01
2.258291193109410067e+00
5.406870879323475432e-01
4.076847518179441465e+00
7.399832414611359210e-01
5.864770157702146491e+00
1.784569269375964273e+00
1.081138359294688200e+01
1.003068384947030101e+00
3.212456929252928806e+00
9.357863946340769790e-01
2.026034498091595637e+00
6.191886122843308193e+00
1.893210273642080166e+00
2.158113964627611736e+00
9.497215652604293901e-01
1.123443128572207961e+01
1.358997124009959423e+00
4.480767715729344403e+00
4.102760455491205605e+00
2.204780787385823615e+00
2.132810717714347604e+00
1.219906925046723378e+00
2.985228532588370953e+00
5.176991067048514195e-01
1.308188022915605764e+00
3.211440252598965817e+00
1.567856783043419133e+00
7.212111652003234674e-01
2.999080393126942745e+00
1.732098595789525852e+00
3.359448835759173413e+00
1.929227911155891206e+00
6.604977154755092839e-01
1.870908202817053612e+00
2.296904359556936281e+00
4.207704006663950835e+00
2.337481956586849652e+00
2.040844153626846680e+00
4.960833961822313398e+00
8.369505068736049491e-01
3.570868388368300117e+00
5.034469404352194255e-01
3.993534444817568918e+00
1.070792537605781192e+00
7.169683726102952903e+00
2.451215000589257453e+00
2.849107022790987376e+00
2.854282870630025393e+00
2.164085763786948391e+00
6.446651779109108249e-01
6.137044794976350026e+00
3.816247434900926550e+00
5.480497453849411116e+00
1.434476440911553796e+00
3.514835067930202617e-01
1.721959460806517628e+00
5.109717975425914993e+00
6.038415187336364509e-01
5.588388045977664476e+00
4.976510468069644588e+00
3.697395119706480493e+00
3.437623799011344516e+00
5.986852253093906118e-01
4.717202531503865259e+00
3.363655605905619517e+00
5.444456076041621628e+00
5.253421883788317537e+00
1.197478666449881102e+00
3.462578192177324876e+00
2.486180664524679507e-01
6.866749166310576413e+00
1.448540436214500016e+00
3.329484788044760890e+00
1.587312678152658529e+00
2.828592379097070619e+00
3.636077595859983802e+00
2.150673424286515978e+00
1.152775249988361450e+00
5.601101716446712508e+00
2.083382988965927218e+00
3.605815078135027107e+00
2.448160657409102825e+00
2.029899409123774312e+00
1.825070236873240992e+00
3.429442393849415627e+00
2.041473817413726799e+00
2.963928524016658628e+00
2.229696546059325879e+00
7.589781322604421954e-01
5.952911829161734225e+00
1.329381521148256695e+00
3.844348252604381067e+00
1.829107349620443523e+00
2.212940650312883228e+00
2.162941159075018493e+00
1.009029587943519957e+01
3.900145018978802836e-01
9.058979484326894482e-01
1.329048617834243551e+01
1.388666130650067831e+00
8.578029611259558873e-01
1.699103002809906782e+00
4.260851650262007517e+00
6.725502502421809581e+00
2.170321760048964599e+00
1.459342049412364561e+00
7.811185500689535877e-01
3.617658608334074266e+00
1.771370698661786980e+00
5.153604921095030100e+00
7.606517497232724523e+00
4.408361697601997697e+00
7.809208745324670575e-01
3.689188494587135825e+00
8.634174386526670686e-01
1.381403260556567369e+00
8.950881662286340745e-01
1.540436799247085542e+00
2.620672574976427693e+00
1.066828217087943287e+00
2.396722703011838540e+00
1.142352582593231025e+00
9.252763343243699534e-01
3.849524297300039866e+00
9.718601173089218559e-01
5.435753420711136208e+00
1.670182911641218348e+00
2.593638724474576662e+00
1.943713585308991076e+00
1.324088976022972153e+00
4.413105318944277045e+00
6.116809943318353149e+00
3.972680200555119168e+00
5.215961550092931276e-01
7.417899936172530628e-01
2.648547948181110279e+00
2.047096081486197150e+00
2.866110115465101416e+00
4.085097220918005867e+00
5.286317943994347957e+00
2.070062529503018833e+00
1.613968595791547722e+00
7.282523823821070996e-01
4.047161845331113561e+00
8.735469475875644818e+00
1.488325871212734741e+00
1.165526537363649862e+00
1.046349769090391568e+01
4.885077641718876151e+00
2.027431760459141419e+00
3.134218887535215714e+00
2.506457580580016664e+00
1.456625416757605818e+00
1.600060441824397994e+00
1.008175534164201581e+00
1.087477560860521830e+00
5.335581277591868066e+00
4.188869631522578629e+00
1.601843426019610828e+00
1.327271761082984058e+00
2.091779767765382214e+00
1.026121656865409904e+01
8.663074725635054207e+00
2.648751074673005856e+00
2.604156629518926458e+00
1.568692042013900778e+00
1.342914769070765901e+00
1.080533980638242131e+00
3.490091927945651484e+00
1.861939431490877483e+00
1.938959409659072097e+00
5.236752670479739358e+00
3.012552278674677009e+00
2.707478892306935059e+00
2.982615084156866381e+00
6.159251358492470185e-01
1.588382638647968026e+00
1.674745111890893590e+00
1.207239102034026734e+00
4.607270765913253463e+00
1.666627894591216741e+00
1.335526631454528879e+00
2.592256622683445144e+00
2.008764858922522656e+00
1.639725929370210222e+00
5.488360389214797408e+00
1.561326693054902792e+00
1.117676017062079863e+00
2.921150181635697063e+00
1.497940473181438081e+00
1.644481268120525641e+00
8.554026362257287630e+00
2.390618009665198773e+00
4.531953369437895507e-01
2.130472114592065314e+00
2.439687588387837280e+00
6.583192029923673694e+00
1.736240468525914959e+00
1.486241288646897862e+00
3.321369932095048050e+00
6.710069604988608383e+00
3.870424068245197802e+00
1.472979573787281948e+00
1.397648520305418307e+00
7.338411669852668240e+00
7.804717851550749153e+00
5.835309659912539804e-01
1.041082256293481834e+00
1.084794215449204735e+00
2.327960339655797295e+00
4.330494703240070464e+00
7.511450184503317695e-01
2.124049963263625163e+00
1.036587005941897122e+00
1.506676454011599553e+00
5.674338902221045533e-01
5.723924976832378775e+00
2.079849392891198079e+00
2.400143678771653910e+00
3.054373582986951163e+00
7.791466811160274730e+00
2.621233486196963725e+00
1.650267490731530007e+00
1.213679539273912145e+00
1.529597542838504687e+00
4.176356833351955622e+00
4.646649386414666516e+00
2.372054209320675788e+00
3.080493155420491735e+00
1.395660623588445892e+00
4.294953757133456840e+00
1.866655735898510748e+00
2.989077529820380441e+00
3.200453777525701593e+00
1.127518261289759627e+00
2.001162270976709401e+00
1.023377972851700868e+01
2.802963103562813085e+00
1.696097605315374235e+00
3.425387752299961175e+00
3.252470325817729879e+00
2.038468399761542038e+00
3.674543052606775273e+00
3.448730906245272898e+00
4.718557289939985466e+00
3.872387265144437318e+00
3.236896483385867995e+00
2.986287042311592810e+00
8.629694763988244866e-01
7.253565089553309919e-01
9.807345209364626282e-01
2.118315760890717492e+00
3.009925630777137595e+00
2.772074607557043269e+00
2.467621840329155880e+00
1.837378430178834954e+00
3.260466545246908154e+00
1.328121942129922184e+00
7.704926693195559562e-01
3.153685475337487443e+00
2.534930452667959688e+00
3.942784456536761351e+00
1.676048839760176268e+00
1.042188880968004216e+00
1.101477413036223485e+00
1.480568891625724470e+00
4.080384843701610365e+00
5.542548558779492929e+00
5.202803345915376632e+00
1.568798236757424913e+00
6.343328103029739484e-01
9.213949169160767783e-01
2.020417420988606327e+00
2.220364725500594272e+00
7.383497133804112877e+00
1.910985412313759735e+00
7.107803492390120104e-01
3.279172242508491930e+00
4.013739630500482991e-01
1.169200922519655794e+00
1.813521996362100985e+00
1.456217056409522037e+00
3.609476230843739586e+00
1.631980292845079283e+00
1.140215445668466332e+00
1.310648167363775984e+00
3.155879677150827956e+00
1.533811256494215680e+00
6.821406482799912130e-01
5.722906751972217876e+00
4.678723379771929203e+00
2.578316530841946008e+00
1.858663724181375931e+00
1.734435174601818952e+00
4.998415032645746159e+00
2.059666296203865432e+00
8.766302311943421355e-01
2.210527217646219622e+00
2.379936040001682684e+00
2.737431908136033432e+00
1.468103453041095463e+00
1.891291385781749712e+00
9.385865797249445253e-01
2.475990058971551999e+00
4.209484402435490047e+00
8.097539358099856699e-01
1.983870752576449181e+00
1.049736033755030773e+00
4.918169893714206431e+00
8.434000517152586696e+00
1.434294485916531636e+00
3.013777929043463200e+00
9.554463199623013381e-01
4.216459447338376521e+00
2.001624559835990080e+00
1.446555810149826149e+00
3.719545809517240453e+00
2.809780331866432501e+00
2.835639577779047737e+00
3.497961823252566216e+00
2.132937428248856460e+00
1.350157615417081569e+00
8.892424700394172543e-01
5.099759902510052179e+00
1.648915508388593798e+00
5.175064260446495812e-01
1.348772618098169618e+00
1.084869742615918398e+00
1.716393658511201181e+00
8.747036021303470577e+00
1.922466295227867272e+00
4.918391468557150148e+00
3.249544917539417543e+00
4.509683160961122539e+00
2.292329957079719538e+00
1.127325416839239480e+00
8.489522170625536379e-01
3.057679370237756711e+00
2.767978427939784325e+00
7.281747786536035827e-01
1.632848381971204743e+00
4.278411746031792084e+00
3.656341195519571485e+00
1.412308630331468029e+00
6.055495850971422955e-01
2.486018140037286273e+00
2.579685813905977287e+00
4.362101834766058062e+00
2.206465083626886425e+00
1.577814119648209612e+00
2.170823397532050336e+00
1.631777845501781732e+00
4.527902644934152399e+00
4.356329351769890224e+00
3.341972813797301267e+00
1.488166538190049071e+00
6.475263523944617461e+00
4.965501517397536091e+00
4.745470963581364110e+00
5.540543740893854041e-01
2.061926031317998120e+00
7.060002010151860574e+00
2.174480660432107193e+00
2.515532031704009963e+00
5.506552257171251519e+00
1.291636942620561834e+00
1.618375600832244743e+00
1.986213613055751726e+00
3.931808961641646061e+00
1.792184311267600361e+00
5.022063935366418264e+00
2.749128680193791308e+00
2.144563562277522983e+00
4.826900463815572806e+00
1.811535497758089752e+00
2.624660632603737831e+00
2.423171488358135672e+00
1.636737288770971022e+00
1.162951069743604071e+00
2.321668287522081098e+00
3.335176521599628963e+00
1.765339206392071425e+00
5.497616802813396486e-01
6.798888850641616743e-01
1.013487733814770309e+00
2.528337463728898893e+00
4.115111731055821842e+00
7.849045845512531150e-01
2.287284429396701402e+00
1.780488183780921441e+00
2.168014451240938278e+00
1.541401210413709366e+00
2.116910012012561459e+00
3.412961479993044112e+00
1.663981002128425590e+00
3.565033886608187430e+00
1.821865259629755762e+00
5.723220437871149535e+00
7.638872032794493450e+00
1.155110518824938648e+00
1.647838067691805186e+00
1.947657855574519647e+00
1.048443759986045887e+00
1.171371886087455572e+00
1.486593870838114118e+00
5.106302633112013822e+00
1.563022442000889356e+00
1.537381900727736950e+00
2.942090384978713224e+00
5.477011375195197651e-01
2.745452927779497454e+00
6.368982896892387835e+00
4.248352639301128164e+00
3.906133769625599772e+00
2.887501609701294214e+00
4.878020716163252724e-01
1.176035390962427929e+00
2.056069051943732351e+00
3.510213956888099229e+00
8.561202873817853609e-01
3.144891563068509033e+00
2.017496482617211928e+00
5.184411793568263427e+00
7.015894830112135772e+00
2.427291486612574101e+00
2.271227602732146522e+00
1.026313096377602152e+00
1.883508179485267053e+00
1.359210001833062620e+00
5.301814918666377663e-01
7.615027917109251199e+00
2.447747701047039648e+00
7.756354626170496314e-01
1.842789739970688734e+00
1.498002148979077353e+00
2.873763094869333123e+00
1.770712000176755341e+00
2.230700729045107522e+00
1.511472178015058621e+00
1.913484766505242796e+00
3.579561437499588106e+00
2.702421788324624430e+00
4.820189268232842217e+00
3.058917907134230507e+00
4.899666250127122424e+00
1.496333217074148125e+00
2.250290356688995796e+00
5.094803640047492088e+00
2.204771449061680766e+00
1.028284559483757965e+00
1.306036348201074837e+00
2.939368732903367754e+00
4.829209616748596723e+00
3.783613111306491472e+00
9.447221412599743351e-01
3.085674789162034415e+00
7.307908815460038454e+00
4.392496027210257559e+00
2.813845528394051332e+00
4.401913799577023667e+00
1.420810535262857499e+00
4.875298556477444256e-01
2.509536134368352212e+00
1.097316870241646258e+00
1.920285154979406439e+00
7.125563361693619591e+00
2.581167139854067205e+00
1.726091541374226157e+00
1.836543651858943749e+00
3.927380139792211011e+00
1.990893389439584160e+00
1.852562506596447722e+00
1.793257284284275554e+00
1.818216349399136789e+00
1.624487744545148882e+00
2.880895047698740274e+00
2.977320070740260949e+00
4.893051832466457363e+00
1.962122589040251830e+00
1.800805915167475346e+00
2.207682608537843816e+00
3.907105481963366600e+00
3.528539643836181128e+00
2.610234020861024185e+00
1.053140441130271832e+01
8.490384159400150565e-01
1.297458441984710831e+01
4.663285771541343827e+00
1.580663612610734958e+00
2.082553936163977326e+00
1.165160130233231062e+00
9.754125308907068970e-01
3.515211640410418781e+00
4.576536489239997785e+00
2.188031916351424133e+00
4.776259041391355709e+00
3.326860817809822901e+00
2.359998586237401330e+00
1.067979360538039657e+00
3.304841584337614879e+00
1.498684378179814258e+00
1.082025979415393468e+00
1.370179570678034864e+00
2.134430170646309577e+00
6.242543960304017148e+00
2.336240075485194634e+00
2.507887740655213360e+00
1.240719878090076778e+00
9.656135647546261191e-01
2.795348914293662279e+00
1.497924331466756742e+00
2.543255560454239728e+00
1.557874838283728192e+00
3.582201567690772581e+00
8.057540295228385219e+00
1.418299294864006299e+00
1.604732783271171526e+00
3.172058530632972939e+00
1.524727565443804722e-01
2.118731739756147814e+00
5.379115746601780934e+00
1.681128895687592717e+00
9.375170854811769594e-01
7.594762380100944510e-01
1.091588563542642998e+00
3.288965744001220770e+00
3.822120848377673852e+00
1.337674501244540570e+00
1.889696388856765275e+00
3.130735119177330272e+00
2.028848238478350829e+00
6.567196219186514083e-01
3.091602083120531308e+00
2.774504640127754662e+00
3.179960279222335817e-01
9.788692929123657960e-01
9.083023441272990439e-01
4.249523082003483943e+00
1.228756918785077534e+00
1.681730068762489871e+00
4.884469644623583129e+00
1.067804143267302219e+00
2.124814294042259633e+00
2.296338264469024004e+00
2.838136313967566604e+00
2.403774815133344234e+00
1.952149228091398347e+00
2.168836824036584510e+00
3.068451043617198337e+00
3.535766625937512231e+00
3.243236884129650388e+00
1.468323070558700927e+00
5.447559393436697261e-01
4.791854387739892474e+00
2.046272503415135446e+00
8.054062094837464159e+00
3.411597141030100477e+00
3.023712859992599977e+00
2.194723140651349880e+00
1.538609601486199407e+00
2.580455728229674506e+00
1.203899793231335780e+00
1.661294098773985484e+00
9.088662432215250941e-01
2.218914608022585000e+00
2.180768070369621725e+00
9.692128113736404593e-01
4.306553710873701313e+00
2.261976471687506596e+00
2.079670384014176143e+00
5.569073630594428614e+00
2.091589722781023397e+00
8.457836115051469150e-01
6.697269777341475105e+00
1.258194054248492177e+00
9.354168593332298220e-01
1.673602091689778248e+00
6.003577324041430074e+00
7.023706261332484102e-01
2.169762068987029391e+00
2.872077317553143327e+00
1.219465145912286275e+00
1.607918398467168553e+00
1.951572458152518008e+00
3.839705678579810044e+00
1.511371465706250472e+00
6.317959807665400884e-01
1.087276280141632245e+00
2.457073862892087401e+00
2.540859936534437313e+00
1.067433477638598527e+00
5.293000951730901349e+00
9.895499295404458495e-01
1.566999709450607181e+00
2.104010411921251933e+00
1.595221390752818547e+00
1.857792551128317315e+00
2.658807771082504878e+00
2.726193871842354177e+00
1.219883746227701904e+00
9.361414858462525634e-01
4.275206468165417384e+00
1.563374742944213303e+00
4.961452494683391556e+00
7.564719951230830519e-01
1.099206925350574515e+00
3.494387424959110700e+00
1.778150510634379344e+00
4.817594358859543568e+00
1.987600865124123040e+00
4.528986454610306467e+00
1.087982349795190151e+00
9.394019580567970706e+00
2.182346193233520193e+00
1.693692687052760881e+00
1.115456274597121267e+00
3.916892451847105772e+00
1.278383094430929345e+00
5.820546177546547462e+00
1.515760597477324945e+00
1.108889869140190276e+00
3.521276547812525859e+00
4.636448416222131996e+00
3.073479551195613002e+00
5.289003048223590575e+00
1.138543431897416580e+00
3.238463587362077956e+00
5.295549717684305824e-01
4.543628373314188451e+00
1.875345244145675050e+00
3.397305829058137050e+00
1.172422136859490482e+00
3.350791430452297437e+00
1.166608429333018337e+00
5.547044753818519247e+00
1.989119584180530254e+00
8.346232768887974274e+00
7.529818748364492720e+00
2.546231410088506397e+00
4.964180268808561003e+00
1.204876652640567869e+00
4.335858704341297276e+00
8.006817781947284107e-01
2.054469933848162011e+00
4.650545304698272986e+00
2.349426400881610810e+00
2.014850453227086113e+00
2.619994983513030284e+00
4.190964143452433177e+00
1.047649233537848801e+01
3.702252466501306571e+00
3.691859367456860053e+00
6.781074285609753005e+00
1.273865667669299429e+00
4.094213217425786588e+00
9.347497867886435330e+00
1.470288659224142203e+00
1.542796187279340092e+00
1.040589220799954440e+01
3.817418192757189743e+00
2.269605420332139190e+00
1.073217590658970044e+00
2.312567008473175090e+00
2.828765910528364902e+00
3.181245419650499784e+00
1.517312225620651489e+00
3.896503747566095299e+00
5.830294986663716372e+00
1.594545256525593313e+00
3.027500347759230603e+00
1.717537487052605227e+00
1.448903192873422618e+00
7.179436740553637897e+00
3.854001447002609826e+00
3.855899645394935238e+00
1.137102184168413022e+00
4.960673333972178689e+00
3.194615225320075691e+00
2.421703876701246205e+00
1.487411110820304305e+00
7.804026705181628998e+00
4.054515102331438747e+00
1.275071591844583851e+00
4.837797580281523402e+00
5.533277037131301146e-01
6.851087382771114953e+00
3.048152295723717486e+00
3.253381674045376926e+00
2.497115769109696348e+00
2.073693229279615746e+00
3.819390270127229314e+00
4.504905181873309239e+00
2.664472684342759745e+00
4.144006587398523678e+00
2.238749754340623177e+00
7.966573641342765910e+00
3.140446027150594954e+00
3.076601904817613420e+00
7.281141575593195192e-01
9.427240354911619491e+00
3.700202604883863877e+00
3.238919029310264985e+00
1.008367145290288036e+00
1.593313544385296598e+00
5.755839519692499628e+00
1.523177003543734420e+00
7.320119964637495924e-01
9.067768014710301250e-01
3.060579087616624783e+00
1.172235334924369043e+00
6.796762124010300443e-01
2.819612216288485573e+00
3.794848959558821733e+00
2.080790563576342844e+00
3.663189655461095207e+00
6.911529391459365623e-01
1.599478054463679522e+00
3.218706478300808360e+00
5.364813365702915782e+00
2.014723977087365281e+00
1.464269898993435293e+00
3.904370919324114730e+00
3.050158759934928465e+00
1.153848867166959336e+00
8.579264172539645683e-01
5.894240640875164416e+00
2.306206910509823516e+00
2.307069329424809467e+00
3.671858473656376187e+00
3.894303128723920704e+00
5.290556906378434121e+00
6.225651158016120013e-01
2.169804715982301513e+00
8.053411041853527630e-01
2.750516335998125950e+00
5.324703765282376544e+00
2.423373614149069155e+00
3.500999420164474962e+00
4.089192638769345578e+00
8.399349121186430622e+00
1.354247111156427597e+00
1.397514626169277685e+00
1.859944290073189288e+00
2.057414045155602000e+00
3.641748710749762363e+00
9.099980600441785583e+00
2.737222401189918219e+00
1.818201573627131307e+00
2.770392223208340887e+00
1.242009772478160246e+00
1.070210196590139606e+00
2.148280183987844705e+00
3.276709081605177598e+00
1.447044578841366169e+00
5.009460984033701436e+00
2.045841659298297976e+00
3.019076242859294990e+00
3.130338403093310795e+00
2.524754126153863965e+00
1.110466875460970559e+00
1.043246637036720159e+00
5.564391091874003159e+00
1.495955445499399294e+00
2.218869256042987459e+00
8.700236763006788721e+00
1.981734503554387183e+00
2.274764238886219925e+00
5.165705847717813270e+00
1.349623648253898134e+00
3.177584137050854629e+00
3.388679463055319196e+00
6.554657600243264604e+00
2.700819195880630019e+00
1.223938086419989579e+00
1.834156733217560564e+00
3.259743753078642392e+00
2.662957804758740110e+00
2.180881953242174820e+00
2.589934078789486005e+00
2.849797587755202866e+00
1.317862197324503715e+00
6.140660960081777420e-01
6.087570695849413127e+00
1.758858069440808469e+00
1.146926373248912334e+00
1.105005656935007607e+01
1.264739199662161084e+00
5.081384778722373596e+00
9.537751123026199096e-01
6.826685681693995811e+00
4.550798366559575925e+00
4.593057741845661290e+00
7.535314600396997520e+00
4.064973818174157927e+00
4.126314039229061592e+00
1.001687473448660270e+00
6.064843732912111207e+00
2.315401129004690528e+00
9.785719681142509563e-01
1.998889488951425264e+00
9.588350466048487508e-01
2.211891324327197594e+00
6.491781351462801997e-01
3.325580768750048044e+00
4.332067584444637687e-01
2.000946383948297047e+00
4.695530485664341391e+00
1.534510811378655193e+00
3.688923785622796547e+00
7.219320902335662815e+00
2.609959951578673998e+00
2.651499732430660394e+00
1.063559094330686960e+00
5.621586215360134808e-01
3.001488234385368159e+00
1.709103233563138868e+00
2.370923545165765756e+00
5.457806872105130935e+00
1.656012655462636429e+00
8.058785640111629789e+00
4.286621150240373268e+00
3.130933469316139472e+00
1.671873544852457538e+00
1.120095985474386602e+00
3.184704490844997515e+00
3.235460966743672007e+00
3.777530003404983017e+00
3.605234926267346651e+00
1.237109191111936068e+00
1.216820754829618600e+00
6.554773739401962285e-01
9.689003515120770960e-01
1.715359303789099066e+00
2.144992852185165333e+00
3.081660754736450070e+00
5.691518042869646798e+00
8.259098379972444448e+00
8.530298414341849877e+00
1.929161922976289745e+00
1.662998859311721978e+00
1.106488560810048094e+00
7.035971329183866807e+00
1.388850545435222683e+00
4.085922383929602830e+00
7.765757546779147980e+00
1.976176871787267197e+00
3.782877152535603305e+00
3.103404401606992824e+00
2.489342019646408222e+00
2.710151154414326413e+00
1.774603828664059302e+00
2.044258047981421189e+00
2.004139594384723555e+00
1.222563270820326764e+01
1.971766327764497451e+00
9.502835606764590271e-01
1.588577127728610483e+00
4.926771325723592887e-01
2.284101589086215522e+00
3.053162372796371038e+00
4.882228145808847231e+00
2.348476001480571451e+00
2.481184742380912134e+00
7.811807484829027537e+00
3.817820610696331385e-01
2.984835698794703340e+00
2.417378582565807399e+00
1.216281130994443904e+00
5.617571634322542806e+00
3.153812507676435395e+00
5.713266538114146975e+00
1.397108081736473384e+00
1.990190425557242904e+00
1.772935569466490335e+00
2.521333387752974442e+00
1.311721839586247773e+00
1.132268731036914566e+01
7.861805489915304479e-01
3.624500136681845230e+00
2.919207018058363801e+00
1.712504685407017835e+00
2.112438769962297958e+00
2.885902679103140134e+00
4.417300550268470793e+00
4.423621684370877105e+00
3.886048593596236334e+00
2.639119670224904901e+00
1.807259817071537489e+00
1.231734577725425384e+00
6.052067030880368126e-01
8.631400157458525291e-01
2.949893374590718320e+00
1.835084273053743331e+00
1.668975274356095051e+00
1.164964445546397220e+00
3.352445922574859072e+00
3.081119773664868777e+00
2.705139380681650163e+00
7.100331223491471277e+00
1.781667456766680591e+00
1.628267755291959551e+00
3.002886468473202619e+00
3.305397159944598595e+00
1.177295795862849825e+00
3.406646777950290250e+00
5.540965388350471699e+00
3.496545887089665072e+00
1.793008861530059450e+00
2.361905605301877209e+00
5.245391405866735468e+00
7.691893309640352783e+00
2.192513800824019032e+00
1.053025956787520201e+00
1.937504865542683197e+00
1.446344524169605128e+00
2.880971415215057174e+00
3.498752057241363733e+00
8.073500821681564688e+00
2.004099343056826577e+00
1.363840413911417970e+00
3.557791412183706203e+00
1.866667388868616939e+00
1.997387572216687612e+00
4.242980285543439756e+00
7.226133361676659872e-01
3.529856330495005690e+00
5.275123883991322593e+00
2.720879141538461443e+00
3.614125309059470936e+00
1.904876841297685752e+00
6.404760532474358392e+00
4.685546067069807918e+00
4.559537431403948737e+00
2.599633207655724920e+00
2.918179276105782538e+00
4.922107180481825495e+00
1.968165562376235300e+00
1.036706310037699863e+00
4.028517531613721836e+00
1.230785851705985090e+00
3.771503725387902239e+00
1.650949176040523936e+00
1.001226944368854621e+00
1.916143102848185897e+00
5.420034822047667955e-01
3.504055377483419775e+00
2.949208269545098293e+00
4.725666034651430536e+00
5.493857459412494038e+00
6.335301771398017534e-01
7.874062923670441805e+00
2.166901168884943107e+00
9.994017233710314585e+00
1.029970297384768640e+00
2.655463186952518040e+00
2.110278519155768695e+00
8.882270067360882315e-01
1.689606960781413481e+00
4.181834072755100884e+00
4.255649284398244525e+00
1.683894750748345714e+00
1.259909489335698352e+00
2.384744262759756595e+00
1.025432719151114558e+00
1.096464619790917361e+00
1.631584074982682875e+00
2.484854987161874806e+00
1.952926174946718829e+00
3.281762846174459458e+00
3.170846051082284234e+00
1.130504143029270381e+00
6.137699966818589203e+00
3.128558485645235976e+00
1.464899793431768016e+00
2.190092781131296462e+00
1.911030445460097926e+00
4.348087748707111011e+00
3.929734115189404964e+00
5.242229569270306477e+00
1.890034414180016276e+00
5.191434538094567008e-01
3.362839592822398416e+00
9.618565482447547499e-01
1.240358567453452387e+01
8.644945418875778387e+00
5.282535466671031799e+00
9.788439279643622593e-01
4.670657425560087006e+00
5.280365909226548027e+00
4.799481682685748041e+00
2.986420775570203912e+00
1.736808398781642504e+00
6.358119106472119419e+00
1.949703385712089121e+00
1.011461159126275655e+00
4.589847402667704301e+00
1.307643977403038837e+00
7.556462754989886399e+00
4.167864565360340556e+00
4.960636574562376389e+00
4.614453520106045481e+00
9.766184379360319801e-01
2.452390483678982935e+00
4.045021882913386047e-01
3.520872160065839918e+00
2.780901267312367864e+00
8.422020351588034970e+00
2.097596991270285649e+00
8.687459402789926344e+00
3.771811649784866383e+00
3.840335104590021587e+00
2.604840886135891154e+00
4.148809256064228679e-01
1.700571361210771348e+00
4.805942072523576414e+00
4.853500902015592811e-01
5.747317562568921012e+00
8.350779243113866102e+00
8.812394218350398933e-01
2.244373782364045056e+00
2.538588252246773536e+00
9.539324140936994434e-01
9.353230164423012027e+00
6.427293884107240451e+00
1.803488879581573556e+00
8.449464503174159091e+00
5.114190510585525651e+00
6.005956196336259545e-01
6.368798907651717078e-01
1.271133513399139936e+01
3.277492007417956543e+00
3.182327711163181583e+00
5.399579733002425108e+00
4.993816433137024724e+00
1.084602097590701808e+00
6.352844792900672610e-01
1.129947032208703961e+00
4.258169871716837029e+00
1.836055509163139199e+00
2.498276851597179160e+00
2.227782970276412922e+00
2.179463743567979339e+00
1.239828481085548262e+01
2.147503256136447547e+00
2.030455493104831088e+00
3.323578809699205383e+00
2.293571662302793968e+00
1.335353242831827636e+01
2.125116079734592489e+00
1.374559373136412743e+00
9.253891560735184596e-01
9.704074528425527646e+00
1.524576979681946387e+00
1.529963387803654040e+00
5.614502980498294882e+00
5.269257458741305467e-01
3.692202351584880304e+00
1.068188559264397375e+00
9.196721281223447786e-01
5.163781955760871512e+00
1.232770209480804402e+00
2.382781220552149914e+00
3.419493510427368044e+00
1.136095573952710547e+00
1.623414760162297688e+00
2.930116180788810976e+00
1.087598315604074273e+01
3.240460360119438388e+00
1.524272599007266749e+00
1.859459638851353347e+00
3.245229612201967484e+00
2.999646289908914465e+00
1.609161967119895120e+00
2.149716489976276623e+00
2.127533234476984614e+00
9.530999641781352505e-01
1.939429197285873929e+00
3.065080681502033944e+00
8.358364608519998074e-01
1.419625095014829474e+00
1.558736751580045876e+00
2.221621222000004003e+00
8.598017064057665859e-01
2.803332228062596965e+00
1.128348374391908937e+00
9.557894263754604935e-01
1.634317839441663534e+00
1.921956984543651048e+00
1.450028285061746081e+00
8.889182916028771642e-01
1.798234659054066320e+00
1.690888014061670219e+00
9.127501625104363914e-01
1.377258095803669258e-01
2.260260470825351753e+00
1.155497000747501168e+00
1.423039373435046384e+00
5.228772264024383887e+00
4.936159756097796003e-01
3.986947529484051067e+00
1.205282590844654944e+00
4.986348230164944439e+00
6.873387450444085722e+00
6.313038957981398358e-01
1.531542383699549426e+00
3.981576479292510129e+00
2.487197509281214636e+00
1.444127974349596055e+00
3.214210617713945783e+00
1.955291447372748292e+00
2.798985050634893224e+00
3.943551106126522043e+00
4.412999841976463777e+00
8.068488097110850799e-01
4.902710963520938714e-01
3.748773435375095442e+00
7.761933278848255569e+00
2.729736568874913782e+00
7.674432513411512780e+00
9.661589545015975000e-01
1.833424817079319924e+00
1.213054579962696389e+00
1.043173818720674939e+00
1.681402201516796202e+00
3.559517850751775736e+00
4.120618526461870879e+00
1.264902341723596724e+00
1.598069654219799851e+00
3.254030614873606009e+00
2.024012489638548296e+00
1.684834309477313052e+00
1.657734515531205766e+00
8.897528414236573369e+00
7.600299875190412724e-01
4.666921769140423670e+00
2.050162788711399564e+00
9.838052682910196634e-01
4.321340855476322851e+00
2.079718346915721661e+00
1.904048931136984368e+00
1.385450981899021272e+00
1.043444873547661800e+00
3.805734693329388962e-01
2.480310663717081532e+00
3.946892669735933890e+00
2.950391740468898405e+00
3.690599778035837719e+00
1.138522460397650038e+00
4.618166729685609373e-01
4.533469261134583483e+00
1.889499992171918663e+00
3.002920872212001768e+00
3.115881844374429832e+00
7.732117618741034537e-01
1.369278815901455948e+00
3.704779217983081629e+00
3.193151689524502679e+00
2.643891213709800070e+00
9.791398936112828411e-01
2.597035116366881002e+00
7.422094418140947170e+00
2.755226869881743923e+00
1.342445572726412628e+00
3.212684946273541176e+00
2.261289629303042670e+00
1.789836842265610128e+00
1.263675144525679972e+00
1.040282573953217327e+00
9.564345465774233279e-01
3.741711556202271804e+00
1.484705334695001877e+00
2.355698014886550506e+00
1.416733297672723157e+00
5.378998366182337065e+00
3.332497311450388633e+00
2.871960945242945318e+00
1.726461539218810071e+00
1.993345810207159952e+00
2.487210031423424006e+00
2.787372385010758791e+00
1.231589781576995168e+00
7.571045676617982778e+00
2.468815065288859412e+00
1.344710771528131676e+00
1.984017665872826797e+00
2.197307261221273400e+00
1.841987377844657159e+00
1.638354557344462892e+00
4.965334534447573667e+00
3.054090449378672467e+00
3.673427434287221960e+00
8.124321926401918859e+00
3.847620837056758836e-01
1.120756000295255017e+00
1.161512144195902430e+00
2.284770742944350008e+00
4.122242927327532946e+00
2.178767426415209929e+00
1.410063998624726311e+00
2.120748158822124196e+00
3.459278745947392153e+00
4.695828457922975652e+00
1.277264616580384704e+00
2.711415183512560390e+00
7.626689894078992893e+00
1.654207684977057280e+00
6.803784924406119927e+00
6.302472360689900022e+00
9.991867024878472447e-01
3.530977369161581780e+00
8.941887958708153450e-01
1.425008597982552194e+00
1.619702722908102244e+00
8.991842550959140423e-01
2.742361199713358122e+00
2.383051512236238789e+00
2.279729396069058556e+00
1.487794766142260361e+00
1.273262347905374181e+00
2.086972917649474013e+00
4.933491975993566925e+00
1.189449791752260399e+00
2.469005639037636701e+00
6.162852944800535360e-01
4.941453926895206905e+00
4.490129763030632049e+00
1.481301597182677732e+00
7.540919833699119224e+00
5.754394080725925065e+00
1.627312775136354750e+00
8.197565346403026254e+00
2.902080530449174134e+00
5.003268402122150071e+00
1.398888252569685076e+00
8.741719747182893130e+00
7.406297904930581044e-01
1.867385113912299888e+00
6.032789313510050766e-01
6.721365509297117846e+00
2.122612731688079180e+00
7.552702436793753193e+00
5.995125262920958598e+00
1.609982286521917327e+00
2.562081953215873398e+00
9.531350651370966709e-01
2.818724843529333945e+00
5.372863383825610128e+00
9.360193492060862042e+00
7.250957608920747255e+00
3.078083771983606276e+00
2.865678058015399543e+00
2.477172877243129179e+00
1.150354955436209803e+00
1.800437843804366889e+00
1.475466220932217132e+00
3.512247008929649361e+00
1.598511623942467708e+00
2.595787363138617909e+00
1.262514224871627233e+00
8.627675031442805675e+00
1.214330100361283860e+00
2.256468601013180031e+00
3.113541349419218118e+00
6.093114475797595020e+00
5.561482543252574295e+00
1.000615019295991637e+01
2.694128258384556052e+00
1.051027334878998243e+00
1.532983579632708704e+00
9.434835713045787164e-01
9.903180202843533397e-01
3.370688439721582164e+00
3.809941819201525526e+00
3.660378196879922608e-01
3.591620864812128833e+00
4.600727575137148584e+00
1.740789820894912410e+00
6.657554377221026165e+00
3.463531247127076274e+00
1.169712778955532162e+00
2.845711244774986159e+00
1.160410970132448982e+00
1.812801248091791217e+00
6.008417294239095874e+00
8.751308677080252840e-01
7.247480643219373242e+00
3.350716314411776420e+00
3.121281007342918024e+00
2.006870403089528576e+00
1.394438748737054201e+00
2.087812790761675252e+00
5.646448610681702895e+00
6.300103549391031343e+00
7.836075697914341553e+00
4.304106344342877755e+00
3.124036862854884689e+00
4.076123102789212638e+00
2.729381846393382105e+00
7.564782499618722511e+00
1.138757100675735101e+00
4.842594430177092235e+00
5.702615237491017730e-01
3.498670828186575044e+00
4.130212775597676966e+00
6.756105811795477756e+00
1.750777817458311958e+00
1.476161695351184910e+00
2.446828806965530845e+00
7.511580043261187001e+00
2.786474404820832973e+00
2.455374862540937730e+00
4.317010951822926934e+00
7.574643502092032854e+00
2.170865926191435591e+00
2.120221028181763057e+00
3.386565402408597159e+00
7.894847353627569397e+00
1.101976818047833984e+00
6.842004207261132898e+00
1.863593435800177334e+00
3.400030696219429327e+00
3.981184825426173024e+00
3.786324703668766389e+00
4.291436578618347042e+00
3.187484291620300780e+00
2.270649823806834000e+00
2.115037317986508736e+00
2.382454743774959915e+00
3.391923262119706628e+00
4.458492945752512426e+00
7.473838227994370476e-01
1.689954527419473163e+00
4.826968231444443980e+00
3.501274715744385535e+00
8.184269262372683151e-01
1.393190184144714738e+00
3.315349605283409939e+00
4.682299903690929632e+00
7.716646537399200589e+00
1.019988619164862165e+01
4.316330989015783715e+00
1.631860563998648983e+00
3.000249396675731983e+00
1.435304232353068477e+00
2.078129484995356435e+00
4.978035385946558478e+00
1.809886018967558297e+00
1.681935409208293208e+00
7.091718725719809768e+00
4.807279920490226677e-01
3.321216826969771940e+00
5.827964864742437356e+00
3.780267062114240240e+00
6.648453579628430532e+00
1.845533380749558194e+00
3.022909313334893877e+00
2.116340183564044519e+00
3.634066062627423044e+00
6.674555606137880126e+00
3.369151633527589951e+00
3.362580101721071912e+00
8.646510023915590093e-01
2.858840577349746059e+00
2.835698604378478649e+00
7.220362589793797303e-01
2.663806962021397773e+00
2.240626374574454349e+00
3.235637364511923408e+00
8.455855343587330708e+00
8.443445033031434788e-01
8.421351087233162502e+00
8.739555822864140566e+00
3.439289132829012718e+00
1.221189988303663432e+00
3.218115753069497043e+00
1.669270884497469964e+00
2.573722579886672968e+00
1.380561886605700117e+00
1.540238825346149198e+00
3.099324861215287719e+00
3.052567987834263530e+00
1.552890170108042200e+00
1.471971925034950113e+00
1.303763918514066367e+00
1.120682377359438986e+00
1.877706421586489149e+00
5.795769350220855820e+00
3.681155035627383665e+00
1.749199030661678922e+00
2.338378404402425392e+00
8.094167757474982849e+00
1.751244007828075766e+00
8.297026677902172853e-01
3.636383332772528121e+00
2.100204822237538238e+00
2.910196545557359737e+00
2.094021916650088688e-01
3.709310996115054326e+00
2.230846530996071664e+00
2.510382360975915272e+00
1.841481682681520793e+00
2.036735068006278571e+00
1.947061879550919583e+00
1.304140045790450619e+00
3.975180176939159704e+00
2.899234889630351475e+00
1.105687536231976242e+00
1.420499463473641866e+00
9.731747844033714623e-01
2.111595727118965815e+00
1.019719122860877070e+00
1.448794363820812947e+00
5.794973071328880287e+00
1.772115974606799149e+00
7.770327570607259426e-01
1.336826731160876358e+00
2.158383057121683990e+00
1.928728993628891830e+00
2.300732597743989860e+00
1.012681410161006434e+00
2.118658705389403263e+00
3.042496244712298736e+00
2.926680073168279606e+00
1.103861250184952070e+00
6.845374694611749966e-01
1.583416651764992134e+00
1.997586005940742204e+00
9.896388543752316025e+00
2.388013642624710720e+00
1.675867586545763066e+00
3.227313108375857720e+00
3.984834479416934805e+00
8.728285138989987368e-01
2.688446084692907245e+00
9.379700897753455724e-01
1.476284555827166667e+00
2.941580234857887888e+00
2.079848348239302869e+00
7.155795043246999221e+00
2.704919099883719813e+00
1.738960369765015779e+00
8.560755283283173256e+00
3.217808550738565199e+00
3.359782832490291415e+00
3.566072560529870206e+00
1.980006214559189015e+00
1.988087080809975760e+00
4.874019237638809621e+00
1.996646753043797018e+00
3.587477981811624250e+00
1.523027875271515397e+00
3.564307366123498078e+00
2.369123577850051454e+00
7.353319354014715259e+00
1.343745535556788795e+01
1.403783971769793082e+00
1.688437959681112321e+00
4.162029821217940295e+00
6.831546058032480495e-01
3.326089350996479066e+00
1.568234192072412991e+00
5.175680126130130176e+00
1.454903644408783503e+00
5.507351615425672975e-01
6.271083263597142299e+00
7.656377640597300527e+00
2.986536539717343341e+00
3.752870583932736093e+00
5.572900375311482080e+00
1.427124298497950194e+00
1.323066756469238436e+00
7.404497107867693551e+00
4.499851008661346796e+00
1.307581392484120641e+00
3.640328555511048059e+00
9.173742445647885546e+00
1.807655704253735340e+00
1.425401817873743537e+00
4.072954658411378048e+00
1.741071563804322153e+00
1.072824334969713744e+00
2.196538024685648516e+00
5.361276710992082251e+00
1.893192984225923636e+00
2.249792285165647332e+00
9.739839664717226952e-01
2.030647645993718609e+00
2.453195108005174152e+00
5.557038333548993236e+00
2.286378279487728538e+00
1.905909574860846556e+00
1.680762551813455685e+00
8.033682250233337152e-01
8.776667553672040656e-01
3.133771776517169982e+00
5.066758938625501862e+00
2.099597009793374269e+00
1.970214114868329647e+00
2.459783334291508750e-01
2.660306215947812358e+00
1.468917843627834285e+00
8.454556188090007751e-01
2.416002528137183969e+00
1.637970411498314682e+00
9.948428500792184437e+00
2.809665525746857462e+00
1.292349797864155603e+00
5.835271096922900469e-01
3.603266411536467650e+00
2.889707263773277024e+00
3.416039609550388878e+00
2.230100286176551538e+00
4.460197090530427566e+00
4.776166390261009642e-01
1.731358892920139558e+00
1.245969327707211249e+00
4.968646440570000600e+00
2.531085377052959551e+00
7.970411289061546611e+00
1.803222225730620520e+00
1.247087559131923484e+00
7.504934939835574248e+00
2.509621866821683422e+00
6.755338642283470474e-01
2.070896673279824185e+00
7.981630409100690215e+00
4.782364938656587405e+00
1.074056571931343074e+00
1.701905300676977983e+00
1.609873371761591843e+00
1.408578240536181747e+00
5.165916913987643966e+00
9.650040124413463261e+00
5.436435397152364679e+00
1.527786517470891781e+00
1.744781682229883391e+00
2.583182883091846627e+00
2.596090963389555473e+00
2.812423159449458421e+00
2.777719907377425468e+00
1.606969749594334695e+00
5.436207875829721647e-01
1.795017103789852353e+00
2.806243108823881727e+00
2.910641963144050326e+00
2.517406668822419480e+00
1.226856190296202742e+00
5.112017684178097987e+00
9.113065022252209157e-01
2.854342595870642096e+00
5.808528393942805401e+00
2.891105670891974899e+00
1.491450035088428550e+00
3.033886356532449202e+00
1.657550030823684128e+00
2.421388389924067575e+00
2.976009309430953209e+00
5.205064594758805896e+00
7.788651601486373366e+00
1.675988247529326847e+00
5.563928832391379586e+00
3.078934038807169760e+00
3.201563991045193180e+00
2.645511384236754360e+00
1.541543256055898370e+00
1.438740911351885865e+00
2.194791300271572432e+00
2.212320293933459414e+00
5.871575322592102353e+00
5.765897930398380389e+00
3.305199783218416343e+00
2.236670831396535331e+00
2.619559330074684667e+00
1.015317607495835661e+00
6.423678575630487053e-01
3.027617741994882428e-01
1.893098690520317318e+00
4.673385766627673021e+00
9.875900483486996784e-01
1.900058250627896461e+00
7.091522584022020848e-01
6.192459623035682093e+00
1.291117914217444929e+00
1.922950641852197995e+00
7.736631393246095278e+00
1.957068728998244911e+00
1.017371388226573004e+01
8.844813367814549077e-01
4.857520213029405731e+00
1.173286979473223468e+00
1.549174694251762352e+00
1.529105376509448000e+00
2.047175537619477570e+00
1.890675569220833907e+00
3.564238027262532249e+00
4.754082841853906949e+00
2.802184337072558318e+00
1.111623450877731045e+01
1.885987019208193116e+00
1.674014201789182366e+00
2.548424919126922816e+00
5.368289582988509112e-01
2.804997622301699689e+00
5.606722653055858707e+00
2.942712594613636323e+00
1.304925710109480885e+00
8.597494634987984385e-01
2.126037730345798238e+00
5.117124559928774907e+00
5.648712530969101309e+00
2.852075924519119621e+00
2.322491402600812549e-01
4.635547459253027469e+00
1.108628668404157303e+00
2.048514206786484770e+00
3.360539861872491763e+00
4.550636930942644653e+00
2.498517869562255633e+00
4.122331135166020566e+00
1.380822954605813724e+00
5.242758523772696577e+00
3.961896905924974899e+00
6.986557443964861447e-01
2.044034744407743354e+00
1.004133076626360310e+00
4.139870155981582478e+00
6.798421177805987758e-01
2.271187591690090990e+00
2.359746644707384267e+00
9.808328654547080472e-01
8.057347216128628586e-01
9.155475837770925551e+00
1.600185212727782025e+00
2.702944237754267842e+00
1.689859946741592678e+00
1.410242910121426441e+00
1.475575471473567823e+00
3.374687659535627660e+00
2.759163620745541667e+00
5.843252151591807220e+00
1.067688873645307845e+00
3.399468098421886797e+00
2.760373577120866617e+00
1.559619509277198945e+00
1.436255173864003254e+00
1.399751615720282505e+00
2.089339174997947080e+00
2.143613572592236949e+00
1.761641929251526184e+00
1.025017404221896378e+01
4.751442886845552493e+00
7.736328354891873760e-01
4.282195783294282521e+00
2.162470066860473938e+00
2.440963955790839357e+00
3.938081062251753472e+00
8.212851699629327484e+00
7.664979550544909204e-01
1.294050814462988530e+00
5.832040315069511927e+00
7.728916781991288509e-01
9.384050096176196343e-01
3.197177804064523343e+00
4.141753545592662178e+00
2.889683717474088365e+00
1.216137765910365820e+00
3.092972097681398136e+00
1.902575007886538216e+00
2.648700521236798444e+00
1.280062596470423664e+01
1.259818521205478437e+00
2.105451730090711848e+00
6.544297618591161658e+00
2.111740960249416599e+00
2.790756429134113592e+00
2.695678410586331619e+00
1.162402657677009898e+00
2.788728043724959527e+00
7.450253761314146850e+00
4.115740741692547111e+00
1.031361268422314126e+00
3.133907452178930964e+00
8.409950991540735998e+00
2.104503748704327215e+00
2.675674849368487429e+00
2.531776795667634694e+00
3.630243830760190971e+00
1.062748292675938844e+00
1.064856401937543801e-01
2.284723693256528243e+00
4.997766035476860935e+00
1.048897974735396810e+00
3.967031390218320741e+00
1.664433464285202113e+00
1.319256826148578643e+00
9.287894947014125879e-01
2.719266650401723329e+00
9.985123113107654547e-01
4.206902741407835933e+00
3.246875349832436530e-01
7.967961903978167948e-01
5.302945548482337124e+00
2.167480547448015660e+00
2.330871830630564023e+00
8.583613446005431413e-01
3.733167983863859174e+00
4.860193542992926830e+00
1.544185200361043453e+00
1.755550127118788328e+00
1.580300781491814188e+00
2.464444512476881233e+00
1.439404633719086224e+00
2.700847781709073470e+00
1.516824447530347175e+00
2.083675653982542286e+00
2.277880529425079459e+00
2.824775308252241324e+00
2.779169954891768324e+00
5.932766783217503281e+00
7.446045012679407549e-01
2.308971991528923073e+00
3.881813017411819278e+00
9.885836169048123345e-01
2.107004258567147570e+00
3.015976617936432902e+00
3.640854107733488387e+00
5.768508442561088856e+00
5.762381352907250953e-01
2.299084734348630477e+00
5.055297782443367360e+00
3.894759158001432020e+00
3.686358139263812728e+00
1.978921298098031079e+00
3.455199991587823760e+00
1.579100748406490506e+00
9.338673187543888865e-01
1.872149435957804364e+00
2.354514326404454572e+00
2.574695684766772352e+00
1.610494978635689911e+00
2.362156361568302110e+00
4.629226276250844485e+00
7.565524723320170564e-01
5.064776126183049065e+00
5.154318516855254551e+00
2.268784525056853241e+00
2.927673459159018332e+00
3.811070064146131475e+00
1.848940662407568825e+00
6.274609847443012312e-01
4.431564943818433022e+00
7.465541073807695049e+00
8.440580377406581292e+00
6.980805802149498085e+00
1.559068531682225700e+00
5.635367333279542201e+00
2.457732936893504416e-01
1.036820060459254567e+00
3.442684340406940269e+00
1.051844048193547820e+00
3.052315848216172967e+00
1.211593129159671101e+00
3.310636472402172625e+00
6.964989519918690641e-01
1.212777476827005607e+01
1.082476991890289675e+01
2.610817248631217335e+00
1.210784390211806727e+00
1.401913084070034010e+00
3.863796450277569683e+00
2.505325523728219039e+00
3.187643922148188036e+00
6.990087091719241474e-01
1.995711195263273119e+00
8.716135227684260300e+00
1.817611815482373494e+00
1.222401909796733399e+01
3.124761580843685493e+00
8.883984832910318374e+00
2.984998452288390780e+00
2.103475061350400743e+00
5.707121069918936307e+00
8.859641946864171835e-01
7.312314473214406085e+00
1.151868520313769295e+01
1.315084143510456105e+00
2.761657272035683341e+00
3.529921365648514886e+00
1.687130357804883074e+00
3.033815557083511028e+00
1.458187523727720203e+00
3.434370104294471648e+00
1.387958849254678828e+00
4.598675163815192590e+00
7.863787039930652867e+00
1.460778015337426350e+00
4.259955821531786313e+00
1.627127029571887151e+00
3.285192411767056786e+00
5.145862687310530648e-01
2.665137347383855104e+00
1.747778056006348502e+00
8.568436458891256491e-01
6.048686929518805933e+00
8.861913892843064078e-01
1.682630578505320829e+00
4.853231317751547813e+00
2.422786283991090084e+00
1.358174406943557289e+00
1.034122462334748471e+00
4.478496408413470964e-01
2.074999732951565257e+00
1.716669213129730531e+00
5.359030182778870888e+00
5.269565506382892117e+00
4.336179345508023530e+00
1.469113315397397868e+00
2.137779279173267266e+00
1.123350623143906768e+00
5.669515664718398185e+00
4.332515780519169191e+00
1.645547871343905344e+00
4.300285078439503472e+00
4.532181416661150708e-01
9.738652204688124092e-01
2.551133174310828977e+00
9.337090267363499230e-01
4.707710466480394373e+00
6.878799664948245685e+00
1.250798040705280778e+00
1.539392870494104226e+00
1.936100451170503334e+00
1.885287835105535548e+00
4.276807000382402357e+00
1.383862406012211110e+00
9.165490365088726499e-01
2.946387268622398192e+00
1.664629671980461190e+00
2.343616391942264787e+00
1.552177408032753281e+00
1.564725720506564333e+00
1.575669258415673957e+00
1.744036699540526092e+00
2.206111450971973031e+00
1.776642740445038227e+00
2.962116683263784189e+00
3.967851148604091271e+00
5.128386954307868617e-01
1.493287423581097784e+00
3.099517381752606049e+00
5.182720449897923132e+00
1.475144276011010058e+00
4.957447195576457410e+00
1.190894879135245832e+00
2.491915444356222142e+00
1.925947766619676038e+00
1.971563268389155521e+00
3.703933475950937471e+00
4.402529468297138315e+00
4.633519781101108848e+00
4.382461056475663419e+00
1.955464955677341132e+00
1.607387144543517943e+00
1.039134057752542306e+00
1.709471668101905095e+00
4.395786041607482098e+00
1.201131074032227186e+00
2.326642004705183453e+00
3.187202767147625515e+00
2.041367770972136952e+00
4.178632528482509656e+00
8.310716277135710151e-01
1.263995517139277380e+00
2.351756187480549265e+00
2.035151638103377181e+00
1.128319007528813067e+01
1.006608866953070835e+00
1.189779341734573670e+00
4.893586533233874825e+00
2.473502205497208450e+00
1.396054839434374140e+00
6.772212834823467809e-01
2.291215384549005751e+00
1.059607612119053410e+00
1.360377445635395199e+00
9.768459036659342676e-01
2.379678140007491560e+00
1.704779592610728978e+00
2.402462858428680903e+00
1.831794484236801412e-01
8.313847598427340557e+00
1.692217234317412666e+00
1.312210942700780203e+00
8.978586894777702554e+00
2.697940407297461984e+00
2.186065630397007187e+00
7.019996662837243662e+00
8.412060852544055445e-01
2.345438726131183316e+00
1.775558834039707712e+00
1.533586562480073079e+00
2.025806751940495420e+00
3.179429224329004544e+00
1.734739529742170827e+00
2.775422478549629979e+00
3.691014751309784070e-01
1.664326724514243239e+00
3.259451357580015252e+00
2.934376638446614116e+00
3.518705660494120480e+00
1.240739362777373511e+00
8.840280405720186696e-01
5.915731196863286634e+00
1.794217694132648644e+00
2.625555540540072563e+00
1.476751998074090189e+00
1.387706884576580979e+00
1.809440388197839811e+00
2.706307010979478456e+00
5.807262117836568649e+00
7.390931802127806094e+00
1.184676646117055254e+00
3.891093007951777594e+00
2.189170816045759693e+00
1.515002891260882167e+00
9.394901788710133816e-01
6.826385153827914110e+00
7.148388453414120658e-01
3.733577076328738809e+00
7.049611899914832724e-01
5.700528011927517902e+00
5.693981890258424938e-01
1.591718660683316466e+00
2.572043489728990107e+00
2.107649492158300220e+00
6.091977147598459652e+00
5.895461971473221929e+00
7.327146303175133824e+00
6.117986451899160905e+00
4.099573216631462458e-01
5.144510829907263272e+00
1.586032278863910516e+00
2.427139653429726263e+00
2.282282334997989270e+00
4.306449434951066912e+00
3.184534070056144195e+00
6.824990613024299435e+00
6.284799522067074484e+00
6.827606958096377188e-01
1.351930405971677462e+00
6.385447870497491074e+00
1.331312607482874499e+00
3.421625489373683049e+00
1.277924848675239256e+00
6.310379969299439118e+00
2.291262422586032965e+00
1.644464389872174248e+00
5.986179431310612920e+00
2.701103609310252285e+00
7.811766079422318931e+00
2.444872329435396452e+00
2.830565869641551213e+00
2.001103481333564194e+00
7.149170096811340969e+00
3.509219169935319016e+00
2.638271983476057070e+00
1.864911810269198167e+00
1.309310648685212186e+00
1.479408798000722225e+00
1.471879345083795476e+00
1.095685836151996329e+00
2.337781904331063476e+00
6.040798434237649062e+00
2.249747245471890977e+00
1.439294319843058556e+00
1.779781197686560956e+00
8.945093998977091676e-01
1.194120245288657234e+00
1.331709705733736016e+01
8.076998184095621980e+00
1.412215243194004710e+00
4.017804750133657343e+00
8.419348528196257675e-01
2.086443981684733551e+00
7.891831964071163164e-01
1.608547366086960473e+00
9.951691448655349825e-01
2.622186686904483643e+00
1.627371633729931766e+00
1.623125323567571554e+00
1.719249953136891662e+00
8.109252385198017166e+00
7.898712554592374202e-01
7.340424623388881464e+00
2.097402677138898497e+00
2.482696214087971143e+00
3.260321774584455046e+00
1.797551251419730489e+00
1.041495289060944351e+00
1.960768632874162254e+00
2.569543354170332528e+00
5.246803096942589839e+00
5.575525425419187719e+00
3.606906249205390047e+00
2.838922821462675827e+00
4.275119546264551040e+00
6.060610313355143219e+00
2.060537065451617078e+00
1.658276403115417352e+00
9.732425315148816036e-01
9.201919784727325968e-01
2.379194702949929408e+00
5.061911436110478668e+00
3.453831473086234727e+00
2.315212300845864490e+00
3.240806340118596029e+00
6.174133427514757466e-01
6.576077914367658650e+00
4.299426528902782429e+00
8.821059085425183577e-01
1.666408747920884448e+00
6.865474220234858649e+00
5.979749380081199384e+00
1.649274649035932017e+00
8.033497588565630565e+00
3.864631455618972922e+00
1.924396253260037604e+00
6.711318106168221220e+00
9.151054104684689605e+00
2.214347338568702028e+00
1.451012190099904231e+00
5.112607036385730552e+00
1.470711747936223723e+00
3.663968266450162492e+00
9.612176638004049423e+00
2.294522377255713508e+00
7.387043594777397360e+00
5.629055893423725365e+00
1.950629770269846963e+00
2.265415904937722935e+00
1.979499560833944294e+00
1.224523407775360839e+00
1.210333226039655763e+00
2.210733224211289816e+00
5.013851636504877973e+00
1.917724667608564859e+00
3.402722752174606846e+00
1.200945131451480297e+00
1.101041623563373761e+00
3.222349750882167463e+00
1.636300714487274099e+00
1.629860661634212171e+00
1.846267811512724455e+00
6.462322967228211201e-01
3.077814076988790060e+00
5.288890739852372569e+00
3.424731276364919363e+00
3.418754485862869785e+00
3.677406982152601866e+00
3.493666959030625296e+00
4.090733724171787600e+00
1.930016422099082529e+00
2.519298017083589691e+00
2.202838931804191880e+00
3.302137778024785142e+00
1.398329253421561669e+00
1.126520331873229308e+00
2.732972191238022042e+00
7.766319817294123906e-01
8.081293162473990321e+00
7.138561605255634435e-01
2.273834438210506015e+00
1.884121900032686758e+00
8.412463202515510829e+00
8.923720834377260047e+00
1.065976041893344162e+00
4.187150995506002893e+00
4.525197938781389873e+00
2.131206570421123825e+00
1.008046244873635366e+00
4.633407930033493827e+00
2.909283320354713265e+00
5.977954934016512567e+00
1.977885447763063853e+00
4.318695852316454697e+00
2.328694869813995982e+00
9.527825290186964224e-01
3.322454069350764261e+00
2.249638638847013983e+00
3.120322865845696292e+00
4.355056004495606814e+00
6.914668249457228022e+00
5.362049697013407723e+00
1.122130742565135897e+01
3.133804380825587987e+00
8.729458605789865544e+00
1.936436747042983741e+00
3.333255284414855080e+00
1.664725328086368972e+00
2.599613147111537348e+00
2.057345717846357225e+00
2.295994715969074562e+00
3.133970223126032018e+00
1.529293869714772436e+00
1.297094866138841507e+00
3.019265738576330182e+00
2.576543651331424378e+00
4.392038996011642382e+00
5.118832832005646871e+00
7.556896897734732832e+00
1.285561737123478654e+00
5.618733225670075271e+00
2.281139191012971690e+00
1.571087008789160411e+00
5.038441289448110538e+00
4.896518549861877290e+00
1.732841007350268248e+00
3.592488914415320700e+00
2.696840660355717123e+00
1.578776433817871805e+00
2.234851569869028332e+00
3.056239994273898031e+00
2.770790032374166323e+00
7.704896492948892117e+00
9.693951742714961295e-01
4.172903728723435179e+00
5.322699430734386894e+00
2.131629134905621559e+00
2.218436101147071238e+00
2.700225026789205174e+00
1.078671364955813727e+00
3.031936597247178344e+00
1.599954482953492185e+00
1.897552884408719054e+00
5.471860752298893793e-01
4.364345936674787652e+00
6.440669605425913602e+00
1.224526335991219295e+00
7.081468229503464329e+00
1.262504225761584387e+00
4.095927543267478654e+00
1.422895195037751082e+00
1.268638688122415870e+00
5.145840848139472179e+00
7.126373900513343962e+00
4.665481402669148459e+00
1.753007446185588902e+00
6.046059124133897900e-01
1.196427729874555812e+00
1.272639722210948010e+00
4.430312136041189675e+00
2.092032513615311173e-01
3.699681377578230013e+00
3.021696651696642810e+00
4.460933244864063063e+00
8.013074811203839687e+00
2.623823952364803258e+00
2.256795885766904597e+00
2.818306930000086918e+00
8.959769538435664593e-01
2.425987511592137658e+00
4.944230486789748191e+00
5.040908580240150094e+00
4.430160211399900128e+00
8.821336845883244182e-01
1.597145556718390980e+00
2.832275735244813575e+00
5.889284531185151828e+00
1.284326473479422859e+00
3.693385312939654330e+00
3.502216010187638062e+00
4.038869138044348439e+00
3.002471850408156229e+00
2.447132982293311887e+00
1.398692090815578215e+00
1.629476404441755122e+00
4.720311585088083461e+00
6.868497945347852074e+00
4.190598044424564073e+00
2.895901879411753033e+00
2.970593379254224065e+00
6.869023863302769151e+00
1.994690370003805224e+00
5.466301194369840299e-01
4.042323576171968358e-01
3.181995208395749675e+00
3.883831057112962615e+00
6.867531528438672872e-01
1.958317966846458091e+00
1.802932738970744353e+00
1.147187146166875227e+00
2.499211977259879092e+00
1.319727334768070648e+01
1.210662842860112720e+00
9.886473251491993963e-01
3.698703836888552754e+00
8.538994935893223115e+00
5.350211583487820555e+00
8.667579760981543036e-01
6.130847126156282023e+00
1.641489226188012740e+00
6.895802547037644947e-01
1.434213028746190055e+00
2.549131504241286983e+00
2.332061456922624565e+00
1.890529883204368433e+00
1.353310914575202473e+00
1.276256433281219183e+00
3.468494782969612000e+00
7.544434726850361983e+00
3.509259272900799864e+00
6.387231221420066163e+00
1.120199244432130925e+00
1.016714975817108124e+00
6.075214921237109822e-01
1.064107852408246346e+00
3.075596590657929674e+00
2.655306682115414318e+00
2.064928884903336481e+00
2.834241506247807241e+00
1.320393571102621566e+00
1.443285152044585073e+00
3.653062253671790494e+00
6.426405454437892351e-01
1.061452276352929713e+00
4.171235363327255641e+00
1.011218928940069706e+00
3.881145535575198924e+00
4.577985932717271389e+00
5.201396254153161536e+00
2.888113205610090883e+00
7.745762253045710644e+00
1.085012236054421741e+01
4.636833067690344201e+00
3.691713416499997180e+00
1.421431462229959530e+00
5.025078602206246359e+00
3.619143787193249140e-01
1.314974065643946366e+00
1.944959052195158078e+00
9.282516772029233421e-01
6.089903744839552324e+00
1.567047352115485293e+00
3.037181424397165763e+00
1.150655410101369069e+00
7.882747293689837065e+00
1.576700337163784216e+00
4.410788893326631488e+00
3.360286781414490331e+00
2.758819773030998679e+00
1.432569857191610119e+00
1.254858815045113429e+00
1.862702756504537982e+00
2.474420623626020888e+00
2.407741884552617506e+00
1.174866336174030135e+00
1.277894829492225659e+00
3.171892211253548144e+00
4.098775717718967648e+00
7.278998648700740759e+00
7.876376141587410062e-01
2.649902959236686062e+00
1.823499806869886664e+00
3.065035417215615787e+00
1.328802419373317667e+00
8.139600371016600944e-01
1.628447419635053128e+00
2.215921149696854719e+00
5.594096048259001641e+00
1.034548313932861596e+01
1.087932756997873263e+01
2.457093008143587554e+00
6.624048752242372995e-01
2.730337906691297611e+00
5.543679768451553080e+00
1.297151809175553172e+00
1.956424570872028035e+00
9.501942387792498224e+00
3.367702168619689740e+00
7.218366528652305547e+00
2.197885245190323911e+00
3.071881449814798604e+00
4.030547125505453465e+00
2.415598557263884505e+00
1.823679968645695482e+00
1.268207794129957211e+00
1.066847557121143319e+00
9.890083947297622080e-01
5.783260730489988788e+00
4.084565381322998512e+00
4.182090595162178737e+00
2.149536228137755245e+00
2.554820977885071009e+00
7.641527569835693257e-01
1.573807000754711805e+00
2.920462386740910965e+00
2.873651756235012122e+00
4.898983635452049956e-01
1.361383687894625716e+00
4.745473428863195231e+00
3.608328079326878601e+00
4.472838687462668439e+00
9.270910376952926413e+00
6.723826166244818436e-01
1.793310941999106900e+00
8.532596667364268361e-01
2.154971094183755653e+00
1.975415159764815742e+00
3.181454860296705878e+00
1.940642114427728160e+00
1.645325638550509728e+00
1.264428753354606361e+00
2.483962127376034612e+00
2.753559566839242079e-01
3.055146775319252050e+00
8.549382086543772630e+00
6.122887820993424768e+00
1.547966937908061391e+00
4.805912810575222238e+00
3.612579432607510466e+00
1.419224381596273288e+00
1.533741592154046485e-01
2.415154995206092892e+00
1.431522606083246663e+00
1.183907777946582307e+01
1.751824423761318528e+00
3.294797577333364202e+00
2.390014204538188469e+00
6.583062662647458652e+00
2.196706425673735641e+00
1.395999864901859899e+00
1.176507963065620999e+01
1.069336318633257843e+00
4.499796756630495942e+00
1.454369712667928694e+00
3.452489115617380921e+00
8.862054278135271801e-01
4.730642548041407380e+00
2.506049911826969012e+00
1.918123899385465014e+00
1.367369727739153218e+00
1.433525879762940880e+00
5.006649130896875244e-01
9.853498482556332760e+00
2.077733107303352256e+00
5.118326305151221334e+00
3.820050762817124301e+00
4.472541003009209426e+00
2.108351320236876880e+00
9.656180201095768467e+00
1.378238180990999151e+00
3.381581353246680077e+00
4.582973327253907492e+00
4.929621755383273296e+00
2.940226438716192714e+00
1.227834704267988020e+00
1.597460444494559928e+00
4.593231332708386794e-01
2.740315268296904971e+00
5.874414558600893344e-01
8.154080321289533528e-02
2.079238388573385166e+00
3.749198592330644786e+00
9.753703445154896512e-01
1.043373957904556226e+00
4.136096629533934532e+00
2.916329614364171263e+00
1.002585881769981979e+00
3.029890972254174919e+00
3.713589068369253621e+00
1.440797737696217773e+00
4.273714604730662003e+00
5.354164422047690053e+00
6.707958068347877223e+00
3.920363446336952773e+00
1.604553339918367572e+00
1.168959860903340697e+00
3.208528220894334648e+00
2.587240925515783552e+00
7.484966843785689772e-01
1.358493201152234153e+00
2.281707898884422381e+00
1.355335363206971566e+00
6.108791197832835751e-01
2.337730517949489162e+00
1.012184344361964694e+00
1.183007767329424809e+00
1.344270718312958746e+00
5.056141305616222326e+00
8.021496336357031964e+00
2.924941566481225053e+00
7.884898689497679136e+00
1.740298557536013258e+00
4.552214315196199124e+00
1.918370211993911223e+00
2.526019617436257025e+00
3.115446639098068182e+00
8.665616289416525619e-01
1.609153791680040468e+00
3.586271536543074401e+00
1.243942570386295854e+00
1.418654486507015422e+00
1.296116232160663850e+00
3.304742515976377693e+00
6.471895485956409289e+00
2.053460951201297124e+00
9.385385049426478332e+00
5.467320225900583530e+00
1.044011966022369009e+00
3.689668490752893160e+00
1.194885982037964034e+01
1.167468537498009384e+00
8.530289522869837882e+00
3.484915121125891080e+00
3.636915229921425574e+00
2.343074648263473669e+00
9.938034951159463448e-01
2.502047055858831914e+00
2.023132632195992375e+00
7.753152026914853501e-01
1.369457764423441359e+00
1.823072391338000919e+00
5.455858747432077216e+00
1.458481254226706048e+00
2.494921097639967389e+00
2.299159892002595740e+00
7.365997484433192355e+00
2.271332666749207529e+00
2.974871866361944228e+00
1.860707168357103702e+00
2.365137053338209672e+00
9.124928676643452974e+00
2.605751710729903525e+00
2.308073991706830252e+00
2.963483411757477537e+00
5.951010735050181744e+00
3.549859643767791173e+00
6.508709748050212074e-01
7.223626349304603345e+00
1.142373115916798465e+00
7.371874806130381819e-01
2.696483463529397717e+00
4.117578296783303671e+00
1.005579023751562051e+00
1.467180133171811285e+00
1.433242150987859009e+00
3.387324671680923327e+00
5.273990506306270198e+00
3.484170343585455409e+00
1.231978340434381147e+00
4.262027877140485144e-01
4.517921758547350564e+00
1.739994417726115739e+00
4.235014297524009486e+00
4.798121950750931397e+00
8.549083285255239417e+00
7.345432248837144851e-01
1.155477252255831866e+00
2.154340182632802136e+00
8.762679503299848349e-01
9.237906611093629650e+00
5.936072461041355552e+00
1.261097789051181639e+00
7.132408980303949875e+00
1.027798470739199033e+01
2.478898088398488131e+00
1.059756179676330401e+00
9.904964380159354320e+00
3.611148667300634774e+00
3.662078699405923565e+00
1.495340902525403415e+00
5.636155085076385518e+00
1.398714232974702432e+00
8.559004581881133333e+00
2.175158233559568277e+00
3.824722209519358707e+00
1.559792908648252041e+00
1.149216333104835952e+00
2.370215783153426514e+00
1.010759940159351222e+00
2.481443225521412277e+00
1.573368822929427369e+00
8.763552013807304419e+00
1.891918400537248690e+00
1.364394959131131957e+00
1.605411889028287353e+00
3.716141936273058111e+00
7.195988228428551459e-01
1.640054676210690676e+00
3.340334781588979673e+00
5.964077913990795565e+00
5.212707572515290266e+00
3.170329638000725758e+00
2.568657778174654904e+00
1.005701784071681093e+00
1.180157949765822334e+00
2.176986804183951740e+00
3.855471650268481820e+00
5.087791030221520572e+00
1.541271473128467351e+00
4.371930138589531722e+00
1.613460079450360629e+00
9.944953804913155837e-01
1.524621083850281611e+00
8.437150840186962153e-01
3.329201311173959787e+00
2.010623826678424209e+00
2.549260610190062337e+00
1.418957145424603050e+00
5.717967354632455645e+00
1.203397092460838369e+00
1.250786441833761486e+01
4.560221443191455393e+00
2.449441028658025488e+00
2.358057385169185949e+00
9.106424063449312101e+00
7.461604988092472190e+00
3.309766626058753491e+00
7.481443267809235742e+00
1.771567840372305636e+00
2.483820771779557290e+00
4.944611259842350393e+00
5.664763390063360937e-01
4.558244847930513544e+00
3.392300826944933956e+00
1.366343308396156697e+00
3.440697966477053171e+00
9.055029415027512130e+00
2.816605096110387230e+00
2.007377107261425930e+00
3.568782105332792387e+00
1.689399049529418217e+00
6.117376771962119264e+00
6.947451140501494926e+00
1.372064586090801619e+00
6.555363193411736233e-01
1.525037814224541100e+00
2.999529735385724649e+00
1.252195817030816949e+00
2.634526995637619162e+00
2.951464635773930922e+00
2.601145503423084371e+00
1.187700951404972560e+00
1.678753413194638666e+00
7.228914244545762813e+00
9.574929861989811997e+00
2.111903648820719237e+00
1.750027599515540988e+00
5.416751295057786741e+00
3.078572988343417638e+00
1.087590776609433485e+00
2.343951328038272219e+00
2.288701425791211275e+00
5.323375527785445538e-01
2.159531136198209023e+00
2.654005977177193998e+00
5.387904077002683145e+00
1.622035418953279740e+00
8.424798255983988460e-01
2.112098935627116258e+00
3.771311106086555398e+00
6.639025002228905237e+00
3.659590059945641016e+00
1.350105136430754804e+00
5.859421867998642952e+00
8.247658397082675563e-01
1.375302766511116381e+00
1.023944457024535515e+00
1.089990561764941290e+01
1.921508262106766285e+00
2.931467254404317213e+00
2.815750712220509211e+00
7.682317431606326963e+00
2.125217224103775671e+00
6.073233313608425554e+00
4.164152246371231492e+00
5.073041011535971201e+00
1.869552927299015899e+00
1.975746909038341936e+00
2.787374843642044464e+00
6.951666854261428163e+00
2.823867812469140315e+00
6.831471553797325846e-01
1.210963929197986344e+00
1.666269890446614221e+00
4.207402076446153494e+00
6.934290922017980030e+00
3.377871968478349807e+00
4.044623785384819037e+00
6.213650991847925464e-01
1.542528953042819451e+00
1.707951019330390174e+00
1.622346955753836140e+00
4.260584402887261035e+00
4.326105793558371104e+00
4.782076325067546207e+00
5.524321811868049714e+00
3.413746642699626133e+00
1.638463738413800552e+00
2.415148317253683174e+00
3.927447243778892649e-01
3.606111289274113396e+00
3.777368989960661505e+00
3.103203132641326079e+00
6.504759753179083503e-01
3.414744677739623313e+00
3.579232072759153560e+00
3.900864688367449151e+00
2.323327081613863587e+00
1.030022398893505997e+00
1.678513423743005939e+00
3.543210379501863017e+00
7.187608022423629173e+00
1.132592766664938466e+00
2.415869079233294858e+00
6.725378990845483962e+00
8.408862646419549947e+00
1.158463581603447867e+00
5.510739277681725667e+00
2.966600729390035607e+00
4.090009473113783045e+00
5.411853659365956082e-01
1.277018825962821458e+00
3.611074817229284140e+00
3.247331662848560452e+00
2.483759620451174488e+00
2.958535827075982283e+00
1.544075369943223031e+00
1.798247416656007847e+00
4.180240024050032588e+00
3.567065073762910377e+00
1.972688475538844299e+00
8.786019023142035422e+00
1.689090368362205385e+00
2.964919315223164542e+00
2.728931683119514950e+00
5.509373016531672329e-01
1.550859205569717680e+00
1.157634885343739661e+01
5.764892117251749326e+00
2.674519294534169145e+00
7.173728724345120433e+00
1.581624310893742225e+00
3.807685925399001192e+00
2.618665186797305200e+00
2.164093579034434445e+00
1.167830365660881276e+00
5.867915269321612115e+00
2.569208392941595864e+00
4.582476311238767863e+00
8.144507020679522924e+00
1.219222526106275462e+00
4.332301831858020869e+00
3.692505676395236858e+00
6.168269189468975178e+00
2.151250374499034113e+00
5.739875361870236947e-01
3.386758543202570415e+00
3.543280268517335685e+00
9.103844726793673958e-01
1.955337892241223452e+00
7.017522279042033295e-01
1.084030537590910281e+00
1.742844090855015793e+00
2.716854917590008522e+00
4.835543412404166297e+00
1.029319938247639010e+00
1.654023447029190352e+00
2.319330499329902207e+00
1.569239407324317881e+00
2.088193805238528267e+00
3.679759831655271540e+00
1.263279943125780846e+00
1.792585954316467278e+00
2.982085667895280956e+00
1.722884693482302554e+00
2.084331981854830040e+00
3.667570589776903311e+00
3.456870066971171163e+00
9.528356779082184147e+00
9.781136068624469715e-01
2.433278846162695519e+00
1.951522208420199078e+00
1.956224180190631490e+00
1.441541567068453267e+00
1.809286994331179566e+00
1.600768510153481650e+00
2.278057722139382513e+00
5.769051853177952216e-01
4.628851223146044802e+00
3.735104976110505071e+00
1.410734490539644392e+00
2.166453880035467350e+00
3.977618014800621271e+00
3.424413317135651447e+00
1.030002377882024645e+00
6.326164111024142223e+00
1.806607846362098035e+00
8.842868520871376425e-01
1.338112800121462387e+00
2.457322757369235777e+00
3.891005921810497536e+00
7.764113856850003437e+00
8.043169166119933378e-01
3.698583278260556995e+00
3.707598731334919684e+00
1.675600235643279756e+00
6.193494490338320446e+00
1.885691514331397256e+00
4.524939129781504477e+00
2.180643351043690392e-01
1.395151727946456921e+00
2.272572646953962217e+00
3.731857975548134920e+00
4.821282691052627412e-01
1.979929807077482229e+00
2.174222361853368035e+00
4.545036007969999736e-01
3.551839108254146726e+00
1.857448679640340217e+00
1.468857422389372669e+00
5.173455515581578901e+00
3.750794037209854714e+00
1.065781846488324192e+01
2.667659745079066447e+00
4.346374473062684984e+00
3.523847122523600994e+00
2.642177071329584681e+00
1.417825380094498655e+00
4.614762320029100806e+00
1.157607629670574179e+00
2.590798378510040134e+00
4.377166754831637974e+00
3.069011723974049310e+00
1.315894362287263863e+00
8.282603745871065515e-01
1.597339612699911093e+00
6.927782776699341616e-01
6.112617773696891188e-01
1.740359371765794361e+00
1.831626886731357207e+00
1.675314402590373231e+00
3.908862793360713184e+00
4.000133473490910418e+00
1.400474768293327843e+00
4.068799367664122535e+00
2.961975990343790777e+00
1.074426880927877859e+00
1.396302753428435350e+00
1.728389412170586281e+00
2.986146368391688455e+00
5.521616299396120198e+00
2.579266836679493302e+00
1.332935772879233483e+00
1.452724494533543131e+00
3.418793920934483310e+00
1.688465312622750680e+00
2.141216175632944640e+00
7.661632893739412253e+00
1.814796547911318392e+00
6.337479378762489013e+00
8.003607225033051442e-01
4.621587233874874912e+00
1.505672962897072864e+00
2.265853457901545909e+00
4.239805021051614276e+00
2.943921382994437508e+00
5.083741969718382769e+00
6.190954402233647791e+00
8.781679774484040024e+00
2.479660593626813458e+00
3.231687625488424587e+00
2.873391924626815364e+00
5.811922432557981466e+00
2.182890677904315346e+00
1.651394358881593805e+00
1.131084671742085046e+00
1.900069538758859977e+00
7.038175494369596219e-01
2.649104175035562836e+00
4.529953258450278852e+00
1.807720775794328549e+00
2.359225280728014518e+00
8.943822215382473573e+00
1.781090076973857350e+00
2.601620482597345685e+00
2.821708472843084792e+00
1.231156482839283584e+00
1.945511367986566542e+00
5.576443313241258970e+00
9.521129141851769617e-01
7.650186055444907041e+00
1.460382164900158486e+00
6.560897718621944152e-01
1.181546561097283510e+00
5.307701994204432339e+00
3.599637433173226597e+00
4.781762597617737143e+00
7.058391726364386720e+00
6.993194295543490036e+00
7.688333432870564366e-01
4.406137830822451917e+00
1.249974182699960634e+00
7.124962463084596465e+00
2.105215261244154590e+00
4.318661289490907329e+00
1.760462153263313567e+00
1.152760619523400365e+00
7.773347162698294177e-01
3.142223095003451316e+00
2.279575221325478740e+00
7.936526761410711561e-01
3.256497735756425538e+00
1.002568969759087159e+00
4.861710226497390153e+00
2.400149303194529793e+00
3.901207321530285377e+00
9.330952158284776532e-01
2.758030318230085598e+00
2.726355908845305542e+00
2.476440736601756232e+00
1.303545680521574157e+00
2.885394009335946919e+00
2.216784757127498173e-01
3.375762976199776055e+00
3.878838316823353782e+00
3.696891757668027356e+00
2.177845144896329632e+00
3.804116885433587836e+00
4.623834095314356851e+00
2.583091344540308754e+00
8.029212678695520911e-01
2.549625258120865379e+00
6.848598922755356755e-01
2.730840992251484245e+00
1.619059997084106861e+00
3.355783314507261306e+00
9.332215209761180574e+00
3.904115027174975161e+00
5.550844264180736509e+00
2.243927112160872372e+00
1.984817917602366588e+00
4.869128695696471887e+00
1.008855326387421814e+00
2.471906967367512031e+00
2.390832674412786574e+00
2.094018466491142316e+00
5.231660627002743702e+00
1.162435044122514327e+01
9.717473240936612910e+00
2.823229373436377809e+00
1.241244415480314167e+00
1.456704364202342949e+00
1.984338865522380813e+00
3.989415642899623027e+00
4.184191280281575054e+00
9.935960362498992282e-01
1.128323622098186263e+00
1.613212757802634512e+00
1.070115885860344340e+00
2.072574330314552515e+00
2.013459474002873506e+00
2.335756049886355878e+00
4.593617784527142867e+00
1.094773362483652690e+01
1.693606003191227227e+00
2.566813536007135355e+00
7.914711976907113922e+00
1.059893912657318582e+00
7.466022797125072552e-01
1.592968979123355000e+00
1.930615124376340308e+00
2.722086988114688300e+00
1.339405398169791317e+00
2.100184673618412656e+00
4.743099090189534017e+00
1.069356636119371373e+00
5.362175627395941113e+00
8.910290420536449707e-01
2.197149917406680864e+00
6.765254682945942122e+00
8.372542143449772656e-01
1.503090312355364944e+00
7.213046917633614719e+00
5.999958250268850435e+00
3.253630317271406280e+00
2.911510059373405124e+00
2.248771004232356763e+00
1.437243015809265057e+00
3.227853756523805018e+00
1.897947453989335953e+00
1.655743862817094181e+00
6.433559766820181380e+00
3.308920642506961940e+00
9.579487321040007775e-01
2.811468432005395535e+00
3.651693836742721633e+00
3.097338778869605402e+00
7.756923276018117264e+00
1.803082752382938914e+00
4.472072585238305642e+00
2.557968209367581736e+00
5.542447837110921149e+00
2.327656201198540220e+00
2.253290595951117581e+00
2.353005382082109520e+00
1.175926082745661461e+00
1.690419701522282603e+00
8.177255832544306102e+00
4.357722454617872110e+00
5.723693364039026399e+00
1.797794549748019222e+00
5.879554726201499548e+00
2.987897508105451294e+00
1.717395961258234349e+00
2.649444963539522302e+00
1.193525697896864024e+00
3.447801710747322890e+00
6.538762134575286211e+00
1.077198122098245614e+00
2.877167246888127750e+00
3.346581597680478470e+00
1.659430242409348999e+00
8.976181285583003655e-01
2.790721078592762971e+00
8.479550744469757095e-01
9.237823877580567666e-01
1.851362487380272759e+00
7.377601783327765173e-01
5.606858059056384569e+00
1.091417380197400089e+00
2.833860870808493804e+00
3.173826161913049226e+00
1.710688916520451075e+00
2.046354337562084513e+00
4.099590840974719264e+00
7.831422966353485116e+00
9.116949249350987827e+00
1.678930635126151705e+00
3.276614920825542843e+00
2.160316442536203585e+00
4.834219769500746722e+00
1.377957741065445330e+00
6.492674708768449987e-01
6.373699109251250050e+00
3.204628752638532418e+00
2.505549667032886951e+00
4.655123384851061807e+00
1.395512205001613548e+00
7.206402141008239504e+00
2.477099103309586159e+00
3.469219126731806657e+00
2.169125074581222279e+00
8.739582083682169156e+00
1.822340761261735942e+00
2.009605251418685512e+00
1.841982203741336033e+00
9.733170812904574642e-01
2.190654890607259819e+00
1.117606528365191476e+00
4.804323310482838671e+00
3.298510790018175154e+00
4.808098821329875427e+00
6.074387860452465926e-01
2.052076461506123550e+00
2.245037215663742369e+00
6.024895263054609096e+00
6.428117015280468971e-01
4.923064263429782983e+00
6.053541510626978095e+00
1.930916937342436412e+00
9.532176192892343636e+00
1.441652475293035307e+00
1.241495168806331151e+00
7.622928230737605837e+00
2.494654163091630128e+00
2.403053143339526798e+00
1.065441738956477424e+00
3.390675611692913094e+00
7.586106502294113207e-01
1.744485045314436711e+00
5.330390884675509922e-01
1.374550969496604269e+00
2.506337923544839086e+00
1.067850497235449447e+00
2.445238612183065374e+00
2.311332740980589495e+00
1.116221105923160595e+00
1.123442609456555941e+00
1.993830457500771702e+00
3.660172898338221348e+00
3.727871019425073040e+00
4.336743718482375165e+00
6.343486484608539255e-01
2.543863547698796523e+00
5.560246536046389743e+00
1.944598775169851024e+00
3.453791983068444260e+00
3.852667618224475454e+00
2.007399227641758710e+00
5.888067056775607711e-01
1.959522809548747579e+00
7.403729578839871373e+00
2.476217586789708047e+00
1.104993076796016771e+00
2.964514466079208432e+00
1.241702847708316737e+00
9.777255815848113762e-01
8.091042346587015155e-01
3.435991540147466328e+00
3.067956093585830324e+00
1.093310572096647615e+00
2.887619972858850748e+00
2.973534284636272229e+00
4.072178985720571021e+00
4.206195642791231037e+00
4.115549357721588031e+00
1.546561852353188993e+00
4.184826350263342043e+00
1.394930280975273273e+00
6.744316945274904107e+00
1.311658275568702736e+00
3.871056267153068831e+00
2.391776906740896269e+00
2.007174834364791050e+00
4.662189595026247524e+00
2.575778816006633054e+00
1.622956412215703859e+00
3.150074547467559771e+00
3.948434224391705882e+00
3.219003577134820659e+00
4.400711483938809288e+00
1.766188788213697070e+00
4.562424014065319611e+00
3.518176715772086904e+00
3.370182014701795570e+00
1.795551997142570633e+00
6.798651534948083608e+00
9.203244314950592697e-01
1.121692407675450198e+00
6.744954924103244487e+00
1.839553216621184761e+00
3.338852435234841209e+00
4.050415198949061768e+00
6.992425641583591700e-01
3.130511596122111051e+00
4.314506548502978767e+00
8.573528993779314433e+00
9.911988878215300502e+00
3.262316446407691917e+00
7.815163313574535753e-01
1.276974064307710099e+00
5.197709375810300791e+00
4.123216496750014670e+00
2.096781326920521327e+00
1.015179467604528440e+01
3.480823126020874181e+00
8.761196352418750166e+00
3.707173872598963360e+00
2.898228352897594728e+00
1.955694573371524969e+00
3.155473210699122788e+00
2.062808478449825955e+00
1.141014543752193910e+00
1.223984386350639442e+00
1.827641980079833806e+00
7.059156006781167614e-01
2.989337405427460848e+00
3.050195079068190651e+00
1.395874578141939937e+00
1.351681165607586443e+01
1.975031174667724709e+00
2.302875156936518675e+00
2.788165639859485179e+00
2.321499226060000254e+00
6.581372868982468205e+00
5.170663104723886683e+00
1.531604711144199937e+00
2.210834967646235327e+00
8.864032509877748378e-01
1.970376569510469134e+00
1.055614488564076803e+00
9.966893735686602085e+00
8.404059121194316972e+00
5.036967385045640899e-01
1.725142223720278256e+00
3.567882950764363903e-01
4.767484368832589858e+00
3.980515562842089072e-01
4.360439582212649157e+00
6.095362173073797685e+00
1.620232656938245919e+00
3.865496091597014239e+00
1.618173909246433784e+00
1.427575520616711113e+00
2.625898005865518137e+00
1.009863810574896270e+01
5.244872124766152055e+00
1.315316326310181028e+00
8.328974013400072707e+00
7.238675439606975459e+00
1.101444312976150863e+00
1.912745439942320047e+00
1.411604749641030665e+00
1.216187938816157477e+01
3.089408608539171208e+00
2.905069977032732176e+00
3.042037477879982799e+00
6.651999439061788699e-01
2.219231239029094471e+00
6.894981630338080869e+00
8.793870591038556173e-01
2.099877377010417767e+00
1.454396267448255342e+00
1.385841630054685414e+00
4.808866691718429287e+00
2.419381015018876369e+00
8.863063877963057724e-01
2.294860760334955341e+00
8.556587282844601017e-01
7.369413972871824425e-01
6.441234878065745129e+00
3.491337465378060223e+00
9.176642546499393926e-01
8.217709160908082122e-01
4.046948963137282362e-01
1.653883800003307369e+00
1.655458417509565461e+00
8.562598198035098918e+00
1.373733515433436692e+00
8.049326742253222200e-01
8.123743211165496136e-01
2.316146848829659266e+00
5.714489380769285809e+00
1.078177557771206052e+00
1.430524089999537507e+00
2.166971090504141273e+00
3.466741310004984644e+00
6.746161173450049287e-01
1.755220005887418777e+00
5.141596750491736145e+00
1.348499619672829386e+00
5.824386026928475291e-01
1.204430024659184806e+00
8.386580348024582632e-01
2.332647245510377498e+00
1.335450509452522638e+00
1.390904447735428207e+00
1.449233060822833430e+00
3.440032596849619928e+00
6.657617743492583173e-01
1.116932587107323238e+00
3.329866086755423282e+00
1.220333441831830790e+00
1.106453142588315064e+00
2.070186468101993249e+00
1.387180448596489590e+00
2.748343981086075694e+00
2.425316194403850378e+00
1.653160436047486748e+00
1.651052837146418817e+00
3.135596644580382897e+00
3.658554767256644524e+00
1.311055776137440620e+00
1.194897210577356761e+00
1.607290962666090062e+00
2.419715434906844820e+00
1.584144254740446511e+00
5.196004214206289440e+00
4.023781417337494726e-01
1.533067352726055654e+00
3.460074658718199192e+00
3.263166433434603331e+00
2.693870083276872052e+00
4.177130962043925422e+00
1.742927423932664865e+00
1.169724590362350902e+01
7.772306960443505552e+00
2.137727356081813301e+00
1.841358638127013281e+00
2.596215632422327779e+00
2.545951993432896909e+00
2.662349412246219682e+00
1.046718271780480602e+00
4.541435232014246814e+00
1.661394147908106467e+00
5.708439040315923307e+00
2.006937092394583289e+00
5.473852419183977247e+00
9.166637463202252922e-01
1.070368673046811603e+00
1.316060091538096888e+00
7.682803064977546947e-01
5.176016521145768934e+00
2.240656611384867158e+00
3.311901669031379836e+00
8.861736433749668462e-01
3.463984596056568499e+00
2.221252102025254249e+00
6.067611618746052926e+00
1.357196220924551611e+00
4.156076219835723506e+00
7.765956199708952123e-01
1.108921227494109596e+00
1.232878524337210679e+00
2.154335984073048049e+00
5.762509266794697993e+00
2.108686590272947026e+00
1.339978230319758046e+00
1.714293796020688987e+00
1.219607299627553987e+00
3.130025949667307739e+00
2.076922875529707113e+00
2.874470835640110522e+00
4.041464652088243348e+00
2.408390736834927104e+00
1.421636786302631350e+00
7.494758359577987861e+00
2.149484543374890200e-01
4.036301968551112562e-01
2.495994462035335815e+00
2.548763487416527695e+00
8.176208682598151256e+00
5.255883266952550592e+00
3.353574628770769728e+00
6.962496203214078250e+00
8.418673142299560652e+00
1.193254349481073229e+00
2.138279385840319513e+00
1.983293512545439397e+00
2.393252118602723133e+00
2.219965929173266517e+00
7.824337654748340753e+00
3.882032774906094552e+00
2.150911178011651881e+00
6.500859497620835592e-01
5.773013453691349106e+00
1.053426376647435880e+00
2.805611226121845103e+00
9.402229022223012045e-01
2.523500471105795118e+00
3.049890020606911278e+00
2.404366505890126682e+00
2.077493328898059044e+00
4.323447964486067718e+00
2.968058806376645542e+00
3.401754788999956425e+00
1.024959000413134147e+00
6.823911599288288166e+00
8.520702173027004278e+00
1.625962860192789350e+00
4.129355479472568646e+00
2.801656862948247451e+00
2.624221376914446235e+00
4.896247450847076799e+00
1.301548821004324008e+00
5.029419450703576544e+00
1.123523822414999485e+00
1.898426269928608745e+00
2.194769491778130188e+00
6.137310372215990739e+00
2.415261546327390541e+00
3.126100420519442036e+00
2.578487419022346572e+00
1.828639126565153372e+00
1.555001722767893391e+00
7.338305547674305096e+00
1.251158241265346360e+00
2.624347141274817830e+00
3.360836844949146585e+00
2.792000219694874108e+00
9.566801359083365597e+00
4.325294030249660082e+00
1.287899251487117924e+00
3.518473346056624873e+00
2.833363670377115895e+00
3.916018480623205456e+00
3.525265189356676654e+00
5.998112371543233845e-01
7.075020641316211112e+00
5.074824367881725529e+00
3.977589501562441843e+00
1.813140570985942279e+00
3.312269432360470223e+00
2.138196518126321610e+00
1.120663243184072400e+00
2.113322544513165813e+00
5.418575719930791124e+00
1.230068565552021376e+01
2.252637581060545457e+00
4.755256601825968765e+00
1.604761564773032223e+00
2.333649268366457363e+00
1.526571365348159182e+00
9.619963577815702216e-01
1.697730900348089378e+00
4.226319573811637476e+00
5.590424593489691230e-01
2.425688071078745622e+00
3.807388623158423968e+00
2.678650917759175520e+00
1.346343185022738531e+00
6.539584703302245394e+00
8.948594676857020147e+00
6.170809358129948130e+00
2.032700397462261943e+00
3.750400267713220437e+00
6.089200568648568179e+00
1.057878354096930762e+00
6.262428817112278834e-01
8.491647613178345821e-01
2.490376837374965291e+00
1.509690512822349007e+00
1.642332840155509066e+00
2.632348399630382030e+00
1.831209511419341407e+00
5.832876733113245393e+00
9.992811676918339492e-01
5.781845162871372068e+00
3.136173458320691942e+00
7.747850227223083586e+00
1.318773646328397664e+00
5.255166969626451134e+00
2.818705555249372718e+00
5.005025022440007021e+00
4.055201003910633872e+00
8.616565304621711663e-01
1.297438866653895628e+00
2.239661614419435232e+00
4.724841414863100830e+00
5.291701815605707182e+00
1.688543387172011245e+00
1.978466692243715963e+00
2.933687985976672685e+00
3.655955084122817667e+00
9.554624672749938430e-01
1.040912858758036563e+01
2.173074266386024522e+00
3.285405273541808668e+00
3.022994432241087992e+00
1.914020686997434328e+00
4.379244173210997459e+00
3.582017984313690118e+00
1.608738170803051259e+00
9.949366205708523037e-01
3.741290850339574536e+00
2.598935569010432989e+00
1.039710494267610530e+00
4.460667688278093124e+00
1.876261496838085074e+00
4.543688206515353656e+00
3.801867129990153860e+00
6.355528216281760123e+00
3.431106332931245895e+00
1.199629922764438028e+00
9.780295446047666541e-01
6.399771890787693707e+00
7.175672315296436565e+00
2.062317040962493131e+00
2.579656284571123059e+00
3.642833987671669771e+00
3.437396254827484121e+00
4.107291087028585252e+00
1.872634469205888497e+00
2.405278521080193244e+00
5.714823320707608012e+00
2.959970128544751500e+00
2.604881749673704228e+00
3.295733256796184563e+00
4.510088453645236584e+00
6.283069785475962066e-01
4.296435911724212353e+00
1.919068206230550411e+00
2.194027381166942181e+00
1.576111392527741462e+00
9.427740632125237497e+00
1.320398339876460270e+00
7.009418013525629654e+00
3.363147800178158953e+00
4.781169331996503402e+00
1.039082383589052583e+00
1.031062916540532504e+00
6.426414443134089716e+00
2.046707318297941391e+00
2.571790839283381480e+00
2.408165484373207654e+00
1.821117749850447609e+00
4.573732014671910484e+00
3.086334127330899513e+00
3.574188264936581927e+00
2.693775258370678660e+00
3.872144067755214358e+00
7.220981869045045798e+00
5.672356207959731833e+00
9.920944514439021589e+00
1.032221530121974595e+00
3.589209091614880887e+00
2.500743650847059740e+00
4.796259611469694484e+00
7.764935441814977413e-01
2.452159570249190512e+00
1.244898261356583991e+00
1.094382979732163585e+00
2.710072354970895159e+00
2.205661200438016945e+00
3.641461937350938260e+00
3.718459245629223364e+00
1.321339665932564245e+00
2.190220536699357901e+00
2.458095224716715155e+00
2.442291922371489399e+00
7.468278936405889912e-01
1.934686316810648510e+00
1.596804771016411051e+00
2.158524430915340186e+00
1.699147715617217669e+00
8.272087903624162353e-01
4.114460059169157802e+00
1.423206084313567210e+00
1.737511750483191619e+00
1.748703357648800694e+00
7.758677400435263216e+00
1.604520294091802857e+00
1.897215998317455465e+00
6.202233668665890320e+00
2.605960526379939246e+00
1.392753911354652541e+00
3.639736447057190016e+00
6.944604435505226547e+00
1.234179306515662988e+00
1.388096413093239612e+00
4.849036338743760943e+00
1.282577939068437534e+00
2.065958494664119183e+00
2.095504302886662007e+00
1.788974743344130314e+00
5.240315122193968556e+00
3.181599841987185151e+00
7.211457732711007429e-01
3.644358446728157563e+00
7.612593417345741464e+00
3.189688963711574843e+00
2.475879610554639232e+00
1.054052917323444527e+00
4.656268790865911278e+00
1.902652877320563540e+00
1.758523556813075706e+00
1.468526257419289216e+00
1.185048854373307314e+00
1.345268034284263781e+00
1.947844985266162787e+00
1.016979108164465240e+00
1.811682728068138681e+00
2.039136587275076185e+00
2.364280173860493495e+00
1.397805604669813517e+00
9.885172249017661894e-01
1.141282495032585276e+00
5.338682373610737386e+00
4.785872217513092997e-01
3.801941713348738983e+00
4.373710067603687968e+00
2.740951137978245633e+00
3.668212574511810153e+00
2.948397299232643043e+00
2.885941426615299399e+00
7.349748573966200738e+00
2.999554654122518649e+00
3.187385301706049834e+00
5.136064807800562182e-01
1.730639932399939962e+00
1.709947775879715692e+00
2.753741515625463876e+00
3.945339875087486181e+00
1.698758573597620725e-01
1.149487638056124084e+00
3.738680987291382873e+00
6.874862424754465406e-01
2.806793480146401620e+00
2.507359659751661751e-01
2.733117665451781697e+00
1.248561706533454219e+00
1.619956104696517185e+00
3.412562113084918192e+00
2.759016372039992948e+00
5.978116836237665765e-01
2.332136431355622541e+00
2.724834756274216563e+00
1.397825606022723433e+00
1.500948659706733190e+00
1.240048020277544794e+00
2.215876817292149248e+00
1.819981864984607567e+00
4.615725694585199435e+00
6.051155779244021815e-01
7.332063827493719987e-01
1.184415668256909093e+01
2.909856563299457743e+00
9.560724631622219416e-01
7.053527831765548761e+00
1.228006491275645651e+00
7.106698057402760504e+00
1.067498682782140884e+00
4.486844065715733243e-01
3.966660501263107541e+00
5.822651191198168874e+00
3.756151799339507047e+00
2.477555156797104363e+00
2.812288054390796432e+00
3.854699069487499408e+00
9.423809858999421252e+00
3.506288171009078969e+00
3.153216425452693095e+00
5.174857973007384260e+00
4.306587485530344317e+00
2.344945625766799768e+00
4.565968240111985210e+00
7.028699918174830863e+00
7.131293464338582799e-01
4.018845439708858436e+00
7.146900569360536970e+00
3.178475948974376575e+00
9.427688562658399496e-01
6.561917477841005208e+00
3.010477418619518009e+00
1.782968235635305154e+00
3.042262385572654715e+00
2.311041767374724110e+00
8.944967657300439967e-01
4.042300551418376742e+00
2.118867823855661747e+00
2.219283011803870664e+00
2.655680387047916646e+00
4.344059019906894470e+00
4.568392931005143431e+00
3.949279540612990580e+00
3.305496612091495923e+00
4.576639813803470958e+00
5.845180834261554104e+00
5.870589953150607831e-01
2.560197259329396235e+00
8.747075014841303453e-01
4.869408551177744626e-01
2.183529694090664108e+00
2.493262757694922893e+00
9.771995112651666870e-01
2.349926578255966625e+00
5.841611972232628069e+00
4.101127485527823247e+00
3.889006984089711683e+00
3.949390851045578632e+00
2.440712259272032725e+00
2.841324161599908749e+00
5.113488127054152343e+00
3.093607137549752029e+00
4.370340292088122247e+00
2.789020367607976336e+00
1.621245171681341857e+00
4.297570339217244850e+00
2.467254173435136089e+00
5.482882706306393850e+00
2.617996461951464848e+00
4.677757131468011309e+00
1.791947288842298702e+00
1.463100880741635468e+00
7.633556850303184760e-01
2.428944418728564258e+00
2.922352968436676690e+00
7.001928045065310968e-01
2.999196575225217209e+00
1.180704962000264313e+00
1.794620384297538784e+00
6.831141462606979964e-01
5.708807984177290962e+00
6.730888172683810566e+00
5.699357213388234200e+00
1.052283434990144206e+00
4.132798636654598790e-01
5.370679546071615462e+00
9.710601095400667182e-01
2.606685654231787108e+00
5.980532755464627925e+00
4.026576833408689993e+00
1.509954399220488019e+00
8.193611510194317438e-01
2.195718885510972829e+00
1.837267643969305198e+00
3.272749714959647171e+00
6.092344235911853367e+00
1.337875388072750971e+00
9.487998186354651864e+00
2.126235993406541791e+00
1.568777453260364885e+00
1.573638335118219489e+00
9.970070936318581545e+00
3.563140370087354736e+00
2.503562260255709493e+00
1.876399705837461962e+00
7.468383998369359844e+00
1.103023233416591697e+00
4.239500630251248126e+00
1.836869869068218586e+00
9.981338681677534019e-01
7.243757687799886824e+00
6.489102987803347933e-01
3.769555180158654650e+00
2.744801580515892958e+00
1.992554487197893964e+00
1.369473978496344335e+00
8.671779668957462661e+00
4.029814303958033861e+00
1.907887680612989634e+00
1.669944304195028151e+00
4.727505074082679393e+00
1.513349986352211296e+00
1.347945421115428566e+01
4.712919567228779361e-01
9.795042590994760268e-01
2.615220521464979075e+00
1.498078028924761274e+00
8.547909684969619004e-01
8.751728337729476337e-01
3.905716304357817581e+00
8.062309737032389734e+00
1.222615647226112934e+00
5.214210686471758116e+00
1.038307377100350148e+00
4.685947547279675440e+00
2.533921201793865929e+00
1.870409806068079384e+00
2.720309091674021573e+00
2.229111482781725329e+00
2.177225996556875209e+00
2.273318521315356389e+00
4.519649036280005028e+00
5.460927343861519123e-01
1.624843155369066316e+00
1.975389040153569420e+00
1.944042295618308547e+00
2.418293827803408291e+00
1.992101675339325251e+00
9.362953487737823988e-01
9.350178128892602913e+00
1.700844276101511454e+00
1.872723645614458254e+00
3.551129340208809104e+00
1.210494009762375178e+01
2.885232364230371882e+00
1.274631660790000121e+00
8.667634425805953668e+00
2.297267733870682171e+00
5.225569242275762250e+00
5.561983836437215389e-01
1.712384446508105729e+00
6.332397243216105309e+00
1.612955790585504756e+00
2.525151940489141378e+00
6.072980530141482980e-01
1.527409764997893493e+00
7.375023862668043328e+00
9.169202765450359394e-01
2.427730398150637736e+00
3.141703093323511720e+00
2.249632661460424288e+00
5.038050675734865536e+00
2.774362916818100988e+00
3.315921185190178644e+00
2.573694637176151989e+00
1.653493202402616546e+00
1.829442431743029562e+00
1.558345900768595804e+00
2.153520358184968231e+00
1.262758832097610640e+00
3.648879192536138572e+00
9.676074148357158844e-01
4.069071472022581126e+00
2.302965901583776009e+00
4.783720267490878975e+00
2.216111565785436888e+00
1.006993007681978414e+00
6.083147286239922735e-01
1.690967375327875999e+00
8.103081755479170090e-01
3.534177060525573566e+00
8.996314823393555260e-01
2.315385089781356598e+00
1.129590882353309400e+00
3.602983880403697547e+00
6.338873897324875939e-01
1.801783057095811325e+00
5.567547305116725020e+00
2.315934830324449578e+00
2.652411618264713944e-01
2.543610605651188017e+00
1.895980946219132379e-01
3.364307874103551921e+00
9.060509486625475617e+00
4.455727632883458966e+00
3.922776144456706415e+00
1.182423389635866018e+00
7.463571039672806107e-01
1.054252776394145191e-01
5.459932607080287603e+00
4.057483172378129055e+00
5.436284947729480344e+00
6.167795213066135096e-01
1.872372785769771619e+00
9.706041468138931760e-01
3.959235889094990579e+00
1.743611243940801581e+00
1.492462497762927942e+00
1.540501074208337373e+00
2.137246815457292559e+00
1.258306440150124939e+00
4.708393393756534095e+00
3.733188223687032181e+00
1.632852464834091410e+00
1.475974280549208428e+00
2.882620279742822422e+00
4.248066220860967412e+00
1.086237212727191093e+00
2.595773336723266489e+00
1.922142131846288127e+00
2.788854841408268559e+00
5.502431589104301857e-01
8.816988792629367744e-01
1.587503981645809192e+00
6.635645674512042902e+00
9.452373601354920885e-01
1.064206543315522779e+00
3.929195952756498134e+00
2.182277760817877610e+00
2.032959686149104606e+00
7.178525412999462452e-01
1.258736931438035445e+00
7.616039105649140550e-01
2.186418123991116680e+00
7.638233010686485969e-01
5.169261974477512567e-01
2.365991698652275765e+00
1.564847354325286544e+00
1.665245278651403815e+00
2.677203338466762172e+00
2.564390073771904532e+00
2.162138505738959715e+00
6.435317818027455061e+00
3.573136968491333221e+00
6.000338480926344253e+00
6.617265160211324826e+00
5.592723673171121845e+00
9.723839076905068879e+00
2.118709294023889189e+00
2.383239019219463461e+00
6.566367515494055951e+00
1.242161417274162849e+00
4.981874639823099749e+00
2.008308168995391885e+00
8.343524830461723774e-01
2.031871976867618113e+00
6.014676121300780443e-01
3.388505247151927247e+00
9.163109991410536281e-01
3.737982646749063331e+00
1.982069324419039935e+00
1.180074795490693385e+00
9.827353443043163495e+00
8.412426518345570869e+00
1.367771153470526801e+00
2.277761528106803546e+00
1.534905425124625689e+00
1.433904978011757869e+00
2.716178974642916355e+00
3.717804628478538209e+00
1.867885139746082945e+00
1.171119816036351935e+01
9.003992965344734811e-01
2.067588927463448467e+00
2.153505149252883832e+00
2.461290962363118062e+00
7.531571811185228116e-01
2.882331999011647383e+00
4.322363327434250557e+00
1.224951881442541302e+00
2.822447382377058833e+00
1.403045777268855820e+00
2.798242613971835713e+00
4.247658564080610155e+00
4.912421314589805910e+00
1.663130511500598319e+00
7.594019699250552868e+00
2.606715181170644602e+00
6.595724214707804123e+00
2.539264499957284205e+00
3.246919329157507694e-01
2.426476359052980758e+00
1.174210203042147516e+00
1.790151446835984705e+00
4.554846327037866405e-01
9.662123208925040840e-01
1.489010180306591380e+00
1.476163237051108412e+00
2.763459832575909214e+00
5.182485424647563788e-01
7.415116987945644667e-01
2.834329869322270934e+00
1.235557730149774214e+00
3.100221322081132325e+00
6.937617121715434543e+00
4.253350943124034167e+00
2.662802073165398742e+00
7.600147679756581454e-01
8.447760940894071258e-01
9.075853598675706735e+00
3.159045032583797763e+00
1.337445443470229378e+01
1.233791824580616314e+00
1.960455998183088688e+00
9.979696026541451381e-01
3.448417817600828439e+00
2.864442784774174022e+00
2.148617444161379009e+00
8.949368157744485019e-01
9.523367775630260379e-01
1.402310290541727067e+00
4.539492246526305230e+00
1.825309525564764002e+00
4.062299181424739558e+00
4.475250008938120416e+00
2.302295369053676488e+00
2.833609311483096693e+00
1.390716089587880733e+00
2.372931003746217904e+00
3.221506785209071744e+00
1.644865326923034221e+00
9.794357301437405239e-01
8.888244124229647269e-01
1.825595249600486580e+00
1.685421874443473245e+00
1.462662209894189269e+00
2.191976737389349950e+00
7.031946236288284524e-01
2.625272172765344969e+00
2.755643207246852189e+00
1.393547303136640769e+00
1.044773920032584291e+00
4.392789278684651855e+00
6.510231096836729847e+00
2.348186993495002817e+00
1.607755831361979304e+00
1.950108701269670952e+00
2.420410476492062202e+00
4.234428519865362617e+00
2.059438053376772881e+00
4.922144888524395689e+00
2.034988649637865077e+00
1.615374096840053175e+00
2.062841615954702057e+00
6.612203839120258664e+00
2.867023424924763475e+00
3.083577724067842141e+00
3.395981155098866999e+00
2.383795669590471622e+00
1.677929727633354240e+00
6.792023270506856392e+00
2.747499517250525880e+00
5.471474001896673656e+00
2.022992550744394435e+00
2.274841290253539761e+00
3.640506769584379132e+00
7.474974620458120222e-01
1.628435291527912776e+00
2.279137129766445113e+00
2.336479040655535577e+00
3.008762485338533743e+00
1.762408684685817128e+00
5.534152436600948910e+00
3.919428512235900719e+00
3.518281241801958004e+00
1.575194095369898850e+00
6.862711432618440632e+00
5.315049298403896394e+00
1.407356164447308711e+00
5.563081445255650515e+00
4.278507678452487806e-01
1.189040513462338300e+00
4.381241438271820776e+00
4.284167619162309926e+00
3.616376961626653341e-01
5.142980852849871276e+00
2.264713716450953651e+00
3.939396988275326805e+00
4.736957424650755089e-01
1.238131878937511754e+00
2.967922351963210748e+00
2.613912320210273421e+00
2.304303850733679493e+00
2.834334004639463611e+00
8.309944720402211438e-01
1.122667789501941432e-01
5.984536380122225552e+00
1.344983035084656109e+00
3.120226183441903167e+00
1.019693930505914459e+01
1.486642042446535861e+00
1.537992047420722930e+00
6.790687262282771641e+00
1.944426141247888706e+00
4.498195369418962919e+00
6.161692044053628248e-01
8.851490656229284992e-01
1.139550778983407620e+00
6.102541649346028052e+00
9.743631366316957143e-01
7.299887678255415624e-01
4.522369296785971216e+00
3.900802750263090868e+00
2.013748469365729932e+00
6.488239863487498260e-01
4.049001539977230557e+00
1.221370137157090641e+00
2.049703081100306079e+00
3.378481331017464395e+00
5.494790425411325785e+00
2.738090076178273602e+00
1.758271574243662094e+00
5.756468181800114436e+00
7.168742146422208972e-01
5.765058764957842197e-01
3.503363321385945195e+00
4.784613500197240632e-01
2.787830796207856121e+00
1.808470103611982793e+00
9.452317077256779942e-01
2.271092187086634961e+00
6.095738729782596010e+00
1.965027077537017997e+00
3.308056093531994701e+00
7.123523607547000980e-01
4.388117590334055684e+00
1.400129088991875603e+00
1.327552660231030579e+00
1.202621510106871350e+00
1.102156583617759367e+00
4.977911443971049898e+00
3.344086495517567315e+00
8.530062341995412467e+00
1.009748532074513960e+01
1.254371066334003748e+00
1.056171311757049480e+01
1.047595663848663605e+01
3.057183718233813963e+00
1.437526480950209073e+00
1.229603584633013780e+00
4.098993691276601736e-01
3.739256202192211553e+00
1.537108560298123150e+00
5.231900591589965011e+00
2.918066550640229462e+00
8.713551488296986669e-01
2.173126710361455327e+00
1.040890503644988030e+00
1.478994019548009131e+00
5.101555253534125756e-01
1.772278006884005386e+00
9.093794209407446427e-01
7.813925040862468308e-01
3.478814220218749309e+00
4.250270191604410996e+00
6.316436027169378242e+00
5.229905914548425905e+00
7.731994678398987908e+00
6.677772275212653597e+00
5.495006176131506770e+00
5.096496650259856320e-01
1.123840873126586537e+00
1.310575532194026671e+00
7.993381029188419973e+00
2.344175271608494704e+00
1.542662813124593857e+00
1.704046820023954245e+00
8.495797886314930381e+00
5.621327200911092170e+00
6.327510869079968181e+00
1.438898590743371564e+00
2.536999956937898926e+00
5.368142714985351560e+00
1.106733997249093049e+00
2.783383228991882063e+00
2.715519430328567907e+00
8.486736127571017363e-01
3.003891832675872564e+00
7.017288951967155519e+00
2.136077940071312131e+00
1.554675147966645188e+00
4.077366028347128690e+00
2.100000185333503300e+00
3.414932000341297957e+00
3.652255315105288336e+00
6.826734005753490209e+00
1.233031311302195121e+00
4.699279760375003612e-01
3.641321625980038945e+00
3.339133381305784187e+00
2.414414978186051552e+00
1.538193414288818062e+00
1.306403548262396797e+00
1.720136046870906377e+00
8.316392236073467004e+00
1.376744866814972879e+00
1.939536153347147796e+00
1.795794477524550903e+00
3.365857195479060593e+00
7.038759298020300648e+00
4.769031256030300092e+00
4.684333784248541299e+00
1.196891017942208091e+00
4.474503542916742127e+00
5.749247716639287464e-01
4.862472333676086667e-01
6.149459715867384269e+00
1.594400515009240182e+00
1.384998734985820823e+00
6.626398730599281528e+00
2.950805487378412639e+00
3.156668530689783925e+00
4.284343371026072766e+00
3.771150217240976765e+00
1.602222780719928519e+00
3.073232993087664511e+00
9.534389167093385575e-01
1.566821056798345380e+00
2.681268142162495760e+00
1.060268742215424220e+00
3.905932792601532366e+00
9.238798555657208311e-01
1.808494621348498255e+00
5.633336975733661767e+00
3.158169274065319998e-01
2.809583454081959086e+00
1.202021430802837854e+00
1.064972069068639504e+00
4.289762441660270653e+00
1.376997690907324667e+01
1.403275933201691084e+00
3.316189039167608765e+00
3.525398743804288415e+00
2.520608325930487670e+00
3.270952695013053635e+00
4.280377592701271716e+00
4.280590572255172255e+00
2.577405946777433954e+00
1.082195963761601432e+00
1.619166081909718891e+00
8.028215860839644336e+00
2.214307471560767127e+00
1.895067495288965009e+00
1.535424544679249603e+00
1.120407363971031689e+00
9.465332687102191445e-01
3.442739992078172495e+00
3.444296257805709249e+00
2.611366301034150350e+00
2.595637137810368422e+00
7.364060061809285518e-01
5.535754235499770637e+00
3.816050149603651409e+00
5.065869318828149837e+00
2.039742951328286757e+00
1.442543190120391783e+00
2.477213487644773782e+00
1.006430173008410645e+00
1.434700900279550329e+00
1.401942103297848741e+00
2.841649247397619593e+00
1.423827392665802494e+00
2.275816055202701804e+00
2.623804241750165911e+00
2.401900587141034826e+00
3.090574743055278351e+00
4.461941706969288823e+00
3.281136272574244117e+00
8.357934702190028542e-01
8.353099114978622453e+00
8.292552748335976220e-01
2.199687344354738894e+00
2.850539087005441896e+00
2.576517207914113872e+00
9.431960726628695113e+00
2.019978570316821820e+00
3.562509174058845929e+00
5.764783062199406061e+00
3.262828855967086494e-01
1.313788468736486026e+00
3.879038995074059137e+00
1.141614561632317226e+00
1.078095000706922102e+00
1.144042026808751444e+00
2.748890956430987131e+00
2.096091005138422947e+00
1.285914820775418521e+00
2.300018060835125056e+00
2.129186432410373087e+00
2.353211339071558772e+00
3.318854454289029920e+00
1.733539741274652046e+00
3.656767082649770018e-01
2.864217327865731910e+00
1.073262693987759420e+01
1.456448813487685623e+00
2.124952109046719162e+00
5.351951160691165832e+00
3.156608392586529810e+00
5.526957316756401006e+00
2.584137991916871879e+00
1.057934495946645681e+00
2.312012129404704019e+00
1.857106990810530434e+00
8.886315119848298139e+00
1.042350927138936179e+01
4.122252870718572382e+00
1.738431071767337022e+00
1.786402287667673949e+00
6.564047343774813470e+00
7.265447727911664710e-01
1.419896633817139486e+00
6.499488558159345342e-01
2.125681449370834919e+00
2.523494087816149811e+00
5.793104890339826341e+00
3.355529214186498077e+00
6.521342299901278672e+00
8.783316473413796288e+00
6.175934044499309383e-01
3.526290958799942477e+00
5.173903460490926420e+00
1.755558582847692728e+00
4.959129525785441750e-01
1.179024401268358391e+00
1.953184871929862565e+00
3.155295326206298157e+00
2.190786129369425517e+00
1.874467172296583328e+00
3.331515214477384301e+00
7.361443668392301243e-01
9.130042724625267780e+00
2.224989675471344963e+00
2.078424402100028878e+00
7.768786560492665139e+00
1.353937441895352478e+00
2.321750679184750421e+00
2.484145380719963825e+00
2.557245509619738399e+00
2.612317493135953850e+00
1.961500666696310846e+00
2.583965222589541977e+00
7.103917594202065366e+00
8.746335349627790023e+00
4.440476436098707680e+00
7.761515268959697789e-01
3.896494278585296289e+00
1.672208663950684349e+00
3.113592072732339844e+00
1.346252765169177801e+00
2.290405741133229256e+00
2.328219735991010619e+00
1.245243929406901096e+00
2.282240103274085552e+00
1.225576732620601961e+00
8.146627136993768170e-01
1.752473461091412998e+00
1.978341003825427213e+00
3.340572117596707358e-01
3.020321873675182900e+00
1.041380839768550226e+00
3.041836028357762789e+00
1.530904988645577669e+00
1.194697925830379814e+00
3.272544278041004340e+00
7.173809844331615615e+00
4.046118918466092396e+00
1.509163976331557189e+00
3.723997162386472937e+00
2.347357731389620561e+00
1.332546782892676029e+00
1.499564039063319143e+00
3.390098682158441790e+00
1.949992270646619286e+00
1.178448834839127546e+00
2.350951721967455832e+00
1.682723963681879820e+00
3.719142879004074254e-01
3.875963301634620883e+00
4.613737987247366945e+00
4.218664275136047692e+00
9.636739961784233088e-01
7.808382436174642338e-01
1.233694411689183923e+00
2.622997319737134791e+00
2.266742983893913710e+00
8.221422713450939668e+00
8.988671003737694898e-01
1.481422048399147373e+00
6.945971565974844886e+00
1.080623450350915560e+00
1.715650164666943533e+00
1.377985135152860030e+00
3.182929846222304349e+00
1.861765927322781566e+00
9.294709670117777378e+00
1.300756916837042754e+00
3.897361191945920567e+00
2.471155952177265913e+00
1.005757859866213799e+00
3.335156706451638087e+00
2.976218401086264453e+00
1.858298974056325825e+00
4.424731777531441423e+00
1.804558236285137118e+00
1.737245638924476365e+00
8.258869134533006751e-01
3.897510705260700981e+00
5.241265163003322458e-01
1.706009812045883534e+00
5.815775353616550625e+00
2.837523165562082728e+00
3.306259564330200185e+00
2.117534696969597174e+00
1.865276540015030626e+00
1.475611458740867521e+00
1.358596055549528003e+00
9.781219599751918015e-01
5.183543698970816571e+00
1.156710673046887461e+00
9.774225590969168209e+00
3.144822906335208668e+00
8.370203500982107414e+00
2.077624218076132845e+00
3.217845194433635037e+00
1.746548573006597493e+00
2.849030983539955209e+00
1.814434507888504022e+00
2.573329301791142942e+00
2.184772696083908006e+00
2.155609656752537073e-01
4.237237483747498423e+00
1.503772703534175026e+00
9.798722008438069508e+00
3.224339080965905602e+00
2.787557134280849613e+00
4.620287131089344967e+00
4.648854860370968289e+00
3.023549601977010060e+00
1.874600047845822681e+00
1.272305191227294685e+00
2.476433879735671528e+00
2.945502846332632707e+00
1.464137313696685094e+00
1.081991786680922996e+00
2.332381768589959492e+00
2.305970622941536874e+00
8.491894117361376004e-01
5.130199967855499921e+00
2.146405946952771870e+00
1.805659889581328947e+00
3.406503422068958731e+00
4.124768300191637316e+00
2.223107915629568776e+00
1.193018837208074112e+00
1.809509700611342753e+00
7.601844263433979343e+00
3.354657510677378607e+00
2.386127571550829440e+00
5.151590014249931571e-01
9.375748229843683390e-01
3.702067289744469747e+00
6.812192225369768650e+00
2.207291624650574935e+00
2.637777901549224868e+00
2.956693427061709567e+00
1.413174868549765151e+00
1.578474671421154607e+00
2.061154055514964334e+00
6.314922050270453724e+00
6.394439112515179602e+00
1.262612138180269561e+01
9.506479836689618601e-01
3.145572861811517740e+00
3.417320138008480779e+00
1.769247980330085346e+00
2.673514295451195455e+00
3.654942176903715811e+00
3.012690583397724886e+00
2.119497773220080372e+00
4.279382873191669434e-01
1.051487623192557397e+00
8.557250523616858340e-01
5.875567574539886984e+00
3.379907478074035243e+00
3.712785870213725303e+00
8.094071460380811711e-01
7.783363599706389913e-01
3.616074361940970316e+00
2.929246962633257567e+00
8.922774851377722749e-01
2.370096978220949779e+00
2.818394438921654199e+00
2.485408393006836469e+00
2.113270317603319182e+00
7.677843205624416356e+00
1.957873664458818608e+00
6.191604990929302943e+00
2.918109375513310511e+00
7.645101581379563527e+00
5.980928750091956125e-01
5.550036755196003924e+00
5.318388482090279368e+00
2.682917563489207069e+00
6.816364293676366870e-01
6.527784199408828147e-01
1.691819538540762835e+00
3.729332135764622080e+00
3.005777237508817645e+00
5.481960842972656067e+00
5.678987024242229786e+00
2.748631687186837258e+00
1.787565483057177884e+00
1.193212346711973293e+00
7.200576188402656452e-01
1.516399650990296166e+00
1.581333429045178818e+00
2.513962342362185409e-01
2.154108082608680697e+00
2.261732011137040033e+00
2.377283069508161262e+00
1.781031707328021518e+00
1.065996884654110577e+00
1.704401048947955966e+00
5.312825537575072588e+00
1.051462767228474604e+01
1.658662328075282799e+00
3.286945063554949975e+00
1.135657609278208913e+00
6.216646176061616735e+00
4.402625546857367844e+00
4.416551215263765151e+00
7.224205794264944913e+00
5.716752105524814276e+00
1.578777902176873971e+00
2.726743410454404604e+00
5.090013419485210910e-01
3.305923288530458581e+00
2.618124800168303956e+00
2.184540850132705270e+00
5.500000427511847256e+00
1.470448389758363339e+00
6.885065949724524792e+00
1.244454568504073544e+00
4.015979549001804649e+00
3.097041231547992712e+00
6.291629492490583786e+00
8.725841573245768146e+00
2.923269411282992447e+00
4.203989318167881684e-01
9.798620980431608229e-01
1.680692840658293052e+00
2.542004237882719231e+00
3.773193870887175283e+00
7.121276540754030160e-01
3.340178001794276152e+00
1.095897844153065570e+00
3.932985984231578414e+00
1.356810997360113680e+00
2.169605831712952071e+00
2.692843548938117060e+00
4.299408790885650866e+00
1.876843598822655057e+00
1.065300806561390345e+01
2.049675763489003710e+00
9.346839608365742347e-01
1.114236403012840881e+00
1.313205292666483670e+00
1.364214084093815060e+00
1.934695176559816820e+00
5.643727633599747939e+00
1.464859548290548208e+00
3.409091444730814935e+00
1.861764411054596557e+00
2.410637875443131239e+00
1.834008754725730217e+00
6.035280095139644585e-01
2.989907005898553738e+00
3.242560766721961141e+00
1.015896242162672047e+00
3.365163644830339251e+00
1.668814729179056267e+00
1.579058735065503649e+00
1.447187464098884435e+00
6.140572334037091906e+00
2.222283509881969987e+00
4.081329269727082654e+00
5.447067877141861247e-01
1.096240678278596281e+00
8.972261009423680989e+00
2.501235901235694836e+00
7.421479719467671821e-01
1.574649209246268500e+00
1.837758152926479482e+00
3.608220629355497699e+00
3.936326667922860345e+00
3.362988568323923566e+00
2.913794206703052225e+00
6.738657252512030738e+00
9.400109145737991057e+00
6.933976542513285324e+00
5.821546789421432333e-01
4.056289935005829683e+00
9.686041283435024019e-01
1.301560241524026384e+00
5.462809531849133204e-01
6.534493455360929737e+00
2.113281066372707517e+00
4.904109164354008676e+00
8.111700980551735940e-01
2.674916092340128948e+00
4.448755788783037346e+00
7.325647072173488983e-01
4.593799976093470683e+00
9.295059433928168913e-01
1.219914883157883212e+00
1.912099550292342798e+00
6.956908666205040781e+00
3.536777543781675637e-01
1.454278503235857167e+00
6.209203766998793839e+00
3.084008149452491132e+00
1.959551032804014659e+00
3.011754991884779908e+00
5.201151544720312714e+00
2.259088968353891946e+00
1.400537822290140788e+00
1.469243892843817179e+00
4.805222641539186879e-01
5.473645171840306745e-01
4.000406382037327901e+00
2.105085508726342258e+00
1.294851776906625673e+00
6.718147377332016390e+00
8.974525555324888160e-01
7.507250404950296385e-01
2.743793681217108205e+00
2.523358025696877061e+00
4.561359430675997473e+00
1.194800220345881847e+00
2.478853029385897244e+00
4.554387293192467823e+00
3.801233105475618324e+00
6.103044407943332139e+00
9.339194653305225025e-01
2.761363586570715789e+00
8.353359539857692084e+00
2.320289788715851120e+00
6.825855135916436556e-01
1.992054990037655182e+00
8.294168899573802767e-01
5.600923188996418389e+00
2.059375187316855538e+00
4.045093818696621213e+00
6.727884448530199180e+00
1.795097079077160984e+00
6.002437143801113706e+00
1.151458549309674728e+00
2.468722920998439818e+00
9.081508495723954466e-01
5.402051416312441567e+00
2.144791324114716957e+00
1.075913181506085836e+00
3.250601962556512792e+00
4.585213955158947141e-01
2.737689046999463471e+00
2.719474846463881601e+00
1.195396125250776542e+01
1.390312826068155427e+00
5.848906570187378584e+00
7.792691480933718884e-01
2.516569923000009368e+00
3.844237058088650461e+00
3.745544396866302250e+00
1.774493368068762456e+00
1.949137654672144837e+00
1.428479060122291422e+00
2.618242857624258235e+00
3.380799065174330043e+00
3.245935715595893889e+00
1.525315261095165686e+00
4.866537459564771240e+00
1.689266580699919862e+00
2.390518698627067451e+00
4.267461135710480136e+00
4.167390054935014021e+00
4.898208571794338440e+00
1.303210935373775747e+00
8.197497385083106991e+00
2.680378541076260834e+00
1.622259977650897023e+00
2.094897604961686088e+00
1.086267091862258560e+01
2.011486719842511040e+00
1.534598267815132866e+00
4.004644646123352913e+00
2.825219065026398635e+00
7.746204179695579395e-01
1.669535064302434701e+00
3.891458128929759397e+00
1.852840584407765112e+00
2.381615163600251606e+00
6.177868899742816389e+00
1.842905506316662834e+00
3.602259826533918741e+00
3.134831445291668128e+00
3.194959872538879697e+00
2.454166394345526303e+00
4.705099540300733407e-01
2.808894466269579393e+00
5.139528959009171949e+00
1.230117223059521647e+00
4.271476186760328808e+00
1.693719970953190712e+00
4.166253681580128543e+00
3.046823154649916265e+00
2.621640634684194282e+00
1.017388557454979914e+00
5.331213451654583046e+00
2.437624775220387896e+00
3.311884390669772138e+00
4.829464331859807946e-01
3.022948917876149277e+00
1.236116251606949490e+00
1.021507060616526852e+00
2.210334271780241000e+00
5.606125048504415176e+00
3.855338772153068749e+00
5.530455914643976900e-01
1.014021717029636704e+01
4.185152350118508835e+00
3.318784920234807867e+00
1.710734321171974770e+00
4.865030052266298810e+00
1.471206558184194213e+00
1.596812500594382733e+00
5.174361587395769568e+00
6.527434682412027733e-01
3.003077022369708082e+00
2.943772320144128596e+00
1.626938298630070667e+00
9.339070970155415097e+00
4.611976021714809804e-01
1.290707394760876703e+00
4.747290081791638805e+00
3.263607446187141381e+00
1.391975357949394754e+00
4.528223687747706450e+00
3.104740929267135741e+00
3.176073122582266706e+00
5.937434573078118838e+00
3.691049100306435182e+00
3.874348287974402893e+00
1.127581144187469908e+00
1.577399075111503568e-01
3.430420068913327292e+00
2.474329532665228371e+00
5.150575142993849553e+00
1.203427483738010562e+00
2.223727754542230706e+00
1.768091297606941392e+00
1.772227306118662193e+00
1.248177203316726436e+00
1.641454953245619075e+00
2.310354087628071262e+00
1.490884391382527818e+00
2.124628444562296714e+00
2.129008151152094630e+00
1.372884316076631750e+00
3.720484709782727162e+00
4.860634664832291563e+00
3.231805757321723593e+00
6.494108546066490462e+00
3.488787474331400684e+00
9.050269536462681730e-01
3.165869174188645108e+00
1.227470852465479600e+00
2.751352399290345918e+00
3.451727640554511645e+00
1.286137629528520510e+00
3.575221218761477360e+00
1.940968933489019221e+00
1.068658864054460800e+01
2.702561714101715751e+00
2.107630098799953888e+00
2.527234451275658156e+00
8.830044825265771280e+00
3.635114424448124826e+00
1.407499808225062488e+00
1.088153305710556573e+00
1.778385468966718674e+00
2.821151542343566465e+00
3.939197029368721181e-01
3.237468944086463019e+00
1.546332450033717221e+00
1.482352064789113300e+00
2.608959550755699297e+00
2.755329266640293984e+00
2.726030319898372856e+00
1.599870820953908090e+00
5.791512011972723251e+00
2.643935002594115069e+00
4.932893066748631483e+00
4.342787047716303306e+00
1.745048960550239725e+00
3.935303435033764785e+00
5.141537223813757329e+00
2.590316941329708023e+00
1.933047668770461469e-01
5.925192624465507762e+00
1.532381255723862523e+00
9.475072158148250878e+00
6.820188391087441460e+00
4.621266238550481575e-01
3.216325424303124514e+00
1.997583790842452078e+00
1.478872904390478471e+00
2.473375565976095647e+00
2.070530649684431790e+00
2.142928029498612830e+00
2.138320394070776675e+00
2.264318730097379273e+00
2.572265017798189390e+00
2.865641573490528837e-01
1.783265292184457174e+00
1.847358627510706786e+00
9.202210235177259889e+00
2.151710917246294041e+00
3.870415878476078930e+00
2.004483147325312409e+00
1.469283833081687529e+00
8.854692072204924713e+00
3.909168962059565544e+00
1.322202241274667012e+00
4.873230991270043333e+00
6.087626414646180706e+00
5.685251310710255801e+00
1.019990557625718219e+00
6.023666991785459057e-01
4.737002607746086724e+00
3.490514444375739878e+00
3.149605501873677493e+00
5.831027346580985871e+00
4.680890758342042268e+00
2.384522352652047594e+00
1.781337534114142862e+00
2.875359840034904302e+00
1.103976519909855236e+00
1.642456485329487403e+00
2.765274621190353610e+00
2.566132997322356779e+00
3.136649394255224266e+00
3.771290976286504559e+00
5.553078154821406542e+00
5.337215709983796907e-01
1.135972082123285265e+00
1.315614383148970390e+00
1.443179340749898509e+00
2.069060423686152284e+00
3.824801671951395310e+00
1.816571921472156292e+00
4.206120202006749409e+00
3.961654214600005997e+00
5.582322627383197400e+00
2.722260807856719200e+00
2.934051361193584118e+00
2.909429578509118208e+00
4.290711831956451228e+00
2.544471626619017268e+00
6.503523133101153597e+00
3.514320653932936356e+00
6.459280086590417636e-01
5.778953489306873692e+00
2.882738644869644151e+00
1.184562813778071710e+00
3.239087148558799978e+00
1.201018066194066147e+00
1.066690246684336874e+00
2.636306267946882720e+00
2.732409334799528189e+00
2.591660352890392094e+00
1.560812659642558886e+00
8.781008825375407056e+00
3.120028020932887891e+00
2.774566690477557440e+00
2.697269987076782893e+00
4.633244474893657205e+00
2.077586751312669122e+00
1.173319667273136968e+00
2.832065001284977512e+00
6.324155760312167196e+00
4.283203609023080283e+00
1.841974347603170470e+00
2.520965362333481785e+00
2.632345976440939150e+00
2.180793479372316324e-01
7.070179028704735913e+00
2.078563130129493786e+00
5.479016156194870035e+00
2.184481056608709171e+00
2.008914662533950679e+00
7.179509336180628587e+00
9.241413614608822158e-01
5.956348699335897834e+00
4.264428477562085540e+00
7.623028506284925676e-01
9.393351770140706547e-01
1.854436969737327079e+00
6.487537804984043532e+00
9.156719175644321140e-01
5.625545921841736963e+00
7.239618428640339776e-01
3.311944740696926903e+00
1.589125660203447588e+00
2.724924204464086674e+00
1.096301893336650402e+00
5.793039693762390918e+00
2.097963160039888031e+00
3.824758148664815671e+00
4.769119964954757762e+00
3.380846488202212896e+00
1.114789778513457286e+00
5.154305601923385716e+00
6.947199259577004682e+00
2.678936919582394882e+00
2.662822222173432340e+00
1.151628612532544116e+00
8.053176456762866087e-01
5.867788660648447063e+00
1.297472905516954356e+01
2.631465043960128369e+00
3.619387242918747472e+00
7.635057761470065429e-01
4.293041640454776875e+00
1.837731463409894461e+00
1.934449381305690441e+00
1.533579324815198763e+00
2.070666242439299420e+00
2.829796707845070092e+00
3.031895952153809137e+00
1.489405353379483099e+00
1.820516850006143050e+00
2.532576070202049223e+00
2.918448058654788735e+00
3.326127383592124787e+00
2.055046910600717869e+00
5.383081883000440548e+00
7.743415056903533156e-01
7.190998503584065560e+00
4.928334144911970527e-01
2.572461648480611096e+00
2.408336326129960625e+00
1.735137332458444703e+00
2.311570672026080242e+00
1.229294399616820410e+00
1.251977011209985946e+00
7.805468102115243889e-01
6.377738085832764803e+00
2.121480773240839390e+00
2.478020808261712116e+00
1.920093350828047774e+00
4.124209211523513829e+00
4.945287202412297134e+00
3.466263583599974218e+00
7.655947681236904501e+00
1.760669056033507651e+00
1.426832768013003738e+00
1.104728893999538553e+00
1.285195102496402564e+00
2.239141166145906858e+00
2.257148726739828248e+00
1.978586302938914576e+00
1.211618017216645748e+00
2.064390199870284714e+00
7.197108022091434076e-01
1.403521286441102411e+00
1.782650645335581263e+00
2.215337653173334420e+00
1.432378285538200346e+00
2.425805273152549013e+00
3.430479556859797885e+00
2.570453360512751750e+00
4.015650194796703265e-01
7.797692788027640098e+00
1.293512265977369458e+00
1.279880188815653019e+00
2.127029111043341025e+00
7.505191508085655716e-01
1.084944076306833693e+01
1.433420272905080006e+00
1.402792411807561646e+00
9.351899781148926838e-01
1.872572457232080989e+00
1.288694624214500983e+00
4.459330900901487205e+00
2.656141615731048233e+00
2.337162871134843112e+00
1.823692576647203856e+00
7.921596078358580373e-01
6.298370480737705002e+00
4.705390280419228688e+00
2.409384560996559621e+00
1.789398790269999484e+00
5.363496018448500990e+00
3.289596648236944532e+00
2.381076834867822178e+00
6.724513619706219414e-01
7.529788246087769643e-01
1.017028781354432088e+00
1.110017116142670401e+00
2.134247199783297244e+00
2.415824019618139751e+00
1.187615710965890026e+00
4.872528408482657447e+00
5.548817267135012221e-01
2.070241223189878799e+00
2.043756804426469120e+00
8.616718413158377388e-01
6.390014907984275183e+00
1.538238718056792909e+00
8.365903715469529267e-01
1.051277202433101854e+00
1.402534827720774979e+00
6.322243087739388701e-01
1.906048187183826403e+00
4.793121298521868745e+00
1.411846497071029383e+00
3.395458723114110011e+00
2.808355541816018874e+00
4.819278569641340937e+00
3.700516907948993683e+00
3.436048892392178811e+00
4.672817843470676635e+00
1.176088229724081780e+00
2.458155187355149263e+00
4.178003483092827430e+00
7.191891830464219870e-01
5.252926570538203777e+00
1.864502185480711116e+00
3.032605154759001831e+00
2.561439659016353509e+00
4.513233803385928056e+00
1.253358584650833718e+00
8.140032674187972717e+00
4.321828192826944637e+00
1.389552483163803309e+00
1.732763502703671632e+00
9.415124978302106484e+00
3.265955744983896292e+00
2.294700013334127764e+00
5.070036817291437181e+00
1.474533961854174402e+00
8.727617341154195074e+00
3.994577653145630958e+00
3.238679537529718377e+00
4.930771704375568554e+00
1.271304416645554713e+00
1.845709398059391049e+00
2.736112358156501223e+00
2.735710537062133074e+00
6.292752328660581318e-01
2.084372258173075032e+00
3.049835791414068797e+00
3.714573102478611055e+00
4.854992223678573637e+00
9.490316887928709200e-01
8.116497961197410405e+00
4.844048459171580667e+00
2.887630769306641199e+00
4.915441375398115653e+00
1.320329371409485253e+00
1.276153308381148044e+00
1.818827569114459086e+00
5.001077600662443778e+00
2.241707979101402071e+00
1.727672404593572297e+00
6.024704270210452073e+00
2.846352881855696904e+00
3.573198664296885596e+00
3.890255590036368449e+00
1.530300301016171316e+00
5.422757820894635650e+00
1.990359966032623884e+00
2.002351463551460764e+00
1.727977572281642393e+00
5.449513581499354054e+00
8.952199545359773580e-01
5.318310826089582832e+00
8.866176645104991039e+00
2.392403862718211371e+00
1.075792098708920896e+00
5.778441793275805871e-01
9.608793085622095997e-01
6.860078911394744239e+00
7.209907850284559494e+00
1.103101557373578512e+00
1.194723632782613398e+00
1.231818388337416303e+00
3.711750952087971900e+00
8.449298709596293477e-01
4.231692193245623734e+00
2.887790535436137951e+00
1.049525147386331181e+00
9.128570769359874992e-01
2.750796695575588036e+00
1.121236407468455543e+00
9.303027739506969596e+00
1.664891515406985656e+00
3.406599271635401216e+00
3.385503531437535685e+00
4.658097688379482015e+00
7.424913951789148037e+00
2.168007435447395714e+00
1.255862908193512695e+01
2.327757803954517257e+00
2.171421865256885297e+00
4.120898699481922556e+00
1.121190332540012546e+00
1.034068781255001790e+00
1.546899636735440398e+00
6.009337160398191102e+00
3.191673353490595666e+00
3.426426529913375152e+00
8.479577413641793404e-01
5.353963132599872665e+00
3.419946282862133646e+00
2.484382575773818047e+00
5.323842617048505588e+00
1.595603627165179894e+00
7.233461362163143171e+00
1.091620450428304023e+00
9.148847952785778004e-01
1.079502335888778974e+00
6.667588623950689852e-01
4.940931553060334380e+00
6.330314298577961463e-01
1.020508004288178006e+00
5.137493472375653347e+00
1.841932378938638815e+00
1.740585418719506450e+00
2.318086875772512823e+00
1.966927424293284155e+00
5.466039658733027551e+00
1.376860107479437101e+00
2.456610465999080617e+00
1.896150508591952999e+00
1.563992552282489346e+00
2.551667263997506652e+00
1.605840441567343735e+00
1.222874641726365619e+00
2.097370415010567424e+00
1.654320013504245068e+00
6.959081797800562796e+00
1.224662232202087031e+00
1.861426661963995421e+00
1.979913121049634794e+00
2.819711663790962497e+00
1.850417202967487462e+00
1.180922475430323582e+00
9.146225391829424511e-01
1.154234546025013852e+00
1.888601392160544901e+00
3.585488750274864245e+00
1.282944968196483293e+00
2.914271857738983673e-01
1.154334167546353873e+00
2.393868332336342775e+00
4.567939254316233821e+00
1.032397527784199465e+00
2.084619194690810140e+00
7.018602645346544655e+00
3.272481588551919618e+00
3.443316932701739219e+00
4.072194092111199204e+00
1.491487138103222865e+00
1.191230192631775253e+01
5.667535316667921208e+00
2.343747716125134328e+00
2.962762385612681904e+00
2.194932766640525834e+00
1.700829330937642103e+00
9.934606314830030094e-01
6.183409189624421431e-01
1.104086593708313302e+00
2.344808101959230839e+00
7.080837865503505135e+00
6.669698524789628102e+00
1.316920990185666662e+00
2.053113535606657436e+00
1.474291566276048071e+00
2.178715278929884924e+00
1.327987947737556684e+00
1.044505942377689234e+00
5.884302774632885757e+00
1.091396105996368604e+00
1.850342802589572067e+00
4.870151782235532245e+00
1.118810563112224266e+00
7.197694111927105398e-01
1.105285600032538618e+00
3.225842721304507332e+00
1.971890729114151863e+00
1.261534992524979026e+00
4.779737641992344521e+00
6.032784670383446013e+00
3.082499894853141242e+00
1.566466454017690912e+00
1.706384613389140714e+00
5.139636628543438945e+00
1.547745734128033179e+00
7.960204577387145264e+00
9.016177448150414220e-01
2.847744185949238283e+00
8.590201978677173278e-01
1.473710975196345974e+00
4.411961757759060632e+00
1.611525876957186076e+00
3.709655411457601026e+00
2.927642064723795734e+00
2.117870648500953523e-01
4.407060489954745641e+00
4.587361019596068346e+00
4.152723738081340876e+00
2.732661868905310598e+00
1.840602420476531442e+00
1.890639556748020533e+00
5.650354801955476125e-01
1.347530906216057422e+00
2.013149589342668300e+00
8.480233326983765973e-01
3.900796337099650568e+00
8.366228065007034198e-01
7.175957215139932899e+00
8.548355206663487138e-01
2.411684877820719830e+00
1.986325389090053850e+00
6.997999637671616924e+00
5.814067558809683511e-01
1.324658055179431582e+00
1.323450780514691161e+01
1.145454461898851362e+00
1.934405660226015788e+00
2.002525104797437727e+00
3.109797984793662540e+00
9.767410868930610501e-01
3.450693843838637864e+00
3.409546033256117603e+00
1.538714573929965912e+00
1.750964180905115519e+00
7.273836294777429323e-01
3.380953707299997113e+00
9.887651865159021725e+00
3.675630845894006793e+00
1.178669857549625943e+00
2.783403509259995356e+00
5.248992011868116592e+00
2.323135257247674001e+00
1.652615662797409346e+00
1.088399180230577468e+00
3.681711327427412694e+00
2.359454736500674166e+00
4.470963710033099225e+00
4.208919324218724611e+00
2.877560637865605564e+00
7.358897802576516156e+00
2.186249014351191011e+00
4.496718144851352128e-01
2.134269850315905881e+00
4.983809096301617281e+00
9.349929320987634185e+00
2.311786978041298291e+00
1.096733678585306393e+01
2.863324165566511148e+00
4.290961971546597198e+00
2.252611547877140019e+00
2.291443330617270568e+00
1.866738163452685395e+00
6.253085960156750112e+00
6.139834748159644917e+00
3.244951058325149962e+00
1.993013126446957939e+00
8.472944479780499805e+00
3.201232718926317222e+00
7.312379116493078257e+00
8.570665184373025269e-01
9.828928682897738467e-01
5.707142113039015641e+00
1.510135876714390868e+00
3.685702372623034795e-01
1.071754132309580720e+00
6.368548184158179915e+00
1.423562159855908282e+00
5.213871173075268484e-01
1.341822469043209232e+01
4.904686709660714961e+00
1.135341151518981073e+00
5.120497445234076794e-01
6.053257513545342583e+00
8.687807569057394153e-01
1.254079012890729317e+00
2.902724377991302340e+00
1.316318893239659360e+01
1.472466452502206868e+00
3.163466268165692430e+00
3.194567437831825618e+00
9.398100774039614969e-01
1.897154120164274760e+00
1.031999131121946522e+00
6.188213079233303660e+00
3.235817815112755458e+00
2.302233982031687276e+00
1.024731463449141788e+00
2.883305672839576950e+00
3.262474638280681294e+00
1.835336854263233564e+00
3.677760898969678394e+00
2.391886991144063224e+00
2.518900100170796019e+00
8.190347502236086541e+00
2.203333236388589356e+00
9.307530452170513779e-01
1.196518226167711951e+01
3.748139491329521622e+00
1.192684425668374182e+00
1.754991503812929121e+00
4.222380526918978028e+00
8.338250429771992822e-01
3.122591034370778118e+00
6.355588375622697406e+00
4.027977729362480552e+00
2.506739724861130281e+00
2.119755478119236258e+00
5.926896185554006102e+00
3.787020165987006415e+00
3.106219989983361796e+00
2.276221190482403678e+00
1.640533427124179155e+00
2.024986994959354192e+00
9.343388964164224264e-01
1.015599692691012912e+00
2.495012688037278714e+00
1.598370006563961665e+00
1.784699334172269447e+00
1.598985449854355645e+00
2.696043619394170143e+00
2.317761377793717603e+00
4.196077608263403036e+00
1.823217667995362889e+00
1.430306230720390648e+00
7.932459512806167012e-01
5.511404229248002551e-01
3.426084345010014687e+00
2.408278202524753997e+00
5.142208944541213356e+00
2.807656745795600095e+00
3.771266595820742307e+00
3.573241436452059716e+00
1.803245553684331703e+00
8.862039748470968981e-01
1.821785189528678295e+00
1.394919852862072540e+00
3.033806572823884551e+00
5.147487378948656378e+00
5.703759673462802660e-01
8.099855781599417659e-01
1.200284664350250718e+00
6.985091716096152314e-01
1.081859506839678708e+01
3.394184857394760169e+00
3.876198294675160527e-01
7.053963906849181953e+00
1.321419436140793602e+00
1.548972824864875530e+00
2.300982025882276183e+00
2.791134255000965236e+00
6.446148436442862284e-01
3.754911914889210167e-01
3.723502089970275986e+00
4.444765480512426592e+00
7.889971677473853973e+00
2.129699824803870989e+00
1.014490849558843388e+00
1.060595708629439393e+01
2.398431029383607083e+00
8.515695642087633965e-01
1.850882971133568811e+00
3.690773734894096325e+00
1.250496108305615417e+00
5.812588978446846522e-01
4.657596985064356154e+00
7.954049310208862522e+00
3.740744508060766194e+00
1.564501993583661266e+00
4.475914689599790997e+00
1.502512321568859166e+00
7.423483373399566432e-01
5.714228883493819300e-01
1.483792948288824576e+00
6.971312532480211210e+00
1.455885922258962628e+00
3.359334573708177452e+00
2.561592243880545627e+00
4.031244077537510795e-01
1.454893617486697321e+00
1.603525285534837419e+00
6.001219481648051080e+00
2.999660424843135775e+00
2.909212759882734645e+00
4.745926861097493621e+00
1.605080907145168823e+00
7.219437204243516204e-01
1.752391990642408581e+00
5.634123045119370232e+00
4.506049905899825347e+00
1.914486532119207940e+00
4.583847236360982791e+00
2.583639329866509016e+00
1.812641622645294159e+00
3.260997917740903862e+00
8.722822886229774086e-01
2.638896628337626282e+00
6.481866495586202648e-01
3.681521433356201634e+00
9.074952366314292806e-01
3.598785270081269250e+00
2.381071480504830085e+00
9.020897067084036047e-01
3.978945679669695590e+00
6.749671294338866367e+00
3.961506903802697099e+00
2.298470406314117920e+00
4.332476517740670552e+00
3.252911265722238543e+00
1.033894874537891795e+01
2.874791304569193517e+00
1.500714506920235225e+00
5.279927291147695101e+00
1.155119508886314872e+00
1.463402906522822233e+00
1.559538733844214153e+00
2.848171664411755621e+00
2.591998617089174228e+00
1.603398711398619891e+00
5.279323466923809605e+00
4.698414739461365563e+00
1.287347735723442410e+00
5.797843970327159369e+00
3.144953315888453282e+00
1.730625887047863687e+00
1.551653566540113438e+00
1.090879803671175541e+00
1.486846082476650066e+00
6.254395294875351397e+00
3.642414612239503580e+00
7.871700759905750466e+00
4.775215300959762210e+00
2.296431752136744553e+00
2.337688099748067572e+00
1.418564853411366400e+00
1.317622502296184051e+00
3.854832813984086393e+00
2.580648469982332660e+00
1.300089422166399222e+00
1.566215736101001621e+00
2.393763731818522089e+00
4.901151295275000486e+00
1.882972048194978543e+00
3.207768542697365000e+00
3.462535156944066994e+00
4.261545837985549312e+00
4.858584457082723240e+00
1.203445416093260167e+00
8.423821114877855010e+00
5.042851504356127279e+00
2.460017629171560305e+00
2.747325579223355074e+00
2.514039815274319078e+00
3.873429883878369839e+00
9.796869675393958588e+00
9.029806539452390757e-01
1.145284717181297207e+00
2.906740713048070912e+00
2.372968860393462887e+00
2.003270328725721861e+00
2.193654799261650079e-01
5.668974426631907537e-01
1.064745451212316851e+01
3.956672913031794359e+00
2.485927583330011181e+00
4.853495758004918947e+00
2.270866128538257200e+00
2.121119368846830611e+00
2.118006621654980659e+00
4.751804067885498029e+00
1.768434660846207152e+00
2.350655175028798283e+00
3.800202714870791088e+00
2.227698726530905837e+00
3.103596670105782884e+00
9.626331705879641376e+00
4.330916665157663381e+00
2.149382031640898916e+00
1.837082232320482511e+00
1.084068497675746645e+00
4.376244657950667083e+00
4.763418422244656725e+00
1.432080230505361262e+00
1.246368743994508366e+00
5.383949032232692389e+00
2.622923933107883965e+00
2.471106320966149017e+00
3.250574761131150847e+00
2.478063102922023475e+00
3.888649200436790743e+00
1.687899236827238525e+00
3.318752046460693439e+00
9.476833685628779591e+00
1.617688462629265800e+00
9.740391960643188796e-01
1.760314377806613928e+00
3.352276040027474480e+00
4.155768843020962167e-01
1.804151331905685218e+00
2.280278769429927355e+00
3.872622254825172750e+00
3.815356953859790234e+00
2.803856589700636004e+00
2.162835418431604761e+00
2.754707998591651830e+00
1.643386174295919488e+00
3.104985496883845730e+00
1.624529201170980652e+00
1.930467040304129966e+00
2.268998650664624250e+00
1.587997391406030800e+00
8.153726246160017954e-01
5.756961002661660665e+00
3.947336601143824009e+00
2.042850761565861983e+00
4.434426374525464176e+00
8.021495559706055545e-01
3.881034387071804925e+00
7.656005388098503062e+00
3.106238538183858200e+00
1.194827394857358449e+00
1.365190863187598191e+00
3.508387570131957123e+00
2.207825792912856688e-01
1.419093004041657169e+00
7.521493734883373250e+00
8.947522610766933227e+00
6.188106579849754763e-01
6.395838464532004330e-01
1.758482366472935432e+00
1.677673226140268037e+00
9.656652730014352315e-01
3.621308234343989518e+00
8.701684629303977347e-01
4.416746751840469720e+00
1.467208900799372495e+00
3.745704211098979108e+00
4.160465502592773923e+00
3.978774478801758274e+00
1.934225726206667995e+00
9.897386984112686026e-01
5.433565216813315502e+00
2.386456666440448515e+00
2.663221153320195267e+00
1.407254463681673284e+00
3.373805540450033558e+00
7.811212444953215872e+00
1.310305965094514580e+00
2.626710174225981742e+00
4.890047426900872019e+00
1.473216070632529018e+00
2.066193058375673353e+00
1.035878271615342960e+00
2.068886800631537515e+00
2.085955902176380050e+00
1.535887837917703003e+00
3.200620956297394737e-01
4.616628078074038299e+00
1.207748057132639108e+00
1.343993740320057917e+00
2.420881136256277877e+00
1.210270752548472384e+00
2.083111802415986702e+00
1.037049845880855470e+00
1.069472159288641810e+00
1.965853009143374575e+00
6.346079787253600557e+00
8.742233858172019367e-01
3.017692933749201445e-01
2.421277448184596448e+00
1.074610214386947149e+00
2.615109595355591843e+00
1.647416178524663710e+00
3.377216193552308177e+00
7.013949443410909090e+00
2.547418373591896046e+00
3.927568806162277326e+00
7.292572137811453636e+00
5.097054014719760495e+00
2.769335046551861801e+00
2.426967520359174291e+00
2.405708987666969279e+00
2.652663475618944666e+00
1.172575615348258271e+00
8.055741578296936600e-01
3.251818832668949000e+00
2.027099313421677262e+00
5.273794583084074894e-01
4.247068640525577976e+00
6.054512557009084084e+00
1.107043607731119828e+01
1.394436222859343211e+00
1.680896214253893226e-02
4.317197634410130935e-01
1.907280342099693549e+00
1.857128891988023778e+00
2.810326749620835063e+00
3.390792331134680371e+00
2.781289644878655043e+00
3.707418819011080835e+00
6.007450861201691916e-01
1.281602236353948987e+00
3.859879297852517155e+00
6.910841384030630419e-01
8.039581104958692936e-01
2.153222708558603316e+00
4.060311059421247037e+00
1.774305625074302561e+00
4.449358106046955363e+00
1.967934241869812695e+00
4.915009053692665497e-01
9.365595386440920267e-01
5.956323131655429037e+00
3.373621323235540981e+00
1.054795783823020727e+01
2.308866347720834433e+00
2.918612405627458717e+00
5.801345658386484416e+00
1.930355416759019560e+00
2.370598014726271963e+00
4.593363965660212322e+00
4.533415819104046562e+00
1.228062275576830897e+00
1.013565963447231377e+00
1.303499472367761980e+00
3.260514043135403384e+00
7.139228522788240383e+00
5.404234315062475424e+00
1.357043018572023030e+00
1.264879997262832667e+01
8.409094532166163205e+00
2.713481295830246331e+00
7.490536830666584933e+00
2.044532373211139120e+00
2.019213116915954842e+00
2.719715309223609268e+00
1.255478399090652175e+00
1.728490322555821912e+00
3.324755804296726236e+00
5.219372242822555297e-01
1.680105429136391493e+00
1.595559743826809651e+00
8.547717147099258561e-01
2.892243878550863734e+00
5.031190748523094669e+00
2.656483720671580340e+00
1.890054202371094672e+00
2.322202980584378462e+00
4.634621939525020551e+00
3.128730839439872735e+00
2.695410628931950381e+00
6.350786933074827889e-01
1.242095711417200876e+00
1.846259425027011014e+00
2.713213313460236087e+00
2.837468467018245732e+00
1.343592940398725899e+00
7.863009086874702680e-01
2.604031712093931805e+00
1.509540702739182061e+00
6.293721276972953360e-01
7.849389453219377089e+00
6.077016064201650192e-01
5.538733940171018943e+00
2.882026813287639655e+00
7.998460429681349959e-01
9.325292712873979317e-01
1.603502864084020541e+00
8.028986727972678983e-01
2.523907886731389993e+00
2.295629483874529253e+00
2.593084129592661213e+00
1.309780617568878869e+00
2.019462148514646227e+00
4.548122499120617945e+00
3.019454815677051318e+00
6.012408143267158778e+00
6.205374468961013523e-01
2.493116442818883893e+00
2.555177172974476552e+00
1.066843997452031978e+01
6.476582533438929312e-01
2.261689963693894523e+00
5.784447913411313591e-01
3.795560769918501887e+00
1.354649902487086388e+00
2.179882087709597460e+00
2.126393532319049040e+00
3.589181293008605778e+00
4.290935916634524006e+00
5.991131545252187385e-01
1.109724970361581464e+00
1.559754693303676332e+00
5.179066763413848751e-01
5.680603474482179394e+00
1.199332181822284626e+00
1.861228167916703091e+00
1.035104310495949864e+00
2.005935159069399010e+00
7.044987281333208173e+00
1.246634902252655053e+00
7.303616709593032219e+00
1.722575954424789169e+00
6.823960664185922953e-01
2.264653967896460562e-01
7.956360843169556496e-01
2.741150408273631545e+00
5.866197907642694886e+00
2.211849165362677283e+00
2.569723486863317419e+00
3.482002340602229351e-01
2.507619970629209494e+00
1.411337522810147460e+00
2.425219776276040573e+00
1.228668370651708308e+00
1.251517795995683580e+00
2.712123528918924276e+00
6.824061081723293842e-01
2.740022259269523364e+00
1.612353424076197195e+00
7.072786254114173943e+00
2.121822239845723601e+00
2.309214155054591711e+00
3.795873336435374501e+00
7.458266184788117314e+00
4.146641967859565625e+00
2.581268263473686986e+00
1.084015648624870209e+00
3.089158715178158765e+00
1.994582948340725137e+00
1.161224082411131286e+00
7.103935480944627567e-01
1.382217590600465895e+00
1.489838508031552822e+00
1.879736638825716621e+00
7.808640699696394183e-01
2.498891612121437067e+00
2.509739676344572956e+00
2.085991769263007001e+00
3.814386556410871876e+00
4.461445738583347254e-01
2.689634605763560504e+00
6.709726841697246646e-01
1.468502707999127299e+00
1.513841878875704428e+00
1.068952535444119967e+01
2.298126005367016944e+00
2.869364032434290390e+00
2.558184988299183171e+00
2.077279359061377395e+00
3.636118694139848451e+00
3.213005056002570914e+00
2.351508411329591652e+00
3.478173913406913176e+00
2.124232655317100260e+00
3.407162227462488868e+00
2.113301491168003921e+00
1.801360209962099113e+00
1.490099176854766672e+00
5.711462387506204053e+00
7.077591246142202586e+00
4.465515919907987907e+00
9.132712221067203373e+00
6.542446710425416256e+00
1.378727654111549628e+00
4.960997839233415085e+00
5.681845877181157078e+00
1.612518464294586895e+00
2.212507001222684178e+00
3.156490042213529357e+00
1.058129208935879140e+00
2.717856656126155457e+00
1.224032582774394085e+00
3.111918926097029026e+00
3.559963931226181710e+00
1.971761379314300955e+00
2.931709233952866533e+00
4.792605394203195424e+00
7.502242449599181295e-01
2.372431281669601155e+00
1.555426918996170915e+00
2.310460987633364827e+00
8.427449004111805309e+00
4.404007915102441828e+00
2.200951657471259537e+00
2.821115168801247464e+00
4.734578820907857200e+00
1.027667468888762414e+01
6.280926310577349625e+00
2.472713435665760962e+00
2.799025046108176706e+00
4.297506181365585043e+00
3.948301577495157144e-02
4.085553114473234881e-01
2.069291399886529881e+00
3.180075026119252080e+00
1.921676381501867814e+00
2.189847098059386710e+00
2.227335838661725465e+00
8.913595835042645854e-01
6.959398453813141483e-01
2.503279817258680762e+00
1.967927084432506968e+00
1.614047362116779238e+00
1.461900962379924396e+00
2.138972485747339114e+00
9.224832370673682336e-01
5.773728679176348244e+00
3.296971349323571054e+00
2.073520977671449828e+00
3.305993636523483659e+00
1.429952974380076514e+00
9.817919409582576140e-01
9.256438480854874973e-01
1.127724668260507546e+00
1.678099354511591867e+00
7.021527036965915514e+00
2.911807209153680187e+00
4.518806038334980402e-01
7.491879028140590258e+00
9.532190398540530962e-01
5.439125270478843532e+00
3.346909226495863976e+00
4.381153953776090404e+00
1.926214239199171896e+00
7.813672996668565851e+00
2.643473543593243047e+00
1.015294932316660059e+01
7.074192489277816298e-01
3.679740137790042276e+00
3.616724136148463664e+00
3.866512095351366085e+00
6.332772241173531214e+00
1.991477159270678143e+00
7.128644500196306133e+00
1.588759859902750371e+00
2.158446348114352098e+00
1.871406055657331535e+00
1.922018611300390978e+00
1.614785261031980834e+00
1.125515457125519703e+00
1.999656968442318217e+00
2.632641624048278839e+00
2.803302022648758829e+00
1.453819910376854763e+00
2.249180099791686871e+00
2.082010013311658359e+00
1.008704831853748152e+00
8.916372905819793360e+00
2.629279185430763111e+00
4.216594250253738352e+00
2.163478799003764941e+00
2.678568102407841156e+00
6.722884874163585600e+00
4.973167204452764167e+00
7.696690248004073309e-01
2.030442112108865604e+00
6.750319104050118701e-01
1.063211034516534648e+00
7.397365651262267860e+00
1.592869796058686171e+00
2.774592044925921819e+00
2.170265369049064308e+00
1.161884915999785495e+00
4.688729960367358451e+00
2.194189485370352521e+00
4.123755669801092871e+00
2.255046094693842207e+00
1.796112457832811593e+00
8.055539250010170793e-01
2.002142955698437365e+00
3.264721500871591076e+00
4.462644967977396959e+00
3.623982623375388457e+00
2.850836810866094417e+00
4.239788247144894662e+00
1.057692879002895214e+00
4.996559634386944282e+00
2.145485845071859465e+00
3.660766888431099098e+00
2.703928154832971220e+00
1.945601086007809011e+00
9.240129992309813467e-01
1.550731681262295325e+00
9.934397540456594289e-01
3.964904638730243569e+00
2.149684581373197290e+00
5.706684504869801167e-01
3.616313815626019501e+00
1.614878366606069982e+00
2.043701372627233503e+00
5.894293651636523634e+00
4.115813114632525860e+00
1.341812228805492779e+00
1.154676133544815242e+00
1.031105178490865137e+00
1.081493450880832263e+00
7.173213849489092908e+00
7.127341624003442622e-01
1.198305538851294649e+01
7.310339264572749407e+00
3.556469723251918236e+00
2.929000278370499810e+00
1.481496130364637454e+00
2.439793253205764678e+00
1.612733782357718582e+00
3.433086464200997501e+00
6.537225280541696826e+00
3.302555371503866688e+00
7.005044599199972133e-01
5.183305283706197919e+00
2.886042715068801723e+00
1.899027729782573948e+00
1.220898942937665099e+00
5.578997676281423068e-01
1.951679383103265941e+00
1.925910003116353852e+00
6.959235765618503322e+00
9.295422951750451634e-01
6.498822892528409723e-01
4.818571770298770041e+00
2.292118523555333187e+00
1.116634143584707584e+00
1.271781966580414425e+00
5.769785727900090144e+00
1.985066530639712390e+00
5.770153059119414785e+00
1.940617051662278048e+00
1.120450988861262864e+01
4.544144535254220685e+00
2.544623771795984535e+00
6.691664897323061467e+00
8.976091918018790139e+00
3.888564663819139788e+00
3.620987226677792936e+00
1.381630251542235399e+00
1.598831236626662822e+00
3.590999800743244652e+00
4.739605004935450339e+00
1.870534718901550653e+00
3.694831694163758673e+00
5.513402798483626466e-01
5.330934720788013115e-01
2.465459743827267847e+00
7.217650051949767054e+00
2.407031324648881920e+00
8.766939913179966126e+00
1.259274054176954483e+00
1.102708319589702501e+00
5.330984212398774069e+00
2.417612306565398494e+00
5.938622148089984343e+00
4.186298134174204044e+00
8.513686178718712583e+00
1.569882738915940656e+00
1.616159176026866096e+00
2.666993499429141767e+00
3.645536131916154998e-01
1.542279371403047383e+00
1.925411466407922934e+00
1.564379154249808668e+00
2.957766573214521966e+00
1.133817569761204735e+00
1.403947425265429150e+00
8.402696887411568172e-01
8.034857613300582235e-01
5.065286869853404816e+00
5.223719385497026524e-01
1.365040334946315603e+00
1.453715987722667968e+00
1.341266792568613697e+00
2.615514086181462972e+00
3.912011370375667596e+00
4.924460267987636364e+00
9.559690962769478162e-01
3.287003446101397941e+00
6.209382141096762453e+00
1.746255428132041487e+00
2.571289856562003262e+00
6.173557577532744034e+00
8.548357543114275536e-01
3.389570684312562587e+00
2.581977873683086955e+00
7.665354167348741754e+00
5.859323827528411854e+00
3.003157651033115272e+00
8.850093302419239638e-01
5.143029310573019153e+00
2.165104682256291380e+00
7.584645335204749372e-01
1.303241667846744667e+00
4.174738709662797476e+00
2.985223528982509755e+00
6.416761220926322506e-01
7.413878288687825169e-01
6.667228959437906388e-01
5.167901450923666928e+00
2.999900535798686985e+00
3.025004747355706680e+00
1.216506994320664559e+00
1.758727545370997847e+00
1.353000830156495082e+00
4.098670000497756760e+00
6.690432314953058679e-01
3.359393416927765053e+00
1.358671035741310984e+00
4.137369306645821254e+00
8.555998172328419527e-01
2.712653717505056683e+00
6.194867238304688328e+00
1.379015622277690367e+00
1.032030070599675442e+00
8.789970442192220901e-01
3.140371694146930182e+00
5.368372765879000141e+00
9.837925658137352869e+00
9.691868040177858745e+00
5.919670352430061122e+00
2.237811997763340610e+00
1.436644518275627558e+00
1.642182616679186635e+00
1.120171548376023729e+00
1.230566712580157374e+00
7.166374882202751095e+00
1.038365980145035650e+01
1.735968997793627011e+00
3.191966185514325982e+00
3.431144152097247435e+00
1.827778037674823608e+00
3.234814501326635838e+00
1.070454457131053472e+00
4.144527041503564213e+00
1.405162621282211033e+00
2.377704075628154889e+00
2.996621917695383441e+00
4.603912753248259548e+00
7.863791413232748440e+00
1.343277213330297037e+00
2.843042811754775911e+00
4.552632908619308694e+00
1.564135994637004146e+00
2.725827056887804023e+00
2.652923404442953270e+00
1.499463160003417617e+00
1.641551158572269520e+00
3.549475217536798954e+00
4.254142270452087260e+00
1.084394759773137151e+00
4.785915192424055498e+00
2.655993187665701250e+00
5.002944465439761679e+00
5.742882872580116205e-01
3.632272479857260095e+00
1.453655383420027647e+00
2.805602071392960362e+00
2.509796452989082827e+00
2.113630920458449136e+00
4.097805919054682278e+00
4.842316195586549021e+00
5.560421216919821497e+00
6.247365973541658235e+00
5.933937404295972051e+00
7.765398812835343501e-01
3.488412372129848560e+00
4.979619993080418361e+00
1.020270991111622116e+00
1.138670689097159361e+01
3.505670938584756424e+00
3.899902577970274287e+00
4.263671547053693445e+00
1.501677276636798730e+00
2.396311474361124905e+00
2.345141090105014481e+00
3.386719328217889569e+00
2.886374769488857073e+00
5.286330993227077890e+00
2.036493896281667215e+00
1.149662860719355306e+00
2.854810652981512931e+00
3.723092785160372564e+00
6.083950199095254696e+00
3.369548361392840086e+00
2.673750748051189063e+00
7.105461256371383705e+00
1.597320494063477980e+00
8.851560263665323447e+00
1.165395343328624822e+00
2.756855771451820036e+00
6.711422891056091800e+00
1.104912472976053328e+00
2.673414302862750613e+00
1.164195751219019970e+00
6.121329794542281766e-01
7.390337449926795976e+00
4.128575775975685147e+00
6.708940395414730862e-01
1.173139149088819666e+00
6.292846078226358442e-01
2.097377288010979779e+00
4.848688845051432494e+00
1.923644332928637679e+00
3.851368023987378209e+00
1.956415294516032244e+00
1.363106859158324191e+00
2.325065023222126381e+00
1.586992945294802837e+00
1.450170997545639606e+00
3.180487592581538792e+00
9.969495284688917325e-01
2.438279833579968692e+00
1.929871399440854951e+00
1.393688089486195603e+00
3.680726438101019848e+00
2.765970209820448833e+00
8.798448356877555110e-01
2.621201285360595268e+00
5.894474074257360030e+00
5.048592636807264888e+00
5.037630971519797995e+00
2.625768769332323949e+00
1.268893936057359451e+00
4.217037276911809407e+00
1.829918461540333885e+00
2.374706724487400056e+00
2.520915757876027730e+00
5.931089006765165372e+00
3.349057359006360812e+00
2.849279686557868008e+00
1.916835013361390949e+00
7.304975718575541954e+00
3.235822366501047931e+00
9.914366562644719716e-01
1.584015168820736452e+00
8.542614687778877780e+00
3.176545876973683402e+00
1.814293943599797787e+00
7.776161341647370939e+00
4.176445354388118147e+00
4.277389377914952107e+00
2.816682272637070827e+00
5.699971707553353362e+00
1.505316631447651154e+00
2.535674053614944246e+00
1.632178702788829927e+00
2.442880739822700153e+00
1.042735871227330247e+00
2.179719564958186417e+00
2.880385647145147221e+00
2.688994640559497107e+00
6.650234393330865856e+00
4.174568300566870782e+00
1.623870619563895890e+00
1.429897663450903300e+00
6.430427686885942684e+00
1.106346387390336528e+00
4.344766995518468455e+00
1.459886912784758239e+00
8.904239746789736065e-01
1.553990461755537567e+00
6.445393792814212652e+00
2.667044247645003807e+00
9.631421459476827707e+00
1.093663983445747778e+00
5.222140349923295233e+00
2.501901762447026334e-01
1.005551208571644706e+00
7.123520437808833705e+00
2.381203072859229053e+00
2.779763245423982454e+00
1.024909685704230800e+00
4.499578031133374623e+00
8.167263852755730635e-01
2.801085177516803970e+00
1.065280978376826937e+01
3.079280911127507459e+00
4.951678387386641234e+00
2.033793448805449433e+00
2.830569481326683068e+00
1.693415269816187063e+00
1.847054316291353748e+00
1.146802059292683307e+00
3.500605165687732612e+00
4.482014217054602234e+00
1.272350591292733313e+00
2.072880816505540125e+00
5.157412077463878752e-01
4.458651060442576863e+00
3.230463847977252390e-01
2.269649163768491462e+00
8.121757802591225150e-01
3.094327703397356633e+00
1.371776624974445635e+00
3.423976586352440066e+00
3.669537032626727591e+00
7.944287378946875755e+00
8.528514409756765557e-01
3.603832716630607447e+00
2.206329270059379510e+00
2.167732592365396727e+00
4.391884164258381129e-01
6.093953896396325121e+00
2.554225395736823501e+00
1.645483220405248526e+00
3.162022534235587212e+00
5.269022303305135324e+00
3.730627669109569666e-01
1.425254197559649105e+00
2.578830245931123866e+00
2.532090179733574864e+00
4.693671068072098329e+00
3.796092722665067587e+00
3.424152768408259107e+00
2.560517725248035337e+00
4.560334525657498417e-01
1.672872329236065658e+00
1.242068263684222407e+00
2.186039252181244397e+00
8.893281974287191360e+00
8.293812725322471380e+00
9.476724012156271248e-01
1.087672015106937007e+00
5.221301815115619860e+00
2.739453794547475951e+00
2.176527119594435344e+00
4.330912907574475113e-01
9.709832579189086488e+00
8.318412815205538990e+00
4.328743541340852374e+00
7.366364710015874673e-01
3.335775738576498117e+00
1.570556219995486336e+00
3.498867182229056905e+00
1.579349826093674691e+00
1.102902522687934317e+00
4.892684969669703676e+00
4.817901655784543102e+00
2.648545305866048416e+00
3.825519427109447701e+00
8.203071296022049097e+00
4.755867936469593715e+00
2.727642388513236149e+00
3.436737047038962434e+00
1.919470619691709956e+00
5.512979925034759976e-01
4.219163524418917177e+00
2.248103061792855240e+00
1.657489525282501430e-01
1.071555164138814131e+00
4.003010259579576235e+00
1.235517027488589381e+00
9.917567663528176203e-01
1.062389387545039421e+00
1.381174260302341583e+00
6.833778878877335927e+00
3.465121749364277637e+00
1.704409802323515466e+00
4.522602392183411091e+00
1.638033710561836997e+00
2.056095885623844044e+00
7.239855288404233313e+00
2.807531578713793774e+00
9.241258565869639341e+00
9.058880695514561765e-01
9.900280766198014115e-01
1.253301659515308364e+00
3.203477193140791712e+00
4.789343994831781082e+00
9.358413934855319694e-01
5.358182204025704998e+00
2.855948445739892705e+00
2.348430009193838597e+00
5.674399883196662664e+00
2.748987127713164558e+00
7.990734804334923780e+00
3.215683834775297623e+00
3.796180092741455958e+00
1.830718575673012882e+00
1.121578363801983169e+00
7.085238591461291868e+00
1.354757524462195217e+00
6.144346042347612169e+00
3.061938950429714534e+00
1.179349416631456426e+00
1.267068296862762233e+00
2.113742281874703810e+00
1.937711821976958015e+00
6.045981319952622890e+00
3.847249249634358215e+00
6.915672749879197667e+00
1.162545210064774626e+00
2.242240104515671018e+00
2.536192843513262574e+00
4.439890853132609116e+00
6.977513186588190086e-01
2.482306350489323243e+00
5.479425174598192783e+00
5.006394471191859985e+00
8.133063371891823934e+00
2.308964322226556121e+00
3.113315174279129849e+00
2.014701987848589226e+00
9.835383432990393304e-01
8.076281293569919084e-01
2.278391483508429793e+00
4.384960299790796157e+00
9.027578929268960106e-01
9.495267515478419407e-01
8.411982936017152745e-01
1.555684998836529331e+00
2.452869579942965839e+00
5.272387953912581970e+00
8.931593473471374223e-01
1.954202550102433600e+00
2.230457144853718709e+00
2.930857373262450327e+00
1.525110875398192123e+00
3.888193915168514092e+00
1.517579630114551215e+00
8.061270573311372090e-01
9.415363529820779398e-01
1.728906680125374518e+00
6.081028309147342270e+00
3.596097063866346977e-01
6.852177295706607829e+00
1.131270175545487477e+00
1.267147774425184892e+00
2.472623947353655094e+00
3.343153040288237232e+00
1.001380601771964196e+00
2.197924006561215560e+00
1.008313644344605686e+00
2.997725089553395339e+00
1.872176225470825406e+00
1.403461343838474651e+00
1.307825738686442474e+00
1.228495345796216220e+00
1.970169401944011467e+00
3.120364460173146615e+00
1.074424992362896125e+00
3.386519641184928986e+00
1.282827697077626228e+00
7.015509120373161878e+00
1.128002684589404669e+00
1.675411663715368205e+00
1.517125708279839946e+00
3.677300786731786175e+00
1.348067232158350448e+00
1.786136366686863930e+00
3.232091473312760144e+00
6.576766160394207361e-01
2.019444134203330243e+00
8.016817643988092712e+00
6.384020381321580118e+00
1.769201180384099681e+00
1.463987714669115370e+00
4.070843068256199793e+00
3.676282538691412860e+00
3.982499513834111493e+00
1.362321228658604833e+00
1.814028520013126311e+00
2.900358047186395005e+00
9.515277876246743816e+00
9.550329783071600520e-01
3.755495852818715452e+00
1.064500686705869281e+00
4.322944411491119743e-01
2.171607408210276535e+00
3.123841306447543431e+00
1.281100725581612032e+00
2.035159022473784773e+00
4.345277070051714929e+00
9.170395207040603625e-01
1.503041168289702689e+00
4.072704874597960156e+00
1.027362307812078601e+00
3.126119583640650124e+00
1.555716507071838617e+00
2.633638182346644818e+00
2.692329903269885527e+00
4.052308438755892972e+00
3.993337598828397450e+00
1.103800875950545102e+00
3.321571935166198308e+00
1.794612328860591743e+00
1.400656262941190278e+00
1.750021741395500152e+00
1.712751474477498093e+00
1.940540237948215063e+00
1.397989828820239477e+00
6.760795340273149101e-01
1.523368585915398699e+00
4.088526246904946149e+00
3.896939181910273664e+00
8.224576368980422991e-01
1.253995887290532130e+00
3.153742924235787726e+00
2.708887581030657188e+00
1.986500218246663563e+00
9.273229299288973104e-01
1.939722404193168881e+00
1.616147783481135081e+00
1.340990866530991310e+00
1.247102893392956879e+00
2.470486662622081386e+00
8.067276656160119686e+00
3.921698235361450013e+00
1.685636953921574310e+00
1.568405097660534375e+00
4.409067393064804108e+00
2.198531084571400562e+00
1.233747161764269462e+00
2.998625874016357162e+00
3.054875391106767868e+00
2.584082803953784424e+00
2.064305700891862383e+00
9.031183287169049834e+00
1.568624671293097794e+00
5.001805627065812665e+00
1.245752431963225160e+00
4.066900147193569737e+00
4.364118180471908914e+00
1.743577409024092528e+00
6.885861642212597111e+00
4.904348471548082067e+00
3.986814077872617101e+00
9.871922819302140217e-01
3.336860638136077473e+00
9.023019433234082953e-01
2.867017661557906827e+00
2.833660742271256083e+00
1.972157441453721072e+00
4.703663675997330706e+00
2.261610810344557798e+00
4.427063601551112448e+00
1.793289902490391219e+00
5.012554206405490653e+00
1.029619453452356170e+00
2.674562838213371041e+00
2.807639986352403749e+00
1.243767104358137976e+00
2.112539459032872102e+00
2.446188918721838412e+00
1.507427633713012805e+00
7.966585370292002644e+00
2.604998945322909432e+00
6.083399901790015996e+00
1.274496429658924290e+00
7.796227055245883442e-01
4.209350818112257642e+00
5.269313233204500513e+00
2.094627471059072654e+00
7.573370089822796247e-01
2.230013459212422333e+00
8.584689091528471039e+00
1.372023449555920704e+00
1.508417873886892302e+00
2.851011582826434410e+00
9.857577951598374355e+00
1.278210003439337994e+00
2.374090933810776960e+00
1.449785913361970602e+00
7.118704305842585178e+00
3.221090135796631060e+00
6.951094658988098418e-01
4.513276158528868542e+00
1.391205345758698142e+00
1.180739395327425889e+00
1.467230150003067113e+00
1.199963978118480412e+01
1.146731603225532137e+00
1.330306229451057032e+00
1.775597789691769179e+00
3.056811649846685963e+00
2.850127726306281861e+00
7.784546447863224250e-01
3.610665558925706176e+00
2.023653722743793182e+00
1.362717858822213080e+00
2.500631747251372605e+00
4.490310682382890661e+00
1.259166315428960292e+00
2.798802802281759927e+00
5.662732070320423361e+00
1.098228878127813335e+00
2.625846701908309377e+00
4.920443806327919667e+00
2.054289304831649510e+00
8.976628821467982355e-01
1.786439644302392660e+00
1.765612211630291029e+00
3.222145796580883070e-01
2.126292359304607693e+00
2.521251461897260349e+00
4.468710590607088418e-01
1.859889296180121665e+00
8.573192539559464365e+00
6.152428734195334314e+00
7.260078020875130989e+00
1.610013779291327607e+00
3.409413805234222661e+00
4.617395248622623960e+00
1.098774773035456853e+01
5.841179507188213549e+00
2.682957002968673788e+00
4.402626041939723400e+00
4.906548921819445574e+00
4.620200611584156292e+00
9.038551820298760253e-01
6.668765640771868064e+00
2.732329017176712949e+00
8.719519708626006782e-01
1.724526963051341344e+00
1.729667676953779321e+00
7.200204106421436157e-01
3.952963381413399646e-01
1.223361604283504045e+00
2.183744853098630312e+00
7.484564142278470555e+00
4.089532709621088280e+00
5.646271108144896189e+00
2.272385905701287623e+00
3.434703099886940780e+00
8.989062187577855356e-01
6.263165150686542226e+00
5.239615124879705155e-01
2.222785091061899365e+00
3.362394856722415337e+00
9.285754461650383984e-01
1.316375934083468868e+00
6.972250483841783364e+00
4.568139067042061185e+00
7.309859915217272741e-01
1.168712848523905334e+00
3.335700504733705163e-01
3.090032391689608193e+00
8.900643569732066496e+00
3.126331833336633004e+00
1.142681040420355387e+01
8.269578078224514295e-01
7.381251050302334304e-01
1.025391217814882694e+01
1.891632072875907511e+00
5.888445915633049310e+00
2.187358087704203147e+00
9.262769078296683167e-01
1.985236356729977558e+00
4.880710580573678903e-01
1.554554509349333147e+00
3.922563363541889281e+00
1.646659235493399764e+00
3.353774370579698516e-01
5.862381182652669498e-01
2.738185790566306732e+00
7.949740576512797086e-01
3.232270055224465199e+00
1.015398530893282825e+01
2.460453676670914192e+00
1.223634803552130945e+00
1.103727336257126490e+00
1.479100573596628276e+00
5.117376097424750192e+00
3.688154864095616770e+00
3.794841450866666133e+00
1.532386730013868492e+00
5.132524239981664849e+00
1.600078536952481256e+00
1.735657018403981455e+00
1.315122454903272509e+00
1.711503070527870873e+00
7.387663620267743703e+00
5.567064967768438066e-01
7.236637443164879002e+00
1.790330401253371839e+00
1.270259101781850974e+00
1.973519074605043944e+00
3.892690532434539552e+00
1.167022345693565777e+00
1.137170055373466715e+00
4.144514306028432848e+00
3.382965644663734839e+00
8.951370300959037296e-01
1.890072466000060958e+00
6.752237334378499156e-01
1.669868703459674419e+00
2.008819385582993000e+00
3.925508798503344998e+00
5.138685816317003052e+00
2.235002575193174579e+00
2.751692270032620513e+00
6.175011200061871541e+00
1.272665837816662870e+00
1.910984058031053534e+00
2.717787797798517868e+00
1.597866125364610479e+00
2.128476203074166406e+00
2.748680437927617515e+00
7.757080945425736118e-01
2.002917264600779124e+00
6.183650597712634145e+00
2.989630976918636662e+00
1.895086760697038741e+00
1.975725618324312816e+00
1.569356643072697954e+00
4.335647850811334969e+00
2.194724411227130467e+00
7.274695671686730591e+00
1.503784618043556121e+00
1.051025856919051371e+00
3.253701523010393171e+00
3.225500750475684075e+00
8.139221665278592255e+00
6.406687715876752121e-01
2.757998553014942900e+00
2.803022799244277774e+00
3.312152677507182119e+00
2.263895285430504334e+00
5.025324802342415076e+00
5.534068419258280080e-01
4.698544065373290834e+00
1.378197661932613727e+00
3.495615867142481292e+00
6.344130748615893545e+00
1.128352925981197785e+01
3.900150832658998645e+00
3.544870487878176935e+00
1.119971208724427925e+01
5.786918608550981169e+00
8.377789817294643004e-01
7.882529940208231611e-01
1.853930756206064068e+00
3.521164575905650906e+00
6.162523304814379266e+00
1.141946490337121034e+00
7.898489112325989936e+00
3.863029964819800544e+00
3.803598094532028462e+00
4.917255874917318081e+00
2.692067758109812914e+00
6.389105195562134298e+00
2.905950323845321925e+00
4.223029471060908868e+00
5.473235099326064557e+00
3.676626687742039490e+00
2.642679598637418970e+00
2.373092259362734602e+00
9.693960162862025332e-01
1.205442315899931449e+00
1.034179360068275599e+00
6.661471096940863035e-01
2.009597437517455010e+00
3.190578970967334005e+00
2.343239606506072992e+00
2.877944358986767259e+00
7.683778813114017225e-01
6.420758804694831845e+00
7.566531677649385834e+00
9.458324270686183644e-01
5.857154019340552686e+00
1.031273939035076692e+00
5.548277509125313145e+00
2.453019666879628691e+00
2.589092769900807944e+00
1.671649870460865772e+00
1.147965356001088733e+00
1.551825557992849713e+00
2.995289732158146645e+00
3.669110472263585443e+00
4.738694652415205155e+00
1.614901619610122685e+00
1.188042428881170176e+00
1.455385038336188819e+00
5.873260353320491234e+00
4.894988680224815703e+00
1.045569135930441540e+01
3.848824689523912657e+00
3.478341711839143535e+00
4.773165477130850043e+00
1.485258475621233698e+00
6.165267434227020615e+00
1.017402912576263141e+00
5.161974487875690132e-01
2.922882551429846210e+00
3.562553633701857958e+00
4.159476993469353623e+00
1.365535172961168442e+00
2.131526126167316626e+00
5.891943974259233663e+00
5.156093927297735746e+00
5.642557820001672830e+00
8.600435288266645717e-01
2.131585199239113049e+00
1.904604243112073325e+00
3.816623264130335258e+00
1.218377474555220052e+00
6.834340126255586956e-01
7.203881077917897890e+00
8.719531398832897295e+00
2.448375021182097377e+00
9.222420175627967787e-01
8.941274678230218820e-01
1.690082670929958564e+00
2.273172532807638646e+00
8.264895228884385769e-01
1.092117037544234215e+01
1.928063198502068865e+00
4.713104931776868067e-01
1.309084375372280995e+01
2.664009857195378750e+00
8.213468169142463804e-01
3.231479852841143696e+00
2.479415139684542524e+00
2.603443284982382089e+00
2.324518900328125248e+00
7.693922161388810910e-01
1.573906123976190896e+00
2.974387125137872623e+00
3.276393408461466539e+00
1.627894199351605176e+00
1.738541153319662858e+00
1.933929395279882835e+00
4.531855916009614127e+00
4.754232783451478817e+00
1.892439547427993363e+00
3.228876804916982923e+00
7.895686525703233816e-01
7.522012447485066922e-01
1.328490195440213961e+00
9.627725488888978500e-01
3.033588235896819807e+00
2.190256753108159593e+00
1.705908324644517693e+00
5.369759911465102675e+00
3.522930361989935921e+00
6.187373753412355182e-01
2.109726097776591480e+00
1.936792923999689275e+00
1.532030421568626455e+00
4.080338832061053189e+00
2.754808677842139009e+00
1.827224293649455600e+00
9.202172920076678864e-01
2.283751550855653623e+00
2.727465086805755057e+00
9.805055023120515800e-01
2.893071240258453525e+00
3.486521906247962654e+00
9.806371616884218545e-01
2.355591732822471140e+00
1.122779368500460118e+00
1.265265810503822586e+00
2.276293411088108787e+00
9.694449932041149243e-01
9.554294851239731656e+00
3.616626953676295386e+00
1.432953535569864156e+00
2.026443322116754597e+00
7.606850427726649322e+00
3.863901017034799823e-01
1.473130826302158525e+00
2.602074267314422151e+00
3.385003635287278989e+00
1.697518669898368859e+00
8.878047027701715388e-01
5.639432916488324565e+00
6.691390969642539766e+00
6.506306238286536647e+00
1.032467279103023117e+01
2.991266499668918666e+00
9.819894692013708237e+00
7.764209870869460239e+00
2.817033592029422273e+00
3.291532521720899496e+00
3.226460330308748237e+00
1.520380015937203844e+00
1.363218004999462440e+00
1.836572662913121379e+00
1.054920338148659731e+01
4.501109202430857437e+00
3.624983177285921787e+00
3.300434483295695554e+00
3.956369562777600990e+00
1.408901115132964232e+00
5.038259491206784624e+00
1.369061464785448656e+00
9.430753087564848869e+00
3.262241751030981796e+00
2.078439914969516522e+00
1.290427965641982144e+00
2.644570722213444025e+00
6.669324137745090697e-01
1.649420275631234611e+00
4.727089726913572321e+00
1.259403954195692066e+01
3.059890025072669495e+00
5.670017714790702712e+00
4.424301910900084067e+00
5.533617192901567616e-01
1.379528009168295988e+00
5.252978654562451943e+00
9.023550952831411731e-01
3.397821756515791325e+00
2.425861056634853075e+00
3.146551264471540321e+00
1.672038436470053346e+00
1.942983692858337275e+00
3.687252411420329334e+00
8.643362215038495222e+00
4.914857665749151394e+00
6.213692863659789900e+00
4.440155416689451906e-01
1.575806171813003642e+00
1.019927269373867240e+00
5.104478485308032720e-01
2.123413676415021545e+00
4.598226564242626213e-01
9.867916085666712078e+00
5.526459882459062278e+00
1.290488671901137252e+00
2.340375307964802420e+00
1.347797688776358305e+00
3.022854510871924916e+00
3.294393629110287769e+00
1.787200765751365106e+00
1.864965301556223087e+00
6.850276200686675310e+00
1.736750492392426848e+00
4.183432783873937133e+00
3.182577969242444293e+00
8.251623356025029610e-01
1.128725170331148853e+01
1.050306130869032684e+00
1.467949609137673361e+00
8.102739313661961873e+00
3.402643085772612874e+00
2.376022837634992335e+00
7.207412594123508320e+00
7.097666191201048136e+00
2.579375594690232365e+00
6.435109009303295657e+00
8.924253564437897523e+00
2.007109443981799135e+00
1.613617892338566895e+00
1.263133957704760668e+00
1.766286453619211771e+00
1.139607293994259329e+01
1.074311324927756939e+00
5.511024140710850894e+00
2.964219136859517878e+00
2.504987770833224214e+00
7.500401254450454580e+00
3.402519589684568135e+00
1.617837681575519326e+00
5.441938525368176238e-01
9.572759110866751797e+00
1.033116770680135854e+00
3.444121923418386189e+00
4.553511244989810969e+00
2.502281907516096915e+00
4.316512908188289366e+00
4.327221720165270291e+00
1.625407126290375759e+00
7.625058982964141308e-01
1.570212455955755315e+00
1.034642038257682195e+01
3.085837562406943846e+00
9.883411149718218658e-01
8.007645738748603748e+00
2.752996346384576132e+00
1.875723985474537781e+00
6.496007541578346256e+00
3.716557962529641657e+00
6.686496281849334089e+00
6.129429852639148635e+00
8.405600257116885743e+00
9.753451419247091136e-01
2.394007882883112615e+00
2.986955619866264566e+00
5.322732972380701533e+00
5.365732433720811656e+00
2.037168954068812710e+00
2.283652225041812756e+00
3.458452064906986312e+00
2.323346073543501866e+00
2.059940969282849199e+00
8.935789512231242071e+00
3.350577047859736979e+00
3.149810042008266198e+00
1.620470836820521843e+00
1.426971069917761348e+00
2.439865163026081252e+00
6.821538820261129565e+00
6.386804462200348365e-01
1.157350151143249350e+00
7.952099210970109411e+00
6.477124715610836914e-01
1.160093009741929526e+00
1.975526739946195320e+00
7.734965570745583108e+00
1.181135926806065939e+01
8.519330364945795209e-01
1.097306689539968438e+01
2.049638542773382976e+00
2.040669081957847464e+00
3.529954408028627366e+00
7.323483282467385003e+00
3.518050429489691489e+00
6.324277041624366547e+00
5.398942765790317289e+00
7.406931278585231482e-01
1.699402665847560501e+00
1.601683602751369895e+00
2.288383613497482205e+00
7.313816271242007616e+00
3.952035521561148013e+00
5.261192415123664645e+00
1.694478276666989913e+00
6.675537484150542156e+00
2.337498367688869649e+00
3.557997697033522311e+00
8.812034397801621344e-01
2.383906672949494432e+00
3.499946261690504712e-01
9.079417487132656062e-01
7.679809184038790093e+00
1.882833894919612394e+00
9.019069866702716931e-01
4.893516177739561712e+00
5.079911869545047587e+00
3.557747030827708823e+00
6.402978799760046247e-01
1.117316513917857579e+00
1.728524048124717938e+00
9.180353817505519487e+00
2.783674168564637341e+00
3.991549732391334260e+00
5.943254393616342890e-01
3.095007996429849140e+00
2.450251040813886672e+00
9.329978890871686303e-01
9.205631058658829247e+00
1.827073471021484208e+00
3.263569972317583723e+00
5.906936545950974171e+00
2.869949140751757000e+00
1.986738039738185968e+00
1.394069557917153368e+00
2.091978418975383391e+00
4.489677494246706146e+00
2.042981260005246380e+00
2.692830015899725815e+00
2.924382617511724014e+00
5.873644906557243139e+00
3.186571959944636045e+00
7.508435449372302450e+00
2.529953756761491590e+00
4.726053989891562779e+00
7.778807361057643810e+00
6.065230500656383361e-01
2.169370806507363802e+00
1.612295321568569362e+00
1.831733359024990015e+00
1.472298017566544548e+00
4.934505115171409773e-01
3.887427577092320785e+00
1.014611381783075528e+00
5.272251478104514000e+00
4.916266803820183995e+00
9.294521554485355441e-01
1.785628462405777661e+00
7.814558963150743942e-01
1.573454927467932141e+00
3.489228511061805538e+00
2.919049222476347016e-01
2.106907823314683625e+00
1.554208145844100830e+00
5.747630559083629187e+00
2.080743472109476855e+00
2.112150309899298861e+00
2.464614852845073756e+00
3.998559862275675503e+00
1.729567616983426648e+00
2.425345364052974961e+00
1.197892446347790019e+00
2.941723907198116272e+00
1.211551623630499730e+00
1.191210318900253862e+00
2.306177687013015287e+00
2.151359458828386195e+00
4.492484333394138218e+00
8.438069109773531640e-01
1.008321574654161834e+00
3.597826181537445933e+00
5.228607245079094135e+00
1.582687337397442606e+00
1.818143139896218452e+00
4.364584277010290947e+00
7.515683581446404027e-01
4.054400217917635829e-01
2.425456589142181318e+00
9.827263478940946317e-01
4.098718910830720374e-01
1.607084020345239672e+00
1.793161379427991919e+00
1.433004737024611730e+00
4.178117809418366413e+00
3.131265949545493754e+00
6.841477007792024168e+00
2.141578512601780115e+00
2.237285175061952902e+00
3.075971637810773096e+00
1.626317801453491585e+00
1.596832882711042956e+00
5.662389750097505114e+00
5.923143880919021775e+00
4.762912529516796667e+00
7.424764836011777724e+00
6.120535060929135796e+00
6.479270025862060578e+00
3.950684495606624491e-01
5.775387721366887384e+00
2.351605811849982519e+00
4.415894063843689210e+00
5.637374723897302431e+00
5.219185000562199583e+00
1.665676856588155674e+00
9.551100840149634452e-01
7.000855359801937183e+00
7.502697821629023878e+00
7.144659650936947770e+00
1.499618047178355562e+00
5.567984120837022877e-01
6.899073549701053132e+00
3.204643984947750379e+00
1.321363677320558150e+00
6.192548921904346138e-01
2.006321558493041834e+00
1.390430454372253433e+00
8.637260030735610661e-01
2.985602353706180434e+00
8.830496687757673158e+00
5.792087843958600324e+00
5.655568313281067461e-01
4.040784571841729012e+00
1.271513966719364008e+00
1.148895062182148541e+00
5.516345016410841851e+00
3.917693281513219827e-01
1.619438134520886363e+00
3.472263128218208372e+00
2.338722206555096772e+00
7.896445618593372018e+00
4.614280264817555155e-01
2.992486142985305353e+00
7.693960965980420896e-01
1.263872664079668473e+00
4.320394316887604447e+00
3.135857402826828011e+00
1.988948838138014263e+00
1.919835680375743259e+00
1.998602901257532816e+00
5.403703365515061252e-01
1.839293375515048234e+00
4.687684774248950248e+00
2.148120736784872697e+00
1.389127067868554555e+00
4.000532147585223797e+00
3.032408305368514689e+00
3.141956164111702421e+00
2.780215095647426526e+00
1.643573995189792081e+00
1.748549019442351860e+00
8.547815870804530425e-01
1.733046196424456342e+00
1.647464718521920890e+00
1.041616782759964499e+00
1.545457568721273267e+00
7.436251798224746246e+00
4.038395713105037643e+00
1.248467143646037059e+00
6.854257391688301837e+00
2.249449479067484159e+00
2.682046547640941192e+00
1.127308942693539873e+00
1.017901551467481269e+01
3.248784199950621510e+00
8.393725582957602072e+00
1.628287735317116347e+00
1.593946306294044435e+00
1.570262741148798824e+00
1.712487884633572488e+00
3.658187567938680385e+00
2.061104441056544889e+00
2.705882067872404928e+00
8.080224547637845589e+00
6.740465035871325838e+00
4.117328803330535969e+00
6.037794205978263662e+00
1.414909629869719021e+00
3.756122889141476406e+00
4.838946128069665065e+00
1.534335429762473613e+00
8.746454760659510441e+00
4.864525662956522112e+00
3.424347789952572718e+00
2.777672134558654360e+00
2.726263002084909015e+00
2.329474844403530476e+00
5.133737165789421519e-01
8.591703050394383645e-01
1.475148180176651058e+00
8.991277661220738793e+00
9.781740037078946459e-01
8.176971073927894462e-01
5.782456235014183932e+00
1.328000270871823041e+00
3.647351408293507458e+00
2.494651644841422211e+00
2.899993491395951750e+00
3.328216312953657940e+00
4.877993334863661268e+00
1.100444022535177702e+00
3.926748031068646227e+00
2.981095878234959695e+00
3.190356237829669706e+00
1.925193399876291345e+00
7.948049141884097057e-01
8.701905742633917029e+00
1.573106904840151143e+00
2.746652825437822187e+00
2.158914738773668685e+00
1.317662394240961987e+00
7.564854300577400492e-01
2.039430046583636358e+00
4.790923254687796451e+00
6.587805510949523713e-01
2.686778827616089771e+00
2.372529960659889081e+00
4.947929092180203270e+00
1.485819057961018430e+00
1.104164427676550542e+00
5.496394285770211940e-01
1.037638552424020233e+01
4.323960791377266411e+00
3.227324066052275509e+00
1.229632933347863277e+00
1.307199976687854370e+00
2.095220175753075953e+00
5.799361799258769601e+00
1.442160238746771128e+00
1.082640382826737246e+00
5.773775668567822095e+00
1.791706232048150715e+00
1.299146039416418574e+01
2.037665013319592600e+00
4.489637759888132962e+00
3.184608406232628308e+00
4.716410526318135510e+00
4.195909759369718550e+00
5.399874062121756246e+00
3.264882962599994887e+00
4.384590703275883072e+00
2.888436651845803560e+00
2.027637904696691695e+00
1.233562807336569200e+00
1.348537225952631369e+00
3.939097702008877988e+00
1.983540672504249036e+00
1.210134758159379986e+00
1.939659245536754728e+00
3.699142910373162785e+00
2.118213976688295919e+00
2.617959406800721922e+00
1.274567662094331366e+00
2.865138602181201311e+00
6.018144309488917543e+00
1.119949573981877400e+01
2.482353845143332904e+00
2.183864498098508911e+00
1.252646003961501942e+00
1.715298910337031746e+00
2.835851288941938719e+00
2.731319635578273619e+00
7.166572149602897790e-01
1.150668334294784767e+00
1.058814643392770316e+00
1.012149233340134913e+01
2.745157054035759270e+00
4.042593802501271760e+00
1.142703179801261015e+00
5.716230236593345948e-01
3.607134887263064194e+00
1.412438946520269800e+00
1.825489253371028520e+00
1.305126052185705765e+00
5.747425581116183402e-01
1.322721398600303022e+00
1.173485742489355887e+00
2.114915283273348212e+00
1.556344389995967248e+00
1.323534502633838761e+00
4.974475445304590848e-01
1.100019221118184065e+00
4.836585781493524472e+00
2.211673686329830080e+00
1.342180297292458135e+00
2.307563145934224291e+00
8.912442638864191968e-01
1.710117272149881851e+00
5.540924619614728819e+00
6.592552465902546288e+00
2.277290189787332775e+00
1.361555927040086988e+00
1.658702970461762849e+00
6.019772873181157280e-01
6.261481631091512234e-01
1.839180193770817651e+00
2.045677202171240605e+00
5.118921910828277966e+00
7.034386875118717741e-01
7.736645513636560834e-01
3.021619549033378593e+00
7.064190744678885414e-01
1.777439497598488849e+00
2.296296053369036194e+00
1.956025834305641586e+00
2.939246737518091734e+00
2.621181152686429261e+00
3.156671540319775371e+00
2.099088961157691280e+00
2.305266229058161365e+00
2.159606383500281002e+00
2.076284665824183584e+00
3.791973089406987185e+00
7.379614935399025910e-01
2.782341562509343724e+00
1.019351561334816525e+00
1.386539367106453424e+00
3.023844944333455409e+00
1.189685276759266763e+01
2.842553555151238864e+00
1.624989802733139976e+00
8.424202276793739674e-01
1.072553301926637781e+00
2.323683990910096142e+00
5.039359576172206090e+00
1.722984285502799695e+00
1.347380657688503680e+00
2.157778472128858649e+00
7.745016611257840022e-01
1.384012843059064135e+00
4.412057334431947808e+00
1.665493383898757118e+00
1.278832291988656333e+00
3.615728775898364056e+00
1.228580395382785850e+00
4.796586996292155902e+00
1.572080653464832389e+00
1.607575070419779317e+00
2.051175432417848832e+00
4.251828126083403880e+00
5.354590430199756668e+00
1.459651505212662181e+00
2.505654343627917946e+00
1.804451936482980967e+00
2.578498162436715813e+00
8.538588636312788083e+00
7.038736394871971669e-01
5.831822397603984021e-01
1.802237657592622444e+00
2.832275616491973791e-01
1.820522538423000825e+00
1.239719545185896221e+00
5.200268305694833337e+00
1.731919767171025804e+00
6.503158703914065919e-01
1.906978087656909793e+00
8.934821927898290994e+00
3.217852925996378954e-01
1.797213623440441665e+00
7.877808119134970255e-01
5.438908826561160481e+00
1.004564004797570353e+00
2.540673352546669594e+00
3.258418028793343524e+00
1.860736317348578472e+00
4.889180743940366725e+00
8.022592318996228045e+00
1.401406818663142595e-01
2.332983598602484498e+00
1.198879705703283838e+00
5.664194625227430890e+00
2.814648414026959422e+00
5.447920083021566828e-01
8.380243554623570290e+00
2.459896424094263345e+00
5.690325045733539255e+00
5.418777362716357793e+00
1.336960432556526079e+00
2.410255396013289086e+00
3.761850451027302089e+00
9.999375168448057849e+00
2.871532968496592009e+00
1.038938776922325147e+01
6.704910778017031170e+00
5.922080134524646766e+00
1.133176718819587414e+01
6.937670815141033565e+00
1.840001327272340781e+00
1.426699512197058484e+00
3.883481605857364460e+00
7.149255545100599019e-01
4.787194718739359089e+00
1.833284293472454252e+00
2.555459481135319066e+00
3.884922697101118150e+00
2.510718559116976500e+00
2.944310035450777630e+00
6.112824555522412773e+00
7.941533854809208481e-01
9.228752339655025949e+00
1.471927695543849834e+00
6.596472210864957608e-01
2.220871216303921702e+00
8.197426098495567359e+00
3.118443325057129734e+00
1.304155095923510643e+00
5.729848506634904304e+00
2.642301834945547157e+00
2.428984722215989489e+00
2.425947101296866748e+00
4.456545017764860006e+00
3.574056251671229312e+00
1.361932738000656506e+00
2.190379303898112084e+00
1.178213379432740959e+00
1.544791147633614248e+00
1.818317840021773657e+00
1.153256700161757076e+00
1.485935291274214087e+00
8.444074861835943580e+00
3.010772252462650123e+00
7.915050117798642093e-01
2.670901192313232642e+00
4.941142556868324043e+00
2.719970845729783537e+00
1.142369912784877606e+01
4.141586079460273795e-01
8.314765528769101355e-01
7.432738899491744711e+00
1.133158461355960434e+00
1.312324583214979468e+00
9.464448483967079495e-01
2.491292376745987802e+00
2.970762297079763581e+00
1.695725042339092603e+00
2.871026124424624015e+00
1.918278317421682200e+00
2.076451669286794921e+00
4.658383641829271227e+00
5.012641605236747289e+00
7.486843800620679446e+00
7.957087339438729812e-01
5.133772218672345566e+00
3.022885402220745643e+00
7.847094014790501060e-01
2.877461605313778481e+00
2.052557857370554739e+00
6.176409567630102293e-01
1.467588372300497213e+00
1.143769918009710729e+00
2.524205136994093657e+00
1.418501735201277647e+00
3.911581477194935541e+00
1.340311454681197167e+00
3.311551006951733989e+00
5.386426696665594704e+00
9.017993984433687160e+00
3.288788722978433388e+00
4.521953115021021263e-01
2.261012610842775494e+00
1.269717203491571134e+00
7.610354835957580555e+00
1.142877553308816685e+00
2.864595963733284734e+00
7.580637472435424185e-01
4.560136769579957061e+00
5.426712778143618632e-01
2.025035490374500924e+00
9.061910436896559728e-01
1.914186242322497122e+00
1.289819024538347625e+00
1.552608968464558536e+00
2.348264815261678073e+00
2.609048060831539395e+00
1.839684073619001214e+00
8.981002087814600188e-01
8.838822767532751312e-01
2.107603623457038999e+00
1.366112581642356938e+00
4.346499062960010207e+00
6.661595443026779861e+00
4.910761345729794058e+00
5.123507625708103141e+00
4.480321172180908862e-01
4.228475008242432942e+00
7.231192752032060689e+00
3.127857676398612785e+00
1.399029603718808579e+00
4.702435977594432437e+00
2.002286321544368697e+00
1.003800847904592564e+00
4.123121526707460127e+00
3.978792891973911505e+00
5.978380458291561617e+00
2.090261993554881848e+00
2.979184653023133844e+00
1.854027828379404497e+00
6.489047001402254988e-01
3.299358375172722457e+00
1.436820611268320613e+00
3.499235808100233491e+00
1.133067655393417361e+00
3.265292362023811457e+00
2.081166625833211548e+00
2.589647770722135700e+00
2.340681017826134802e+00
2.538736208842972797e+00
3.082888399143450808e+00
2.246057889616593695e+00
6.786105608886179752e+00
2.758974465102022933e+00
1.644878332312100122e+00
1.337509004528997902e+00
6.215664936490837178e+00
3.181648713268406592e+00
2.091503033689740221e+00
2.377930524616889141e+00
1.371341880463970098e+00
2.867143082646604668e+00
2.779316336591230563e+00
2.879538844254313723e+00
1.465281679253241931e+00
2.211937706932253889e+00
1.757175237465068873e+00
1.995118593301157706e+00
2.618516563377016215e+00
4.721390144668959010e+00
7.201210911761180888e+00
6.640653839828760674e+00
2.011607223578712578e+00
5.132415384406082692e-01
7.005012918750841422e+00
5.286507393867461602e+00
3.089996321427673553e+00
6.946506194743476970e-01
1.062841546296073858e+00
3.826470990463725741e+00
1.331171288266338459e+00
1.616639034107706818e+00
1.740206946572494751e+00
2.096177792251843641e+00
6.377069277914696244e+00
1.501088728884449219e+00
2.880341824348318092e+00
2.308327804397622529e+00
1.387262889047049752e+00
1.984445424789305079e+00
3.029949211595323266e+00
5.200449747326376659e+00
1.588216549451359372e+00
2.476789868860818977e+00
7.583528354576398733e-01
6.017049799680488142e+00
6.602890499532103163e+00
6.497489280324084682e+00
1.854354120480755652e+00
1.711450359463000392e+00
4.173529481447454614e+00
4.928006003173841520e+00
2.640057608053904215e+00
1.834160022889260500e+00
3.347015748164505311e+00
5.197394463301485246e+00
1.515003574833307498e+00
9.750570474807765953e-01
3.541902002753946288e+00
8.445155330640728764e+00
3.349149478206069563e+00
1.232481372971109712e+00
2.336323068081875398e+00
3.689819506760869672e+00
5.816160428583852848e+00
1.154584276673376486e+01
3.268862759148332131e+00
2.271735144288971497e+00
1.092918074182944732e+00
8.514829131609340518e-01
1.497541058957676752e+00
2.627130101051699196e+00
2.058556338654233819e+00
1.447385993469824328e+00
4.935001695142511302e+00
3.643348312189517824e+00
2.500527345640665366e+00
1.720244347976448873e+00
8.554527013040023053e-01
1.892239445183431679e+00
1.324347817596987120e+01
1.417128170420235556e+01
2.248248108311405424e+00
2.568979879537971467e+00
7.773304790564964373e-01
2.937865475059012521e+00
5.940102935068645174e+00
8.691345358315250014e-01
2.537839336206493268e+00
9.667759623654161860e-01
1.503565914656211699e+00
7.594557049601527332e+00
2.120283969015202441e+00
3.795938279287627282e-01
1.824078040859157923e+00
7.602667085263759894e+00
2.505932895096385948e+00
4.786783137604759819e-01
2.255758926178149881e+00
7.620532237974513734e+00
4.463923523417236083e+00
1.070198978350495933e+00
8.930905850668969803e-01
1.689150362183076792e+00
3.070230532509129695e+00
1.694723059345047522e+00
7.362692759560314215e+00
2.727267164495216889e+00
5.140241520405336439e-01
3.133483213979336046e+00
1.494712292119186658e+00
2.740113338969931256e+00
1.254904181337644475e+00
6.558518243233142364e-01
1.281448963238610572e+00
2.038942840378203503e+00
2.841859711142249445e+00
2.065017997242487358e+00
1.491329821618886831e+00
3.407891201259921843e+00
9.040898954260846665e+00
3.584662852514902132e-01
1.897708463397745016e+00
2.384574744788388045e+00
3.073377266412413267e+00
8.643550966888330356e-01
4.411120288586253935e+00
3.190197899113762947e+00
4.376050743341597382e+00
1.108601182231656823e+00
2.245214376594678818e+00
1.940474373840036515e+00
1.310431800338165198e+00
1.690248433549117024e+00
5.651223405474737227e+00
6.081160019087585411e+00
2.064064218036577802e+00
2.536361555677432822e+00
4.040612694757136580e+00
2.427916584121448285e+00
5.404517881395974888e-01
1.457318301372542813e+00
6.178666185002006372e-01
1.689780430189029570e+00
2.824838622225029905e+00
3.865974419500781245e+00
2.558165375733798097e+00
1.464709381815156641e+00
1.995000936287193882e+00
1.159401407817217455e+00
1.144510455584665909e+00
7.647191996192328478e-01
3.343088478542402431e+00
7.624767918202476125e+00
3.445615647798274228e+00
3.107865945715448497e+00
6.858694730377607129e+00
3.107557734674683214e+00
9.644501486021224146e-01
2.627341445473453163e+00
6.762563103344375603e-01
5.822382627591097481e+00
4.198070457865052063e+00
1.587859410346718070e+00
1.014484344442065700e+00
1.971941713381152095e+00
4.674662527173270021e-01
3.007554005740874725e+00
2.611829001833635644e+00
4.691397827046400515e+00
2.635015525692674832e+00
6.523168725956696612e+00
3.745341740212370096e-01
1.527536622956036538e+00
2.227841566351069336e+00
8.087336217703058328e-01
2.983359986418680609e+00
5.038938536319015782e+00
8.264980870167166760e-01
2.680421186695282287e+00
4.426517296820064118e+00
4.151317407557684191e+00
2.789585585242953858e+00
8.903031103933016777e-01
1.001081196881045621e+01
1.121159851793026130e+00
1.764442174753797277e+00
1.577302379646492891e+00
1.571878108230376325e+00
3.145571080326485358e+00
5.135609917171805705e+00
8.497551782668223197e+00
1.250226045765621796e+00
7.738554826411907506e+00
4.537200233114138115e-01
2.231358763164399406e+00
1.695791752930885243e+00
2.123711782679914339e+00
1.560696357224987674e+00
1.660731303504416889e+00
3.397403363088346673e+00
3.246472710036810039e+00
1.027745318490979498e+00
1.390958838733577174e+00
5.319195806961413808e+00
7.287394850679681513e-01
1.334324578490400759e+00
9.326642656929934105e+00
1.734313382259561331e+00
1.438877356529705498e+00
2.376621066818453087e+00
3.145988661882552773e+00
8.068845506974067217e-01
2.083876070989270080e+00
1.073182031127326574e+00
5.249432734818004320e+00
4.548588187297785801e+00
1.815208001847904873e+00
9.392845078854112906e-01
2.234220613608566719e+00
7.790048105902320774e-01
3.079068709584225516e+00
2.327423486137036868e+00
4.852351097408832636e+00
3.256022308149807198e+00
2.746026322151437604e+00
3.151997836772598482e+00
1.718398130920780087e+00
3.126582837562337791e-01
5.328162465782788182e+00
3.133524797720415034e+00
8.884345230604913102e-01
3.107053303452848692e+00
1.130294922459553764e+00
5.147669321476849857e-01
2.043663493885721660e+00
2.918805329159944950e+00
4.639073935539162363e+00
2.106968252114314044e+00
1.314550064784033800e+00
5.408569026560746451e+00
5.114120660595023793e+00
9.227027035055255233e-01
4.749005287981081125e+00
1.443132931794966600e+00
1.651965028507219824e+00
2.712119047524355953e+00
2.448057630468704726e+00
3.714760619569382971e+00
3.001974373293844867e+00
7.911935820808225772e-01
3.713588142797384695e+00
3.483603045099170625e+00
1.393687430229091140e+00
7.277148689821382632e+00
3.105058974153063645e+00
9.710094844574648221e-01
2.423449588301779034e+00
7.186556687187929171e+00
1.669232663367018699e+00
1.392863870070964794e+00
1.011713871932688802e+00
1.861866309485484816e+00
1.245100090166551210e+00
2.952077775578389573e+00
2.679974834882318913e+00
8.301711275952347036e-01
3.155619227491577305e+00
1.046080606256600154e+00
9.156074069811201976e-01
5.731343076869979569e+00
2.041992225175671027e+00
3.471044796651211684e+00
2.002008086546323007e+00
3.676456592877935581e+00
2.810643773597508943e+00
3.185532132461842636e+00
4.594022205828183658e+00
2.948413605234045498e+00
3.754373504652655402e+00
5.726748964912370177e+00
4.179491482341791908e+00
1.213970040932906835e+00
1.739745427779701092e+00
1.137477533034352639e+01
2.094488219018482589e+00
6.362224749190777962e-01
2.171343145642032901e+00
2.254887809519114938e+00
2.413808406320304911e+00
3.392945256818543420e+00
5.662523700938833393e+00
1.858026017656712714e+00
5.028044078246943549e+00
5.255497671017958616e+00
3.079444955425765240e+00
1.044595127099842147e+00
1.704671055149614256e+00
1.195745271906266005e+00
2.063010477913195473e+00
2.272968476158307993e+00
1.725064535128622678e+00
1.357735141576771332e+00
6.568648769255458930e+00
2.165645767856557047e+00
1.923202207211395898e+00
1.643342319919532502e+00
2.037483059473061964e+00
2.432311991134342932e+00
2.779883242269695298e+00
1.563069349421663645e+00
3.179811273450130038e+00
1.439942837281656285e+00
9.051265940392505538e-01
2.942021643208380333e+00
2.141213439772238658e+00
3.576173718891530129e+00
4.187367993141929645e+00
5.565342037770047767e+00
4.893909558275367222e-01
2.033192213868211251e+00
5.516020981660203937e+00
1.641259764093295770e+00
2.828226616049779540e+00
3.200120294140115895e+00
2.040695340669069768e+00
8.221851526258806331e+00
1.006526563148177189e+01
1.058907544177596582e+00
8.106012387948764442e+00
3.942515206411890016e+00
2.097466277827625181e+00
3.253592936092262189e+00
4.689575753634742661e+00
1.221357590081226796e+00
1.620041756422959001e+00
3.424992330934506057e+00
4.728081415435421597e+00
1.770526966560180604e+00
9.832828221123726564e+00
4.620376914188967232e-01
2.254562490977112255e+00
2.171065308353109735e+00
1.610236947766968019e+00
8.280174915167043403e-01
1.904747504868860020e+00
2.292925445994594913e+00
1.865879983479934667e+00
3.779916889206314856e+00
9.062842125103180990e-01
9.917684874275021212e-01
2.288506191626045183e+00
9.822097471219681353e+00
5.952654002708048786e+00
3.601054287036885349e+00
3.433991955263974383e+00
5.702327284053128054e+00
2.620668700468858692e+00
2.240562633856217900e+00
1.981862332877840638e+00
3.854280350736770000e+00
1.247511772255120110e+00
1.800942234096755357e+00
6.823901566606176416e+00
9.290440417151314412e-01
4.371889468819006197e+00
1.807589612968447224e+00
3.203097637041414814e+00
1.660658065200900424e+00
5.072010503021043837e-01
3.698882020716838248e+00
1.312917377658070262e+00
3.926995258886057272e+00
2.231054853793764003e+00
1.487645918661972155e+00
1.066420719389910232e+00
3.423512451739849194e+00
9.441116766941359817e-01
2.582150913700707928e+00
3.364559637550024629e+00
3.625494760043495579e-01
2.146431951082067524e+00
2.927855417063328858e+00
3.175567460532736419e+00
1.481754163071340002e+00
1.148350716171861130e+01
4.265361404888519115e-01
2.946246621027095003e+00
9.534863513881386865e+00
4.866691703060491148e-01
9.717436207727223607e-01
6.157226413052240277e-01
3.666086381079143752e+00
3.443570404907664084e+00
1.226342526371121622e+00
1.169882934322543866e+00
2.803016933830193569e+00
6.907199475406162748e+00
1.535380549575720677e+00
8.779394013682260578e+00
1.568967324003079700e+00
1.796463692211829111e+00
3.446067971167821931e+00
2.045759365561355292e+00
1.887459641703882474e+00
5.628445777298347608e+00
1.931866270731562363e+00
6.033346304406184135e-01
3.241054820788633606e+00
1.531373682506988132e+00
1.583779066718859818e+00
6.595715013945063987e+00
1.380863154340552068e+00
3.013714988739561562e+00
6.968193871588685084e+00
1.076699140722588544e+00
1.000782649915558320e+00
2.074342832203369458e+00
2.338908539394383812e+00
1.816512663979539477e+00
4.887814852449652747e+00
6.306265421892093492e+00
9.795028826288238122e+00
1.126929071007084504e+00
4.545384202844288346e+00
2.144944325846414035e+00
9.425792486169394024e+00
8.167101074045426401e+00
8.935464095127596096e+00
1.081181789528854242e+00
6.786648317844884204e+00
2.486761082619622698e+00
2.168860509742256859e+00
8.059261537475238768e+00
1.839193319035267393e+00
4.460503689282345086e+00
2.712801272227045146e+00
9.262106534101718580e+00
2.622183071822028921e+00
2.007619178291755624e+00
3.750805017775177941e+00
3.372996194735519815e+00
1.247048171191689203e+00
2.754900032200499727e+00
2.286669645146175878e+00
3.497633781485116056e-01
1.056907867893701836e+00
1.124203682552348704e+00
1.241226638924256109e+00
3.737993622447953523e+00
2.424813937160417598e+00
1.862709671609998674e+00
1.909938404720147975e+00
9.930143128023230403e+00
1.858217512682898809e+00
2.807029963147884555e+00
2.860495041914842496e+00
1.415865896136371926e+00
9.577640806281138008e-01
4.723855684276016653e+00
2.117802373436376229e+00
5.226419494670812682e+00
2.247863475768447028e+00
2.525209411665798154e+00
4.171559810888098241e+00
2.710928342522806567e+00
1.975325840199086525e+00
7.902376913977754436e-01
4.531507148969676990e+00
4.378242697142051831e+00
1.862048698207123154e+00
1.974471019785515313e+00
4.034309726545681762e+00
3.268366598705050308e+00
2.566825364597654868e+00
4.489895561942359059e+00
3.330866890754019538e-01
2.305415948339166299e+00
3.258608943370297606e+00
2.246317776887221118e+00
1.511071894564704365e+00
2.543871397686121583e+00
4.901020024566565603e+00
4.099981853403667387e+00
3.356172401262003557e+00
9.299763301349431188e+00
1.838155065176326541e+00
7.415787798610988801e+00
4.557283192183782639e+00
3.896304020050021855e+00
6.408257965778418885e-01
2.663303678411622855e+00
8.366214340949776229e+00
1.757801627943973433e+00
2.501810175411915971e+00
9.256816983990745484e-01
1.481222460795847962e+00
2.260449112890733137e+00
1.574135782415325702e+00
3.534652381166260682e+00
2.801207242975845890e+00
2.390840070523279515e+00
4.189250290006520494e+00
2.471238625533014321e+00
1.474480824702658177e+00
2.539610587322694180e+00
4.983962739910590578e+00
4.008426087907189128e+00
4.727572263870586933e-01
2.071657629044261206e+00
2.511711863800920597e+00
2.037290495180954064e+00
2.498237679220064233e+00
2.754869189408907904e+00
1.652899615545169620e+00
7.764788380112800370e-01
1.391375369106987447e-01
2.267787345885783346e+00
1.338990802834519211e+00
1.052879792155182015e+00
2.615046022469486253e+00
1.944634423022891578e+00
1.949378516907901204e+00
1.743332069649171867e+00
6.349027348715679864e+00
4.861487792314366452e+00
7.458844106661610684e-01
1.281192085644318190e+01
4.056420909630300997e+00
2.491536262566342419e+00
1.411143301662575400e+00
1.395738255308336173e+00
2.975631457273572700e+00
1.046021182866783761e+01
1.544501078507930059e+00
3.097123780265581772e+00
2.082287316552887013e+00
1.923893232009238785e+00
2.739096794748800967e+00
2.486550010734145388e+00
2.793705976913961386e+00
7.075761961237504449e-01
1.855104282594240539e+00
1.004306248954128788e+00
4.447441069287370041e+00
1.153593221648825384e+00
2.716757861209938341e+00
8.179542407713548124e-01
1.348457368623165342e+00
6.116771878680749008e-01
7.242481002941750567e+00
2.477302171140458587e+00
1.687487033316707796e+00
9.440401418636340525e-01
4.426291244123094160e+00
6.413219529833542598e-01
3.766746402311136777e+00
1.663084987150592164e+00
2.642038842178308311e+00
1.873682205542462675e+00
4.433390989109668112e+00
3.000841795588312433e+00
6.836881200953985882e-01
3.885170993664877503e+00
2.873320339704039661e+00
5.040138067510513409e+00
1.052339585441696146e+00
1.198117398956320745e+00
9.001349065305883634e-01
3.023119153671406600e+00
1.148913912965161765e+00
3.244109070721950427e+00
4.739314570770516433e+00
1.313430065944902303e+00
3.412479526251780193e+00
2.720491233925664165e+00
6.367149237603861867e-01
1.391251160675631926e+00
6.488453049901258041e+00
5.237419116968834665e+00
2.802298858315489305e+00
2.679631447323559623e+00
6.002501625924522299e-01
1.855093640211002759e+00
1.903313905326305733e+00
4.197239843354153344e+00
2.116063680607314090e+00
5.697033485251122187e+00
1.685056591522223757e+00
1.822806285476135990e+00
1.045003264028414369e+00
6.251588420857607353e+00
1.902165376489991067e+00
1.372650320236495025e+00
3.047351176613549928e+00
6.774386542720833404e+00
4.535916747938221860e+00
9.293738044231287798e-01
6.374623889348711714e+00
3.427336394581600665e+00
8.292809486666111951e+00
1.392357484237449317e+00
1.327519137958683038e+00
1.739657877740624192e+00
1.810843516950020105e+00
1.019446663617515680e+00
2.198291998028901961e+00
2.228024206807846408e+00
8.186289484004699801e+00
8.381354574809859459e-01
9.605525973925252980e-01
1.410278069001586587e+00
3.799089065810434818e+00
1.707287599002786926e+00
3.153044371993313444e+00
1.033111028431162870e+00
1.634534236321801393e+00
3.958820357714128324e+00
1.855632563252739731e+00
1.482909812626353796e+00
4.934598956357920119e-01
4.594578596112371294e+00
6.546177483647304118e-01
4.154638567029735441e+00
1.883721408110636153e+00
1.801155358605758261e+00
6.315800726140125221e+00
4.163003276716220391e+00
2.412355023325755354e+00
4.828937119649126863e+00
1.145489093774828104e+00
8.689583062715023232e+00
7.951781792612304223e+00
1.958225476921497288e+00
9.661185492694713162e+00
2.369748041038854502e+00
2.395936900021651716e+00
3.820174910719852601e+00
8.071455258153996670e-01
1.140165823182788696e+00
5.879560401940414627e-01
1.899805504518563559e+00
5.412426658187405870e+00
1.324755138632492502e+00
9.508791230349044055e-01
3.768655995360380651e+00
1.401769279517832478e+00
1.140177767203788717e+00
7.602051878423289111e+00
4.763339747874790753e+00
4.400578695938790474e-01
1.871520655345449979e+00
3.506916768144511920e+00
3.612142266003882440e+00
6.861018401838136604e+00
2.614075154893812591e+00
1.572910167704822948e+00
2.318148128603374492e-01
1.228174548995532867e+01
9.199498740567634059e+00
1.803270412800187739e+00
1.311887688928186080e+00
1.726269874854212460e+00
2.970874250284866847e+00
2.174202900756804890e+00
2.556952996808846024e+00
7.137322318282249611e+00
3.894802622875261910e+00
3.205373250816231145e+00
1.761364049441869639e+00
3.983448357620946179e-01
4.780312881951807036e+00
1.897487032564811216e+00
2.473735183534166548e+00
2.673028276036329309e+00
3.210559881573746832e+00
4.126145088390233973e+00
4.938069433595843272e+00
2.837847456717870642e+00
1.392058544999574599e+00
1.899681232987752599e+00
3.725988846263943000e+00
4.252226061385348643e+00
1.813041624304316590e+00
4.421222244506910037e+00
1.809165906526547962e+00
1.122394025843345355e+00
3.621659509435989133e+00
8.321745203930330348e+00
3.048071772880098784e+00
6.669446395246945158e+00
1.904782084005284259e+00
3.829392202866084838e-01
1.125209415019162273e+00
2.895121925926788631e+00
2.318417050096354792e+00
2.516318064628645601e+00
1.884177693247941709e+00
2.781906567252186768e+00
7.785597015263838738e-01
1.825272129014009925e+00
1.028060163995101028e+00
2.534491838701748989e+00
3.563508333855149868e+00
3.626123236713726161e+00
1.607697733443172794e+00
9.837592743125329164e+00
3.133834360486926762e+00
2.437264988311623082e+00
2.023625599670818787e+00
2.537323447080771732e+00
4.799910395159692200e+00
3.154110684980250490e+00
3.115538464576941280e+00
1.653537531198482569e+00
1.276102113560346307e+00
3.366804006522684301e+00
1.888065838866299639e+00
1.633920050821060288e+00
4.638625760637565598e+00
4.146371439074775900e+00
2.757128108879780992e+00
1.059287365982842211e+01
1.427028320432704556e+00
1.764739243246494338e+00
2.792356846740579268e+00
8.782796893650778314e-01
1.818231587562584517e+00
3.154681298040709958e+00
2.031022045347978811e+00
1.644084903805242304e+00
3.670298873818799379e+00
1.379383463826491241e+00
4.329512261898551095e+00
4.556989540062128086e+00
9.655976711429875570e-01
4.737864190183522339e+00
7.557170628524363387e+00
2.025182937818864826e+00
4.220292126218647688e+00
1.757510534019040449e+00
5.493205347666671123e+00
3.123169944380369767e+00
1.475635758569596057e+00
3.490360858868112537e+00
2.118626850194255784e+00
2.707169082056289255e+00
2.806393401110470087e+00
7.487111343408924258e-01
4.013785843931832353e+00
1.003303444932631017e+00
9.572393525163703787e-01
1.245954899824550877e+00
1.006522795390553959e+01
3.097164824372124592e+00
6.418193115634466261e-01
2.614198577922602240e+00
4.019722914284672655e+00
8.029255126560688183e-01
3.514027820249459477e+00
1.904699556342789757e+00
2.582282215632724309e+00
3.481067971972824804e+00
7.808673302081660106e-01
2.262180696828831383e+00
6.603066516498848904e-01
4.276726828838351757e+00
9.065002429707528009e+00
2.767390545972624238e+00
2.565692331276997473e-01
9.968350990698597869e+00
6.662934896826947728e+00
8.941556661701353548e+00
2.693073696453899935e+00
4.910914358171037719e+00
9.170626248446365203e-01
3.179678048361384013e-01
6.393586470989003345e+00
1.806550972466495208e+00
4.300472458691385391e+00
3.297375698239241260e+00
3.050704700670796576e+00
8.505221388208980215e+00
1.167985111686559385e+00
1.972535492144357416e+00
1.292376052155660204e+00
5.304745897284092182e-01
2.194131405817829616e+00
3.307672685757702347e+00
1.894814733724162759e+00
4.253568222002691357e+00
1.377019762126797442e+00
3.128085168477712674e+00
7.573543446874478891e-01
1.790526381194420535e+00
8.385606612460936304e-01
4.069798748176807202e+00
8.375818165756718781e-01
5.850014546004560501e+00
1.568619056209899387e+00
4.144657388417227750e+00
1.105224001655306543e+00
4.585658916281519559e+00
2.058944638993569054e+00
1.351930639788167410e+00
2.328469840340943620e+00
1.944799568898135211e+00
2.028628298622984882e+00
4.228601035701402000e-01
3.918307542950175026e+00
5.441143616716687115e-01
3.487431043024347588e+00
9.584660078753862722e-01
3.343795386422828919e+00
3.758763383180680595e+00
1.000155140857500058e+01
2.219190454109471133e+00
1.920901736096449541e+00
2.785108922297721001e+00
5.878957904705151005e-01
1.863754254922301623e+00
1.055697603272408802e+00
9.186470932999984740e+00
9.785521239609978883e-01
2.727704038135192466e+00
2.008497477365073891e+00
7.993883147905082032e-01
1.897432579648939965e+00
6.379045580394802073e+00
1.922479743461435131e+00
3.861029410678846752e+00
4.359589763555253406e+00
1.166660412668541147e+00
7.705730798515663338e+00
1.852468141725707840e+00
9.265149228917785029e-01
5.328222810231020290e+00
1.384349944845820524e+00
2.442093764564111869e+00
2.164524255382923812e+00
6.088759244685169492e+00
9.024167114116594668e-01
2.585054975308297198e+00
8.439017637508263725e-01
4.081737687205935217e+00
6.442641241677663499e-01
9.615228548480083681e-01
4.026432609640679949e+00
7.644294246003483506e-01
1.986249515164039137e+00
2.140350049132083043e+00
2.008893500264794074e+00
4.154471185279483336e+00
1.080874162194861654e+00
1.597109969291500065e+00
4.525557434129547474e+00
1.105394148294377654e+00
2.175743224621766281e+00
7.478058541401387593e+00
2.234671915492896677e+00
3.252660942932117383e+00
1.944371755658523382e+00
1.599227353022744103e+00
1.403684234085046389e+00
1.768805781479574124e+00
3.120986729343745658e+00
9.017341792329884864e-01
1.015574873394108835e+01
1.773152654525115279e+00
2.711544613572581142e+00
1.003661453267588266e+00
2.444480626519391464e+00
2.129578806648523948e+00
1.024141728700419529e+00
2.691457832620201884e+00
1.907480136879672106e+00
1.363906952935202588e+00
5.181402762279614382e-01
7.567808982475437984e-01
4.700690248893544698e+00
7.883529968716722625e-01
9.202832607338699011e-01
2.567659578504253748e+00
2.655876292193699140e+00
1.964752594573458078e+00
2.234647952282590833e+00
7.165497657746299431e+00
3.122269880060221325e+00
1.183921962505912751e+00
2.920251933652540988e+00
5.432265224304042128e+00
7.188410701172556649e+00
2.604546278096400602e+00
1.017848352308186266e+00
2.490199828607399191e+00
2.612085528963506764e+00
1.513081805722586770e+00
3.325528338236567905e+00
2.799317654444029468e+00
2.719614225741102231e+00
2.047460789442105078e+00
6.308224279232681475e-01
1.397325458330779924e+00
4.025394292933683893e+00
1.384690542173948380e+00
5.766147128837343594e+00
2.812125288220646002e+00
9.717067620012549423e-01
3.706275795641222892e+00
1.481251996980480934e+00
5.463785366892106587e+00
1.719287593824593507e+00
1.100330372250432509e+00
2.832710401701414860e+00
2.501874868049799971e+00
1.909404874517285577e+00
5.127821287171573372e-01
2.754743941698646559e+00
7.635531541529309019e-01
3.336626320072705987e+00
3.919749374429845723e+00
8.306816570308788172e+00
2.009629271683444074e+00
3.427889882756915974e+00
1.807534225559981111e+00
7.655362339423726903e-01
2.859953027051999275e+00
6.635411670044801369e+00
3.209683816884859819e+00
6.724337067082516439e-01
1.157596297513351580e+00
2.223719154810185561e+00
9.619673593454055593e-01
9.737722869974265727e-01
2.724314421812368714e+00
3.030309161964685138e+00
1.880436448087367207e+00
2.229743598537570648e+00
4.923105467864527185e+00
3.479776595769449088e+00
2.965515905979737354e+00
6.554851074525034349e+00
2.757075907571268303e+00
5.923140434727964809e+00
1.942965499191081635e+00
4.626871768225471193e+00
3.577025379025141838e+00
1.696659237035144319e+00
3.248398047708544123e+00
1.860951879224209460e+00
2.094954191669197829e+00
7.904828304760445512e+00
2.737699502472574764e+00
8.958879049934713734e-01
1.262673391811871326e+00
7.016251106201512933e+00
1.057682505081793511e+00
1.246386493296636200e+00
1.350760124517037308e+00
1.606808865311835977e+00
2.812953815128172330e+00
2.233932416409955657e+00
2.876684734450074110e+00
9.853937029093046140e-01
2.682996168741241583e+00
5.959196748481097927e+00
1.541706681842313742e+00
1.226256143043304103e+00
1.873618909467683058e-01
2.040083301851376429e+00
2.367211031554024459e+00
3.051819914552255320e+00
2.077318007904669805e+00
2.142167227463734225e+00
1.727198442021672831e+00
2.905308046177930592e+00
4.468182861494513602e+00
4.525083905709449184e+00
2.648754423086396859e+00
1.003252680224823834e+01
5.666675345817278053e-01
6.456465318907743445e+00
1.299020167213906163e+01
6.968473875398703221e+00
2.977960216307947494e+00
1.862829640431280520e+00
4.584864748291133552e+00
3.151278046306601688e+00
1.935055984129790740e+00
3.877588058246995928e+00
2.579527248282871277e+00
1.836071075455108170e+00
1.678932395964595425e+00
1.162490027284358574e+00
3.145114528766688178e+00
8.789098013443238600e+00
8.003635217655181711e-01
2.473101457992650243e+00
4.883845527097215644e+00
1.029174282532318685e+00
2.311008518996235050e+00
6.691794919240240391e-01
2.158124487797728364e+00
7.042149335619259709e+00
2.150000945912470041e+00
7.946066421982966865e-01
1.742714672236409079e+00
1.368069447578845965e+00
6.581504589847528841e+00
1.303289063495012723e+00
1.915703466657197040e+00
3.782377658192271674e+00
3.789459381797046778e+00
1.464478334071348309e+00
1.362158224896490966e+00
1.266921553411856749e+00
1.235045295842722490e+00
1.363594377965130944e+00
8.247918115387264493e+00
6.587402898794656458e+00
5.705674811479231057e-01
4.671808744763483290e+00
5.143242633418608101e+00
1.486441937249374678e+00
2.855977996665012064e+00
3.003201744046422927e+00
3.683808982868247206e+00
6.222204809994943631e+00
1.777609686981311832e+00
1.598284325766077485e+00
1.262295912620277960e+00
8.634679337305790625e+00
1.236969975162636404e+00
2.768061452865083538e+00
7.365980634486875900e+00
2.296164562440695001e+00
2.810670061621269311e-01
2.546405048890967748e+00
3.428632696662816226e+00
2.658398697574052338e+00
3.920067762339544792e+00
9.816683642429460122e-01
1.519253516927964398e+00
3.333130573000024466e+00
1.545457992467960118e+00
8.636832499283478626e+00
3.217044891687429686e+00
2.424122580925194281e+00
2.651700807792297443e+00
3.156673485577122573e+00
1.730829876016314106e+00
1.678729327331209609e+00
9.389472609028914896e-01
1.023247434246508547e+00
1.498827912341777591e+00
2.031899332230217237e+00
4.391092089502107498e+00
1.391984885191923427e+00
8.350894583710747554e+00
5.778345009778937502e+00
8.944428261581602868e-01
4.621115383854243142e+00
1.229485280105939715e+00
2.893149643471119692e+00
5.436350076577892487e+00
1.608670607442473699e+00
3.077371606850307195e+00
4.439271007893498044e+00
4.216169889811652638e+00
5.112991091726341031e-01
3.405961172256803504e+00
1.005506239012643244e+00
1.578603192102687958e+00
5.251733536147077386e-01
7.858679319416015385e-01
3.731473828147002791e+00
6.913154923306985111e+00
2.731610331847951656e+00
8.837863437373256748e-01
1.057008697408329745e+01
2.107776217873471580e+00
1.448570356840149564e+00
1.242374296789955812e+00
1.079663986105712015e+00
2.451377031294039277e+00
1.503149956663711651e+00
2.716397119396676274e+00
8.661289576305400972e-01
2.294696438629272528e+00
1.212498193644854672e+00
3.565720923306144208e+00
3.682922798813182297e+00
1.369748652195079686e+00
2.449868152566776036e+00
1.434034397980437747e+00
1.282417155945979381e+01
4.237623502630315286e+00
6.432192772820347848e+00
3.388992636291052296e+00
1.098105242188502473e+01
2.129023967350635704e+00
1.003097758892079083e+00
4.462702449862209875e+00
9.826876348170398012e-01
4.954346246020153721e+00
1.270403063444799141e+00
1.442495144372059723e+00
2.795912844846413670e+00
1.555363666722929361e+00
3.281206572712542791e+00
6.817863769031649035e-01
3.578631007824752963e+00
3.179288810362203677e+00
2.923030019099126520e+00
6.102408551528440972e-01
1.442616697256074332e+00
3.032022388054624429e+00
3.478644790535769804e+00
1.361878785085225196e+00
2.813172381130965682e+00
2.909742805750383798e+00
3.653625918675429851e+00
3.250159196800551875e+00
3.972568098135780268e+00
4.547555290695280306e+00
1.805387831787947261e+00
1.037388328360937306e+00
1.576373315857660495e+00
1.147252338452150244e+00
1.193825430050762471e+00
1.099820101886167123e+01
1.406233840166232874e+00
1.782803085131804188e+00
1.321569691769994037e+01
2.019273157306175737e+00
3.331682283962904001e-01
2.363682074008998324e+00
3.683676213944105715e+00
6.114723603094725846e+00
2.095940410517889596e+00
9.254688507302561984e-01
2.343440554064836867e+00
2.731387203526493224e+00
3.573512508835265500e+00
1.869476612247585212e+00
3.139918147028590845e+00
2.081684817402705612e+00
2.257354258175173989e+00
8.416983931482032943e+00
1.352360190072893209e+00
1.565553765267838848e+00
2.485915839736459354e+00
2.231045212023268665e+00
1.494983692097777039e+00
1.267969574566037760e+00
5.220662408097035412e-01
1.153170471390886798e+00
1.432614626530634316e+00
9.322193351589254107e-01
2.664721502454007407e+00
7.910294083052790137e-01
7.883778616895569247e-01
8.871509079771313644e-01
3.424007185892602667e+00
1.721519785839617622e+00
5.933983561381814376e+00
6.534669159813160988e+00
7.049230617001357446e-01
1.672834259380235222e+00
2.702586285566466628e+00
3.070190442919754847e+00
2.255013992395530575e+00
5.872806056039125977e+00
1.162059260073014633e+00
2.092811574363411697e+00
4.212486123769458857e+00
2.794493365832125154e+00
2.468141730291923519e+00
3.070081519705155859e+00
2.426851785058654176e+00
6.751560931530138365e-01
2.697277340959014946e+00
1.029282120114818566e+00
1.835608174018481753e+00
1.977743396050485103e+00
4.623595322286286446e+00
5.590794088209772639e+00
7.728867710434480509e-01
2.107656442180180001e+00
4.875674404189886957e+00
3.088605246323170572e+00
2.184072544065501109e+00
2.418932093831837271e+00
1.410127369779236473e+00
1.766559563493505847e+00
9.392467802856804937e+00
5.990576563546039957e+00
7.172979476139567545e+00
4.758485335437851127e+00
1.787091610876025971e+00
5.514101219019027056e+00
1.750058806064511030e+00
1.041415409456775132e+00
2.608991862965395647e+00
9.296563417721685596e+00
4.227513824148218191e+00
2.553442296131498424e+00
3.046252944343625924e+00
1.442497575564780643e+00
6.879458929873136341e+00
1.085256324794336535e+00
4.140193982716734666e+00
4.572715174022961016e+00
1.625506346729448826e+00
3.427771531317508558e+00
4.509321106379673871e+00
9.203073139126279889e-01
2.641212385594248424e+00
9.281944156144888991e-01
9.860790357141165918e-01
4.592965247750758095e+00
7.761465825907971627e-01
2.494908260838705871e+00
2.033149978250706535e+00
5.284043415125270649e+00
3.524072020690768525e+00
2.182564538188375813e+00
1.623483440467079486e+00
1.183645199403913217e+00
9.401011481983296392e+00
1.708284482198337395e+00
4.752143414811408562e+00
6.681780975975193826e+00
4.575982871488339931e+00
3.400054793826041699e+00
1.251619402831042782e+00
7.286354305909246598e+00
6.391436045258773291e+00
2.473389173173420996e+00
1.011033281431309883e+00
2.897865193399540740e+00
1.079870793393834294e+00
1.080086546452537277e+01
1.417673888666291626e+00
6.587473951135639716e+00
1.310517166306479409e+00
3.319353617645961041e+00
2.873613115264406659e+00
2.406510515323573962e+00
4.291154444218540753e+00
9.860280682073373271e+00
2.112367934998654828e+00
4.840641879219960586e+00
1.387588321371348465e+00
1.525882113782878191e+00
1.553180200043611459e+00
1.712123224586182824e+00
1.881653234580622724e+00
1.397270366568329036e+00
9.424808200531848978e-01
1.106382249750275326e+00
1.258575537637254049e+00
1.764899430779434786e+00
3.693293375453422733e+00
7.756475729952148512e+00
6.910567660039336424e+00
7.753700537761089029e-01
5.034066460158286738e+00
2.105216752088636678e+00
1.032000750717873849e+01
9.343342442642494916e-01
4.677288155888457588e+00
5.396856393986751321e+00
1.048068125166027098e+00
8.725383835090488205e+00
2.169272026815479038e+00
8.656702926680133192e-01
1.074612356120173251e+00
6.097218977891265546e+00
4.721906693703910918e+00
2.734920008433761929e+00
9.361960602689210376e+00
1.101961017201691817e+00
1.861054554450140230e+00
2.197490716809687328e+00
9.958418327121347779e-01
1.120798048308558892e+00
7.791942536361959881e-01
4.844246591584226991e+00
6.190432204684546136e-01
9.993158393433946296e-01
2.365092858175828372e+00
4.712414601381981427e+00
2.676419475800246417e+00
1.773434301790122847e+00
2.928162142870895490e+00
2.017609774089010433e+00
3.381128448029949940e+00
2.499702708288483954e+00
1.567366109203339075e+00
1.486182075815603909e+00
3.161958729736277895e+00
3.127854333935358611e+00
1.903562034543238912e+00
7.104582060650902475e-01
1.259094900651530624e+00
2.026883234755734176e+00
1.221409604261968207e+00
8.521879185951931390e+00
6.917970574683839358e-01
1.172455708521098927e+00
3.527208436059834806e+00
1.111459560505347666e+00
1.328704682076667032e+00
4.721925029698572640e-01
2.180839455074465416e+00
2.534129175552282121e+00
2.312004951990282553e+00
1.507520551763188443e+00
1.021042036698580624e+00
3.370775953988649043e+00
4.638541312321390109e+00
1.387791018651433061e+00
7.973505521257327366e+00
8.438346189295669930e+00
3.307547077263512492e+00
1.190030563207902015e+00
2.763029993681441976e+00
3.026809320576018258e-01
2.135639806166753640e+00
9.898433140924501217e+00
1.944098750538092224e+00
1.847288191245229916e+00
3.036708223379056104e+00
1.389435168337071369e+00
5.468909634456406987e-01
3.148069560800379918e+00
3.303342793693862411e+00
7.044229971904733212e+00
1.601408591558934669e+00
2.450480573664563178e+00
3.482650352431756247e+00
1.890883822771325162e+00
9.523407092280117281e-01
4.968733692241097621e+00
5.727722323155725270e+00
3.483406282018067235e-01
7.426080117671057801e-01
5.867675793166391429e-01
5.030934465904465469e+00
2.241847342179417168e+00
5.005434975394241981e+00
2.104191609443997635e+00
5.508710752200186356e+00
1.766333795938801465e+00
1.347442288017908885e+00
3.565369192871049808e+00
9.137696174610894229e-01
1.457385233363250210e+00
4.913830741402430924e+00
1.794656115983328526e+00
1.871262565132395750e+00
7.914403357295492825e+00
2.685750336028376317e+00
2.650774354137521271e+00
2.183857215541972430e+00
8.075568160539791762e+00
8.912586409869224235e-01
1.027275843984113424e+00
2.503603094388088479e+00
2.874086619674008247e+00
7.743877995811147663e+00
4.763140464068851276e-01
1.896151533329306416e+00
1.028839922152713360e+00
4.490987212127170558e+00
3.578630090213584136e+00
3.020345057693586188e+00
1.996974156108658693e+00
3.621500132159026109e+00
4.723424869675532101e+00
5.728890503359954423e+00
2.375562608339726989e+00
1.429978344086123787e+00
5.765015000045456972e+00
9.045887876890192913e+00
2.133226236116906094e+00
1.926661816722926135e+00
9.456317580092372665e-01
3.358906596855749438e+00
3.368990646018364732e+00
5.503900813177710738e+00
1.625372964578870372e+00
6.460261242368554591e-01
3.338101558228840471e+00
6.997914625053978988e+00
1.802479763788009004e+00
2.859721248872164612e+00
4.935078928393277775e-01
1.940557721846853267e+00
1.026451920761668246e+00
3.981171647772856481e+00
1.121009116146073126e+00
2.242629398274511576e+00
2.632632064557986151e+00
1.159691898219383344e+00
4.254377973854230888e+00
2.566193805399067607e+00
1.754200536687885226e+00
3.034058953618474774e+00
4.420927304926871138e+00
2.283259198435304338e+00
1.396581157708200127e+00
1.053320139677267342e+01
1.042653385850372150e+00
9.102103750883546729e-01
1.063111927161889181e+00
1.396252421659351040e+00
3.982079926774844125e+00
4.064315418463437801e+00
9.828289237871716821e+00
9.561005752993646523e-01
4.958498299620264227e+00
3.878862858301091787e+00
7.738417563599404581e+00
1.422199585115057729e+00
1.309587139939820011e+00
2.167351357085444796e+00
5.919388625266035042e+00
9.767847344284834588e-01
1.614884166561030510e+00
5.036290227565265454e-01
8.877224800014927864e-01
4.699912820114324319e+00
1.498142595623835005e+00
1.903023739482718746e+00
2.615072478732018091e+00
4.881968479123194093e+00
3.273189217792568328e+00
1.575608163131948070e+00
7.017316582126422730e+00
5.197317128515175355e+00
1.585922208212595219e+00
1.479857070940323815e+00
1.162283186589551764e+00
3.559853480728379704e+00
1.339994147152566484e+00
4.921060443956778996e-01
3.335932048656693016e+00
1.971056696769830419e+00
4.425225104673648602e+00
6.885334477642455209e-01
1.001788766393400421e+00
6.288310003997061415e+00
1.488580136539420229e+00
1.673299943374980669e+00
8.205703527115455032e+00
1.256956407208068605e+01
6.092179761853389053e+00
6.474415613721185458e+00
8.125683050273995178e+00
1.261662192418363748e+00
2.647622559972511613e+00
3.140779436988761830e+00
6.865055357675837744e-01
1.692634783945729637e+00
2.756258420080574645e+00
1.097682436308345499e+00
3.055594909849577601e+00
6.963341052996848468e+00
7.926567618872839560e+00
9.935757833135597794e-01
2.222275451338854957e+00
2.570878031739830760e+00
2.526376263992502036e+00
9.286959718498338789e-01
4.603744292718010556e+00
8.324907190448877614e+00
4.280134282990937677e+00
2.145761897851117261e+00
2.657663057323303324e+00
2.042220736919098556e+00
1.968715071716382825e+00
2.297174568455748300e+00
4.113374685007130438e+00
6.827650471468951210e+00
1.829208498838795327e+00
2.153283495931666458e+00
4.594720715768041974e-01
1.196311422320103457e+00
1.768839244071061856e+00
8.207928228562523243e-01
1.356670558772708146e+00
1.363637126852735637e+00
2.030804180975656070e+00
4.149196722121002878e+00
2.328113048001162699e+00
1.624409128128084800e+00
1.201167499984145737e+00
4.018825667911176680e+00
1.631912544775441676e+00
5.505971348284253608e+00
3.184409714250982848e+00
4.038839443881591329e+00
1.613952237610588147e+00
6.409459363607088456e+00
1.227584315868772036e+00
1.864454495281734348e+00
3.924601905349833775e+00
2.730024325299156729e+00
2.725249599940403389e+00
1.263672347242082994e+00
1.048300175552023994e+01
8.708884997417257523e+00
6.035001291359756159e+00
5.181045948352489106e+00
9.442333654208438176e+00
1.069027535901122317e+00
1.685928069724743183e+00
1.997893369659311746e+00
6.592720858455630051e+00
2.248505201935542708e+00
5.526540487360427356e-01
5.869924799299148788e-01
9.356208887955811404e-01
1.993922468678957172e+00
6.158762417482224194e-01
8.308740126827434125e+00
9.146295088665058470e-01
1.906902175199950644e+00
1.232303454738278958e+00
7.129739809424311403e+00
2.773743294249760183e+00
2.448196376918994055e+00
2.827985060322931954e+00
1.521273821926860004e+00
1.215802075210970834e+00
5.301027868398958454e+00
2.495514306242359481e+00
9.894792268347918807e+00
2.559272450504153529e+00
1.367768755620456966e+00
4.161086156697370697e+00
3.047050285668855718e+00
7.138750297689400170e-01
5.356242954236572373e+00
2.627034018040043328e+00
1.019745969047943790e+00
3.876949798997935126e+00
7.258230260906306519e-01
4.962187870817457380e+00
3.204738561027754340e+00
2.534465074499288928e+00
1.999465443298970024e+00
3.557307578524775860e+00
1.009915561612051649e+00
2.381872907286708418e+00
9.910863834754805035e-01
7.871774618244165467e+00
2.367252083383144523e+00
2.455324071530022412e+00
1.361196463511711086e+00
1.118147065452604494e+01
6.601222120507739266e-01
1.021286620016129021e+00
2.344606170598502182e+00
1.122453505137205099e+00
2.352996458700681970e+00
2.040983582336743041e+00
4.504261004970526727e+00
6.572398617578888436e-01
1.281983801792340838e+00
1.177848406073926713e+00
1.227516445227542663e+00
4.508097727771741781e+00
8.650583215599985110e+00
2.273225321063169879e+00
3.598953235458318023e+00
1.467314184393478049e+00
5.888351635374841742e+00
8.178901394658580903e-01
5.923736339006559604e+00
1.614406303401867637e+00
1.828765095500632487e+00
9.933303407633090609e-01
6.150647858861484352e-01
1.716557246213501253e+00
2.978064709058072079e+00
8.811521967749473827e-01
2.919634406753478295e+00
1.589527480669132187e+00
2.572221301748240485e+00
1.206873336301043764e+00
1.367073352437790934e+00
7.097179656127519110e-01
6.082523760341246089e+00
9.784975162260103332e-01
2.196922314961595291e+00
3.762429102332751185e+00
1.443434593888784701e+00
4.169956033437066445e+00
3.055084372132869763e+00
2.697760862886890432e-01
1.099866343311046712e+00
3.005572324677291629e+00
2.139728982619813202e-01
1.915572748118039126e+00
4.141956200389669718e+00
1.689304974690063688e+00
5.890651858265820273e+00
2.325396081580605845e+00
1.792469463300820909e+00
1.767225615917976445e+00
3.320225392802861997e+00
7.569421270420171766e+00
8.757362345680412830e-01
3.165842536411521024e+00
6.678438540401639756e+00
2.905980681287076095e+00
3.131009880239481014e+00
2.728411692932276589e-01
3.571594241569457484e+00
7.636676675943588677e+00
2.598636636446817860e+00
1.789163281860180366e+00
2.672659067881318240e+00
3.942223576497758675e+00
4.595915250296496168e-01
2.141891888215373019e+00
2.432492978300606623e+00
7.222925523316812146e+00
1.634562238903901177e+00
8.473179195328364166e-01
4.487577030190389671e+00
1.606465822998572657e+00
8.527016778880291525e+00
9.911843415936509860e-01
4.870617995801936218e+00
1.112926887187254854e+00
1.616300082693687967e+00
1.880917443801626732e+00
2.704916841204709321e+00
5.498124261913135413e-01
4.185180639348807574e+00
2.658666535451039259e+00
6.212757672426745259e+00
1.031113632911891509e+00
4.821171148098016279e-01
4.660971673283842875e+00
1.225152300573740582e+00
3.883434305637211814e+00
1.131883534178049722e+01
2.833753374177273798e+00
5.706576080737129075e+00
1.805828748920216942e+00
1.031586380804587089e+00
1.303800736221347512e+00
8.892248435772557302e-01
1.988277093171806786e+00
7.672502593366055557e+00
8.496270033437886227e+00
3.283408478224869143e+00
9.977893172903217200e-01
4.827350427936114130e+00
1.196089792046678646e+00
6.618829766257534608e+00
1.992362505442269338e+00
8.774325613834207394e-01
3.443814631993904474e+00
1.997505945415379403e+00
1.057992540622183508e+00
1.457999148006298151e+00
5.251927624417093154e-01
2.023818544932869834e+00
3.641263510557653404e+00
8.458180524863156080e+00
5.312316936771881437e+00
4.662630927707667183e+00
1.660648200012364128e+00
2.347416324113096309e+00
1.437221292408015882e+00
2.639112507703024413e+00
1.943388598215291252e-01
9.131612491679197419e-01
3.047014838099950662e+00
5.837875217038329012e+00
2.995065966653733369e+00
1.941216219320081926e+00
3.054177632527570907e+00
1.366264809720345363e+00
8.373626627670537337e-01
2.061021723662838312e+00
8.476343847494066663e-01
1.061063653240690741e+01
5.078327772387480898e-01
1.206076744783066923e+00
2.952928386174792585e+00
3.782322812381264665e+00
1.257174512890069540e+00
1.410190209083488355e+00
9.042852362220489937e+00
1.414588539200068995e+00
2.759386892560885318e+00
5.598792976618077510e+00
9.005355676896664718e+00
1.287513984479492057e+00
8.235820061509508960e-01
1.649833412368802765e+00
4.611295719491245393e+00
7.647204486227999531e+00
6.184973098325476037e+00
1.870195163154623197e+00
2.963121115074466072e+00
1.051848027933774077e+00
1.605657601312262983e+00
1.178789547752502775e+00
4.555612572011121131e+00
2.847398011598569756e+00
2.887428452067942075e+00
4.774760485475798788e+00
7.790350787088483386e+00
3.078663692153115417e+00
2.442597266922309718e+00
1.021972361248262118e+01
2.390631393892399537e+00
7.762613531783854270e+00
1.534820167518732070e+00
2.681125568355674282e+00
4.358688108731605837e+00
1.130234923737847730e+00
7.267981091681201100e+00
2.319356006703468420e+00
2.757349549064192384e+00
6.176556281484446131e+00
3.470795278050964772e+00
3.147153169883955659e+00
1.483565849961844707e+00
3.678176848695816403e+00
4.414096734526162358e+00
2.726412702528988152e+00
4.965406232619265836e+00
2.714137782667568111e+00
2.904926608764856422e+00
1.482713234569521310e+00
5.577983786115758846e+00
1.235783743990593386e+01
2.848371304823714034e+00
2.669134337110286470e+00
2.651296372496120934e+00
5.235404087697641984e+00
1.535517362455832702e+00
9.408947952485597899e-01
1.761253675324797818e+00
3.898839530601300840e+00
1.994345583122828724e+00
4.898451260794555395e+00
2.042378227514594080e+00
1.353145505149990102e+00
5.371158719394030889e+00
3.162106986436877154e+00
4.342621641733562576e+00
6.762489469832501321e+00
1.118455032651286540e+00
1.848430957991526125e+00
8.328550337603285669e+00
3.542670319911928267e+00
7.071761269940242123e+00
1.313118250169164725e+00
5.830845798486128828e+00
2.894651958746850884e+00
3.099379103136585822e+00
2.361690433939699130e+00
4.492920140653863470e+00
6.500273023771669934e-01
3.355511037005777464e+00
1.462652444265966079e+00
4.479105270684000217e+00
2.776463774384147154e+00
2.443794764531399544e+00
3.979836018222124849e-01
1.013474497426156473e+00
4.393323013043900716e+00
5.817151442247639359e+00
8.379939403263917397e-01
6.467610956861946647e+00
8.551902210096331558e+00
1.482355448900767536e+00
3.942914494872808540e+00
1.276218913441641867e+01
5.817959227077385442e+00
1.061663595176697950e+00
4.476589999070413661e+00
5.429753971196478624e+00
2.195965248019536187e+00
2.413253529176651924e+00
2.147360163519745679e+00
1.813503671313897447e+00
9.062250258204596065e-01
4.847201808782144461e+00
3.318350639502741561e+00
1.645574852894913453e+00
2.954473822949702733e+00
9.503132173770235669e-01
3.679880716133097529e+00
1.586470239624693690e+00
1.714794876063956641e+00
5.672068119583622003e-01
2.405470501139568729e+00
1.077977795818171325e+00
6.224980283811120785e+00
9.953058157999590261e-01
1.801471928381728205e+00
7.814968950881141518e-01
3.960840923323516893e+00
1.937385493367702827e+00
1.388404478677307541e+00
3.810824506012632451e+00
5.282793207788407663e+00
2.617779322525016994e+00
1.742808769711330363e+00
1.204644165591549188e+00
5.167643683556519818e+00
1.270343674832201453e+00
5.073142559161346377e+00
1.772686793803925465e+00
1.230800168678144901e+00
3.569894591195537537e+00
2.619836742387786632e+00
1.239911114715032348e+00
1.021231221017330881e+00
1.618943265999092995e+00
1.743746208755051041e+00
2.036394955597863543e+00
5.661749715037339925e+00
2.340687522397658094e-01
2.632153495656208708e+00
6.189290958110333918e+00
4.794631723135633905e+00
6.180828889599190745e+00
8.183180024422308518e-01
5.470479822519383362e+00
6.362568495716312000e+00
2.832115298851822338e+00
6.951926121118775503e-01
1.696524560541187165e+00
3.278296421372365543e+00
2.124905552097963390e+00
6.027930347574187664e+00
2.371266613282691171e+00
1.606997468706889087e+00
1.417305790890535100e+00
3.608317621370571437e+00
4.362960091219495240e+00
3.175765412277706368e+00
2.517215239973820129e+00
2.684522386116225956e+00
7.328052598850986143e+00
1.272064871038588452e+00
4.244399604233406897e+00
4.443400204124012376e+00
1.605790009618614178e+00
2.158119141312153655e+00
4.286856804035799606e-01
1.775171705504959840e+00
3.466544805002313989e+00
2.266259967417277643e+00
3.516173155574874087e+00
4.379780270458542013e+00
2.633768489814135805e+00
8.695740387815309447e-01
3.026135050565418094e+00
1.599698253903507839e+00
3.169415430511576925e+00
2.963924204781358096e+00
2.788368093625627875e+00
4.434574604245740126e+00
1.129917549679971822e+00
3.626963574641610233e+00
9.445446936076903333e-01
7.410946076330381382e-01
7.302830069957057191e+00
5.659016348029232146e-01
2.519852989290546130e+00
3.254377337587322394e+00
2.070992783864545661e+00
1.853822874640889795e+00
4.564792975768309446e+00
5.646236786422266229e-01
6.257770300553984200e+00
9.774729756653231405e+00
3.406170276743475167e+00
4.914021654096875302e+00
5.341974018529168866e+00
2.453504900641358066e+00
7.052929724667368561e+00
1.036173479547171183e+01
1.403806973363855404e+00
2.190063244919024488e+00
2.062818436313933468e+00
2.159779556860426553e+00
3.641288224226393755e+00
2.756227838297202748e+00
2.388758959130632409e+00
1.968092176308846364e+00
2.188667164340378335e+00
4.027584590312981661e+00
8.464263088976084148e+00
1.022162157957657413e+00
4.674048239514699610e+00
7.115557195172776961e-01
1.949798398834632795e+00
6.539427649445776147e+00
2.380478293115936950e+00
1.670269746692566226e+00
5.538016274331186706e-01
7.565120650377635592e+00
1.820589930952702051e+00
1.250928886177006927e+00
9.491814852184800699e+00
2.097347318835329322e+00
3.955135657845056496e+00
6.313732028809722063e-01
1.506999823543796913e+00
1.622052098710446089e+00
6.701450421815819958e+00
1.241307224493158001e+00
1.456709397759343716e+00
8.961208658582480169e+00
3.523018490069979691e+00
3.472427358628603411e+00
6.037421271257465971e-01
5.439093073084974250e+00
2.947851020369132158e+00
5.691455379448666640e+00
6.647510687152843323e-01
2.849726450677510403e+00
3.722566961843270850e+00
6.618080301080013328e+00
3.993377567008514983e+00
9.144510166259286477e-01
2.914912908462664376e+00
3.932382114322596323e+00
6.488964261178366000e-01
3.446015272778192973e+00
2.096082427881952981e+00
1.598218243829914731e-01
3.523058315497072712e+00
1.056292506232376915e+00
9.496456247012098117e+00
1.677940877921611396e+00
2.859826385031458251e+00
8.328335916213129853e-01
2.386664950139863350e+00
1.003946459349331022e+00
5.903896428863713020e-01
4.264968368112771024e+00
1.067471323798421912e+00
2.552573258672383272e+00
1.576523458127909283e+00
2.097509598396454678e+00
3.342221927871592779e+00
1.774278422586400339e+00
8.691143542976329073e+00
1.386418302276755110e+00
3.709071398046929868e+00
8.239242823942596328e-01
1.368378204624188132e+00
3.729086683009123160e+00
4.767320482080148913e+00
1.630259299587901722e+00
4.308388755267308134e+00
3.109017000189377988e+00
7.822329766289515263e-01
3.974145679879831583e+00
8.709117027370493203e-01
1.375646381474170621e+00
3.040817265717542295e+00
2.190255817278678574e+00
6.640221452626605014e+00
3.169850590897856257e+00
3.604736537723546963e+00
5.463532068025641619e-01
1.762717422179105542e+00
1.079570138964326986e+01
1.112439200041024145e+00
3.073499873957615147e+00
4.713521891117946616e+00
5.573191733232484291e-01
3.445407948710500712e+00
4.352713474165798679e+00
7.368018751064995264e-01
1.194372172436267476e+01
2.339859376311537620e+00
2.762921929690446365e+00
1.012226790076020677e+01
1.273806683467769041e+00
2.129873005516403683e+00
1.028270382537950223e+00
2.036425491102431096e+00
3.665722252437069617e+00
1.635966160436664874e+00
2.401039436415247863e+00
1.621931468488893469e+00
2.234472915479106536e+00
6.406941758676575560e+00
1.696509853861547956e+00
3.335573325533507827e+00
1.387614875437930717e+00
7.211944455932092879e+00
1.890113976609765656e+00
2.764282679982785318e+00
3.439773573744354884e+00
1.700823874845463601e+00
3.564030841732487076e+00
9.615833224580269123e-01
9.157212625202829415e+00
4.684200435549830566e+00
3.478057890690495757e+00
1.288911553256642639e+00
6.789228303935848086e-01
8.173661644279316407e-01
2.379169532732084757e+00
7.393197694928580255e+00
1.779627371503675004e+00
3.263884521405234995e+00
7.991642002199200512e+00
5.061010994940059682e+00
1.067484248648001843e+00
1.141298030309277456e+00
1.314487617399466401e+00
6.097055685311141282e-01
7.795806459751966955e+00
2.666076060361544986e+00
1.404818813088069662e+00
1.344079151234507830e+00
1.680769822556511084e+00
4.992383342852157568e+00
3.336740660072685216e+00
4.632578285133148732e+00
5.535222483386180059e+00
1.008296448482984076e+01
1.632999523272790299e+00
5.335137782658398997e-01
3.614500822082680642e+00
1.958376497091722346e+00
3.671379652724667597e+00
5.865739811552788119e-01
2.085160840609638910e+00
2.494420434020160116e+00
2.430077636833572807e+00
1.032562150428744108e+00
7.843138113696289659e-01
4.209532840734284243e+00
1.034499636716072857e+01
5.247720211244949473e-01
1.054203164383542024e+01
9.125648767002073614e-01
1.867848140543959090e+00
4.142918300304404333e+00
2.902188623798403366e+00
6.936218633820075974e-01
8.290585782796274117e+00
5.934669096593643278e-01
5.529652399079189706e+00
8.636187620985907643e+00
1.151625109116508172e+00
2.070005881626721944e+00
2.907770383645182921e+00
5.315738118571192494e+00
1.394686553024967246e+00
2.645957202762483362e+00
5.435681710270882760e+00
4.226523732148823598e+00
3.511442037209526745e+00
5.767086800574905858e+00
1.314637424234678775e+00
2.342538778329668503e+00
4.086318578695652626e+00
3.296830935645130634e+00
1.235993225848025512e+00
1.849639845159247287e+00
2.831955355272359753e+00
3.112487903870209127e+00
5.574058419414167354e+00
1.746008406002897972e+00
5.332811534582972968e+00
4.506342952488444631e+00
1.886868993325127253e+00
5.429677255690742443e-01
4.196848981846134308e+00
2.053621713738511545e+00
2.665280314887568114e+00
5.488186054071887199e+00
1.299660921624607779e+00
2.334336502200407892e+00
4.002278925562046119e+00
3.978540597451529326e+00
1.844291881642792230e+00
8.841283732817513119e-01
1.916735056516551072e+00
2.563259824531737285e-01
4.365858004340734233e+00
2.489853989512514687e+00
2.301098245401607567e+00
3.020846570232330386e+00
1.482364399418510281e+00
5.197809702662221198e+00
2.388336811678481109e+00
6.756894491546889370e+00
2.995842100655117801e-01
1.577506164216144091e+00
1.478355677015848135e+00
1.012475102878820366e+00
1.956294498178275276e+00
8.610993923277093787e-01
8.135676279590398963e+00
8.369641912487283397e-01
3.834619372926490577e+00
2.795305082921978546e+00
3.910674073310821175e+00
1.333196860779120696e+00
3.303024898246713081e-01
2.263955224196515736e+00
5.555875699961495551e-01
7.282200384432883089e-01
1.497680571250493031e+00
2.087914128485787835e+00
1.567008348041983634e+00
3.195264533080151459e+00
1.678906662641823422e+00
1.705884840468802066e+00
8.636004349558732418e-01
3.517646329295565089e+00
2.386940170217853208e+00
8.314224061311816794e-01
2.079157254029199375e+00
9.148364403240154541e-01
3.687016319582488766e+00
5.275570874103908459e+00
4.047618066703811301e+00
5.692276350970121968e+00
1.003103166056624529e+00
5.406760515969811109e+00
4.556786443271866993e+00
1.077207182100636595e+00
2.341800594328110829e+00
3.470729272533204401e+00
3.135274131136931874e+00
2.964717142546857698e+00
6.867283346084270157e+00
2.452103226734257291e+00
3.138422734309742168e+00
1.873372235336690839e+00
6.534522912727663835e-01
6.224896180699542647e+00
2.842299905979829067e+00
1.531647829083303769e+00
2.349539492237215477e+00
5.507871539514980874e+00
3.439792955228526683e+00
4.692019299950391242e-01
2.083421385544226734e+00
5.363727054475278422e+00
1.592014556174505824e+00
1.302428673618827304e+00
1.775757241123558261e+00
1.459934214415162135e+00
2.057999858541253779e+00
2.188314793075561759e+00
1.639227023406284456e+00
2.233283493865943381e+00
1.542819986212319749e+00
3.191895767814657336e+00
1.275331125356675477e+00
1.044345310275010208e+00
2.428374020423706092e+00
2.024073652017871261e+00
6.083920616163537076e+00
2.745889245002351320e+00
1.436937840346371509e+00
5.039679783901196863e+00
9.327928694757071426e+00
1.749592101083909501e+00
2.894981380745749178e+00
1.196760384952393341e+00
1.063228728886365104e+00
1.739997205059307328e+00
9.373717067258804381e-01
7.460225882584563539e-01
3.150093666834739459e+00
1.613028830595872209e+00
4.769146915745973159e-01
1.042062954866128166e+01
1.832789659754941347e+00
2.644454810628722452e+00
9.907775348433727203e-01
1.571482433283222679e+00
1.346823402469627950e+00
8.810411954671890644e-01
6.140430467979483886e+00
3.426905064238727316e+00
7.698077195832905062e+00
1.587255870038037031e+00
3.185808169163963477e+00
5.950118384632779645e+00
4.215622755594174542e+00
2.711471912707583698e+00
8.729880370918470689e+00
1.478872599026280765e+00
2.082884338438183214e+00
3.760319130817617594e+00
2.375636930842448535e+00
4.211701200156668712e+00
1.139840873444646574e+00
1.095658927561996343e+01
1.026385036039558329e+01
3.642348261711684021e+00
3.337944450281669528e+00
7.574202997530403714e-01
7.200590058284485728e+00
2.670916483984265621e+00
6.872980679389089964e+00
6.639314351879864518e+00
2.040245237224713737e+00
2.107163336066300463e+00
4.214261837918268583e+00
3.648432340785585204e+00
4.037962021385016698e+00
2.249177838709836674e+00
6.384226834023666974e+00
3.515567871395880672e+00
2.503872581054461754e+00
2.347092772751829592e+00
2.632278727299022680e+00
3.021136998925157524e+00
4.704722099126893653e+00
9.690552391931508414e-01
1.640034922437848319e+00
2.430552813908471776e+00
2.994063071829361489e-01
2.945020386110665189e+00
2.067932296127720448e+00
7.080454820168312624e-01
1.998528681278531449e+00
1.617522130668597846e+00
3.674373186960823379e+00
2.278637960804664075e+00
3.162199813911403812e+00
3.671104202059644273e+00
2.795576195238816730e+00
1.630897702483435463e+00
2.231893080884278735e+00
6.469653136973596119e+00
2.014290134685849054e+00
6.824386307713327326e+00
1.754620173357743340e+00
3.939316196628238842e+00
5.002291403123891200e+00
6.687571939842889002e+00
4.464458556723482907e+00
1.793750437150931853e+00
1.777410853770808430e+00
3.298060350691379039e+00
3.421255570208529218e+00
3.154354400859458174e+00
2.322855289469921480e+00
9.470380693841614628e-01
7.523165493899226952e+00
2.997192690839312057e+00
1.367007055071369548e+00
1.338561897615698326e+00
1.121216177470330777e+01
4.814472029901743610e+00
8.953416017554151063e-01
1.018733362071915227e+00
1.463014609881467587e+00
9.348817351030194178e-01
2.273035009807813367e+00
2.881900592553429785e+00
2.847321769573392114e+00
7.700588569071472600e-01
4.524098770295385208e+00
1.027616004253295134e+00
7.382054644623729622e+00
1.619187244492698907e+00
4.892829405883047045e+00
3.315382150766341129e-01
3.235925804730246824e+00
2.540220067279695737e+00
3.047954786201609423e+00
4.935745264648609520e+00
4.778164590315992499e-01
4.755302662907734956e-01
2.435744685556143541e+00
3.060118924215988745e-01
2.798235550314525977e+00
8.062818764353606227e+00
6.647540400309460695e-01
6.756712838426874868e+00
5.417325745607566745e+00
1.409727361646919919e+00
2.096093231560020254e+00
1.673387388126710951e+00
2.790903800289765258e+00
3.673636770447739619e-01
2.109972879704784088e+00
2.664348933467999281e+00
2.170622030264349966e+00
1.796354379642332244e+00
2.940248600614412400e+00
1.439512129832111409e+00
1.809743055017341007e+00
2.310573634824025557e+00
1.020777854916210003e+01
2.140779540078485255e+00
4.231582354157878978e-01
3.671252829744769741e+00
3.666299289092901592e+00
4.248888859733231271e+00
2.345147048878233331e+00
9.820430640600312788e-01
8.588571361004723181e-01
2.095070742514430151e+00
2.174915482002948153e+00
2.485041814724205267e+00
6.043075881489013979e-01
7.236488077251091333e+00
4.470933029979580198e+00
2.794246364529918480e+00
1.574155242591098514e+00
4.945627161759094115e+00
5.202978687059812479e+00
3.869077800842295911e+00
1.492211419923737070e+00
1.509414044738674132e+00
6.595334745421861378e+00
2.251901071799220222e-01
2.918981072359307483e+00
2.151760814167763769e+00
4.841009869826500278e+00
2.253736983010475647e+00
3.303808958652940664e+00
1.220088991286838453e+00
3.493174595704388707e+00
1.045208825100133243e+00
4.218467650572714334e+00
3.373938367994295251e-01
2.119328959090943432e+00
3.499287350608989211e+00
3.605062193988106678e+00
4.999301062616141600e+00
5.627107325089744094e+00
4.915015698517854581e+00
5.174993498215772370e+00
1.102208184461458407e+00
1.455716706995598742e+00
1.099966549076502265e+00
3.578007159447104790e+00
2.900553444584663243e+00
2.687466770352122669e+00
1.127312630153789907e+00
1.290693907823153186e+00
1.900060193804313124e+00
1.168047095207543684e+00
2.472285212735070292e+00
7.628452981906420405e+00
1.606664117664446945e+00
6.304603127457347966e+00
2.712734793925111632e+00
3.657647041877374772e+00
2.203859643998806295e+00
2.866579141644870710e+00
1.340773589859729720e+00
1.230160546782120834e+00
1.231295816014956745e+00
1.093404849880417862e+00
1.577166445067939904e+00
2.369211615712005337e+00
1.055547239600943854e+01
1.897188000066445168e+00
1.593842083798809872e+00
1.253239708203891301e+00
1.204901897021703805e+00
2.874892679081057612e+00
3.415709995150646883e+00
5.554361532574763061e+00
8.404887800245466334e-01
7.328185981346353461e-01
1.108019487546654469e+00
1.633877053315659467e+00
1.260852044542949857e+00
1.267910607227803688e+00
6.689867846844997246e+00
1.264801941869475588e+00
1.346823571798044350e+00
2.099034457351478977e+00
1.157386811906035318e+00
2.986487824414273629e+00
6.262163924744553745e-01
4.224385354148262550e+00
2.592969035706948588e+00
2.536154615290650227e+00
2.962827654215481665e+00
1.190141355491291186e+00
6.331599928090049900e+00
7.216524894122027689e+00
2.298646709219663631e+00
1.029133160665304736e+01
1.684433911639351189e+00
3.424487090630520925e+00
8.987793222244045310e+00
3.956925211706862733e+00
4.099819255798773932e-01
2.125164304728143438e+00
1.058867561077982877e+01
2.237827324980508070e+00
2.767767546891477970e+00
3.053055259627445839e+00
3.447926891521543524e+00
2.524565184607940882e+00
1.652699498290884472e+00
6.563145442641228122e+00
1.418573013256996473e+00
1.345716980593043122e+00
5.797105678962553910e+00
1.935890285539914935e+00
1.310419538645508641e+00
5.790727196582230896e+00
8.245145537910514300e-01
8.798600342835262822e+00
2.820543427078070486e-01
2.446420457660650527e+00
1.456533793809660082e+00
3.623455430990416559e+00
1.301864278352506954e+00
2.997131303129921154e+00
7.747848880476208011e-01
4.801367664054261297e+00
1.933965086957754931e+00
2.704104290099368590e+00
8.463575784926168355e-01
7.673850385457652301e+00
1.296640362437780691e+00
2.871165205931079267e+00
3.879401913158056825e+00
1.666613548361575825e+00
7.833794459689453760e-01
6.441654788725776015e+00
3.978415873618098786e+00
4.196436630668853418e+00
2.458933935797321890e+00
5.535409026324198400e+00
2.265247339721517594e+00
2.269771631191991546e+00
2.174657791262415429e+00
2.043007625556795936e+00
1.360020670221762096e+00
2.786479021002634227e+00
1.511031656499542741e+00
3.595538666930223393e+00
5.076756028994720005e+00
1.048688928338464166e+00
1.388257221046955481e+00
2.689261651228815886e+00
2.951301276226142356e+00
3.445881902836331889e+00
2.285504943107553810e+00
4.637215081715276632e+00
2.321271255644862919e+00
2.707889087879773005e+00
1.116542322831224432e+01
3.179401367647496812e+00
5.440686796477221421e+00
7.896930197617467728e-01
5.576217937262022417e+00
5.432510910685165229e+00
6.012369389664726782e+00
1.722988235411776259e+00
1.709796640201481921e+00
2.403071557333330333e+00
3.125810139800551113e+00
1.891056287610607844e+00
8.200975739384585239e+00
2.718600094757500862e+00
2.649072543253659262e+00
3.270135506996663999e+00
1.951048404153952642e+00
1.597336820901134713e+00
3.159381746981393846e+00
5.750991742778068794e-01
2.200332482080640695e+00
8.032335986173936959e+00
9.317113556073939318e-01
4.101010876541594463e+00
8.566987908315178979e-01
3.382368245225801928e+00
5.281093502505843418e+00
2.374236103773443407e+00
1.938707555589689324e+00
8.555234415146576454e-01
1.711843335300591740e+00
2.007678755073707855e+00
1.439076780951505041e+00
6.387096794669724353e+00
2.665858438907954930e+00
2.025409522957851927e+00
6.824060615870426894e+00
7.802490362576516292e-01
1.298483806347313418e+00
3.270530264847421598e-01
2.994541033275900155e+00
4.289933457143198403e+00
2.466686211281644336e+00
2.112759697069735765e+00
2.997273933349769770e+00
4.937244530598723813e+00
1.139016808318626772e+01
2.417809266659922685e+00
5.955824098478121886e-01
5.228745681244241439e+00
2.767934862638502747e+00
2.635558604623949197e+00
9.417336199475483838e+00
2.674256583323909808e+00
4.125465599807654371e+00
2.275625392603826569e+00
5.504260771726000812e+00
2.968946388602913267e+00
7.459446565960250908e+00
6.703487919007705464e+00
3.994326946196419925e+00
5.790549469680447814e+00
2.645331149489354772e+00
6.673374524619191561e+00
1.253925052773396498e+00
3.283165382962226264e+00
1.147071499366659308e+00
4.981744298632545309e+00
1.840794880486248397e+00
1.315829570793405789e+00
3.680411447597081498e+00
3.289804113301407762e-01
1.166498827173959807e+00
8.450363962339178414e+00
1.960425334196451708e+00
9.114805241972862015e-01
3.818951030543783709e+00
3.851411045900857477e+00
4.411722650144652036e+00
6.424612894490195902e-01
1.965512398437037289e+00
2.544575322331177336e+00
1.725225125501662626e+00
1.020952024233946265e+00
1.132669261417757367e+00
2.742910423161371902e+00
1.606114595469512851e+00
2.715890482929777860e+00
9.459402672458863126e-01
1.006081785534308937e+00
1.824637101791511506e+00
1.562919996277762680e+00
9.129880916609032226e+00
1.791121967590459718e+00
1.495773260450646180e+00
4.102602416589047785e+00
8.484903027859889590e+00
1.776043362351989563e+00
4.640469096052449949e+00
6.038959355477389934e+00
6.533215380557787277e+00
4.459133563906426012e+00
2.850778627749254390e+00
7.937156111174153317e+00
1.789788441875661551e+00
2.182632489044729507e+00
2.512325863910384705e+00
2.420028098423411489e+00
4.611477975964504705e-01
1.441288977471743893e+00
1.000365940758025429e+00
7.782170403065184594e+00
2.867153338600431756e+00
2.737055911649759476e+00
3.198501621541213424e+00
5.383702387308795245e-01
9.144630417284247414e+00
9.156555760058259219e-01
1.401822689006912981e+00
1.788088485315614040e+00
2.007025650175717768e+00
6.693068908803166961e-01
2.198500217124099265e+00
9.618592894171060781e-01
4.409019599151060120e+00
2.623875393256040134e+00
3.942432471456085441e+00
8.877216462688494403e+00
2.387350693729958007e+00
2.118330026907089714e+00
2.850488093618829932e+00
2.513273315233641281e+00
4.322661802380770801e+00
5.481833807634673761e+00
2.957808949742905202e+00
9.865899257775896380e-01
3.076032442192439209e+00
3.517003076100726489e+00
1.435094160345869341e+00
1.231102216900260338e+00
3.051170882660502848e+00
2.162923722698804063e+00
8.157780347993621728e-01
1.972141803763254986e+00
8.754864177133997449e-01
2.774456414196931231e+00
4.434229604921037904e+00
4.810430700170719720e-01
3.787594731271002324e-01
5.696581787205038383e-01
3.590478147890931115e+00
1.010115827798254529e+01
1.839371006931178165e+00
1.251554204262153913e+00
1.954927226968935949e+00
5.655391806377145336e+00
4.443118268620583677e+00
2.460485400565697756e+00
2.034713425932971109e+00
2.320564974219696541e+00
3.032269154488163920e+00
5.925590748997017876e+00
2.014065728356801088e+00
9.555903021556899191e+00
6.897803763554951617e-01
6.376728657368792019e-01
9.460408139780227543e-01
2.125443046549548853e+00
3.557654005984061563e+00
4.691582414095378795e+00
3.233420345215432423e+00
5.088572392088700269e+00
1.279302334400917340e+00
3.094497744361951685e+00
5.760689114349450080e+00
2.948170428966788048e+00
2.291434835088868471e+00
3.582481079175351191e+00
3.031394164797228452e+00
5.252227703642080137e+00
2.623309623608370611e+00
1.394707584104345477e+00
6.332331862535774958e-01
9.416095063310711666e+00
7.935867112886216823e-01
1.992464559578095873e+00
5.101658844847970498e-01
1.578860778248205587e+00
2.518596187740379744e+00
5.181433076799121018e+00
6.194933408006929376e+00
5.107390271805740234e+00
3.683385232908707785e+00
2.220838440743120756e+00
2.623429954620484228e+00
3.316933159121955299e+00
1.976160557615459723e+00
5.444030179857249685e+00
1.107553442449117753e+01
1.455215296474251740e+00
7.687756435882274753e-01
1.783474151210294734e+00
7.314802819319512039e+00
9.705376036511388360e-01
3.215900899482902808e+00
3.132954577770520110e+00
4.173028069715858379e+00
1.243163346221703547e+00
2.638522738512691035e+00
1.293801581679736357e+00
3.065334613490138249e+00
6.376744480552446470e-01
2.581298009146007821e+00
2.375330533682373790e+00
1.140463462097066172e+00
1.451663642525214071e+00
5.940988245273880253e+00
5.326872759777363520e-01
1.860556845539844906e+00
1.133836534447163702e+00
8.112959192852937207e+00
1.194565731257549057e+00
2.222789434698250854e+00
2.989581033437341606e+00
8.636875843430926736e+00
8.442212636230335576e+00
8.680263199523333695e-01
4.013663417056867466e+00
4.274290451334880281e+00
6.175282478684695597e+00
9.443234067585155600e+00
7.968327304203381978e-01
1.317112078067708136e+00
5.624391494386934198e+00
1.728555529850094752e+00
7.914593724537893893e-01
5.359918170515795000e-01
1.555095118341907723e+00
3.801430165265827554e+00
3.544956775576841412e+00
9.087146360128324218e-01
2.067028362065105984e+00
4.353526470774961687e+00
1.692890345315810841e+00
1.096370870395283026e+00
7.124920709087210646e+00
1.513270224733556546e+00
3.398630290781815333e+00
9.729599084754374516e-01
8.621672012801360196e+00
1.350757956909222735e+00
2.435204783270465079e+00
8.593634959101128956e+00
1.272895187174302167e+00
1.574668042057560946e+00
1.196122156416289384e+00
7.260215631628658128e-01
1.800220433999466740e+00
3.030214867588166605e+00
3.385146238814924491e+00
3.242693130101306220e+00
1.184503930966811058e+00
1.868880919633487236e+00
1.290296400194352211e+00
7.406208932707978754e+00
1.655980124869913084e+00
4.747034003206943353e+00
8.223895356518150734e+00
8.244712891836855073e-01
2.255591289337406380e+00
1.419058946754994333e+00
6.134640628387674433e+00
1.714658472604667638e+00
2.559744680563229124e+00
1.614659225106422458e+00
7.182361527623349895e-01
3.666742555950007532e+00
5.459983548769705708e-01
2.031724872084711642e+00
2.657393346737129125e+00
3.051242151025698846e+00
1.336323806934534675e+00
2.648721141622713660e+00
4.949555264199187454e-01
2.025609148117533120e+00
4.056517228946102449e+00
1.400880302732806282e+00
2.097720940786493404e+00
1.272040523067993645e+00
1.451464756658233934e+00
1.099439673162655229e+00
3.716764240668879893e+00
8.417933336416988377e-01
1.616396966070672514e+00
3.697539654243005014e+00
9.606018324846721246e-01
3.876234950830724113e+00
5.371307400522582043e+00
6.769407300183849507e+00
1.082885376332734850e+00
8.830039247242117417e-01
7.276085676184432138e+00
6.367330839643726925e+00
2.366716456198922347e-01
2.686104660664556221e+00
2.817129959764618441e+00
7.075471230419830837e-01
8.879762944043378958e-01
6.750368876509911686e+00
2.028119563476950660e+00
1.096603655492930507e+01
1.795018222872637681e+00
1.438002926676092974e+00
8.389736123289199821e-01
6.022219238187743739e-01
4.572569312869790181e+00
2.316578191169941903e+00
2.203071768289428967e+00
9.594564108866142860e+00
6.996948292187475937e-01
1.152940913124581357e+00
9.871077436909982961e-01
3.914765521257544734e+00
1.119048331824350928e+00
2.981171857748273091e+00
3.883240343015673446e+00
9.133354732066214510e-01
5.312480720324938233e+00
2.817708280333895754e+00
1.101981501439033728e+00
1.241742986749402755e+00
7.013847398606050554e+00
4.690805046398095257e+00
3.207361514889302434e+00
6.472386087707482361e-01
6.291046356647368221e+00
8.092857285161439984e-01
1.727531792661778809e+00
5.128421991232001709e-01
2.210061515455465475e+00
3.210148090120562792e+00
4.128542835882653250e+00
9.535306652417375739e-01
3.053684833132730425e+00
1.597605132378122184e+00
3.993631490203089385e+00
1.543331716606654247e+00
7.931293718078905597e-01
4.157018666407527263e+00
6.115451626175238964e-01
3.625685462892877631e+00
1.255247035767084629e+00
2.544551002015732255e+00
3.374279902712445267e+00
1.688910647486373318e+00
5.413863752446015809e+00
1.791133648898872499e+00
2.715899807613024741e+00
2.732912367653514529e+00
4.808550522693122886e+00
2.991626562176036952e+00
1.049723100988062541e+00
1.606378467805662513e+00
3.322388719620161357e+00
6.067467660966504583e-01
2.595563792287043814e+00
2.712582660184708505e+00
1.846841591572220498e+00
1.244901836499689107e+00
2.356366776473195035e+00
1.454143084355427051e+00
1.015763439781127486e+00
2.709470234515006570e+00
6.711584928420614160e-01
4.455917015317976571e+00
2.187013848024911500e+00
3.566489950106757512e+00
4.775754773881463855e+00
1.851361291792098740e+00
2.887547705876972071e+00
1.040629900278823072e+00
9.561478996473833369e-01
3.797629825389198022e+00
2.279241600027156256e+00
2.320356193116559940e+00
1.482835570317017737e+00
1.974277493764857505e+00
2.142025640979364987e+00
8.792888551046422307e+00
1.126558829428876640e+00
1.832071787917402883e+00
3.161801230235387727e+00
1.610916853179525265e+00
2.281243355531141770e+00
3.868577055123248343e+00
1.157984119974148962e+00
3.477279776686077906e+00
8.880863246721772963e-01
3.081854860339051871e+00
2.156615591336853655e+00
2.631086143675914091e+00
9.792385408958698134e-01
1.164520734089811826e+00
1.005366627200676266e+00
7.013593978583213540e-01
1.020978809824128586e+00
3.137777475141963812e+00
1.659657305538231098e+00
6.825580015665384082e+00
1.990962586441269000e+00
2.384468793845896162e+00
3.750518703598328507e+00
8.776752792904558564e-01
1.341421771056644285e+00
4.010116591760589877e+00
2.013781625944853548e+00
1.599451013627378959e+00
1.979282317906106980e+00
1.239915147117111038e+00
4.603337698130633093e+00
2.320390603337075586e+00
2.901707138184279611e+00
2.487601163003340332e+00
4.026555648706555135e-01
1.278837429771494616e+00
3.479105576305819181e+00
3.569438405180188623e-01
1.217436205047936149e+00
1.544749248471366521e+00
6.708893814964647540e+00
4.203949768735758319e+00
1.194768853327535751e+01
3.514144021681624430e+00
9.084906055305630446e-01
1.076452212668897346e+00
1.512321559710850361e+00
3.269870022423805089e+00
3.705662023772733349e+00
1.821075151721292862e+00
2.013194205253975966e+00
1.973876974950867114e+00
3.152337601675291090e+00
7.217709395780534942e-01
4.407935588985921527e+00
3.542950388689482644e+00
1.118404108901051242e+00
5.208458346020464980e+00
2.272005972137487895e+00
3.921891790396447419e+00
9.146025401926306531e-01
5.865245070513294134e-01
3.566889227385263261e+00
4.490776913475230891e+00
7.147124231443727771e-01
2.344191934300240643e+00
2.060916856231390870e+00
2.990121700201722632e+00
8.378873262110662523e+00
3.163400753550005717e+00
7.908050117691927117e-01
3.150814089847399746e+00
2.423937486522714568e+00
4.207742863549424506e+00
8.984817602807813053e-01
3.602401996013992136e+00
2.517468908161813346e+00
4.023183574555190489e+00
1.542047583052554183e+00
2.251065338691585538e+00
5.560573662466232747e-01
3.445822204327511962e+00
2.843146923895909062e+00
3.890116987335044740e+00
1.705226214071044355e+00
2.521544591063771712e+00
4.851188110740046966e+00
5.868847185192237248e+00
1.484602598651121541e+00
1.932816421057346412e+00
2.807389294461993590e+00
4.017152723686900906e+00
7.320350168342871777e-01
2.039815811590996564e+00
6.036231807757270751e-01
1.215949869412725537e+00
1.487700205309747892e+00
1.475470930376652001e+00
1.175708954686428998e+00
1.043553355712177044e+01
1.823597879069672079e+00
2.704338042859820934e+00
3.231730466292730419e+00
2.093013906410285507e+00
1.943345573267868165e+00
2.233423558831122424e+00
2.515459244117183246e+00
6.380666872024337799e+00
2.142637689637116427e+00
1.799384781063370520e+00
4.057965398167842963e+00
3.674397089405414984e+00
3.718964800250482039e+00
2.518733293810149210e+00
5.473036678112031872e+00
2.626389216316543873e+00
1.731338430518740035e+00
2.413392737212544326e+00
1.382871767323251122e+00
2.402057524213656592e+00
4.577984269810840168e+00
1.076219938418233601e+00
8.792867032161576502e-01
3.521167845426943721e+00
5.972671808704088647e+00
3.819293699910283557e+00
3.155016712796440359e+00
6.934801213913727835e+00
2.439539147378019024e+00
9.896604602322357502e-01
1.651635085209670839e+00
1.951630468951948361e+00
2.370582180466356714e+00
5.002067528556616516e+00
9.150999385349938287e-01
3.838422081487214754e+00
6.459247393905158674e+00
4.623333847735084490e+00
3.602908749567677482e+00
1.880337895333537013e+00
2.258484034494917303e+00
1.284082751990328575e+01
2.195982482588506368e+00
1.370848618477892078e+00
5.187154712439284943e+00
4.675456240276023578e+00
2.220736084192389548e+00
2.573367507001598664e+00
7.705794695758633850e+00
3.589046031574960161e+00
1.513144635664648296e+00
2.647750373162658821e+00
2.842231060147173416e+00
3.065805109919903959e+00
7.685737979847373502e+00
2.078516680311601306e+00
1.089859040681558700e+00
6.259728135255002712e-01
2.797752921288715999e+00
2.835224548490457686e+00
1.196390329015536214e+00
3.394601857021336322e+00
7.680710667394099467e+00
1.814664985424788712e+00
3.561856971821877327e+00
4.434049276857789934e+00
2.959902221292785907e+00
1.343260269675500052e+00
6.510273897190687720e+00
6.039121271538547830e+00
3.208464707895230195e+00
2.008351794422372993e+00
1.152638776196146297e+00
6.956532044169013718e-01
1.411555977580921883e+00
2.857067878435771480e+00
2.344673271843582985e+00
1.412105975136958902e+00
3.467264748480436864e+00
3.485037598037023177e+00
3.151571567827623710e+00
4.610282970459812724e+00
1.829887458489312335e+00
6.362224308102604198e+00
7.092298102947866001e-01
4.188038260547139124e+00
6.861307367526223722e+00
2.724877320341921649e+00
9.928088983741820694e-01
1.208919134341318813e+00
2.835115787686521838e+00
5.258500534995889097e+00
6.260462830975285442e+00
1.075286353026934538e+00
7.537942990426667045e+00
1.593469690162067742e+00
5.261118048724457097e+00
2.271292150503773755e+00
1.752712357437207658e+00
1.039166064547352608e+00
5.183488486320428912e-01
5.668191430441346768e+00
9.602068903055483995e-01
1.696531689211631111e+00
7.387855907333503502e+00
1.754044574906708620e+00
5.228871693008613875e+00
2.074348066651794831e+00
3.069925307101840417e+00
9.183777117145678348e-01
1.035323858763386440e+01
4.125644215091188727e+00
4.031302142145140266e+00
2.198742544112969100e+00
1.040876399452288714e+00
1.615007681716698063e+00
7.380016802701277356e+00
1.297474283570889231e+00
9.997438971620933312e-01
3.764247223659744623e+00
4.684246347650530495e+00
9.381025970232636624e+00
2.703471857274275081e+00
2.537261295957364826e+00
2.735244241365731632e+00
1.573648947456576241e+00
2.639239733160599233e+00
2.558331200661785321e+00
4.337957534911825341e+00
4.727939584031209286e+00
1.161219408585346669e+00
2.596256585388502458e+00
6.193303908401021296e+00
3.102536181631162293e+00
2.414789975432326763e+00
4.373018199830040587e+00
4.018482980214121980e+00
2.346861124180352309e+00
4.158958699312740315e+00
2.655282963897795945e+00
1.397108995002927179e+00
3.509579854649775843e+00
5.973660708003235564e-01
4.847383259692540358e-01
5.133619992315476388e+00
1.861098886170140965e+00
1.074836384426009372e+00
1.318599794402522063e+00
3.641842130510008158e+00
2.140732426092108120e+00
6.790181091419532633e-01
9.096595784082948111e-01
1.341627517603547926e+00
6.641342952675088007e+00
4.269468251925966129e+00
1.242142718081046038e+00
5.536199659614889912e-01
2.496113199125736593e+00
2.245309399583624188e+00
4.152529015221765540e+00
3.222417983360244875e+00
2.553450203538158103e+00
7.924155780680260719e+00
7.255409447637041431e+00
1.237169987508835778e+00
4.160100973223859633e+00
1.052035988812046297e+00
2.373809426013055113e+00
1.104822502114054528e+00
8.767447803249675431e+00
2.930669240828806643e+00
4.477061423032638210e+00
7.277536789702179654e+00
3.720912988905971552e+00
5.334485626165403893e+00
3.546745707033152062e+00
2.264020901523239093e+00
4.892565895545995858e+00
2.984718857811775816e+00
2.068520525127144793e+00
1.080653036012927171e+00
2.632865047303809547e+00
4.303885020054486255e+00
2.979918609958247977e+00
1.651403991112804448e+00
4.864425821213738566e+00
6.612035014404164635e+00
9.845811745738164422e-01
5.570993467983484493e+00
6.251140127785594913e+00
2.681309430809879046e+00
6.634002546600456185e+00
2.572734266712076945e+00
1.984468466153467725e+00
2.573790726239851168e+00
9.182599129412427175e+00
3.655476105052991809e+00
1.631487522457211625e+00
2.325079398935654851e+00
3.125297174327519745e+00
2.675480148660600577e+00
2.314231152234816236e+00
2.128937028359214612e+00
1.995280972693313615e+00
4.410758618812198328e+00
1.298665681248177384e+00
7.112024070759944472e+00
6.954740198543950314e+00
1.120269726936548471e+00
2.415983146656984104e+00
2.289299890662754411e+00
5.159183009420759802e+00
9.126366492655682450e+00
1.038356898941343642e+00
1.956719019856278274e+00
3.340306149001849523e+00
1.377266635603678679e+01
2.338283984658791059e+00
9.362034391137975531e-01
7.627937920146359296e+00
4.252239789567941131e+00
6.662255973308298884e+00
6.349587142398540607e+00
1.504422427511197480e+00
8.134392141264501497e-01
9.685557400343742795e-01
5.582127772763729290e+00
3.012909260605769024e+00
1.024537128576515910e+00
2.834241729045636760e+00
7.950670234183634832e+00
5.592189098309953366e+00
1.807180174069325185e+00
1.102257768769334900e+00
7.953129315997432558e-01
2.006588838795269503e+00
1.127491697178265362e+00
3.148176069640267638e+00
5.687940590166294719e+00
4.362817708343716405e-01
2.353030274133268041e+00
3.695765985484293470e+00
3.697781073725232126e+00
1.082496382998469819e+01
1.296475515813467094e+00
7.748660284932887166e+00
6.908806892058840354e+00
1.805492212126570628e+00
2.774613119142545603e+00
1.219568197135575538e+01
2.027894050961024153e+00
6.544228300254812947e-01
2.489769653932819793e+00
4.298364395012915118e+00
1.210047597872072700e+01
1.366894687651776241e+00
3.466676761922588668e+00
8.325658220428220346e-01
7.856693064744499466e+00
2.660966983696155808e+00
4.209674144374790927e+00
3.801605075379431486e+00
2.558737855652600590e+00
1.575751893941246262e+00
4.185932060731150983e+00
5.307074690038477094e+00
3.660602651326864798e+00
1.925502951907932081e+00
1.765054321889511169e+00
8.602905016078264966e-01
2.866964326831030530e+00
3.911674030619054054e+00
3.351398370339226496e+00
2.967530209075693204e+00
3.601646800733572906e+00
3.931998481551624014e+00
1.969792630618518725e+00
4.936189981255636461e+00
3.612802837293860758e+00
1.254738023736790220e+00
8.767834708297959523e+00
5.438148011026148865e+00
1.213733039017268922e+00
1.909141646087804345e+00
2.232312727918365436e+00
2.921123175349674028e+00
1.956554774144268150e+00
3.950507724134370235e+00
3.200314542321094358e+00
6.774443902904972781e+00
1.096846737018662754e+00
1.164452702714725563e+00
1.971750295534526076e+00
2.853269978971215703e+00
2.612745666088941210e+00
1.473886508326013089e+00
5.847537393823176721e+00
7.390113491440060578e+00
6.491576092723126967e-01
1.199694364935564916e+00
2.797595567722318322e+00
3.199652242321889162e+00
6.398495791589692061e+00
2.813513014072297480e+00
2.894019398491272987e+00
8.439013410578624086e-01
2.349891552989110455e+00
6.542879621261219469e-01
2.524155219086358315e+00
8.916585943006927195e-01
5.224384040490797076e+00
4.657518122776413527e+00
6.840028876592768370e+00
1.379103053544692870e+00
1.989606000887606418e+00
3.917988640224764563e+00
2.954246072132712175e+00
1.952057024784080275e+00
1.105393593462832280e+00
5.783122488376027270e+00
1.647660993989700007e+00
1.523003846870030653e+00
2.407514584803855051e+00
1.370767610719280771e+00
2.317352419638371686e+00
1.354886301484088840e+00
4.927124542065029367e+00
1.877405040816419568e+00
5.976438609261249812e-01
4.032232608450637912e+00
2.539657048190783861e+00
9.741804034071042118e-01
4.744545195730133003e+00
1.044991872545169009e+00
5.202044177697172644e-01
8.793884362073169925e+00
6.838072617042761259e+00
3.768017810653392363e+00
7.570825696613084910e-01
1.386007782343860795e+00
2.118545136318056077e+00
1.077075258487780074e+00
1.680408724873773796e+00
1.114423134911276092e+00
4.283834997381219978e+00
5.815073456492084958e+00
3.009773967499493885e+00
6.581983553979876556e-01
3.163989953492037266e+00
4.039958220815432988e+00
7.206041593745526441e+00
2.825931615672636621e+00
8.475099748781996567e+00
1.146977508622508024e+00
6.646546451750054985e-01
2.206927233186881665e+00
9.340495659644586723e+00
9.899556791678688628e-01
7.082377227493911853e+00
3.456172140318591879e+00
6.641452268235993550e+00
3.939453761066753046e+00
2.170268755932774241e+00
5.943546336063618263e+00
7.151829757918746200e-01
3.960868698294549350e+00
1.446209217286591375e+01
2.240914860201321357e+00
8.928362456827730886e-01
9.650192711809464363e-01
2.518739762972873386e+00
3.104527727388445069e+00
4.256782556412336049e+00
1.895409696209202632e+00
1.282943766016241716e+00
5.774331315573649093e+00
8.200813661544640309e-01
1.364507428211012785e+00
2.280078293430605640e+00
2.372243829158871442e+00
1.637434318327007254e+00
6.110624041271325524e+00
8.582087659988567596e-01
2.112129692411135462e+00
4.076385760654699375e+00
1.298578028572296095e+00
2.281424432572992433e+00
8.108722508706012633e+00
3.868360577560947089e+00
1.506880630308939262e+00
1.582900238436650620e+00
2.539295798125925430e+00
1.400885692317535014e+00
3.509266491913721087e+00
2.802447625827966249e+00
4.401193427093914146e+00
4.659897022764754482e+00
2.389379559786251050e+00
3.242890444030776642e+00
5.211781582297771109e+00
6.961920794979506999e-01
2.236851021613081247e+00
2.092860974598682589e+00
8.422828955596837197e-01
2.125042432032661299e+00
3.978440968684755497e+00
3.701345852715887119e-01
1.229435275611184375e+00
5.451690223902403432e-01
5.746345461650699260e-01
7.161466638313198629e+00
3.769782624047065323e+00
1.421870357038422350e+00
6.806002151763942409e-01
4.810430522987780400e+00
8.038365458381380169e-01
5.444579162376999903e+00
4.010655905371718899e-01
1.434513452503329400e+00
4.892157394988482011e+00
1.311226361112261207e+00
2.318923306241805982e+00
1.034689015833466286e+00
5.586338760525281444e+00
5.661315252524038222e+00
1.080742521473114781e+00
7.591015961243966714e+00
1.717455247916537031e+00
3.164075330417197018e-01
2.755347856554564601e+00
6.282602905120879822e-01
1.213650498406535494e+00
8.913091348253134427e+00
2.805263274725080525e+00
6.951980062547282735e-01
2.988415201892891115e+00
1.030890098481786366e+00
3.081310055521268243e+00
2.619712455908380200e+00
4.721037529497740803e-01
1.923849544567974856e+00
2.786936773069156992e+00
1.039198953717341833e+00
3.983966700223684931e+00
9.359687696793418610e+00
3.656708267288650838e-01
1.179464030150474629e+00
1.219597284222621036e+00
1.374395047934155567e+00
5.383884538079731774e-01
3.601034923345507011e+00
2.754581165709114376e+00
1.683407313070961697e+00
3.156115378175043507e+00
1.183762537279505533e+00
1.665990685474324495e+00
2.631400443363174912e-01
1.292438532460057665e+01
3.419518976098792074e-01
2.745910753471850541e+00
3.312083328961006323e+00
1.244525603285066229e+00
6.047184247203820640e+00
1.151709391563071616e+00
3.417883007117852756e+00
2.552154582450300246e+00
4.062615096829437000e+00
5.776943947161822024e+00
5.083739148480407088e+00
3.210748958457791069e+00
2.665741572493955491e+00
1.781784085222358538e+00
2.359262539170858375e+00
1.055129552681570271e+00
1.425087007718382814e+00
3.142063719331725236e-01
1.786812683453301798e+00
2.684061858177068105e-01
1.164778980410739129e+00
4.163983338374626975e+00
9.262291039256864700e-01
1.007552524983442277e+00
1.567426300112178650e+00
3.571561207370546498e+00
7.621969668715725676e-01
9.597484308736448089e-01
8.249484896078362439e+00
1.762661245657436204e+00
1.274501414091951279e+00
1.765638295944743197e+00
2.497987232353069409e+00
1.541418408101621562e+00
1.097466557610756954e+00
1.242752612240135002e-01
2.658143593398975657e+00
4.965371138622586500e+00
5.081605440817146047e+00
4.396374756750218715e+00
1.426785024686914483e+00
5.182834400506414196e-01
4.742253169678345870e+00
2.816601112848674759e+00
3.395284681675743155e+00
2.509248566219243859e+00
4.386142662488743404e+00
3.201637161611607940e+00
1.108336675624937318e+00
1.076526009909766435e+00
1.924016804918359913e+00
3.389997815531213821e+00
7.270829062289650979e-01
8.620212681383898623e-01
7.651860093199492674e+00
1.195622675350887842e+00
1.379327309270697022e+00
6.328566787638911784e+00
4.394187272081702567e+00
1.681206337785072336e+00
1.465759701124205838e+00
7.302248638533160197e+00
6.487514283642278334e-01
5.812977070309480077e+00
3.840254403231173175e+00
4.065928647745452373e+00
6.405622793945004112e+00
1.862940517404334306e+00
1.790001110806344276e+00
1.908824995165830041e+00
1.503737990638424726e+00
2.893381924655589632e+00
1.331590834992496752e+00
8.443563467414031409e-01
3.898628856078978799e+00
1.650317589724270340e+00
2.140117410942188325e+00
4.251823567419165784e+00
2.113515588154775138e+00
3.866882578561111838e+00
8.844244109017386224e-01
7.353101412252840419e-01
3.163235030499463196e+00
2.990220112523013452e+00
1.501876831717520622e+00
3.886610738730607917e+00
2.207928530275875101e+00
2.400621647291097283e+00
9.823573722358898141e-01
1.939435578387495251e+00
2.247563233049495235e+00
7.400928302795325431e-01
3.809435759975776103e-01
4.347321167670789244e+00
2.574483413904183671e+00
9.502809703390979745e-01
5.429325852060713942e+00
1.347831577964551775e+00
3.318718920563465069e+00
2.059103388601785323e+00
7.774217383871420139e-01
8.279389046760378790e+00
3.595340293940033405e+00
5.561420565003264649e+00
2.478396365409544444e+00
1.130988153019419462e+00
2.113685829167692098e+00
2.736788672501210051e+00
5.124151742918890307e+00
4.436790253903573067e+00
4.784103877868403742e+00
5.507391916536400700e+00
5.765130353562423871e+00
3.115524391287147310e+00
4.728951126557608298e+00
5.320677009679991576e-01
1.293168774162277046e+00
2.667660655675788028e+00
3.881376355275718559e+00
5.863037728583128327e+00
6.493684930414730383e-01
2.453609154246280344e+00
1.228948387880251625e+00
5.436263830589121326e+00
1.478813161361739903e+00
2.816155162667496104e+00
2.113506524648116613e+00
2.345942550839736906e+00
1.721170269347726212e+00
1.642753226726916482e+00
2.269384495143196290e+00
5.279961860726192224e-01
3.308390660674030315e+00
8.843725132519399956e-01
1.905241906471926816e+00
9.772286247731839737e+00
7.100171679183483464e-01
2.070407329497019777e+00
2.050011970383947446e+00
6.625690569983805345e-01
3.009086491287492393e+00
1.562478094276207763e+00
2.358830766425707992e+00
9.065808371502551921e+00
2.960204831531251024e+00
2.369728392234732084e+00
1.794453920394901036e+00
1.514496720073368996e+00
2.589710632114712308e+00
1.486833777639090526e+00
2.137174450139112114e+00
1.840163960479669347e+00
1.537019482079088784e+00
2.106300817725366148e+00
1.304688906510157898e+00
1.462611413494178558e+00
7.042071751441922878e+00
4.428350932214756286e-01
1.025553170877471310e+01
1.374073955708765782e+00
3.849508043453297557e+00
1.633503147617475726e+00
1.751733513558952904e+00
1.383819726118728832e+00
4.970881869591557312e+00
9.733240156983402613e-01
3.720166328579766812e+00
1.190329230992945853e+00
3.159187583782609554e+00
2.480404620815286343e+00
1.148032204543794510e+00
6.197155652174643592e+00
1.207349254323272891e+00
2.270499737076903113e+00
2.649825203951476471e+00
3.974673042811097456e+00
1.514903956730835999e+00
4.815974407758485398e+00
1.061728026642890477e+01
2.171889452574065960e+00
1.093804242578186869e+00
9.577253921284514249e+00
7.243851057855409614e+00
2.904008146266704671e+00
1.366383496465557235e+00
1.176211658531864934e+00
3.814076879933933739e+00
6.542178004306782313e+00
3.621960927426127963e+00
1.338198829105715859e+00
2.925891956805079186e+00
2.015228751912586880e+00
3.692947970324565787e+00
1.633563424862278346e+00
3.384873732667412316e+00
1.603522759746830673e+00
1.207645467451842869e+00
4.478341345648745531e+00
1.179742653499762151e+00
9.321392365811382863e-01
2.107746877681023090e+00
2.624117746533602524e+00
4.034826932949222567e+00
8.033346788633453084e-01
2.329710422062331254e+00
3.564136254598745168e+00
2.635735644853947512e+00
5.837954671442986410e+00
1.526779033091674842e+00
9.660479007879094748e-01
2.058329891497336028e+00
2.663370808464392336e+00
4.775472416962300848e+00
1.325496011151914511e+00
5.067034565602269502e+00
4.455596575237976698e-01
1.756723841735901903e+00
7.477356681440167074e-01
2.574430745004271603e+00
5.637451270570860373e+00
2.538177683330390177e+00
1.345565017309134026e+00
4.250130173772625142e+00
3.983532960289283054e+00
1.506825193953166497e+00
4.282703278374580869e+00
4.767364553925483861e+00
4.957522062312349931e+00
2.897605490280669382e+00
6.649702385309870678e+00
3.484063483684629148e+00
9.632444561601804622e+00
1.588699823447279780e+00
1.788514212496900457e+00
5.096093504804214191e+00
3.999198593602525165e+00
7.253993756207358423e+00
4.318402419827580552e+00
1.870593222368922559e+00
2.717176801372380712e+00
7.774814290294910890e+00
1.210747581816832730e+00
2.759669836859942826e+00
4.614832256504409536e+00
4.215490808060083694e+00
2.922449633667770552e+00
4.467308928099829046e+00
2.655695821874304308e-01
6.027661878068724555e+00
3.683894415236736108e+00
2.154914151297497416e+00
5.956186726636103934e+00
4.076506726312412177e+00
2.628790315295788993e+00
1.597680788553441644e+00
2.763844125156440512e+00
2.740341903079859698e+00
3.553693762456014760e+00
1.776017497194924299e+00
9.534682862308920814e-01
1.275223778702706090e+00
9.000335807291962809e+00
2.802258215660346607e+00
3.776800626001168393e+00
4.987082461024746394e+00
1.077272516855173912e+01
1.358586912245705269e+00
6.808743598442209555e-01
1.684770849367371648e+00
2.155231386517348025e+00
3.098431641611486764e+00
3.076276626829372418e+00
1.559922561651553075e+00
9.551208724649208337e-01
2.971037138768116481e+00
2.408605419933940173e+00
2.628518842979817194e+00
2.393435080647875690e+00
2.109992065336580236e+00
1.649182141840485505e+00
2.051693193829744910e+00
1.358617218818598094e+00
4.928047400914246978e+00
5.653302229953020230e+00
1.655529994020649598e+00
1.004174511219014576e+00
4.624383588819923396e+00
1.334062714421892393e+00
3.070868873257289522e+00
1.529370652661294683e+00
1.733272906672320035e+00
5.143914838637358322e+00
1.144041585717521681e+00
1.096818482342024614e+00
7.643148980475918952e-01
1.002604832079585329e+01
1.389871100501132162e+00
9.083154362138842197e-01
4.244547242901722583e+00
1.194444731512131153e+00
1.843837416767442949e+00
1.010439521066981872e+00
1.077146682569922964e+00
8.782001759009007813e+00
2.601583607299221335e+00
6.465116364678038963e+00
6.240493368819860720e+00
6.686179094665000155e-01
1.323218072261017619e+00
3.175224253355513948e+00
5.765597028555935921e+00
9.544900006555964156e-01
2.393038746058186117e+00
2.185635356761284065e+00
9.726916812524645239e-01
1.869268825006404899e+00
1.687289357827794767e+00
6.040705389622513799e+00
4.929227534256674481e+00
1.384350322252602128e+00
1.792726872342637279e+00
2.260976156125829029e+00
1.241788983561421311e+00
6.215887407986528945e-01
9.105831785616781415e-01
5.381067231065130407e+00
3.645707428579599174e+00
2.148121012574764066e+00
5.474163629907792483e+00
1.767016047629207387e+00
9.718552101430026013e+00
1.221402449935072854e+00
2.812137180648993873e+00
1.713991296232260098e+00
3.220849127465388761e+00
2.200497183180429417e+00
1.969017824617328660e+00
1.934688455956653286e+00
2.229585898427774104e+00
8.122785169831594487e-01
1.720833679107410141e+00
3.055791863700014765e+00
1.569155757113841476e+00
2.151111280661381908e+00
2.058011855293102599e+00
2.626456100473177901e+00
2.291601655823393813e+00
6.090807475761744527e+00
2.869753035079787296e+00
6.103627846886151787e+00
2.856553105721670427e+00
1.256565112048919630e+00
7.687060858842552635e-01
4.290580773750383159e+00
6.134062243626675626e-01
8.362108133644968744e-01
1.235270265523906730e+00
2.621531347699490588e+00
1.655097290980017677e+00
2.392292002889188751e+00
1.548619007447255225e+00
4.605832973456882584e+00
1.591792812465225637e+00
1.017290425419022704e+00
1.148227302957813167e+00
7.923649554151876995e-01
1.612893979284810264e+00
6.401388828931549924e+00
1.039009620390188626e+00
2.679594213073414277e+00
2.324998731115899275e+00
1.078202803123615716e+00
1.552339593806922213e+00
7.188060932590067509e+00
1.371499346844271994e+00
2.522917583493907046e+00
1.979141577848102962e+00
2.560386485019081171e+00
2.517914612127027496e+00
1.429343541928251415e+00
2.313912663556413563e+00
1.152013246882820807e+00
1.674234697876689326e+00
7.477461498577819832e-01
3.382226000505149877e+00
1.071147947292998337e+00
3.969758099973903498e+00
9.152299121451420438e-01
4.387344423736591281e+00
1.861968495406862267e+00
3.522663999824289238e+00
7.073549495128104603e+00
1.415119730129669628e+00
2.855929151063506755e+00
2.276142850750995095e+00
9.032747499213679143e-01
4.556548951528617941e+00
4.038772665504556159e+00
4.687529346172810918e+00
4.357384861309196111e+00
2.884370952240323582e+00
2.314841842866894428e+00
1.420831278453343671e+00
6.803870294479507308e+00
2.312900772581772291e+00
2.576077027674651188e+00
2.512576809390258070e+00
2.402840940352275911e+00
3.472518814042368618e+00
4.191505426758985742e+00
1.200458250266759563e+00
4.124382535336244437e+00
1.994698584468136193e+00
2.218728012204056022e+00
3.909102096360662859e+00
2.921555667862551608e+00
1.168513465073204971e+00
6.296558503239007010e-01
1.152220008044813060e+00
1.835631918349273528e+00
1.642229381007196620e+00
2.578516726335044584e+00
2.341230396362893984e+00
2.692880736097432504e+00
7.591915617068021760e+00
3.183849351857996002e+00
1.196759561811918227e+00
5.518149940555804100e+00
4.304427772819865439e+00
3.736060650596533694e+00
8.158506752431095022e-01
1.383066676598977196e+00
3.797878552657579232e-01
1.364491415921186501e+00
3.076245730547243706e+00
1.757748696754623419e+00
8.236911847852571356e+00
1.616844844563025019e+00
1.665564556828697418e+00
9.857992024229652595e-01
1.757803686555252654e+00
1.326207183998480144e+00
1.370620126621244550e+00
2.090467927411931548e+00
1.264718735622165191e+00
8.497774367557665576e-01
4.154179470348548620e+00
9.974212803984708886e-01
2.020760173384903879e+00
1.122801635154018740e+01
7.262009344085025297e+00
2.282153973085216503e+00
2.979742059449713487e+00
3.027059639580675920e+00
8.099149454634748224e+00
2.782881351747390930e+00
2.054192633432003312e+00
7.338363253420673971e+00
3.160053749343071594e+00
3.026267223140055140e+00
2.863248841393404742e+00
2.151917675598394641e+00
3.487968868432989478e+00
2.294864887638643935e+00
8.617352502065948272e+00
2.998159325440109324e+00
2.896331780759983321e+00
5.052124753054801687e+00
2.713040013393739791e+00
3.342640990719461414e+00
8.307205428938008396e+00
3.765318446420146348e+00
1.771155480052053255e+00
8.006554198917669396e+00
1.810586651537878788e+00
1.768898110239814914e+00
7.242054803423457754e-01
1.596850139240418187e+00
6.923710808873341449e+00
8.610304054611519931e+00
1.687533783504989282e+00
2.932773105706254047e+00
3.300611348185642946e+00
7.859872804898311749e+00
3.576575084190990239e+00
5.341819174962180838e+00
1.853851696447207154e+00
3.372787775833067325e+00
8.882859010900688190e+00
1.716069030615300806e+00
2.684613388513840349e+00
3.727430934125972151e+00
9.837174099944611116e-01
2.229056611433881674e+00
1.942634935938218677e+00
1.063448378726053889e+01
6.664768839633613551e-01
1.727642035184604019e+00
1.417759248934834737e+00
3.939083633293950282e+00
8.243851113643065887e-01
6.681493737313369818e-01
1.911473566315673667e+00
6.722112796789502909e+00
2.889045225977819875e+00
1.506362227065810133e+00
1.787343675879668803e+00
3.174032338792096564e+00
8.489605611577603073e-01
1.010091524621866688e+00
4.498789389068537758e+00
1.539927377178700763e+00
2.698091660115931489e+00
2.399234225426055911e+00
7.185283815101014326e+00
1.739489124632304762e+00
1.948852246941863209e+00
2.268324683977578804e+00
2.846569134502048293e+00
3.574824376154722039e+00
8.561986247261213379e+00
4.901872458570725399e+00
1.783902565497475612e+00
1.790945811162393930e+00
5.372681788329948027e+00
7.343840023672802975e-01
7.137923400664670792e-01
1.292080842931995432e+00
3.392356941160732831e+00
4.098258566941240133e+00
1.441007601693414575e+00
2.056950281956870796e+00
2.021810386006475557e+00
2.724110448327052403e+00
6.998822830449642929e+00
1.445507980897328126e+00
1.814396662107167879e+00
1.473105355063677457e+00
8.796862954114468280e-01
9.110018061597464634e-01
4.479490057372776945e+00
1.562238831602262623e+00
3.194561601359914960e+00
2.022776298437133580e+00
3.434043328242043280e+00
1.244324318668700968e+00
9.463540876755921261e+00
4.802016025588121018e+00
1.565521791075786373e+00
6.339083296421534897e+00
7.417172304807246874e+00
8.771244979800203456e-01
1.214968651803996025e+01
3.071586183933022074e+00
3.742499253635227507e-01
1.061789209218115104e+01
2.331996028872642235e+00
3.696448805382750891e+00
7.879659556933132913e-01
3.874719961415834302e+00
1.651301543017753115e+00
5.975669881319745080e-01
1.650188719611187516e+00
1.153505736422029360e+00
1.325710075691787004e+01
4.346280203211346560e+00
6.902969197470799401e+00
2.853303474800499728e+00
5.855103207140730959e+00
8.634750413473414099e+00
1.129310222199463087e+00
3.048965354218438062e+00
2.770579357489661110e+00
2.238178177455384166e+00
8.581420408670690225e-01
4.346304382733170435e+00
2.777383316117588041e+00
2.881127076259968334e+00
1.181305842969768483e+00
2.996521019604470037e+00
1.319973048857719933e+00
2.412984863913032907e+00
8.863047619610762151e-01
2.177566185454306247e+00
3.166797968080079073e+00
8.581973463868237673e+00
9.647920186470649861e-01
1.959945692569597497e+00
6.364673424301941829e+00
1.444383301836044797e+00
2.066013158497482571e+00
9.083961978209750265e-01
7.545559871865128443e+00
8.102188721280723094e-01
3.544291353561519475e+00
1.094732318166691032e+00
3.339554419860185863e+00
1.075630143693151908e+00
4.676470266169560630e-01
3.360917022081141070e+00
3.515824642223121188e+00
6.876461015719890213e-01
2.738825371797152908e+00
7.910143837579778348e-01
1.384553477989972414e+00
2.549331277705857879e+00
4.777229348805604126e+00
5.026863199064326437e+00
1.628539589669583565e+00
3.861335155988986911e-01
2.193849297790346764e+00
4.788368417221167128e+00
4.383246176669527649e+00
1.806081691988460358e+00
1.227688645417052804e+00
2.172786384668335735e+00
8.290651168300031681e-01
4.647634124400702227e+00
3.878581408889278492e+00
8.124621339846174184e-01
3.453513043094523116e+00
9.087609293247030928e-01
7.006002089058389615e-01
3.433144666464965855e+00
5.687669901016844776e+00
3.513867930033048648e+00
1.302609529181365078e+00
3.820402767739399241e+00
1.571284079368206132e+00
1.197085202436163343e+00
1.344726204431735184e+00
1.697601097991339403e+00
4.089331878147156374e+00
2.815787943247073599e+00
2.145352905648458375e+00
1.119529513065880444e+01
2.320691426023231863e+00
5.968933992636099362e+00
2.972148194272253630e+00
6.690360112473692666e+00
4.363956002857617200e+00
6.691376171956095575e+00
6.024215191967469352e+00
6.374088287408740117e-01
1.034458504371058396e+01
2.242303726081979143e+00
1.642005937672766480e+00
5.523428994845179574e+00
2.241154428179477076e+00
1.665431816043267954e+00
6.225912491752784161e-01
3.742519275980085602e+00
2.106615690689524367e+00
1.179051284659920995e+01
2.110449787060994176e+00
2.788026450826874392e+00
2.150884733138837213e+00
4.032202730395110235e-01
1.176641031078005106e+00
6.882172015872030091e-01
1.662894299942559995e+00
2.930502191886208418e+00
2.299802687796967504e+00
8.847326076002295370e-01
2.398044256532455787e+00
9.835482979875943554e-01
1.440790113699056629e+00
7.667953776043535008e+00
1.349989995314656133e+00
9.359622200362379019e+00
2.329514538312828620e+00
5.212454328484335875e+00
2.786245368502902942e+00
1.122654959282385789e+01
2.614774118176979911e+00
2.875064502166301494e+00
1.921908796491390348e+00
6.021187007351812559e-01
1.695745762532058443e+00
4.724879053938896845e-01
1.007729445681691516e+01
1.343384849251706870e+00
3.488817721287913454e+00
1.490471933669466287e+00
3.894846938782687396e+00
1.692760121031574583e+00
3.435630191288566948e+00
7.754827496123609665e-01
2.638635106484554349e+00
8.977737770132711015e-01
5.069372232887957352e+00
3.648177209558212120e+00
5.615694403822722336e+00
2.665926770772800491e+00
1.637436180371820704e+00
2.164425820231362430e+00
1.168734565635396239e+00
6.923194611451960689e+00
1.534866070161156504e+00
5.153495821074504768e+00
1.351105982742916378e+00
4.221506599863222853e+00
7.035444238177459120e+00
3.438230230454458525e+00
3.615075759088588025e+00
3.146962062671003757e+00
5.508826497307314440e+00
5.462740346341394826e+00
5.315515323873393427e+00
1.275037111048363148e+00
1.878580495474215351e+00
1.080672634931907572e+00
1.527005690287260187e+00
1.120503676890026945e+00
2.892490959760652292e+00
4.958297978909918413e+00
8.981235756188676866e-01
1.202953055808620775e+00
2.523354158406176495e+00
1.699781341066387341e+00
1.195920548880895939e+00
2.909259157107524363e+00
5.262594967399099488e+00
3.080656443264131461e+00
3.031511628922395563e+00
3.169822100136806320e+00
4.607293765974100452e+00
1.168733327616564788e+00
2.755132292988146769e+00
1.827685318869497477e+00
2.809771157480986048e+00
5.132618425065763823e+00
7.446868247537677732e+00
1.394677604065018173e+00
2.327430723044099370e+00
1.578372059222020951e+00
4.050785518077452352e+00
2.245630007038676101e+00
1.027451512862970340e+01
3.529639833704594221e+00
1.918720514740838379e+00
9.004370020176322154e-01
1.885824040965271786e+00
1.857700164227022999e+00
9.961752162739047067e-01
2.100442995943181845e+00
7.274937769133663856e+00
1.113523871200910315e-01
1.621110122201360859e+00
2.813344874427215370e+00
3.857620574419300841e+00
1.247668012640836599e+00
2.241620372016949414e+00
2.044691216416719914e+00
2.110231205755229489e+00
3.713069932290300024e+00
6.624383256618318061e-01
3.026918345204359984e+00
3.349378733929525342e+00
2.558546319766138666e+00
8.092954964883269930e-01
1.658035246887594294e+00
4.304779843939680717e+00
4.163501798196676873e+00
1.845374051914206115e+00
3.756666241830941111e+00
2.673134835144122867e+00
1.943911968007261404e+00
8.496211749243622879e-01
1.543677359966104667e+00
2.699415828277371698e-01
3.009545799199105698e+00
1.844340562376455495e+00
6.001263871437112485e+00
4.225198564180216110e+00
9.740596987038211418e-01
3.492708748004522246e+00
1.021893631510082390e+00
2.671935577012608309e+00
1.966460752650867727e+00
1.479240986465562235e+00
1.401593639604389985e+00
1.896039001007445490e+00
1.733481942904739448e+00
3.523479430488986264e+00
1.883861628596826820e+00
3.984676983460337940e+00
4.963636012140820064e+00
4.429475905707184857e+00
2.956147872611601279e+00
2.219138886102153041e+00
1.535903198773289624e+00
2.448500607153020425e+00
3.816223084055012205e+00
3.967046734476389780e+00
8.147858526414974989e-01
1.914101246563646663e+00
7.103459560909765047e-01
3.104612226756065518e-01
1.057952511576597532e+00
2.959831359605254786e+00
2.176803211471125099e+00
7.318043136223184586e-01
8.916529548709201114e-01
1.166079916553840690e+00
2.259712349232510409e+00
9.087394657702766665e+00
6.940723906475795957e+00
6.737673007982144746e+00
2.818953516622630495e+00
1.202928524459595305e+00
2.464728476191815787e+00
3.401932854029490194e+00
9.466271709555556413e+00
4.013695952447787541e+00
3.463931012744080995e+00
4.675487832182976256e-01
3.062021166843143405e+00
3.033509754306865425e+00
4.233917320263477002e+00
7.384027423986919025e+00
9.108320993080049277e+00
1.681913585902205854e+00
2.260941889730695653e+00
6.762243567725573890e+00
1.458007753269004558e+00
5.028937836724333366e+00
3.452779649697836017e+00
7.033311817237896335e+00
1.241194947312388219e+00
4.153249793185737282e+00
4.859745951007859999e-01
2.417989765331493679e+00
1.969626607163829757e+00
7.326988544136693093e+00
5.427036577436078479e-01
5.141069360552535272e+00
6.916599654357437066e-01
1.828053833884009327e+00
2.589038225235029245e+00
5.690765246071734396e+00
1.140372812784450796e+00
1.955999233521106051e+00
1.101157463534382153e+00
5.763860352753256144e+00
8.872658432622105851e-01
1.568104587158532182e+00
1.614718740804334196e+00
2.306878618901186950e+00
3.247185063972494401e+00
2.152462584388272759e+00
2.363726075484239963e+00
1.127946944838139176e+00
5.838965089521038543e+00
2.519540441142148257e+00
4.190117921056361716e+00
1.313978666598670797e+00
6.855420895259421776e+00
6.486387826123892753e-01
1.741000526764195255e+00
6.494612307744011659e+00
6.592568275900692054e-01
7.618560466388914598e+00
1.793036497239992588e+00
1.489844617539188842e+00
2.201327147644014381e+00
6.133232134997961715e+00
4.362657932198915844e+00
4.358334119344499769e+00
1.197567349397461101e+01
9.053829065388470099e+00
8.664094497014099838e-01
3.934124368483038481e+00
2.511902828392998721e+00
3.628690928806256988e+00
8.735957207398854507e-01
7.774696724461515274e+00
7.862823659013785438e+00
2.337830276843824606e+00
1.195696070140911393e+00
2.136541402991301908e+00
3.779215077726464589e+00
2.011781698988760692e+00
2.709048708277200568e+00
6.728407972430987094e+00
3.704490711872280961e+00
3.918981992589229968e+00
3.848435241739500245e+00
2.611986458477554063e+00
3.113501047166364888e+00
1.841472296982480161e+00
2.458956300755335445e+00
8.873642280420266815e+00
1.042172800411725220e+01
2.368219832560612303e+00
9.191604273134529324e-01
9.027751707522673197e-01
1.840924280823657444e+00
1.377664039753478287e+00
2.713333465697779889e+00
3.815279863709861718e+00
2.062032606967792780e+00
2.543224129840572889e+00
1.679384085192479725e+00
1.098239645282690580e+00
2.785312763889038479e+00
8.791323777549779894e-01
1.823189365891532354e+00
1.949410290990985173e+00
2.703920504851010875e+00
3.318258592522070227e+00
7.368800170132803196e-01
1.317579772283152373e+00
3.310941780044065919e+00
2.355561654417850814e+00
4.032185752919607680e+00
6.098937249610603129e-01
1.565951269596998374e+00
2.034410729667594619e+00
2.182565017484912495e+00
6.338052227270246419e+00
8.326233006943456472e-01
3.530681240672045362e+00
1.833329548788260821e+00
5.862126053752514387e+00
7.192448466083136704e-01
1.446876464133263207e+00
1.491980748848932059e+00
2.404862069946595238e+00
4.975210221324035231e+00
2.900704067543661502e+00
2.026596223425443544e+00
1.621011789106569401e+00
4.645427429237006578e+00
3.396617532795674688e+00
5.512981146260506726e+00
3.425373896085000425e+00
1.608223569104267892e+00
2.086915061703146501e-01
4.301780374177184285e-01
2.578172244881324904e+00
1.020975180602017307e+00
2.803233374128035749e+00
4.358141303924110588e+00
1.510119332025479988e+00
3.645494527256527006e-01
6.960748140556090036e+00
1.064621689812404570e+00
1.021902279506701028e+01
3.261347996006964234e+00
3.485070005177992147e+00
3.476200887269392137e+00
2.213683615576452102e+00
7.296997280926843521e-01
1.717061263461937770e+00
6.622769852850667327e-01
9.378252525557554398e-01
7.691463831173798837e+00
1.114426066889089029e+01
6.638806943859798082e+00
3.602155118758439745e+00
1.624815956114616933e+00
5.440286257543661463e+00
2.764564400915606956e+00
1.325276002299908162e+00
3.342410920527242091e+00
5.258753766497206161e-01
5.542238475736946945e+00
1.884516513523163850e+00
2.236517959013160528e+00
2.457974673131049670e+00
8.041022883237564089e-01
3.307655758738508589e-01
9.022663794304293106e+00
5.178074343853388939e+00
4.742160315495989487e+00
1.449761771758950157e+00
2.129524241237708448e+00
7.185870581645311672e-01
1.371515719568799030e+00
2.699980085669710483e+00
1.004522181163705730e+00
3.389494594966226515e+00
2.957558828074724033e+00
3.469628147474628221e+00
1.015093364614193971e+00
7.851774335563486140e-01
2.203673188923391812e+00
2.817844533618685698e+00
2.443841626450771631e+00
1.005045387002311053e+00
4.844274573480870316e+00
2.026693922137783321e+00
6.650936896495205364e-01
6.622202138904094149e-01
1.601389910390644822e+00
5.222479766989213124e-01
3.228625514364152682e+00
7.106626176522863325e-01
1.874405552180605117e+00
5.797429348569359542e-01
2.424232844243903173e+00
3.535541574288906475e+00
3.934638367644363477e+00
5.388908342454371336e+00
2.109985055816663291e+00
9.701926343831392963e-01
2.009614462227024223e+00
8.995417949012144421e-01
2.400897333251100996e+00
2.027210008414347175e+00
2.169059808583551963e+00
2.157446538916599543e+00
3.026774994596438617e+00
3.551515615539751813e+00
1.260487864927124502e+00
1.864413854280017713e+00
3.508443564308588947e+00
2.294016853140105283e+00
1.389135075646799056e+00
6.015323113693422208e+00
6.169251898524729327e+00
4.506092065903726684e+00
3.339549986387732261e+00
8.397072309863219397e-01
2.583270330235735379e+00
1.572329181589992242e+00
1.670303388171764603e+00
1.248973052892881519e+00
5.022800735499399316e+00
3.926687722068602504e+00
2.382730711348708841e+00
3.095875999460784289e+00
3.114305704210688752e+00
5.793021325731132487e-01
3.733053535705873838e+00
2.397859893446139701e+00
1.242018598946758479e+00
3.268111162530376479e+00
2.207633367327374252e+00
6.060443709822229685e+00
1.962054121058582679e+00
1.910830323948997878e+00
1.915324237768016857e+00
3.116726621232743799e+00
9.912957743143917533e-01
2.969368092501804224e+00
2.074827676757970696e-01
1.054254434532793816e+01
4.645963541220257120e+00
3.608415516037899007e+00
1.464946798621640012e+00
4.039474167439142671e-01
5.394770856007195192e+00
4.431269882149940997e+00
4.576731109406252607e+00
4.716923616634995930e+00
2.366598152867714244e+00
9.624631946855306097e+00
3.534292783586226339e+00
1.584258041758783042e+00
4.547055290450773946e+00
2.902096170725782631e+00
2.059902177344450358e+00
1.897702685916262899e+00
4.010840645787784986e+00
4.166319804602611754e+00
4.342112633060586369e+00
5.341622928372519397e+00
8.111465128042807393e-01
2.571199490732131387e+00
1.315734468321801520e+00
4.297600859227861392e+00
1.956322879108566282e+00
1.304665993174164207e+00
1.795258149267591419e+00
1.884860386386574049e+00
4.176097439940266831e+00
2.551920678226503814e+00
1.300649191992096387e+00
8.378438591036580618e+00
4.131260694571042613e+00
5.805725775860790527e+00
1.428067558828227890e+00
3.280235221865482886e-01
9.101199895469634926e-01
2.652539349129595880e+00
1.330367077685662869e+00
3.086574698593428590e+00
1.001433540052087956e+00
2.048902766777259021e+00
3.473102626892059508e+00
3.124539066073394267e+00
4.983111156503192696e+00
4.677844257054754706e+00
1.078648732608511240e+00
1.134749870931976101e+00
2.010512799814812013e+00
1.476163249041646086e+00
2.031290067081290118e+00
3.490560235151307200e+00
5.266208487181165410e+00
2.413515275909582147e+00
2.274721169780732577e+00
1.351865051727430656e+00
6.751880957261207961e+00
2.689141361562227495e+00
4.036351389326564565e+00
4.152910075058912298e+00
2.356097664560555138e+00
5.485346089275974002e+00
6.195094556991646018e-01
9.882533083233584037e+00
7.458130627499119925e+00
1.522591543389420377e+00
2.035308159115996940e+00
2.778770009571580601e+00
3.947407331638975947e+00
2.871364120847025081e+00
1.770402892450877230e+00
4.217771584934112639e+00
7.614945858318654004e+00
1.463871364202688596e+00
6.829903901405701028e+00
1.341002652248767912e+00
2.535393678234354020e+00
2.890393978936665498e+00
5.564354657757747624e+00
9.456001388622410353e-01
2.357649440328819068e+00
2.699929269510379370e+00
1.163430308829362714e+00
1.530383733315139771e+00
8.449732658413701136e-01
9.530926425683031056e+00
1.908564346812997359e+00
1.767520999307544916e+00
3.952370915659637163e+00
1.697480785106803891e+00
9.164957700479877678e-01
2.376621222198701755e+00
2.756694217485012643e+00
2.931703413890352827e+00
1.618554845953526611e+00
9.612593531739838104e-01
2.958869528681867145e+00
9.723284223968696738e-01
3.844257533697638785e+00
1.563236820760150803e+00
1.807823618964197410e+00
3.799610301533707268e+00
8.991678552079296338e-01
9.964159130306572409e-01
3.849128965574782235e+00
5.139358902827561693e+00
2.331189395502061057e+00
3.297890447633639255e+00
2.655103430719720325e+00
1.981601334428253702e+00
8.462546502138474924e-01
6.990095340986856698e+00
7.259019434391163372e+00
1.752445981504061834e+00
2.400646621804494618e+00
2.335979004932188463e+00
4.241208815945610722e-01
4.211178620063273925e+00
3.204259097285537372e+00
3.287091038383373132e+00
2.844284118656450477e+00
2.961126134735243998e+00
4.200487427834046272e+00
4.621105041480049636e+00
3.051791313935317884e+00
1.571227090652324465e+00
5.272231530079287687e-01
2.117488920456671142e+00
2.709563610769884168e+00
1.581525998162145674e+00
3.496322899358154768e+00
5.204599541637223714e-01
2.950785552945668577e+00
3.106018339292346386e+00
8.221613695737488570e+00
7.654971721732583001e-01
2.299530511789270815e+00
2.251012064263128387e+00
1.578895059504908938e+00
4.894148679350457165e+00
2.728203932616747096e+00
2.944882767999166706e+00
1.334671121001837379e+00
1.354128018710583348e+01
1.240037353870240944e+00
3.361550776847393784e+00
3.827171604320127152e+00
2.983024061914040903e+00
1.733016656897217844e+00
4.002474721612564457e-01
2.368640165082534832e+00
9.557381176557605329e+00
2.545323494100036665e+00
4.596214296985279724e+00
2.225949805832613482e+00
1.508933674547461301e+00
3.540477265092563997e+00
9.367783576361674136e+00
3.772512707975482105e+00
9.682790127946333536e-01
4.752350492861010522e+00
3.540545030247768121e+00
3.225547862412974087e+00
4.344845354953086769e+00
1.941253010706267546e+00
1.423325353358740220e+00
2.260274695692544356e+00
1.760008720881867106e+00
1.912470799148718203e+00
3.984869444664823401e+00
1.765219225625997423e-01
3.841777657228769627e+00
1.059200415064451173e+00
1.115564308384342773e+01
5.735560776740370237e+00
2.662957791870345758e+00
6.654682393227955295e-01
1.909141943799349317e+00
2.228555225797771655e+00
2.256343029279146872e+00
2.092601521890350202e+00
9.547662051385957804e-01
3.681945182738929567e+00
8.360115610025912858e+00
1.230303333436206348e+00
3.269538950095181473e+00
5.319037431265100757e+00
2.526519115798331327e+00
4.477597051508725556e+00
1.000307750065500656e+00
5.547672887440768807e-01
1.949565162258404705e+00
5.787826769544015093e+00
3.114573304370289009e+00
4.938084957520326945e+00
1.602732859892830763e+00
5.510468583523018715e+00
1.077865926696547794e+00
4.197744568007799160e+00
1.279640174041227763e+00
4.182242408919091825e-01
2.561209817803862254e+00
3.048529770410358886e+00
7.580164311440131808e-01
5.238996654116904850e+00
1.821785114474372858e+00
3.380855906165352476e+00
9.848941147516669936e-01
2.228291914744452651e+00
2.785924783950256778e+00
9.192279011090453977e-01
4.433825076219043204e+00
4.938387174591374773e+00
1.549511619271231266e+00
2.626776721882279286e+00
4.366463509168709400e+00
1.021413212147435523e+00
2.464352965593862521e+00
1.187604990491779811e+00
3.500559270568352144e+00
5.465717664960489053e+00
6.712657661544372267e+00
3.067909510060825795e+00
8.761253796806526495e+00
1.883890270795976596e+00
1.170664458940388952e+00
1.268314779925518287e+01
7.841511024360392490e+00
2.865659783383168069e+00
2.264791287581604085e+00
7.865221864916320804e+00
4.131306142939306980e+00
6.442614673192347041e+00
4.694785546648748920e+00
9.552001400874529091e-01
1.805586865412113218e+00
6.146474674333735067e+00
8.036881595604319362e-01
4.088781764884097392e+00
1.393719211633666522e+00
2.263926796256508833e+00
1.499635957953536325e+00
1.676439990984214257e+00
8.436006037671758273e-01
2.449182818252908955e+00
2.135759557047604673e+00
1.052592693283163072e+00
5.274594721498605310e+00
7.719047205118094723e+00
9.307592226279722825e-01
3.637043166307905917e+00
2.654875941458016531e+00
2.225577820992373113e+00
2.890390032556826139e+00
8.412428940141526423e-01
9.423885995430034690e-01
8.591894731907993021e-01
1.853935704047008359e+00
4.818328359484025825e+00
6.645080581317914792e+00
3.745338025859541009e+00
1.505142573673516226e+00
3.086346260813274789e+00
7.988851577173506913e-01
6.330528553845240936e+00
2.881207234598476497e+00
2.815726991000908175e+00
2.113629241379256118e+00
7.923457301814497145e-01
3.203949411437299499e+00
4.425598497406881826e+00
5.667630907155563058e+00
1.140004808784838897e+00
9.851944551814771911e-01
6.756231790679484206e+00
5.766099910833637487e-01
2.973413341210731531e+00
3.515555584879195283e+00
2.077008901846327138e+00
5.847992412352620129e+00
1.387698753789362138e+00
7.733264315606546369e+00
1.696421087434180297e+00
2.053136104785200367e+00
7.539459368749010792e-01
3.291071165698390200e+00
6.328623180126285774e+00
1.473055163984033245e+00
2.096138379325087620e+00
5.449732074059575382e+00
2.772719758366957610e+00
1.121034982621218923e+01
2.097235521806346092e+00
4.014728508320264844e+00
1.199904119877730757e+01
7.633717483264914172e+00
1.242613481440870249e+00
2.254753764968474794e+00
3.471251481407351402e+00
3.875495586967734329e+00
9.185566769877672400e+00
4.968025852359978956e+00
3.538924983974855998e+00
2.063684642516755208e+00
7.740727052842617972e+00
2.991208074512470727e+00
3.581259901378021304e+00
2.687522171599437737e+00
4.260156699628875110e+00
4.895621704595961576e-01
2.086887648506277060e+00
9.313474303327990977e-01
4.360786587075093923e-01
8.772353154933931307e+00
9.203120951942767025e-01
5.664904136918113009e-01
8.455922323252570427e-01
3.114644038505026913e+00
3.000015181177999590e+00
4.295018079436290215e+00
6.688157112975308127e-01
3.028178896711946066e+00
1.105549975645759275e+01
2.087272206987272227e+00
2.259251416345212427e+00
8.657180977559416846e+00
1.791112713504477316e+00
5.044724487774983501e+00
1.706750656874401750e+00
3.854623417356544124e+00
3.155431737536853021e+00
2.731216633842511676e+00
2.793528485259710425e+00
5.896526044122093246e+00
4.500807347498776423e+00
2.582958148605266846e+00
2.393298372561782461e+00
8.568082304433172203e-01
2.470795683199594972e+00
1.330716819713501486e+01
1.701414057450139294e+00
1.080724840435247103e+01
1.354393801407319575e+00
3.461486869039549497e-01
1.207067949752922642e+00
5.457494049787611878e+00
3.285669456142268352e+00
1.572044958702634831e+00
5.869151197709018497e+00
2.779388486615983034e+00
1.356733910163108625e+00
7.709475995462420350e-01
3.599798719417726112e+00
2.390443266061249794e+00
1.028254985039201586e+01
3.502176458386929703e+00
4.936590100355279453e+00
2.058295387520896469e+00
7.599048039517801278e+00
2.965959703736323227e+00
2.934762862120535054e+00
3.542221527367673151e+00
3.601061814228961655e+00
5.267279397964186316e+00
6.165940481206354740e+00
8.698432578764883072e-01
3.352365720626134138e+00
7.898806687784419189e+00
3.436146304910332017e+00
1.818630349237251087e+00
1.833673977501687036e+00
1.317031440592357328e+00
4.536859552816683738e+00
1.502115643078419938e+00
3.238686659952400237e+00
2.387367174034349837e+00
1.459591538792632148e+00
1.491959280675506871e+00
1.832510982528563259e+00
7.021038316821698322e-01
2.142397081823269378e+00
2.346843251781004724e+00
2.104369914880233061e+00
2.745665145523370043e+00
2.315877926338932635e+00
4.493570665406542375e+00
6.691542077838215086e+00
1.914336008300691061e-01
1.783399688373852099e+00
2.349922051847515458e+00
4.273869108917702775e+00
1.778009429163813770e+00
9.837602994555616487e-01
2.190204571759204466e+00
5.567954199366812462e-01
2.014355065170459813e+00
6.821460407687395922e+00
7.710272709054046381e+00
8.101707287254727774e+00
2.234442894990324113e+00
4.312091268001333688e+00
2.092567806187990875e+00
1.314398291676131647e+00
5.739380622725018810e-01
6.345769375892393427e+00
5.077866517844694449e+00
2.340717712191889177e+00
3.852731515343578828e+00
1.348699265683308335e+00
1.958290157678698851e+00
4.731392329487538184e+00
5.271683299980060688e+00
3.349244358414736666e+00
3.819934719088280861e+00
2.734550291267867639e+00
3.378249568479451792e+00
2.154300378307542729e+00
1.606646970969252575e+00
4.904030494875998847e-01
2.053652697910061331e+00
1.078756160850015133e+00
1.289639915454077412e+00
1.539422867018135355e+00
4.210360663383850621e+00
1.273952170861663680e+00
1.426634115017179294e+00
4.693114748259685776e+00
4.495393086572262220e+00
8.467553246870217265e+00
1.334948957423008675e+00
1.311212248212951570e+00
1.837476845519619539e+00
5.097252986242152950e+00
4.210308999207438951e+00
1.930536096802262014e+00
3.553098206847726814e+00
6.651795655432625409e+00
1.017531621497677952e+00
9.521793916981680095e-01
1.973820726325541619e+00
1.359602262423654340e+00
2.323896972688483054e+00
3.054863553062103332e+00
1.690378866306570638e+00
2.039357466677304220e+00
3.242606656983363589e+00
8.780499978671148398e+00
7.579072133122662924e-01
2.695932643371774962e+00
1.998764587013935667e+00
4.353569617531367619e+00
7.393806761389308591e+00
1.333439871542703159e-01
1.912155793738481435e+00
2.237247688777695753e+00
2.152941501925988099e+00
2.792416211285200234e+00
1.324347177984085855e+00
3.555960441584833820e+00
2.231304376266330269e+00
2.506542834233580486e+00
2.481200552950190819e+00
5.538795690117147563e-01
9.686221805724916090e-01
3.702889524681248101e+00
1.875425774212737595e+00
5.312756136615865543e+00
4.831339459295550753e+00
4.608242704889426555e+00
2.034521580700934251e+00
1.699745940441157677e+00
5.580171308809516173e-01
1.568811885490127844e+00
2.266014052591975858e+00
2.064240074884268417e+00
1.004849275162176925e+00
1.249315803695021376e+00
5.537153788537768406e+00
6.874170394133026996e+00
4.294222891281012089e+00
9.088932291988328638e-01
1.928841824124303717e+00
1.237236921958690949e+00
1.818080096011243318e+00
7.453347205311968260e+00
1.514053380031173290e+00
1.986812593482008671e+00
1.001150069776854501e+00
1.473639351052488555e+00
3.054236054615164786e+00
2.812898394745034558e+00
1.899692788615475747e+00
3.988555015403555171e+00
3.077412863558777634e+00
4.358041635717429862e+00
1.133441318608218618e+00
5.184006339519992679e+00
1.184326785114442115e+00
3.495342343561277598e+00
9.082323412081549918e-01
8.970359799474952878e-01
6.016437625906986275e-01
1.587180522934481530e+00
9.591861287152754656e+00
2.588765473570896702e+00
2.527328785074868023e+00
9.084892357906852567e+00
1.272236701924505198e+01
1.098799512700229286e+01
3.211857957133214647e+00
2.105225453470197294e+00
8.792764132129331500e+00
4.332194051170869642e+00
5.977219572928277325e-01
3.178235028328346257e+00
2.256265507798475678e+00
1.646573028121927962e+00
1.764850686570625937e+00
2.074275479847047077e+00
1.305206865528117488e+00
8.556105159799086479e+00
2.570192640670567741e+00
1.869731175548363433e+00
1.610238946653595349e+00
5.658330217319941013e+00
8.184244268483137574e+00
3.029775245820743201e+00
7.386474431753862646e+00
2.088194531596827996e+00
4.109419079672385067e+00
1.653890156778655918e+00
3.632211778932995294e+00
3.452183826471378225e+00
5.755108734340913523e-01
1.477102013318070117e+00
1.227979047566172932e+00
4.942229735174313632e+00
2.948102854824984576e+00
5.905614016165186442e+00
1.432732861879665753e+00
8.745445651704174539e-01
1.869193879462372587e+00
2.099129529660483939e+00
1.177720438908328671e+00
3.115802081066987306e+00
9.034970442816661063e-01
4.329467704254873262e+00
1.342691214863322102e+00
1.746484987438939873e+00
3.253994786954571339e+00
1.098898719768874876e+00
2.556601537041907068e+00
5.775255452301527370e+00
9.283829748492830047e-01
3.305106250560899461e+00
9.185568530132007803e-01
5.156924452168465400e+00
1.548429719243861635e+00
2.679036377458250850e+00
5.683947283459288791e+00
7.069303723927995442e+00
1.151518510514480553e+01
2.291729554423410864e+00
4.905435345392131552e+00
7.053467004926586847e-01
2.883526133202447106e+00
1.702811994770893733e+00
1.483969652907405345e+00
2.672752312936702790e+00
3.810173715389861826e+00
7.860012792246802160e-01
1.821299568589064943e+00
4.744457161448607074e+00
8.542446566866683799e-01
1.919717341932693833e+00
3.938629639466476817e+00
1.560682288374236171e+00
2.469287759028050644e+00
1.147928663502157498e+00
1.742354930138030333e+00
3.298770350345227698e+00
9.167844599839300557e+00
1.106916452570666509e+00
2.586040947592843864e+00
3.766451290793966677e+00
7.743184684729512712e-01
1.121108880452654777e+00
1.957154571153830069e+00
3.802441285689091899e+00
1.380947708747741087e+00
2.573192407840772411e+00
1.335931774702320496e+00
2.759018248349930147e+00
7.697536323065888197e+00
3.179016164561120128e+00
2.086525636220042390e+00
1.846086478500042816e+00
8.253467799784878212e-01
4.506759426141627500e+00
1.052714788773355004e+00
7.117134323964652287e-01
2.442962521082260974e+00
2.462729442607982655e+00
6.944214838110038812e+00
1.574779381674565881e+00
3.638123368673638502e+00
3.117949342938586721e+00
4.661879773667082505e-01
2.825440956528873837e+00
5.514933765885269068e+00
3.012095114581479827e+00
1.355811595330681518e+00
2.426666585686389599e+00
3.429288524735645272e+00
9.131102926898240213e-01
9.988788698926858167e-01
4.368771783836471023e+00
3.280681729832730653e+00
5.419774038550373874e+00
1.450473798177703610e+00
6.462938272726580502e-01
2.425768860951547090e+00
4.207018852639655471e+00
2.019700690725173775e+00
2.956877633493524282e+00
1.673632426155952313e+00
2.261539502724479789e+00
2.178618527823914075e+00
2.761981722794431438e+00
1.815586220454401323e+00
3.209218870345666108e+00
1.574831270674092121e+00
2.226038258040615947e+00
8.010158727726157668e-01
2.426737882615177533e+00
2.752974011100836282e+00
2.772327679535257605e+00
1.174555554091479159e+00
7.802927628036040453e-01
8.328154818051478614e+00
3.201126139838875062e+00
4.452688699342908230e+00
1.405975969827587102e+00
2.612921082835888420e+00
8.354818366386679296e-01
2.146272244147443331e+00
2.325990098298480191e-01
2.737070258683834911e+00
1.300023630009814912e+00
4.065160705383098483e-01
8.425004563950889036e+00
3.269038401190321519e+00
1.535023616589133999e+00
8.483741451096291630e-01
1.774092342454201887e+00
6.796544535598629366e+00
2.768242294783421986e+00
1.167811419285713193e+00
4.705803424498591347e+00
4.424185018475278675e+00
2.984207002813409115e+00
1.999640921010437999e+00
1.288927206634147060e+00
6.197205665967944199e+00
5.335966150206596481e+00
1.840515755251387775e+00
1.503745590868331261e+00
1.790474373505305694e+00
8.771820013091414125e+00
1.178091606084737286e+00
1.888595141223743834e+00
2.483495562201512019e+00
9.363955378256532125e-01
3.089493722892948213e+00
2.459727908262149043e+00
5.241482262936205672e-01
6.946979853052768661e+00
1.378416168873646930e+00
1.830890135985872025e+00
5.189220421005389383e-01
3.686355028813821377e+00
2.370151685262697150e+00
1.519779374053265908e+00
2.578952068016785226e+00
2.016150497275890352e+00
1.021891170093686130e+00
2.270805314961035659e+00
8.186605308336867282e-01
4.596260279650050684e+00
1.370826720035984270e+00
2.078500003232079507e+00
8.722491002558097506e+00
8.113207315142854981e+00
2.993432609013560786e+00
1.017210759317215496e+00
1.213968704159040568e+00
2.963836399347834938e+00
1.877442127804011873e+00
2.245518254155762339e+00
4.568320024051299555e+00
3.513614086885441079e+00
1.036024195110531565e+00
2.422121670354682621e+00
3.893541490784634185e+00
1.785449012846696215e+00
2.175680588344399702e+00
2.347098437515734659e+00
2.621290112165411301e+00
1.259530974680328708e+00
3.205373884180238164e+00
1.175224786404039712e+00
1.477772738613347014e+00
1.408904108673479039e+00
3.506392969712294860e+00
1.018508740794246803e+00
9.896897140953445415e+00
1.437597218418166456e+00
4.949629417932005504e-01
7.936258079365006601e+00
1.693465832293416184e+00
2.062533814165129264e+00
6.417650843658671889e+00
3.309692395615586147e+00
1.024038060542696416e+00
2.726800598680751531e+00
3.023423328320665515e+00
4.482119336827152800e-01
1.055570860500162356e+00
1.057835885872808301e+00
1.439657993521868073e+00
1.326041961510227463e+00
9.283473149249686918e-01
1.630957228893513689e+00
2.044189286478344858e+00
2.901277044278443018e+00
7.031433736883534458e+00
9.877049386966497702e-01
2.369743864284658663e+00
3.652967463783755253e+00
8.527673799687041978e+00
1.359923342932938928e+00
8.767029435731734210e+00
1.504686183021620938e+00
2.439507354266240657e+00
2.668219162532894817e+00
8.880881103355617867e+00
2.239907570848941987e+00
3.351363569483273075e+00
1.263613975178300208e+00
7.346472372684090146e+00
5.039030673819673289e-01
1.036911122660178819e+00
5.283551214218193515e+00
2.117925296534763913e+00
6.911375989357703808e+00
4.196352010210282479e+00
1.778715351948987555e+00
5.942332542187571676e+00
5.876390786753733941e+00
2.464648371668408000e+00
6.212343780034948360e+00
4.689581826955608435e+00
1.991973682754708541e+00
2.678110012361961001e+00
5.128598870274116983e+00
1.307319057205219570e+00
5.758445318160625881e+00
4.345524611956992356e-01
2.990073355403636501e+00
2.790183689310840709e+00
7.011695238315027723e-01
7.633745154423348112e+00
4.988925370724521358e+00
3.263877629704210914e+00
5.893169815418805690e+00
5.310382002380162891e-01
1.000704774622332671e+01
9.006544955128248375e-01
2.748716070740737649e+00
9.807853810838578212e-01
5.157450524398756286e+00
7.899771443674941107e-01
1.288441776067177802e+00
4.884595194510833238e+00
4.134650185189999050e+00
8.315200422019842108e+00
4.361243515381518776e+00
1.165311881832344243e+00
2.895213141502642085e+00
6.202330340669976572e+00
2.583837477186467613e+00
1.259215016954383204e+00
2.060640009478140744e+00
7.747863396957795912e-01
2.360935151498706475e+00
1.765164346487011260e+00
2.846798381127613187e+00
9.908072407085335431e-01
1.740300735867092330e+00
3.305491728026857867e+00
2.544570614177036560e+00
8.523126972466461559e-01
1.750045442238837845e+00
5.231584743650075531e+00
1.898874969089549891e+00
3.075372401988823334e+00
2.210197204951571681e+00
3.958962345948550343e+00
6.452477899241391590e+00
3.784898234347552126e+00
1.085248525704398226e+01
6.764172699181010273e+00
3.016716010892704247e+00
1.383260372429505658e+01
9.147525646919941744e-01
1.749605138699313667e+00
1.060528440248331172e+01
1.188907644003192043e+00
1.083016705827061443e+00
9.785183307213517478e-01
2.873799435412732528e+00
8.634188792663097800e-01
1.142629460886552550e+01
4.523883311605980673e+00
1.369883252269472385e+00
6.985633704745228822e-01
1.210484159878151944e+00
2.695120192615140908e+00
1.819929565925364923e+00
3.051103208267437417e+00
1.367047260422538768e+00
3.164940737686617211e+00
6.537650300028393424e+00
8.353933683823473899e+00
3.253200663290294337e+00
1.692015291650646125e+00
2.234901057081720488e+00
3.983899771212357610e+00
4.250357134572866791e+00
6.600658209788840658e+00
4.227201685718156021e+00
3.506046143175554075e+00
2.369076780119160563e+00
4.272207809935940404e+00
3.032873125880826581e+00
1.707202174675975126e+00
6.377296007796679156e+00
1.218673128155078889e+00
1.659203370448728565e+00
4.857404870967202415e-01
6.148313849878078718e-01
5.509832390263557089e-01
4.550683640261051210e-01
1.957793024100080492e+00
2.570448778475416418e+00
1.669737901424984905e+00
1.916065104827346488e+00
1.208467389656219915e+00
1.127389557103427808e+00
2.207320087376180684e+00
2.251504463095604258e+00
1.508385837870942492e+00
1.410802447112477598e+00
8.428744989736023374e-01
6.478967774514470257e-01
4.345793975291490696e+00
2.477921235338258921e+00
1.278703555687650928e+00
2.924452229473235132e+00
2.735377017302740299e+00
3.392609196970958418e+00
3.665863784029238737e+00
4.960390480279472492e+00
1.873331508313732297e+00
2.302160928255123196e+00
1.469846482781153263e+00
2.784151507196908959e+00
2.521970777368113037e+00
2.554695350441298807e+00
2.550145574358217537e+00
1.761391550921692861e+00
3.201205390571481235e+00
2.841933395367772341e+00
8.026947991930546422e-01
1.539512945129867028e+00
1.458305060003979969e+00
8.834440324858846338e+00
3.742450959425250634e+00
9.653640496640724100e-01
1.179018508229888162e+01
5.580838101634889581e-01
1.411411528534441739e+00
2.590145847896081488e+00
2.293998234845806561e+00
1.267947880832431373e+00
2.256902120821549840e+00
6.460495392871219433e-01
9.066073706386871267e-01
1.599474718295624820e+00
2.267938872447030185e+00
5.434311913926915816e-01
1.572009719371910252e+00
3.184732441545746973e+00
1.705503825942719542e+00
3.866286028925207230e+00
2.415443560607314133e+00
1.443835205416302170e+00
2.047206937044292019e+00
2.314155942770369290e+00
1.156664050766896157e+00
2.475233850885729225e+00
6.353457683102584852e+00
9.577856021408702958e+00
5.015874034939018955e+00
2.259590617793101774e+00
1.807317146853433920e+00
3.106255014075029575e+00
2.687437853490161732e+00
2.850790625653885080e+00
4.175573168653357037e+00
5.387064876991591866e+00
8.191927868952692648e+00
2.287923161007910267e+00
3.751980006977555071e+00
6.322124570456272963e+00
4.576125022079645888e+00
8.441088567297151402e-01
5.735150732876648227e+00
3.310176542261575872e-01
1.150058725764734335e+00
4.316012704069589923e+00
1.956492072673435167e+00
1.573460322023761293e+00
2.733796047434531751e+00
7.419859276681268767e+00
2.823048955017834594e+00
8.347061234625828163e+00
1.632009408767189029e+00
7.573384540101720575e+00
1.944709694869660277e+00
8.392341953664662624e-01
1.183136655013455218e+00
1.803319092992068162e+00
6.986394959940284144e-01
2.058530696875832788e+00
3.120948876811368677e+00
5.290668480262981088e-01
5.341716523564727925e-01
2.571202197308616544e+00
5.762573791513473376e-01
1.157123274919634248e+01
2.313785851738535460e+00
3.938612906286842907e+00
6.334967728753597704e+00
2.588171145501520609e+00
2.245863109013841896e+00
1.359797121018828658e+00
1.139252073251090236e+00
3.239385413199978636e+00
5.579746051323215994e+00
5.185892408221356220e+00
1.443230689056318239e+00
6.361449855184305724e-01
2.923175001627472458e+00
4.136787902494598157e+00
8.095996461838362634e+00
2.766867450775069681e+00
2.263534671398916398e+00
8.426237245879599769e+00
3.189076315902838132e+00
1.644802225899629988e+00
1.642717241607189349e+00
2.461519924847930252e+00
2.019287884223120777e+00
9.829014154753542565e-01
3.957813686279610721e+00
5.515875026826970284e+00
8.557714134801992500e-01
4.113890709400468637e+00
3.668994272464563444e+00
3.458468813245322959e+00
2.073078476023273886e+00
2.962556943821193389e+00
2.521227911301428204e+00
5.759985208940822332e+00
1.077814801054048033e+00
1.415445036779777732e+00
1.536798089400845502e+00
3.107505610465400636e+00
1.901408537150341083e+00
2.587377953013045850e+00
3.974846907489845815e+00
2.995713825890341298e+00
4.107355444784595910e+00
3.296423191449150192e+00
6.584304481620061544e+00
2.105222354856494338e+00
8.079348874749527898e-01
3.029003838021706141e+00
3.140075858503851514e+00
3.482863308008897985e+00
5.183050731692583568e+00
2.160636874163135435e+00
2.365877197105042296e+00
1.939079706836849937e+00
3.491344146581714103e-01
1.212868038449893549e+00
6.504719140211949302e+00
2.601191016774514697e+00
2.927525724312752597e+00
3.104155356448054182e+00
2.973566963515573480e+00
2.410197207070719827e+00
2.261888228536236056e+00
2.103055847612761653e+00
7.106496817015284684e+00
1.237266725803378709e+00
1.335643258040063230e+00
1.810153328750150559e+00
4.125407001706226318e+00
3.199459968051429293e+00
1.575103705483650307e+00
2.773692603546465740e+00
1.239795831426839001e+01
1.244602814003483271e+00
4.904585477236738100e+00
2.804177104239198304e+00
9.993600061745793184e-01
1.413157605881657508e+00
3.537219257117194537e+00
2.233933961018828018e+00
3.783004865758690549e+00
5.201008743699235382e+00
1.329351147063931204e+00
1.529152738279275336e+00
1.624550730316353109e+00
7.400761004891562855e+00
6.244336835543921715e+00
1.668049317331994352e+00
1.848865711603658868e+00
2.961520187808427629e+00
5.512426218131294409e-01
4.666455541499001214e+00
2.361456277217438338e+00
1.300274351824603825e+00
1.199490056937954385e+01
4.438353599217034429e+00
1.533962112569063674e+00
5.592750563048295653e+00
2.801907117910761080e+00
2.522642316620141933e+00
1.830543279015089952e+00
3.880567286902515622e+00
1.799165739826431798e+00
1.720724054678745452e+00
3.363198289144178510e+00
2.408677441297094823e+00
3.579046027796960683e+00
2.745945376014104156e+00
8.753368592015630112e-01
1.372596692607399804e+00
3.449739862303417670e+00
2.950202697401066221e+00
4.632871398267434770e+00
3.669645332664150494e+00
1.442309460124220788e+00
2.643862578645874706e+00
5.225760725896440029e-01
1.524167567873020657e+00
9.536704541347741371e-01
2.136839925996554701e+00
1.401958608131830930e+00
2.499394027362395132e+00
6.626879893730966309e+00
7.929553187882365961e+00
4.813312945580780600e+00
1.906553477343099212e+00
3.371214149961732076e+00
4.274695459461599345e-01
2.619881435063828867e+00
6.270822030231285593e-01
2.569615014947572273e+00
7.043295026445028029e+00
7.582631091201468276e-01
2.489766321311904562e+00
3.337423204288282985e+00
6.082227576533418834e+00
3.242700117164691864e+00
7.163423160182261773e-01
4.857420569853759806e-01
1.298471992937366482e+00
1.885839600025843277e+00
1.644541678445489152e+00
1.094300183495598100e+00
1.602657787298011671e+00
1.824052052222016052e+00
1.970222178224006360e+00
3.696744921162218867e-01
1.003553474198758177e+00
1.253717201470983866e+00
2.585001516184803894e+00
3.061411192581572571e+00
4.267612432807761813e+00
5.692838035729777424e+00
1.331169474966210853e+00
2.046063896829410478e+00
2.231934418036839229e+00
2.923120975114269715e+00
2.228593291164752355e+00
9.485801699920481944e-01
1.254044629386408927e+00
2.367894024176304235e+00
2.793099173440864114e+00
1.369431935555371682e+00
2.484591696772886937e+00
1.045375392469640730e+00
2.293258170318773104e+00
2.322218354302677312e+00
1.451312203151288616e+00
2.758119210865889848e+00
7.397600606744429541e+00
2.483391111463728151e+00
6.114328958898657795e+00
8.996554005043553293e-01
1.174573215677461757e+00
2.800374323103577812e+00
1.121325388704789594e+00
1.441253627799593096e+00
1.409518293516338394e+00
9.751172708157680447e+00
1.264631580587900928e+00
7.168417964561492717e+00
8.428378982989958024e-01
1.113800896478423841e+00
2.161290184250247659e+00
3.797677799246702790e+00
1.713384506461641310e+00
9.946406489640312598e-01
2.681736106626304572e+00
7.473931519453912209e+00
5.431027764076834075e+00
1.986195453502679564e+00
2.812756089419419236e+00
4.286041426548222510e+00
5.899138831250090753e+00
3.797318614255877911e+00
4.835458381488571433e+00
3.646251781296939498e+00
1.007845489515962978e+00
2.441234866311745577e+00
2.011222691454556788e+00
4.556307687014159669e+00
2.581267984604476595e+00
1.642551880527457486e+00
9.683787864076386365e-01
1.376869774504506427e+00
1.708206625390560340e+00
8.208121657439146901e+00
9.665112692648505366e-01
2.115405062443722617e+00
5.929065787819073563e+00
2.867298942297752395e-01
5.855788248873762925e+00
1.996962728616285432e+00
1.466888753815863700e+00
1.655400263769554403e+00
1.636839037203360547e+00
9.006512336615666303e-01
1.163501378483751125e+00
1.896971947091534050e+00
4.829129620861140282e+00
3.965354990993014361e+00
3.096838513541512850e+00
8.744680025463623663e-01
1.280635448632546414e+00
4.063900561992181082e+00
1.979116636545815489e+00
1.063639345936421954e+00
2.352601735070463107e+00
2.244813583470118168e+00
1.036656506258558430e+01
1.991258893765985194e+00
3.040065158248839161e+00
2.435553565133175891e+00
3.800135181474057156e+00
1.899084318025103357e+00
1.901410235555081929e+00
2.033860207633397810e+00
1.010368184703819239e+01
4.921833370025884946e+00
1.042817582052876668e+00
1.981346110629630619e+00
6.091493288428120323e-01
1.635648310466293331e+00
2.082668964844436754e+00
2.583292045970367656e+00
1.194088211227429364e+00
2.501811017444754537e+00
4.475919764324424399e+00
1.152908705234448483e+01
5.176217279838381202e+00
6.911181593649604604e-01
1.830945075698282354e+00
1.058276754902802930e+00
1.499030150689578011e+00
7.178597375444324413e+00
5.134482742439474556e+00
6.788374637971575920e-01
4.118313966883604405e-01
1.392708848655128007e+00
1.128078394795026806e+00
2.377528047129797706e+00
7.962452057303074149e+00
8.974841794440049370e-01
1.360101660905167487e+00
8.125155055388328940e-01
4.357997679242187061e+00
5.462196660625010525e-01
5.151878566834090512e-01
3.622387527176729183e+00
1.387546888529805900e+00
3.159207924159636249e+00
1.411986283624809158e+00
3.393496133723219454e+00
9.947011605799398026e+00
1.165809871721232405e+00
1.056816216383812845e+00
2.301888824393988564e+00
7.316228281770834618e-01
1.760926917348351273e+00
4.137933832295059289e-01
4.348589042735325982e+00
1.691483985915367416e+00
8.605018589310730048e-01
3.744808045445077838e+00
2.119884322973635715e+00
3.740751222502683326e+00
1.675650993464689709e+00
5.378766741515330629e+00
2.769407908673882091e+00
1.418753482480058281e+00
5.249473562410313932e-01
2.127055378455821266e+00
2.768061501516172918e+00
2.653268118849629875e+00
2.064909187624424103e+00
3.856389152816976473e+00
3.078362446409537156e+00
1.369644036315799118e+00
7.836636978538948917e-01
2.945213029726993170e+00
1.769104733808812613e+00
1.508278134791335656e+00
4.493168462547028952e+00
2.145901983916783884e+00
5.677748516853082794e-01
6.844006880947012483e+00
2.522450389940457782e+00
2.519841544542143374e+00
2.155931456955086922e+00
2.698535196849537243e+00
7.698159906179701251e-01
6.327488798289647498e+00
1.569712650155186129e+00
8.459796232248872894e-01
1.540704502916560692e+00
9.383077845076144285e-01
7.604114228473060066e-01
1.410290320661699681e+00
2.660034038688270375e+00
2.777351283897217638e+00
1.177851377866736104e+00
3.329975701247149367e+00
9.321549399742825592e-01
3.389426113849576705e+00
1.348173973208458998e+00
6.545439822566359034e+00
2.727245580492711596e+00
2.816312248010875319e+00
2.024710895709630698e+00
1.975743820200531742e+00
8.423929772378628833e-01
9.116651345918054261e+00
7.416551561492705780e-01
5.423792356854317376e+00
1.174870802695428429e+00
4.500537752346594367e+00
2.195776013906141078e+00
8.966467132596749323e+00
2.363034758787668999e+00
3.933009735669512619e+00
7.355682064433556322e-01
1.374383901049250234e+00
9.692388116957721955e-01
6.100242109300492155e-01
5.388752187780848635e-01
4.325714871694248842e+00
3.852152357863550147e+00
1.452658501618462328e+00
1.342726395622217739e+00
2.114930686776440361e+00
1.251404676224792123e+00
8.707734631140512382e-01
1.373813564366943352e+00
3.788147349666577401e+00
2.367029768902288112e+00
3.906471360484495281e-01
9.092631662932043612e-01
2.484858507603782130e+00
2.363082745413179975e+00
5.069370653064663834e+00
2.731747526188984310e+00
1.739194199852231781e+00
9.034586324344909158e+00
1.234233081354561445e+00
3.514066250811444192e+00
1.797614702990169233e+00
2.185908282522240231e+00
1.785734413844308310e+00
2.041962907120593140e+00
2.247459734781310559e+00
3.032832717400268940e+00
1.045173217245452868e+00
1.673665587867946725e+00
1.296157213786360840e+00
1.635949869011602775e+00
2.292578564370881811e+00
7.079470773124307392e+00
4.862924450083009553e+00
1.221169361240912465e+00
1.768971138315964087e+00
3.725837920854374374e+00
7.504643273754783905e+00
2.551518860966115465e+00
2.110989420142007855e+00
8.656537800504984226e-01
2.300357011303650889e+00
1.478219367762355851e+00
6.268462720385744369e+00
4.004615536460567782e+00
6.158211983273096379e+00
4.762927001887936385e+00
4.255011464781856212e+00
1.903667604054203988e+00
5.465939889742138513e-01
3.142447643267970991e-01
3.848214477143458989e+00
1.980866809804290529e+00
7.809936124377355959e+00
3.080240999781174605e+00
1.907640624817986019e+00
2.090307138204956949e+00
3.095071371943847183e+00
1.416328113787477028e+00
7.182528266607836720e+00
1.250055184832922883e+00
4.850244158809061901e+00
4.332586367167265529e+00
1.029563384183990182e+00
7.533099655307438081e-01
3.170621185756498761e+00
2.384865808637499196e+00
5.048685321327811337e+00
5.557815726679851132e+00
2.568089862837461546e+00
8.494241917505066519e-01
5.231797927318638131e+00
2.045758892405109552e+00
2.078564491541507131e+00
6.135818788466507190e-01
5.853238203956852459e+00
1.075557802692089782e+00
2.453815173413473882e+00
2.571423569367303319e+00
7.260507458617729837e-01
1.461231872596486792e+00
7.212494853285607022e+00
2.695771255900313523e+00
1.636319143226672379e+00
2.805119178046432182e+00
5.691925123923962992e+00
1.545154351082224764e+00
1.237775795010335411e+00
2.599719583437879233e+00
1.936416026161196902e+00
1.037727646310672647e+01
1.568586569936403441e+00
1.034457151794031127e+01
4.819324594002610262e-01
7.446093289248711500e+00
2.101974423388633273e+00
3.348876216052087407e-01
1.959327958649992096e+00
2.296929920259895397e+00
6.051786180382678459e+00
4.049222019489821633e+00
3.774859121311356258e+00
4.180420113464977661e+00
2.628699862709726442e+00
2.693873736760648452e+00
1.713895996128675936e+00
1.334062636579682604e+00
3.188753903734577122e+00
3.059401722808947177e+00
1.738023978969766015e+00
2.716150425811765245e+00
3.985609882112291835e+00
1.976562939133719166e+00
7.500521330854426072e-01
4.165139517658428048e+00
2.038263181544270886e+00
5.370163948923890374e+00
2.868114075980292554e+00
4.984225612268184391e-01
1.172272824708412875e+00
4.410839687964816846e+00
5.235305162626198161e+00
3.408460417417170429e+00
1.579513477983388370e+00
2.288400147520917471e+00
3.006763904662547393e+00
9.153870832142152025e+00
1.014260925254549051e+01
2.458964954385046031e+00
3.953196093159323077e+00
1.846933819358804074e+00
2.322807120723380692e+00
9.839417791420139725e-01
1.174941665639102073e+00
1.787154081567257080e+00
9.909999934131941135e-01
1.838201502561775058e+00
1.242962922669250903e+00
1.518746390599985618e+00
7.715713524423206682e-01
1.449596392081691443e+00
1.115341212616184663e+01
2.855061106442897234e+00
2.408594465716796140e+00
2.163379750187576445e+00
1.050916967033676430e+00
1.133101578164062984e+00
4.209891705236797677e+00
7.201545519548781193e+00
2.933350308943605711e+00
3.473988581751890070e-01
1.019773612991830447e+00
1.134426398106800349e+00
1.288628335408773307e+00
7.125814227615263619e+00
5.518589559828239732e-01
2.625716959099996917e+00
9.806721699875967646e-01
1.011344438181045913e+00
3.550996831660602204e-01
2.530048699274950685e+00
6.018849374705608213e+00
2.123935608700522337e+00
2.616204455503073678e+00
2.614665405361862316e+00
1.913769246509776867e+00
2.472557588659690442e+00
2.210880625832963631e+00
9.173816796462767043e-01
2.267385969831115400e+00
4.062765771897446143e+00
7.388152797819181883e-01
9.407997978850795029e-01
2.492613196346454174e+00
1.623263748050916000e+00
2.279858063065401286e+00
1.882322526166452459e+00
2.035284779890941476e+00
4.981213069467139043e+00
8.072024037370166383e+00
7.602390012558971399e+00
7.289622930600739847e-01
6.547835711876708764e+00
3.366393354509200186e+00
3.184170198633089477e+00
8.490762986301018111e-01
6.483957894967589120e-01
4.144499919501550167e+00
1.860577019461058468e+00
7.070494210566028670e+00
3.339911563854732979e+00
3.147144416949359425e+00
7.996961058283838852e+00
1.953974260087487425e+00
1.853729529721491298e+00
9.831096137697060700e-01
1.820817526924626728e+00
2.138854535889691988e+00
7.871674944107092120e-01
1.699712150240377806e+00
5.852527355341275772e+00
3.423454612014118492e+00
2.158907725769114272e+00
7.954150143082125979e-01
1.482809889956689053e+00
4.096312038077382311e+00
7.196809398701817351e+00
3.806134332035869150e+00
1.811747425368449349e+00
1.344583709488612389e+00
4.013436186393041893e+00
4.922750514658274845e+00
3.152832850953452670e+00
3.112072916767220754e+00
1.961652865583964678e+00
3.677635030460564725e+00
1.211344559880310978e+00
1.996017048778725878e+00
3.969830294577527674e+00
1.053594951498189713e+00
1.437631967028846436e+00
1.375390159422101188e+00
1.427734948333411413e+00
6.175268303772814882e+00
6.241408509904941226e+00
1.050790151307370746e+00
7.278890623085574774e+00
2.235430823044649351e+00
1.361001684873190731e+00
2.141479209424351993e+00
5.697715498213702379e-01
2.047103140259565190e+00
3.395288382447533948e+00
6.303965091380955066e+00
3.644118593709016363e+00
1.185939161137354647e+00
2.225101565518319724e+00
2.863637105871003730e+00
2.254262387711243321e+00
3.162031731229480780e+00
5.552397190428655982e+00
1.506901411835897875e+00
2.112391918776850286e+00
6.256286576289669110e-01
6.606487174897395231e-01
9.122751877135280907e+00
3.234620834944834211e+00
9.330878880246783469e-01
3.565489062890109473e+00
5.898564779575690586e+00
1.835759343691855561e+00
1.874222514589573674e+00
3.251376036049907103e+00
2.751624231385969566e+00
1.827436793311062679e+00
7.920185422855783308e-01
4.598674910711852526e+00
1.995737346984435945e+00
1.288429708417159425e+00
3.419371902429618082e+00
3.803749237812756867e+00
2.059071291071753684e+00
3.162489904418847253e+00
2.194427210303477871e+00
1.197757243348046785e+00
8.917757876577034892e+00
8.002054768871404988e-01
3.845329959303207534e+00
2.943548569886385469e+00
1.305552036959037876e+00
1.224861552750422744e+00
1.041208621336261686e+00
3.371207332455969929e+00
1.213254820017192204e+00
9.686347665281394015e-01
2.269064787798984018e+00
1.780993192061014918e+00
9.964428319873223083e-01
2.012907110075553785e+00
1.628259430865440116e+00
2.060935845104558073e+00
2.148877495177445862e+00
3.523589486418742034e+00
3.699742115617020932e+00
2.737875913872316769e+00
1.947282559306046101e+00
1.446505157093676441e+00
1.580108341304990560e+00
2.648520529572969018e+00
1.710909956512278285e+00
1.437574712085601947e+00
3.433874743575155541e+00
1.239540138042385387e+01
1.609483812148242432e+00
1.389666576866330772e+00
2.044176114691617308e+00
6.724481715623053191e+00
1.458051590826085153e+00
2.865603708467679756e+00
2.746613516028621138e+00
3.455245480721415241e+00
1.128817408874151518e+01
4.017791522009677152e+00
2.663080475724543650e+00
7.979759173164763908e+00
3.690580855467727517e+00
1.749389150576535545e+00
4.539730383085538001e+00
3.670457195871681955e-01
3.279275410166536897e+00
4.833040058864209065e+00
6.320200735044821272e+00
1.251085000461596941e+01
3.282361471855403501e+00
3.570347753728840279e-01
7.969827578474258933e-01
1.013922961074457785e+00
4.821331109838158824e+00
3.729181175705851725e+00
2.483785508771499728e+00
6.099069971224627906e+00
2.099335036027630164e+00
1.111129377300557275e+00
1.465483197202167576e+00
3.282023467015439788e+00
1.241532618414350253e+00
6.656170098118625589e+00
4.380721204080233022e+00
2.490260474236716259e+00
6.056289534421225973e+00
1.068866775873528630e+00
5.909255230933183611e-01
2.594427365999713686e+00
4.183197911976701100e+00
1.338894563025798679e+00
4.013446691119703758e+00
2.659478026400285966e+00
1.138085210430054950e+00
3.129537692000197602e+00
8.672608135789017236e-01
1.757509206414992864e+00
3.175770538549314015e+00
3.148317264522857872e+00
2.534747870632392264e+00
2.592391460977547357e+00
9.346571027312450264e-01
4.237350952115446212e+00
9.959057923439964100e+00
2.761241082346583831e+00
1.825718365592621240e+00
1.971264883242861865e+00
3.453114594984481478e+00
1.544752564394836547e+00
2.724579879673386884e+00
1.947321169840967148e+00
6.076024475980295048e-01
2.969666148744011469e+00
7.225928249571962780e+00
7.202890595442605903e-01
1.154420649292832168e+00
4.747679441560169744e-01
4.215305353502104779e+00
2.099591432360020882e+00
1.839755755377744384e+00
2.202127082890848353e+00
7.214139377301263423e+00
6.987330068568300412e+00
6.047685376213957298e+00
4.628978646451417767e+00
6.404394235388627621e+00
1.814068916720819047e+00
1.464521660119726176e+00
1.012417361736153820e+00
8.290654742950534839e+00
1.805048014829989445e+00
2.853583643710221551e+00
7.905718794048068876e-01
1.247588048556391049e+00
3.400798006508479077e+00
1.723801018987211275e+00
4.254263696160878183e+00
1.403685313512792243e+00
1.967670369568366828e+00
3.103143684121385082e+00
1.365385936179918325e+00
7.479872786630898940e-01
1.044647335141337008e+00
1.859930638907950629e+00
3.897348037630421036e+00
3.471121828795544317e+00
1.650755398785824113e+00
7.721283656061743716e-01
2.275663711682734291e+00
2.175014302647594544e+00
5.629540798136827284e-01
9.244393739358068629e+00
1.390328038749232498e+00
1.273866729328377190e+01
6.251440868685296692e+00
3.747877562280752528e+00
4.506156288007050925e+00
4.334794661447477715e+00
2.996671143655001757e+00
2.104182547959427385e+00
3.908860075779211574e+00
2.786649907697556827e+00
3.669756988484325966e+00
3.814742175819461512e+00
1.735073629798183248e+00
1.472846209224903946e+00
2.407641781659988212e+00
3.660989870873875063e+00
1.430038745276194900e+00
1.305942757340159632e+00
1.236075106411616664e+00
3.902958313409325530e+00
2.770798352614758375e+00
5.046745889894325821e+00
5.486607057934940634e+00
2.139365184658839070e+00
3.950130658336238110e+00
1.702989429679884203e+00
1.137980523977613956e+01
2.527313175377610133e+00
5.133100317804792923e+00
5.504268703809942487e+00
3.615219388708472259e+00
1.028669746847641164e+01
3.076182356917541938e+00
2.998771876938791436e+00
5.105035798219140553e+00
1.324551594292993073e+00
2.304719966842382117e+00
7.565424018094740966e+00
1.363975966068478929e+00
3.606616766073486691e+00
1.239382748663857781e+00
2.300828350234666253e+00
2.193068960420311519e+00
3.292022888621914500e+00
1.539202043655159668e+00
2.837807268284818552e+00
4.284263390517557113e+00
4.156742177949029338e-01
9.968624330185829052e-01
9.364287167596318184e+00
2.207553171857473906e+00
1.598886822491504711e+00
1.117100179590444498e+00
1.310146652496358533e+00
9.601735531476306429e-01
1.978875777803615232e+00
4.287088336788621667e+00
2.465239588845583363e+00
2.415221483485770815e+00
1.013762876273524682e+00
5.175445473010786834e+00
4.995633135948772008e+00
1.366285691990592799e+00
4.522305125130738346e-01
2.116665547060251562e+00
1.783516685606090224e+00
8.207602054574405059e+00
8.143649952727162855e+00
3.410469655901873232e+00
2.696599536464553193e+00
4.251952090343260160e+00
1.794816280730940627e-01
2.465150899150371888e+00
1.042266154341369377e+00
4.425118598927189062e+00
2.011732725782235498e+00
2.025933206761834082e+00
4.667453819704974194e-01
7.336975288284967256e+00
8.379893956619953732e-01
1.549831572976781313e+00
1.064274068821442265e+00
2.475526976620264552e+00
1.517277324170673847e+00
4.080102496651024424e+00
5.877847845181117137e+00
6.479409309976339237e+00
1.524275882843116880e+00
3.408940707037440454e+00
9.885190172704336753e-01
8.151534338034631677e-01
1.240994986193030725e+00
8.782448905077259838e+00
1.360286384294241424e+00
4.757449027706001088e-01
2.925141462600381104e+00
1.677505452680219777e+00
2.340870605686110051e-01
2.483717151006179069e+00
7.773703844204622904e+00
2.214512546543648597e+00
4.663566897732718264e-01
4.761140452362087494e+00
3.043720003823367826e+00
1.013990003669052786e+00
1.636367914640222798e+00
7.008363967587805554e+00
4.325710551291923167e+00
1.235533233803046471e+00
1.541852107460063070e+00
7.789812442488154298e-01
1.471698699269472055e+00
1.312006376819754960e+00
3.509510025789361332e-01
3.625349989130188355e+00
4.506553307426592880e+00
2.523563275677966011e+00
1.109776047170256907e+00
2.754354522522260318e+00
8.588504551269833698e+00
1.799602873359558819e+00
2.235784875224918533e+00
2.830873759754326979e+00
4.707995026298914532e+00
3.158251361670565860e+00
1.606300694139265017e+00
4.374523616205531873e+00
3.079479165584703360e+00
2.761814046913211307e+00
4.963746534756163231e-01
1.980070481299479601e+00
5.212282397439161663e+00
6.971265037832437006e-01
1.219802111778827403e+01
7.400723894120199375e+00
2.168390079110338764e+00
6.251777246657653997e+00
7.154924475085917557e-01
2.242221247668576556e+00
2.861366407844759596e+00
3.803174511301185223e+00
6.202213897381078311e+00
6.739998340480315431e-01
1.758569758391951288e+00
1.145136658590337309e+00
3.362500017570243749e+00
4.851842817072316016e+00
2.639416685601425616e+00
2.287530311199128974e+00
1.305725475748551911e+00
1.190874642560173724e+00
6.975618774829591695e-01
1.734184054201212799e+00
7.844335589483063531e-01
2.182844416944543120e+00
5.474830531559746749e-01
3.125445681896573902e+00
1.862662168306616239e+00
2.809242086138083572e+00
1.129361313879550854e+00
9.502797454801811483e+00
3.510057595509521899e+00
7.700745393986295539e+00
7.440538677267124257e+00
2.778784379560522044e+00
1.155921333820298491e+00
2.806817189606518159e+00
3.799972094330064554e+00
4.458109979528653177e+00
6.257095733336233145e-01
3.163533080187969304e+00
7.814704489436109291e+00
1.416768605286102600e+00
6.638669559399930087e+00
2.887864007779409548e+00
4.173615349922100148e-01
4.536371596491552971e+00
9.903067895240095453e+00
2.901525078396979485e+00
1.216711006190055899e+00
5.542553140151877944e-01
1.328188311641981256e+00
9.468697281682662004e-01
4.148148430521723107e+00
2.934147224588417480e+00
9.026349644876731304e+00
4.936931322455626159e+00
4.040259021515539395e+00
3.599081236154792141e+00
1.774391690906621966e+00
3.774099840087645208e-01
8.116757499685858690e+00
6.845328164402784132e-01
1.094537055945476567e+00
3.393306770367711334e+00
8.002847090028081922e+00
2.167642494111107876e+00
3.347478409147783385e+00
8.147564356340829761e+00
3.842144077045600348e+00
2.097455342239765486e+00
1.711963421729569612e+00
5.458658466394078701e+00
5.592832652732995236e+00
4.180533044755519789e+00
2.531086695646461937e+00
1.065479841732047905e+00
1.472469987745778974e+00
9.263632202080273714e+00
4.725210075371447438e+00
3.186315488113609984e+00
1.705909462729525039e+00
1.741673635748185012e+00
2.553263132280224834e+00
3.622611001516851559e+00
2.772050178176825419e+00
1.355428396766961807e+00
2.029922914125995348e+00
1.966851391632864710e+00
2.643648538792377156e+00
7.686859787460676330e+00
1.510653532853523773e+00
7.791098590895766840e+00
5.357236866868623437e+00
3.333773074581974916e-01
1.028408832498572067e+01
7.111137258517860049e-01
6.840967163944063900e-01
1.777928670006894141e+00
7.524100563257785090e-01
1.811407392411851003e+00
1.628475793140535588e+00
1.177312578694080569e+00
7.177858349917530134e+00
9.929410412970575139e-01
3.803317777043770942e+00
3.190246730996926683e+00
2.450038381439919810e+00
2.739536946012012475e+00
5.365558116738251559e-01
2.368120969460593805e+00
1.101666787652444768e+01
6.819742549002160814e+00
3.683608916014561974e+00
2.840404909602980865e+00
1.829072083330085752e+00
1.659388257522887988e+00
1.609273011492937888e+00
3.851803263575952929e+00
2.787297379146403298e+00
1.886584623390470172e+00
1.613020325659443588e-01
1.265469770329323840e+00
6.617379923564448596e+00
5.174621863386024145e-01
2.375884261369489270e+00
1.955315706348330629e+00
5.666096238004397101e+00
3.999398666680813452e+00
1.037738037231406274e+01
2.326409406383449063e+00
4.671826475130149703e-01
7.169491547126720654e-01
1.244798266433663869e+00
3.199465782922789270e+00
7.067459762280664748e+00
4.303615190026198967e+00
2.163723583269987927e+00
1.310147577080138959e+00
1.517205257729496104e+00
3.371216236324294790e+00
9.324571996676478403e-01
9.243473652537327334e-01
3.406524564157281110e-01
1.444576019501665032e+00
1.936382225683966229e+00
1.798071406651400972e+00
8.468524723870229920e-01
6.693775366878641497e-01
1.237289853382837812e+01
5.677593917225363107e+00
1.484611527782697227e+00
3.543166676725276965e+00
1.513891492285581286e+00
4.830621021105310220e+00
2.863000267916696373e+00
3.203775321866784154e+00
3.710123412980983026e+00
2.735639139808350162e+00
8.186709398801392368e+00
1.538193632037129222e+00
8.637556226833875694e-01
1.089175680058773299e+00
7.299443072871362181e-01
3.797429343762215304e+00
2.519242001458097846e+00
5.555801728874267376e+00
6.359243696384949018e+00
4.367479334764829524e+00
2.733529175920176968e+00
1.801905976871188697e+00
8.885886429519335161e-01
3.734764549813768042e+00
2.588433178097062193e+00
3.157212258811513905e+00
2.528991081951536657e+00
2.695210136534762047e+00
1.787733009746685031e+00
5.081998401420221967e+00
1.286231994173562265e+00
3.586978847490665867e+00
1.009521437765154905e+00
5.203728276620892323e+00
4.203411691223904789e+00
1.449640056256207954e+00
3.438541085211164194e+00
2.001796102023158941e+00
1.077416223955809826e+00
1.473218197695627341e+00
1.072900320182844069e+01
4.862248862655725645e+00
3.174599625311152806e+00
2.828099542749801465e+00
7.712673260753559745e+00
1.585775849965938455e+00
3.140898580781866123e+00
8.425247397272785932e+00
1.911758419209491189e+00
6.246408177270518003e+00
2.829105846069148722e+00
4.252359592774067387e+00
4.606895956556404492e+00
7.421165600807386298e+00
1.287732126487421969e+00
3.745129270576962988e+00
5.677227711719904590e+00
1.953251733925194911e+00
7.222939833309283131e-01
2.284987098677779827e+00
7.322188934489323842e+00
1.291289986462601647e+01
5.779449958894689487e+00
2.809629010830707596e+00
8.390102776088783632e-01
3.068045281135899582e+00
3.224261244067789356e+00
1.302667070536946969e+00
2.204232272205434828e+00
1.588586939231836581e+00
9.664103304125517546e-01
1.331171516454365156e+00
4.804880582042293291e+00
4.475144710350075883e+00
2.133968066667577546e+00
4.226975340012199212e+00
3.526718123580669051e+00
2.624185042167886728e+00
7.814048532722398521e-01
6.838008177956897971e-01
2.966483178942146193e+00
2.520954039585571849e+00
2.130278416508753381e+00
7.786427658448693556e+00
1.166955600961474993e+00
2.207332315837214676e+00
9.931013592265184320e-01
2.972354473764690752e+00
3.422571950462248491e+00
1.341468686350788531e+01
2.317840566306126782e+00
3.319037255374270412e+00
4.953805819704517610e+00
7.272921882546750538e+00
4.041303801116326255e+00
3.978381404305844082e+00
1.452997356123436390e+00
1.081480435596582579e+00
3.004537215983976051e+00
1.013078293191552959e+00
1.343394952678333087e+00
2.592792857798808637e+00
1.203790700092181698e+00
6.378324333251704781e-01
2.226424820205559207e+00
1.611383851315769666e+00
9.796113237007459951e-01
3.628375316027097064e-01
3.703036401142765666e+00
2.004657396713215967e+00
5.916689739040932317e-01
2.205287251092301393e+00
4.273952374754451000e+00
3.135887339785389472e+00
3.851190819875882188e+00
1.568835491992851106e+00
4.508308654264673976e+00
2.019561931506611785e+00
9.952701981605495130e-01
5.240784170500098149e+00
2.145656282021708883e+00
4.908867485736498004e+00
6.615027256301297953e-01
2.335462278140461478e+00
3.539948726054029660e+00
2.636847688063581607e+00
3.622005345515537211e+00
5.551458849029073939e+00
3.759917436041844141e+00
3.240408309490475869e+00
1.781342819545037148e+00
6.661271241046451408e+00
2.725054648305704763e+00
5.691488113045911845e+00
2.398404487404784291e+00
1.498906387499522097e+00
1.271884078218998626e+00
5.780650765933508239e-01
4.249960549949723720e+00
9.993549973539830322e-01
7.612325890386999472e-01
1.440308969949032347e+00
5.491031830214894605e+00
2.348204111198218591e+00
3.496474071569498410e+00
4.574577413438501439e-01
3.489345244674338709e+00
9.130414916371844214e+00
4.768849211033781899e+00
1.785802422971243697e+00
2.854309822442425482e+00
8.998739762643086504e-01
1.352758050887227093e+01
1.263706203364530767e+00
6.269008712845846709e+00
2.436520907241944478e+00
1.899342981913878958e+00
1.944012637179758807e+00
7.567830670485548028e-01
4.600271380881901351e+00
6.325089835381055847e-01
6.535273172603672798e-01
2.495006902048853892e+00
3.562595613859854016e+00
1.198053747485144038e+00
4.764064563556385856e+00
3.054871177475759314e+00
4.800514100608563872e+00
1.204578534710105897e+00
3.352350745834806300e+00
9.737012843579787358e+00
7.056186477781324351e-01
1.382099934940763220e+00
2.836756250920986044e+00
1.123770278893204244e+00
2.044596978492103645e+00
1.783348418312712624e+00
3.403278204057059941e+00
2.177266717309721322e+00
1.040083110733135641e+00
6.271832651669854819e+00
8.022028390974889067e-01
5.370960144133934300e+00
3.770773072825269079e+00
4.696036151195603026e+00
3.748201359726480053e+00
2.315318193227553945e+00
6.043407561960614238e-01
1.093725880960794816e+00
1.298000970429741496e+00
1.225286383274425184e+00
7.828327560220066594e+00
6.626760191763006347e+00
1.621584337234003970e+00
6.141142398726932683e+00
3.079383284356184802e+00
1.257242486171499474e+00
1.330034721707982870e+00
2.398738608046154130e+00
2.691391093638379139e+00
1.468982867627193656e+00
1.215382437644393754e+01
8.462131385162997788e+00
1.407218803854039413e+00
9.080089077122793784e-01
1.791603031736108909e+00
2.672017653584765284e+00
6.840208991696358432e+00
2.210498612409006469e+00
3.923560463598985582e+00
8.225206816819010669e+00
3.794425549504547579e-01
1.851810479066857917e+00
1.952148800271480189e+00
9.580370328062528529e-01
2.742313751527388987e+00
4.664585079428614556e+00
3.124190393730190696e+00
1.656965067033562944e+00
3.153383166733049858e+00
7.540962170047778024e-01
3.808255345787921797e+00
2.907917760859755507e+00
4.225828179013287667e+00
8.801523882895421202e-01
2.713484225171453268e+00
4.084495949884250798e+00
2.377356567818462274e+00
4.190527091236929458e+00
2.378355740792308382e+00
3.649507525049409562e+00
2.583681659870751268e+00
7.204695455799847714e+00
2.448014631679802378e+00
1.268576816364565651e+00
5.734263888727617609e-01
1.295535957175002029e+00
2.422840364409167613e+00
6.372752922631189421e+00
2.235343203882056873e+00
6.489438468713649710e-01
7.006418922206399280e+00
1.576137855865269888e+00
4.138096310070226380e+00
4.230302881555958017e+00
2.392567356949931057e+00
2.812048820044468656e+00
8.341237314460695274e+00
1.791777730721413997e+00
2.399100414134985648e+00
1.953424514680349944e+00
1.791650979991936010e+00
9.402479089862518791e-01
1.605976728860993630e+00
1.833752648196560919e+00
8.855529386966495276e-01
6.350078331544181109e-01
2.460622469906611265e+00
1.495426700010420440e+00
1.885187215024964003e+00
4.511915737771190926e+00
2.036892837218642782e+00
2.311181764193754429e+00
2.160053694272487501e+00
3.101526260019142889e+00
1.884957614325931230e+00
3.632889133244380897e+00
1.078086579072831563e+00
1.109884775851423644e+00
4.260811284509353314e+00
1.862262210995325074e+00
1.027176682444768785e+00
4.780685494217149056e+00
1.076779498568223303e+00
3.866404897923205297e+00
3.561951420144241265e+00
2.680507188833777477e+00
5.539116061499431254e+00
5.520460254950920742e+00
2.001408076571798755e+00
4.293418113156398874e+00
4.289926604665268428e+00
1.875840013952393859e+00
2.332555275863409605e+00
3.987377262182993043e+00
2.744942013284609850e+00
2.097951585438773581e+00
2.113252283175036883e+00
1.358334159478443048e+00
2.689892077408857940e+00
1.732478171410455792e+00
5.946501739593371916e+00
9.104752780860111416e-01
5.801300725996351382e+00
5.575428828674068527e+00
1.008577602813726548e+00
1.881022557393886352e+00
1.424300270472876218e+00
3.033440124302743346e+00
9.942211852827513852e+00
2.820594448961718292e+00
2.756197350466205620e+00
3.161368449753701348e+00
4.786566738846839364e+00
2.688667795232615454e+00
9.118905873431047970e-01
4.040864819261496876e+00
1.398974030512210254e+00
6.711294665184959207e+00
8.454318932177789847e+00
3.728777238903382418e+00
2.640399221210746550e+00
7.572188905125502245e+00
1.144356587908194278e+00
2.891036190428615260e+00
5.364452680364625081e+00
2.584493883365356903e-01
4.161357224146828848e+00
2.286381892012605554e+00
2.429825134567462630e+00
1.510964809558738242e+00
3.962244359995014342e+00
1.937559514730708754e+00
2.676796141267669071e+00
2.093931237551547753e+00
5.012247858735524586e-01
6.767543875759320926e-01
5.691730650985534545e+00
4.207228581523693833e+00
3.389195480484411771e+00
5.647661331851406175e+00
3.688183191678345185e+00
3.554927143963551028e+00
1.307854196291326865e+01
2.757415360349823708e+00
1.194197815433821308e+00
1.821529433668583886e+00
3.151938097908101089e+00
6.814160329575456032e+00
2.720171099632237244e+00
1.506853743351893593e+00
1.308940962803385455e+00
6.860474742502781886e+00
2.552475612495299195e+00
2.181112522022868205e+00
4.971987275332951484e+00
5.840957101368580595e+00
1.052690306990629043e+00
2.128026918955478575e+00
3.026424563982220484e+00
7.449621771611725229e-01
2.984489525836073742e+00
8.810837467674454970e+00
7.109027763335885597e-01
2.101665350905564278e+00
3.073997148101120569e+00
1.236215307397164231e+00
8.837577385123699392e-01
3.152260656088378132e-01
2.753237331797106613e+00
8.261667094268503320e+00
6.081385476313487359e+00
1.908492014914909163e+00
4.125059410077238198e+00
2.457384186388377856e+00
1.098803148762469561e+01
1.977282596218916888e+00
9.001587742663899050e+00
2.233443042441580761e+00
2.628200979974892881e+00
3.879741850894092625e+00
1.943438644475862676e+00
1.804184163425729182e+00
1.617660236953589514e+00
3.300772950030025132e+00
3.239805422239749433e+00
1.228993079830144053e+00
1.549015647390089123e+00
4.940368371337382492e+00
8.446489743658825988e-01
7.867868009365990289e-01
3.663456023597778888e+00
4.365958881396112545e+00
1.547205143865307830e+00
1.922027414404327450e+00
1.099510173064272234e+00
2.067593943360805930e+00
5.476831156443945581e+00
4.714532299988287711e+00
1.691122963684262848e+00
2.917447856384724147e+00
3.557504153311489947e+00
7.663143378738343614e+00
4.303980270809535824e+00
3.858772408886879557e+00
1.707119852327573239e+00
2.305749327361950929e+00
5.915538303863793201e-01
2.908533592239402221e+00
1.394692789680375355e+00
4.636866947262955563e+00
2.419333358972058257e+00
1.905129522549374510e+00
3.731657396918691916e+00
1.802956803098120675e+00
2.650134434220077662e+00
2.779070287102997749e+00
1.331332359497324314e+00
5.141908977391852709e+00
1.463723126615419368e+00
1.777691695150631412e+00
3.421559086790959991e+00
1.607423176063635051e+00
4.386937488485584069e+00
1.221315672438981342e-01
1.761057771447088971e+00
4.733088276572181563e+00
9.081844427508958262e+00
2.368349143789809652e-01
3.308442460046856048e+00
2.537638612051364984e+00
2.547609474671081564e+00
6.107114683371467123e+00
4.617084433796875942e+00
3.200136701910393455e+00
1.401439323757836419e+00
1.166140775896813331e+01
2.489370968201028322e+00
2.070743815511528307e+00
1.731735888689525549e+00
1.901076469212215958e+00
4.165391269805796881e+00
2.817946060039611567e+00
7.505877009222601259e+00
1.468981530904500676e+00
3.553335201250682029e+00
2.836542620432774608e+00
1.351667251502816747e+00
2.373072871299609421e+00
1.303180492137780755e+00
5.865275081272622870e+00
5.443734228762261651e+00
6.313669185229960235e+00
6.264475825973107703e+00
9.695270027449837125e-01
4.052416259352571437e-01
1.682107656279631991e+00
6.337242031400502906e-01
1.696806688496761861e+00
2.268361089919589624e+00
1.933853257913793033e+00
3.118131364540948081e-01
3.803601188289515544e+00
1.045628022726391659e+00
3.381316017236638771e+00
3.381960347988168358e+00
4.194895078147951928e+00
4.188688493768267129e+00
1.390897081158742887e+00
4.202592821366729403e+00
2.457815061670290735e+00
2.904657175919129752e+00
3.397581300610871935e+00
1.259590915610677708e+00
4.079000869371601112e+00
2.538635070275355510e+00
3.102247819454728273e+00
1.097999714345279987e+00
1.205420783836902210e+00
1.589294278891121071e+00
1.787022135658838051e+00
3.537214417913076225e+00
2.275968395662264943e+00
8.912887455226837785e-01
1.839583326317189016e+00
1.266789742819176112e+00
3.514979632939275733e-01
2.417071653224121874e+00
1.595250977279792037e+00
1.386139811534817312e+01
2.381747736324714371e+00
7.732465598753432978e+00
1.381152879602570271e+00
3.135707690105370204e+00
6.236290711094128802e+00
1.954151189692550972e+00
2.934122859911912684e+00
1.453083614478447583e+00
1.259928675988879698e+00
1.975372060863306745e+00
7.650512800273475023e+00
1.999601806054292386e+00
6.364593494267135609e-01
3.075002533897837509e+00
3.156084817143843146e+00
2.047235565467656837e+00
3.230199999441714098e+00
8.464404386428361349e-01
1.514735946900657382e+00
8.903854114160114630e-01
4.885690330388396063e+00
3.111421631267293098e+00
4.479646193156679779e+00
1.583772446038270942e+00
2.138266546435250604e+00
1.956582477421983324e+00
6.092500053248849134e+00
7.807346546427740286e-01
2.409472169017224275e+00
1.518861990089452441e+00
8.535584584977318201e-01
1.347670160712319820e+00
1.763474465423240822e+00
5.166381377268698394e+00
8.426213283306324131e-01
3.152893723514085256e+00
1.940993840490688127e+00
6.969844542158961431e+00
2.896201714820294093e+00
1.507278877978345699e+00
5.854471746937380594e+00
1.889996328841735851e+00
1.611700997363434862e+00
1.440011718282153907e+00
6.425340640287516614e+00
1.881631136079522093e-01
3.531563805053601790e+00
2.510449112964118434e+00
5.816415606623928092e+00
2.482719790543471472e+00
8.530277550643980966e-01
6.881465509555189097e-01
4.977497039863790107e+00
1.089443648728808389e+00
4.495812903246516612e+00
3.942357466060887883e-01
4.910704713954773259e-01
1.054656031855538956e+01
9.776273796100183322e-01
3.086399028907970798e+00
3.678488252127431579e+00
3.478736517305743181e+00
1.790751329467975772e+00
2.676357056206703167e+00
1.439009874243315945e+00
4.311300348328517829e-01
3.008340830875181116e+00
2.224253040390173020e+00
2.623373782006494181e+00
1.238727071599871721e+00
2.364083596185162950e+00
5.974775093528007730e+00
6.341626545665165482e-01
1.119131132797320793e+00
1.477802434026815437e+00
2.099871077592076585e+00
1.774537587387019277e+00
5.976915523886630055e-01
2.326786436539835634e+00
5.437337854244487012e+00
1.585077614359567066e+00
2.550764695134270177e+00
1.749722661992673567e+00
2.845605282403695480e+00
2.740191005447708772e+00
2.266337670528896009e+00
1.569478385430674416e+00
7.830872832431196251e+00
7.160366334982260383e+00
6.497540207245645627e-01
8.267842255738245827e-01
1.913653626350444670e+00
5.051593799539596752e+00
3.031031764946585216e+00
4.784757107355853023e+00
7.706529636954727591e-01
1.001819411977966867e+00
7.294175979867524306e-01
1.054919605530736249e+01
1.250232316024749712e+00
1.555210351355150955e+00
1.365912361121363183e+01
2.901604839515020018e+00
1.380580363664488219e+00
1.241379999120403088e+00
1.183238055849169301e+00
3.459402118681627503e+00
1.862086250399455967e+00
8.833830424373024792e-01
2.251928473859708735e+00
4.234882069145532668e+00
1.031272233111455217e+00
7.939887355727954343e+00
1.728071104015536763e+00
2.560929944777293965e+00
2.889507041814884492e+00
1.941739153502176851e+00
5.109330818694880705e+00
9.428904812189365714e+00
1.201460246453131875e+00
2.514634168708503204e+00
4.442434448038913963e+00
1.221198229697087800e+00
4.185159719842324044e+00
5.610246167086001101e+00
2.628195195783584737e-01
1.748929237766073008e+00
4.832543725083326080e+00
2.967426950262883167e+00
1.562710564667333157e+00
3.170964681784556927e+00
1.569645050215415782e+00
9.840462587460415689e-01
3.122675892406973297e+00
2.843738325263812872e+00
6.451107836024002395e+00
7.128517793608267539e+00
3.563622590564659021e+00
9.405028716950241119e-01
3.575903825229853172e+00
8.809201651315448078e-01
4.074815404658417961e+00
1.001684899355281821e+00
3.759718361965973088e+00
1.612445634135564188e+00
3.400324691765428398e+00
3.948981744355562373e+00
3.215497765935446672e+00
9.625320563891154535e+00
1.373898655199907282e+00
3.365030148713062275e+00
5.592334953994844149e+00
2.606926135453224713e+00
3.650349534077279134e+00
2.822726298387178367e+00
7.016064006149388410e-01
2.378084482425174784e+00
1.047433049377021419e+00
2.660261011848230606e+00
1.988226555185521160e+00
1.452003683650239019e+00
1.942042566112052837e+00
1.022271656944222507e+00
2.517205152968303938e+00
6.574953711032827997e+00
9.624755118099715956e-01
1.999557983047621113e+00
2.696741201382635289e+00
1.892978331035007677e+00
1.857854574721234941e+00
3.050520844788958019e+00
4.037187797725016125e+00
3.087592241783944313e+00
2.165437700961440282e+00
3.070252164623668012e+00
1.218197400663455054e+00
6.269590951985234639e+00
2.503505814961875853e+00
1.218385281517150309e+00
2.988015497800985631e+00
2.542552944337747256e+00
4.669963685058648117e+00
1.141932624253677586e+00
1.892492470121462489e+00
1.101745990612144155e+01
2.015516159795745832e+00
2.578131491587237978e+00
1.534570720435802560e+00
2.767066657324684709e+00
3.379820112369127827e+00
6.393116699867695374e+00
1.174996928706676158e+00
8.114191343522469957e-01
2.464281962053035624e+00
1.037090746177477429e+00
1.138421055430868023e+00
1.581785427481409156e+00
3.688929830658296716e+00
2.281192883668512472e+00
3.229139864370496937e+00
1.154054377117670116e+00
1.204184120493109633e+00
6.328723675027117856e+00
1.687166451219581864e+00
3.236697974068829531e+00
3.027897488089347000e+00
1.775171659135295510e+00
4.005110312672511164e+00
5.152227276970835490e+00
3.087810937481939799e+00
6.251517400737671704e-01
1.636781490345671219e+00
1.607987562026224282e+00
3.903501470410174257e+00
1.085314614510290987e+00
2.771076905972463589e+00
6.889144587260280783e-01
6.970846801378691282e+00
7.643182299107873945e+00
1.342810909121614493e+00
1.492560689072422564e+00
3.057857755122565635e+00
4.497834948311405512e+00
6.705225598294108913e-01
2.711801538919058174e+00
8.645227407073762249e-01
4.758113094332962589e+00
2.343627181444212226e+00
1.936556652070071216e+00
2.622651117199135573e+00
1.120677092639758232e+00
5.567084805173426076e+00
6.622680332965715344e+00
2.459426757266038877e+00
2.177899002088141689e+00
2.176064674435354007e+00
1.859665210586294748e+00
2.010953748562660959e+00
6.761907253013696106e+00
1.269966057408437710e+00
4.619281809172221642e+00
4.734433602038371269e+00
5.852666311832153134e-01
2.553280636073297583e+00
1.500018589783018275e+00
6.731408041153616573e+00
2.670965274448331872e+00
4.586514265513336852e+00
8.583298058463917357e+00
9.142643732884646601e-01
1.144414593076138020e+00
4.940796979256232291e+00
2.639759401794321558e+00
1.872122707715082379e+00
7.291212715150004797e+00
2.914799656871915445e+00
1.381487367490750851e+00
3.989218317205603270e+00
3.187100682220400660e+00
2.899709784436691695e+00
5.778493534211948557e+00
9.678019830961321901e-01
2.774638899524117353e+00
1.640982652219440396e+00
1.792186292056590746e+00
2.293095190236032366e+00
4.602912419836318492e+00
4.810998895717021107e+00
6.626594212409315787e+00
6.390781799286109344e-01
1.558497359186185482e+00
2.840560741030666136e+00
7.540880044787499514e+00
1.559522140496478970e+00
5.776716925722505280e+00
5.249390708557646334e+00
3.296214211935485139e+00
1.430896558071327540e+00
1.705200898528154374e+00
2.314659062320511218e+00
5.144977312575018225e+00
2.854285402171075070e+00
2.622597734341307607e+00
1.191977812364340750e+00
4.608723698790612389e+00
1.100211408379730527e+00
2.301184639671491006e+00
1.141582564968162350e+00
4.135869366079843346e+00
1.263864385117282829e+00
6.402204380453500043e+00
1.041577261668741095e+00
1.006896483855045332e+01
2.068399304561657992e+00
1.445153547742177524e+00
4.945337284684742762e+00
5.326067731196756361e-01
5.526713079791181649e+00
4.734055351297820735e+00
1.105337712332126854e+00
2.504970569121854229e+00
8.314411716740991443e-01
1.981075102946778799e+00
6.454859482167672802e+00
7.181410793478965049e-01
2.797865859406044375e+00
8.022192208347522779e-01
1.491275365375258843e+00
5.332583437108741720e+00
1.673898974835997144e+00
1.703145964695204295e+00
3.191204608663939180e+00
3.482634783671034295e+00
1.674224959944104585e+00
8.419809550932265685e-01
6.054012666713335378e+00
6.480836518759572895e-01
6.682861766824379934e+00
1.297656754670043711e+00
1.884304031102272292e+00
3.997944187257938875e+00
2.682538720280639222e+00
6.092260577407493827e+00
1.749186680684868822e+00
1.216781840601658837e+00
4.241247708532294602e+00
1.774678281808880875e+00
3.593246874709905558e+00
8.093092784903602066e+00
6.492043301623172447e+00
7.333105610642136618e-01
1.877969060765901865e+00
2.531914840579419845e+00
1.630566691593538842e+00
8.101498816071222464e+00
3.713790882376990954e+00
2.232152003610242463e+00
9.474021677743982295e+00
4.748638233880126513e+00
1.427516060118048102e+00
1.262966188234450726e+00
3.085170605128614962e+00
1.136824665756526631e+00
6.880437819040315262e+00
5.663730820669247379e+00
2.755340546930046930e+00
9.591312102385473048e-01
3.616886278920599551e+00
1.811837391438267719e+00
4.101195657524089100e+00
2.602289083844980144e+00
6.678744238579000125e+00
1.740535767621685492e+00
1.822937839466584276e+00
1.042297385331442561e+00
2.721391334721329880e+00
2.714714047080662329e+00
5.982648792719476027e+00
1.148917770753657974e+00
3.511936327746099540e+00
2.139160813282587004e+00
1.489059562734690978e+00
4.051880395481849639e+00
5.135954586157675195e+00
2.635230195888461857e+00
7.613723223057954348e-01
4.159370364323051739e+00
3.787007660218792537e+00
2.056555502872073227e+00
1.945420957669389939e+00
1.371416625840584214e+00
1.226486220455525888e+01
8.496498391270410622e-01
4.059740123576194293e+00
5.105091384908769570e+00
1.217734884843309606e+00
6.944806039445469148e-01
1.982507599816635269e+00
1.614985133085420133e+00
3.126023203214660207e+00
6.495327660585910046e-01
2.042686529237144999e+00
2.261918130458555165e+00
8.967290487868235793e-01
4.862736277452338385e+00
3.887614764317897098e+00
1.809520926500018945e+00
3.143776867243697648e+00
3.009449346722990359e+00
9.098103906887401449e-01
1.692012673306492410e+00
3.291880231124402201e+00
9.462564220968207707e+00
6.807421147029256048e+00
2.104766312577858400e+00
1.623600252184784321e+00
9.208901566934258875e-01
4.409455164382018566e+00
1.187492957447153330e+00
8.631777594119536268e-01
2.624176289181156196e+00
1.947608636233956636e+00
2.861699145825919111e+00
3.199639717357024793e+00
4.923234094376271130e+00
2.826826964737614745e+00
1.711767620275510549e+00
6.550046470662009845e-01
7.767644173672744401e+00
3.739993235285334450e+00
1.884541658595745073e+00
2.018397316463727886e+00
3.686862182872641114e+00
4.340552796217088449e+00
1.182428543830819079e+00
5.041526692018107880e+00
8.642623540274575689e+00
1.597813699863418035e+00
5.726151303234945367e+00
1.459815044802886597e+00
1.973010534465351462e+00
7.690442930716308467e+00
9.767179774392635849e+00
2.310191997982868894e+00
1.482798909391183972e+00
2.502000067367507796e+00
1.860936722677349442e+00
2.248639068355768433e+00
1.215972460421929968e+00
9.772406171000925790e-01
5.784796858878484827e+00
2.606576758495484203e+00
1.116460102608229255e+00
1.034433575555481877e+00
1.125534706567635101e+00
2.950436421405991716e+00
5.191924569250535804e+00
6.679313965525865093e+00
6.101628831879665205e-01
2.016059714184951890e+00
2.658786710481485294e+00
3.958836346396668482e+00
3.072296891497641624e+00
4.629509605172371423e+00
4.900909518423295808e+00
5.682977332756592226e+00
1.557231400352808492e+00
1.680949058294260556e+00
1.224377257324829715e+00
1.219707023165907955e+00
7.051491503153063389e-01
3.708247599332393563e+00
2.891249257376633519e+00
1.195727541602199739e+00
2.058947639799674434e+00
1.082061705972043653e+00
3.342295266801341036e+00
4.231264358515466562e+00
2.788278539485271157e+00
1.412977638766046873e+00
2.662424462707883244e+00
9.013389355565953664e+00
7.336496688752601747e-01
1.882302570325621760e+00
1.420042940372442830e+00
9.910007806378223760e-01
2.947492121175503854e+00
1.209613565288386594e+00
1.157997066267151931e+00
1.359985633664179128e+00
1.851984311692523644e+00
4.869211564534039027e+00
1.193537018993961363e+00
2.968623330208666644e+00
4.030395793858920328e+00
2.386611617059048562e+00
3.379432859780720833e+00
5.014502925703331115e+00
9.248791665428450770e+00
2.352800443690109322e+00
3.387681984287820303e+00
1.418177845287746042e+00
9.050870132606853247e+00
2.906817230507120264e+00
1.118379925520791573e+00
1.546448828080487337e+00
1.184849877730494994e+00
2.197122321837039483e+00
6.673890178684860786e+00
3.327334534034483315e+00
5.613224255583215694e-01
1.095908481077640717e+00
1.097846215917348189e+01
6.589376394946571125e+00
4.354037086537603685e+00
2.320789893949407823e+00
1.120082245925557052e+00
1.706715404134286018e+00
1.618395690905120921e+00
4.073235236029447925e+00
6.867429213208742667e+00
7.751233835357550284e+00
1.137852851535124721e+00
5.274964099980492094e+00
4.193620219595532994e+00
3.332204007389007572e+00
4.466437072381942208e+00
6.428910853209522713e+00
2.103164024966468038e+00
1.217081595061652255e+00
3.381646857659495353e+00
1.875982611754490437e+00
2.465319518837651991e+00
1.339395601990307716e+00
1.364834923556704105e+00
2.957115770822169587e+00
1.931026682635490710e+00
8.988633847830129753e-01
2.422878753317179612e+00
1.445875035679845322e+00
1.413538257230514406e+00
1.053461662918952824e+00
2.337729752650199888e+00
3.503406350057859164e+00
2.787816502720634748e+00
4.194475002296628396e+00
5.810276101424928008e+00
2.673076512576993302e+00
4.514927679100376068e+00
2.307941040165343960e+00
4.730100393020483907e+00
5.178369954115342289e+00
3.754536697823396718e+00
9.200695736039212758e-01
1.850140406816140670e+00
7.876986060683933033e+00
3.806009518601432884e+00
1.872439067452353667e+00
6.830971180471393289e+00
8.169098478657228490e-01
1.923492074453297063e+00
1.694138493145570745e+00
4.530039607231118315e-01
2.345114000172655810e+00
1.646113153600729406e+00
1.746528303429596418e+00
9.921601488133783286e-01
6.227419381515896468e+00
1.571389043716968414e+00
3.001364467973868688e+00
4.263175396806889061e+00
5.822941992602535421e+00
3.173189349089378108e+00
1.293428113786853961e+00
1.638931992405887161e+00
6.733088887317185467e+00
