3.459332562272999567e+00
1.201338249764925648e+00
1.865641338101861946e+00
1.760456162986220319e+00
2.071311408593448089e+00
4.708427121785141445e+00
1.409230879619948418e+00
6.706736250363815266e+00
2.877994106433808152e+00
4.939844844729529783e+00
4.098970358268819503e+00
6.433586825892690264e+00
1.424367332937323205e+00
1.443636064881113734e+00
5.578144706006832543e+00
3.235000886615632343e+00
2.182329570148129783e+00
5.710879525306280513e+00
3.309884545754499641e+00
4.478066575837733154e+00
5.148496480673049325e-01
1.371415588075678427e+00
1.145436660342513457e+00
1.072623732522194118e+00
1.470997103499895431e+00
6.442094986963509129e+00
2.200629509998788258e+00
5.800981888580557744e+00
3.081174122284377592e+00
3.228275876863514249e+00
1.818221501418256558e+00
7.778011140124107214e+00
6.659593037114164282e+00
5.650977250915520500e+00
2.429296613649062575e+00
1.250802837392487765e+00
6.121940767591134147e+00
4.517518237804352133e+00
4.987318858757406659e+00
4.844113640905093887e-01
3.904425698734295569e+00
1.588561173924303960e+00
1.982439470167194129e+00
4.670432534844582984e-01
6.651316698191905630e+00
1.255981495811805626e+00
5.316806887512573354e+00
1.923471629514400538e+00
1.335304247832476809e+00
6.072466715194920539e+00
3.276844288363775615e+00
5.841221296584843126e-01
2.272374216052365448e+00
1.898510520385124911e+00
3.871681180082670259e+00
4.729791617712215235e+00
2.827482312853713875e+00
1.963377945538256064e+00
8.422149013309187637e+00
5.768124230941818809e+00
5.041028359574490914e+00
4.364989960285322823e+00
3.966265033832450104e+00
4.646698959651551775e+00
5.968634646383831566e+00
3.813954091699838234e+00
3.889973845156066368e+00
3.414000163039148106e+00
2.114591436593634910e+00
2.901451511410316542e+00
1.926693882267995983e+00
3.944268541164401398e+00
3.755852801026285270e+00
4.838190487486956903e-01
7.317899131545475555e+00
3.326686680031500476e+00
1.565932165510835805e+00
3.912993613978355434e+00
1.939167726467609709e+00
1.536281716180883716e+00
4.771922008277112326e+00
4.652816871319292780e+00
5.602094294108042050e+00
2.536424392712789633e+00
6.180383740298564632e+00
1.239228610324495605e+00
2.163416614160846407e+00
4.137763705660505664e+00
4.010518266793589026e-01
5.204891652193663454e+00
1.105420719200808755e+00
2.702626884979785427e+00
1.001280157761319289e+00
3.621897711449441282e+00
2.670094547584214162e+00
1.940050647356714952e+00
3.511929195575084428e+00
1.792331337722969486e+00
2.219271905116990684e+00
3.254867877655625463e+00
5.952800840249572456e-01
5.733089097443865079e+00
2.464903791102234898e+00
3.331678681313870349e+00
1.213750417545111926e+00
5.147125456189996839e+00
2.004099889041008442e+00
1.272247856453698311e+00
3.584464159605661671e+00
1.814896018732977234e+00
3.922585660634885230e+00
3.168305352591813673e+00
2.751742475116526254e+00
4.018317701023955024e+00
3.969100028357664289e+00
2.524403145854438701e+00
5.574796356471070524e+00
1.387709467860460677e+00
7.274422223344139127e+00
1.972704096072127156e+00
3.278067181437121835e+00
5.376200218290520638e+00
4.343227270990160704e+00
4.177271649935299647e-01
4.893730414702555542e+00
1.765925090334214742e+00
1.038634991863957246e+00
2.741670806696264506e+00
1.760225780816370156e+00
2.029016404951017538e+00
2.563954497642808139e+00
1.673283944991548866e+00
2.596025797593161322e+00
3.193081178278569965e+00
6.229087343024315437e+00
7.084038611095796689e+00
1.405783267900410305e+00
5.354576969451541935e+00
5.466113742105354056e+00
1.263216652966892006e+00
1.545908839038183658e+00
1.715577496517830980e+00
1.146912599657726961e+00
4.152650564448122417e+00
1.925484736630243221e+00
3.061675544003393590e+00
4.833723408985915349e+00
4.139255404347444767e+00
1.715272033528824958e+00
5.888188205217895543e+00
3.566835941191492498e+00
1.656407128393075689e+00
4.044740575111917202e+00
3.220570715956577956e+00
4.111673124121405287e+00
1.266191138786420201e+00
1.759087421254104333e+00
2.656589833107556586e+00
1.918726947252153536e+00
2.172756272676136469e+00
2.234872401789137708e+00
5.068263256271550610e+00
1.251886272448899051e+00
6.179404807552609569e+00
4.508132988927565421e+00
6.880795822036044562e+00
2.196486193155970490e+00
1.516428148267602971e+00
5.817942586609700761e+00
4.549206498013192324e+00
4.565647889214734079e+00
5.381576746150930290e+00
6.965816164162927926e+00
3.174625158888737531e+00
3.092831692260781029e+00
2.048703008113254675e+00
2.505913854135235486e+00
3.143105266697213906e+00
3.193766119308399265e+00
3.371251061471244093e+00
3.852304742253755965e+00
2.709434303597112237e+00
4.546546332574260774e+00
2.304675866160984743e+00
2.664198017330062562e+00
2.572501652644336279e+00
3.308079477768352650e+00
7.928270281537125319e-01
4.303557645271557597e+00
6.742797654452497014e+00
8.782396066398828083e+00
1.700536170872632313e+00
5.678144341078484203e+00
6.766730108924963183e+00
3.352232776373039957e+00
1.371105679476323003e+00
1.293216135851004367e+00
7.297361099914566829e+00
3.099836684077542648e-01
1.817638645133606845e+00
3.958724540863548746e+00
1.081125548966020755e+00
4.417060074940773795e+00
5.399590128009785772e+00
2.205866525604399886e+00
1.949591247920487325e+00
2.407938380041084958e+00
3.643681693242463382e+00
6.596267996639559872e-01
2.322312296737170101e+00
4.012652797746585343e+00
6.140365803623732077e+00
1.583201553956140595e+00
2.981635333196955617e+00
2.063702292884007417e+00
9.490246790266421151e-01
4.567300999247877691e+00
2.054574251556895881e+00
3.488871533318975260e+00
2.104102796935763742e+00
5.703896920711656549e+00
2.645298057741150899e+00
4.351711263931057339e+00
4.670954814165445335e+00
6.922114274294970393e+00
3.334554701609230509e+00
4.622873454467197440e+00
8.951050374641795315e+00
1.158475239740744733e+00
1.798849343879716622e+00
5.324473826912990759e+00
2.429480988557813692e+00
1.786820263351253324e+00
6.724570601633518052e+00
1.474652011190408674e+00
2.896047757828378089e+00
2.308587848601122428e+00
1.328680810386324351e+00
2.525867919763213454e+00
1.512381327419952237e+00
9.758411765842579522e-01
4.689546637322997924e+00
3.120260689756892081e+00
1.946465329722286253e+00
1.708304627923628471e+00
2.583380009553639667e+00
4.385389496430489586e+00
4.925436750419939891e+00
6.603270198015422920e+00
6.737559326433588680e+00
4.535659828938353400e+00
8.700409360846204976e+00
4.821536722094988292e+00
8.885405593465595331e+00
4.288269898274059244e+00
1.499431633201249392e+00
9.472722344776823844e-01
4.185945166541034546e+00
5.365845354973951764e+00
1.361543108945185931e+00
3.192132898349341996e+00
2.574066921566645849e+00
8.370638637018206207e-01
2.632122475843269083e+00
7.020524303093434781e+00
7.306980881067725031e-01
2.458094732991586984e+00
4.944656179650477767e+00
6.774140976064833453e+00
4.708944614783747262e+00
2.052930188068827988e+00
6.737569250440833102e+00
1.747692457553740697e+00
2.169270306768165124e+00
2.404692454431455850e+00
5.914122501732613557e+00
1.233413959372229085e+00
6.132401897364929688e+00
9.047470995726007992e-01
2.564535476055772367e+00
2.823752780491755043e+00
2.705830523181109282e+00
5.978160277829916325e+00
1.600847343522822541e+00
5.104896717730500910e+00
1.362336954964536773e+00
3.920921296803332901e+00
9.316627274365526512e-01
2.686035853969284126e+00
6.421138433203811502e+00
6.046221387326795593e+00
6.926283674822898639e+00
2.756152109121680294e+00
6.395169626115663419e+00
3.970510705583677691e+00
2.081076300464467010e+00
4.170022244334891326e+00
1.977703618266117180e+00
4.515149936938152031e+00
2.500642853045394354e+00
1.391754232787513867e+00
3.383999944095342549e+00
9.403882446093568825e-01
4.741934149092344342e+00
6.616147988673793279e+00
4.758258028305918153e+00
3.054392062385122286e-01
1.414865831439416244e+00
2.287765550553626070e+00
2.143756903433648997e+00
9.119456293001477754e-01
1.184454536253401136e+00
5.010015989558403326e+00
3.952138659877589610e+00
4.792161742930291624e+00
3.709512706409751281e+00
6.283817969089823485e+00
8.863549400020369617e+00
2.894731279879529939e+00
2.870413383733179113e+00
1.672878161069895953e+00
3.260125918329676686e+00
3.915347716736064854e+00
5.512818997375572572e+00
5.539233230997195889e-01
3.930776824920797274e+00
1.232688639066233938e+00
2.242894548995549631e+00
4.672512336730754612e+00
5.277328742244158377e+00
9.226533741144846701e-01
7.286565887359727434e+00
5.187340859010727279e+00
2.444845105349375380e+00
2.612350246996542058e+00
1.157938623666429745e+00
2.296139196957729389e+00
4.781066987315718997e+00
3.276886568386097487e+00
2.092120053682511305e+00
1.154868305308296428e+00
5.262767321694954425e+00
3.074520991542090353e+00
2.394011716321498451e+00
3.654882056380521327e+00
1.466793527341641035e+00
1.765477562058124894e+00
9.199588754296642579e-01
3.214897315307601033e+00
3.967143881965826235e+00
4.736460036022802633e+00
2.344536579227460393e+00
1.524468530459161197e+00
1.625884764082655476e+00
5.728113776727620454e+00
3.224746325057062268e+00
2.169503527891715411e+00
3.382724941010939457e+00
2.169807230211997506e+00
1.115496426194834356e+00
3.263029152208856587e+00
1.074522577324878370e+01
7.725275360761865606e+00
1.878128854535141334e+00
2.595095522223732853e+00
2.120891871437161846e+00
5.540098710796408810e+00
1.203263611315565917e+00
4.193558867554531666e+00
4.857978538890229459e+00
2.639558078179679246e+00
7.475217012614646883e+00
2.846119420490024421e+00
3.424024624249075277e+00
8.154074645742682703e-01
2.614992968828104392e+00
7.634839933356938779e+00
6.638371496698172169e-01
1.477763592259666803e+00
2.199782554019805936e+00
3.434331269788621022e+00
1.648221500048469457e+00
2.859985482692860792e+00
2.480315703348593637e+00
4.418093360056833951e+00
3.542289067939196290e+00
7.832619561202706748e+00
7.929076301072157662e+00
2.831212139397615513e+00
8.532842558106459308e+00
2.076920025191114405e+00
5.518689271901971338e+00
2.870892654943623334e+00
7.372417220765719037e+00
5.140016578997504304e+00
5.894255386082454251e+00
2.447712912200104451e+00
2.458836579251226340e+00
2.511551378598448903e+00
2.019472525007206087e+00
6.676089269673333604e+00
9.283891868558742377e-01
4.227837053204231310e+00
6.624952681687301670e+00
4.502552314349441254e+00
4.860409750620959812e+00
3.941610378075229626e+00
3.031625274460709285e+00
2.690508477048419778e+00
6.952484294827478095e+00
5.764250128179994270e+00
2.372575723821610527e+00
1.546860706473136338e+00
2.128566783451950606e+00
6.963175316172510954e+00
1.167346783814319222e+00
1.692038740421329512e+00
7.322757476466373205e+00
2.543427965520501211e+00
5.442150615549112835e+00
2.941471522143537687e+00
3.583325195537450103e+00
2.912810416217183729e+00
6.582856267752762669e+00
3.474581997511201337e+00
2.032465050236673232e+00
2.788827688254625237e+00
2.932410660372512190e+00
2.060346232242136644e+00
1.764723215874331119e+00
1.630621286126110014e+00
2.701925695010294337e+00
1.008054242132022660e+00
1.368817739191651395e+00
1.406589164482159537e+00
7.297014110965721834e+00
6.292739299605237591e+00
3.723426437636268460e+00
8.253000763160004638e+00
6.830788735149416091e+00
2.536163430388634232e+00
5.247977804205874008e+00
2.637752479460678146e+00
7.672718790277143874e+00
3.285522959809326071e+00
3.343241424873260925e+00
3.275370182487455040e+00
2.524093855295606481e+00
3.538606817889767164e+00
2.091178242367527584e+00
5.932712195978651515e+00
3.596515194828938888e+00
4.148782575821814866e+00
2.367325449271910465e+00
1.739483152081981787e+00
1.824618859710469998e+00
1.546580329002693377e+00
5.234034569924300939e+00
2.475867661934049835e+00
4.405648723604198125e+00
3.971238537450195949e+00
7.424067334155278530e+00
8.212337294710125857e-01
3.177718616411219887e+00
1.801597060495554459e+00
3.550834111068284837e+00
3.819486820442425934e+00
2.906844676577424291e+00
4.852183396972814755e+00
3.225281445242393907e+00
2.713268832195439906e+00
1.664594405321054182e+00
4.021629400752265937e+00
2.018632299284438325e+00
2.407174581600334484e+00
2.979688406846758841e+00
3.766328958763691226e+00
2.379586866726471683e+00
2.343759277376847028e-01
1.754018947704933495e+00
6.959493439655148883e+00
4.035674410556651992e+00
6.521235866187057972e+00
5.037211969368234676e+00
4.606201871534040038e+00
5.558091679408743602e+00
2.087739370136776351e+00
3.112946414998867706e+00
1.247043271453102786e+00
2.468616149172578211e+00
1.953606238305289011e+00
2.226746943014148883e+00
2.450895302491019834e+00
6.375700861716210532e+00
1.406846281745997240e+00
3.049292736900206968e+00
6.274340995199539250e+00
2.313938788515196077e+00
7.115312172227266529e+00
1.328737629566550060e+00
2.331877281356650400e+00
2.785081257735583460e+00
1.307937809712742760e+00
7.912372335001292889e+00
1.018713078549530859e+00
5.494471991394535237e+00
1.457998119989073693e+00
3.231493964471609637e+00
3.756327795358764265e-01
5.071847743501844086e+00
1.864954711982699465e+00
2.633873333193362587e+00
7.615742012969183961e+00
4.422254904824506894e-01
3.726598842453711313e+00
4.370080146058988646e+00
9.202777752351859464e-01
3.391033345203409599e+00
3.490062367891630934e+00
1.096545306750824844e+00
1.525450069334305603e+00
7.756832708188433401e+00
3.339062817404161443e+00
3.843909510389061701e+00
1.701397358779405566e+00
4.019157687679807189e+00
1.576575304169863578e+00
2.491409929775355359e+00
8.916490325747115975e+00
2.035082442274680048e+00
1.378352339458351894e+00
9.013786493471091177e+00
1.936523665836454633e+00
2.699288710395545632e+00
3.585329843625291169e+00
6.329300782862065766e+00
2.752810657238493164e+00
2.408550673692231303e+00
5.261001809795297746e+00
1.477991641148252544e+00
2.035511573065477808e+00
5.679184434572833062e+00
2.379028532569725574e+00
2.969143348986592823e+00
3.841661799467527949e+00
1.654844008831752644e+00
1.454542564849823361e+00
3.984955298007302638e+00
3.383028595624048673e+00
6.047994679759142400e+00
4.909951221560743484e+00
1.836634275396631599e+00
1.785619032619027102e+00
1.684524072071925671e+00
6.338999715161915960e-01
3.251022189036970378e+00
2.230800461955304570e+00
1.404541169295486780e+00
9.422797811064718143e-01
4.894419501589513999e+00
2.498243625031064230e+00
1.434868711035922839e+00
1.825701649022251960e+00
2.928806401185566344e+00
7.065588112856417524e+00
1.497764372772428798e+00
5.700918493450413571e+00
4.122724153971597971e+00
1.646822521735197720e+00
1.159101800345669675e+00
1.304802209954257108e+00
2.580615793461396024e+00
1.400482648603481373e+00
1.617064864912934441e+00
2.662290197818047321e+00
2.158657878426459398e+00
9.714122043465711620e-01
2.787270366977871561e+00
2.507362346587585833e+00
1.234088184511226816e+00
1.619469202514480566e+00
1.774394295941071675e+00
5.623606160987383085e+00
1.166223704671420780e+00
2.448518647164195539e+00
3.996437637740467785e+00
1.785537169061011564e+00
7.003701453462033655e+00
1.430003681312832287e+00
5.334822831012645539e-01
1.185744042913735141e+00
7.108176103674010982e+00
1.602114427669311558e+00
1.895706755889567718e+00
2.378369153265005309e+00
2.738693778944151003e+00
9.151320712671557889e-01
6.774299306561005984e+00
7.322628652490933199e+00
5.809711124283631456e+00
4.700674290374831976e+00
4.481879280675333255e-01
3.500510213058949383e+00
3.916512064324397357e+00
7.482635606881800960e+00
4.924981719102661692e+00
4.703189126265200137e+00
5.759730665650224068e+00
1.991917284647921171e+00
2.549490405917334002e+00
7.553440235613153142e+00
2.567282428246341119e+00
6.541702593140290567e+00
5.005614945256836812e+00
3.649205299296774729e+00
2.924875611459442304e+00
2.926276565609640556e+00
2.746298764254995639e+00
7.423406907463029114e+00
4.231561453644842707e+00
4.104994647663176899e+00
3.009902061997757894e+00
5.477063871575774456e+00
8.928321637197058624e-01
3.022875093218453380e+00
1.293433656199300286e+00
3.584806748600120052e+00
2.338275689241035682e+00
4.440006988709594538e+00
1.149559711041605814e+00
4.031919443130162151e+00
2.155880570338223112e+00
1.914067227111400982e+00
2.216894741614553688e+00
7.047758847238964286e+00
5.897626582837526499e+00
1.383985615628656740e+00
4.265012415770921272e+00
6.635490034839727214e-01
2.824676384730083090e+00
4.263156782007649248e+00
2.805713732174993869e+00
6.461461286743336530e+00
1.980676790944930765e+00
1.678872257675223523e+00
5.476323174265221638e+00
8.165941438057338075e-01
8.511590932048405111e-01
2.365052610659064136e+00
2.024844892454160217e+00
5.150932548714489689e-01
9.802956146366503809e-01
2.700314091393835270e+00
1.623824455454469184e+00
5.227465874583754335e+00
2.549440140346747263e+00
2.262635425587428806e+00
1.666847378458267137e+00
2.780146727233381743e+00
7.124752143226000811e+00
2.743691806083064844e+00
3.652677202421120484e+00
4.093165073641360507e+00
1.523860796091447867e+00
4.887349740717067625e+00
9.665062518100384636e-01
1.876846087310351185e+00
3.625976382802789111e+00
1.267084946223296926e+00
3.357228646864931054e+00
2.538323410922296741e+00
1.639086176522954741e+00
2.246792489772682089e+00
5.559332799317137308e+00
4.693243058226727271e+00
1.455157396455698526e+00
2.813626258920062462e+00
1.389922577423215566e+00
6.900670221086308231e+00
1.411092136284284537e+00
6.207758705560576296e+00
2.373346298751341621e+00
4.082517054761542141e+00
4.152501983176195566e+00
1.970074655872871894e+00
7.807031466362798433e+00
8.415858298707268315e-01
3.847154247036577601e+00
3.709133362879560636e+00
3.522106518377193574e+00
2.377431171995097792e+00
6.274503733596529242e-01
5.866477403412746483e+00
1.216753796264610887e+00
8.449754617620510722e-01
1.907036821666969972e+00
2.218690111758175210e+00
6.833771222813088686e-01
4.641071613356952952e+00
3.324118216455843378e+00
6.588690110486691509e+00
4.787221847446880396e+00
6.761889297068506721e+00
4.157637264523430076e+00
5.857189467279730444e+00
1.073711617640926264e+00
1.273948620410147337e+00
9.024375814714943544e+00
5.039664544776611965e-01
1.431173379714427707e+00
8.014771609726508927e+00
2.353029676448196383e+00
6.124769073788787210e+00
6.934343261391502367e+00
4.860924584431614903e+00
2.340926745212809301e+00
1.878796552259736075e+00
1.434765100038543295e+00
3.197220314775951477e-01
1.565203422893453489e+00
1.285629902066775188e+00
3.427931412673095313e+00
7.051194897622480973e+00
2.717601674503799192e+00
3.399753611793607799e+00
3.377407134638736874e-01
4.661857129983526526e+00
7.886032190786239626e-01
8.185469574264446768e-01
2.473856086498008811e+00
5.853651126115204661e+00
2.290485202197980019e+00
1.324098545031066054e+00
2.170016410802461770e+00
4.082072170699985847e+00
9.125959730468350628e+00
2.242215246441115806e+00
6.652434554040060899e-01
2.091942801569407706e+00
3.803515132248821207e+00
5.206526814931704550e+00
7.516651868977292095e-01
9.233465452448476052e-01
4.978051310003142937e+00
2.553124434990908576e+00
4.729192397116645519e-01
3.965495835889984999e-01
5.624394084259919602e+00
3.107710991870853423e+00
6.306160098325606533e+00
4.471380284211581291e+00
3.796589865006671172e+00
5.371020205708336714e-01
1.223491376802852360e+00
2.620525343016721354e-01
1.961202602210553314e+00
1.473742902422843892e+00
3.148168964186819796e+00
3.200026256718924600e+00
1.659047989924985478e+00
6.091241044642339730e+00
6.929817882254763362e+00
4.523281902996576065e+00
4.499580038891206613e+00
2.690172215460026717e+00
2.090601092154786844e+00
3.640518726628541479e+00
8.515197013126357684e-01
6.897903876357407427e+00
1.778073084910631430e+00
3.478986961147132462e+00
4.506538177426505420e+00
5.892333534101314108e+00
2.062311191709457869e+00
4.973570347599988395e+00
6.459001288074243341e+00
2.579840536458537059e+00
2.270279175643212355e+00
4.317490671860079843e+00
1.139691547735144583e+00
5.420555413810219214e+00
3.787890973716605547e+00
5.027459776907654998e+00
9.440558318149652184e-01
1.704315801199060454e+00
2.939148807209999159e+00
2.447049661602474835e+00
1.322140140827540611e+00
1.992901895357008346e+00
1.393586910742691698e+00
5.500418350289219660e+00
4.087266313970296494e+00
2.522480798630383880e+00
4.960129242229661450e+00
2.427990260031881231e+00
1.789993725326130214e+00
1.557205256417486749e+00
2.338628870859730036e+00
4.095038994358936257e+00
1.070017741213294293e+00
1.326298174486100878e+00
2.452259273245991800e+00
2.584496342055579543e+00
3.994935723345241385e+00
9.082402848524538941e-01
9.403193902634428003e-01
5.893801457250305020e-01
2.094013600561140276e+00
3.211571350086807719e+00
7.667596891462507891e+00
3.581832666781934016e+00
1.961650202066283377e+00
6.922899871243152203e-01
5.130477872380030391e+00
4.880461481671952484e+00
6.228349591057347645e+00
1.768157386736367132e+00
5.932785297990806894e-01
2.910878295023455298e+00
1.727688642367347649e+00
2.043459983542491809e+00
4.348969114132874125e+00
6.577938320178330578e+00
2.900297702019481783e+00
1.110313507010288747e+00
2.952955662456938857e+00
8.601543681064999447e+00
5.077815612746914731e+00
6.692808834180541400e-01
1.140396705058901228e+00
5.944203451113218684e+00
7.536785512163005629e-01
4.458636351524909003e+00
2.542482897998333602e+00
1.812265317100551165e+00
5.679041672526270901e+00
2.660156119722040025e+00
8.959634222632867351e-01
4.996079610972644636e-01
2.022178229730824839e+00
3.789893910128768528e+00
3.713474475097651162e+00
2.686552397314259544e+00
4.993317292888391212e-01
1.084803210439086918e+01
3.225157374391083298e+00
1.901063782900868304e+00
1.031795693770993116e+00
1.428998916374276895e+00
5.617410734600457589e-01
1.632708439074221696e+00
1.301443171888648997e+00
2.150366390421302398e+00
1.449470296196747165e+00
6.835626342391524446e+00
1.953693087315462318e+00
2.582802592921057627e+00
2.951306140734182737e+00
2.154984371153576106e+00
3.963902178680197785e+00
2.151430350915648049e+00
5.998342700821091000e+00
1.750561161340860039e+00
3.812909985736179230e+00
1.464457029214428108e+00
1.749654683632041685e+00
4.347402106387068699e+00
9.812489141487285016e-01
5.755301639731660757e+00
5.254688396922548854e+00
2.352591789325203298e+00
4.989474902552590407e+00
4.478908729662720134e+00
1.851575047472507674e+00
1.426423263670518748e+00
1.904055525749253297e+00
3.091746459488021959e+00
3.289578787028563767e+00
8.830318664070652801e+00
2.358589976468376648e+00
6.563158268888060753e+00
2.529410260137582966e+00
3.380867048570483924e+00
1.330740268228151058e+00
6.792398138731813084e+00
1.425227561633529705e+00
4.095016332104412626e+00
9.734109745424005533e-01
1.036351968492669195e+00
3.355284769046218862e+00
3.995854490847691842e+00
6.834779833718644504e+00
2.514297896895370421e+00
2.573106622622893802e+00
2.754035000390392174e+00
1.662453496150604559e+00
2.725547504739428195e+00
4.484075479710676326e+00
1.974291342909381131e+00
2.044666454223995622e+00
4.171588112280220528e+00
9.497309916296874377e-01
4.022871205844514186e+00
2.974042149282756675e+00
1.395857533367550030e+00
1.376535818423972879e+00
1.795601079926843813e+00
4.865768217807862506e+00
2.415897983972062235e+00
3.061670929394915586e+00
3.203800357346238581e+00
3.346603230682293706e+00
3.104202678498253043e+00
4.712226392317782953e+00
4.802139103559608380e+00
5.528397108252895986e-01
6.491808016893028110e+00
3.391614805409916666e+00
1.740812029726061638e+00
9.824953400557936423e-01
1.804170082582901458e+00
2.804056380111696445e+00
2.842862321916943991e+00
4.297286388233003684e+00
1.530590667214218215e+00
1.726497719667001496e+00
2.893251626831971013e+00
6.965171638540455845e+00
1.315529276933745217e+00
4.951491126319095493e+00
4.634926333728107473e+00
1.890826125767015142e+00
2.964580304969758551e+00
4.062001859423620687e+00
2.199637442126193942e+00
9.290266622654029804e-01
4.665413416255950629e+00
1.169602685666554009e+01
1.181236317808606939e+00
1.335443240058375114e+00
1.463780979873773536e+00
2.878271125021386379e+00
9.646369830742986817e-01
1.858606597509907310e+00
8.587378353949616239e-01
2.472815712096453566e+00
1.276328538504023724e+00
6.887663522967577556e+00
2.352124830071321782e+00
3.499105667323763047e+00
7.162763662256886654e+00
5.773446229360265747e+00
3.158559759454341975e+00
4.054594327400733889e+00
7.104434451094934211e-01
3.228753744382947488e+00
1.484852170678292893e+00
2.685292687743723317e+00
3.125620002091356042e+00
1.340600510891054808e+00
6.757076710655659513e-01
5.237664149755754117e+00
2.480173162093253225e+00
4.187644824245586150e+00
4.161739558392374860e+00
5.089889115217735238e+00
2.251733555041356638e+00
3.974641144859978326e-01
5.295084162934714511e-01
8.130424460742183834e-01
4.424948377817993439e+00
2.452107742728567352e+00
6.462136477009492452e+00
8.151614401169535729e-01
1.062895467620902368e+00
2.701739535590966579e+00
2.255221607206044365e-01
3.095426865753641898e+00
3.685265704548574384e+00
2.940676197842318818e+00
3.964651746721462811e+00
7.747496491176573130e+00
4.464101986858152848e+00
3.026942977451824390e+00
4.411208594236356362e+00
2.121638872861510983e+00
5.775378993594418198e+00
3.230231827362255448e+00
7.029893980613299398e+00
2.831252870467390270e+00
3.693336925277538985e+00
3.271126096267435113e+00
1.937226789043271058e+00
1.254806269478263347e+00
7.661477864998356146e+00
2.051755488468932853e+00
1.792988092141994727e+00
3.547544015571687304e+00
2.917373566893810999e+00
1.197544692730905247e+01
2.724865080118272331e+00
1.623289837933045821e+00
4.410718379830591118e+00
1.003836685750411517e+00
4.834796906612744749e+00
3.801064181545710241e+00
3.745359660121908352e+00
2.728081339205418399e+00
5.979062050783028326e+00
1.842708114048927204e+00
6.852471091955753657e+00
1.168374303996383201e+00
3.606547800785892655e+00
7.068957900767274261e-01
2.725677908528715498e+00
6.454318138901952162e-01
1.556196144245324486e+00
6.486337563891235725e+00
4.249871200481028843e+00
6.741681928065030860e+00
3.150017246266288318e+00
2.052686532148883192e+00
2.758989791264080171e+00
6.361499459543495938e+00
3.595111709521353838e+00
6.443561399523739297e+00
2.637047854486943788e+00
5.179973710540330956e+00
4.222448752441299025e-01
3.624529974406800470e+00
1.866305495070474496e+00
3.736678046992660374e+00
5.746073815713918620e+00
4.113295687875445417e+00
7.095195601665388097e+00
2.112792501086189212e+00
4.844716507596583455e+00
5.857442584937306851e-01
1.003384194783677241e+00
2.838511893710601086e+00
2.208522514189512620e+00
4.548665163671683942e+00
2.452642090930821972e+00
8.341876580487679327e-01
1.491947465986601440e+00
1.531407771630274528e+00
6.403968817542598835e+00
2.189306792291158654e+00
2.156352873912230184e+00
3.307055995901089673e+00
1.108156603483156477e+00
1.542557461407050301e+00
4.314751595897448944e+00
4.470225889531481478e+00
2.109153714874719920e+00
5.593337744684154345e+00
3.687385837138857259e+00
1.166200165016660684e+00
8.988866089130304715e+00
4.892467173663781921e+00
2.405009735293332174e+00
7.812786812123111435e-01
1.032971476606755479e+00
4.045420733989848472e-01
3.228831218273044090e+00
1.091584942424739690e+00
3.827898552449406466e+00
2.431356882830170818e+00
1.201351081950417621e+00
1.818118255768472080e+00
2.620648078431192296e+00
4.881130961374629429e+00
7.987513994099507686e-01
2.020266258724607855e+00
8.417549038100191616e-01
3.790052779546489337e+00
4.868443722261778461e+00
8.664608252600066507e+00
3.491488061367473694e+00
2.072091535319050326e+00
3.977043924250371010e+00
2.378604348686621961e+00
3.185282104338845510e+00
6.971996042820861383e+00
5.674291923328173226e+00
2.572549807152036738e+00
3.814445450222474499e+00
1.674383991074885447e+00
1.301704738159776609e+00
1.921497167893524427e+00
4.751280365979957843e+00
7.920276177396518014e-01
4.272311922648830418e+00
4.130854562604053370e+00
2.434396183166209315e+00
1.456672422257886623e+00
6.151308367234194385e+00
1.335822312270839474e+00
1.773998946572538316e+00
6.754753890130845706e-01
6.688041387851495934e+00
6.701034451678656190e+00
2.148752708907261777e+00
5.667918575462812747e+00
3.519685854827041993e+00
2.593267795323492386e+00
1.414958590467121358e+00
1.249963579334675723e+00
2.262644743501768030e+00
1.341828295853834119e+00
1.252083941562808889e+00
5.583731009449875771e+00
5.188559129395948766e+00
2.803242592865608618e+00
1.780479507049561816e+00
3.522385271469509860e+00
8.963706448615714750e-01
6.510072215335394041e+00
9.405553600417878357e+00
7.771396355248657351e+00
2.994352879607766305e+00
3.276106724382644497e+00
3.253873405063203883e+00
7.896859845838583247e+00
4.332444033400230765e+00
2.369617338277560936e+00
3.850189396209497072e+00
6.362998729550600530e+00
2.135117083735240229e+00
2.638591190028108269e+00
3.986346554813289256e+00
3.172790505681332807e+00
7.945800461056203190e+00
1.605102942754773832e+00
8.638090909173496978e-01
4.729692934113916891e+00
3.937486313040558628e+00
2.140173035528110113e+00
3.245848023857699882e+00
5.662685264068411328e+00
2.847660461790140651e+00
1.135506709826813454e+00
3.182627074122356348e+00
5.035594217339973255e+00
2.617437931163145493e+00
6.141480121334801368e-01
4.184486335456911732e+00
6.170311135474586095e+00
2.497358456768351331e+00
4.822690500049983342e+00
1.197129427371087518e+00
8.149137108378228689e+00
4.832308040258880055e+00
5.923959666726142714e+00
3.681474040675802417e+00
2.893434963662341985e+00
2.762142364086626500e+00
1.617963491772332008e+00
5.390028697711263250e-01
3.239981979972887061e+00
1.364806708439141536e+00
2.729588409421889850e+00
2.731567498790269610e+00
5.997708894644946387e-01
6.071637802087996860e+00
3.223326020760645783e+00
3.479579663884989404e+00
3.094663552620224856e+00
1.421520270428556110e+00
1.572320302324841768e+00
1.877556629389714127e+00
3.458320458357334370e+00
2.880100654450840292e+00
2.072062863105013530e+00
1.756670467991127360e+00
2.399737945395552075e+00
1.323468674134612444e+00
1.793635188963466520e+00
1.584141111775824617e+00
2.308785574370566085e+00
4.566057819963190489e+00
3.990583245274117896e+00
4.058842091835203725e+00
3.530608288344039725e+00
4.299819212940636959e+00
2.397189187432169799e+00
1.883918710123251739e+00
3.217345317110651415e+00
1.551485989106471841e+00
2.392633732132205981e+00
1.788102086957269465e+00
3.180559482912205471e+00
2.585615968636159501e+00
1.078092821444853966e+00
1.676379212540201502e+00
2.579006201224958605e+00
4.895301572301542947e+00
5.131313861432539980e+00
2.388135092720343078e+00
8.207273196327244946e-01
2.226922741734789213e+00
2.091670598385841906e+00
6.413737665198948612e+00
2.636529822104257459e+00
7.170434689330804190e+00
5.678583514776116559e+00
3.298715523664550897e+00
1.683161119309362519e+00
3.845715746702060400e+00
3.611843591673177478e+00
9.741746546134189000e-01
3.065141595072936820e+00
1.844069989269834897e+00
2.658633607187299575e+00
6.352578971899761839e+00
8.173322887833187167e+00
1.230852520165452191e+01
1.774520149828202831e+00
5.931939599733479618e+00
1.361603670545524780e+00
1.849205180355957934e+00
2.776263602574494449e+00
1.576003863970779850e+00
5.612413140598649264e+00
4.080228261310930193e+00
2.576978489348517254e+00
5.135176834454698858e-01
4.110561279033421833e+00
9.404621332268542355e-01
3.081888672730940915e+00
5.951198697268875293e+00
2.213436262714964631e+00
4.469768755120414383e+00
2.222355618629043850e+00
4.005535544624702737e+00
4.729037033215780284e+00
3.345512231158235039e+00
3.851686628365701193e+00
2.882054069369664795e+00
1.602373536584511093e+00
4.905382450968640562e+00
5.603154576860737812e+00
3.095523218665554133e+00
4.798585933773245493e+00
2.537154382132786434e+00
3.808626065578581965e+00
1.452759974705839285e+00
3.629682873398285992e+00
1.929130102349569054e+00
4.954014450783854606e+00
3.619269482835319796e+00
4.138002777961095724e+00
1.037082531875035185e+00
7.121472747702349615e+00
1.093802195215908135e+01
3.601634330781656512e+00
7.115007845530723074e-01
3.468703915316814879e+00
1.125721369273892991e+00
3.945774668517584960e+00
8.894595061288247395e-01
2.877989747971446022e+00
2.668573489408763599e+00
3.512167308386579201e+00
2.825699251284487179e+00
8.425793599811149948e-01
2.719155600221823121e+00
1.956235996839237989e+00
1.150033013602096643e+00
3.423343142417890395e+00
7.669520513962168051e-01
1.072674677328494530e+00
4.832189418659113223e+00
2.425206193142658062e+00
1.293776137199886600e+00
5.769126388896908431e+00
1.194016046246200835e+00
3.088128301682820265e+00
1.596101733135253831e+00
7.048082403746684932e+00
3.575374238686241046e+00
7.859134585576665444e+00
2.186474142014744881e+00
1.710481851456720381e+00
1.013891273423975337e+00
4.599373623873554529e+00
3.167555490612667501e+00
6.436139919574133117e-01
5.984511466131881896e+00
2.860049343804679456e+00
2.646205032195274587e+00
5.414887985017239558e+00
1.724036512869948190e+00
1.118500289198933073e+00
1.001454738138828127e+01
4.249779695327490892e+00
3.019155257981687157e+00
1.908571702667595904e+00
6.008441433944600618e+00
1.591012661103215375e+00
3.040946056966681965e+00
4.995811239541569471e+00
5.475522824656155585e+00
2.072817804442731726e-01
2.565892145610344510e+00
2.333893350304230285e+00
5.471985073193843974e+00
6.796325869668301323e+00
6.767640673920056749e-01
3.845568069650804777e+00
2.187705507733233468e+00
3.831034073294421027e+00
6.440764775132356235e+00
2.284209047137963022e+00
1.643223436772645041e+00
5.276743549102841158e+00
2.181396080722744379e+00
1.432968416049673177e+00
3.241317324147564793e+00
2.182244645560356577e+00
3.856352263956221105e+00
2.732070298688017651e+00
2.628912113099952652e+00
3.519686290295063635e+00
2.911263760874820417e+00
1.512594631476676499e+00
7.611383689325662338e+00
5.790820711694484313e-01
2.935542955418993127e+00
2.245279885625456551e+00
1.711549184445486649e+00
6.963070672455550891e+00
6.755159834823513343e+00
5.641929626777693052e+00
3.772417817095321535e+00
2.665468248806126983e+00
1.821146368582309050e+00
7.469092140040245020e+00
6.802276395112556440e-01
5.206824187635698209e+00
2.923933975004123553e+00
1.446342141166126360e+00
2.374112789786039013e+00
1.991169087120909564e+00
5.005347091020944994e+00
2.735575767922311385e+00
6.806077076177380114e+00
1.988763807394525518e+00
2.308983473378539486e+00
2.745045620832901712e+00
1.795005207284628534e+00
3.101719016631229398e+00
3.750045470480557697e+00
5.579146992320807463e+00
2.095506758423796967e+00
1.849230937469239056e+00
1.343335747836267968e+00
3.018455905554069396e+00
3.467327751482838227e+00
3.703114824378134440e+00
9.349807176486302218e-01
8.773244259196466555e-01
2.496382757816630882e+00
1.340754977490685063e+00
4.808294822791804535e+00
6.977586833760837770e+00
2.428289262450529229e+00
2.171201593219286075e+00
3.308366752793686416e+00
2.477262056937879819e+00
5.768165421415760719e+00
1.357731847103703871e+00
7.002590186719871435e-01
2.818721036552540582e-01
2.622256780185241443e+00
3.529573050336017204e+00
4.553877998405812200e+00
1.964797274654711767e+00
3.783889104862101505e+00
1.200707344548527544e+01
6.567371598855197057e+00
6.382310344097200661e-01
2.683116633925449968e+00
2.002476743990823316e+00
2.293804285446189084e+00
1.400846020048572393e+00
5.351356572881132756e+00
1.245847866944363336e+00
4.233162086726037110e+00
6.673507008325356260e+00
3.036955514299051195e+00
2.231512209338198272e+00
2.216274712480439835e+00
1.185527468984224342e+00
5.429422579633000012e+00
6.422408871705123090e+00
5.299071243658713959e-01
8.850380265322851381e-01
1.255902573193225180e+00
5.734574000362399282e+00
5.250235621706956124e+00
1.823128097697072514e+00
2.054422029115558601e+00
6.118307240670119107e+00
5.983756735624863765e+00
4.549461461565452502e+00
1.349095454823661555e+00
4.265003897096576679e+00
5.376480370546465437e+00
1.865560527019527903e+00
1.624703884779191476e+00
2.196574630299535258e+00
2.061894712894430270e+00
3.022792585615045269e+00
6.754560307436018318e-01
4.611346852424826892e+00
1.855844156645635845e+00
1.209972671777363340e+00
5.004124169232412100e+00
2.972825925874352571e+00
2.145120866118083391e+00
1.179702383642750929e+00
4.316469738382453514e+00
1.529153050797254609e+00
2.091500300051583938e+00
1.990154609774601235e+00
1.827135766136580353e+00
4.296378688581447669e+00
1.380407382781788872e+00
3.996195271419380912e+00
1.256596954822658319e+00
1.055858492524947456e+00
2.279513657999681087e+00
3.931570200889122013e+00
3.176373641326111219e+00
3.116748629556637340e+00
3.568473113427903076e+00
6.418285274549471175e-01
3.425064137383238005e+00
4.529825486921085442e+00
1.695664056008803877e+00
3.754820924382897274e-01
1.778573563368136545e+00
2.534095219283490241e+00
5.108679084582812280e+00
1.172882762657330158e+00
5.850242552340711555e+00
2.031724103330214692e+00
2.146900207734697474e+00
5.964463062726918174e+00
3.441628858170868277e+00
3.595500866797385786e+00
2.651250026098294743e+00
1.018986996558268743e+00
1.807059539726725950e+00
4.109485346115741677e+00
3.194772632597145723e+00
1.992248761696778336e+00
6.774582504116472004e-01
2.474184045818135225e+00
2.103348368964864434e+00
4.713334828779393249e+00
1.073586653528445067e+00
2.506598911081812098e+00
1.901564606792130796e+00
3.762754917063946269e+00
3.447554319427955427e+00
3.027231066310994478e+00
3.088281045623429755e+00
3.913158026041812843e+00
1.792792347360488314e+00
5.325673992467075735e+00
3.521539045414412872e+00
2.934827368129802050e+00
6.389655382314472831e+00
2.430852938908807825e+00
2.236386013922899707e+00
2.850510028363187676e+00
2.520999000223490327e+00
2.671084550421091830e+00
2.043955837602860370e+00
2.616912844842897989e+00
1.156836102313798076e+00
4.801210551938490667e+00
3.809555962343604385e+00
6.863131705231672264e+00
2.399863948184853157e+00
2.606729135788123042e+00
5.902608824230665796e+00
2.162486264146111115e+00
3.282744657154967882e+00
3.161450359959149914e+00
3.277811275579234351e+00
1.403545843828027051e+00
3.569534376807404374e+00
7.797639931352088105e+00
1.935118817481992881e+00
3.971915312793412589e+00
1.320548200386104121e+01
2.220569707539991278e+00
2.610852155064750324e+00
8.914603786443674460e-01
1.838805959284369518e+00
1.511268014364443024e+00
2.145481154113627387e+00
2.383111461110510643e+00
7.679305236312695904e+00
3.018647311087312435e+00
1.617956027042017242e+00
4.242402341565886914e+00
3.163112021875859270e+00
1.579072245542358699e+00
1.434404072607867286e+00
8.807907607112465342e+00
4.429161572754950704e+00
3.401628542147698830e+00
3.375636667555018899e+00
6.449383581368174134e+00
2.478671986390634352e+00
2.309277710863883115e+00
3.831950604933983318e+00
1.216745902149103165e+00
6.751400902982412688e+00
2.541806786587141875e+00
2.616731426804846272e+00
6.877903693371011151e+00
2.071757970012183758e+00
4.118455820196118999e+00
1.812595194658443098e+00
9.401431031710918429e-01
1.039546540229125959e+00
5.567169510370973740e+00
3.754443964874500050e+00
5.169459432996984738e+00
2.513139467247560876e+00
1.016120760741749285e+00
3.341612524328179568e+00
4.242422642871940042e+00
2.164810934875539328e+00
2.180456606453779589e+00
3.168820118840049549e+00
4.395272258309169899e+00
5.920153217139337620e+00
2.356824630740412374e+00
2.347272090661909338e+00
6.494966788591889362e+00
2.259440853120501025e+00
1.007343992833883028e+01
1.032343857809234322e+00
4.018309850962758389e+00
6.488276467317100504e+00
3.839028174873207799e+00
6.447306348417789934e+00
3.489078167325402546e+00
5.565054206990549091e+00
3.472170976203937443e+00
1.772568997475791441e+00
1.583382861743047654e+00
3.459172327489176135e-01
3.182036099309821342e+00
4.151791566374130937e+00
1.459886776695960675e+00
4.815139747628805367e+00
4.928976955448938213e+00
1.654719570908392612e+00
5.333312221240461559e-01
3.877410863333672797e+00
3.813101504990723978e+00
1.182619539062375047e+00
7.307436863896624502e+00
5.205385086382900983e-01
3.338145524815367082e+00
3.755619866317897682e+00
2.953364747989283945e+00
2.638366686224871582e+00
1.110056171998066832e+00
3.023360373560060044e+00
3.527674805036478567e+00
2.841020182488309231e+00
1.949608111993117010e+00
6.777026843350156149e+00
7.398387709405103152e+00
1.518469221985738526e+00
2.396472582308019739e+00
7.860432398862270631e+00
3.112066834277216643e+00
1.303448959797086415e+00
1.083294437897509122e+00
3.013602175162737762e+00
2.041911941551929122e+00
3.040156974209830221e+00
7.231493436724692359e+00
4.345434008327128339e+00
6.486107468534304532e-01
7.171569149894235773e-01
1.986820564644404374e+00
5.577768462195556998e-01
3.233543194991514103e+00
6.662161521736114089e+00
3.106327195483552739e+00
4.446398300625172162e+00
4.770556820754541683e+00
8.110245328225364148e+00
3.528232607253165565e+00
4.074912292989361084e+00
1.753005941883168939e+00
5.932659304500904618e+00
2.920847991282541578e+00
2.607312216784179348e+00
2.722837485597810581e+00
5.478618359482473110e+00
1.685982393011977276e+00
3.357425167546971956e+00
6.279457442879987639e+00
4.682968497652393758e+00
5.545583186362235573e+00
7.668494435783376195e-01
5.374195416955022786e+00
9.973050635519897789e-02
6.731196480653878211e-01
8.444866059204246156e+00
3.116551916020849688e+00
4.639701467029483162e+00
1.144101675231995463e+00
4.583674827805430674e+00
4.339062714677535126e+00
3.269522398930345908e+00
1.454486161533514066e+00
3.504416952458469847e+00
2.756520736334111543e+00
9.578665536366200994e-01
5.064426957315323108e+00
2.271110173841326407e+00
1.836743975414563135e+00
1.884504224539408801e+00
3.304266299308455057e+00
8.638058949371563155e-01
2.994582947703190889e+00
4.647558958975797072e-01
3.673374547139208079e+00
1.977441790381338382e+00
5.871396486313821050e+00
5.841306173777920385e+00
2.119686054633325156e+00
4.129801898475600197e+00
1.698201585562460592e+00
3.927430956681868146e+00
2.599111676892003508e+00
1.344969907525903396e+00
3.334540707780059954e+00
4.153773483544488165e+00
3.027705658035896974e+00
3.044357729549464597e+00
5.051102961821782422e+00
7.462415453943677113e-01
1.218831551532535640e+00
6.403027517630965448e+00
1.042301215207273923e+00
6.070097357498867474e+00
5.821242006436463612e+00
7.784278320760408265e-01
4.007166108328654275e+00
3.388681338779422791e+00
4.974772144324355772e+00
2.108541430903094316e+00
3.916734503129062794e+00
1.178113994030155709e+00
7.295063494109482960e+00
5.096054990534057083e+00
8.281332521877443398e+00
6.891378919089646615e+00
1.111646732377097990e+00
3.571204057704487678e+00
1.583855280140526789e+00
1.221309606743652409e+00
6.990260862810225850e-01
2.878822558842358159e+00
2.219933118707746456e-01
1.699991772694745551e+00
4.309743721265255623e+00
1.237961397657719731e+00
1.431918813496619647e+00
1.872233020329556075e+00
2.295001845632585802e+00
5.270390676189046886e+00
1.088050050843176741e+00
5.410125967995608853e+00
3.853585236451321006e+00
7.108700394496644037e+00
6.200327638847937806e+00
2.595369819882956008e+00
7.275883599258135881e+00
3.418023483418036523e+00
5.875057982297679615e+00
4.937629577437154249e-01
5.388034077618804041e+00
1.656414362082316405e+00
3.205234155383257733e+00
5.295183988324270175e+00
2.172652040759825098e+00
1.884326407430425787e+00
1.980783459875284480e+00
4.815447016800796232e-01
3.972851868494312821e+00
3.189273286535336815e+00
3.293694746708928811e+00
3.366104492304088924e-01
3.240052364614046887e+00
1.835685323543107206e+00
2.555906415354124217e+00
1.361914633437168343e+00
4.378529587538071866e+00
5.051475759478628591e-01
1.890032752583554299e+00
1.077298292050621997e+00
1.115126587583792128e+00
7.594407366272669435e+00
3.754834880547805120e+00
2.369450453034933624e+00
2.292987109570074011e+00
2.827798413054218862e+00
2.774714342484867036e+00
5.127408020487562723e+00
1.631466462372379578e+00
1.218354687005081205e+00
2.039103746607408285e-01
1.840976501162320034e+00
1.175710063480488454e+00
2.897071658660332449e+00
5.667265335332944964e+00
5.855801975019553574e+00
3.719478842172721844e+00
1.629634999076660318e+00
2.364564844718038295e+00
3.292162944563696847e+00
1.545558599525097776e+00
1.389890464967987072e+00
6.364700311569882807e+00
2.307362614964693748e+00
1.062810030504386161e+00
1.932645366416507748e+00
3.510976074587452533e+00
8.869131257426324799e-01
1.353165224816256007e+00
5.764279718493035887e+00
3.645329973136668844e+00
6.645030958627680562e+00
3.366455520746990171e+00
6.430823290511624712e+00
1.400165379322585890e+00
2.784111170264613300e+00
5.966642324077446879e+00
4.297481991807074131e+00
4.868958481502763114e-01
1.788709033796651804e+00
1.317861924310741895e+00
2.947232073185098944e+00
4.966787685959276999e+00
3.484018288368694982e+00
3.244589312783523916e+00
6.778764745703671935e+00
3.592967197174056437e+00
4.775588250038893534e+00
4.519846657741800056e-01
1.004339213571224798e+00
4.462193870478256663e+00
4.423875449599648846e+00
2.109101103416442857e+00
1.510533801171986212e+00
1.788755889373788266e+00
2.618694484217476859e+00
1.650985560947297204e+00
2.556638084054105864e+00
1.612722937160836256e+00
1.786539170630931261e+00
1.861921294283855000e+00
6.622497004831050305e+00
5.691433908158948896e+00
2.425073298869071081e+00
1.242846545666411728e+00
1.712566536124450201e+00
3.245208695758593276e+00
2.522207009858173699e+00
6.578751545820781921e+00
1.377781311140552134e+00
1.814507159898637312e+00
1.880379730248645576e+00
2.486872661633168669e+00
5.120903984046259794e+00
2.519350527528894990e+00
1.951562087076074370e+00
1.366628891462730255e+00
4.983674392434465084e+00
7.366803717178917132e+00
3.147878591703033191e+00
6.101425078885039932e-01
1.111936403684619989e+00
1.384850857159344306e+00
2.523059310742866934e+00
1.274463626231857161e+00
1.903979902275934055e+00
2.334214145930999074e+00
5.002708892288441511e+00
2.877888718978526494e+00
2.121185115096984930e+00
1.400554734897781151e+00
9.822118954095266918e-01
2.332365216851586265e+00
4.863777216429979511e+00
3.237455507589185100e+00
2.008114030342224243e+00
6.858786729057951170e+00
2.167902452518074785e+00
6.750131812953540589e+00
8.586624583866003135e+00
1.017028281682598401e+00
7.719531668973887983e-01
9.986173014483903376e-01
2.422824764518624274e+00
4.640786442544178492e+00
6.477760637416769995e+00
4.242216666546756998e-01
6.955586671975412472e+00
3.346974008636688591e+00
1.014200785703295526e+00
1.862991290786248255e+00
9.732322741621620921e+00
5.824162298959860706e+00
4.547180842788965727e+00
3.824297085327066803e+00
6.375370808377946119e+00
3.563230570908683781e+00
2.551279650681579803e+00
4.688283465012110796e+00
6.643283949663501886e+00
2.018269090030828217e+00
1.151494087881772543e+00
8.752686568085983332e-01
3.998825949072883468e+00
8.395262196280935285e+00
2.075239709578934111e+00
2.286387355761255069e+00
1.619233642871718004e+00
8.698905120263519253e-01
1.147757426252579593e+00
6.019073262710839423e+00
4.018829751795101046e+00
3.136144339598211150e+00
6.303424032460912541e-01
1.925512188886438381e+00
1.833080225745867153e+00
5.398704804495195297e+00
4.712537388282066253e+00
1.665923629014531837e+00
8.358732652398224161e+00
2.259113005310706690e+00
4.941556024478085618e+00
5.931522962893303053e+00
2.259974773405020620e+00
1.660342551868704275e+00
3.799960442247506176e+00
5.753993833649535539e+00
2.153204392654047172e+00
3.685544764476428536e+00
2.527264285461110482e+00
3.229737959815202952e+00
3.704935683948362257e+00
5.111434949952444740e+00
2.632317567876648390e+00
6.384392860099977085e+00
3.923004884228146860e+00
2.806163187783587531e+00
7.808408184372854777e+00
2.929490687439444851e+00
1.639851520529419737e+00
1.800614997259598171e+00
5.243808083663866526e+00
1.173721089777609139e+00
9.691789394675605962e+00
3.076305536307912813e+00
2.337343699640320960e+00
3.424131346000153897e+00
6.703925507006639251e+00
1.435165848495579155e+00
4.002206829730387661e+00
2.983285344894922364e+00
6.835672937652140568e+00
7.360325863760889931e+00
1.764012701602203359e+00
6.109164878731228043e-01
1.458223883321233538e+00
2.676001230933280794e+00
2.091030089538875369e+00
1.260592102872110543e+00
2.227065918708684311e+00
2.862060659743138391e+00
2.452010079641068430e+00
2.303733306411611892e+00
4.567257364039214451e-01
4.287894609677660007e+00
4.477196925627509039e+00
2.678153423264217903e+00
1.794770288585017637e+00
4.124027996990046852e+00
6.227838164764505358e+00
7.888687043274264177e+00
5.562145620302774596e+00
4.907882182623038991e-01
2.191446200888662599e+00
2.050059866490564708e+00
5.641215964499168400e+00
2.954432536127910236e+00
5.349004615293090126e+00
4.072091830179984662e+00
2.062896920451355420e+00
1.777092504565935149e+00
2.833457850433628522e+00
4.857774683374731506e-01
1.383933204632172620e+00
1.561247230281686216e+00
5.299521955437904275e+00
2.577711351503643833e+00
5.958464395123147739e+00
6.224589689227467915e+00
3.909760287393381883e+00
6.573805172350435377e+00
1.571854345025178068e+00
5.438843413431907692e+00
5.855519057481511247e+00
4.816439235671559516e+00
1.992776513303158026e-01
7.778499352781158116e+00
4.539117142365731716e+00
3.970372720265020194e-01
1.016805933617717095e+00
7.128567320077705105e+00
1.685225428677794124e+00
3.984865205304218616e+00
5.717953124672860987e+00
4.636639444495517459e+00
2.746264073716393028e+00
7.273115912810432349e+00
4.234624399642033410e+00
4.983053279197826591e+00
3.521050127447185929e+00
3.240826207588198393e+00
5.699431538155652177e+00
1.432521387191025175e+00
8.522155548220400334e-01
6.717410355883686179e-01
9.268182160152370619e-01
3.520514921323608437e+00
9.939382681888635496e-01
2.226450936546673809e+00
3.846167113226623968e+00
4.376457884797042119e+00
2.259112926196634952e+00
1.188715444582163272e+00
3.170462306056832436e+00
6.180327699557582877e-01
1.784529336272929090e+00
2.930769385486946099e+00
1.072631802361226461e+00
7.472299908142656655e+00
4.278874305137875034e+00
6.918077773624388138e-01
3.345620804135132076e+00
3.528656781875040949e+00
1.187272346569814285e+00
3.884531435365839780e+00
1.512763494165119793e+00
2.087497236189350680e+00
7.626540913410146949e-01
4.261387796828661756e+00
2.209550384521292266e+00
7.210830270175004664e+00
1.956167620613786351e+00
9.060228073088441025e-01
5.217066321614972635e-01
2.664148100291330312e+00
7.178363475951417882e+00
1.880376868123924572e+00
2.432457749391014445e+00
2.085222348409431881e+00
2.676326899162021267e+00
1.623160662014007993e+00
5.655507106485230473e+00
4.345992002867285819e+00
4.593353294993422153e+00
9.592229025414402699e-01
4.307134449851544922e+00
1.524531016307276721e+00
1.174016773649391832e+00
5.632768726258271741e+00
2.176578047133673532e+00
4.182926723518829881e+00
5.075432599434649639e+00
3.752906611822583560e+00
5.540971232335000884e+00
1.617335178770705095e+00
2.303360202965320624e+00
2.909371299478494155e+00
4.055998984780628369e+00
3.062609177651625991e+00
2.769548819199883827e+00
2.537120739301662820e+00
4.552437395993684355e+00
2.746856927397188564e+00
1.772545869137432506e+00
6.680122428844954996e+00
4.703178951811304742e+00
4.033491577245157167e+00
1.355507957146630194e+00
6.204243656283958686e-01
4.943650482944579871e-01
9.773359388811918569e-01
5.144429961439023202e+00
1.948543092203799176e+00
3.603309659707733648e+00
3.063426581396157200e+00
5.597858521133782794e+00
6.000163841426940259e+00
3.401953087486036864e+00
1.338297691812769585e+00
2.128144278377390730e+00
3.308588205755154110e+00
6.569060516388915083e+00
1.524437382161215160e+00
1.571112049242813447e+00
1.805809535781568442e+00
6.212924985021200719e+00
6.908186469199535662e-02
2.531249836077836601e+00
2.708197197833174918e+00
2.965196032597826381e+00
3.636737951750441677e+00
1.647480376521018641e+00
3.846390828087359881e-01
4.879934285723668830e-01
2.855079303830507786e+00
4.342620581034994487e+00
2.680461916307557146e+00
4.522340090149699954e+00
7.855137973865563339e+00
8.313219838521106908e+00
1.371003718220403345e+00
7.190058841428865755e-01
3.419706047071493948e+00
5.649936089672242367e+00
4.664121111243962226e+00
1.738022438502698108e+00
1.681549338780288450e+00
4.463774508286160625e+00
3.635348812048130984e+00
4.601416100250180996e+00
1.517012121450518336e+00
6.697395783174997064e+00
1.339993771293942260e+00
2.282683964375897823e+00
2.943717573085841810e+00
2.361448807924886761e+00
6.387633008265673595e+00
3.304588029010941952e-01
2.707412833181530587e+00
3.746447917591975596e+00
2.766162243590549519e+00
1.816863573646626762e+00
8.700569279596781058e+00
1.650954347044261583e+00
5.962981029893224871e+00
7.416471453290534477e+00
2.030044904896654234e+00
2.516208840578952888e+00
3.034456566286034107e+00
2.481826663995428728e+00
1.238184027998436854e+00
6.435268469111056211e-01
1.868463617422436940e+00
1.964301532456266042e+00
7.665293583695554913e-01
3.273210121733972411e+00
2.887751009381494871e+00
1.397510315356130128e+00
6.641659979858403062e+00
2.051627983405342359e+00
2.627459217247852585e+00
2.060136555886129095e+00
5.597625998769333755e+00
4.498977323820022356e+00
3.173413158131710876e+00
2.989926473385962513e+00
2.135947112816458215e+00
1.647068776770507226e+00
2.078602116514079778e+00
2.503030973573557194e+00
3.823744753437588351e+00
1.174002011879141216e+00
8.894130843535624109e+00
2.141489119083967996e+00
1.497569763382561314e+00
2.908746874244492742e-01
6.233796892924540423e+00
3.199949587130111794e+00
1.552949149269748474e+00
3.047194043571073596e+00
1.457993215456733660e+00
4.276559312082058639e+00
1.830335725307311145e+00
3.177969214102295936e+00
3.065388009327874919e+00
1.859035464191614029e+00
3.313373044390708788e+00
4.032856410468683706e+00
2.753951345532875905e+00
1.936488213624474763e+00
5.143605249064478357e+00
2.460506508114514546e+00
5.326777272081195669e+00
2.593227285842927277e+00
6.851546394649353111e+00
4.081929199103344175e+00
2.983927033182493638e+00
6.853705062976509055e+00
1.089674634000413311e+00
1.517656462000530171e+00
1.952607605546605285e+00
1.235864151992364990e+00
2.904036629523945923e+00
1.876531425299190037e+00
6.846402964248322620e-01
1.694785997668788680e+00
3.450417616771446649e+00
3.039928987184707943e+00
6.120122310973084012e+00
3.608391968288055640e+00
3.559353177103220744e+00
1.555746026059770193e+00
7.025468213489006075e+00
1.542588447304776178e+00
1.429217232375086688e+00
1.617913366491385618e+00
1.360708836685973866e+00
3.014962417683376472e+00
5.053742958654122042e+00
1.694123058647378999e+00
1.968989341881536292e+00
1.693864634213100295e+00
4.470751839436520214e+00
3.427802590020793794e+00
3.487761965211084725e-01
1.539011738428050780e-01
8.324914630287088002e+00
2.016391156612080238e+00
5.017646746112043310e+00
3.545627186425784227e+00
2.264165355601487573e+00
6.510843358402182979e+00
1.179844191413062182e+00
6.440067831154016709e+00
3.810603919392265837e-01
6.481282711670744767e+00
1.389835548859259751e+00
2.446821854542254204e+00
6.281135625585378968e+00
1.636448749337690911e+00
3.201319541478485409e+00
2.701638027866649416e+00
2.320865847269715676e+00
9.178016343741033367e-01
2.817975339309529037e+00
2.800751012735567258e+00
4.979121666332126495e+00
2.725478922828405981e+00
1.357437551444177215e-01
2.574331932503481912e+00
7.027386535020982983e+00
6.438509464276305216e+00
4.628271900590958943e+00
2.506598049757407853e+00
2.900042775682701190e+00
2.565281901863138092e+00
6.662170814504996486e+00
5.713027791767824048e+00
1.590142205770895822e+00
2.437520473999034820e+00
2.371804735028660183e+00
1.007835634039976647e+01
4.580590793582441478e+00
1.383417377237242896e+00
5.232724758423183964e+00
3.828521600487081455e-01
7.297750947226587792e-01
7.569964771724230879e+00
1.537291123197789933e+00
2.818858857279597174e+00
1.721970505520641570e+00
4.651366171493493518e+00
4.152467229398839166e+00
3.548670961232093024e+00
1.819280332611131756e+00
2.175562564118006748e+00
4.831722901825873606e+00
3.137135521520592274e+00
3.658697082445319548e+00
3.721071904439783751e+00
2.224833746613647634e+00
2.626828535344390314e+00
3.049220865524056023e+00
5.446597658164680666e+00
4.437548300040072835e-01
3.140419819872841245e+00
3.339851802538479575e+00
2.695639424559741038e+00
3.004604473458521330e+00
5.276878730902907044e+00
2.637917399177156952e+00
1.875357309256980853e+00
4.792052941433662561e+00
5.696952759991505966e-01
4.140768613983516921e+00
1.316053865411309864e+00
4.294715420407521300e+00
7.020892482981252236e+00
4.104664423793416006e+00
4.243956761379317655e+00
3.385236272197815754e+00
1.497139960794390490e+00
1.849320837585474830e+00
8.104858875687989794e+00
2.992390511510195861e+00
4.572795111602577123e+00
2.040373950925518542e+00
2.189976481594893887e+00
5.694217806145200456e+00
4.213757707045921563e+00
1.425936365999146860e+00
2.148939823796552684e+00
1.265051168597590925e+00
8.539812042712568996e+00
2.712965486766235390e+00
5.127237384217248284e+00
1.461546172376246178e+00
1.792268503443239958e+00
1.037878779180143596e+00
1.495742932818231674e+00
1.860716586967146258e+00
5.371364389807386175e+00
1.624188493199693717e+00
2.544845816283471063e+00
4.615801444599421544e+00
5.954979360279928358e+00
1.140325354356628740e+00
2.916272879460751533e+00
3.431732808795395329e+00
3.317833934995357836e+00
2.570319515542217381e+00
3.244636752580503991e+00
6.945236199624768680e+00
1.347302948245023835e+00
4.952217808596656390e+00
4.156606105869445678e+00
3.628306208356630869e+00
2.239218296868740854e+00
1.829691311073089466e+00
7.580844169014971934e-01
2.735564538476961349e+00
1.733215069132553854e+00
3.253755689247372906e+00
4.474642240930929660e+00
5.952967532711437748e+00
1.988016554393108537e+00
7.366607367046553723e-01
1.339129055916662203e+00
2.838924519784176148e+00
1.510660485315973300e+00
6.408875156296576669e+00
1.877601196237942194e+00
1.178819805030860257e+00
8.372644099019821429e-01
2.522469352014621524e+00
3.159610020427786825e+00
1.947797135276611247e+00
1.507831071845062487e+00
2.009027893006962273e+00
2.174806806597844311e+00
3.450340464148953679e+00
4.932479535258647019e+00
1.002654927034632326e+00
1.786337087274360469e+00
2.954863728336238005e+00
5.883606000297705307e+00
7.893251246162463985e+00
3.406884869588793219e+00
3.090033047443042857e+00
1.915362315148651406e+00
2.331014081234228374e+00
5.194319878500123444e+00
1.297325117306555864e+00
1.708511970692872639e+00
2.673922774151968884e+00
3.652216594650416592e+00
2.076987727235861225e+00
3.179183543161150816e+00
2.182225941093526078e+00
5.761488050066292388e+00
2.210589896364907325e+00
4.433107162994704531e+00
4.211248943866981342e+00
2.547885436096382517e+00
1.672504464946808156e+00
1.149033247988823225e+00
3.340079548161186462e+00
2.697223382993158558e-01
1.333524626219980469e+00
5.119078439583717888e+00
3.210745519664743863e+00
4.257310599782346827e+00
2.878930600226813574e+00
1.786991143545938909e+00
3.587849916209472578e+00
4.867690140207648675e+00
2.573887123787761855e+00
1.386390761192975329e+00
2.609935751584374630e-01
1.702922696457773277e+00
2.745401160025832787e+00
8.057122815994052223e-01
9.485463399394868489e+00
1.935893921532915840e+00
1.482531522566288507e+00
1.566435994687432665e+00
6.836340098979055035e+00
7.146712672419438306e+00
3.764075890807823122e-01
1.439112651264114584e+00
1.887165064002688464e+00
1.825154962390657554e+00
3.715843707821133268e+00
3.672410512680607031e+00
1.295622629975874185e+00
3.687529122568721007e+00
1.531803178958733191e+00
1.985360568985699903e+00
3.149522967607406354e+00
4.824103117666392215e+00
6.559261166313624436e+00
4.182763985418900710e+00
3.177135467380244105e+00
9.979774490132360398e-01
2.279827420977832197e+00
8.121434870044555998e-01
3.302910811231321020e+00
2.684804373412390976e+00
5.965242058795838798e-01
5.094645264988388433e+00
1.345160580896595182e+00
1.277041629663322020e+00
7.437149412469951315e+00
1.322968843306777886e+00
1.922233727227100619e+00
5.398234192177668866e+00
4.493050797892788495e+00
8.141653756795129482e+00
2.848160977453681131e+00
1.893274943241343822e+00
5.117593675359510819e+00
8.359236368076151669e-01
5.501233866906691805e-01
3.381216457744551818e+00
6.276356185887970618e+00
4.854741817723549957e+00
4.886389784139030468e+00
3.847958484756816566e-01
1.140561250880397726e+00
4.227150187570074991e+00
4.022329811647668230e+00
7.796186879811325410e-01
2.548082190659955781e+00
3.867601802179471360e+00
3.248320514347853738e+00
1.967763257074706118e+00
1.688493290652390844e+00
4.512013286635153664e-01
2.810088079205386169e+00
1.554223339080824884e+00
1.717023916778842363e+00
5.191057968069817896e+00
6.010249870998690014e+00
2.861138295432901657e+00
1.857320129187409741e+00
1.720393429853806611e+00
6.918350098667753301e+00
6.619512512314008390e+00
2.326742566770878540e+00
3.423280319113999770e+00
3.559421658612760275e+00
1.767622922088195603e+00
6.093947672786963032e+00
4.960731339207517188e+00
3.975385785839199215e+00
2.507742879448700890e+00
4.118557749708337212e+00
3.081162408008568221e+00
1.959246399969860164e+00
6.220126509680702576e+00
4.010530345332033342e+00
3.456600103525825585e+00
1.914617299093673841e+00
4.682578056109726994e+00
3.419412447924786935e+00
5.711836008582708679e+00
6.346926749129902845e+00
2.589605366317317081e+00
7.402246335804617772e+00
7.657619758347724570e-01
4.716159913915545232e+00
2.593442657604488666e+00
1.495241031431571832e+00
4.980666841283028390e+00
7.042505993419454491e-01
2.307089224821775808e+00
7.316538436629629771e+00
2.564217427466249699e+00
2.392976910474416297e+00
2.621139611257890412e+00
7.651880388830151203e-01
4.428811153767356679e+00
3.915063106756083045e+00
3.770582428258597130e+00
2.150762240321401730e+00
3.393322668597450242e+00
3.089277122308849766e+00
1.570099691624366356e+00
2.920279226293096553e+00
5.455203324573548507e+00
4.951821707585183141e+00
1.749438581690977434e+00
2.319858385759957287e+00
4.895814425167682948e+00
1.805612738181710863e+00
1.634213179306003738e+00
1.136971314605809802e+00
1.638660066951856731e+00
6.089004736360467129e-01
5.914099499628128420e+00
2.293157911015558437e+00
5.373604056685626240e+00
3.018748615428072490e+00
3.621736940786613346e+00
2.754393227726421589e+00
3.104647863883704950e+00
3.263661865606262591e+00
9.434677793807890733e-01
1.746130052921355036e+00
9.283301146429221440e-01
2.017728614596185022e+00
7.623244585343049273e+00
1.224193412689003058e+00
1.348219424934525179e+00
3.682383109513493125e+00
3.156451905976104033e+00
3.176239885396054063e+00
2.398730076854007631e+00
8.397340310552802167e-01
1.407928424336777784e+00
6.799210793379976359e+00
3.277322608841958473e+00
2.958160289408572341e-01
4.623357125707994619e+00
4.681544548546168194e+00
1.846968714662238220e+00
3.344712412368450849e+00
1.045591317419834132e+00
1.003922954329405481e+00
2.913441686775757322e+00
3.229405314801932381e+00
1.863964274773824981e+00
4.077959147907621151e+00
3.810221981230855093e+00
2.448485172795248577e+00
1.172163732810328707e+00
5.143995527371381549e+00
3.128872188801302689e-01
4.377111316282253028e+00
9.182519766838531661e-01
4.167298512677838573e+00
3.258120700995603247e+00
1.541400243565694828e+00
2.513168180758568848e+00
2.459332378625043170e+00
3.576592532374171185e+00
1.054943261725323156e+00
2.836251588315364724e+00
1.291896444339382111e+00
2.413706563613220890e+00
1.599208518966732884e+00
2.603914633465917117e+00
1.562716926349083213e+00
5.343545680383249064e+00
2.242718164329938091e+00
5.307802372489567766e+00
5.273674641081820269e+00
3.682852870238827681e+00
2.343069536957601784e+00
2.258342879643167045e+00
5.935002820190511841e+00
5.324786593664421197e+00
4.121523447877066815e+00
8.486230789382352979e-01
8.803148805300156088e-01
7.120600493508866258e+00
2.649061656575036672e+00
5.102013223322409807e+00
1.551535526720841940e+00
1.326197618791882693e+00
2.808095266730782136e+00
1.139374329195246949e+00
4.056404885158332085e+00
1.486161531560968641e+00
2.637258821529546271e+00
2.736980700831065150e+00
4.096500869239101839e+00
2.663054318994223735e+00
3.498620692905929808e+00
6.220913590031414309e+00
8.128478167694497714e+00
1.788828223969340936e+00
2.186801657515417219e+00
9.957056266388487620e-01
6.664987115217320124e+00
4.078287269911320956e-01
2.918435253301582044e+00
5.872940263309037512e+00
1.263638529347824946e+00
3.180006468702724742e+00
5.029727126666715620e+00
5.168288426773063549e+00
1.923583044878267145e+00
1.773231646732656097e+00
2.920243258311385315e+00
2.103875226600786963e+00
4.354737145768044493e-01
5.605445153868810593e+00
2.073174093271572094e+00
1.579559608785115810e+00
2.683905052023156657e+00
3.944819407750772111e+00
1.749107570994449024e+00
1.519686231315481306e+00
9.795865076212174616e-01
5.281745260854046720e+00
6.315578343363651648e+00
5.248813371011713080e+00
5.059824333384464801e+00
3.031965136455866627e+00
2.506584510704622293e+00
2.881258498246886735e+00
4.182443657220646038e+00
3.783975217967478599e+00
2.275770870937063872e+00
7.289264227201729618e+00
1.509402940565343076e+00
2.446536288415410709e+00
5.230623120584712460e+00
4.486246761637877611e+00
2.189878340375748245e+00
3.145787850792615803e+00
7.533025599431294239e+00
3.190923193848871353e+00
2.366018341019665794e+00
7.844626163035547606e+00
3.085182901072320849e+00
2.438062693947148141e+00
3.278493771568701920e+00
3.459539484612992322e+00
2.131711947498883486e+00
2.368508474735076419e+00
1.080923085373417081e+00
7.210671014477367802e-01
8.315517651916977115e+00
3.605245938448159659e+00
1.583090230366972273e+00
1.160582443260753882e+00
3.325679749897014759e+00
3.537490350715707166e+00
1.182548987800639440e+00
4.067085757618780661e+00
4.569903326440266866e+00
3.737682683901510039e+00
2.355217954224629207e+00
3.246126104429142512e+00
7.958251059050046594e-01
8.491436614250757131e+00
3.634365329704447145e+00
3.515525642140974405e+00
6.995340151453931732e+00
1.103928167312446362e+00
2.508022532252482062e+00
1.225948263212667255e+00
2.250324303770819157e+00
1.931457382759386388e+00
3.145122409884146819e+00
5.104769800917269507e+00
3.346597949091000501e+00
6.894000784397443793e-01
4.600697992602939657e+00
2.736871964501739640e+00
3.697192771579097315e+00
3.933496031097407197e+00
3.016048328391884414e+00
4.864972589431400429e+00
7.533590475220822924e+00
2.433767748989589474e+00
1.000752277161325132e+01
2.704008194260645759e+00
8.875013573055154925e-01
5.205274755340570714e+00
2.020310925492638798e+00
3.330687253309726259e+00
3.143002281820847621e+00
6.858872919097088072e+00
3.201545639289037126e+00
2.944060527534620775e+00
2.140247874306975717e+00
1.942592667657326411e+00
3.732661135800497965e-01
2.307510138702462132e+00
1.651327301718304108e+00
1.807418457194058137e+00
2.964565022844825481e+00
2.282200102318322266e+00
6.583450495010665371e-01
1.875775092453973780e+00
1.667670928569607414e+00
8.681211882288343284e-01
4.733199763549641226e+00
2.415241289096491606e+00
3.397148068334910231e+00
1.876796740775269923e+00
3.488675572541412695e+00
6.074970836674523866e+00
5.139170402748151290e+00
4.445364449815349062e+00
5.876616032223278552e+00
4.828184053987826907e+00
3.110265134242814256e+00
1.796308495195950261e+00
1.211345117503104030e+00
1.250048928725148834e+00
4.132409513229132081e+00
4.824278448509714323e+00
3.183845001384887574e+00
2.614761528524956802e+00
1.245393484030555165e+00
4.033569580727048631e+00
3.633678859580751208e+00
7.731667029024436921e+00
4.729120248650213298e+00
1.652551878961331155e+00
4.946426035776458896e+00
1.582247340503621480e+00
4.528528730569839844e+00
1.963044249922113904e+00
4.159372222829002652e+00
4.660193371849147503e+00
4.360654740653847838e+00
5.197919247405016208e+00
1.409508458281502952e+00
1.350838021333224948e+00
3.423994937706269948e+00
6.394178998543957881e+00
6.010044010901091305e+00
3.566404315127224667e+00
4.017649099865551854e+00
1.683427440977925960e+00
2.253925546986582873e+00
5.355218352163959139e+00
5.799168115932896939e+00
3.207691285966827177e+00
1.396427683223149696e+00
3.231420558767554407e+00
2.761609606972106334e+00
8.654603319691966945e-01
1.934093457219759671e+00
5.950616419012743075e-01
2.853654738220581688e+00
1.831426018980961246e+00
1.727022019258997121e+00
5.165827153145195361e+00
2.700415239709199611e+00
3.669127683407021223e+00
3.573996699162954815e+00
3.590412689818414549e+00
3.489404771486470214e+00
3.792213993391921889e+00
2.858406330174271925e+00
1.870559590696350361e+00
3.288141133394230753e+00
4.707203804912561296e+00
3.117555327308049851e+00
2.444284258225979389e+00
2.100142732214388630e+00
2.683298732796946862e+00
8.907460654316087245e-01
1.344773907622710984e+00
2.915092855308902831e+00
4.019429353992486575e+00
6.642303301013727790e-01
2.420648596215459580e+00
4.628179095919802144e+00
1.938875989071369599e+00
7.625937793514183660e-01
1.122932307162898047e+00
5.901346608102041591e-01
1.745217747865595248e+00
9.414172464918449945e-01
4.289372265657980243e+00
6.272299266030567644e-01
3.843586828601609717e+00
3.210671073805477782e+00
6.883468449805130618e+00
1.957155348746568047e+00
5.422283889470571161e+00
6.481736022316538559e+00
1.184201266863336155e+00
4.927432146615206676e+00
1.945765084017522017e+00
4.762974571206978425e+00
5.443181612412608672e+00
4.508463976430219233e+00
1.481482191146028526e+00
1.118406940780327874e+00
1.154172328427158112e+00
6.539138419668373281e+00
5.648454733253154281e-01
1.229526187292908856e+00
2.131321742872856362e+00
1.278909918882494168e+00
1.278571628473318178e+00
1.758905311657402937e+00
2.923763558297516774e+00
1.255390070177384132e+00
7.967933867228688127e-01
3.960623493236244741e+00
5.051492686872719240e+00
5.532732933741624670e+00
2.857130262858022629e+00
2.458012629085499778e+00
9.553854850039614766e-01
4.623176710775581455e+00
6.127410466140434053e+00
9.245412287912481375e+00
1.824170710660712791e+00
4.362687567791804888e+00
8.545719802923317232e-01
2.107561300985212327e+00
2.867320391647481426e+00
5.293658084933375640e+00
6.416770122506326501e+00
7.354002154701160254e-01
7.754844261744452405e-01
2.270836604364915523e+00
3.720059776962729714e+00
2.190456930224964793e+00
1.076647184538039648e+00
7.237719142892202306e+00
2.342386734716728203e+00
3.502843155520210860e+00
1.113726980309658554e+00
1.915694110090673030e+00
3.073453558749918990e+00
9.467967818053641960e-01
2.130179260258565854e+00
5.762820879851303424e+00
3.794126998128848793e+00
1.122010736141950238e+00
4.236781550998813262e-01
6.518711558087348479e+00
1.660947043319666694e+00
2.270041093884476613e+00
2.907599562201238275e+00
2.675142833851286372e+00
6.070429989968620710e+00
1.799330740003316942e+00
3.147906128142926807e+00
2.149816561382662528e+00
3.996298738620799540e+00
7.561019976911246054e+00
9.490210849169109508e-01
1.294836757020560336e+00
1.465296926826952228e+00
2.483801061546201616e+00
2.889514349885499378e+00
2.769403776417549867e+00
1.949224758033043958e+00
1.963214293615167971e+00
4.177225613538015025e+00
2.876986649171085375e+00
4.665975145351934472e+00
6.676342136184677756e+00
4.020267820616403753e+00
4.401440395231403180e+00
1.666977901807760398e+00
3.162125379092421529e+00
1.404726631803210335e+00
2.258709653215614566e+00
7.686892805040481669e-01
2.549846519327037431e+00
4.909751888365226691e+00
6.105014584219808249e+00
9.197764121245367575e-01
2.601037476889122235e+00
1.253242821179419542e+00
4.917148655340176866e+00
7.023094395992676153e-01
1.139321929086366980e+00
1.202902040708265785e+00
2.115748685593545009e+00
3.340054251223861126e+00
2.563645522454757408e+00
4.495171448090152566e+00
3.561848299946072327e+00
3.111868004807027077e+00
4.230949448970445559e+00
1.272128423212517401e+00
2.829982259566778957e+00
2.826094969539238999e+00
5.715380228008913654e+00
9.842911107534938253e+00
8.960805757367642954e+00
1.894645148969053228e+00
2.644435174588336324e+00
1.816939591135321441e+00
5.568584293012875719e+00
5.084415447804968125e+00
1.824891048327514476e+00
4.694156068026958395e-01
2.500926546826828911e+00
7.103137636861055704e+00
3.593977761517439085e+00
2.205255354870841344e+00
5.993107077206548894e+00
4.603557068840126831e+00
1.409079562814826492e+00
3.967210118587313206e-01
1.362783527801559869e+00
4.311956550764305618e+00
5.137692991520707686e+00
1.155682787566570724e+01
2.835886908551043639e+00
2.167141138116464916e+00
5.862515558768608415e+00
1.386120908416799802e+00
3.895842496907213626e+00
3.131955931870285870e+00
2.593663631197066444e+00
3.749375945725609283e-01
1.214393940296193852e+00
4.260004322632029994e-01
1.776385412152877041e+00
1.043776466980018913e+00
2.579769538338753776e+00
4.186616626668367758e+00
5.450521758390870275e+00
1.889776554926730467e+00
7.406857000726179585e+00
5.862306351372740920e+00
1.665451568359423540e+00
4.485798234915695737e+00
1.666509702492535716e+00
1.067967907321036414e+00
6.221505241977367540e+00
2.799389073220397872e+00
2.444163963235306269e+00
3.392684291853862444e+00
5.786956381443064679e+00
4.070728501987396442e+00
3.770958211892670331e+00
3.396790589091366108e+00
5.432504607339378566e+00
1.596040766943735090e+00
6.273977768500413887e+00
6.332881043853716641e+00
6.683951720737012492e-01
2.341847291035820788e+00
6.967604343432523883e+00
8.676347434817891724e+00
2.900691288595992567e+00
1.707279706922413487e+00
5.041358293029711390e+00
4.183071037910742085e+00
4.464706789498746886e+00
1.854047759013088603e+00
2.300263931697726694e+00
1.882075037009824481e+00
7.185908663558622234e-01
4.791450801478092991e+00
5.035203550048187537e+00
7.330789008223579373e-01
2.452500685952253345e+00
2.493501009903918320e+00
2.927087215294034817e+00
1.661148156742662030e+00
2.480751774898304785e+00
3.329313060426237758e+00
6.083838614312270243e-01
1.324611602759804940e+00
8.346587080401870473e-01
2.293886248756364932e+00
6.866127109528535222e+00
3.490522774346695112e+00
2.497799995534155659e+00
3.730946154193781616e+00
1.834603291289158777e+00
2.776957599857950765e+00
2.911698015511064774e+00
5.219148635278597403e+00
1.034115104883271075e+00
2.349019905250934404e+00
4.558976878091854701e+00
1.649195005144345583e+00
7.349711704230879050e+00
2.005231699493112085e+00
1.603684362061182478e+00
2.234910543945553663e+00
2.905850180425189944e+00
9.110074752678471555e+00
9.396612435278007824e-01
3.702232222736929756e+00
4.364298756679801272e+00
2.563512935748147203e+00
2.928638779894908950e+00
1.850702586633347746e+00
2.388884160004425716e+00
4.778837764278387468e+00
6.496346461450777987e+00
1.266362828172672428e+00
1.790316255404880375e+00
4.789764505749878332e+00
4.773615662642154867e+00
2.375840578038040274e+00
2.322559901385607528e+00
5.981359672630485846e+00
8.498052677420327328e+00
3.404104009566841782e+00
2.596305611063719265e+00
4.803570682863679053e+00
5.862232881741298307e+00
3.583447879695536464e+00
4.319545944353794020e+00
1.557589763515338621e+00
1.274783027727868667e+00
1.520196954940746359e+00
3.468110996514354838e+00
5.216849107176936506e+00
2.625485289145664147e+00
2.131991723937762817e+00
4.026147905122354764e+00
3.535059771181602084e+00
1.772724925486599101e+00
2.618898270748906132e+00
3.661498691322172316e+00
1.663832162926215386e+00
8.087668393214224594e+00
9.355508722376837394e-01
1.188116074395042254e+01
4.209270168776500398e+00
6.023815335206792021e+00
7.002818742510513950e+00
3.082342224527256480e+00
1.527265667291056506e+00
4.497418766478189944e+00
6.993506676955937529e+00
5.266239943414228186e+00
2.156301193389051907e+00
3.170536373690555187e+00
1.552437641856906581e+00
3.174177259105031901e+00
2.244675084539488275e+00
1.223287636026167302e+00
1.325299642340538542e+00
1.526400529569301279e+00
2.001438786948627424e+00
5.820034392873052465e-01
4.481842770832076717e+00
3.755397854879703345e+00
6.965837381377311566e+00
1.877266756394341263e+00
2.973808062539692099e+00
5.139651408484450457e+00
4.291767004542434982e+00
2.800424217338421506e+00
4.502398311323794644e+00
1.596896651775258746e+00
5.522292878734118560e+00
3.490322764319601312e+00
5.096624270698435488e+00
3.622859434337737383e+00
6.934068287194546265e+00
4.485494036303883547e+00
2.294419415245685379e+00
1.585915135119949415e+00
2.841063345056342282e+00
1.894483950987427834e+00
1.321622787002101340e+00
4.059784513708818210e+00
1.655480539789007333e+00
4.183128955411389072e+00
2.349397395502022423e+00
1.710205614182971567e+00
7.119866493894172477e-01
7.229333516366303058e+00
3.825054523194719280e+00
2.272851954004874830e+00
2.525843105386261556e+00
5.083575877951044930e+00
2.312315671785527993e+00
2.797124629889236047e+00
6.663805056858484122e+00
2.224502809409767412e+00
6.768803019771164386e+00
1.917158708059336414e+00
2.885880716003264013e+00
7.722645722211864960e-01
2.966269006551112142e+00
2.873933575973211529e-01
4.263759519351765448e+00
9.137975716195184672e-01
4.173895547753638802e+00
2.763959022570265933e+00
1.971022034590554250e+00
8.720179544012135464e-01
1.285302052034723808e+01
9.258952132763728082e-01
1.228452515965448244e+00
5.105280045577162973e+00
4.560892423816437224e-01
3.014120839798029916e+00
3.880867383723746844e+00
4.726535723807868905e+00
1.337987723091061509e+00
2.263577950127062532e+00
5.212935733828584439e+00
7.474498163668376272e+00
5.535503759500245424e-01
1.504149446900948650e+00
1.610814050408738707e+00
1.368430390167793442e+00
4.403869466569503288e+00
1.707914318124491793e+00
7.152659558105480819e+00
6.868370331400919682e+00
1.397478950560891331e+00
5.375749429248263489e+00
7.744649459219414389e+00
4.957274169791188179e+00
8.283416649379928831e-01
2.288183270052864149e+00
2.812060401614817184e+00
9.230116574756903614e-01
3.523258860344635757e+00
2.465891653325611887e+00
5.981210758975888941e-01
4.982819962960388871e+00
1.273717029332461559e+00
3.228597458038481527e+00
6.847445861605580220e+00
2.671637453550897767e+00
2.802229095060072783e+00
1.437050978014290159e+00
2.004237423195301293e+00
1.685718905122102207e+00
4.649431412338611125e+00
4.725203064756619220e+00
1.632266616648003765e+00
3.505800514674764390e+00
2.148864006711844965e+00
6.378836405004250087e-01
8.210032862139190257e+00
1.213768041632854011e+00
2.748155342865168382e+00
2.437504060221513225e+00
1.070288129459438631e+00
1.366516085196638475e+00
2.367705455197167463e+00
2.226386198105404723e+00
3.606454310474785707e+00
5.042778382077501398e+00
1.194010366350049202e+00
2.530994005412301906e+00
9.665481426288031752e-01
4.104269807734103104e+00
2.221442817745629572e+00
2.569253755305785258e+00
5.973556690466449437e-01
1.942463144014693111e+00
1.466526598075353460e+00
2.566835991966692099e+00
2.108594621501222566e+00
6.482821144982537476e+00
6.492767808651460637e-01
6.600958594078349506e+00
2.674128544382598172e+00
4.006748026377280780e+00
4.762375433817865655e+00
5.546954516917227629e+00
4.044920386264901246e+00
1.749827498190983377e+00
6.697007077719922208e+00
2.066940276076489447e+00
8.081368298808961015e+00
1.468858829222797535e+00
2.896210055307599784e+00
1.518896774571799613e+00
3.436656323443997518e+00
3.004574032910550585e+00
4.425199948917369674e+00
5.893758662458835396e+00
2.356137709382712053e+00
2.890159802036155412e+00
2.367848103366318124e+00
1.006789902733579378e+00
3.267569925012058452e+00
2.510994823200924042e+00
1.336002253827581088e+00
2.035334873360199914e+00
5.872015892232982814e+00
6.598425200203443808e+00
1.365975372419649725e+00
3.788529425751321789e+00
5.096678730546383207e+00
4.005679738311566318e+00
1.331978609571816019e+00
4.949153847947533436e+00
1.053856331154894521e+00
6.593322587326253981e+00
3.914480841692137059e+00
6.324513632152740428e+00
3.012079712905310291e+00
2.413838751436034435e+00
6.160438249780910702e+00
7.115510463906645100e+00
7.027516841020714500e-01
4.968131033505672534e+00
1.688462152846991193e+00
2.584571630771570927e+00
2.613927768596433499e+00
2.503912781466629323e+00
2.945597871444676663e+00
4.199113782282655194e+00
6.106359153036714282e+00
6.967826253803053760e+00
1.927390484175572460e+00
2.739135838348647045e+00
7.610540735174604166e+00
7.616383455279405190e-01
5.191406543462073309e+00
2.562302577301983852e+00
2.483722614561211905e+00
3.653749130430736791e+00
2.306660725578784543e+00
9.375199659635051752e-01
1.038704077395742553e+00
4.075195326574132082e+00
2.944457410968496003e+00
2.903076034355482449e+00
2.154292186084253213e+00
4.649408888870443235e+00
2.099702161062443562e+00
3.322041222031823615e+00
6.235115961779054139e+00
1.085391008913777044e+00
1.726068090352321338e+00
1.913481579218056616e+00
9.076172814786157561e-01
1.418772912627956018e+00
5.779502188715787803e+00
3.031060204780532952e-01
4.575197159248934220e+00
1.414008422068664172e+00
3.884596130884605536e+00
4.973476456576999105e+00
1.009572697701589972e+00
6.505762907683853236e+00
2.993810805737256775e+00
5.702508396403892732e+00
3.167748861836787277e+00
2.174721410301587277e+00
1.251857695657453862e+00
3.375482955557524978e+00
1.861830197092438688e+00
1.570010566033585020e+00
2.324099297767731276e+00
1.905805779556510871e+00
6.009452741277693910e+00
8.078832439231511398e-01
2.297727176122473125e+00
3.181909826217604653e+00
3.884485775280552389e+00
2.193051868530028869e+00
1.057953834741962140e+00
2.498009863726977198e+00
3.177242490292298882e+00
4.398457960702091829e-01
1.676045884486490944e+00
9.041860524203463312e-01
3.131161335467191886e+00
2.535596125024781156e+00
5.340862424440823153e-01
3.466505016034767461e+00
8.356236484253886099e-01
1.124267102021440534e+00
2.556210573271379349e+00
5.397766745567325941e+00
1.940718105225167855e+00
4.791454269410592381e+00
2.141183334326565380e+00
5.621195442749717053e+00
1.374009539569258420e+00
2.097995801461394194e+00
3.628147221325572769e+00
7.688090323810108373e-01
6.407894354493451239e+00
1.600640189539492386e+00
4.023296169458900340e-01
1.442607025736849957e+00
1.003791180414616901e+00
5.578766787473401045e+00
2.652366555797285752e+00
6.752207533756866553e+00
2.070437041792268396e+00
6.884404076469171407e+00
2.564923083065598242e+00
3.756381448974295711e+00
7.658780291815523000e+00
6.516734184274953989e+00
4.761128035762928867e+00
2.068705602129350840e+00
2.219018096176540222e+00
6.465999545881498278e+00
1.720889905983644441e+00
1.002286207337547363e+00
2.840686955435717920e+00
4.743909944957763969e+00
7.978789634606399117e-01
7.133424698364985161e-01
4.546824716828570700e+00
3.049575019484049854e+00
7.637247873363243178e-01
2.301038755829869054e+00
2.646328503143340338e+00
6.778436416070888759e-01
4.902542682060263002e-01
3.689095895822402049e+00
3.564655465186710614e+00
1.441367744087639347e+00
1.299317203126312492e+00
3.006870044646429818e+00
3.836345283700388631e+00
9.928309531538445087e-01
2.888790506309693029e+00
4.566548963017406315e+00
3.720304103637727788e+00
6.264662801097840017e+00
4.189119435363434008e+00
7.294705966085638593e+00
3.704809175551846856e+00
9.515649729625016207e+00
2.969482303729844563e+00
3.030782914604351230e+00
7.815260634630959657e+00
1.953573767540281336e+00
5.194576112741215113e+00
2.125218499778844805e+00
3.703019603138255622e-01
4.360956145224676561e+00
6.695437474248545406e+00
1.800808949279363746e+00
3.423859994333493972e+00
4.169159341953538878e+00
3.756313281056975928e+00
3.858917413507108929e+00
2.101258524413894602e+00
7.346944728983584305e+00
4.105632271314187953e+00
1.586329806792031283e+00
3.241556503394128264e+00
9.841682240769714651e-01
1.085852941139769934e+00
4.266204366254015667e+00
4.710959501569169205e+00
1.729248972523643957e+00
5.119547752595418721e+00
4.056202080378896291e+00
1.404672724859778121e+00
2.044674570988165740e+00
2.650064746471791022e+00
8.440589376088352580e+00
2.753436082071114566e+00
3.796566478841667092e+00
5.805856957899528936e+00
2.446040431908753199e+00
9.299940048909914880e-01
3.168920228014436624e+00
6.011657818609223991e-01
5.378170751814430162e+00
1.892753563199946809e+00
4.046138060030535777e-01
4.877298839195979951e+00
2.202321131706400426e+00
2.535663820905833532e+00
3.576187548456568166e+00
4.315750367471124171e+00
8.907469986808946416e+00
2.545370156614112034e+00
2.093869405516871840e+00
1.567410042617838339e+00
5.366402848311813578e+00
1.320803116997490978e+00
4.313470936181944104e+00
3.307318320381618104e+00
2.794034536672898028e+00
1.101091188107611973e+00
2.629979294963753045e+00
4.477304775342116017e+00
7.334739620041052177e+00
2.678764362236492502e+00
1.011640630822873588e+00
1.130030810538392938e+00
8.395190395496037183e-01
1.372144162033955839e+00
1.430393254840127248e+00
4.427659983431683210e-01
1.586577142160470411e+00
7.278791187873792090e+00
3.259495971079488186e+00
1.540353741373804874e+00
1.702510678971994151e+00
2.965898471549532456e+00
1.733656637632329911e+00
4.113794945384302570e-01
5.075310468538139830e+00
2.240703356617836040e+00
5.671483682409143690e+00
2.935498736456155999e+00
1.688613101422885565e+00
4.644232642898664665e+00
3.738597336285191197e+00
3.864285692838576924e+00
5.825532648050419482e+00
3.271999080163435103e+00
3.968892863451860542e-01
1.252782348756854125e+00
2.921101907290381661e+00
6.445708600770746699e+00
1.342552485963928399e+00
3.475906877460420930e+00
2.021511951434727394e-01
4.319193439520146782e+00
1.029195456043580759e+00
1.653765067412384937e+00
3.532670844679697719e+00
4.396449890536588967e+00
1.716866759319611413e+00
5.797651091604253182e+00
2.938117762733027938e+00
8.358877968572627992e+00
1.004665656302436094e+00
1.181674996658619525e+00
6.781184187198453506e-01
4.478910976585433801e+00
1.785601066056529795e+00
2.025899701243670137e+00
2.516386946229602017e+00
7.050575866216913568e+00
5.565679638216243230e-01
1.219393856843047352e+01
6.993172577128680345e+00
5.508442392197919091e+00
8.139733370495765286e-01
5.408430741034168321e+00
5.943537931606240221e+00
7.590574901371375027e+00
3.826980739943968590e+00
1.008277471359357191e+00
8.642812195778329709e+00
2.270316019471071645e+00
4.061883442687599377e+00
6.506326904954515378e+00
1.932187762932622732e+00
2.239449054859907751e+00
2.525680497675891978e+00
8.973793961538039099e+00
3.437686205130914274e+00
4.666571329567955062e-01
6.459831104403054303e-01
2.428142639458845231e+00
4.319867463502290228e+00
1.819196541655741406e+00
2.067668058747949011e+00
1.191753452008105008e+00
1.678972317461786989e+00
3.030678102357118320e+00
4.204815379119121843e+00
4.541376167488222038e+00
5.027716659603974847e+00
1.382447856628348459e+00
2.447667578199408389e+00
4.095411499500412056e+00
1.530285476580341086e+00
2.706878924993106228e+00
3.616256252849699315e+00
1.085181409594797808e+00
4.658462491662000993e+00
5.824181204589171656e+00
3.731484034044009745e-01
2.817541085719910576e+00
3.741232624071771706e+00
2.198571114980386376e+00
5.276200437525186082e+00
2.768843690729835938e+00
2.998148783587982980e+00
7.738682060565008625e-01
1.272249915900763417e+00
2.895310365990671375e+00
3.720049442323067890e+00
3.509916440521697822e+00
3.711326854259505703e-01
2.931489454679794271e+00
1.719513002330552487e+00
1.159983821652336822e+00
2.804509334047543767e+00
1.057796339268934460e+00
1.279197494535787349e+00
3.986491877125124539e+00
4.624996666246853572e+00
2.120014717097562507e+00
7.011892316591723961e+00
4.590260236343704392e+00
1.035545788184575766e+00
1.467903492099915885e+00
2.361403839284144102e+00
3.254952901587222946e+00
1.149711511472155001e+00
7.111019163666259857e+00
1.770151471110794406e+00
4.334982714508397450e+00
7.330965113181288295e+00
5.747226020978267513e+00
2.937532160525825997e+00
3.581609234034744738e+00
8.113656332941614480e+00
2.626324476448235412e+00
2.109360031678095382e+00
1.352593298365341035e+00
1.924629391662692202e+00
3.540968125599267324e+00
1.718123685093481567e+00
3.269961866964889108e+00
2.740282859859311415e+00
7.768051519668492055e+00
3.307777209231575366e+00
4.240623278584226163e+00
1.968391283827733540e+00
2.743841011513405537e+00
3.077672779026221939e+00
1.954186702976371537e+00
6.979322895296352414e+00
3.443220762402587898e+00
7.404461893764752167e-01
1.093778153524788133e+00
4.542257920897650791e+00
2.861247995183818560e+00
3.070468540807087088e+00
1.212914089023597430e+00
3.167698589804218479e+00
4.657688169997562966e+00
2.143760093964846014e+00
5.736521654444013407e+00
5.456313942201396650e+00
5.488322430278525843e+00
2.298119860598250686e+00
4.815020635639945645e+00
2.448456842472058081e+00
1.495525311719836381e+00
5.845244791182133248e+00
1.716078443024663169e+00
1.859015616485315103e+00
7.676524657630173998e+00
2.046794762472366358e+00
5.045311894391494079e+00
2.385969516464395035e+00
1.936719344769037621e+00
6.191499959544021436e+00
1.029534612928862503e+00
8.213781529439329043e-01
2.040922873891730216e+00
1.455204594099284821e+00
1.308681013019574513e+00
1.070900263790832030e+00
3.020860885813918095e+00
9.368270734879982076e-01
4.489502553438815546e+00
4.679598983468198359e-01
3.767202480175493751e+00
4.181373807143595300e+00
6.763121381116385500e+00
2.055793025993446044e+00
3.844598079976722538e+00
1.950746439467832438e+00
7.340427426445691461e-01
8.184618375200893858e-01
3.339272418419212407e+00
1.861129391547599266e+00
1.430749932399794755e+00
4.783828124614305288e+00
6.567213109246629266e+00
3.898948841992725178e+00
6.416217566814507167e-01
3.246429818287690949e+00
2.125228121051129015e+00
5.271669291135839153e+00
2.682555637199462772e+00
6.706444581611416211e+00
5.395264556341478723e+00
1.153129424823002624e+00
5.392184827502289224e+00
3.857273477970776021e+00
2.751049699343692367e+00
5.269957237358625868e+00
2.110205153321353055e+00
3.522070020643675914e+00
1.173101383841888001e+00
6.231664574669086853e+00
2.115612223430701544e+00
2.347957333172761007e+00
3.397480274158411806e+00
1.027447257079620035e+00
5.156508444300116345e+00
4.098555113018149676e+00
1.594971313047680361e+00
3.034386912852989227e+00
4.725368924501565537e+00
9.443797376871642113e-01
9.190713798300352844e-01
4.957479596060944793e+00
3.571683318465037615e+00
2.662478161910538876e+00
2.091087793320936861e+00
5.450765999465592593e+00
2.783492739262292570e+00
4.812138839622934761e+00
1.627217727303961858e+00
1.179778039030900727e+00
7.352235985401278207e+00
4.804892166156478517e+00
3.415439581059043661e+00
1.013398923319009493e+00
5.921316414051140065e+00
2.958702786234244986e+00
6.763141561325006990e+00
9.707365333121783513e-01
1.202393624011033335e+00
6.795321225318509128e+00
6.958085782373838235e+00
3.661929065872978839e+00
1.629736850616962496e+00
4.364305938511815697e+00
3.046945797623734187e+00
8.415923728903088374e+00
8.039009606157027088e-01
5.565707147528586418e+00
2.097469017000355151e+00
9.485405902839598724e+00
4.135188606478314099e+00
2.075565834562285161e+00
7.710542274600861168e-01
2.994469163493138186e+00
7.553919845652745657e-01
2.160183819431205077e+00
1.013654594854675350e+00
2.616677909474448338e+00
2.911076124781477592e+00
2.250943244016433198e+00
5.343271182390688878e+00
7.122975037036761492e+00
7.139940594961943887e+00
4.199849907049475917e+00
1.958216704422566901e+00
4.653065065859497196e+00
2.235561933336880358e+00
9.719483219458085799e+00
2.004505899127437818e+00
2.025365869407517838e+00
1.285205147327106623e+01
1.351919475767385581e+00
2.787172838690306964e+00
8.575013972072650148e+00
1.069522448258563019e+00
1.522586177576795263e+00
7.950666332058267116e-01
2.187933695397165312e+00
2.505689339854065167e+00
4.765464595878350917e-01
1.130594138539449567e+00
1.880156970315148834e+00
3.172549058662103239e+00
8.574072864673589756e-01
7.763977154852501616e-01
2.848762483360962161e+00
6.295326759030183128e-01
3.138451974318899662e+00
2.207122601149315688e+00
2.044900272900134208e+00
2.003201589412846761e+00
4.648621809134979799e+00
1.572192030990832823e+00
3.351505208711818007e+00
1.641656700360566434e+00
3.074137081109935998e+00
6.197053673017915543e+00
3.849711393637147872e+00
2.539074917941682052e+00
5.783393597262137753e+00
3.210305371273526109e+00
6.505698096374169515e-01
5.623112521482902970e+00
1.387241870598472815e+00
1.618518487900667768e+00
2.132310714900400583e+00
1.927413636076941161e+00
3.965118682412412721e+00
2.598416800060688647e+00
2.044812417199202592e+00
2.513749767673306490e+00
2.931475446132780327e+00
1.917980911216088380e+00
2.701664905659930227e+00
8.911951156580819600e+00
1.998781094573172101e+00
5.233521547897105108e+00
2.038062968038472977e+00
1.595384232544667213e+00
7.772963172267346454e-01
2.688795140742860745e+00
1.211249382520130480e+00
5.564255873793777951e+00
2.456316302667223450e+00
2.310260297096690785e+00
4.164335149722546703e+00
9.073485976995629976e-01
2.500763429582082864e+00
9.988301900155401869e-01
2.562065923834684344e+00
1.865868939482215216e+00
3.509623973265882491e+00
1.022748785716653286e+00
1.141734489272229869e+00
4.904307195149141485e+00
5.703574032782621206e-01
1.583149305732269641e+00
7.032932746280164515e+00
3.130853483132991055e+00
6.234346824291480127e-01
2.415741609460025252e+00
1.001554678130386344e+00
8.772723419621298868e-01
1.678911857878702563e+00
1.586177485482734628e+00
2.120043316200322714e+00
7.857072216908123963e+00
5.891661864562871997e+00
6.334885411864711102e+00
9.651732430895695325e-01
3.102890441732024662e-01
1.420547940999594694e+00
8.210657326452281524e+00
1.284152364104782507e+00
4.666091617286775239e+00
1.413913998560835994e+00
5.460776151844627613e+00
3.373309972065777096e+00
3.280596215487796119e+00
4.836428718880957156e+00
7.250195240145798969e+00
2.947929198799274619e+00
4.849882050371521203e+00
2.256531077343906233e+00
2.490711575043245141e+00
7.261686255043671601e+00
1.004049637657110194e+00
1.621027492300265882e+00
3.545542641840610187e+00
3.461858892816974453e+00
2.285710796822995494e+00
4.113690289330567573e+00
6.157228750689283991e+00
1.403852174744240955e+00
1.508647606479691650e+00
1.871552920186343005e+00
3.190260017895545364e+00
5.909713209830392833e-01
1.250588050965152576e+00
6.784097225015752741e+00
7.102338485121250100e-01
1.057185594820479402e+01
1.365157196549397156e+00
1.807635944279884388e+00
1.234165327841666127e+01
5.623870543917710574e-01
3.376757866178586198e+00
4.385879862061707435e+00
3.892612395287494476e+00
2.007147165163420954e+00
2.624664030624274780e+00
1.632891362148833236e+00
4.081176912107906674e+00
1.309194110620697904e+00
2.369514987635170655e+00
1.433517973862536765e+00
1.484228487829212240e+00
2.826313236081939184e+00
3.341838893981050163e+00
2.188124268207195744e+00
1.038453605685841330e+00
4.635184010463044402e+00
2.874504728002639453e+00
5.684202307895843909e+00
3.206456115514821903e+00
9.415431773272893157e-01
2.790454927309233391e+00
2.535407769674459466e+00
2.297145370810027565e+00
5.170989742277179779e+00
2.620572918240275495e+00
2.509688477633750914e+00
6.078883287687409265e+00
2.643900591829069224e+00
3.600937282201313483e+00
2.172081214772746183e+00
4.185536009790284950e+00
7.685412851138944124e-01
2.708983182600601225e+00
8.616178148461372643e+00
1.882812790079296583e+00
1.680702103225140576e+00
1.987367462171206300e+00
9.797119595872524345e-01
1.479096045660589942e+00
1.847425972662228411e+00
3.493729111942054377e+00
5.004577203460809365e+00
1.180879252010745839e+00
2.282306070623183913e+00
8.954841381521768673e-01
5.692234274786472703e+00
2.991820828795032305e+00
4.393926152493827786e+00
1.241369214708975210e+00
3.090218792180698504e+00
2.158266674727269852e+00
9.219500023220489338e-01
3.439274494885828481e+00
2.899639821159460062e+00
1.327967630316919445e+00
1.920163661769322960e+00
2.319109671251319060e+00
4.904968605310847884e+00
7.207502828329129807e-01
2.427780208949652963e+00
1.517611937929888466e+00
7.507122712401457676e+00
1.399014587131579335e+00
7.251152869521334310e+00
2.746297798501755594e+00
9.236853340553813352e-01
3.119005954276955705e+00
3.439366264781654081e+00
3.812478674515795252e+00
7.993218328611397361e+00
4.648103628616615524e+00
1.026647746078446666e+00
5.251186419764434454e+00
4.175706420679294872e-01
6.415119382339563359e+00
2.525869052298741924e+00
3.930079993809812766e+00
2.610143062297012317e+00
3.485676348174494343e+00
2.957557485061910185e+00
3.079962513006176295e+00
3.437359860075240858e-01
6.463844402752840779e+00
4.608461938607060659e+00
9.829291825963095697e-01
8.440036616221004095e+00
2.621182102581579576e-01
6.616229154072757801e+00
3.333093437444721641e+00
4.440231494247718125e+00
1.927396571478800169e+00
6.612069884093648930e+00
1.612571563376320016e+00
4.602304582065034566e+00
7.630804098309285521e+00
5.886643620622222350e+00
3.304467778967885572e+00
2.545713399949531830e+00
6.723120858600898586e+00
4.904909082740999793e+00
1.035704465455610235e+00
4.221832902074760696e+00
3.980162056768612455e+00
4.164702548814336325e+00
2.407944011201854195e+00
2.911190710473545273e+00
1.129523473428100333e+00
1.344992939636549645e+00
1.637714302574825975e+00
4.875808902488925511e+00
6.670201322510171948e+00
1.149758906038677964e+01
7.454290575117337170e+00
5.385267322360001607e+00
1.687215018699488089e+00
2.946655903429360013e+00
4.611414951548902685e+00
5.375485252498118705e+00
7.008536506831665180e-01
1.802205057312062264e+00
3.104015186142449867e+00
2.242167695836426500e+00
2.150297527318674184e+00
1.704898853190383479e+00
1.118975343160867109e+00
2.382643418064108953e+00
1.579856904460029021e+00
6.727006090610745836e+00
2.649649111308679306e+00
3.326026486167988239e+00
4.695853675986294995e+00
5.395934920081514541e+00
3.086805473098739760e+00
1.237928587807031189e+00
2.122928600566440061e+00
1.397242086054766741e+00
1.961713264685797320e+00
1.959152860908323968e+00
4.991078188387633729e-01
2.514902803133701070e+00
1.469740942285767016e+00
3.137938947138840362e+00
5.583986717084164830e+00
1.197227072355268040e+00
2.582628440458356156e+00
3.477401142059169281e+00
3.823389856422302557e+00
2.202579733786541372e+00
2.111622920398100511e+00
1.202007253838933032e+00
2.867972552436512057e+00
1.169472958582591815e+00
1.742615859708246839e+00
2.338927668063442766e+00
2.426285976972561098e+00
2.474033124977851994e+00
3.404537720658042943e+00
5.551552703288265000e+00
2.826856406102425279e+00
2.026193741248249580e+00
5.795867775175473469e+00
4.270703126606573363e+00
7.084295364254615812e+00
1.158042475322128562e+00
7.150677045445960056e-01
2.836581808263615390e+00
2.489252163820724117e+00
6.112021944288385633e+00
1.320518819535152932e+00
4.296423441859415604e+00
2.015327824309983473e+00
2.039430810222854884e+00
3.967892306171403760e+00
8.793762110185980418e+00
5.378611491751343898e+00
2.685849662408510863e+00
4.717185985752522015e+00
3.515389155932231890e+00
2.345902677111752155e+00
2.485098606083566253e+00
5.216331814953747426e+00
5.559958026258940755e+00
1.428662886271427457e+00
5.567829970445838939e+00
1.926118386948079797e+00
3.766692824278670582e+00
4.119475400192237124e+00
3.141335642744313983e+00
1.976722753255043541e+00
1.916737655178116784e+00
6.437434334620198761e+00
4.169323238998358327e+00
3.214288011528221300e+00
1.515237846534273736e+00
1.636812227085659988e+00
2.522204696679697378e+00
5.766402286542374078e+00
1.686847314249227514e+00
9.230228831978180892e+00
4.697639227921871274e+00
2.351024580333566316e+00
1.586518948606693513e+00
1.181711510140521115e+00
3.104887850964666018e+00
1.020370848360770966e+00
3.036612759125850936e+00
2.973709887454782042e+00
3.071660136702762500e+00
6.620882225839741508e+00
1.926788939147857649e+00
1.965492648367199724e+00
3.312294380466754617e+00
1.113927331868554971e+00
5.691556325094329516e+00
4.729204691841666808e+00
3.399120850885385181e+00
1.234358202495991153e+00
1.620029554603877209e+00
4.367981332480779244e+00
4.130848303541739819e-01
7.547502420161947612e+00
1.428756808247239718e+00
1.348117931914398104e+00
1.664479127708958339e+00
3.178402057088691168e-01
7.046374236045821249e+00
1.839396182057454920e+00
2.264728205320776233e+00
1.937122722059051672e+00
2.845885761198264419e+00
2.008154850452863460e+00
3.048662029818340891e+00
2.700038800745226286e+00
6.428372765705582914e+00
6.498959981601902802e-01
7.226386280181985811e+00
1.905315715343662397e+00
2.856544151481776872e+00
1.981181845900477523e+00
5.605048478757345798e+00
1.247455716470417642e+00
1.101710370145988049e+00
4.386794346363216412e+00
1.334712664969351259e+00
4.777957415742204894e+00
3.334246822404184130e+00
1.068529352985903014e+00
3.891515640342230409e+00
4.447602701956902216e+00
2.940918429741691043e+00
3.932568242003742220e+00
6.270166115307735488e+00
5.456585934012179173e-01
2.033430604612563197e+00
2.078870086690131291e+00
3.672189369904189871e+00
8.679683552470295327e-01
5.593249958645969855e+00
2.515633966321067394e+00
7.704858915544806841e+00
3.329792825697283742e+00
4.644864283659616566e-01
7.508513116779305108e+00
5.065402493123705163e+00
1.094614896666954529e+01
2.982707086429809085e+00
9.684346102490787089e+00
2.802079266482679909e+00
2.032213783076706637e+00
2.461153123235689244e-01
4.981090213128094746e+00
3.410209788596365144e+00
5.015382697802266421e-01
4.825931303032722219e+00
5.972465484337089237e+00
2.981101509645659231e+00
2.086099951708381806e+00
3.238690808996820714e+00
1.596914123780784678e+00
3.037366993714714081e+00
6.083415188592300460e+00
2.967414651358715183e+00
5.257085597835151614e-01
6.704642092017586208e+00
2.497336773502512930e+00
3.610035478114178353e+00
1.028095992077119547e+00
1.047413144982263455e+00
5.658532093386861916e+00
5.390530759877096845e-01
1.775928536493065257e+00
3.823533191838366929e-01
1.353550779277172156e+00
2.167571919392350388e+00
5.299309551154751219e+00
1.271050804720625926e+00
1.716850040052658066e+00
5.028624010572436021e+00
4.784087212464520178e+00
3.928421818423052603e+00
4.906980948897733952e-01
3.125135563891114909e+00
2.186174998778855016e+00
1.274349756245002352e+00
6.829147089381052638e+00
6.377413491236450405e+00
3.065307421670166121e+00
6.234000371817888464e+00
3.458875485618889911e+00
5.527602327288697381e+00
1.319760125219256119e+00
4.414917150690681247e+00
2.978042517100810471e+00
1.553557595582914841e+00
3.011161582450939900e+00
2.045183189641710086e+00
5.622620031955654518e+00
1.170231930509042950e+00
3.870285559067425663e+00
1.625145252432100174e+00
5.156414464078832971e+00
4.322292224548890616e+00
4.441452447154194516e+00
3.899395639984803985e+00
3.743672119068750526e+00
3.374316500441913114e+00
2.155751369086690961e+00
1.536696517470748979e+00
5.630878214827539807e+00
3.814984230778509122e+00
1.680289080229965482e+00
1.855507753682246630e+00
2.155673773494325651e+00
2.297974949564868474e+00
1.970147244132997022e+00
2.132356994816944962e+00
6.561638787828449004e+00
3.190137744266090092e+00
5.897445984238298244e+00
2.304038225743441526e+00
1.685012779419226003e+00
2.069656858002958955e-01
1.072040936872567407e+00
1.757320651983350634e+00
2.668067506868966987e+00
2.594174860689736573e+00
2.873830996223874390e+00
6.610194905973428625e+00
1.117240912115651463e+00
6.393898883033948266e+00
6.125756110539450905e-01
1.385059770560028047e+00
1.517458354971334522e+00
4.125391061957036642e-01
2.020793642047529204e+00
1.523032728013623105e+00
3.610421886923823820e+00
3.988974139329963808e+00
6.475288484109584353e+00
1.549731940997142621e+00
2.149344967452432531e+00
1.080635705801520130e+00
2.997421003823888874e+00
1.072914103513442852e+00
5.992032648353544211e+00
2.754887826117587313e+00
3.929774885758791303e+00
1.583275818957844860e+00
3.069470160490463506e+00
2.484814054545604112e+00
3.203474602823937367e+00
5.390605164518694536e+00
9.816271823065068070e-01
2.643253901288235674e+00
1.624877540524026998e+00
1.906273306580590576e+00
5.358889496376564310e+00
7.913315913931544543e+00
2.104317181766140799e+00
4.855681227308148884e+00
1.241751370525513209e+00
7.157201801910610506e+00
3.260811094450048575e+00
4.290161333276648392e+00
1.858415359953332846e+00
4.481983183069086607e+00
2.267256367911283377e+00
1.067568288680292188e+00
2.692051397788306932e+00
2.972138996163062874e-01
3.048066433020640176e+00
1.064133081052973218e+00
2.266555280886476176e+00
6.977599292259653474e+00
2.890475853386115013e+00
5.120864615915378337e+00
3.146758282166688847e+00
3.250921364650238399e+00
6.735681027059970738e+00
2.461321123963835511e+00
4.073972899492888544e+00
1.718971633929387233e+00
3.192424233672662925e+00
2.456389815810965160e+00
7.408067265520395850e+00
1.436454949623959809e+00
1.852206017415378714e+00
2.001228923045863972e+00
7.449543449054512934e+00
2.670208130608230590e+00
2.539280646546458353e+00
2.775428560390573729e+00
4.269128492690056342e-01
2.598228138452941760e+00
2.818271828553030378e+00
1.680635560396844363e+00
6.590766904512708635e+00
3.296144811261548568e+00
5.004617688274715981e+00
1.002802558653942633e+00
3.955214732121477450e+00
4.680414216947524686e+00
7.198261740884948523e+00
1.413509450370652232e+00
5.413571102913174116e+00
5.988732424470101456e+00
3.666566419583383585e+00
1.505354340099974708e+00
3.683560475937902368e+00
3.996673275382916835e+00
5.853170006326727126e+00
2.221636656589000225e+00
4.651838955175770174e+00
1.402625738332573535e+00
1.863518380869789937e+00
1.591811380643358698e+00
6.789243749858643540e+00
2.515742023946986095e+00
1.947567038606290657e+00
3.526037757469921541e+00
2.804243142481838813e+00
2.396451447350838926e+00
4.563386743736958628e+00
2.376637868329193548e+00
4.247499097545627933e+00
4.659142238241280154e+00
2.057567365183427199e+00
6.832125840821136720e+00
2.507230174203595841e+00
2.669506693601916947e+00
2.222256842043285552e+00
4.907406242499304128e+00
7.377510311624232209e+00
2.038988537737574713e+00
2.284585566034034620e+00
2.737390480872211818e+00
5.003689869036613835e+00
6.024159290785016552e+00
5.970709815725154357e+00
6.770082834225411572e-01
4.973440186535717622e+00
2.339917230177428475e+00
3.958746548657821940e+00
1.937910054844825147e+00
5.740438128408290375e+00
4.600740429423618494e+00
1.326058583368898036e+00
7.224060311617811259e+00
9.863109506528709991e-01
3.075582307313736496e+00
2.469580553054241179e+00
1.563796198314727715e+00
4.185954169779862788e+00
7.309403973164668500e+00
2.539606901917184523e+00
8.831875116636659362e-01
3.851840561710948574e+00
7.091077837306752896e-01
2.501500754118026748e+00
4.727558370511995567e-01
2.870415313024695880e+00
1.140452291770354787e+00
5.464967888357522341e+00
6.830030043782957527e+00
2.792005757888442297e+00
2.218226831927736509e+00
5.744741342075046830e+00
1.667634178428366143e+00
1.607706070201308624e+00
6.125979794768519504e+00
4.709894418695860452e+00
1.611551990337629192e+00
4.455512202615564021e+00
5.392441046725128473e+00
5.385278448320490519e+00
1.545509383509307222e+00
1.073654414114668443e+00
3.558902215848436246e+00
2.335557567181927752e+00
1.765108980758487212e+00
1.347959335179737428e+00
2.161407262187414968e+00
5.092309129972592885e+00
3.782406497361885833e+00
5.607191013113554057e+00
3.116192685267213047e+00
8.927811875276576714e+00
9.239047434637295830e-02
1.688823642394989388e+00
5.252314646395888964e+00
1.311502863035249433e+00
1.355986672189049225e+00
7.718555686183206088e-01
2.934403826272793392e+00
1.607616720884967432e+00
2.154174950995245474e+00
2.826068431471469466e+00
5.260823527042464143e+00
4.523031487898325764e+00
4.538426381088525474e+00
5.037979251234824929e+00
2.464437805231760592e+00
4.158794117826630554e+00
2.530309811714282375e+00
4.608063364798743677e+00
3.680375294945853692e+00
5.351482391450207210e+00
3.346157462999939103e+00
6.171649221256259921e+00
2.818211795178113377e+00
3.091411588680322176e+00
1.898936259909902224e+00
4.755889512812832898e+00
4.804171572440918858e+00
1.104356853854493892e+00
2.420155299888541833e+00
4.416607951069550175e+00
2.164379051693344547e+00
6.141029753392411195e+00
2.909504482182141860e+00
3.956209407745111317e+00
2.968646150420048535e+00
6.635286827785922270e+00
4.836472952748649412e+00
3.453395029433186103e+00
3.344719553977097526e+00
2.901133826831897355e+00
3.604780329674926787e+00
2.635974724868300534e+00
4.780079388133132490e+00
2.381524662109226753e+00
4.308147758187024223e+00
2.377405844166888382e+00
3.514001681298074553e-01
5.513726455295844708e+00
8.211115626258097322e+00
1.200533344616637743e+00
6.970850281742047017e+00
1.858214981142022326e+00
1.192605605177277761e+00
7.142592649202771149e+00
8.664085088455265593e-01
8.898020180593562145e-01
1.422328217337549772e+00
1.032488356163385967e+00
1.664345090717310516e+00
1.732951735990618136e+00
1.577520844072395123e+00
2.444745525567374234e+00
1.712143003206076930e+00
4.652315058121040181e+00
4.083135117742515696e+00
7.103850589260496839e+00
4.669926463775357917e+00
1.797323907211589189e+00
2.647924325941296786e+00
6.283681821113296984e+00
6.543503795440259729e+00
3.518197162489216545e+00
6.971694147950670661e+00
5.042497543671664140e+00
1.369100170985998233e+00
9.575551304485431237e-01
6.351689120354182094e+00
1.053347429643630706e+00
3.096462201396239511e+00
5.654003437904324691e+00
9.044250100154973548e-01
1.686815266552566195e+00
1.055366182103686379e+00
2.564995213662439433e+00
1.104711352212082387e+00
1.587109256628989051e+00
4.203743886743918523e+00
5.105471845114801788e+00
3.876694976145042215e+00
1.002051586312161957e+00
2.358764550175817654e+00
2.701081975553464076e+00
2.382063410030757833e+00
2.989209033317403286e+00
7.347104635193397293e+00
2.763693847013056537e+00
2.709161657179205651e+00
1.269174475463866969e+00
2.098914362553431001e+00
1.164771815017363377e+00
1.258329098912176702e+00
9.906664097179692652e-01
5.503691787709875660e-01
6.585025429492998850e-01
1.419317223145317497e+00
1.503545518305440698e+00
1.046649605443025877e+00
2.901532163877608816e+00
2.284288554656460857e+00
5.495960936953340870e+00
4.204580462452135237e+00
6.776574324264583282e+00
3.101219378773709678e+00
2.977353300979884043e+00
1.986571066935505447e+00
4.242654955051536447e+00
1.803223024336093827e+00
6.878937920541777551e+00
3.683118274762231081e+00
2.745680675659831760e+00
3.344845711923298825e+00
1.547218609911045872e+00
8.778885726914527066e-01
8.354992544945043509e-01
2.756291517191766349e+00
5.138441378295065531e-01
2.928089075766694638e+00
8.828520427078324628e-01
2.678682306299280391e+00
2.007901055042082827e+00
1.200298135013961209e+00
1.859319276035731883e-01
3.366181223513540210e+00
2.783744176168713835e+00
2.684953291763463756e+00
3.666104674007763631e+00
5.413558146595929266e-01
2.414624006414728630e+00
1.344750626152326545e+00
5.592125045171924214e+00
4.791030815232646844e+00
5.332674305658454017e+00
4.487974945463490073e+00
1.067444220875036542e+00
1.443974749603773811e+00
1.655757515274192571e+00
1.092326110783471194e+00
3.677982863746734221e+00
2.429795405674759934e+00
3.538584866274678387e+00
2.398539610191736227e+00
8.785198628683439370e-01
1.186786829299401935e+00
2.279340750385290715e+00
1.879469320387809894e+00
5.138739756485686705e+00
6.125105762634349915e+00
1.316815823629375437e+00
6.922962176744721141e+00
3.647954383107475884e+00
3.549326136412554344e+00
3.938691646286851533e+00
3.687230191797170598e+00
5.838862505087527133e+00
2.369865321916625689e+00
3.019894636391851073e+00
1.301315329449538982e+00
6.524731945953325507e+00
1.590042823864012522e+00
6.132824599419394396e+00
1.561292645656031652e+00
1.735813293930769774e+00
5.945153759807686455e+00
6.097251597808508450e+00
1.004002402166158436e+00
2.467899953117030254e+00
6.010821532207190288e+00
1.306957737830749755e+00
9.414088699639033830e-01
2.856004167736371446e+00
3.543009136454184471e+00
2.607437539389938497e+00
2.950230118865527107e+00
2.536170348470645930e+00
4.513801372625151132e+00
1.363157034104671483e+00
1.479901556235227567e+00
1.009955437738742079e+00
2.797505652548236021e+00
2.370705095559494158e+00
1.007277847433962759e+00
2.378549213281726082e+00
3.132179571345307778e+00
2.414581272169598058e+00
5.896673791753347160e+00
4.164612525385684272e+00
2.515630729674018795e+00
3.421753066133153443e+00
9.618412703787688756e-01
5.833754190828483566e+00
4.755622660810842284e+00
2.961796252590634282e+00
2.205856799041381766e+00
4.630266290051435085e+00
1.653108942423432426e+00
1.330838092926183380e+00
1.619773656413901586e+00
6.174821729574821561e+00
3.603948461879038945e+00
4.916184067964389115e+00
5.444767782013008706e+00
3.348254495538073083e+00
3.599946420950433712e+00
4.916157030601543632e+00
2.692281901062659966e+00
1.406125664673160802e+00
3.266373001560764155e+00
5.930386823183774192e-01
8.166948651890388433e+00
5.338748286813547322e-02
2.052097934141118518e+00
2.905319150828132191e+00
4.437529847235411218e+00
1.220854788260470558e+00
3.606802511095145825e+00
9.144139053457419619e-01
7.624210735599724842e+00
6.340140248446787474e+00
2.464134622861968715e+00
1.303227878811701768e+00
4.074462755956618665e+00
1.457156336359490822e+00
7.326457900265580747e+00
6.207139860457299818e+00
5.820053651871530676e+00
1.808147178045533154e+00
3.637234782117176213e+00
7.999376962750574194e+00
2.717892970655676255e+00
1.929911972617915250e+00
1.936313285476934265e+00
2.579668248866303859e+00
1.824924167325608693e+00
3.100009288490674031e+00
3.265220401970120978e+00
6.879890238487058163e+00
1.185801256529163572e+00
2.667471750514025519e+00
1.439180755084109586e+00
3.041984069141829394e+00
5.646110438393316500e+00
1.607097660838839870e+00
7.726347552464490898e-01
1.306173387279991660e+00
5.618489689696223088e+00
2.139007826930195311e+00
6.214603645986373159e+00
5.948748143654828624e+00
8.077581792956490148e+00
3.336174486281958007e+00
5.324710084532314980e+00
9.666435492459674039e-01
2.544465548969225832e+00
1.063995184584095810e+01
4.862544872455885070e+00
4.698546335716230260e+00
3.067338980294926465e+00
8.198626320037673665e+00
1.500271118958901972e+00
7.722675173519919056e+00
2.120913929669445253e+00
6.966340589774315362e+00
1.427222041782395534e+00
1.678767761196816810e+00
2.263657709297540510e+00
1.947298086593138411e+00
1.684945067005786168e+00
3.907508526310179864e+00
1.459521534901784712e+00
3.061704110240630161e+00
4.088455803463473259e+00
2.381176031074762722e+00
2.932499987246566242e+00
2.327943203763481961e+00
3.814850691067813049e+00
2.759185342616105707e+00
2.392702990796411466e+00
2.564577770564403725e+00
1.132054402356954981e+00
2.878396972200716775e+00
3.924789585600176434e+00
2.069666383169235679e+00
9.284616823060330759e+00
2.025202820605958021e+00
4.295387053632816254e+00
1.775530217944138567e+00
5.987260579281422856e+00
4.498112039388473704e+00
6.107904825767593859e-01
7.545774902554878150e-01
2.924430907370494825e+00
1.495245620505656570e+00
2.251113712617255125e+00
2.769081387659849902e+00
1.880109099961350561e+00
2.336055679251355599e+00
6.291270990770500005e-01
3.171928618124867150e+00
2.637317042510566978e+00
2.567737131976159493e+00
1.012751315901168603e+01
5.145936328721741226e+00
2.860414490515621910e+00
9.251263990012400518e-01
1.486242520364616126e+00
7.796610707609088919e+00
1.951065544825414166e+00
3.187087160894359616e+00
2.093722243523112869e+00
3.995611973096248715e+00
5.094055865034167851e+00
2.610500503148915463e+00
4.695486324859714955e+00
3.140173423602786507e+00
6.057392056234323974e+00
4.431017293749584418e+00
3.920280830182877985e+00
9.723747744712196717e-01
6.150486352602140272e+00
7.055254899279277403e-01
6.678624955464096402e+00
2.842229993352032302e+00
6.886330275765811137e+00
7.282452132470643491e+00
6.104230574324599701e+00
3.344220039573546188e+00
1.181465050118835292e+00
2.810093359175091177e+00
8.870433727324444462e+00
5.046030893632581282e+00
1.443189309899449269e+00
3.472786860012945898e+00
3.118904206920642963e+00
5.898998516971025730e-01
2.349277090807727841e+00
7.263400228862529895e-01
1.540615930860129712e+00
2.485464015359243550e+00
1.277075963510101220e+00
1.940343860144465582e+00
1.721842952275840499e+00
5.993617558106722143e+00
4.361248839844935610e+00
1.837192718881801135e+00
1.452903938725687238e+00
3.295138022100951414e+00
1.047369106723953891e+00
3.683156839933698468e+00
5.834667952341036745e+00
6.355175152385571735e+00
5.992746976499717659e-01
1.411520458621712493e+00
2.680223086004292377e+00
1.121449065894662311e+00
1.975380010596369029e+00
1.571342913831464738e+00
3.901377308079747142e+00
3.071045886687461035e+00
6.116742053048971783e+00
2.441099651609527577e+00
3.037162624949216738e+00
4.128589927661217907e+00
4.518156545681986103e+00
5.835615141581839360e+00
7.507914113484986274e+00
6.546435925032292324e+00
3.477524249333370676e+00
4.614146381855362300e+00
2.237903758399806708e+00
6.823356515932659683e+00
6.579825649492486050e+00
6.373577890792245793e-01
9.744638944752606058e-01
3.239622299451369258e+00
4.281530888088084019e+00
5.064667961657121076e+00
3.088750574075632027e+00
6.434225925919208500e+00
2.145240150504928334e+00
1.957660534804411823e+00
2.840486079323424562e+00
5.258570576973867539e+00
7.074304733445401228e-01
2.473016568252220271e+00
9.810171819148940653e-01
5.055993300261253154e+00
4.454756246484643079e+00
1.506773077855863896e+00
6.028951893319694832e+00
8.034427519894880021e-01
6.698791503707200334e+00
2.295845024969433990e+00
4.278515312395940740e+00
3.451218741876096452e+00
3.179755360603761183e+00
4.649790379304286958e+00
4.253692472903700228e+00
2.033875654199269967e+00
2.781612272744351522e+00
1.906676381168321166e+00
2.116416305964124334e+00
1.494173315353225284e+00
2.142474937464352358e+00
1.226726401153424462e+00
2.523142623554692321e+00
3.897522988275221589e+00
2.043729273602436614e+00
6.544531850070036683e+00
7.223911855331538456e-01
4.746720952067776444e+00
3.129007508524623393e+00
5.116568042135120287e+00
1.199101381090480478e+00
5.622848462713785800e+00
3.741347581089287111e+00
1.240809888582547371e+00
6.485969659550231192e+00
3.382420224007462561e+00
1.218842979885258915e+00
3.435539642936439098e+00
3.388702868071165941e+00
1.040163556446669801e+00
2.234484496217661764e+00
2.189487645398950910e+00
1.505777961538356191e+00
3.458239808963891715e+00
7.906250178649500970e-01
6.894162376653152791e+00
7.050838878204525706e+00
2.407598488793872171e+00
3.576283609912278116e+00
6.541735865310286613e+00
4.198360348075974358e+00
1.960377639093579871e+00
1.319728431490686305e+00
3.840197430676482337e+00
5.178941347470973788e+00
6.237204023287912236e+00
3.383928412178908829e+00
4.157060219856356653e+00
1.771364053416659701e+00
1.860008350041454595e+00
2.458446850735575673e+00
1.839086784955096698e+00
2.978756029438871966e+00
2.475973879214854456e+00
2.455809997693502389e+00
3.926529739552958365e+00
3.526137225223934468e+00
2.263267887694447200e+00
1.217462058125744928e+00
2.745988481437619200e+00
6.322941635694672158e+00
6.525755289689258554e+00
7.386404923530000666e+00
1.419394366620317705e+00
3.074255534915550481e+00
3.849732630829904689e+00
1.105931782352082005e+00
5.635015229385604840e-01
8.378167516338370646e-01
2.803394038162666746e+00
2.369063326533515479e+00
3.964155078208180694e+00
1.570719582380391888e+00
2.217579964530650649e+00
2.593522533519464712e+00
1.678527074098045357e+00
6.209301100699923914e+00
5.438502902482812651e+00
3.077656935732612009e+00
1.135102132609266734e+00
1.960495173340051078e+00
2.761111674531090632e+00
1.140039485539669384e+00
4.203642611148250552e+00
7.049094633593322445e-01
5.766392242823907388e+00
2.718980425448793259e+00
3.799991043299696614e+00
1.544372614385703946e+00
4.476975266036040679e+00
4.122498938617243702e+00
4.866527359003478104e+00
2.037753232556091199e+00
6.171085664963178452e+00
1.280660203143695774e+00
4.544184397631431671e-01
5.543324818412539656e+00
5.270493412607671679e+00
2.769068315593503193e+00
9.917415299482733593e-01
1.508894922590094501e+00
8.206580147775742740e-01
3.850318564547916544e+00
2.523840019065285656e+00
6.514886170367426566e+00
1.986684379636796560e+00
1.980458678534229300e+00
3.476530283970038493e+00
2.724853896764177774e-01
3.516223153770991594e+00
4.907982745552892823e+00
5.290236574081350618e+00
2.362208020599621872e+00
3.309900108446047096e+00
6.543622679562437483e+00
1.603133059940352823e+00
2.594036309264255991e+00
4.703620694318338735e+00
2.640948996751677047e+00
3.630907107362604691e+00
5.046006124201645626e+00
6.034990003644066014e+00
7.815011201412698227e-01
2.214452343683448454e+00
6.234415317078106256e+00
2.777983897516602241e+00
2.564420066641715845e+00
2.820692792162617035e+00
2.627904463383099465e+00
3.615024605776011590e+00
3.121622120370647124e+00
1.331448946468167360e+00
2.980051013855881115e-01
6.840884208723799986e+00
1.665736136133635581e+00
8.689487240425343151e-01
3.086626738200672904e+00
5.294486794340844682e+00
3.184968511132213020e+00
1.032710773085165901e+00
2.874154460822389900e+00
3.022493589026432392e+00
1.838278453399792234e+00
1.765585147543922595e+00
2.487367498324725812e+00
2.943191920016517749e+00
6.613762852270706816e+00
2.891037495469536367e+00
5.131622059721998141e+00
1.437278879045410518e+00
2.027461130601652783e+00
2.856284935018508886e+00
2.534815764993230580e+00
2.208803550774407043e+00
1.246410224423349700e+00
2.237772061163854520e+00
3.155639343480726389e+00
5.252603694566303716e+00
2.729282855981197908e+00
5.150088548250383091e+00
2.182651775933003968e+00
2.317572154535345152e+00
5.482999821604777502e+00
8.092813729576981530e+00
2.834743084458579698e+00
2.826857669879872414e+00
1.318332132410889201e+00
5.683950964447954668e-01
4.700007838471653154e-01
2.534775599532728130e+00
1.305604179520840846e+00
2.842625772062490785e+00
6.787534703193132124e+00
1.880260204745710872e+00
1.950050537305386911e+00
1.722896928987610154e+00
1.917412696119042970e+00
3.426293538806727934e+00
6.877966825312025634e+00
3.331198076540349717e+00
2.654520395633364505e+00
5.685139706186363107e+00
6.399393199866314497e+00
1.525265763902188043e+00
1.598177675401159403e+00
8.966258472142220270e+00
2.260723810301902059e+00
2.397941402460422644e+00
2.241402738514279402e+00
3.171000147174654948e+00
3.098355870106693111e+00
1.078636502181516521e+00
2.400111417618409071e+00
1.111066464459479430e+00
5.261143074397233832e+00
3.222839323799802536e+00
4.924924242278194697e+00
7.317520398083111388e+00
1.886279236913457780e+00
6.609736573657580827e+00
6.761242995707154257e+00
7.051226388387986432e+00
3.563252974584118160e+00
1.183674368464197491e+00
2.333946027510780397e+00
5.532410551890517780e+00
1.401451009086591482e+00
3.190094676519458883e+00
3.367802520671830724e+00
4.598759904773917384e+00
4.497669392409227029e+00
2.508478903973585084e+00
1.444711312279169046e+00
1.069950251692430498e+01
7.899950455738024013e-01
2.405281065456639222e+00
2.641963151359850159e-01
1.063106633452490346e+00
6.058188411310046817e+00
2.760574122643973283e+00
5.705117414034702739e-01
2.623116659577834131e+00
2.265894750785180101e+00
2.375945101084373068e+00
4.319885924925122467e+00
4.285856077924004026e+00
2.325345849477651772e+00
6.834531580385218241e+00
1.157305050468658081e+01
5.496245417851373993e+00
2.496271289580804797e+00
3.940444493817183869e+00
4.817593841758795570e+00
2.694241279582994419e+00
1.385042570780074422e+00
3.636518516530785838e+00
6.406364712212316626e+00
9.299755979660002669e-01
2.132133817942718501e+00
5.624119631615855042e+00
3.056940878120337768e+00
2.469569636895533993e+00
2.720175900744080444e+00
1.140687247461871934e+01
6.033734511571246628e+00
1.260098934932586845e+00
7.341237071255878988e+00
4.089887016071058312e+00
4.932245863702045874e+00
4.429693297087780479e+00
5.381055153395997159e+00
7.404941888669739569e+00
1.542494733952713082e+00
8.392938999864822947e-01
2.444219805565915227e+00
2.116698153492735823e+00
3.509732368091219801e+00
3.130775382635661241e+00
4.912956106760423047e+00
5.470791812086683414e+00
1.509977372142516705e+00
2.662348234969368566e+00
6.752678838680498785e+00
3.163092870450131322e+00
1.239102954497291131e+00
1.722825923364563083e+00
1.623615776249970777e+00
4.580036912677068806e+00
4.050166669258295826e+00
6.677792004872847187e+00
3.123262562557255428e+00
5.958755722928046339e-01
9.404027418493567936e+00
2.824199327367114432e+00
2.434514210758854880e+00
2.196938312576857566e+00
5.107103172367435384e+00
4.452878330973749854e+00
1.606177842929854993e+00
2.145693621586001854e+00
3.768402915220337768e+00
3.774247675268569413e+00
3.722967934453496497e+00
5.054781338791944023e+00
2.898594927890031592e+00
7.410055360531359270e+00
3.278150368993366648e+00
2.234793505157963267e+00
2.266908628676597370e+00
2.449807549505849114e+00
2.778146413551404681e+00
5.163576721977315209e+00
8.562303786264715555e+00
2.415994640568871699e+00
1.022155027013322837e+00
1.287956688855744991e+00
3.010576368235490907e+00
4.461072071298766595e+00
3.619859378691477225e+00
2.486155428741264384e+00
4.220691255908556094e+00
2.148753603878815532e+00
7.218250347800641897e+00
1.665035947098464808e+00
1.074559578555722705e+00
8.886588598114608661e-01
2.799773788959134091e+00
8.294442289695540538e-01
3.343871824507247403e+00
5.193797369793545116e+00
1.899922043530269278e+00
5.619268850204817589e+00
7.500015357869010302e+00
1.070775316722915171e+01
1.387338305593893262e+00
1.677102277035437128e+00
1.762607292735007380e+00
2.536156009379896936e+00
2.253737194902227348e+00
1.576869611415410155e+00
6.036243774255473760e+00
7.422476355337666476e+00
5.248477287033614047e+00
1.436817455876637339e+00
4.667992845015008996e+00
3.042217720285833593e+00
1.164553537372895242e+00
8.943030969140336239e+00
2.428584713670209005e+00
4.704424151471918059e+00
2.006155099345106940e+00
1.708211244348934565e+00
4.342197949810591151e-01
2.321806304864435955e+00
9.071691811869895261e-01
2.362257911392400711e+00
2.947839034639974543e+00
4.320554273146715474e+00
4.432475623340772053e+00
9.226615028639204574e-01
7.925626399328267624e+00
4.472859682405845305e+00
6.459046812614954725e+00
2.022607943251720997e+00
4.975516053555258722e+00
1.554722590427148221e+00
8.994305924316462475e-01
2.349322671308879951e+00
1.820721990975500360e+00
1.915233935855545022e+00
2.342171849646723203e+00
1.285695188592644644e+00
6.962835425355027752e+00
1.603713364892241922e+00
2.622934064085294281e+00
2.912915761999543385e+00
9.819473234351104196e+00
4.965274446042638345e+00
1.661006686306343738e+00
6.674532539157657318e+00
9.435726656583367955e+00
4.754172546115041698e+00
2.433831422666205668e+00
5.205688273759715656e+00
4.306161174449077755e+00
2.983452347734160348e+00
2.587384448643893275e+00
1.534347854500912822e+00
3.456576056131008379e+00
2.062943513570598686e+00
5.509285876203275478e+00
1.142448455972543409e+00
1.949160164676374096e+00
8.910625215172794933e-01
1.825034822660724032e+00
1.008068515573851132e+00
6.518984148455388983e-01
5.138623578659776925e+00
2.747408517496280123e+00
1.977587550699842822e+00
2.049944754259368729e+00
4.224274938293908654e+00
4.065921146757118798e+00
1.036683466869937398e+00
2.436730551519617372e+00
4.285082831919417856e+00
1.443063080320051261e+00
3.097971668739315732e+00
6.211652172488975054e-01
2.402009244758984696e+00
1.505408132411259814e+00
2.615450687125924212e-01
3.087821130679323289e+00
1.835302202229966539e+00
3.957776127023203028e+00
4.761473492696756127e-01
2.315169730517675273e+00
2.485832303384537756e+00
2.647575096042541265e+00
7.693920658419824976e-01
3.290950050313877995e+00
1.144955767726334894e+00
2.743723209701958599e+00
4.141031277199906491e+00
1.490356918879389703e+00
4.314825050232947157e-01
2.585564037110744007e+00
3.256242188465732212e+00
2.030869912968262359e+00
5.128696115847719561e+00
4.272687975974771568e+00
3.212098328419648596e-01
4.519604192801309317e+00
1.564448621329818989e+00
4.702623334501021546e+00
1.743275436769035069e+00
3.478035386316238320e+00
4.762997785116763083e+00
2.573691876420367564e+00
1.879021143250734882e+00
1.507840241660202585e+00
3.309222447922239407e+00
3.277104666907757480e+00
1.160660940726268020e+00
4.897092987636850747e-01
8.255458146845741751e+00
3.836691640782696311e+00
5.348361215450451844e+00
4.289223350054407469e+00
5.401332213509387969e+00
3.544621615671029957e+00
5.392330384242542962e+00
1.449207223505375897e+00
2.360690567642600879e+00
6.437934977214452736e+00
7.806659351284943593e-01
1.721360765572077067e+00
3.954009201636933035e+00
1.000473797471984616e+00
2.563125783379690326e+00
7.026508551214846854e+00
2.361395327517766596e+00
1.988659281702288117e+00
7.056541844641810890e+00
2.392223646858210095e+00
2.367264560934829287e+00
2.554497408975343387e+00
7.375209737464873960e+00
6.930246269153919059e+00
4.999405771836431533e-01
1.739455723065386206e+00
8.180197979051853086e-01
1.330183712350762049e+00
1.689874909338122455e+00
5.193226393415598885e+00
3.464895441830030620e+00
1.830881411926842617e+00
4.038883367563544269e+00
1.717364666771301840e+00
3.258891363081664938e+00
6.916095407590486799e-01
1.448323727604657885e+00
3.313222234246794073e+00
6.421866402094491555e+00
2.763098373936236918e+00
6.071092785247358847e+00
1.682989428871584980e+00
4.476225995355864740e+00
5.867895259296704857e+00
2.092737667580065963e+00
6.208008104267381810e+00
2.160070079201605875e+00
1.422387965129594534e+00
7.392568317370820985e+00
5.996833245686925551e-01
2.675790064998153195e+00
1.446424113618526741e+00
2.586861510425446209e+00
3.123524354184713747e+00
3.083623218178988434e+00
7.563644907031381592e+00
6.160447652688614717e+00
3.298755919698357797e+00
4.294441127574156525e+00
2.855156083176383142e+00
5.069165434761769617e+00
6.652297319424953059e+00
2.200918713397815640e+00
2.906773808174141660e+00
2.159881285018091290e+00
2.413698531892772614e+00
3.519728645230953745e+00
2.498116497800899616e+00
3.314607422569702866e+00
1.545278986210733008e+00
5.221325865720227277e+00
2.009601648045781452e+00
9.198577138482059823e+00
3.648268641423838332e+00
1.985418202547652333e+00
1.286090423847208619e+00
6.187318363115379860e+00
2.571163125856314124e+00
3.314526403339189464e+00
6.647863216628549843e+00
2.590539139432838756e+00
1.338873947280291299e+00
1.658130613308837598e+00
5.066940302591097511e-01
5.954630161001793098e+00
4.630605892567058568e+00
2.732936372187579011e+00
2.669461516355343900e+00
2.804071269371414488e+00
2.656804165556463371e+00
3.249539461791778550e+00
1.019100201795490213e+00
4.664812415948027535e-01
7.707308981620440314e+00
1.127688013592965666e+00
3.655558562258349742e+00
1.196134414819233438e+00
4.140645413250828355e+00
8.759675708748485556e-01
4.974503917814897314e+00
3.126671938306705645e+00
1.020506572041220306e+00
4.755546926735137347e+00
6.784169287261063719e-01
2.426616827384853625e+00
5.165009326093383812e+00
6.230147296258374823e+00
7.436373585150290566e+00
4.647316991506524886e-01
1.895947119026226035e+00
3.984196484759699786e+00
2.224262089991736691e+00
4.729723905989227539e+00
7.986234451382327570e+00
7.151503248598692686e+00
5.470537093832398057e+00
2.565454947261506025e+00
8.592810072660866938e-01
2.589346567700346657e+00
5.715677252281471610e+00
4.436696397874269060e+00
8.403427490796580912e+00
4.739070797638137655e+00
4.196738160565963049e+00
2.788985619904166491e+00
1.857141789819030775e+00
3.103195312375285120e+00
2.057198154519662925e+00
8.495552349179155138e-01
2.046782137804000534e+00
2.570401487712162147e+00
3.974850757063837836e+00
1.810483061721632314e+00
2.895138168793127242e+00
2.474405843015880180e+00
5.137768355177098734e+00
8.005242664342596015e+00
2.619094878528400727e+00
1.554205785632220227e+00
1.075580350078428538e+01
1.757262481884774408e+00
3.905517116269752176e+00
7.463664050402003092e+00
2.740072127390496437e+00
3.430098122094956015e+00
4.663025931049144646e+00
1.838030594041338839e+00
6.456382057066292646e+00
8.986812607664369068e+00
6.730854370830581246e+00
6.232611807773993817e+00
5.171245780214737131e+00
1.829078057894827358e+00
1.484924984582466578e+00
5.438559778875620587e+00
2.874981764579944699e+00
1.953779806863149338e+00
6.207200312423972299e+00
2.529752713643859341e+00
4.008778925422963546e+00
7.202574911226062859e-01
2.588593254757816098e+00
3.643445962602701815e+00
8.333067939256801893e+00
1.131685105358444687e+01
1.873627551803266122e+00
7.946936271051912026e-01
2.592823614265946652e+00
9.423703415038710007e-01
2.334495929908885881e+00
2.307027880085202209e+00
3.078442141242069940e+00
1.208584538083565363e+00
4.724385843847698219e+00
1.895893008267480750e+00
6.729178939649340663e-01
2.590278776950856177e+00
5.195178986349744399e+00
2.135578172489365656e+00
3.017537389188026165e+00
1.418354703122954197e+00
3.279565717137529202e+00
4.081871390795130949e+00
1.884956233015779636e+00
5.413070781832366452e-01
3.765030428218308245e+00
2.601270157253654958e+00
1.460843517258170854e+00
3.405550643576289893e+00
1.473198572950900287e+00
4.431689125267375573e+00
1.424235472027633786e+00
3.978311304963658923e+00
6.426305524236027189e+00
3.701557038747331774e+00
2.386618693724681162e+00
6.505081866107707889e+00
1.798345556252396005e+00
2.699058608040667551e+00
5.721844077955963392e+00
5.189363469442149324e+00
2.692493325595286535e+00
2.466405410614415317e+00
6.121664715121532652e+00
4.900662839251549996e-01
4.351624290043171861e+00
1.070198900305457057e+00
2.595990615914682831e+00
3.193865409429260893e+00
9.275734690084840306e-01
6.212359858636300025e+00
5.558318210081520938e+00
1.881002529401537560e+00
5.230156222720130366e-01
5.273312608084230746e+00
3.456374991476709457e+00
3.760885271967535637e+00
2.549363488602875094e+00
4.271861456207418861e+00
3.292781630747597443e+00
2.260505797261425531e+00
2.006559465207907955e+00
8.384476575602777260e+00
1.834465131919021053e+00
7.432646934319625309e+00
4.432699765629787514e+00
1.518541590056391444e+00
5.094252053331256747e+00
1.293248662371835112e+00
1.675211756366432159e+00
5.210930855480460089e+00
3.593840309553327117e+00
3.070728506178018513e+00
2.327664607118498985e+00
1.869908446382772649e+00
7.467761470333070584e+00
2.767440178890869795e+00
1.146281382082084743e+00
2.128241028850912375e+00
2.033621716141726044e+00
4.552868426806020885e+00
1.491104555342895877e+00
1.287025448738248423e+00
6.809749470665965587e-01
2.292544947166440750e+00
4.802264571724976783e+00
6.430241973708635150e+00
7.096737447527834419e-01
4.944983764049960762e+00
6.844545101721843938e-01
4.295165253289646934e+00
1.857060055396741349e+00
6.195562108843946980e+00
7.310870002360662312e+00
3.576593945470427194e+00
1.446542810552725156e+00
4.007802868489115156e+00
3.244407070645394242e+00
9.717364945102076046e-01
6.332441464735989456e+00
5.032717722013853923e+00
6.206374688083910129e+00
8.220226956043138467e-01
7.106187168305836188e+00
3.242514209305304984e+00
1.275758192571638139e+00
2.724538373433951666e+00
2.021752403843616985e+00
3.448670560357898207e+00
1.106797346425093975e+00
3.577539971023322884e+00
3.122509084996165196e+00
4.123421346521568331e+00
5.704069483572140165e+00
3.407648566550101954e+00
5.474142937752933591e+00
1.628462337298219209e+00
1.399060372063533064e+00
6.750878805542007477e+00
2.187115642160454509e+00
2.833999656956834645e+00
2.781505845821994782e+00
1.966224629310563188e+00
4.891607112479077202e+00
4.656402414151834535e+00
2.900076353745359992e+00
2.567755114626429691e+00
1.748410254091341098e+00
5.210334393490323457e+00
5.428556702990263716e+00
3.142714558213214993e+00
1.566527505450897140e+00
3.184598136208687258e+00
1.578635961360771667e+00
5.128018491658900002e-01
2.074197459965860801e+00
1.832891726123252463e+00
1.919108224154846276e+00
4.368156890123682246e+00
3.339827412919519123e+00
4.712530204103287268e+00
2.009472731018145275e+00
6.004480158063178585e+00
2.669712078388216892e+00
5.868968870890884482e+00
2.211078136571733133e+00
6.107211242671003681e+00
2.479630318531147903e+00
4.270065325775170173e+00
5.925447215441188575e+00
6.116628695985808051e+00
1.675316634081610134e+00
2.245375211414216476e+00
1.795395282100156642e+00
3.556752404330532524e+00
5.564306390625557874e+00
2.961553356215329558e+00
1.314374086288622845e+00
2.266960838156077518e+00
2.036409990800366998e+00
2.279848875039893308e+00
2.668681472676392552e+00
2.061171821103389146e+00
1.655341826923232507e+00
1.361053163030209401e+00
2.836426784554847647e+00
1.591266049104629765e+00
4.841677872414411610e+00
6.751659444869207327e+00
3.400731291837169046e+00
1.536406161187479080e+00
3.901757512876498968e+00
2.847405007944876498e+00
1.286805339790762392e+00
5.683760820241658962e+00
5.789010311327436042e+00
3.614305056071129840e+00
1.192583918653546515e+00
2.169458558616961241e+00
1.585886874998328588e+00
8.788224940633662108e-01
3.706545688626463608e+00
1.922614376148069404e+00
7.036544070146796281e-01
1.414609175175532529e+00
1.528434869151217734e+00
1.906061517578549136e+00
4.393515785347253733e+00
3.369111678951778099e+00
2.500111286919301179e+00
3.081430585731182781e+00
1.336792503223645845e+00
8.012348280034791159e-01
1.816680953296721190e+00
7.401500116414259089e+00
4.027832931027832686e+00
6.338257812923136392e+00
2.744732833640990854e+00
3.012328509825155098e+00
3.190959436261132431e+00
3.549110245430863841e+00
3.274042493900720885e+00
6.741750443706087559e+00
6.274759098382393097e-01
3.554380320485902800e+00
4.278766007363593360e+00
7.082430511025964437e-01
2.587181623881529280e+00
7.695000656544075390e+00
1.141683367698268503e+00
4.974288288025389804e+00
5.857300163323239772e+00
1.710406033000986037e+00
7.103075151816173438e+00
2.341113356043589278e+00
7.830601769398653822e+00
1.747349968968426426e+00
2.002063756798572403e+00
4.032155083073392099e+00
2.548278523830801223e+00
7.707757420951571348e+00
4.303141243676129157e+00
3.495967266359965020e+00
4.286641836231343206e+00
3.224049275679363280e+00
5.225133474841928916e+00
9.943109192949927788e+00
3.876500690653560177e+00
1.714678267791208688e+00
3.269969882568337649e+00
5.690659539062739469e+00
7.831607356706244083e+00
5.767698784030652170e+00
5.299453832184545909e+00
9.774180850696014389e+00
1.203215554325174130e+00
3.630038906339301263e-01
1.147293499534945527e+00
1.657391416047524046e+00
5.705412525047911743e+00
6.564552776543784773e+00
4.201197199722757958e+00
7.804153289147636841e+00
2.936291908550867191e+00
5.001100770449916411e+00
1.013305488117101749e+00
1.906574210842554296e+00
6.216174528052541781e+00
2.686724745635363121e+00
2.090059245212406158e-01
2.105788479327984408e+00
1.711007628099731059e+00
1.156782986518839706e+00
1.812861114239449734e+00
6.861362074615596773e-01
1.684003233192040150e-01
3.749760154806720980e+00
2.419626934988254874e+00
4.190687515319660328e+00
1.917534674709541420e+00
1.929030298402524046e+00
2.496263774779090561e+00
3.536182804436044602e+00
4.517136234492378222e+00
2.000700675453217059e+00
1.164335771807588626e+00
5.141300960862639435e+00
7.287320307382237905e-01
5.029088718783095047e+00
2.460453476750805279e+00
3.685775148524796485e+00
1.252387811425855535e+00
2.904435654827129731e+00
1.725687027125535566e+00
2.754142321437653251e+00
4.315727146542462478e+00
9.140376212804200984e-01
2.155383076331925718e+00
2.937268962432306729e+00
1.990196492418533802e+00
6.481471472885076857e+00
5.083364856247708730e+00
8.693601095550612001e+00
1.268546713277429072e+00
2.781881506707192475e+00
2.731218087448248788e+00
2.089739376429362139e+00
2.452526359422895208e+00
6.365565856865103456e+00
2.888619474689145594e+00
6.392546461690551851e+00
5.561016762375807776e-01
2.963704205008783177e+00
2.066087115889576609e+00
7.111276248521411603e+00
6.653457132531116258e+00
1.324426867935813101e+00
6.277945411565116762e-01
5.460780213671569960e+00
5.738660609652335154e+00
2.177248722077925525e+00
2.389041869246913308e+00
2.851998821714300192e+00
1.667911416552867898e+00
1.102233155615862215e+00
7.162486496461298202e+00
2.046825305800532568e+00
1.914974845675764259e+00
4.226532947118887051e+00
5.367674929280548568e+00
2.119270924445093129e+00
2.026130987867738042e+00
2.848379449327598234e+00
1.165224242073273020e+00
5.982666164378327878e+00
1.216705561271084202e+00
1.874401101041952566e+00
8.196194062660546731e-01
3.686692184023077523e+00
6.783961378720245072e+00
8.977332716322899975e-01
2.033395882793928688e+00
5.709633637411777762e+00
3.313875632359389201e+00
5.522259214107125835e+00
5.265780201524427717e+00
3.918823403668110217e+00
1.991603328160791664e+00
1.349318654215191371e+00
1.965466262493119398e+00
4.189111392237880871e+00
6.009997482452881234e-01
1.610105722594384670e+00
3.193346916705220195e+00
8.500053550704987915e-01
8.122889067055995227e+00
4.668294102752701846e+00
2.303555920862487394e+00
1.105667446631258155e+00
9.218124170309582865e+00
9.383980625191805647e-01
3.292332117514141121e+00
2.756437999968710084e+00
3.827991914538631413e+00
2.532522443364021658e+00
3.781481858654840433e+00
3.457850414090432256e+00
2.556047830109329677e+00
9.518879235160097041e-01
1.482495430958008065e+00
4.118276245956476345e+00
1.721517579394603370e+00
7.351634008895340244e+00
2.958893589332300511e+00
1.035929756178561156e+01
4.832603208902169989e+00
7.872861165035653030e+00
4.284342221532253525e+00
8.540415353746366733e+00
1.686312561884313332e+00
1.473856130445112100e+00
1.105341929182994676e+00
1.442394774015234304e+00
5.556308840026360940e+00
2.050436078417070096e+00
6.593088071331173694e+00
1.102075859597796192e+00
1.182639766198796627e+00
2.652001980610125376e+00
1.343520347368793555e+00
1.252779648638405519e+00
1.113597445557509280e+00
1.941893180736985691e+00
5.662639016729570152e+00
7.303143432552333891e+00
5.913894316421693276e+00
7.246879860089295633e+00
2.507729854577328776e+00
2.025592302291856939e+00
4.491283211485119331e+00
2.357511411858142392e+00
8.743448285583166779e+00
2.247135484750418133e+00
4.299547240895954303e+00
7.379245301701982118e-01
2.102226637794943453e+00
1.994313247895414642e+00
1.030280849468565574e+00
1.924824490461803261e+00
3.341506531006422254e+00
2.977158963866230579e+00
2.399534844599673367e+00
3.429545131992822515e+00
2.745305349831296038e+00
1.845632330088975870e+00
9.101548040943571172e-01
9.464284615619709129e-01
2.438280107386165962e+00
1.167296032025416208e+00
3.890661549105002059e+00
2.541287236653370751e+00
2.167682034024265736e+00
3.415082339035107939e+00
1.540307487768513006e+00
3.924568518749061319e+00
3.348468232896995911e+00
2.029011367555004774e+00
4.165387019196753471e+00
1.415830121517256845e+00
6.048578028884314506e+00
4.244270205545077168e+00
4.333528947779419660e+00
1.155374384638835572e+00
3.617021387231356133e+00
1.554496261006794278e+00
4.307145447092565860e+00
1.391544080398090522e+00
2.118331780201920367e+00
5.213419962272721975e+00
3.631930266254376871e+00
7.078231174446701246e+00
6.311202201531183498e+00
3.184181003862271098e+00
4.708920551883908345e+00
2.852890381788942609e+00
7.383116634904743236e+00
3.457604416030242711e-01
4.967509117081982950e+00
6.310293252804402897e+00
3.854185208542579844e+00
4.314503571244064695e+00
4.824300522056260476e+00
6.754129899454855979e-01
1.208368415996120993e+00
2.764853519902821244e+00
8.919679578876761994e+00
4.538501719985567284e+00
1.559017588672024557e+00
1.666370475534431073e+00
1.113310461973142207e+00
3.703706455624193872e+00
3.418055563476130931e+00
1.226677329142622508e+00
8.199504066153252557e-01
4.502910782719232508e+00
1.388954441392428185e+00
7.202605993021192532e+00
5.000325044971932975e+00
2.244494994632890705e+00
1.049726425077932346e+00
1.046559136531335810e+00
7.188484078648099462e+00
1.545482108203769078e+00
9.668983892799721813e-01
1.944656808533608006e+00
4.118978548890216196e+00
4.567006609891606672e+00
2.203298022131911615e+00
3.533539534216408873e-01
2.617821892663341199e+00
5.331532420005271611e+00
8.077756447872925349e+00
1.080098083417020050e+01
1.774185989407371267e+00
2.214398264386024717e+00
2.970967096064430546e+00
2.088149641029464654e+00
2.717789909653925307e+00
7.880023156931865724e-01
2.295530464424833994e+00
2.564375295640189734e+00
6.234503265806621286e+00
2.487021635142957710e+00
2.966396753503568018e+00
1.178681531169999408e+00
1.582050787496597666e+00
3.198030848931828096e+00
1.290349467626868973e+00
6.371417827302122916e+00
2.758420936404661461e+00
1.316111846967784160e+00
4.493835127212903457e-01
1.548984072493816866e+00
2.610821543964883862e+00
4.232926469282694448e+00
1.640902621826664909e+00
6.660358981717872773e+00
6.396961779978123097e-01
3.093224515720473633e+00
2.328522040999683185e+00
5.363928010966566573e-01
3.108599021093601422e+00
7.140343005311270419e-01
2.588294412896109620e+00
2.197070896434068388e+00
4.557020417965151005e+00
1.572413781818366330e+00
3.924406598362515819e+00
1.886356036263504565e+00
2.367543417809573558e+00
3.254358270228113081e+00
1.384813382575499796e+00
1.201944352292017681e+00
2.303809589641393707e+00
4.196951761917987689e+00
3.679963282635768884e+00
8.122684070256568134e+00
8.676007188611116749e-01
3.257897324418326690e+00
3.426979911246580413e-01
7.971878037263723904e+00
4.687745161725059617e+00
3.370749265795901284e+00
3.102229684353472905e+00
3.159996853835766562e+00
6.583436079065838165e+00
2.129555190692784983e+00
1.393067155657973011e+00
6.646672279084796742e+00
5.094993002334211596e+00
1.052721579071177027e+00
3.443871157732162569e+00
3.763616513734244773e+00
4.973424313699863930e+00
6.422412478656721602e-01
1.864419909340201853e+00
2.324537211520681712e+00
3.633683066135114270e+00
4.101267098617235263e+00
1.113459961225973904e+00
3.133443802757023722e+00
5.704535893004586633e+00
5.064583908863903083e+00
1.672807975555874460e+00
1.163920902431242022e+00
5.830750910057460601e+00
1.460875110979827918e+00
6.918336744161578622e+00
7.567315729889871889e+00
9.295302821766980861e-01
7.948399073428158879e+00
6.528350090627897728e+00
6.269722188838531274e+00
4.445307264283820281e+00
1.731906760180531357e+00
5.745896258328394346e+00
2.525534174442076285e+00
2.963391553508947229e+00
1.759774211198016802e+00
1.635904531566156894e+00
3.395871309188331910e+00
2.368946616791552273e+00
9.349539708096064050e-01
3.757567080176855701e+00
1.555090101710584705e+00
1.751995800458192587e+00
8.157172269972723377e-01
3.975670862527171501e+00
3.019594930356921836e+00
1.364311739403516910e+00
1.805515739556010635e+00
1.206679097164782055e+00
8.286412712366379996e-01
2.345381985103994094e+00
3.470600393869447853e+00
4.074442725350481354e+00
6.916955789460050852e-01
1.291754960080046644e+00
4.040074676765152972e-01
3.331557727429064641e+00
2.844581353390831513e+00
1.887049787886375452e+00
1.455900178793633204e+00
2.304169847316748676e+00
3.594867086615528784e+00
6.695974394682767672e-01
7.412919628294628582e-01
2.645874131084438918e+00
1.188410962475331401e+00
1.302878690886993596e+01
1.026231706622156015e+00
2.838536528803985881e+00
1.613077281933125162e+00
4.291706489213261477e+00
1.859879135544807660e+00
1.923851058405836589e+00
5.810752899938880667e+00
4.260830967208868003e+00
1.572124062894797225e+00
9.724501847179184422e-01
1.936028681352345293e+00
6.308129119896972448e-01
3.020582762032286706e+00
1.935261261592887472e+00
2.013782209199258766e+00
3.800521303189981381e+00
2.681492442362509721e+00
2.590578448426182234e+00
5.166144082850760988e-01
3.673694739278474120e-01
1.427426825327967830e+00
3.344859602440309887e-01
7.067075529229596142e+00
1.082693636739300524e+00
2.324023616832389560e+00
3.456811414538320637e+00
1.022041306074125799e+00
4.097893261936986775e+00
1.258297100392612666e+00
4.787982614828818484e+00
5.997236895495675846e+00
1.817923190420952295e+00
3.915299365859539193e+00
1.648217346287975227e+00
1.983703874262699784e+00
1.131305678222861433e+00
9.156058947688444860e+00
2.539712745537480387e+00
2.681121594676974418e+00
5.140675905430633463e+00
3.976160913429426458e+00
5.131007467058025462e+00
1.524185245504214192e+00
6.005466759349003425e+00
2.903848169391280098e+00
1.951851944580798914e+00
5.041983632137749360e+00
6.541216385483594742e+00
4.318925633982167334e+00
2.047131902052809149e+00
5.986498141151042063e-01
2.160964262109087652e+00
6.951695368582755385e+00
1.359985158999111654e+00
2.983165280573368161e+00
4.173126857933569411e+00
2.416385815503088175e+00
3.215114038512703942e+00
1.200127765227898102e+00
4.246980758895253949e+00
2.925661465571924857e+00
3.769774375459232552e+00
1.233109825855408292e+00
3.249211059131221102e+00
4.995665366417632924e+00
2.050704360398803772e+00
1.751400699169577191e+00
4.356792751111359330e+00
3.564744391758049247e+00
5.166425297697605501e-01
4.578608816147392346e+00
1.041842510011108835e+00
5.760937112133429849e+00
2.728227846724747607e+00
2.468601879063051729e+00
6.856235391810086455e+00
1.756092885728131048e+00
4.214939401387266749e+00
4.715694171198351548e+00
7.127031460554964504e-01
7.349964407431773594e+00
7.021817712124192923e+00
3.600639507869716649e+00
2.398270490204763572e+00
1.540545070159371033e+00
1.277912012988031254e+00
3.161982573358163240e+00
1.368488623590549791e+00
1.468399757247460080e+00
6.637788906695939239e+00
5.108087522903418387e-01
2.102906545241102432e+00
1.706730713628346940e+00
1.909580500779656242e+00
2.823555876539594500e+00
3.887540622737482465e+00
2.219244382378778191e+00
4.398163275908104630e+00
2.314253981036701102e+00
1.598941191892384039e-01
2.170609371119904818e+00
2.960476040638142070e+00
2.795370542641743228e+00
2.404232028588448422e+00
1.963491011475091863e+00
3.019100247692053873e+00
4.854927970726272135e-01
3.412409369759511701e+00
6.440729674249554115e+00
4.476224024645982347e+00
4.804457739320603160e+00
2.522149284252445778e+00
3.097861707954517207e+00
7.368701927544114572e-01
5.501172829827227773e+00
4.950570887722043345e+00
2.853795584452362366e+00
3.399748048318584459e+00
1.854903998946160426e+00
7.338734008355777050e+00
6.195914803238053103e+00
5.631337578112461273e+00
1.265463834654331210e+00
3.904963907448924854e+00
5.699668870035593748e+00
1.987987361227559147e+00
6.723405943759287240e+00
7.900048273872320337e+00
6.132732721447407442e+00
1.575090675905596482e+00
8.574674226852049275e-01
1.006548116284207595e+00
2.715322785302138442e+00
3.508288567079463682e+00
1.939952755033756970e+00
2.152411146925089724e+00
1.553468608778673987e+00
1.391664292200412989e+00
2.159265829087967159e+00
6.227998336665685919e+00
5.623031535199369380e+00
4.525269750179628403e+00
3.810739314858867743e+00
1.742507213767245933e+00
1.312871685291136181e+00
6.593684813262637334e+00
2.828869544719211149e+00
3.062361903240208516e+00
2.372683880216925001e+00
6.557331443589437647e+00
1.951597588839981023e+00
1.087177949873027627e+00
6.471968878135650804e+00
1.305374404259463050e+00
2.377321431780876626e+00
1.737728225122035397e+00
1.305069979294363858e+00
3.459554029888479931e+00
6.677422664331354341e+00
1.765297030150923208e+00
3.098475501645088670e+00
2.774582120858247514e+00
5.377918895059236704e+00
8.076821084592253897e+00
5.864573887378046635e+00
3.301244069205497844e+00
3.555819358473823133e+00
6.028888602920339679e+00
1.843282385793926448e+00
2.679798976735324967e+00
6.439137752954151139e+00
6.040338184413212019e+00
2.605495380272618178e+00
4.955724512919447378e+00
3.070314707625050765e+00
9.912947405270940981e-01
2.157557493779358015e+00
1.405601965159446909e+00
2.954840574150888965e+00
1.742878116767118346e+00
6.867882906576905810e+00
2.370327118416962975e+00
3.898600716964588209e+00
3.805227148154403327e+00
2.860139527832173290e+00
6.579781754383064118e+00
2.551398188983450055e+00
1.342765686986978402e+00
4.918759744440944104e+00
1.774916668678165887e+00
3.059417163099086512e+00
3.038360599286030972e+00
1.439743795421351447e+00
1.153079247017448017e+00
2.638374692443411274e+00
3.032362602871712109e+00
3.180212487391711917e+00
5.395746604589638729e+00
8.458159734945048802e-01
5.591599772047838535e+00
6.715151546977158326e-01
1.315028856776632171e+00
7.271274734263151629e+00
2.828905778292116757e+00
1.906676117608298249e+00
4.463945039578396390e+00
1.570019311929714334e+00
1.170936192025431533e+00
1.080104017025254715e+00
8.311454383372543830e+00
1.143208758391860203e+00
5.288566394411860827e+00
8.664193442047354310e-01
2.815716854152598092e+00
6.209261917676110798e+00
6.909430502405070840e+00
3.323604848123916433e+00
9.450538432748458728e-01
3.790775661121153828e+00
6.394906595226195201e+00
1.991223596737590640e+00
9.255291051248472067e-01
6.244140499711940073e+00
4.450827808484770109e+00
1.509070859310175372e+00
6.573291055655253956e+00
2.755338593388086288e+00
7.534646474484151035e+00
1.202882709104942549e+00
3.975020999152648393e+00
4.254820701688318607e+00
2.082472797962104494e+00
5.627167414204882867e+00
5.968865804175870871e+00
7.139997462246133741e-01
1.892801909105062297e+00
9.829814725454647517e-01
5.829062428007453001e+00
1.487620902627351027e+00
1.378393287966725111e+00
2.516169179949267143e+00
1.161289200087196161e+00
1.910118831256994998e+00
6.843313742709683289e+00
2.477067901927632043e+00
3.221310859868516729e+00
2.147700640186111620e+00
2.996269678639417400e+00
2.781480882264800503e+00
1.658218054626067861e+00
2.005665214969885479e+00
3.506567062925327161e+00
5.281284228951816040e+00
1.965923043587936569e-01
3.341432507063591295e+00
9.263195044461421945e-01
5.393789016883889786e+00
2.152380400339049427e+00
6.320303568111452996e+00
9.133804444570789993e-01
3.446836878735964227e+00
9.734700271183279741e-01
8.381398843965929268e-01
2.194425225058524553e+00
3.693099363067338103e+00
3.322682243940413560e+00
7.283268652657399755e+00
6.938336512265936840e-01
6.807539742205020339e+00
1.524514548018848004e+00
1.711324935644875422e+00
1.925382161416666627e+00
2.858202620911617142e+00
3.896028549961223941e+00
2.673115216889287549e+00
3.729973105167488256e+00
1.004102508124656401e+00
7.051616886232244807e-01
2.277601643506280915e+00
2.819903689693576521e+00
5.708706229948145250e+00
3.208631693125809203e+00
3.469652945869703853e+00
4.867014633031412352e+00
1.504770010736510510e+00
5.955456870281039539e-01
2.867864873702360651e+00
9.810473759697991847e-01
1.649352357386548062e+00
1.256436267870770784e+00
4.018762223397337685e+00
1.340504862297796640e+00
4.188210074505420266e+00
6.898352570480236423e+00
6.230649248824367881e+00
2.702314954613058706e+00
6.271683527544617220e+00
2.874259106949379916e+00
1.094610605425179850e+00
1.942946296372672021e+00
3.024508079167195884e+00
4.783720570767255431e+00
7.503654409468720754e-01
7.114388308695652974e+00
3.101068859721077153e+00
6.407819128399002473e+00
3.005925406620961304e+00
1.366808142919117230e+00
5.633767091181645981e+00
4.397187229354300619e+00
2.370878967129425252e+00
4.917520015697412816e+00
1.427560741697093905e+00
9.381743158877795530e-01
3.711109302134504073e+00
1.688207957576198126e+00
3.877463318262852177e+00
1.606719120392710920e+00
9.607060007540781932e-01
8.007149423767541130e-01
1.249857091450729429e+00
3.186539321765198274e+00
7.873941428588286051e+00
2.429421424232606430e+00
4.406779986383356551e+00
1.892849960372669615e+00
3.790357497573524803e+00
4.187956508247162368e+00
8.967546955913237028e-01
2.508427255081286944e+00
4.519748590000998156e+00
3.781207704707941097e+00
3.053280824982490316e+00
4.467720634721038309e+00
9.241127664515997875e-01
5.701452046299242404e+00
3.290106370734213304e+00
1.793642704130352650e+00
1.934157676410522830e+00
5.805797207395839266e+00
1.606211711530316943e+00
1.307128288611094202e+00
2.735346414941211002e+00
1.283543394717671315e+00
1.793458609954040162e+00
2.207949944141346599e+00
4.476905290329821874e+00
1.539828251764437050e+00
4.927353835473274657e+00
3.306458560984595341e+00
4.114679721822843028e+00
4.633318137767751033e+00
3.971983275666405522e+00
4.202616667961510011e+00
4.117250440747016071e+00
6.438439290867168374e+00
5.510516684299128443e+00
2.944817773017009088e+00
2.457927609749864573e+00
2.156070201326204305e+00
3.689476544978876671e+00
8.285618839153817916e+00
6.226047048772874071e+00
4.122062264765560258e+00
2.222579901155211868e+00
6.260309110739776806e+00
1.703204461912094514e+00
1.642224720997483178e+00
3.245700721767771135e+00
2.413414647007354308e+00
1.701383458575000507e+00
3.061159792739989616e+00
9.948485842717886829e-01
5.585423122044375077e-01
6.953212199708574737e+00
4.459554529247738763e+00
2.756062594048144909e+00
6.093876000229945689e+00
3.606956036671839505e-01
7.005331723391479137e-01
2.198870002472739671e+00
2.647619072550843722e+00
7.236458829775444634e+00
1.145612260034532870e+00
1.403742610665314139e+00
5.280923322255877572e+00
6.741096755627741244e-01
5.271119834397092418e+00
5.695674729268852765e+00
2.057933622820949271e+00
1.846319394304118067e+00
3.097818763145193888e+00
5.822722121126113759e-01
6.542390663484863866e-01
4.251401214678279139e+00
4.656957807157151130e+00
4.279608323111491863e+00
4.668883095806430461e+00
5.387436073595065267e+00
5.858325776525252770e+00
5.098823043556529377e+00
9.351220665894016904e+00
1.897374059704661775e+00
2.725687202325178138e+00
2.520836770847858954e+00
1.434088060781364415e+00
8.052344682519338548e+00
1.432801374596007093e+00
1.357168528830815513e+00
3.477817194292194714e+00
3.265627772548584051e+00
1.894601081046032753e+00
2.231018694991564910e+00
2.417571796108815896e+00
7.343924162677222256e+00
3.055098811003020387e+00
1.846947708096178697e+00
7.492860244115120416e+00
2.378381922522182723e+00
1.474296694724865242e+00
1.706291336917171941e+00
4.617047954406224619e+00
4.851844260357967009e+00
3.598989756215882796e+00
3.652074860909638510e+00
2.227556450595167270e+00
7.970922699561491243e+00
4.084635321141623976e+00
4.217376813949718084e+00
2.873075168202627871e+00
6.513950499159125940e+00
2.652521087936960509e+00
5.756704615916687917e-01
2.252039393183988825e+00
2.901477412581315196e+00
1.599999820389859329e+00
2.457663307991181600e+00
1.004775350549047763e+00
4.125663009078670562e+00
3.575195042390153954e+00
1.207215635013091148e+00
5.365278190233420119e+00
1.318713967905759787e+01
8.189401888940839314e-01
5.692221362458357525e+00
2.485629465368261126e+00
4.347997312943156167e+00
3.026514248848604094e+00
2.473717413392202857e+00
3.162164384063463896e+00
3.093509805671162294e+00
1.299134395759310889e+00
1.972906342091082621e+00
2.935642814381039245e-01
7.784566454851975514e+00
9.834333457624094166e+00
3.564269959072189575e+00
1.434027891414357381e+00
2.981316643073989248e+00
9.537084458869292680e-01
4.964342861204457336e+00
2.847366875067169012e+00
3.495251909573701354e+00
1.775788959261737077e+00
3.446289477845296378e+00
1.489539144470833021e+00
3.672009448713540625e+00
1.887047110454622256e+00
1.486405994274458742e+00
3.169544881658959312e+00
2.335693711102455161e+00
1.859607018065783990e+00
8.348012771797140630e+00
4.410155844262185099e+00
1.756069675600455460e+00
3.999988833108836683e+00
1.799216559203592913e+00
2.530617758665389516e+00
3.486623476496597096e+00
5.106635358982797968e+00
4.196079209799194132e+00
4.404159263978660199e+00
2.018409245375288652e+00
2.832836602723101116e+00
8.890735372822792248e-01
4.334032140747376083e+00
6.192032071124068615e+00
4.039199784419268191e+00
4.367264438294621520e+00
2.751976646456143261e+00
7.122557935495982262e-01
6.620725100015545372e-01
1.498377234931882462e+00
3.196063289632229854e+00
8.351101902374855612e-01
7.615549401791284367e+00
2.606481698048171314e+00
2.148723419416307401e+00
2.062670566388753179e-01
7.786533098525434404e+00
2.570451267781148186e+00
4.487453351177995486e+00
8.378974465911994685e+00
1.716428002222938787e+00
5.568368848195480725e-01
4.112035795050485554e+00
2.995116980858057332e+00
2.206635613213182801e+00
3.115484903198876943e+00
9.920101897705050353e-01
5.498938436579996036e+00
2.925835955899582785e+00
6.233608021315892422e+00
1.160588184749503871e+00
4.371677904209483323e+00
4.832137121106438116e+00
3.072412281347265850e+00
1.462000316184812965e+00
9.974228634548839567e-01
4.140291340367678430e+00
2.636057349634576052e+00
1.412762554341078891e+00
2.272547268357048456e+00
7.012742656430817512e+00
4.687021087056784552e+00
8.498545876875132521e+00
4.690924986826209064e+00
1.968000855527284099e+00
4.957927329666694582e+00
1.451228241822407172e+00
5.053971596919987208e-01
2.625711886626563185e+00
4.981472859199469916e+00
7.378905870758850405e+00
3.418442196256580856e-01
1.169459016783963801e+00
7.293935287510977084e+00
5.688741155821842810e+00
2.687543761874822579e+00
7.032674214274228675e+00
6.022185972886830108e+00
4.778848726952654502e+00
4.726614426407472536e+00
6.899061595174678096e+00
2.106676007222702207e+00
1.799455247569835992e+00
1.876655079359601963e+00
1.001367135940116615e+00
7.182321036057931707e+00
1.352069235903965883e+00
3.195800621731037516e+00
5.886418534859618745e+00
1.378372642101792778e+00
1.597109858760371814e+00
4.393825117998638952e+00
2.520393811286357533e+00
3.372005300120320737e+00
5.956694386760990056e+00
5.006540217240751822e+00
3.149097370180835576e+00
3.338233328703003266e+00
1.821192499764309858e+00
4.041894224809112757e+00
6.047962390466788740e+00
3.901190656370920884e-01
4.217282142634322106e+00
2.687590883508088613e+00
3.184781303752181714e+00
4.964080122527152028e+00
4.853999515407156018e+00
2.520826296601309746e+00
2.863316161540080618e+00
3.435197547473967106e-01
2.162719748958251920e+00
1.373978130866136516e+00
7.210445086969961004e+00
1.714502799089031804e+00
1.095457967314521719e+00
1.362347561044909838e+00
8.468276013870730257e-01
5.902143128143380935e+00
1.292721251821879136e+00
3.904164566910364620e+00
8.267000886365843959e-01
2.762967096409743917e+00
4.198444184923849853e+00
1.554098234424532432e+00
1.806360579546415268e+00
3.621790124913414344e-01
9.018737596335480333e+00
2.756465480107715749e+00
2.506946975021502322e-01
5.563441350162652288e-01
8.174185673701349630e-01
3.236371773930192930e+00
4.329441324928078316e+00
7.256283727329585487e-01
4.777055930130841843e-01
3.792684515947512214e+00
5.290683998349103412e+00
2.527233287711001530e+00
5.923347415681702088e+00
1.878282877110230453e+00
3.424298783510769439e+00
2.547050681288241414e+00
2.423133976097816777e+00
3.699977943513375500e+00
2.389628062633597061e+00
3.102688606018452866e+00
1.177398272669663237e+00
3.451243814279975730e+00
5.576571335781068228e+00
2.371826091424955152e+00
5.790954431911731426e+00
3.286898520732310924e+00
2.098753736567129824e+00
3.670563928098236506e+00
5.108828727180581009e-01
3.266250711003012341e+00
5.673401345874563795e+00
5.008741236055058721e+00
3.528759937196127350e+00
1.493037161834397386e+00
1.004389713007436402e+00
1.859886557334711865e+00
7.368632537972119145e+00
7.074898309165037702e+00
3.864962752486130082e+00
2.287222242552984675e+00
2.898940857092401568e+00
1.283490927559513883e+00
3.831612354420794286e+00
1.984412661257143995e+00
2.861685451179650563e+00
6.712966958272796880e+00
1.140649287013764779e+00
3.175713666289740278e+00
7.618932550446031904e+00
2.286210410858477093e+00
5.165668915205510636e+00
7.024137591904159095e+00
6.978303783888639700e+00
2.633533521450878379e+00
2.976972755021017658e+00
5.766512482714417409e+00
1.950033710399439846e+00
2.431613210946547809e+00
3.023000960594898423e+00
6.095380543458607248e-01
5.320714446113632423e-01
5.475322852392697115e+00
6.941634131408122244e+00
1.101275982625843142e+00
5.696413454918766384e+00
5.098396974101619072e+00
2.374406450177329209e+00
2.977131013144579175e+00
3.646090513767019647e+00
6.390688199244190848e+00
7.483275358214245720e+00
1.492353120954327927e+00
1.744299077545128807e+00
4.806896141637186481e+00
9.420262751059593764e-01
7.138981375329404022e-01
2.851289109701435454e+00
1.770870849841517325e+00
1.643113588906062406e+00
3.904095759090405959e+00
2.098721703565099794e+00
1.245295650711240709e+00
1.573610607217840851e+00
3.759909983005079503e+00
3.406647263398489001e-01
1.709271761300059422e+00
5.082283223398353478e+00
4.834487263693773684e+00
6.154756601666217186e+00
2.092913758639286304e+00
2.760737632125401575e+00
1.645234777912269353e+00
1.417433850069546031e+00
2.549470825618234571e+00
7.802043616574971807e-01
6.273662207237661548e+00
5.681205233020323320e+00
1.240692792680009982e+00
2.439847577594208339e+00
1.144861675713150895e+00
1.444437263540460092e+00
2.971745113190987553e+00
1.230788239163328912e+00
4.228795443034591983e+00
3.460535701312399404e+00
4.557965737838256537e+00
3.293594768985193433e+00
1.430929694781805317e+00
4.283495955366211305e+00
1.356746819772691071e+00
3.498827262762043144e+00
8.124393256575899613e+00
1.486555077760717936e+00
2.396859503825087945e+00
5.173639754405488844e+00
4.464915783893963486e+00
2.871852224121354435e+00
1.100742741221991672e+00
2.714716592591035926e+00
2.270109788020467256e+00
1.633831267412905408e+00
3.887638504544154827e+00
3.619750571371713743e+00
2.597553249982043067e+00
2.290824969125027533e+00
4.268152867879743795e+00
5.860038186536439930e+00
1.674212009399401957e+00
7.404796548626880970e+00
3.208565005595638731e+00
8.682208717952071275e-01
3.823708223476101509e+00
1.185687883399476172e+00
3.238598294471612959e+00
2.615357165211959156e+00
2.112817385289631034e+00
2.152106686825524307e+00
5.169872043993320787e+00
2.225738135954797414e+00
6.277642428953719156e-01
7.404622357849572012e+00
4.516402160339135108e+00
3.744666996038842122e+00
6.396608706154633950e+00
4.221127777808709070e+00
2.291687531233192132e+00
8.070912063450901286e+00
2.632910593124321519e+00
2.223225363469265581e+00
6.980052453799843182e-01
2.227487539678234540e+00
2.784818541538391035e+00
6.952282054640446241e+00
2.314858645642225987e+00
9.542461173076681735e-01
7.451730335743947720e+00
1.493757115653815637e+00
2.375400833660446409e+00
4.246906849782835280e+00
4.590052523282775354e+00
4.521680257904508338e+00
2.969936656849953671e+00
4.938150978829130899e+00
2.499855931736261638e+00
1.890231592423326168e+00
3.719608285477807197e+00
7.784786292788758999e-01
4.056185792769138487e+00
3.356651122612202887e+00
5.210811733910237109e+00
5.458793874311563599e+00
2.753455002163196941e+00
2.757633557795829748e+00
2.149718433545344531e+00
3.629277132178561516e+00
1.880988983873663534e+00
2.142315422727048890e+00
1.028795443342461091e+00
4.507235055997045770e+00
1.480620763620013491e+00
2.921059692992827639e+00
3.641663769541009454e+00
1.658432387866526803e+00
2.474198963467250323e+00
1.856488586705106636e+00
7.842483775189219131e+00
1.726810673991899581e+00
4.694025775255586730e+00
4.457374407379028902e+00
2.827129945883354090e+00
4.504501423713180408e+00
3.222913876919209830e+00
2.938994105976093341e+00
3.367070215138740608e+00
5.341816332459567995e+00
4.955922069508324590e+00
1.492758166251104468e+00
5.746212806497887904e+00
3.911049686751612686e+00
2.040095398056289255e+00
4.044533602280039553e+00
2.788824508688486414e+00
9.482590401800228719e+00
1.989622814634358861e+00
4.662274162924807008e+00
7.364100284262396379e+00
1.933984949034719181e+00
1.177183008261910802e+00
1.603014314708130605e+00
2.823645487191334791e+00
1.923555439835938019e+00
2.703132456044780696e+00
5.791687661419195443e+00
2.409933669002090717e+00
3.324093312242476284e+00
2.563391852165477047e+00
1.709357212186546793e+00
1.815234380612241738e+00
1.837695433286322011e+00
1.379860985828151865e+00
3.566911913309961157e+00
3.768370190028917488e+00
6.808478202970063009e-01
6.811798276498820748e+00
1.863870546520818072e+00
7.340658372349667671e-01
8.136057700482503208e+00
2.818745170772563480e+00
2.856987935640512344e+00
1.248784897115639669e+00
9.832224040611851068e-01
2.121290300988587507e+00
2.271501720674568237e+00
2.723238174692353741e+00
4.652164590895425889e+00
8.706137888818443749e-01
1.887173542187952746e+00
7.037057775582774788e+00
7.043391604648794768e+00
2.285514754445149510e+00
3.368639259409534681e+00
2.179255525207286048e+00
4.233381696678606865e+00
1.950920763807572511e+00
1.936145647942891346e+00
3.164998753478977189e+00
2.541823432674896299e+00
7.390922584329459255e+00
2.956440596089718209e+00
1.100070471850328024e+00
7.087444095313819581e+00
1.764667875659568397e+00
2.595509493398204359e+00
4.399691459109499547e+00
1.083177604953560635e+00
5.825409892278197610e+00
2.031475543478614920e+00
4.294193668679302078e+00
5.091150743724333516e+00
6.356200411846030462e+00
3.150889882741834569e+00
7.803709714446552814e-01
7.384773180592515196e+00
1.533394893258585689e+00
2.619651481186712871e+00
9.619390497681901131e-01
9.694822808023319638e+00
2.389782357488166031e+00
6.244898105006430278e+00
2.408868953890080267e+00
3.372845312798331108e+00
1.169002380799649465e+00
7.781738342189208346e-01
6.577103283928183330e+00
6.918858242933622726e+00
2.083548817095163486e+00
5.916064717854166766e+00
3.113747142626869913e+00
4.521211290850184916e+00
1.404404391288224030e+00
6.516601528589985648e+00
3.878507165660499911e+00
2.429285586820618459e+00
2.124442326964964600e+00
1.764655399398375568e+00
2.080737350822394749e+00
1.124373704445823297e+00
3.250976773402304953e+00
2.666904427021945523e+00
8.423001503837655335e+00
2.225054077683291887e+00
1.378983289112691191e+00
5.420126098050926267e+00
1.300542412207948528e+00
4.037852104369264339e+00
3.118945472286472675e+00
2.853675261578668909e+00
1.177109878335179660e+00
3.414587669429714367e+00
3.962904721463297530e+00
3.279433840618439344e+00
4.340028177267183374e-01
2.600219759786230878e+00
1.649530613521752453e+00
3.196200636520884597e+00
1.236916057832887050e+00
2.948035021927356780e+00
6.385529251919626503e+00
3.920170971015452199e+00
8.011383361978668960e-01
6.158334549649207901e+00
1.829666822854885577e+00
4.065556071512214764e+00
2.620936466436544876e+00
1.035078182643863309e+00
2.901236733710560678e+00
2.793863318977301446e+00
6.419054476163817746e+00
2.898004251113016849e+00
1.675369878392608092e+00
2.657368239109475283e+00
6.592008326793765249e+00
1.714028390111432820e+00
2.882765827196017927e+00
1.870582923165524880e+00
3.838539818104952595e+00
8.054993181047089834e+00
2.720641813005449716e+00
3.991081183013835965e+00
1.053477115031237332e+01
4.261058962258056582e+00
2.110823297889226957e+00
2.385523322059756257e+00
4.832154487015150934e+00
3.452981013956535783e+00
3.693875002839049237e+00
3.243486848761859775e+00
1.353057844327739234e+00
4.878703405783448410e+00
5.381469694763399758e+00
1.418778389210493707e+00
4.698736337288403342e-01
1.001824359840688183e+00
1.905992188688966138e+00
6.680537652753364419e+00
6.570339912427701101e+00
4.281907090466576804e+00
2.252395521005626122e+00
3.329787534158949569e+00
2.395932839817428217e+00
2.415490358612924382e+00
1.915852737199086553e+00
1.696010714525608920e+00
2.815260077841155617e+00
4.841483451574130292e+00
1.909200773316879429e+00
1.980172000602848481e+00
2.511270403475854618e+00
9.322090447731101293e+00
1.944127870978896722e+00
1.099654710913523514e+00
2.132992097454717406e+00
4.245158399400344784e+00
2.427775730809634158e+00
6.670059907282217537e+00
6.890666579316441220e-01
1.509539986039415860e+00
1.442218911804256765e+00
3.052306278892342739e+00
5.480744564583945433e+00
8.696798628939452769e+00
3.526980926347525358e+00
2.212669772601987717e+00
3.373674124477047176e+00
1.836833213665109099e+00
1.860118362943567583e+00
7.832542161664790115e+00
2.493351982521752941e+00
7.720100230285353859e+00
1.244912580312737660e+00
3.018568907575176041e+00
3.985993990355990224e+00
2.301688728453676447e+00
4.475684675708685667e+00
2.976820033506164531e+00
3.266379761281236416e+00
2.579089495156359657e+00
6.750122831356860864e+00
2.352708637276418990e+00
3.117363271014011339e+00
4.096642663987347888e+00
4.096893210191288937e+00
1.818369767351974309e+00
2.511103320412536810e+00
7.351575517778235813e+00
5.709682719255035899e+00
2.147940309885181254e+00
1.409585588964665348e+00
1.290945748725560449e+00
1.562299446731581387e+00
2.186598771185324530e+00
4.698758830167337308e+00
1.102908072018122887e+01
1.479745310249030110e+00
1.238674311356587454e+00
3.078140567841574970e+00
8.341072012960248916e-01
6.213174477328417211e+00
6.088966413907469288e+00
3.268393242646262742e+00
6.717142852547767440e+00
2.522943543083373541e+00
1.373023399548368273e+00
1.867327411297568185e+00
6.806240355671961062e+00
3.205038593072390363e+00
1.387067804510022873e+00
9.143165158771692225e-01
3.551991126672398469e+00
1.398884007832038145e+00
2.775907923941350219e+00
4.268226307234093575e+00
2.237024105875276003e+00
5.228261812995219415e+00
2.637695659540482573e+00
1.100362599883496051e+00
1.101542477624171568e+00
2.077133487753613394e+00
6.478461929544311104e+00
3.984345188744817245e-01
2.559300642433851802e+00
4.357134853860551438e+00
7.483614904791911826e+00
6.754832485747336968e+00
4.394099928389676890e+00
1.372648935493326006e+00
2.563493517551438394e+00
3.428039157330148079e+00
3.687179261710662015e+00
1.841138289274250495e+00
4.569820648259548257e+00
2.825940563982472398e+00
4.380163217935392872e+00
2.087769076855799266e+00
5.507388621624324188e+00
2.248901798481787395e+00
3.782256014507269448e+00
1.475986500118934286e+00
6.587909550042166273e+00
1.288880971047273061e+00
6.434855325044923191e+00
2.422232933577809888e+00
3.283400099325531896e-01
2.582880068150426922e+00
5.405069243417362834e+00
1.792230228682589077e+00
7.611138537144679361e+00
3.510991764024398609e+00
2.632300919103010894e+00
6.339967214654077310e+00
5.702513857136201736e+00
4.824269479389406534e+00
6.364649928953173053e+00
7.251165781858824211e+00
3.320887989324397882e+00
4.778326638971828189e+00
1.647226957978263684e+00
2.242074189470525614e+00
3.177593879440590907e+00
4.439191460328533623e+00
4.425556647200322935e+00
4.021857769093069912e+00
3.954428910986623968e+00
4.088129652810079229e+00
2.462632311748357061e+00
9.180208376565989203e-01
1.568569522007125849e+00
1.918111014778939083e+00
8.891866540981923084e-01
3.015447032690917073e+00
5.723678938432207097e+00
3.782634098947121437e+00
2.178301588468992911e+00
2.024382956743720818e+00
1.446231776429373062e+00
6.596622240600464870e+00
4.887080145846287138e+00
5.594600028930647007e+00
1.915132918982775267e+00
3.220752107674406783e+00
1.769498218093085606e+00
6.849597308780268623e-01
5.827210076602386657e+00
4.105160946375041142e+00
1.684789662614024408e+00
2.833760784391106569e+00
2.772060574917390441e-01
7.083248301185277818e+00
4.247920754831136847e+00
3.490461462347359323e+00
6.544167319364982305e+00
3.171194692942233551e-01
1.852920983682863065e+00
4.457666212118856386e+00
1.249060953869456014e+01
5.126846402386005863e+00
7.080615039435768310e+00
6.549722593269513560e+00
2.196325353805951508e+00
2.289903803222457235e+00
7.905580781495425979e-01
7.148898186102077723e+00
7.204390649479712749e+00
1.872992186639749645e+00
1.891720185133049181e+00
3.645320863841522208e+00
2.296886229504538690e+00
3.714987114491195896e+00
2.743743073877171312e+00
1.708133111559668738e+00
1.589812734968970132e+00
3.796376839079300680e+00
1.033863517402267673e+00
2.152213645781670515e+00
1.389499308986653192e+00
2.766390238811196944e+00
3.867404240554552786e+00
2.266280348490496532e+00
1.193887945636733727e+00
2.821868820659986454e+00
6.356341915864361702e+00
1.889544054929569450e+00
8.044719668983777439e-01
2.569782428130938712e+00
1.240013893147290380e+00
6.131701404446400439e+00
7.393576023679387710e+00
7.365902630331599532e+00
7.037625784582200339e+00
5.646142478032897039e+00
1.469097363395105216e+00
5.243111628269691238e+00
4.312850306837182401e+00
8.008291245160925609e-01
5.367394838145490787e+00
2.717026424427318787e+00
4.688222958678512242e+00
4.153727865766135174e+00
1.623757277763876905e+00
8.254155437948069718e+00
1.776470320906117006e+00
1.047011570935791092e+01
3.801113917981658652e+00
1.848193582873327134e+00
2.512235603996553657e+00
9.870496583836784188e-01
2.305480881029209339e+00
4.616568743734106861e-01
3.914823395516362048e+00
2.399124289472409188e+00
2.710010248403870836e+00
2.512385841676902487e+00
1.700319937068667464e+00
7.032174997936514238e+00
5.134502686192653265e+00
2.859913888145249938e+00
7.495361276387169092e-01
2.249562955888379179e+00
5.610419196664417463e+00
3.147238507751811021e+00
1.687840847808514733e+00
6.375133506103433767e+00
2.026255339791221299e+00
3.528830856657441117e-01
3.172156853320180936e+00
3.751495761486173031e+00
2.455928111853096674e+00
1.664098929134616212e+00
1.522681034256315069e+00
2.265280710028705791e+00
3.607486921789175405e+00
4.331621135394803090e+00
4.233116368426546039e+00
4.276094370059317917e+00
4.730701168787149413e+00
3.646872478080267044e+00
2.387145931668010146e+00
1.792869667663289812e+00
2.080419091750726146e+00
3.450332829396872691e-01
5.280267909339362298e+00
4.668475407122263388e-01
6.490742010514672700e+00
8.790876188533783830e-01
3.851990732345340174e+00
3.753436530734080012e+00
1.513637114132538208e+00
1.071131021402705219e+00
8.518501144345616005e-01
2.020170297673022031e+00
3.071292172350237326e+00
3.747383578097590595e-01
3.765628795503890291e+00
1.270524421700276241e+00
3.651945018864173331e+00
5.713201641578818268e+00
6.633343271991398282e+00
5.181373958563129101e+00
7.910485331918064134e+00
1.471817813491801630e+00
2.604810538289858979e+00
1.360188905303784335e+00
5.312065000766604150e+00
3.957990074562431904e-01
1.485821876740037295e+00
6.332469117823093185e+00
1.715283388794919261e+00
3.988984288967742486e+00
6.661879094246763167e+00
1.769106111802557058e+00
2.768720805310580069e+00
6.458807259118614086e-01
5.905204886663059760e+00
3.057061240046569317e+00
6.263007255635704595e+00
2.146261801815768866e+00
3.440863963668575831e+00
1.097831355102363959e+00
5.515649315764894922e+00
2.420663207422093954e+00
4.236886021087376442e+00
1.545587989144679764e+00
6.092269420788302803e+00
6.784176202478198192e+00
1.782105039234116228e+00
4.380796496640472881e+00
1.041634333263079970e+00
3.214271660122182794e+00
4.800095595335085896e+00
2.726205915434028348e+00
5.825908767787654874e+00
3.750470815762784405e+00
3.152348093197948842e+00
3.071386744824089021e+00
7.097310386576182850e+00
1.231534890624027101e+00
4.979429979297042230e+00
3.211767810650855814e+00
2.003106862295216395e+00
1.053470747896144477e+00
5.359656605121939421e+00
1.106069607871540850e+00
7.356711792087241575e-01
2.252186938656808746e+00
2.894538767748794594e+00
3.032063814293693316e+00
3.056161649633473143e+00
1.774931917196318931e+00
2.406837852887728335e+00
6.127453726131142808e+00
1.886614490244715059e+00
3.004509297174633886e+00
3.932371495779942716e+00
1.283072117809605173e+00
2.110365815835017145e+00
5.782999615779351732e-01
1.006969927513772456e+00
6.325582791117572157e+00
7.043840581328981720e-01
4.574451908347406004e+00
1.230983268649270768e+00
2.053285868356558463e+00
5.856321727541567768e+00
6.887826278251480083e+00
2.079701712962003235e+00
2.143965732447085770e+00
1.299819689638661790e+00
2.153911545113063042e+00
7.463700487103628323e-01
6.688780940849592405e+00
1.384915957071584325e+00
9.697981599249462903e+00
5.321123011381816426e-01
1.797683915401349308e+00
3.388911435789788928e+00
1.231285844733742030e+00
3.873286010971895621e+00
2.448204945724473447e+00
6.644402384202489742e+00
1.282655343548222859e+00
1.494347407139547945e+00
1.607197325845731495e+00
2.298081486937847195e+00
2.795607281057244986e+00
1.950890576233198281e+00
6.037021324323390559e+00
4.726124890428100578e+00
1.361947544058930593e+00
7.432214158014308625e-01
4.897684337101054552e+00
7.000107411009157232e+00
2.285400483166271091e+00
5.190122901565287883e+00
2.323702852029043253e+00
4.053696690224707133e+00
7.908121751492800833e+00
6.885800066658445129e-01
1.582957525443360103e+00
2.835086884929692630e+00
6.998027493358881301e+00
8.892819925051941299e-01
4.400362772995523031e+00
4.407540966936415394e+00
2.923102835662561017e+00
1.555638269941944873e+00
2.489509465344812433e+00
7.096214364320567292e+00
2.577983117204996066e+00
2.439549433652569821e+00
2.859638177387179514e+00
5.525135683760090899e+00
1.850805014926694581e+00
2.405757613428163300e+00
2.562500949073882595e+00
3.133633402371368337e+00
3.580226701069727291e+00
3.247265183975962088e+00
1.787955078268499198e+00
2.121781329400236338e+00
3.562872178257017186e+00
8.180556802588153431e+00
1.775188116075452571e+00
2.161298159595068213e+00
1.054120350740903334e+01
3.140381125880165492e+00
6.623475888711159776e+00
7.439297346619339280e+00
8.081585513138536125e-01
1.937701952226020818e+00
3.707296432953203436e+00
1.452135425242697897e+00
1.066289585515733052e+00
1.172658624318669407e+00
5.504093367008281668e+00
3.277873247502438581e+00
4.684936210072576657e+00
2.001828836163680236e+00
3.744029216648702807e+00
4.534785750478500965e+00
4.837112488919379061e+00
1.281214623272125541e+00
1.488527804969904000e+00
4.830532538756225236e+00
2.184931894514654527e+00
4.793557596043259927e+00
1.139400883491134220e+00
1.518612332551927624e+00
4.381904841974408882e+00
6.362207890557894707e+00
5.446486805822427613e+00
1.389607923372109921e+00
7.412485615549067042e+00
9.100636967610819639e+00
6.406398568010353012e-01
7.465815659673122884e-01
1.578456591848412804e+00
8.261788729591804881e+00
4.506514568384500485e+00
6.181153553552320545e+00
5.046211607446362102e+00
6.675579889035144099e+00
2.414548801951171608e+00
4.019059054249737528e+00
5.349325635061485951e-01
4.525479922913184794e+00
4.465131880522594798e+00
5.142179589465053269e+00
6.144965125868298905e+00
8.039354727508338794e-01
2.150383021917177562e+00
1.255798523557775326e+00
2.649435311639517288e+00
3.810976380889204318e+00
2.590797936911891419e+00
2.217625335894862548e+00
1.933393580080703833e+00
2.601754242526729488e+00
2.631447585146680535e+00
1.683219425227130417e+00
2.842325019387999419e+00
2.002355018773602335e+00
6.442364798819451011e+00
5.423492640375257245e+00
1.488227166298599524e+00
4.099242668210168361e+00
2.277526062106106863e+00
3.166858452336843044e+00
5.080558661576048962e+00
1.180556775328204822e+01
4.589080535159721919e+00
7.656267248002224690e+00
2.929098561354806840e+00
5.746196044129308511e+00
6.114480815729786300e+00
4.589871488019706902e+00
5.568821709182234514e+00
4.220379003101013105e+00
3.750306867790679455e+00
5.792566732268988439e+00
3.290911235108787469e+00
4.286964380650065465e+00
3.117110364254013888e+00
1.682775069695198411e+00
7.200469755830936069e-01
2.759156069330523486e+00
1.931780616693693275e+00
3.254281248940697147e+00
3.337985736238146206e+00
2.920361675906549159e+00
1.584163614964819500e+00
1.474058724043742163e+00
2.300896836516103328e+00
3.330301902512612156e+00
1.462039071545720104e+00
2.362549666690013372e-01
5.796562468010707292e+00
1.445152343860235167e+00
3.370323697506605320e+00
7.337755869366835881e+00
7.161192954107087338e-01
3.062538700128815794e+00
1.784639132644356918e+00
6.179726818592149229e+00
1.000975148629619227e+00
1.852616544689807965e+00
1.861453759718669332e+00
4.669707365276095423e+00
4.901661709816561796e+00
1.035393923047049691e+00
3.053920405216043132e+00
5.466463022628319735e+00
2.621311097800143930e+00
2.463695582128640371e+00
5.386973466001204969e+00
6.581406831142086133e+00
2.121836496920677106e+00
6.887486051841468004e+00
2.747598730362527331e+00
2.131011506884942452e+00
3.567467807598416751e+00
2.328030364578673073e+00
4.642999862603517158e+00
1.924979775845513386e+00
3.643376583091981313e+00
3.543536144411703503e+00
6.181666647803444326e-01
3.609605243357683069e+00
1.285362036698427968e+00
7.389444899344300488e+00
3.094049867764943951e+00
2.235930465992097993e+00
1.767296132834681677e+00
6.625857716479580661e-01
1.606088698843979090e+00
6.414398017107589833e-01
4.741001722939869545e+00
3.123657011304745712e+00
5.254475238111401936e+00
3.065876112488067129e+00
1.965756389964103956e+00
3.886670660007994993e+00
1.185360939259690660e+00
6.421209954046615209e+00
2.492825284401959607e+00
1.275842649939660900e+00
1.667734417236473643e+00
1.029546785968321387e+00
3.445300732712989422e+00
6.283473728272748193e-01
7.794848389521634502e+00
7.611586090223805279e+00
4.855357316098878329e+00
2.014881190944397993e+00
2.975500447966758610e+00
8.358224154444585663e-01
1.634415773721720644e+00
2.119660499878828652e+00
4.242384582198887699e+00
9.018503333315156523e-01
1.908905144684047150e-01
1.388564769565456603e+00
6.735415568404814479e+00
2.721439675903043920e+00
3.694672772280965578e+00
5.470244531605792382e+00
2.948745958677343015e+00
4.263511374605753801e+00
6.712783444048219472e+00
1.774221688980607059e+00
5.404838654577749146e+00
5.376029539266770740e+00
5.324915018041773251e+00
3.355765694109619002e+00
4.378052110952572740e+00
5.085813157868440904e+00
5.976276710737995934e+00
1.668258987907731972e-01
1.652143976113501500e+00
4.064548820567607024e+00
1.836614573267763229e+00
3.175292255475198999e+00
2.327384590040323609e+00
5.251048049202896806e+00
1.364780768068329708e+00
1.699998502758119034e+00
1.344418845087296699e+00
2.380276853128469039e+00
4.136076805237599352e+00
2.226574807032937198e+00
2.575406835663840877e+00
7.884719601296672487e-01
1.803786452880599800e+00
4.134955052090025340e+00
2.080633909324327568e+00
2.607723918278525677e+00
1.330861834408031186e+00
3.517444619046920629e+00
1.934736726613446034e-01
2.173015063983459783e+00
4.979788139223486176e+00
1.337655215082017124e+00
3.509180486430818924e+00
8.967475026261633175e+00
1.469068680836414842e+00
4.618706327565896608e+00
2.556291195275633310e+00
1.423438747800112703e+00
1.026565302473134267e+00
3.845690781352960386e+00
1.981012630908028704e+00
2.508228087159964925e+00
3.080310093856728493e+00
4.749788872039988341e+00
3.209377860544671890e+00
9.280604557813280087e-01
1.523114340178375770e+00
6.035819331398927012e+00
5.496402276411959775e+00
5.004974635256275173e-01
7.414547529699556661e-01
4.500740502071515436e+00
3.406360901450577572e+00
2.806611261520106648e+00
1.541817121146695113e+00
1.220355431121347145e+00
8.465794477781781735e-01
1.521531752264213777e+00
1.624363598723713054e+00
2.409954025117728271e+00
2.707189918646988769e+00
4.176029553731133603e+00
3.615866036172158182e+00
3.736083145960248597e+00
4.468222815932848313e+00
1.535674138830472213e+00
2.153757849465964824e+00
2.564742501499397864e+00
5.310927332305125148e+00
2.144621519850283153e+00
3.059914299983094388e+00
3.919624429038111479e+00
2.837294718839266316e+00
1.055607716274957530e+00
4.808727990756654691e+00
1.785415468322061328e+00
3.264484037558827545e+00
5.073469640874561648e-01
2.138648616510679279e+00
4.063213936427166217e+00
2.507259777971004855e+00
3.918528407505684541e+00
1.852598914905088989e+00
1.543780746002204163e+00
1.612111908542626315e+00
2.014360993306192338e+00
3.703796911864547514e+00
9.904112685546211381e+00
2.786921880899463577e+00
5.708989186119101333e+00
4.719321089336050434e+00
3.112959649858467071e+00
5.607089369503404086e+00
3.425662284097798160e+00
4.041961893527723504e+00
4.003418678931199182e+00
4.803515640324334868e+00
1.529124600920719779e+00
5.345503566294720343e-01
1.135406458905049476e+01
1.370657423892738258e+00
9.321077320994763937e+00
1.480389898541017546e+00
3.002642656488060169e+00
3.930968879383093029e+00
1.867318749759842911e+00
2.913390010500446436e+00
3.555557874654597050e+00
7.549914683270180227e-01
1.201289712269051790e+00
1.279554602763887550e+00
1.294937987432217774e+00
2.116801619257245193e+00
3.034284040279400685e+00
5.380758899701701736e+00
2.768062819517647988e+00
4.529840186903056676e+00
1.467610479807919033e+00
4.653731078374177876e+00
1.507698333286115577e+00
6.073680587165577016e+00
4.459851369964022538e+00
5.806968731131201267e+00
4.452163093867683941e+00
4.065152917270085986e+00
5.207361391115907345e+00
1.653573678723108120e+00
2.847867336783584058e+00
2.863182486764688672e+00
3.975172738417608320e-01
3.035233922119845662e+00
5.555397415328069854e+00
7.783114565278199670e-01
4.042747067269993444e+00
1.946740946490896018e+00
1.429885440161621668e+00
4.194802522161992009e+00
4.152870464229827974e+00
3.932126677912460178e+00
2.632388736540534513e+00
6.155017307923928094e+00
1.827309815745940869e+00
4.933295345272207477e+00
1.557269165915129649e+00
3.427319888154112704e+00
5.975600622873232126e+00
2.146897444333617511e+00
1.241647620851186407e+00
2.118069315176671630e+00
4.445427695844407445e+00
9.956245218664461216e-01
4.168245098734281839e+00
9.459658558779494575e-01
2.608625222050440229e+00
2.464879580435894724e+00
1.311530494700668736e+00
6.954866045151747223e+00
1.786672047383794038e+00
4.424961363309972029e+00
9.479547658702796031e-01
3.696629565308701793e+00
1.315496759715993669e+00
9.482348515731127137e-01
1.946290014090867881e+00
3.787785086660118594e+00
4.169148511739586005e-01
2.602937024209557304e+00
2.506190660528340608e+00
6.029232475973174132e+00
6.670171328789209042e+00
4.974734448160136324e-01
4.021711877943438651e+00
6.627621061162511040e+00
3.468735145784567209e+00
3.392982258157597020e+00
4.793660926999872451e+00
2.755797916651410606e+00
1.143989333904626982e+00
1.355361416326509305e+00
1.891454110471343819e+00
3.597294378590219832e+00
4.602997063650623666e+00
3.435601260861987694e+00
2.002266683285981230e+00
1.731845431566931826e+00
2.525208388669807569e+00
8.869103218519195364e-01
1.273634258148539367e+00
2.718248621687622713e+00
4.604373783848789259e+00
1.554090910714091445e+00
3.435875445086717050e+00
2.673960189834476697e+00
1.724785528540043744e+00
5.155160481400355543e+00
1.346539296864690316e+00
2.438572761793120769e+00
2.982986783717249235e+00
5.747050494513403329e+00
3.304959866544780134e+00
1.177932040231911559e+00
2.777009470666078172e+00
3.587881081056565336e+00
2.429063993321876502e+00
6.621390538651721336e+00
7.401813137519579477e-01
9.318445726650285144e-01
1.713281241063632443e+00
3.292509387760657713e+00
2.207862350558446707e+00
1.688923699622974617e+00
3.717087848682825157e+00
4.917839144215115921e-01
5.905758689374364323e+00
3.147915854152331772e+00
5.452419819519864319e+00
1.924725983914288063e+00
5.377435170268086040e+00
9.868610985556138804e-01
4.642128443572421936e+00
1.368836953215977204e+00
3.576981439987006350e+00
7.717870190716688006e-01
3.070581220164885661e+00
4.627082604305040370e+00
5.687365766352220353e-01
3.243835627775742303e+00
1.417155600208351185e+00
3.459879931015668486e+00
1.933164699677576426e+00
3.223726181246898026e+00
4.001674492169048136e+00
1.549771636602620184e+00
3.093874194177051340e+00
2.598048894664771957e+00
2.984993833413435382e+00
1.623692909808366780e+00
5.064308281908627585e+00
1.114731165175406824e+00
6.385153702447954771e+00
3.945574266760831339e+00
4.807103719849446399e+00
1.359445509227500848e+00
5.090828455516286155e+00
1.773354255213777764e+00
2.574683989032179099e+00
6.665598606379550262e+00
8.298447194889762457e+00
6.362678066177645420e+00
3.198301754502589134e+00
5.104647697395445327e+00
6.782126794820021232e+00
3.292577439902899972e+00
1.740180776620621206e+00
7.153756324735874195e+00
1.814833690142029887e+00
4.376931025147754006e+00
3.044887434369893509e+00
1.698928729523964121e+00
1.807056932954815620e+00
4.052232333713441825e+00
6.186806916860882133e+00
3.116188428842887048e-01
3.560210508618495862e+00
8.014663603568296102e-01
2.927608205447089329e+00
1.115654289521035958e+00
4.453084879038592625e+00
2.009978867537610459e+00
3.088992849539125007e+00
2.051911145749667043e+00
1.753927402226722609e+00
1.152835341422542736e+00
5.331932203777087764e+00
2.531588155464675083e+00
6.190731053746998391e+00
7.481552428557047829e-01
3.582147134947449185e+00
7.386130544265568254e+00
1.077391089225293586e+00
3.426757990942506549e+00
4.524329391260533684e-01
2.745536760744000215e+00
3.791455558926056124e+00
1.684887155757416988e+00
1.138218726873731823e+00
4.813137236475650838e+00
2.406684888104985376e+00
2.106015642653698450e+00
1.334814959415810742e+00
1.342214056349090079e+00
6.767286405930930115e+00
1.469554657935282505e+00
7.458794173516784198e+00
1.629181790402329799e+00
2.338479485317417783e+00
1.304689877417286148e+00
6.723977788621139595e+00
4.397963444638939845e-01
1.103104011051351918e+00
8.394207748059377749e+00
2.284320852852660177e+00
4.589656063224992089e+00
3.504221411534761188e+00
1.119593122219887160e+00
2.286933324384806898e+00
2.971582951570513664e+00
3.123492237310145470e+00
7.088577735633565524e+00
1.014003773720878243e+00
5.080959689536951984e+00
4.334664384899651779e+00
6.651094998993952068e+00
2.357380993113456391e+00
4.082439435684108275e+00
3.722722630665010968e+00
2.917779737911684101e+00
1.067457363171723017e+00
6.787796721437021397e+00
1.681181051588415132e+00
5.558913540780221929e+00
3.459825384414655147e+00
1.969625607300254266e+00
3.574915039571479269e+00
1.482763759237982759e+00
4.162854524321732086e+00
2.282836015866783086e+00
1.770903046508991663e+00
4.244613085452496826e+00
4.554799624424614279e+00
8.475043629118896860e+00
1.152931056223580608e+00
4.029259606593353027e+00
1.806925153018106078e+00
5.815509317017547808e+00
1.576801686437292904e+00
2.543687539103676176e+00
5.235332998367694834e+00
7.907924815201170965e+00
2.112056418963665916e+00
5.190734542938439944e+00
8.626543277069670168e+00
4.199177382782867340e+00
2.446417095055112068e+00
1.795896437826694836e+00
2.237287380893799416e+00
5.372888908661543894e+00
6.872496797405497349e-01
1.024623612250901816e+00
4.171651747216651884e+00
5.587615162651117018e+00
5.218887188494409024e+00
2.526397496440107471e+00
4.366573003173004786e+00
9.300944354601071495e+00
7.871701623246733170e+00
8.990440534224141800e+00
3.773144901610082425e+00
4.571504965930319742e+00
4.660702008556997455e+00
7.495115965053786411e+00
5.030576975222066372e-01
3.701679863920825486e+00
9.423526418617799161e-01
2.910296844168585917e+00
9.133836062329380168e-01
9.190515252254684020e-01
6.678987495322486367e+00
2.089520619825662173e+00
1.289056114597976865e+00
2.671234569511838242e+00
1.358399144141277048e+00
1.278796155394346323e+00
4.373150737003205002e+00
4.574045032517197740e+00
1.310202760986867387e+00
5.938132775410520203e+00
1.271329999438469471e+00
2.973644097336235692e+00
4.830197848485717760e-01
1.910493504025584377e+00
7.979849251985538849e+00
1.267937541147994507e+00
4.749251546966680060e+00
2.847004099360377349e+00
7.876790589922967989e+00
1.220743929341145950e+00
1.790115452591946932e+00
4.153246395595421525e+00
1.195070474857497178e+00
6.299881162932618572e+00
1.218166037024348558e+00
3.222130041268721268e+00
3.994730254594461183e+00
1.766623665106956453e+00
1.099616198661797162e+00
3.352236046688243043e+00
1.384279259689254360e+00
1.688418742846386822e+00
4.332668282782917935e+00
6.175572944523405994e+00
2.400945768866654895e+00
8.360889516965302803e+00
3.437958502896645285e+00
5.428342582845115061e+00
2.342939401214403805e+00
1.017956633883279949e+01
1.649843642698443968e+00
3.634615722469848542e+00
8.316279921531842811e-01
2.972862160247975893e+00
6.408926202940078198e+00
1.013178647547230860e+00
4.171002778312269399e+00
3.667756452495423591e+00
4.177194970747512670e+00
6.769242022876719389e+00
4.155795015719086827e+00
9.760093369101923155e-01
3.727747198589491440e+00
1.897591277129248022e+00
3.444696936391191677e+00
2.679712281962167264e+00
1.093034815857026221e+00
3.321696078491741311e+00
2.425518607445275254e+00
1.795119062478652161e+00
8.071910799930994695e-01
1.840022190141023417e+00
8.954916582496500466e-01
4.091239946736392241e+00
2.277098337715925069e+00
4.399022616243258632e+00
5.759067350309018174e+00
4.387818140182787374e+00
1.182072343450155394e+01
6.024189190275231809e+00
1.379389958161857388e+00
1.189584375387140680e+00
6.921248710702390561e+00
9.192599714741909178e-01
4.566845723496484766e+00
5.678161169622085502e+00
1.709399591996973999e+00
1.411154585344508439e+00
1.224239927935280026e+00
3.416492766902366363e+00
4.595134678497280412e+00
3.880498478346095403e+00
1.218121837244206418e+00
5.654113180557227558e+00
7.661859410256938174e-01
6.559868275061375265e+00
6.244201531228656954e+00
7.221830117856640197e-01
3.161897198765843964e+00
8.370036325982557202e+00
1.881480087240877008e+00
2.683448776958085702e+00
1.990079681183743787e+00
5.988285907488442028e+00
2.500937763990709772e+00
1.808364049416388175e+00
1.172134816504345700e+00
1.968839673129609835e+00
7.152700760309408379e-01
1.045263596861402178e+01
2.078341440076120872e+00
1.490168648823588349e+00
3.630510573821046805e+00
2.867215004617545748e+00
5.705369106365099086e-01
1.196514877923273268e+00
3.820449737001691215e+00
5.333148861657488915e+00
1.004212785262412977e+00
3.312593879018333354e+00
4.103278291033999103e+00
2.237032933722196582e+00
2.516543047918723186e+00
1.118684949371838266e+00
1.815463804946890081e+00
2.722765248848444397e+00
9.173318574406953418e-01
9.286175294086426391e+00
8.458838887646885851e+00
3.056299430205152046e+00
7.804038555209308337e-01
5.273852456790559806e+00
2.166990713496955490e+00
2.117479906010630852e+00
2.832691980518162289e+00
3.404444931435703925e+00
6.107833674439870464e+00
5.377879031336562088e-01
6.319905098863302761e+00
1.763540234634447756e+00
3.150764699622301546e+00
3.673469064851357935e+00
4.349977012241762253e+00
8.550411760912799419e-01
9.310812568760630015e+00
3.493830742979437076e+00
9.535218855580761543e-01
4.257965231887912871e+00
2.012352730673515833e+00
6.373150855147664551e-01
1.294872539767721431e+00
2.771788456790956978e+00
2.308246624393742952e+00
1.579139732695076237e+00
7.289998132716621448e+00
1.176529217614773026e+00
1.474594773001788983e+00
2.941424530288709427e+00
3.983017323923458086e+00
1.617611499832958266e+00
4.369144591489364515e+00
9.124067639836940247e-01
1.994459754838912913e+00
1.443185299760296969e+00
6.706751952872751055e+00
1.531979745709824758e+00
2.983252918909224394e-01
7.404115708009648689e-01
3.037481379746223009e+00
2.210763734447820816e+00
2.283129139479237235e+00
2.106055958708455300e+00
2.189557964858963146e+00
1.957577241622161734e+00
1.976067548654131922e+00
2.611357657135042309e+00
1.812318438330969173e+00
6.822320069419323119e+00
2.122879987965724080e+00
4.470987185612844250e+00
6.604617908389885939e-01
2.115836392758538853e+00
3.522186285355527247e+00
5.972616934647681397e+00
4.101036688540284914e+00
3.553882616867678479e+00
3.347096927248251585e+00
5.744959575781072303e+00
1.571250402399112955e+00
1.641483667865998752e+00
5.723175346942379171e+00
6.729413988941646885e+00
2.285553823286099906e+00
3.700273625214780537e+00
1.225892995664625396e+00
2.291961474196077209e+00
3.373419887036256171e+00
2.984192723006558357e+00
4.241443070829155282e+00
2.495164365872535761e+00
7.044821771238874319e+00
3.489508422480402494e+00
5.674702266172301890e+00
3.057095932460760501e+00
2.311437699760749531e+00
6.760221719310266941e+00
8.444969067969454457e-01
2.089623878928224432e+00
3.190842839192938651e+00
2.690422762136166490e+00
3.763106765174022428e+00
1.684100501845483766e+00
2.117819740158216391e+00
4.264588816994629994e+00
2.802640125314934227e+00
3.488269772452038175e+00
5.182779626818174279e+00
1.090876765419454886e+00
1.790781705042745697e+00
6.915960695993397245e+00
6.060310971048122219e+00
3.618743871907428744e+00
6.335034920069063880e+00
4.999644423109781854e+00
4.233541303751876761e+00
3.215025904151187497e-01
6.762453426618520780e+00
6.706946503169610718e-01
3.632594620524360440e+00
4.560595376203267493e-01
1.775616220486610164e+00
1.565714172280749494e+00
3.171768526506484775e+00
5.908828221413934934e+00
1.619650867574669029e+00
5.654637635614716551e+00
3.054076040465546260e+00
1.683767229354936390e+00
5.693888757521703425e+00
1.110252275192480376e+00
1.489139407876085563e+00
1.474760861039547732e+00
5.997863824272949174e+00
2.463502450812434574e+00
6.592186336899963806e+00
3.637775988554035611e-01
3.566876610555458349e+00
4.652442203188191350e+00
1.971687637764566237e+00
4.492975967698838780e+00
5.955556021106252373e+00
9.628860795257787597e-01
4.389493043357877156e+00
2.072991045205089922e+00
1.981204183615014713e+00
7.777240983020888621e+00
2.031264857010735891e+00
2.940833078862426397e+00
4.852358700728617080e+00
4.193095813902861124e+00
3.265371075515437926e+00
7.261112781036441532e+00
5.998528047549657849e+00
7.807393501820849124e+00
3.320072938807556717e+00
2.356440504829142135e+00
9.173238888862296214e-01
1.185985482415431003e+00
6.216401884436081993e+00
1.603300466903486265e+00
1.034127389706173794e+00
4.903440297281321136e+00
1.407734127230849230e+00
3.833737507448032655e+00
6.227494420925212548e-01
2.873449896962752437e+00
4.572891574719074370e+00
4.585141029623533981e+00
4.986235915700174992e+00
2.371698193371503560e+00
2.405692015739413492e+00
1.777594961512960703e+00
5.152924661410647644e+00
5.020694487858456512e+00
6.413621461869015050e+00
2.697500830691753837e+00
4.191063759428163671e+00
3.454974710823631057e+00
1.584913006726721418e+00
2.233419493976194659e+00
1.115522076449257494e+00
8.750200607861076119e-01
6.060960944527949756e+00
9.239047283980574843e-01
1.092010485943329279e+00
4.149652371564799047e+00
3.216027276264977974e+00
3.287270954991563521e+00
6.027003956451577160e+00
5.980466476326516734e+00
7.065544626145941365e+00
3.383701296751580490e+00
1.642001329164743950e+00
3.081038023511413648e+00
2.954599083534306114e+00
2.626495347107107303e+00
7.352558024284173044e+00
2.343831855387124019e+00
3.845059778973627385e+00
1.516666012555534460e+00
2.483650931463055489e+00
9.469972171392486704e-01
1.968185104982339118e+00
1.770027273625313535e+00
3.173729698541541744e+00
1.702442165065801705e+00
1.629421539449327438e+00
2.954139697223113981e+00
1.747981323820147148e+00
6.704169575099299117e+00
1.647374336669545247e+00
6.835361287358507898e-01
2.803439261579117048e+00
5.380070487512954358e+00
3.663247071053044479e+00
7.900940254460878664e-01
2.668739105315215188e+00
1.603215363565632101e+00
2.957483342389719105e+00
2.832878277944854251e+00
9.966633281857989468e-01
1.276388680013252230e+00
3.044812259727980308e+00
1.155212390207602802e+00
2.141418090231824500e+00
2.497705494832421991e+00
2.457467232504436883e+00
2.650147896162252881e+00
1.233970391585250237e+00
2.841911242183002617e+00
2.029982690803331824e+00
7.601997437888013742e+00
2.752791721213929232e+00
6.899511870793696211e+00
8.576296898192957707e-01
8.387023945185731577e+00
6.704615240876261595e+00
4.183642728630048602e+00
1.530635533023767758e+00
2.190287066200264920e+00
1.923982360213260412e+00
7.196922172294448750e+00
6.471761714019732992e+00
1.826970946705499976e+00
3.754146656099961010e+00
1.248487011154981952e+00
1.327209345166904697e+00
2.556135998232283324e+00
2.579500533237913729e+00
1.617887232752386106e+00
2.101819388948235279e+00
4.476770526037819664e+00
2.538952262630814527e+00
3.159064252725876099e+00
1.959519970867834582e+00
3.406008856327847667e+00
4.629766152299111148e+00
5.650439134762612170e+00
4.725745083332399510e+00
1.593633743441510653e+00
5.407334237567589241e+00
7.320286776271975882e+00
3.958888593552868596e+00
1.016302184208481396e+00
2.211263529797799610e+00
4.862134462497639475e+00
2.472754320520870852e+00
6.133199004470840876e+00
2.508629449490534569e+00
4.189433396091717832e+00
2.386291561964446029e+00
1.932646953288573721e+00
4.245595309466860812e+00
3.219772174757464800e+00
3.324778922943545378e+00
5.213102864099560030e+00
3.589858977351693792e+00
2.222626009427526306e+00
2.119612798407057852e+00
4.372553107855233989e+00
1.313194740345180245e+00
1.983665154030921585e+00
2.171997527933362537e+00
3.159503750579632619e+00
2.810390228287220626e+00
2.114811910774569093e+00
3.363076933604796093e+00
1.681084518097585079e+00
2.540703992399400590e+00
1.633174944916579330e+00
4.773670749800081659e+00
4.685503974988973752e+00
1.629588771083941401e+00
6.181162673096963545e+00
1.108120567499038867e+00
4.005479212945270540e+00
1.667434370998670312e+00
5.367386449092450995e+00
1.805430420841130035e+00
2.409435151005428821e+00
1.277730688007258086e+00
1.776890665567266492e+00
3.215890089616537217e+00
2.493367181546998435e+00
7.972725431127861695e-01
5.281573364225919498e+00
2.834328817642433052e+00
5.154167646350111820e-01
4.206493335301931147e+00
4.603649744838512525e+00
1.072766499710774424e+00
2.814655087791631427e+00
2.763574696007003340e+00
2.791972545207236145e+00
2.710006270158576314e+00
6.084900834160688277e+00
2.667868631460047268e+00
5.366480007850501721e+00
2.979478632299125351e+00
4.024076994777304961e+00
3.226249075870099681e+00
4.706556449556371646e+00
2.853360874658191548e+00
8.142555497122119235e+00
2.764790320192532125e+00
1.405063191080683227e+00
6.852343352278898791e+00
1.551739882895524225e+00
7.147358637861593422e+00
1.665558381364093066e+00
2.375016476009339517e+00
1.054027547409554399e+00
1.750148491322359057e+00
2.782663825790299583e+00
2.900891831500283402e+00
8.567632436352573322e+00
2.276694082456888868e+00
3.277718666651606050e+00
1.239429766100761388e+00
4.508347478314906454e+00
1.702449055163400837e+00
1.281150766219777415e+00
2.087444375897500759e+00
2.624997385290118501e+00
4.221723013167808070e+00
2.306011108210770377e+00
3.912965907568043633e+00
3.901377977483929893e+00
3.141541612945528250e+00
2.584242343163965394e+00
2.520730394842071398e+00
1.836273775454377644e+00
5.508585752715392303e+00
2.939328143708169083e+00
2.623965510394211442e+00
1.131721832822147888e+00
7.775889230487933901e+00
1.460628896411600985e+00
2.703761034413163511e+00
1.317117207959983993e+00
5.248337694031744327e+00
6.182033667259381637e+00
1.376011070957573246e+00
6.070923974184530891e+00
2.472864491270891030e+00
9.771565432364295312e-01
5.490363341780923889e-01
1.257598414052573554e+00
1.603313099223631522e+00
1.988302723599743915e+00
2.569917537649155648e+00
3.916419008011650327e+00
1.308166548915818295e+00
7.887309495545100191e+00
8.766845088733586921e-01
3.433260336202332841e+00
6.813241442568742645e-01
4.249242978526864611e+00
2.684109720471011595e+00
2.856300857832428708e+00
5.827000446310903747e+00
4.934198047005139642e+00
3.725351287152200430e-01
3.310055197421999384e+00
2.472877399168816215e+00
9.165437133537921000e+00
2.787268517203317142e+00
5.624066738637492513e+00
1.166284386087917513e+00
4.048248622471886549e+00
2.787456786276404141e+00
3.581845465297241571e+00
1.548231248180017561e+00
1.404813305106824339e+00
1.681842231485789263e+00
4.959524520670668402e+00
6.892393420463541531e+00
3.825167216354900201e+00
3.814118548945161447e+00
3.721716871341121280e+00
3.574915729479871018e+00
2.782675672343271511e+00
4.618780900232136055e+00
3.288795820404911030e+00
2.082649604758060491e+00
4.827719960985101366e+00
5.136750500877750092e+00
1.843203655483895531e+00
3.054369781778958792e+00
1.192554922077949220e+00
1.185352745087624005e+00
2.346023964711676069e+00
2.658255211455296418e+00
9.789771539442663206e-01
3.197870389050396334e+00
3.116274889222890643e+00
7.475624925913145091e+00
4.228140923883663582e+00
4.680639634218512590e+00
3.074506787530663754e+00
6.796618062273873662e+00
6.390599563733407429e+00
5.592135705326193307e-01
1.063320888534345698e+01
3.236207257867201648e+00
3.225307766157933020e+00
5.029879332342193088e+00
2.770949896483261288e+00
5.040837190285668790e+00
1.145906733033543112e+01
1.247556100883758790e+00
2.553092749182224175e+00
8.274178262798503880e+00
7.206043832354737333e+00
2.386894221890705658e+00
2.613494947604096730e+00
4.507777157905087373e-01
6.918850787634257316e+00
2.759756091250765042e+00
2.430878300678300796e+00
9.450912656899451703e-01
2.164406340178963717e+00
1.142782251496934576e+00
3.275623593265932332e+00
3.540611666775800970e+00
6.366266277259175155e+00
2.143511073144698909e+00
9.798371197991009307e-01
1.937843879487901155e+00
3.517255423777660983e+00
1.119118168008645053e+00
1.047283252938185472e+00
4.252875513153485443e+00
2.477230070355367797e+00
4.336499128797898450e+00
1.906703423336893133e+00
9.602764240749156466e-01
7.676633012576694171e+00
3.621922438738497174e+00
1.026821534394896318e+00
1.568748970343331051e+00
2.515189703358379880e+00
1.022276474467348928e+00
4.573897981203920438e+00
3.130096265338381478e+00
1.070398572428056916e+00
4.596405084177373368e+00
4.686881099021708685e+00
7.765658129573176360e-01
6.991870105553602777e+00
3.339518587402492855e+00
1.109729023893230471e+00
3.569110450197996887e+00
4.711026063592571589e+00
2.412856554700243183e+00
3.213963540344532799e+00
5.899459417765507752e+00
2.890479789653147336e+00
4.109223800371495372e+00
1.985361083398246684e+00
2.209990738860756920e+00
1.012828443527804323e+00
6.561875705508660062e+00
1.205176334229686619e+00
4.075433765514200779e+00
4.744388369949938067e+00
4.252511728236157751e+00
2.874593141432039367e+00
2.186092618746902083e+00
6.196915572929634131e+00
6.715767528417007082e-01
2.937164945243437408e+00
4.838849101290024990e+00
2.783129333236872061e+00
6.716835129523815340e+00
1.662867384369931978e+00
1.606603406417972169e+00
5.105403154983951808e+00
3.512545616636825407e+00
4.552257344171716014e+00
7.964017347237004607e+00
9.607667955077321409e+00
2.182451754536872013e+00
4.415328115507153761e+00
1.365252758036723968e+00
8.706309442327981429e+00
1.236989449961203968e+00
4.170468027571789804e+00
1.311765260040248959e+00
1.557511645032232828e+00
3.822057576427820624e+00
4.803365789561807375e+00
2.424208860690512335e+00
1.736417661417070768e+00
6.558208399481753936e+00
3.230514404991433164e+00
5.031608806383387478e-01
7.206209405531731171e+00
2.587812825717151544e+00
2.498334025624199817e-01
3.923146758592647387e+00
2.204714418604334369e+00
2.007397030912882574e+00
2.162718959193668411e+00
2.964616034290610713e+00
1.943257489707010288e+00
4.200017418058304308e+00
6.206561973134524512e-01
1.490461437881487772e+00
8.578830227112297369e-01
6.270855100355584577e-01
3.608747534953186342e+00
4.230646560571706516e+00
4.557034264868641493e+00
3.171101608956692797e+00
4.930968986265130916e+00
5.264872263794576845e+00
4.854684953549583071e+00
2.042883922458161194e+00
2.470260889608384414e+00
5.671231018649230293e+00
2.787041049707798201e+00
1.306740532681518019e+00
2.701040143836626495e+00
3.862005662804306017e+00
7.838898683578123361e+00
4.227280377878455120e+00
3.923610451391020604e+00
2.682110256790906533e+00
8.795858083663558702e+00
6.009628317657178975e+00
6.628896960540679117e+00
1.417963997582865288e+00
9.398804738854875662e-01
1.182292571105107548e+00
3.922092504604432595e+00
1.368780299285752067e+00
5.036578893696331605e+00
3.808847038983800726e+00
6.237360379714708358e+00
2.149903757100427804e+00
3.270641306067415766e+00
1.426866469778712565e+00
3.551497169795564179e+00
1.596782528020463054e+00
2.895002642251926162e+00
8.485388154028007390e-01
5.402461876224994519e+00
2.818567642909974413e+00
8.602064118049042918e+00
4.142238867039902850e+00
7.318581428420426471e-01
5.539828939612307046e+00
9.443115628592387845e-01
3.064063460130823202e+00
5.805748639648142806e-01
7.992724463161888782e-01
1.437276554814832519e+00
3.384420259785419827e+00
7.611443149762926019e+00
1.429690651910473731e+00
2.701796286770074662e+00
2.462280871699632723e+00
4.160470298815571510e+00
4.995737091859706602e+00
2.437903112347459711e+00
2.445514168931981480e+00
1.242897786605448029e+00
3.395013690868298184e+00
9.364442699652184565e-01
1.280103348687244402e+00
6.829952623266716039e+00
6.368406361626481882e+00
7.014842961612528072e+00
4.513337884032081249e+00
1.893094218721206756e+00
7.691428419611208156e-01
2.319327003994828384e+00
1.240893300900382634e+00
2.361762630600298341e+00
2.271744524333654702e+00
1.173576266798677104e+00
6.653470734218266180e+00
2.895325219285878049e+00
4.482230506045482343e+00
1.622478512528940930e+00
1.964557981039333878e+00
6.053548567015333504e+00
1.328798176537482334e+00
2.161172704600737848e+00
3.084467361678096431e+00
1.244582884807657441e+00
1.858764172249108393e+00
2.040048285884831447e+00
1.811768335782881545e+00
4.671880385776995936e+00
1.147767346533992594e+00
3.208114376707188686e+00
1.486046468033385137e+00
4.994585917931939179e+00
7.392302823610631402e-01
7.521639985728612920e+00
3.112400300149102961e+00
7.451398276620410099e-01
5.272472600880471205e+00
1.583588385682896948e+00
2.920798441598750461e+00
7.196248643786979038e+00
1.107851414864587936e+00
4.883838166115632262e+00
2.634490183983532408e+00
6.266402581633994551e+00
7.159882116639182392e+00
4.619931119688604149e+00
1.090451775317053063e+00
1.626999461306305905e+00
2.061479782840201835e+00
9.955589110150543375e-01
1.912951076063002853e+00
4.490637166715275796e+00
2.025768420074448350e+00
8.340651481910626330e+00
2.097413438436699362e+00
3.638930013359782389e+00
1.779005286968247779e+00
3.813523480875552707e+00
4.402907478202073399e+00
3.086579202021521695e+00
5.319763070748358302e+00
2.999071708535843594e+00
5.490011723453165793e+00
1.079740717861207511e+00
2.764033093711816047e+00
3.229469501087381733e+00
1.575884987339417398e+00
4.661919422459605222e+00
1.800455393383204372e+00
2.543458454366898547e+00
6.553870362377258729e+00
7.125658454105570527e+00
7.745989333772004271e-01
2.857729842293111666e+00
5.984583798731047288e+00
2.711719742006556633e+00
3.461674339456721317e+00
1.417506351557423327e+00
1.894981047458816681e+00
4.679370817882572808e+00
3.881440315229844451e+00
3.628354039903557648e+00
4.731050080467364083e+00
3.143796778082049936e+00
5.848360186453349208e+00
3.139549421433228460e+00
5.012211469121439222e+00
7.298016400142315341e+00
6.248862227198690000e+00
2.697671832310669426e+00
1.181554885288605750e+00
6.419202545816693473e+00
3.633231715979857057e+00
3.481749659856533174e+00
1.791151251095041586e+00
6.272239300998458944e-01
3.656260542373952038e+00
7.349713661064635417e+00
1.674038579429265594e+00
3.395574525041879621e+00
4.211912673084252212e+00
3.549338248198752321e+00
2.134532374803869370e+00
3.350361354193857277e+00
2.797875217797846314e+00
3.687489259783095719e+00
3.203150689825458919e+00
3.312925353746087875e+00
1.448064690917780339e+00
1.104484473598878402e+01
7.861313110311948904e+00
4.017034268345053505e+00
1.351457542434094661e+00
3.823061737634354973e+00
6.752516957778064821e+00
4.066563006544906322e+00
5.533538404508338004e+00
3.878275071475491220e+00
2.589327810154700149e+00
2.056000350174950420e+00
4.708503890712118611e+00
2.978983097992921714e+00
5.741932292312501573e+00
1.711829735213599823e+00
7.274137699115216238e-01
6.248419802181612859e+00
1.375897551778958450e+00
2.292489511891117715e+00
5.541310202672420360e+00
5.878658286640616737e+00
3.438583769429450765e-01
3.615907627210478648e+00
1.059306652394551662e+01
1.498595169098539959e+00
2.753556217843820875e+00
3.541147158367679015e+00
5.414062698441185262e+00
2.916744138731917069e+00
2.422479216064887808e+00
5.474101080812219244e-01
2.023416003529745044e+00
5.867471831897010937e-01
1.201413880374790466e+00
3.880123956117697226e+00
8.446942445041695224e-01
5.941526541750492107e+00
1.161047600883319042e+00
2.799760998710270510e+00
4.192079459387364260e+00
2.481452624698774034e+00
4.074527055690087884e+00
3.223722463694536522e+00
5.867627889258557161e+00
9.733904452332106105e-01
4.064933279840285074e+00
1.489341853986517084e+00
6.018124268378991282e+00
5.892878690888565529e+00
1.757659738382486347e+00
2.977339197883763777e+00
3.001425250525015187e+00
3.138303828259495276e+00
2.872056209169449925e+00
1.001826579427590680e+00
1.395455703242948653e+00
2.871847995589541735e+00
2.225936287561051774e+00
1.912946512892436335e+00
1.235336994221250650e+00
1.312983149315235742e+00
2.921894694213241106e+00
2.180136607093570600e+00
4.139683000089803500e+00
3.728879706731027532e+00
2.568715451108018133e+00
2.115195199561462402e+00
2.695353780574084368e+00
2.846308472685831426e+00
2.941114839698194316e+00
7.869123567317576118e+00
1.319662124674302106e+00
1.125007731942180511e+00
3.580951385289923294e+00
1.809152548079112632e+00
3.315559622498422510e+00
2.780562845276430828e+00
3.937745920221440432e+00
3.155585040356533977e+00
2.456064254841348049e+00
3.747180615833933803e-01
2.280598712061699729e+00
1.423592758833891470e+00
6.662604489779677230e+00
3.455711419414706054e+00
2.627440150942541575e+00
7.109206799305876956e+00
1.046090263213844684e+00
1.875750170052623123e+00
7.683012237272605738e+00
1.811653990206387066e+00
7.119717439048957042e-01
1.915072937939735986e+00
3.362087569689089062e+00
1.668852059840087554e+00
7.010175691164123535e+00
4.256940378373466061e+00
1.209819860483541731e+00
2.322436019201568946e+00
1.560129218739085610e+00
8.179372908617958959e-01
2.790175001267432453e+00
1.622889920099410910e+00
9.002287740839038932e+00
3.549459647980004906e+00
2.667342297953718688e+00
5.029797906149027220e+00
1.499945758737503354e+00
4.610335769460171207e+00
1.616763349508615999e+00
3.525025011217796322e+00
4.819301714485267674e+00
4.027679767309884085e+00
3.173815788324517051e+00
2.464237791513379960e+00
1.843706677336012678e+00
3.050500185391281427e+00
1.229409124423382904e+00
2.990046433989036245e+00
9.572689081850045412e-01
8.070922922232981023e+00
5.782621752092679479e+00
2.377079712948195311e+00
5.628312888135539538e+00
1.715681463046036859e+00
2.050860274583541365e+00
3.854221482038710622e+00
3.077029389446714447e+00
5.628775719836578428e-01
5.340789052899570954e+00
1.459112371416064535e+00
4.755723149363697555e-01
6.588491365269404376e+00
2.946124272158914703e+00
6.040734764642692323e-01
2.531243931692668703e+00
2.287656840053991392e+00
2.951616688751469209e+00
1.129375443998456241e+00
4.023930227412105154e+00
1.109331863453954847e+00
4.984098494094025611e+00
2.922880376783585366e+00
1.697334493218001228e+00
6.870481802183174835e+00
4.856964294712836860e+00
5.318170012855898854e+00
4.347021482107115808e+00
1.429483433930579528e+00
1.775107616846182124e+00
3.830178282915554622e+00
2.603406462639194174e+00
4.366881502548243255e+00
4.121983236368386372e+00
3.199330624560935643e+00
4.285555349490890009e+00
5.597004071614034793e+00
1.739878368943088560e+00
1.968112596732798147e+00
3.894845397091168504e+00
2.099368149567125474e+00
2.135761738602785176e+00
1.315075695237360121e+00
5.504895894290712910e+00
2.374798122012104162e+00
4.863227074068610656e-01
3.446030525070512329e+00
2.304536056190888527e+00
2.050857108199186207e+00
4.893735703966094697e+00
1.415325750775253466e+00
8.941144662144798971e+00
5.176557462916451691e+00
1.543829285611688196e+00
1.350100116470600353e+00
8.322964500997691584e-01
7.906177340954921862e-01
1.341508204961634032e+00
1.565264265081526274e+00
1.193846643004932595e+00
2.238295023058745503e+00
1.877177150119083482e+00
5.657644964702162937e+00
1.776739113272238324e+00
6.921594430076843274e+00
6.644707666452907446e+00
4.573012654011252565e+00
4.081018515262000435e+00
7.047468917531222177e-01
5.688472719687703849e-01
2.219982885374382597e+00
5.820592302049550248e+00
3.873957304406115743e+00
4.416501420202074257e+00
6.558834332445233173e+00
1.409239658308877541e+00
4.415911858004497148e+00
2.339866677426282404e+00
4.405189442101526076e+00
3.644402254622266746e+00
2.117555209221832602e+00
1.833109332273709313e+00
5.185066532969605513e-01
3.217611506624526108e+00
5.782580562314579176e+00
9.398378972593118830e-01
4.956391606121713700e+00
4.086164104294448762e+00
5.289380886450387287e+00
6.637820067536750912e+00
1.711770263559361682e+00
2.907553943762784421e+00
3.434756505717357022e+00
6.692879588660668233e+00
1.164713222910999990e+00
2.656762846932565481e+00
4.079481222870498414e+00
2.986910194048279621e+00
2.181432071616786761e+00
4.636384066959788441e+00
3.813146230925970936e+00
3.109610496849737338e+00
2.633877620598338520e+00
4.143046929986383020e+00
2.138815372224188494e+00
3.998554552642463178e-01
8.119671529918877084e+00
7.312259523589916377e+00
1.112371985348349801e+00
1.061948371223551790e+00
1.566080849449462464e+00
4.348244119156503551e+00
9.221923495427141404e+00
6.169314684106876889e+00
2.605763272650700735e+00
1.466742548438855875e+00
1.433439099765939195e+00
4.911381654460936552e+00
6.272832336654558638e+00
5.332328315300490118e+00
1.424621297657067132e+00
4.701808880826348513e+00
2.188639112001175668e+00
3.109973535937132993e+00
4.432180542794518452e+00
6.544527301823922505e-01
8.186283400939701194e-01
5.381316420972571457e+00
2.842093845228347071e+00
1.690179236052335110e+00
1.577104420896122239e+00
2.583824364460217016e+00
2.682340186360910206e+00
6.927239427229578972e+00
2.644180179837665179e+00
1.608141414833415883e+00
4.050084680794602043e+00
6.446518041297653490e+00
5.656504518824384320e+00
1.286410589738801846e+00
4.372879458434248967e+00
4.395556034282605218e+00
2.750387807384488514e+00
6.561589391704538698e+00
1.640819053606789035e+00
7.656642744879562645e-01
5.479599075715444911e+00
5.228210302287089384e+00
9.646261035150451857e-01
3.927007755729303717e+00
9.768274429873741171e-01
1.765340820356645191e+00
8.544229968400679498e-01
2.800759681876939577e+00
1.280178673239660281e+00
2.814438707537548101e+00
1.528919714561144616e+00
2.453413230840536308e+00
1.426033028142817294e+00
1.121904680517474162e+00
9.853855613768001120e+00
1.783559583187899644e+00
2.311923027898349137e+00
2.872747435144655803e+00
5.926294221762540282e+00
3.295283105625502529e+00
1.100994027451351887e+00
3.678720261848214546e-01
2.437050968174883092e+00
1.605733277580939422e+00
1.965862816073341568e+00
3.211746023261312644e+00
3.358291414109990214e+00
3.888199880112368501e+00
3.408650728057651236e+00
1.609438991937675034e+00
8.503050601525364849e-01
2.136426050777607610e+00
6.516930405533858384e+00
2.043993579197493027e+00
9.821125869549861553e-01
3.475665813258294268e+00
5.800557771252382366e+00
1.383368247222793723e+00
5.056171047225245907e+00
4.991340641780405818e+00
1.660457801362450470e+00
2.914186958352131374e+00
3.247872721138064911e+00
3.707768883723276510e+00
3.480335038224487754e+00
4.418259406365637076e+00
5.012546262632716854e+00
7.423049420692074740e+00
2.994306983620111495e+00
2.645845016627740520e+00
1.636810413689586907e+00
3.231832652204380540e+00
4.293152786555527456e+00
9.334943990770223632e-01
1.250879860332369642e+00
6.141849038534996197e+00
2.180474989859175761e+00
1.428952128463216509e+00
3.606313804299621673e+00
1.195899215822852968e+00
1.544962813086853570e+00
6.800406563062643128e-01
3.963950663331336166e+00
2.956889054444083786e+00
2.076139074803558859e+00
3.574980392052135247e+00
3.006184255763990176e+00
2.211172422844236873e+00
2.874411451471447609e+00
1.842965906995008396e+00
1.514753920281142197e+00
3.453479097829714739e+00
2.502655738504933502e+00
2.103295163005695745e+00
7.146257936089799312e-01
1.700571498719424257e+00
1.128533357560771666e+00
3.693369638070626237e+00
1.586401652449562771e+00
1.138585602848702028e+00
8.548770627012360901e-01
5.074706506890677149e-01
5.360448773110630505e+00
2.708131407403183033e+00
3.228710162188844990e+00
2.094364117712472773e+00
3.432127813985780040e+00
2.258269149616702443e+00
4.016356672325632537e+00
6.555207035519783787e+00
1.742483244785929752e+00
1.115425494180351196e+00
1.595633481488553773e+00
1.717873065664056620e+00
8.015409653351921904e+00
3.545228460105955381e+00
5.372132411742524205e+00
5.074044046901717842e+00
6.316817482984566468e+00
1.487629905811104214e+00
3.368815474494647244e+00
3.658238127240805770e+00
2.205857833993484896e+00
2.491737323406465698e+00
6.156661270665160224e-01
5.138621541290242511e+00
1.243378443307268988e+00
1.666792897747934044e+00
1.245302437136917906e+00
1.655848603182737522e+00
8.650036079138088141e+00
8.136445370754573858e+00
4.978562693080996304e+00
2.785738857810934999e+00
4.595884988613178734e+00
2.238793708547829997e+00
1.847503839164311490e+00
3.380519616122008575e+00
6.720051383219285412e-01
2.419719828766107028e+00
1.215316003801865108e+00
7.396772035721843608e-01
1.191718707656636012e+00
8.640458284685271551e+00
2.093090516248464095e+00
1.031538349868903692e+00
3.364933384660322879e+00
1.894656062164031152e+00
1.697140615795153629e+00
4.627229545058884952e+00
3.934206971163755284e+00
2.666011450625272783e+00
7.303341380711072972e+00
2.177172515793597274e+00
7.444478548250665462e+00
3.863689216903550605e+00
9.200235791505512184e-01
2.554381682848665847e+00
5.576380207398162758e-01
7.297169585636138933e+00
3.437015725323063098e+00
6.908354137223018832e+00
4.680184506773873210e+00
1.160293988562936418e+00
9.010952003291629042e-01
4.827429738431670891e+00
4.224212767062945240e+00
2.948763271027431632e+00
3.101884710216723740e+00
9.006188156313091886e-01
1.952591151682947279e+00
3.338604999362824621e+00
7.384622944993365357e-01
3.339371950987089388e+00
2.301067013782650328e+00
6.967718518729009602e+00
6.821229546239325536e+00
2.154022594650179201e+00
1.869703712355242242e+00
1.703364686419602592e+00
3.233617037239632896e+00
4.091065269091036960e+00
2.220679341786422789e+00
3.510515674962282784e+00
1.376458226813371599e+00
1.374062130158000938e+00
3.008830431660019400e+00
8.151293599390971423e+00
1.368864681283314733e+00
1.553871525976784795e+00
6.867970649030381125e+00
1.882645395270630573e+00
8.752745369633412320e-01
1.336034440331375972e+00
2.479308115629141884e+00
1.064783965173994984e+00
4.345514373444332001e+00
3.582609626542574865e+00
1.497511641214882117e+00
3.132120865466447412e+00
1.406642794562806831e+00
7.803030942811390869e-01
1.033020874551612289e+00
1.036035428584522800e+00
2.733534916554595018e+00
1.045653533738572394e+00
2.746921246452315835e+00
1.709558316556193613e+00
5.047945799231986719e+00
1.771273038623516261e+00
4.267108950176260684e+00
5.135340252331246802e+00
1.748512638484361892e+00
6.875890627498089103e+00
4.939233749800026274e+00
1.542352269382470942e+00
2.058559380679479744e+00
4.327586414905796097e+00
5.152636004631347078e+00
7.087608859228697433e+00
5.187578124267850921e-01
2.153562343259455947e+00
5.104703624723358146e+00
6.632726803701948448e+00
1.901169546020446299e+00
1.698018380863806742e+00
7.917360822023342681e-01
6.596671966836621159e+00
1.375488476526192549e+00
4.806818906971694894e+00
6.707289404425732515e-01
8.396928539834133787e+00
8.176010215424369676e+00
1.575778740057216520e+00
3.341463652195036715e+00
1.041750637831150517e+00
3.141450182720916029e+00
2.307856738159723697e+00
2.505263335267906566e+00
6.761931341021308661e+00
1.146711335660860032e+00
5.211419753080850370e-01
6.043388521425048232e+00
1.508873268043112503e+00
1.371510065815142232e+00
6.733273852929961834e+00
1.472118733817281200e+00
5.463965609672690960e+00
9.457225404978720107e+00
7.398147139197503996e+00
4.597257738161806273e+00
1.727199679568340418e+00
4.123547881958327999e+00
2.977573261580367614e+00
1.067583081914606069e+01
2.740403123364264726e+00
2.168040951293630503e+00
4.376811932153915841e+00
6.943274478271735939e-01
1.211065003181214683e+00
4.129179724536299112e+00
6.679198994411079227e+00
1.400891362613121416e+00
8.180627001216091543e+00
8.195057090704567226e-01
2.198265534232954899e+00
4.407910039165024330e+00
4.630671545132658551e+00
4.135661591135031401e+00
1.931143664349814548e+00
2.556312240739918806e+00
6.917761471745671464e+00
2.870739890235673109e+00
1.788578245702081793e+00
1.013249017236708482e+01
3.495474256223492837e+00
5.581795398783190976e+00
9.417651172737729892e-01
5.830666702706304605e+00
6.613562750687618674e+00
2.025847137417659649e+00
1.124051858782784130e+01
3.985462436220391425e+00
5.247924565338813352e+00
5.745619302936174400e+00
4.900826516197584581e+00
4.518457123677824150e+00
7.448103255221203867e+00
2.369653726027823648e+00
3.186356531901770150e+00
1.050043198216610962e+00
3.378404980180381934e+00
2.861299856521626772e+00
6.927243383061038706e+00
4.228367851946095435e+00
6.799932407138867596e+00
7.927144233247058303e+00
4.360194639912932324e+00
3.074437440871139238e+00
1.724263964697628548e+00
1.804166443078611737e+00
4.034193619622976179e+00
1.297358036700095862e+00
4.585714219403890901e+00
2.938953896399685295e-01
3.333091733799905310e+00
5.191032962867723199e+00
2.190531132709072182e+00
6.472106121780697663e+00
3.648430722154557326e+00
3.079918828832244326e+00
3.894787794567083239e+00
1.617705998866845185e+00
5.182232792209683359e-01
7.253791114564413611e+00
4.110463215715858709e+00
1.334184965307384951e+00
1.793456260182023199e+00
3.012702311685643064e+00
1.227100866908813925e+00
4.339522365020751948e+00
3.114289192874855505e+00
3.194515223078232324e+00
8.074514383764764824e-01
5.738787753133360425e+00
2.471404911600401100e+00
2.878905414943984997e+00
4.965469411644641617e+00
3.748843866041339457e+00
2.793276066229910537e+00
2.400395344234269146e+00
1.130717914254620426e+00
2.961397584007202433e+00
5.050988466222878337e+00
3.353974605600858805e+00
1.381597243350531690e+00
2.310883541064220559e+00
2.212855779649531840e+00
3.868698703747173173e+00
3.163775261612247647e+00
2.130795394123661701e+00
4.397200255027811977e+00
2.468324451357158278e+00
1.746648904125639445e+00
6.105650677270283211e+00
1.791591935420445481e+00
5.804948604704360804e+00
5.491081063617607727e-01
3.252631454951634193e+00
7.248024443112927706e+00
7.212884474046492578e+00
2.828473462259253779e+00
4.857475496220215128e+00
3.517000683179325016e+00
3.052956397580555592e+00
5.281970289355567338e+00
2.396323794180412747e+00
3.147244257064385931e+00
3.768815037232256859e+00
2.342463508620940882e+00
5.046429612933136966e+00
4.401463602034232814e+00
3.368004532842332033e+00
9.394154388051302318e-01
1.132472009296579429e+00
2.545779312066474009e+00
2.434447623202669497e+00
3.157207615224505659e+00
3.683564829673810159e+00
3.031736821622366573e+00
6.367104232783046491e+00
6.674101405356268835e+00
2.915863397230471499e+00
2.368529668073343863e+00
3.946900872440604502e+00
2.815382665804235796e+00
8.226598876801065607e-01
5.494977018459501927e+00
5.464061781436521770e+00
2.158388739065383533e+00
9.151826094030058201e+00
4.318809688488559395e+00
3.359106420355493672e+00
1.579705612788403268e+00
2.997759047482936978e+00
5.536256514020165831e+00
6.477040510732784639e+00
5.594997167631009738e+00
1.487970292375339953e+00
4.175245338959607366e+00
2.131285246976359016e+00
3.201319158686855015e+00
2.804892571348662766e+00
3.030514400091974814e+00
1.530974218583573743e+00
7.889072582675549228e+00
3.327963405302614586e+00
2.579282597626100682e+00
2.950226204042286415e+00
3.327587028940431235e+00
2.934805254367106819e+00
1.249084198980197957e+00
1.038776175374646726e+00
2.131916177719113126e+00
1.712178258388123098e+00
1.831092390220539601e+00
5.737631792437519529e+00
3.129640746604514856e+00
4.143270398630621187e+00
6.416211124917585273e+00
1.913005429123408430e+00
2.318026526638633733e+00
1.746734373977261390e+00
4.096988760222588510e+00
5.513340231678783177e+00
1.770157943430840763e+00
1.749333487532231279e+00
1.552468401420458610e+00
1.335974181161286856e+00
6.000539085442525788e+00
9.423967256930625425e-01
1.110638083900662432e+00
1.968711254071289662e+00
3.116157986695383908e+00
4.302266388403401365e+00
2.226843971403150935e+00
1.463181364049733979e+00
1.978506793470537817e+00
2.410005264067035746e+00
2.122971502015658096e+00
1.593009732477781881e+00
9.496627128296595277e-01
1.456342624534303631e+00
2.537305156952191609e+00
4.723697651681775689e+00
5.486958870772870034e-01
5.013400392488234658e+00
1.561501062502656856e+00
2.437935325887887750e+00
3.790989711857345235e+00
8.564987922160050005e+00
5.236945603763332180e+00
6.520093428223624477e-01
3.651949554719320812e+00
2.581482509359700028e+00
3.597361704125493720e+00
4.430734900285545841e+00
5.336639813185488634e-01
2.963224365434031782e+00
8.470053035321524204e-01
3.601486874901675517e+00
1.771538002734870387e+00
2.176555587260772029e+00
2.516977970366193862e+00
1.762930659616190443e+00
1.616396125181313037e+00
9.160203273027606841e+00
6.218084470898928018e+00
2.139841458226319215e+00
3.183701160361691596e+00
1.273375413521729449e+00
1.346030152134790159e+00
3.957792508042178081e+00
3.532252240114847286e+00
3.336163742217816530e+00
1.138043187483659757e+01
5.779248216934449012e+00
2.953721077396036510e+00
1.434870921074347327e+00
6.243995967655988188e+00
3.768789341625986555e+00
6.812880710590347721e-01
2.635719990328443174e+00
4.862888073726107763e+00
1.471271962443180259e+00
2.324837093819301703e+00
1.621988922490448681e+00
1.774677552410545145e+00
1.579564254918130128e+00
5.748938686808691578e+00
3.666538354347768092e+00
7.350650035817787753e+00
2.963489906898611359e+00
6.993970727531154452e+00
2.290349787205097964e+00
1.780292216370564784e+00
5.604996051209871766e+00
6.772978590798826026e+00
4.961249314392452092e+00
8.562859063272634685e+00
5.708905397261109016e+00
4.803681362872224803e+00
4.875068982740991430e+00
2.557681604037020939e+00
1.690276335968085908e+00
3.899611121040875705e+00
1.545809978793415862e+00
4.515475879050847574e+00
1.907129851154830691e+00
1.408331654612179795e+00
9.811901192303942310e+00
2.804456192036058226e+00
4.104091841004859909e+00
3.602908085279371342e+00
9.869114413550381659e-01
3.988708792026913752e+00
6.786964562082260066e+00
3.575620079620525082e+00
8.052329335247171427e-01
7.249322563076521675e+00
7.387385548846218342e+00
1.899606667543057847e+00
2.394151052765104648e+00
2.385213883851304395e+00
3.196366000611371661e+00
1.882688059004647529e+00
1.857785048123109517e+00
4.091497283983241751e+00
7.797497595470540332e+00
4.409158139191998949e+00
1.671300680959657781e+00
6.129766687109978740e+00
4.794268829147736888e+00
1.098358014822217177e+00
2.989041397525447508e+00
1.517797410971614358e+00
4.492632131341143698e+00
5.223567010006901157e+00
3.770124419993232667e+00
2.827324184150038278e+00
1.094767578288332155e+00
2.126585438581833465e+00
1.820905815767965397e+00
8.159600824695791843e+00
2.195713086339822429e+00
4.220173311737046795e+00
3.307913006677036805e+00
2.065739660003492073e+00
4.146481906934022632e+00
6.678281586983556561e-01
4.153782836084078056e+00
3.821272761724361366e+00
3.523163460464444174e+00
1.407701320929399147e+00
4.312084690834939060e+00
4.020665037736013581e+00
1.619210865332635141e+00
4.966064758680643010e+00
1.767002652946167540e+00
4.258023107008530594e+00
1.741192310857353931e+00
2.695972084848606620e+00
1.192022259274480467e+00
6.654364730428442565e-01
2.434064163389535462e+00
7.797461261303888946e+00
4.445589407582571373e-01
1.142184096909810265e+00
4.214055029797845187e+00
2.657263006842639719e+00
1.927835114923149185e+00
1.853551038473414847e+00
1.836970345716960828e+00
4.416708013414650580e+00
1.558823559214866039e+00
5.928645094543531613e+00
2.012909825891658677e+00
7.019408085245623319e+00
1.436781032016263504e+00
2.466543889937731215e+00
1.201028373589048126e+00
5.497471364293494922e+00
4.303050264640878808e+00
2.545397087896182242e+00
2.868854000809576199e+00
1.980811010692336893e+00
2.440064540403704019e+00
4.867766985649529254e-01
7.519948084980248026e-01
7.013765013815484117e+00
9.455252458011743633e-01
3.822564722297264073e+00
2.318103051146581883e+00
1.813710557865334305e+00
1.235972843336574423e+00
3.138971327432565683e+00
4.269820269330311113e+00
1.609079203066963615e+00
6.216285268250210105e-01
2.537490634982163318e+00
5.909840725913825032e+00
9.814476687908740615e+00
1.499154206010815171e+00
1.378105437835901448e+00
3.265038457325816879e+00
1.501158942208951963e+00
3.512114039081743577e+00
4.759089746927176456e+00
3.733327896058368900e+00
2.735284479740157093e-01
2.978038104597636959e+00
8.698284891080255932e+00
1.745416185571601497e+00
1.696060412964687014e+00
3.613940797007215266e+00
2.757304611188506449e+00
1.400964596789456396e+00
4.563278518684763974e+00
5.782588070354674592e+00
3.459841843203482092e+00
3.794023991734946755e+00
1.676471711511037022e+00
2.602368935280275242e+00
1.371076886721572796e+00
7.922362745504682557e+00
3.822672567926741038e+00
1.041828057914681693e+00
6.510332101392291015e+00
3.595278965966040019e+00
3.365101800147269007e+00
1.155217365623655290e+00
3.704330708427950647e+00
2.865793504724607033e+00
6.103108831894712871e+00
2.333758317025614648e+00
1.298491710842800240e+00
3.057683172511190151e+00
2.414873130120742228e+00
7.919503245145363302e+00
2.315360665548667374e+00
3.519228671233050498e+00
4.190630481393212925e+00
2.393804825087858301e+00
5.062022295073667522e+00
1.200789142934033382e+00
2.287359054416754134e+00
1.077801601482301308e+00
2.995570998341645197e+00
3.262260189840745284e+00
5.701195846960625424e+00
2.551077367979222466e+00
1.593391261415229465e+00
3.989239548913130484e+00
4.941591625903257068e+00
3.857566302464997321e+00
6.635067391513399748e+00
2.057297795349829705e+00
1.767843174628109360e+00
3.015995996236144006e+00
2.062597019634675455e+00
8.533834245621445547e-01
1.681315525710523229e+00
3.356540433192205075e+00
3.264336831776590842e+00
3.273038306983272694e+00
6.103525057492598105e-01
1.410382960549606102e+00
3.733092366769333648e+00
2.730719721592925087e+00
6.275868640279038679e+00
5.295413696819188942e+00
2.528012514063770144e+00
8.297277472928690223e-01
1.140387774765350581e+00
7.368793999730101518e+00
4.865843217423050149e+00
7.067135794672809723e-01
4.117351280458377616e+00
2.866374698859937897e+00
1.989808550738702886e+00
7.004270879419153495e+00
2.370033853261906742e+00
6.042009725683174182e+00
6.913472186519251217e+00
2.979624251700339510e+00
6.322283226496035802e+00
3.525908519239639105e+00
5.171748352626042156e+00
7.361450987459060791e+00
7.026725847826529758e+00
2.644313413171300198e+00
3.632822336866280200e+00
2.507783210154318709e+00
3.802294574664628168e+00
4.775241105186754709e+00
3.510595662622368884e+00
1.380683893078776592e+00
4.186943202151590881e+00
3.616760973885626562e+00
3.738017925312373535e+00
1.279349239769413948e+00
3.609156623724207869e+00
3.440318702309909771e+00
3.246526878046772868e+00
2.799408715067853937e+00
3.054652367395216395e+00
8.232266019013700920e-01
2.196162582871682201e+00
1.861452109014964051e+00
4.565461008037651425e+00
4.353072035604772516e+00
2.003001890807402319e+00
9.282987366016917097e-01
2.929087392886571717e+00
7.039348270386582840e+00
6.241594952641547067e-01
9.639062301237706354e-01
1.937957060932801179e+00
1.261668618133163999e+00
6.124364204711292281e+00
2.502937584470760868e+00
6.235471494158151273e+00
1.524912628113446855e+00
3.675049671471229296e+00
9.158714989626921543e-01
3.814200196455006964e+00
3.043562610470209151e+00
1.216175154421653026e+00
6.095285007949451384e+00
6.590022225831552838e+00
1.075854363438126349e+00
3.064285847826513365e+00
3.420919013736745562e+00
5.330906834222302493e+00
6.337085704876242787e+00
5.322441474088261515e+00
2.742923764811050269e+00
6.811662736378103489e+00
4.869372615483468891e+00
8.090346174056861628e-01
6.435606329997981545e-01
9.474576528498929173e-01
4.967574132830713474e+00
1.560270639114063274e+00
5.606872705070836460e+00
8.253171306785809236e+00
5.514881348978626363e+00
5.916304733837423058e+00
1.567183305970343499e+00
3.335966509496306021e+00
4.856729685733959023e+00
4.817840126752282792e+00
1.747075071839162108e+00
4.153330666258079340e+00
3.024761104141953538e+00
6.656430351640556964e+00
4.841394167550866712e+00
4.463353365099240300e+00
1.108494246747357082e+00
1.588471599957777203e+00
1.569952822971164119e+00
8.802671974140016120e-01
8.318949556776912502e+00
6.546485713290289832e-01
6.280460262100192814e+00
2.955874813230354281e+00
3.251484886258043439e+00
3.754366117982948392e+00
3.891076525046578194e+00
5.120795040070163395e+00
3.620288806470695953e+00
8.366110126015504633e+00
1.453428495706422519e+00
7.342936769782165918e+00
5.015180067309082945e-01
9.388438995979457857e-01
1.579252960624102808e+00
2.801477081273129777e+00
9.693058905191289654e-01
4.892969845369485427e+00
5.278965583921839233e+00
3.520366014877019278e+00
4.914324128179401008e+00
6.723735197840516875e-01
1.711035102306398326e+00
1.540560662700494632e+00
9.468336496203296093e+00
1.239050983928797534e+00
6.652848386675046521e-01
4.043206558994086208e+00
1.296737782324094423e+00
5.873035655029140933e+00
3.249343743074050384e+00
3.051098849807241997e+00
3.823988134672471340e+00
1.091127336639263090e+00
1.186121922185915611e+00
1.331989614137448763e+00
5.895166211198518802e+00
1.530815901872619511e+00
1.098544398712379966e+00
3.808137307179812581e+00
1.636475456020366037e+00
2.730340818689366067e+00
1.356927104504905390e+00
3.894826026467608671e+00
1.681978117160682018e+00
2.760631780573312266e+00
2.863151893275818871e+00
2.888533275566842917e+00
1.806933031165459669e+00
6.752934588751402956e+00
4.382713940523779605e+00
3.772023067859246570e+00
1.050341487447227218e+00
3.564106113482202520e+00
2.574307213657666793e+00
3.568613082822240656e+00
4.035542242963704673e+00
2.119696981103545763e+00
2.884551822876027405e+00
2.891077276867737744e+00
1.396694147717059797e+00
4.389459465102238944e+00
2.655315281546952733e+00
4.536645457336621945e+00
6.838631589408414868e+00
2.623703675779385680e+00
5.745243215468810449e-01
3.722880223032164704e+00
2.355388548504045776e+00
7.011787960157276345e-01
1.893134524532760876e+00
2.887051444448523796e+00
4.774813999654441976e-01
2.353963745950405251e+00
5.601503269859847478e+00
3.327574884641139596e-01
2.016949709493565113e+00
5.155698481111924636e+00
4.476010734155602577e+00
1.612511210284502061e+00
5.365057158100137613e+00
1.426855822075760782e+00
1.105577935940187606e+00
3.504912206386980422e+00
1.192258620084976517e+00
3.440671832583228618e+00
3.588111825633862217e+00
1.821218538315009239e+00
5.088727023550550399e+00
1.635891330056907789e+00
1.995301468777748166e+00
2.130972288334851417e+00
1.102489183525119154e+00
1.956683542997315506e+00
2.384282548759291132e+00
2.189464067355208599e+00
4.248353210203878128e+00
2.740630471729450512e+00
1.712328485945594503e+00
3.706249553306818267e+00
1.532848036082800292e+00
6.258406107525525952e-01
1.983301755546115430e+00
2.668336698525506367e+00
3.313991167359488177e+00
5.807348190890808226e+00
5.795652314103744152e-01
2.263385503569036228e+00
5.497741225829731349e+00
3.571064404904676692e+00
5.098323701170306421e+00
3.414094655917723209e+00
2.028472248109629117e+00
2.701369115811966815e+00
3.109731311038896440e+00
2.851759742501477568e+00
6.031178722082720656e-01
9.920580771527435227e-01
3.321813126381621295e+00
8.016315807402451199e+00
2.402425693217177916e+00
5.936059830957534089e+00
5.445207430200779797e+00
6.824158971244295380e+00
1.941016445425748582e+00
2.146792203279135336e+00
1.126989075701441578e+00
3.217564217783571934e+00
7.974029163206497905e+00
2.285478718085455885e+00
2.906577819262089246e+00
7.352123725499242202e-01
1.315053704827643832e+00
4.683513435153109583e+00
2.248326638976998915e+00
2.381300449678067643e+00
1.823919758354257237e+00
6.296857206335237933e+00
9.237797725112123493e-01
1.433153226361376875e+00
1.277464667113814345e+00
5.083743978722067958e+00
3.795825016523249218e+00
2.676084420203788117e+00
8.691181999009888415e+00
5.009890622082757261e+00
7.226627558123813744e-01
4.026968788399639010e+00
1.303380022581321906e+00
2.862013092404156023e+00
3.344755726034626675e-01
7.054240965616245251e-01
3.499760349091680656e+00
1.534369624185822456e+00
1.738392556511636711e+00
5.182286854834372569e+00
2.217790742175833163e+00
3.760266130532919693e+00
5.476599915274223740e+00
4.365832295516909767e+00
4.428284913819929614e+00
2.700310642307382381e+00
3.110601529685003808e+00
2.223758161706268943e+00
4.926520167284822449e+00
2.681992852785358039e+00
1.830149074500301065e+00
3.481976786181867123e+00
5.810515918128879242e+00
1.471208221876224131e+00
3.118346589640784483e+00
1.412063569556306852e+00
5.905099048255944894e+00
5.879961653767303176e+00
3.892933421316806086e+00
8.400431787595009636e-01
2.562127578580140508e+00
6.910928597945045659e+00
3.021805573141285617e+00
5.073198918205861219e+00
3.853733694952261146e+00
6.779447403768415370e+00
4.061815459294082942e+00
7.214394585546785033e-01
4.388613265510472594e+00
3.247088072203978992e+00
3.210305223496273008e+00
3.622678594383715200e+00
3.502622449034244134e+00
8.019948725961115743e-01
7.853066232903412214e+00
7.481793193290575683e-01
2.028329722412949732e+00
6.137737151709968808e-01
4.412484150956573536e+00
2.561803538863852481e+00
5.298056597618372443e-01
3.470320207665586576e+00
3.810970746873137305e+00
1.153536008411532920e+00
4.996522903054091636e+00
4.541126021249588973e+00
3.886700248896739485e+00
4.426316171651122566e+00
1.704256763050385315e+00
3.483718860156977293e+00
6.699955737314009063e+00
1.648113385029492894e+00
4.414191816773440635e+00
2.017144154135731782e+00
3.958659251301337445e+00
2.871113217629487568e+00
4.025634082275176162e+00
6.370738644958870545e+00
1.965548803007051371e+00
3.295506482350054167e+00
9.086948069657003302e+00
1.981853463508188806e+00
7.006241625918318006e-01
1.408482855393337951e+00
3.482843979035268323e+00
3.027165709677736682e+00
2.186344458710820060e+00
2.640011403086981456e+00
2.666313980592287525e+00
1.060234715647298209e+00
2.177478400584419216e+00
8.743705550221998024e+00
3.416889930648082885e+00
1.432678799525903379e+00
1.808948721245948521e+00
2.371001501409036649e+00
4.402803201145620626e+00
2.268439331573938400e+00
1.640846030816779155e+00
2.391041192237346458e+00
5.371460828364003959e+00
2.565954269284548062e+00
1.528969937727706618e+00
5.016692234335237366e+00
2.012273022659410771e+00
8.873024215122241598e-01
1.488485298488581909e+00
3.019548314437020764e+00
1.053375137383312898e+00
5.520601808982933179e+00
4.877364949844370301e+00
3.314854841513612094e+00
1.067605026811556890e+00
1.636986393365382764e+00
6.339053044696776773e+00
2.088866149283186147e+00
4.028935140011501659e+00
1.466301901433615607e+00
4.598755240445771442e+00
3.294894438881889709e+00
3.063487411925191584e+00
5.477703103430042297e+00
6.185748363316842635e+00
3.228684621654401177e+00
1.524923508960587704e+00
4.510923400662348648e+00
2.521841278183059032e+00
6.578590488903134137e+00
1.277538528319424715e+00
1.844375413344292891e+00
3.452339440399583292e+00
6.371364756326257650e-01
1.097728302814404255e+00
2.222361658984531196e+00
1.984560344727389403e+00
3.412874351042953780e+00
2.520269167452692471e+00
4.453139295785790708e+00
1.504535588446951344e+00
5.406525673086364669e+00
8.692002030931513801e+00
1.876677645604109212e+00
2.090381838645439139e+00
3.020787113871305607e+00
1.838029699885169732e+00
4.241927469422931196e+00
6.625844295619340407e+00
8.781574559803573266e+00
2.115202418748340474e+00
7.300064771458316670e+00
2.630018312760907584e+00
1.451105505844701105e+00
2.455535789042322836e+00
4.001254282502991977e+00
5.407135162354899549e+00
3.267687479258575056e+00
4.156442742818209801e+00
3.464877219647517048e+00
3.204147482274001479e+00
2.681977450644102312e+00
1.730088094551149203e+00
3.183903401617427242e+00
8.097094032120732976e-01
6.706450197974634264e+00
1.765778759109682738e+00
2.575216719414911370e+00
3.918019047163912472e+00
1.847866638414798368e+00
1.264414570865469711e+00
8.172906128756156630e-01
7.155399377466099331e+00
5.883947540909337803e+00
1.854969800004434566e+00
1.454501059066485302e+00
4.145987255245519698e+00
2.442977174051521594e+00
2.773844182158728078e+00
2.829935084664336742e+00
4.477158603107135093e+00
7.173346337936572503e+00
7.780007665381182269e-01
3.279596939808499201e+00
1.466995202101999629e+00
1.329668734498018035e+00
4.294770204709856820e+00
2.087969600048030561e+00
2.206299055122033614e+00
8.896553949914842718e-01
2.069426196305859111e+00
1.395697682059870770e+00
9.747774112959766146e-01
8.786034484924352128e-01
2.034364632727923894e+00
1.946576535612664305e+00
2.580320974738795847e+00
1.513127132957539533e+00
3.377228043203738483e+00
8.126053062419529738e+00
2.439986960008659000e+00
8.820757998826845858e-01
2.448886727008001696e+00
4.289102484974216090e+00
2.002736642077673768e+00
1.169976349530256865e+00
1.651357258836165132e+00
3.372714777410895870e+00
4.053667345599023975e+00
2.125248632846809205e+00
2.803541229398289314e+00
1.251552787185997495e+00
5.588903869449335815e+00
3.749124193017477236e+00
9.000386708117779078e-01
4.159070683251704814e+00
1.352324604287480359e+00
1.508795607478835565e+00
1.555159141165416647e+00
1.278676013852624749e+00
1.212580785011839524e+01
4.935855974884906239e+00
3.080587697016615056e+00
3.742651040712293042e+00
1.364046002533602087e+00
3.545372774256900783e+00
2.413101039148480842e-01
2.923176172943479756e+00
7.875176065160938599e+00
9.720988228558009592e-01
7.451894663632335991e+00
3.431391597871666033e+00
1.572470746307198519e+00
7.079442090676363319e-01
2.582432798755015302e+00
7.748626384829251812e+00
8.927848992564503261e-01
9.143914452260862857e-01
4.159146563606451075e+00
1.608044275213098784e+00
1.188484666254273403e+00
5.429637330728637856e+00
6.636849054212238919e+00
3.752479256634966731e+00
1.051137413357351447e+00
1.271836304500547632e+00
9.079131800132409502e-01
1.285130398675219832e+00
4.551260583544392446e+00
1.520217458987382031e+00
1.274963070431853751e+00
2.723431336054263241e+00
5.923116193049892120e-01
7.219400107810343137e-01
5.818602769472999370e+00
7.378339252030951201e+00
1.822690878937569536e+00
2.083677885186930645e+00
4.575197842021217376e+00
1.665191219466639394e+00
6.941474040776386190e+00
1.368219927416827408e+00
1.665167835514157924e+00
1.087155297542523380e+00
5.704233915206631700e+00
1.654596655358168800e+00
2.901356736149689031e+00
1.306284179735480944e+00
3.049390445897616875e+00
1.784051709536982999e+00
3.303091341412803139e+00
3.126340157200631964e+00
5.733773900206587726e+00
2.807571514710343052e+00
7.698738143960460745e-01
1.498658399068539815e+00
3.016360759686713688e+00
1.877125423182778530e+00
8.698628658651976764e+00
7.124692874435629264e+00
1.488920493536078471e+00
8.164727203165719871e+00
2.472662371854166707e+00
5.494232973245452456e+00
7.167577119435246225e+00
3.817959963859459016e+00
4.761445811368646197e+00
7.265145106120610707e-01
6.674768561841879944e+00
3.586520064571192989e+00
1.116177622473190523e+00
3.181647408097736829e+00
1.423532679521363420e+00
7.731752544133939864e+00
2.285587279709348607e+00
2.227285743506538740e+00
1.741551185263830792e+00
1.770376618501416477e+00
3.792468719066211857e+00
3.407717553918224063e+00
4.571243997417677285e+00
6.659550777236366015e-01
1.761701023092818508e+00
7.110650069549355301e+00
2.247298019073743713e+00
3.714415620552910191e+00
2.331984597353995436e+00
2.160091578168721771e+00
4.824650312299919364e+00
2.046205031675504493e+00
6.965548866142910356e+00
5.509113885338876138e+00
9.007061890495520196e-01
7.712215248961911129e+00
4.964943676675739326e+00
3.060909418323599862e+00
8.335023224771402894e-01
1.551540857813191954e+00
4.075310332222534804e+00
1.132214810779753611e+00
1.913281912148965036e+00
2.141970207131110637e+00
2.315473047605928869e+00
1.592409048155961626e+00
6.727194336437544386e+00
3.838974649544140583e+00
2.338086058530090217e+00
4.396922211075691145e+00
4.551184585130831017e+00
2.082396244306131461e+00
5.316352136162701747e+00
2.668584004882028182e+00
7.232799524785008538e-01
3.141378154120642918e+00
3.664959064829367286e+00
2.009131701399539782e+00
6.001599270117809581e+00
6.216991665988389926e+00
3.853121454146874125e+00
2.874621299957453413e+00
1.569208139909166633e+00
2.361133327671840032e+00
5.100801912913616398e+00
8.975269798293242118e+00
2.820276112619285680e+00
1.476668347886613164e+00
1.053327006029243895e+00
8.641708435323111059e-01
2.277390582651484419e+00
2.419946338625955651e+00
4.284594289085985608e+00
1.553107123649303478e+00
4.885831696312808781e+00
1.216019544546670694e+01
4.534713419268004309e+00
1.326959989453950772e+00
1.473913082048115664e+00
6.367403131295152896e+00
4.950496701303688796e-01
1.444351797976061391e+00
1.465033721354275009e+00
5.412650913339477121e+00
1.333125229387701394e+00
3.527289257416781787e+00
3.710464391661983274e+00
6.022025945797292223e+00
2.775518678891772506e+00
3.828536914281578163e+00
4.107764760444819530e+00
4.800457515866194846e+00
2.248062761460451586e+00
1.942998352168205045e+00
7.833762903524009502e+00
4.104065862534673315e+00
3.133089474609546343e+00
2.940848983173784958e+00
2.951678715817369625e+00
2.213560341772970563e+00
2.583122982639605159e+00
1.740413103460858535e+00
4.376123194177755416e+00
2.743785898482838270e+00
3.412687482757406965e+00
9.089055934329264286e-01
4.016369508619949125e-01
3.210847610585575662e+00
2.173864038081342986e+00
1.981552548547170112e+00
9.095149805294278078e-01
5.216036741170621660e+00
6.969901902206784960e+00
1.556513462595075836e+00
6.410849951487767484e+00
1.787230797482541211e+00
5.216453675871795426e+00
6.160264194497878876e+00
7.556387692189303174e+00
5.763257725808220933e+00
5.626215094063799604e+00
9.660128692258868055e-01
2.141143276884437618e+00
1.912884255649251131e+00
9.425436843541439291e-01
2.533818526186434106e+00
4.262994033263103333e+00
1.358049895489965575e+00
7.479489469718537009e+00
6.380025529619581803e-01
3.886565016402442119e+00
1.066329495677406314e+00
2.077337340468005777e+00
3.901341748701744550e+00
2.571875176265757013e+00
1.587329091539784853e+00
6.935620108575978549e+00
1.161993097204861103e+00
1.867443084020275146e+00
7.023173607511166150e-01
1.182092361948346326e+00
1.535472842666102622e+00
4.314688064022776715e+00
4.744860996637570771e+00
6.761614069178643049e+00
2.660019979952107594e+00
5.215007925542697320e-01
5.594870443608410682e-01
6.413718947918460866e-01
2.707583717548848412e+00
4.780242494760551963e+00
2.409056269074199452e+00
4.658550685506851252e+00
4.963969016201262185e+00
5.559055607427834111e+00
2.544955482524504653e+00
2.187636275316103163e+00
1.603368736410145434e+00
1.374280321927014548e+00
7.669524570915537964e+00
4.478728052594282971e+00
1.291515469004682171e+00
3.694311670957628913e+00
2.528294152389111371e+00
8.456547094596539305e-01
2.949833124163292908e+00
1.312099430409949807e+00
2.368238056289064364e+00
2.690468241679606187e+00
6.502575608715543964e+00
5.588510513224030696e+00
2.632369429592562149e+00
4.324130456692431679e+00
6.607722683631312321e+00
5.239913557668242738e+00
1.420150432468823221e+00
1.335777523896499508e+00
2.525608595227695652e+00
3.805447433566016002e+00
9.565432764516486053e-01
3.283217084311724321e+00
8.322768811112288834e-01
4.729351132339079111e-01
1.806908533719471466e+00
3.808456188060954872e+00
8.193093830781110753e+00
4.281107742226079260e+00
1.492061975432465770e+00
3.680350354672435320e-01
1.794643753369905337e+00
5.772083958558798855e+00
1.550882644792643150e+00
1.780685227222872369e+00
1.474497898911139915e+00
2.465987283611971392e+00
8.392490857221073242e-01
4.233833589073589643e+00
6.600705345145274627e+00
2.355727110909866528e+00
5.736695685452292359e+00
6.963476629811244933e+00
4.442775938495682198e+00
3.471374165624188546e+00
6.930008482751982335e+00
4.365483355105131302e+00
3.203838153005072797e+00
2.216102685242355541e+00
1.674193318498079286e+00
2.490249314451294271e+00
1.997037480698875767e+00
4.474408758822780996e+00
3.761686317176879957e+00
6.737197086938117030e-01
3.814495025664066841e+00
1.480961965882774845e+00
6.131274997051424869e+00
5.931535194614971473e+00
2.764757270507874232e+00
2.944277294982121429e+00
5.207129455116712435e+00
2.576374756852864323e+00
1.873879382067888733e+00
3.964501735739440313e+00
3.927187105832823932e-01
1.654852463850224886e+00
1.071399968555293514e+00
2.662408691112791548e+00
2.163739987088586503e+00
2.388334596710570246e+00
1.442650115718460802e+00
2.953090935725027233e+00
2.253535544020844661e+00
2.861864279445008652e+00
4.421584037851423510e+00
4.711908443483232567e+00
2.350049190070144789e+00
4.224205043472850640e+00
4.558039036705473279e+00
1.146921084151161230e+00
1.981568381491981556e+00
3.712813790622429888e+00
2.972625513365043659e+00
3.578671176604777848e+00
3.302185108647056833e+00
4.016416051088573802e+00
1.418132428517525412e+00
2.031610473757650137e+00
1.984416483193188530e+00
7.340907501109236399e+00
1.827813287065112924e+00
5.167067078912499056e+00
1.340550402424982801e+00
1.318756902649429907e+00
5.274970584197760104e+00
1.033487997129717062e+00
5.105884425982548436e+00
6.756121504214893658e-01
1.995476077256312264e+00
6.093288921076236875e+00
2.087774714573807255e+00
4.309180673482783774e+00
2.647020187949578496e+00
1.495248378787736865e+00
3.542168562079387684e+00
1.607878484767746308e+00
1.749769448589139964e+00
1.969874081333021776e+00
1.981074026961852086e+00
2.068364681703851016e+00
1.312958658816459234e+00
4.087143057589018191e+00
2.794232154988413264e+00
4.984212907437662210e+00
4.849311063883806838e+00
3.056394301829177262e-01
1.188236974701832205e+00
6.442439825324586700e+00
9.044571524145350594e+00
2.818250978163919562e+00
1.831405794077527016e+00
1.349177063888367112e+00
2.121352732746891512e+00
2.513519663910068758e+00
4.047482337567752664e-01
2.322524364520261564e+00
1.497154235483953544e+00
4.160042500976549817e+00
6.778631437685123551e+00
1.397146535453955618e+00
8.275406116404798951e+00
2.479844271561179703e+00
2.801442481070204327e+00
1.995980357340304323e+00
3.575994011925233806e+00
1.845051954682012108e+00
8.915198996485474980e-01
7.497308735403030999e-01
4.486438540185815782e+00
9.494027481222898635e-01
5.527966635673148055e+00
4.499079345876360492e+00
1.563612054930910711e+00
2.316604221704625655e+00
8.720277112222341032e-01
2.152464938058441746e+00
5.049356972446824798e+00
1.942568572554431716e+00
7.370225821674237565e+00
2.021284980794794350e+00
3.018381706034529710e+00
6.576758292853670529e-01
4.476212281332212939e+00
1.417540251608100821e+00
4.559234997397498823e+00
8.260038408510398389e-01
2.520802294418195366e+00
2.982361402686759977e+00
2.744348948279125011e+00
2.237393329679239429e+00
3.699498195863743177e+00
4.187851974530658161e+00
9.303780524957769860e-01
2.541491651570646937e+00
3.311590255517168124e+00
8.831387817429307008e-01
3.007122753978692220e+00
4.973708322185955488e+00
3.749849338213646188e+00
2.540540838785100064e+00
4.817037823643063099e+00
1.280957761103186821e+00
5.339514076834415590e+00
2.999352018199835879e+00
1.347116066644605814e+00
6.527678530570530491e+00
7.532160250695265624e+00
6.520537933750441439e+00
3.303206449383024879e+00
8.105334713931782176e+00
2.908624450059401845e+00
4.865503648387909941e+00
2.081201045861403198e+00
1.315116755425075779e+00
3.337296651325983188e+00
6.725552140980238569e+00
7.347616007030342011e+00
2.369703343103003235e+00
7.719233705546417745e+00
9.186648525377454355e-01
4.517800542417147902e+00
8.931016844412454914e-01
7.946558237534016023e+00
1.924457068049631348e+00
3.311882769576114605e+00
5.767642164983231901e+00
2.274958448175595782e-01
4.413913791456432811e+00
1.850112812535903650e+00
1.082089840151158500e+00
9.017129346489350938e-01
4.863333423794363064e+00
2.551239692914045509e+00
2.316460008456996178e+00
1.710520149924311450e+00
4.414050324060999841e+00
3.152569316735450933e+00
4.603989676791923280e+00
6.293340267698489754e+00
5.518396768757005688e+00
3.966526473113708207e+00
1.959732295606793739e+00
1.730281040755936806e+00
8.560771187984816066e+00
1.297209077565323776e+00
5.326201650468727955e+00
6.510960743768333892e+00
3.777501050424598272e+00
2.505185298769985636e+00
2.054479678612961102e+00
5.223665577967570250e+00
3.296791301150371556e+00
6.548119887363801794e+00
7.221140144374903258e+00
2.396732940826555414e+00
1.243534420074509983e+00
2.602804802890947844e+00
3.419600216960962946e+00
3.286519595993637743e+00
2.347661864040879287e+00
3.165746559032155183e+00
2.343001325610298391e+00
7.535887200540031250e-01
1.571950688161374288e+00
8.326059131136391400e+00
3.628669965097722550e+00
7.765389944785213716e-01
2.278633044576274358e+00
6.810255773862974316e+00
2.545201592455378581e+00
5.797861009096100027e+00
4.508212536593087627e+00
3.148143469488787094e+00
1.470430317383743857e+00
8.502798589759548165e+00
9.699391024476263112e+00
5.797109816943147642e+00
3.642036135520092088e+00
4.634952897796740245e+00
1.058140604164698351e+00
1.063077343193993940e+00
4.132655102645117040e+00
3.464496879222801695e+00
7.696900132879199496e+00
3.726098384145642761e+00
2.843814915409061950e+00
3.024556953760838773e+00
5.139900271308396107e+00
1.217014248347773275e+00
9.661959814562722793e-01
1.888526283925632709e+00
2.679651087775078100e+00
6.606829723368565332e+00
2.936851728893376645e+00
1.887532060310692650e+00
6.281689324385775208e-01
4.726510129582898401e+00
4.501634570957069315e+00
3.564795836913635441e+00
2.847345790102628893e+00
4.079821224443238137e+00
1.873295753868026381e+00
2.339768131386827488e+00
1.376897306331479554e+00
3.513399278585926044e+00
1.737983619652462286e+00
2.609138023607070700e+00
5.788404293011046864e-01
1.556731508993137725e+00
5.741944438015397445e+00
2.598661987769257387e+00
2.409336709000696963e+00
2.446385950298699097e+00
5.241651108230790390e-01
5.920424076855180573e+00
2.839307828153657898e+00
3.893146320037146779e+00
3.629468579019008878e+00
2.216410352198639799e+00
6.405093168116254176e+00
1.061914689027686043e+00
2.901492333646484845e+00
6.206623793087289620e+00
2.753013881497948567e+00
3.960252450323817452e+00
2.989625123264765261e+00
4.635459337077971753e+00
1.908595112423570495e+00
4.687659312799778100e+00
5.495064922749673286e+00
3.996130893816283169e+00
6.135933237735915924e+00
1.282910133462401348e+00
1.708528513366472934e+00
2.976996049815326728e+00
1.572223197046470400e+00
1.562526199841215657e+00
2.937665867588291846e+00
1.315343218522552649e+00
1.634705089982458892e+00
3.072965778851875829e+00
1.207750862560764249e+00
3.222763303359645448e+00
3.152840752231704347e+00
7.862462004465157861e+00
7.070420360383488090e-01
4.127672981832817278e+00
2.634290285308559021e+00
2.485905717048946695e+00
3.005930118353954850e+00
1.737136896199260150e+00
2.558554888920665960e+00
7.464541061732993477e+00
2.218972058761256694e+00
3.010971196724587795e+00
1.554613434515079051e+00
3.940943178214730391e+00
3.173905608036628578e+00
2.029212017219318653e+00
3.974112753681032117e+00
1.451858561449328677e+00
2.233947753035308015e+00
3.241649879785367894e+00
3.845316060065472108e+00
1.981942005745210622e+00
2.002134953384541838e+00
7.689904650500861472e+00
1.910021538300396227e+00
4.609920067591994020e+00
3.720502769465108828e-01
2.167783642235070030e+00
4.136169238502451329e+00
7.747109275290203101e+00
1.254234880645465955e+00
1.132149654221443091e+00
3.288613414272909541e+00
2.332877200330348622e+00
1.913801353738495914e+00
3.615736597037388034e+00
1.496243933826926220e+00
4.084613244594837989e-01
2.215591359778496194e+00
2.667322596406935364e+00
2.923952570327350564e+00
1.003080104107613169e+00
1.135480195762436084e+00
9.816306928963103307e-01
3.559187234645841080e+00
2.202776873949910730e+00
1.386386538297642357e+00
1.498987722314829574e+00
1.886488431649850472e+00
2.232825410263304278e+00
2.457162803949432206e+00
8.877969627289951093e-01
4.814818901700276044e+00
4.699956755565723121e+00
9.798416315097043139e+00
2.325401931989492077e+00
2.464054110594810609e+00
2.727527845049285915e+00
3.593806827548589489e+00
4.975595212635617770e+00
5.773524339283975237e+00
5.070686270192841683e+00
2.986834067016595373e+00
1.230199357438391372e+00
1.022155654039814454e+00
3.794641675509730305e+00
5.060048714767429345e+00
9.973352791564455977e-01
1.397111237808094986e+00
3.068713873643517775e+00
2.156680382994925704e+00
3.118141755560885020e+00
3.987781559895563710e+00
1.235002117899123286e+00
3.051772497387524208e+00
1.351506622830808135e+00
3.489332841272375862e+00
3.910156233984318774e+00
3.129525516433608878e+00
1.809074066862975450e+00
3.249047902528154896e+00
7.486804178028839019e+00
3.719750179486738695e+00
2.290030807621601827e+00
4.636243952736991858e+00
1.294147755738003447e+00
3.292079418885610398e+00
1.516918748986005649e+00
1.754059155897637723e+00
4.458775214916588681e+00
2.618093647652560474e+00
1.025007574406322286e+00
2.746625360851310038e+00
2.501661057347420503e+00
2.235138212339729424e+00
4.097481742386527515e+00
1.054286147748686231e+00
1.837112634563273117e+00
3.065148516517327337e+00
1.488672805519120734e+00
1.596768579644748387e+00
8.645147943417991199e-01
2.739036121975411131e+00
1.287502441111100904e+00
2.153598516439992672e+00
2.504110013731080553e+00
2.588850458106310537e+00
9.557649791160495178e-01
4.099765088326575935e+00
4.107712309933146955e+00
1.878592239424876409e+00
2.967440417051095736e+00
3.498259269097346635e+00
3.508820371355174661e+00
4.447456613267283920e+00
4.266557819198126822e+00
1.701118050382944613e+00
2.353296748050829557e+00
2.255713503689512844e+00
2.984714187213140413e+00
6.778230422818813494e+00
3.158694864193574592e+00
9.487255070585421945e-01
1.991422643527804626e+00
4.237680123649822050e+00
1.906861798727135460e+00
2.660725104357637871e+00
7.645627251550387804e+00
1.946859492333994357e+00
2.958505807789888475e+00
1.907912135592407132e+00
5.156305644820126766e+00
3.677161229056261416e+00
6.396507082229700103e+00
1.590553559666852079e+00
3.179608629572770795e+00
6.175261707865856708e-01
1.634915230987171286e+00
6.401520993653801561e+00
4.769460093229019648e+00
1.452372328786694089e+00
2.682012419716370388e+00
2.382536253420891370e+00
5.157222629611698750e+00
1.937659132139067708e+00
2.296750365259846660e+00
6.743516102499803822e+00
2.527637655392776406e+00
4.088218736910741669e+00
3.894205692578980749e+00
1.501836299102940142e+00
1.272603806980409535e+00
2.544465695910934411e+00
1.910924640463357083e+00
4.600075761161137144e+00
2.268021330325792562e+00
3.118431925173438035e+00
4.886504653538106813e-01
3.129613863202437063e+00
6.886870164833832630e-01
3.745193534041320937e+00
1.254473050630112940e+00
3.368993972162203754e+00
2.113130756095942253e+00
3.351947842552243095e+00
1.182678084311378219e+00
3.380118199115143884e+00
2.599227074578289720e+00
6.035858011209656482e+00
3.093881258184590699e+00
8.946434728997870733e-01
3.215767450828207252e+00
2.962354771512446305e+00
2.345897230278467749e+00
4.269866748368704279e+00
3.998523336225546121e+00
1.178296574300496724e+00
5.230120409210393007e+00
5.867822546423502317e+00
1.449558864343596598e+00
4.280514994421485753e+00
3.832424704105560131e+00
2.062357352310187686e+00
4.176793225489053185e+00
2.771333754967022944e+00
2.738182418851960342e+00
2.155860378241134079e+00
1.592273375999639473e+00
7.248969760272325757e-01
7.126963250541972883e+00
2.614554048780743933e+00
8.601173725208715037e-01
6.915699699733814043e+00
2.824946796031809093e+00
5.118927337193024396e-01
4.740746285802796223e+00
2.133779538171530987e+00
2.925927239084063380e+00
8.634005548971638078e+00
5.963091050809319782e+00
3.242315024889423025e+00
5.038686457101952065e+00
1.405322265865532216e+00
3.777476166590942430e+00
1.013945322349935507e+00
1.713238664442715553e+00
1.733469496684513889e+00
5.319879017119909292e+00
3.705749337842068503e+00
1.372464807714389501e+00
1.473471057673160001e+00
4.492627426843780469e+00
2.822004877932867917e+00
3.478797258571611484e-01
2.634304453022650261e+00
1.560333501964695113e+00
6.858212752652145916e+00
2.648595065089288880e+00
2.992566070853546645e+00
3.633632856400141442e+00
2.459128356742773747e+00
1.787703681069471306e+00
5.533937859452624508e+00
4.072336929988272125e+00
5.898102471254735857e-01
7.634468881138707808e+00
4.466375106579381082e+00
3.159711274019549432e+00
2.682650728512549154e+00
2.978313500836708094e+00
3.076972627595328191e+00
3.587249300159316867e+00
4.794892233090103595e+00
5.521053469737088548e+00
6.318098871240082737e+00
4.253291494064571410e+00
3.930672017829746512e+00
8.921257348025563028e-01
5.802506548962617750e+00
6.484688169496568122e+00
2.668292286213624909e+00
3.784654068583257924e+00
3.658878807408534772e+00
1.793894185597854518e+00
4.054394191331219588e+00
2.043545881552775167e+00
2.920838014968868634e+00
6.885960435629227661e+00
6.421326579794843781e+00
6.470052256057768680e+00
1.054961897894480805e+00
2.323188087034855798e+00
2.518811041149199959e+00
4.078484829055610383e+00
1.899643322269329415e+00
8.266439329538082248e+00
2.398170215811538331e+00
4.927620878586778552e+00
6.004932593985398803e+00
3.578175394563589240e+00
3.417297121638990909e+00
3.411617140199364684e+00
4.805663747114109263e+00
1.433621388916922479e+00
4.280736284210614251e+00
2.578687119105179004e+00
5.327329151391815287e+00
1.613964570717812741e+00
2.431186324439584823e+00
1.578127348780713257e+00
4.423557416823040711e+00
3.995502841860488097e+00
7.535035475511121739e+00
4.573701165266499835e+00
6.644777447155631123e+00
1.414174877976954514e+00
2.505378845837083368e+00
4.765016321382039344e+00
2.575901645092150360e+00
2.516470277712887338e+00
2.807846059662277849e+00
4.263749671789321738e+00
2.845302965878867330e+00
1.922061737963215666e+00
3.344138246149463090e+00
1.798967553225025995e+00
5.241067163942576990e+00
4.169379339644389226e+00
4.248710891529373868e+00
1.682533508711062442e+00
3.778879851740714724e+00
1.896173300541419415e+00
3.804191253819736218e+00
2.830923103172126698e+00
2.097781687416366836e+00
3.685859731377880699e+00
5.045327699406933597e+00
5.892625038360532752e-01
2.673886329045644938e+00
1.659734603270433873e+00
7.737042313119757431e+00
3.756970941927375573e+00
6.865269796180827555e+00
3.533019833489651429e+00
2.285052136989878857e+00
3.899251877608391759e-01
8.694236318656142215e-01
2.868408104768619182e+00
2.438567496152381775e+00
6.235252783621262118e+00
8.854262073129711696e-01
2.140121112594768782e+00
1.080678704413311042e+00
2.814372023090095709e+00
2.341300209669165078e+00
2.472098401191927142e+00
2.778063419088844466e+00
2.417348602842996019e+00
2.216610083579195312e+00
4.478709676388620053e+00
5.263082460941791219e+00
4.768644867758611738e+00
4.912055847574537393e-01
2.132513473541812754e+00
5.101947840563292758e+00
3.048474449389501739e+00
4.784839810388378467e+00
3.930648371495230275e+00
4.465186648967761407e+00
3.652911450976729757e+00
1.452451487191628532e+00
6.917883278265932745e+00
2.701656800739789421e+00
1.828536202101193275e+00
5.330090689491107092e+00
4.235690252862206684e+00
3.128465353507033253e+00
5.215885822929278604e+00
2.098816820761412405e+00
7.899956705881783225e-01
5.450049353007898389e+00
1.372149828699099849e+00
3.540009022856605014e+00
1.801453354127657169e+00
3.135996693288828130e+00
1.535848208071432630e+00
7.419502744827921603e-01
2.284055376003800930e+00
1.858662817266242717e+00
1.894121681342066044e+00
2.399725235291909176e+00
1.619851533424481627e+00
2.017721446372066740e+00
1.499283647512636541e+00
4.787732308231723799e+00
7.827327030785002915e-01
7.361153046290223045e+00
5.252522843774465322e+00
7.133459431324117306e-01
5.671194850982093527e+00
1.559133014572095854e+00
2.614156737256412288e+00
2.877831488106653346e+00
2.744788909199666893e+00
1.462000071205618035e+00
1.947747041132428691e+00
2.861143271689226442e+00
2.270106193867384548e+00
4.336911727784203308e+00
8.795260467700908080e+00
7.580980696450006384e+00
1.323435644474048933e+00
4.409031335507152427e+00
9.626662389237822248e-01
9.571546530194116054e-01
7.016669737476861179e+00
1.492670549755499732e+00
3.494670094813927541e+00
4.534766003200662254e+00
4.636574123067254583e+00
1.485909990966033378e+00
4.321127282630582656e+00
2.068440872751971416e+00
5.902601837946775731e+00
2.031888494126629308e+00
6.122998822704217581e+00
5.749667699425728529e+00
2.008848347551501323e+00
2.531152608780555369e+00
1.001641539514812829e+00
4.717697729817621699e+00
2.303390472546934298e+00
4.624814253401408948e+00
6.539749724490087956e+00
1.415504032614151697e+00
2.518376906575168217e+00
2.239599352808213428e+00
4.486681544379646169e+00
3.984942156681694492e+00
7.110948375366627161e+00
2.856085943786833781e+00
2.550665119845450857e+00
3.001324720142554803e+00
1.932531661076109408e+00
8.391244936703273760e-01
5.494056095470644330e+00
1.990196980023539952e+00
1.400820646499687738e+00
3.524347417749605693e+00
4.637777030491104790e-01
7.262542793543451225e+00
1.640303144934947888e+00
3.479509499673049344e+00
1.789727179883420893e+00
2.716218989103093229e+00
1.825809427249373895e+00
2.116721603902768312e+00
5.075215366325230626e+00
5.964324101860036365e+00
9.726042813150020949e-01
3.478221349740579615e+00
1.439345937734229031e+00
1.381577345554797942e+00
2.596390192532940233e+00
3.671908191369973817e+00
9.980319780400693785e-01
6.791378678585166639e+00
2.016214266024699331e+00
4.636113870215228694e+00
2.093605475147946038e+00
4.193782906176244829e+00
2.254439255148302568e+00
9.037323527115521671e-01
6.584032462973910427e+00
4.331333081695392551e+00
3.597605681638068376e+00
9.939477309237075842e-01
3.285744319216110654e+00
1.918852656950463809e+00
2.787539736478753749e+00
3.470261194889915579e+00
6.425486443665163749e-01
1.828658726093370213e+00
1.336033584048739620e+00
9.036223872605679830e+00
1.974889534655358103e+00
2.187577648570049771e+00
4.168763593370683473e+00
5.955434216221848764e-01
2.093752769835018679e+00
6.745640054423194698e+00
3.497226049108682400e+00
3.923304209481509375e+00
1.492623354125605317e+00
1.744604565505634142e+00
4.147605068833624564e+00
1.550388341184025798e+00
8.481371004675072101e+00
1.114284318257977802e+00
6.297085327742173000e+00
5.157805656378219084e+00
2.726697108195881292e+00
2.309010876622727082e+00
1.962550721827234446e+00
4.669274311450033466e+00
3.475058428021057022e+00
1.811939957190980222e+00
2.439570469969274846e+00
1.726937411969330372e+00
2.665306549960593241e+00
1.332636794043434714e+00
4.649553114824198197e+00
4.212164951592594520e+00
1.423018719497990414e+00
9.789951747191847353e-01
2.412131827202263601e+00
6.927862616425495279e-01
2.347530401131299627e+00
1.198946316463021855e+00
8.417847193264348604e+00
2.583558503907501080e+00
6.801586654152615985e+00
4.075102475757026887e+00
3.482988776938840569e+00
1.782391811773947898e+00
2.454283248787044958e+00
9.766201110094399063e-01
2.130591297284110563e+00
3.597994803761349836e+00
7.833287804792408160e-01
2.750768611718659606e+00
2.075889031231828330e+00
8.033679642073636717e-01
3.905715740574073003e+00
2.947675965969545619e-01
2.779036126393111594e+00
3.388625662635663893e+00
2.979755257987882988e+00
3.792654052890751526e+00
1.232924654916818241e+00
1.168707671101956613e+00
4.125758632386527403e+00
1.677948092421101434e+00
5.846976153102731999e+00
5.127952443801116367e+00
4.453382162035624425e+00
3.239307412811699205e+00
1.739660647099759538e+00
4.821538912538551713e+00
5.181368562806333067e+00
4.182868561290698395e+00
9.422610360338192770e-01
3.797615614588977007e+00
8.963761763640286873e+00
6.151156961666164324e-01
2.707664302016055569e+00
5.135925895955377740e+00
2.358751166901682073e+00
6.655832246488312620e+00
3.095184238358975382e+00
9.944044788085568687e-01
3.002255154343794086e+00
1.989072168314053313e+00
2.928693769095915833e+00
6.576992101115903822e+00
5.707774104235959101e+00
1.033581726818918689e+01
4.100803700345181824e+00
5.492169141221422635e+00
2.684831662694262100e+00
7.230793229328807747e+00
1.214774591999677966e+00
7.014166982022578267e+00
1.867637800695235883e+00
1.555881567001135446e+00
2.416449263239439649e+00
1.710733344864257433e+00
1.687165989646606912e+00
4.415501071958991552e+00
1.386893962342663489e+00
1.994903498700615341e+00
3.564992400651159521e+00
3.594605330238516139e+00
6.684708475698353247e+00
3.771171838216763383e+00
4.970609955347624620e+00
4.400410015737399760e+00
1.230720069057277044e+00
3.336373323304794969e+00
2.429051252712024489e+00
2.775549347689482360e+00
7.546069479105376843e+00
2.891505257699525266e+00
1.308861220528204417e+00
4.048948423266011787e+00
4.271848818185016938e+00
7.433512197181096681e+00
5.180947372609884027e+00
3.214849753120390563e+00
7.354113047119234636e+00
1.910103203960271445e+00
2.386961927462019073e+00
5.872105454060197793e+00
2.975198784174605926e+00
4.728280965308267469e-01
2.797815108049965804e+00
1.848569323405390818e+00
1.226766181792492860e+00
1.182058558287722994e+00
2.165836999904753313e+00
4.300609151129206609e+00
1.103029016824677466e+00
2.394890036078300977e+00
5.951594626589478132e+00
4.353649982850608779e+00
2.812816994427113748e+00
4.370794393970401259e+00
1.673202633349352153e+00
7.297816963720485717e+00
1.292236438105597962e+00
2.587371647744991510e+00
1.714321647372104129e+00
5.422018349030071072e+00
1.572741543005193865e+00
2.962018704556586446e+00
4.102241325586806653e+00
1.820761572919149307e+00
2.958102514821606022e+00
6.378165445392603772e+00
6.204900879280668136e+00
6.305232010329842929e+00
3.968489331640517648e+00
8.473491374201330695e-01
1.308623269184450377e+00
2.755944447343999570e+00
1.221113856745034587e+00
6.387415965275771157e+00
3.740949274003602998e+00
2.015945010536435600e+00
1.376228058965393464e+00
3.866607049460440759e+00
5.993030405224179624e+00
2.200172227592155139e+00
5.662156010660939209e+00
2.641474612579973513e+00
1.860951147896733548e+00
3.385250768688060408e+00
1.346171282522019341e+00
4.962619759326265090e+00
4.444220785726868961e+00
1.831175002152694686e+00
2.360444643939857645e+00
1.912802641415585869e+00
1.138348994617410126e+00
4.588726523935927837e+00
2.786867840755562042e+00
1.419550059010577625e+00
7.452778211009642995e+00
1.575347101903410652e+00
6.432948140502229961e+00
7.654745921072295012e+00
2.521456760310767375e+00
6.714477249782845547e+00
2.876409164728353840e+00
4.233433313587957159e+00
3.010490618908579386e+00
4.902900213903008897e+00
5.790029135317043441e+00
3.753130514096206127e+00
2.189566822313015138e+00
2.298857395942798920e+00
6.406846383553032709e+00
3.137637601546573229e+00
2.969189357910349436e+00
7.639321087709893376e+00
4.523455926749538669e+00
1.132143272941662726e+00
3.468546084682751385e+00
3.985848576363026030e+00
3.862020032255175650e+00
4.632542276231350620e+00
2.712021528560887518e+00
4.949222443363666457e+00
3.415226224473223215e+00
1.679256292921216920e+00
1.991563635624426398e+00
2.570822986943664734e+00
2.114543913733190283e+00
5.799622754954848247e+00
6.540491950811479605e+00
5.790777332670519861e+00
1.729090851327347078e+00
2.153209059064487452e+00
3.076302976890942453e+00
2.651155879100648871e+00
2.650053434995416346e+00
1.677373207015203649e+00
1.401266422786539900e+00
3.161092533621618461e+00
2.130825966638911328e+00
2.073265668618574864e+00
3.597237404599633148e+00
2.476755594580068109e+00
4.819712726838707995e-01
1.756138837173658374e+00
7.224873954556572109e+00
1.655515769340252685e+00
2.356555693497170090e+00
8.136725759421907789e-01
8.264535027498931541e-01
3.128262585174246269e+00
2.772039091483879503e+00
5.455186095664144474e+00
3.544610906146571594e+00
7.136774047763504214e+00
8.208910894698226102e+00
2.171091135661659788e+00
1.202197512032370463e+00
3.964862251348850286e+00
6.038982209671768686e+00
3.890840285240990681e+00
1.053274314703015246e+00
2.327930653440353215e+00
5.220264604480566284e+00
4.745122485419455138e+00
3.683834417139278727e+00
3.875127471832361170e+00
1.654650115763415252e+00
4.407106389296943760e+00
4.151593437973308376e+00
1.318816290789450285e+00
6.855253068372729075e+00
2.739346606573404230e+00
1.515620153422814864e+00
4.571487945160625621e+00
9.994495040127676644e-01
5.208679340717742079e+00
1.777182630125417440e+00
1.021353829321797191e+00
3.276209894032699133e+00
7.638367228063718262e-01
4.269093533919372518e+00
2.342185629380878265e+00
3.383736140563263550e+00
3.057063407483505468e+00
2.028360190942386065e+00
1.159662571931132868e+00
1.166175502665733221e+00
8.738110206047536854e-01
7.613566691928368435e+00
1.453398426644787911e+00
1.144944063427133063e+00
1.179460154995309118e+01
3.584206521409540880e+00
8.776050985286751871e-01
2.519009820798812083e+00
3.214538010677156610e+00
2.741293491602844856e+00
2.177380931546957221e+00
2.790495283696265982e+00
2.147250538183085755e+00
3.594302242637399836e+00
6.855747741329255796e+00
3.486648391275402492e+00
1.457088775860605034e+00
5.367672437883463488e+00
4.427532231707290045e+00
8.569446089697986269e-01
3.462044606659076873e+00
2.214915308605522881e+00
1.494771940507154229e+00
5.741376664080463321e+00
2.750935236794023186e+00
2.117649725729983778e+00
4.916400137319214103e+00
1.058640904117292392e+00
7.495823106852190776e+00
3.836180927614188718e+00
9.306243159227478579e-01
6.563510572441296098e+00
2.104365323381015784e+00
2.473838554293234626e+00
4.932048600217364687e+00
1.141253890603027843e+00
3.860719012711255615e+00
3.506650044133475586e+00
1.047100817405909767e+00
1.905579244273608142e+00
2.642305838111560945e+00
3.095823627004950396e+00
9.622683194060799305e-01
6.415515557839793770e-01
6.613978361108259207e+00
2.904561749603678855e+00
2.082211254256359112e+00
1.136018906668353479e+00
5.061657394850179514e+00
2.921434361699207116e+00
1.904014138525300659e+00
4.222363181768857388e+00
2.795857526879939936e+00
5.321750692247518844e-01
2.783466592346951263e+00
3.054153225194445209e+00
2.124147770038272487e+00
7.221260231727755219e-01
6.136092384151672796e+00
4.759503453210091273e+00
8.538939324739395431e+00
4.855865244903589506e+00
1.672391727752910562e+00
5.078353965965107797e+00
9.598320544165813706e-01
1.756824121423075757e+00
1.007419218596950827e+00
1.582765363785686219e+00
3.610515735039609542e+00
9.542987403949840797e-01
2.107475181727553437e+00
4.693115942160575038e+00
1.979781425298995368e+00
4.922944341619745146e+00
3.978853732939562349e+00
2.256687134319563803e+00
3.489141136527412090e+00
3.161050850358683384e+00
1.135987092053551306e+00
1.959263890738487390e+00
2.501523641481748772e+00
3.899816604577749368e-01
2.248999435150702997e+00
1.769866415612047605e+00
6.993172101845437361e+00
8.438915858993449870e-01
5.130309772016056868e+00
4.158971263918072592e-01
1.517850452456561028e+00
1.697058847178070984e+00
2.927896655153285455e+00
2.459192902644639300e+00
4.139869358663702315e+00
3.817108141890040773e+00
4.161159525541531679e+00
6.034689864677561744e+00
1.398651279691569105e+00
2.122843915314895469e+00
7.409795284842826568e+00
7.406722737605025308e+00
2.394058824806926111e+00
4.736908186921537478e+00
6.877739837491156472e+00
2.312554481036984910e+00
2.841498499041423820e+00
1.998249667555994202e+00
1.099317386529571117e+00
5.372365688564392450e+00
1.752236094254536303e+00
6.942835555612782983e+00
2.485768489576790863e+00
1.475166121600567370e+00
5.830901948116093081e+00
1.013810295106842174e+00
6.706055078165755745e+00
6.789879963557506670e+00
8.724476616254506212e+00
6.933957065823335597e+00
1.768065361870663210e+00
2.341240432495343526e+00
1.904548599288573341e+00
8.412801375836069795e-01
4.273584977521124983e+00
2.472105903201839094e+00
1.344658453321145419e+00
1.695658650031658388e+00
6.178303052577583721e+00
3.436106944897257431e+00
1.585665636486160324e+00
1.098640899450790354e+00
3.246335622653290898e+00
6.855357964168341534e-01
3.441146192151819938e-01
5.731249682515744404e+00
5.231807917563750188e+00
1.875315255699701478e+00
2.053290915096966707e+00
2.299778083915945182e+00
3.549904113937666583e+00
3.129996014276954064e+00
5.646949619620360572e+00
4.143553708754712517e+00
3.653131045970033242e+00
3.139388469142373683e+00
1.646680733033775601e+00
2.470399501243587537e+00
5.127419586939680585e+00
5.185205962677136071e+00
3.900277453386471471e+00
3.788858532431807813e+00
5.764653869288436372e-01
9.174227813404859377e-01
6.967866628628534897e+00
1.452851749293950778e+00
7.471861976716274611e+00
1.328356334218707691e+00
3.323757711519397251e+00
3.111097440128591796e+00
4.306600386531007629e+00
1.877975473928847228e+00
4.818043925465517852e+00
4.846316358712964956e+00
2.718546507994975769e+00
8.236795888893094775e-01
2.251522937959413273e+00
3.612127711622637793e+00
3.952073497850545181e+00
8.464450525090108091e-01
2.120021416724521490e+00
4.915927909942836571e+00
5.698062967722853145e+00
2.095893680379417034e+00
4.677435360894585337e+00
4.285734916582283560e+00
6.504233361133254121e+00
4.362502634942689639e+00
6.179012273852418247e+00
1.472913970110371729e+00
1.832477429689395754e+00
2.030724008625674593e+00
2.721835272688003737e+00
5.733930855212712174e+00
9.873696090041496065e-01
3.549193155148088863e+00
6.554494703979107051e+00
2.761092717721995271e+00
4.931515855656988023e+00
3.170305849641494422e+00
2.769075497605659297e+00
5.437631320503622412e+00
3.043064258129847488e+00
3.147211461396853593e+00
6.051364630574823877e+00
3.031561654697056962e+00
2.210210715781967039e+00
8.640151893066780886e-01
3.256646075931478368e+00
2.483388141188094256e+00
7.896005546920073392e+00
4.073236224404897854e+00
1.764062407786255005e+00
3.872795772000672265e+00
1.340444855621711229e+00
1.626092002168874728e+00
1.451488594953755040e+00
4.004084037221215198e+00
7.372361181218010984e+00
1.085427517993720059e+00
1.697615888678164486e+00
4.458620562989923819e+00
2.590039072848447699e+00
1.901277411408469842e+00
7.789814315899203478e+00
3.033590498125419366e+00
4.674264024057745104e+00
1.745931346761087077e+00
1.518756634005681061e+00
1.595559422139654293e+00
1.119047329496706933e+00
8.710571055317208433e+00
2.361978615954600791e+00
2.987551983867885674e+00
4.480347482562681449e+00
2.027621883152650017e+00
4.381045238282030851e+00
6.834287899024249491e-01
3.412387550989767426e+00
2.434186911272657294e+00
1.577134780840026229e+00
6.357331502826652603e+00
2.374795400893521258e+00
1.389740821520518033e+00
3.917739155180242516e+00
7.990131237415030618e+00
2.800843370046871339e+00
1.266231942498693197e+00
1.185834196386285511e+00
8.851057460190000503e-01
6.178416635997728612e+00
4.534775093916860733e+00
1.089092118108445639e+00
7.447688629733584698e+00
2.973384257115381235e+00
2.030909680194614264e+00
9.334741627519864693e-01
2.881111102697164306e+00
2.053423577559496227e+00
3.705978852023351422e+00
2.857208612026632011e+00
2.490327481122639686e+00
5.288840645765326087e+00
1.314715282569611787e+00
2.946074179039229968e+00
4.384848075845312110e+00
2.981926480327739437e+00
5.554907723687563248e-01
4.196803565669190994e-01
9.171279086448349549e-01
3.053653404353744438e+00
1.106046597750364180e+00
8.793654805723328804e-01
3.548374525939242741e+00
3.196518323670013206e+00
6.164795532972876302e+00
5.454907001756104101e+00
4.184972820916741831e+00
2.886017453198246319e+00
1.741268775389018142e+00
3.333682219732561625e-01
1.703933865685133942e+00
1.589604820597448898e+00
1.524587581495296718e+00
4.720571427704797429e+00
2.011931860817659512e+00
5.636390768471247981e+00
3.391894644349639165e+00
3.317057491427735094e+00
5.104881623617057329e+00
4.000605785534554037e+00
4.194769150919126943e+00
3.135599106448801354e+00
9.787508976851929665e-01
1.542395134380758703e+00
6.762106817667337566e+00
1.879731681238796304e+00
2.185835435369556379e+00
1.881645825319837595e+00
1.635253591865150069e+00
5.260816993340625913e+00
3.254483349458282326e+00
3.256048620666718740e+00
2.147330979211599100e+00
3.726827729541179135e+00
4.253891161576521363e+00
5.698838034906316352e+00
2.167536966393893039e+00
2.537922804748268923e+00
2.419069624647743222e+00
5.049725405831890335e+00
3.893549014484659065e-01
7.510760298276387026e+00
2.378062661537846623e+00
7.303723098040136641e+00
1.721400330409344370e+00
1.956528562381107506e+00
4.651504112697699256e+00
2.984446193780669443e+00
6.869896993244885230e+00
2.938846302981683589e+00
5.552481725948557489e+00
1.864230754176719573e+00
2.664719235103742090e+00
5.463176907668730209e+00
4.137766834930526549e+00
3.461680812554137621e+00
4.942326759499151123e+00
2.818961530282056316e+00
2.584106191940524599e+00
2.549876683356356200e+00
3.949764057509848936e+00
3.230448897712285383e+00
1.047163377251639105e+00
2.344817978927977276e+00
3.140707402936953052e+00
2.476877751297914099e+00
6.099248164346772860e+00
4.790333470351183287e+00
7.455998740723503992e+00
4.591229008575008486e+00
1.053682875234512872e+00
3.634942329342554679e+00
4.494016594241941220e+00
5.117254703593152598e+00
2.288009179689191708e+00
4.403427165964639123e+00
1.436981764970318487e+00
1.584016261363559108e+00
5.831473685185356359e+00
1.787722711485886462e+00
6.970520947895386676e+00
2.473688438289936009e+00
2.777290911744198176e+00
2.230873697018841639e+00
1.586230481445289442e+00
6.829181848694613421e+00
1.407464594544262093e+00
5.436143282318310455e+00
2.180385840455264290e+00
6.496390152909844451e-01
1.841807919399705007e+00
6.942015082120957636e+00
3.642217915273609385e+00
5.517505483477731509e-01
5.858079975816201213e+00
2.905749441626289897e+00
1.918936873652097308e+00
2.504727498657048468e+00
8.041038067504684861e+00
3.078551454589087299e+00
2.450612927302496136e+00
2.427801780046750402e+00
3.262611004199632347e+00
9.374199209378260012e-01
6.300270767736390276e+00
6.487572501459676566e+00
2.743656379604330731e+00
2.170089364971155010e+00
1.577607902859492706e+00
2.015898256585520354e+00
1.743216574972827226e+00
1.865845164687379265e+00
1.606250284719502597e+00
3.901367346692260263e+00
2.886907926683564884e+00
4.676026694416532514e+00
2.208415851019771114e+00
2.455430580509641469e+00
3.304687373644164428e+00
1.583531313264482154e+00
7.242204331070057677e+00
4.331857667697400771e+00
4.912512316778456345e+00
6.041149543009892042e+00
3.548170055928424826e+00
5.670603757782366472e-01
4.091394723875819039e+00
7.298793469607071316e+00
6.823980157200744578e+00
6.672634010974267227e+00
1.641570575591859926e+00
3.505334332706067091e+00
1.468352243236403565e+00
6.121344151136194789e+00
1.213876452009162721e+00
4.198445806975169781e+00
4.574908749295830468e+00
6.360689130955072823e-01
1.692464418908013357e+00
3.340191130542021991e+00
5.848839624089715583e-01
1.234400923804114703e+00
7.993721288263113678e+00
1.166591289474975746e+01
7.349977956843904980e-01
1.839784921358964986e+00
2.210973087910259149e+00
1.938405715201249269e+00
6.379335014642609991e+00
8.543947067907529558e+00
8.119355059646213846e+00
7.184593766244616653e+00
6.028550411410452448e+00
4.418335022221843822e+00
5.288042295082173716e+00
6.038543118137087440e-01
2.317813210760305775e+00
1.860676661920070085e+00
2.128114762829969031e+00
4.418132621806181604e+00
1.132584658620869655e+00
4.650263768452641777e+00
2.773744640549018037e+00
3.197771538254415180e+00
3.465158956290226744e+00
1.645035979605719678e+00
1.200349945285302589e+00
5.588554890996306312e+00
2.174134539628803431e+00
3.387175516457145985e+00
1.799994283733261646e+00
2.888846603720998996e+00
3.723546857708317948e+00
1.526460678736503151e+00
3.829333301481217866e+00
3.114263234407348868e+00
4.751356575001045579e-01
1.360774572832748941e+00
1.795188263293265196e+00
6.919644404515788993e-01
1.223016474093490125e+00
7.114336043168583146e-01
1.722534253527210568e+00
1.938922039612067882e+00
4.378926440137417053e+00
2.123173993923296976e+00
3.536084771420233697e+00
2.015775378376490234e+00
3.197263193677641890e+00
3.721973437788784755e-01
1.578226982595566597e+00
4.215445500569149573e+00
3.602551198654957432e+00
1.162620514452720855e+00
2.326602622085811589e+00
1.661175837684944145e+00
6.638810757364622894e+00
1.208751458540041845e+00
5.545756546314136948e+00
6.379430587685127385e+00
2.939185341507787985e+00
1.762841426360292729e+00
3.712606362441036811e+00
1.074278206200234065e+00
1.370265517727898175e+00
2.307152614822533199e+00
9.721710976938804372e-01
1.014955597243138330e+00
3.333666785583257131e+00
4.387749122261491053e+00
6.572135099740176400e+00
4.284639412122295710e+00
2.216633212119563101e+00
1.545709770917139458e+00
4.014419634263807879e+00
5.983330741795522378e+00
4.860728947751392637e-01
7.486595813092873364e+00
5.380415659811664142e+00
1.957584120559162422e+00
1.760162883651439358e+00
2.311678630764312015e+00
2.090623309006730324e+00
1.763734933486115208e+00
2.360878932074272907e+00
4.216187902834326984e+00
1.382935698600558982e+00
5.451080529839986255e+00
4.338008973083822717e+00
4.071343015281827959e+00
2.704560064430148625e+00
1.842166442422893402e+00
3.115020936512234773e+00
2.524048316843145123e+00
5.093994969339090240e+00
4.286455080128334316e+00
8.466951012979134106e+00
7.639907363844797850e+00
4.796007315009242156e+00
9.293132810865760263e+00
7.112125316968888278e+00
1.607931099508272510e+00
2.200617195076683075e+00
4.448871364245826854e+00
2.118133319914916601e+00
7.780803288590916467e-02
3.858342770499392671e+00
3.339418942266045409e+00
6.034122835431975140e+00
3.010377185591841531e+00
4.362749620601489298e+00
1.465770131491265893e+00
1.844919508555015186e+00
1.242051953704499612e+00
2.263027838011894666e+00
3.282506423777977744e+00
1.737259156783585112e+00
8.315296363714650418e-01
1.526513187885357503e+00
7.273628874083062357e-01
1.600414901365808440e+00
7.487218488323836851e+00
3.949757555539897602e+00
5.679009649107677582e+00
5.405732114964403312e-01
3.479540079544728659e+00
7.902028486114305306e-01
2.369073344283738614e+00
1.140859191616039103e+00
5.085139457198571300e+00
1.726420181239205265e+00
4.254823068965847277e+00
1.973728752121768792e+00
2.792538318210374904e+00
1.492707305001474527e+00
2.802265899729309950e+00
2.143320732784522509e+00
5.093000656524725223e+00
2.404844600089679485e+00
4.151006189385749501e+00
8.136297626199883837e+00
6.799857614360513836e+00
1.609995537256118325e+00
5.964869776162774473e-01
2.714333628870106097e+00
2.990733881376573144e+00
3.341047930958204182e-01
4.669318098283577356e+00
2.253122251215132987e+00
4.554652015677165267e+00
3.175638487181373204e+00
1.349467402314908027e+00
2.149863658480064110e+00
6.775431261240767000e+00
1.465169282215676327e+00
6.220251203692831465e-01
8.406177694569107572e+00
2.250349593661038039e+00
8.446066817242192659e-01
1.053478581707034678e+00
8.131874729475979890e+00
5.777109056163197920e+00
8.516193190304430782e-01
3.168885961402656104e+00
8.659274484237048375e-01
4.638574340978840027e+00
4.140063839831347181e+00
1.090324714867731970e+00
1.319144634987593045e+00
4.362775698748594166e+00
5.792047102900331090e+00
7.474306959326197486e+00
3.010591930788907522e+00
7.084678503635533087e-01
4.929240723631864718e+00
4.642864707215529907e-01
2.121379004003734359e+00
5.210452270806062991e+00
2.380306773604439652e+00
4.524682705994055532e+00
2.369950849971246942e+00
2.045766195894923367e+00
3.378481227374706020e+00
4.408076873163491172e+00
4.812010573839240912e+00
4.171328495643969347e+00
2.859793535391646380e+00
1.949299431910638258e+00
2.357263298501075965e+00
4.353676433564502624e+00
2.063411788563561888e+00
5.080567512947776088e+00
4.998877951495965810e+00
1.383733630139166504e+00
1.065351513723468813e+00
2.798276995892015506e+00
5.586492809362638701e-01
3.990209806617595500e+00
3.607063145744167088e-01
7.601184474009517800e+00
7.383102454352983735e+00
4.514616589681049064e+00
1.740121296449131716e+00
3.324501004182526032e+00
4.541355605851916444e+00
4.219348664250138548e+00
4.829611599535690303e+00
2.563505200292626629e+00
1.485758802283795310e+00
1.988914660426216674e+00
2.995104345173885130e-01
7.619912193594003957e-01
6.645203996244243294e-01
1.475866538414022822e+00
6.323500174020268538e+00
5.241676448767987884e-01
2.249547899434785947e+00
9.121184854710157053e-01
4.139590185654628662e+00
6.442764445232478820e+00
3.889157914533547533e+00
1.578952072955395636e+00
5.880515059729229499e+00
4.549982387453866295e+00
2.461780538510892402e+00
6.428006432957196203e+00
2.689492661682951979e+00
6.664424281612728596e-01
4.029957535019008219e+00
4.724519931958369057e+00
4.130512450345312558e+00
5.082931958333090083e-01
9.164035804287271603e-01
2.049803245345376279e+00
1.092172888177654455e+00
2.281101346941777130e+00
3.291548857931669847e+00
2.371695498856916551e+00
2.881667185209706439e+00
8.652618689736906177e+00
3.073188846620634962e+00
4.644911793765238883e+00
3.788746897664073021e+00
2.368753189870278053e+00
1.333932664900285614e+00
1.260899416504828618e+00
5.111055054314951995e+00
4.385475027005722559e+00
8.696109893506228872e+00
5.707114588936983424e+00
6.953963100802917907e-01
1.743873013573825848e+00
1.680475109637901143e+00
1.746880882872192897e+00
3.399163825624528457e+00
5.525621228810714269e-01
3.171771674440976518e+00
1.190357102820279289e+00
6.272273326292128637e+00
1.474917868590003511e+00
2.686709812539441966e+00
4.228811575590718519e+00
2.185468292722447803e+00
3.528540603434016543e+00
2.362796873282140719e+00
2.868897304666143455e+00
1.004592422596171986e+00
2.106167176588305878e+00
3.597715672147462573e+00
5.990620795452984204e+00
7.247523731526996471e+00
2.447918707714745068e+00
1.719548740919212282e+00
1.761016469442531429e+00
1.855465674714591007e+00
2.132369323080236523e+00
3.111221671881450046e+00
1.863503746109025583e+00
9.310525018326727409e-01
9.971968715906368574e-01
1.357110549724582338e+00
2.644658901418458719e+00
1.803967619769890174e+00
1.934171358683204778e+00
1.147895347247543274e+00
2.569975146315395254e+00
1.465308727323314963e+00
2.604430403491440060e+00
2.783134095038723110e+00
1.442287587006193528e+00
3.823527860130627953e+00
6.951795589086899874e+00
3.101999058496089479e+00
4.318115668316784728e+00
2.105377215251623468e+00
5.415108131285299997e+00
2.583303611958077894e+00
2.235741621811336177e+00
1.408601394893338465e+00
2.728013887088425182e+00
3.066107194986076756e+00
2.003058221435728647e+00
3.243094644987836617e+00
6.686172012035048517e+00
4.784843607879468719e-01
1.997403113164731403e+00
1.691328709556739973e+00
5.067958873773691586e+00
1.168506915410419067e+00
5.248842682500442614e+00
2.885118904790773708e+00
2.844650104261267298e+00
1.636482330799676976e+00
2.160728182336802750e+00
1.196491613327083536e+00
3.063739803316698929e+00
3.489889384029948083e+00
5.385761043146847449e+00
1.074486500041297310e+00
2.669487247723071999e+00
2.508607753833837606e+00
1.355932340804727909e+00
1.743532950721929708e+00
1.781428577880004305e+00
1.212193209621865497e+00
3.886274912567437845e+00
3.512572852528479839e+00
4.258199138041243614e+00
4.052816976980092356e+00
3.259997248863202302e+00
7.248780156709027089e+00
5.097675546031084970e+00
9.880865658327919743e-01
2.553012064831011063e+00
3.069090165942268467e+00
5.709051773394556939e+00
2.192727969373508223e+00
1.058411984314877374e+00
1.382736499090258198e+00
3.093934341814652544e+00
2.257998955832552390e+00
2.709150621403033643e+00
2.300526723847493571e+00
2.736249519391281471e+00
2.564617205964504265e+00
1.850739460520457014e+00
1.873590925746193125e+00
2.929035043517863368e+00
1.889025807046410099e+00
3.596952107883514049e+00
1.512719683019668304e+00
1.513578481007792575e+00
8.510521204680497220e+00
9.408285179444568769e+00
5.792298744527580645e+00
2.210350392833165145e+00
4.979629301376168549e+00
2.100162908713093302e+00
1.294811491124570946e+00
1.073782120180414967e+00
1.975727293486904124e+00
2.654411799755524548e+00
2.250639206541825477e+00
1.472117569375622104e+00
2.242965888298997346e+00
6.910684606171939137e+00
2.421545601989086194e+00
5.862679239755499871e+00
2.405143308876644070e+00
3.163832050798391915e+00
5.178784556656900184e-01
6.725909444163353790e+00
3.464608272820740575e-01
6.400684506454354938e+00
1.580149797179127624e+00
2.305151653175702808e+00
7.285906227036550220e+00
9.273528958313480786e+00
3.729760673410108751e+00
2.590401545470652600e+00
1.128940936216445756e+00
3.784677754328276578e+00
1.726561724440107026e+00
2.072861747895195617e+00
1.578406129058992580e+00
2.010021930343082630e+00
2.452668477889838439e+00
2.077064363518243972e+00
6.705217373412959425e+00
5.691790169119558485e+00
7.203401782558378486e+00
2.958880691947405772e+00
2.727037793329437410e+00
1.595677176143979414e+00
4.619626130541874431e+00
1.917610853079384281e+00
4.321778429137098421e+00
7.465297518851377490e+00
3.231704652861955740e+00
2.352790292997905208e+00
2.526569974058582524e+00
3.019596303064921994e+00
6.974375201721256801e-01
7.794040689155288248e+00
2.828769743373703793e+00
1.331502814990033867e+00
1.620312096965793147e+00
2.244958343023147673e+00
1.324047387783996443e+00
3.243594431352497809e-01
3.632552377503754037e+00
2.097180902664697033e+00
7.442806056188190134e+00
9.639387595959973964e-01
2.604255456753302056e+00
5.296049184330898996e+00
1.451663680151583868e+00
4.934065249251728957e+00
1.441762152041223599e+00
3.329763119122922888e+00
3.640224138516575003e+00
5.165795555713124543e+00
9.373250114509148467e-01
1.474630889616259877e+00
4.234228404629487130e+00
7.282293959207621015e+00
8.786260446397411439e-01
2.832042863284981227e+00
6.371996405160286203e-01
1.713644820145817871e+00
7.935103824089987379e-01
1.507137849557340648e+00
4.635559975067381266e+00
3.563839124694109906e+00
2.133315226305126266e+00
1.424344524964932690e+00
3.406341887655687239e-01
1.651260638160774397e+00
1.773020260303017626e+00
1.186638108961862059e+00
1.608009365377536914e+00
1.044163448834775387e+01
2.508180585224423886e+00
1.328717646032142818e+00
4.260080121234252282e+00
3.744890999473853288e+00
1.446790632956762135e+00
1.410055331149312474e+00
1.101505789245464273e+00
1.732619389341688798e+00
2.097609609195469904e+00
8.896529920967669369e+00
1.736237929628705157e+00
9.969031231676598326e-01
2.351260605874143206e+00
4.066871061959113298e+00
3.232785174147944751e+00
4.990867027327294814e+00
2.809258303670678636e+00
3.646712320305760091e+00
1.868068795014837802e+00
3.462640348181758476e+00
7.165503882285499948e+00
2.561175061431292921e+00
5.384136269082006265e+00
3.451907580695072308e+00
5.188653405661719731e+00
1.957721406090164873e+00
3.933018567516813224e+00
6.069857501915936204e+00
1.361364464875948421e+01
4.289509500548453147e+00
3.395128655387959604e+00
1.339499658854989228e+00
2.899949574751116810e+00
2.119575315212337774e+00
9.896931245124236387e-01
2.782926455005618749e+00
2.406089185152926913e+00
7.169889750730081834e-01
4.522959253026725968e+00
2.983983804292761999e+00
1.063759821429190788e+00
2.366605035363311682e+00
2.465416116432397331e+00
1.789621545821047155e+00
3.186716181281783022e+00
1.812379258071890487e+00
1.257293179044949083e+00
1.636660293568406921e+00
9.269090032204498897e-01
1.038671167078249802e+00
4.579709450572559959e+00
1.485325707373575277e+00
1.891620371701081993e+00
2.186609946517172443e+00
2.315656779506828578e+00
1.457523641766411027e+00
2.053710032196273350e+00
7.985448897467278151e+00
1.439869561283787514e+00
3.067306324832567377e+00
4.541307390772648667e+00
4.264914539854293807e+00
1.969880450888899182e+00
2.131079768906745109e-01
2.842918938426513442e+00
3.861423780867840438e+00
2.273409889742707080e+00
6.862184922333153247e-01
3.139652406360847525e+00
4.382677131009035776e+00
6.487121156267512845e+00
5.503039960465713420e+00
4.727262670515718912e-01
8.042576438440855569e+00
2.484630080581385236e+00
2.033425692718454858e+00
1.230234293648776012e+00
5.653607290796016649e+00
1.881668121887610789e+00
6.371035929895927374e+00
3.451809184264007957e+00
2.787649739467895404e+00
5.999783988028805304e+00
1.189466707751481600e+01
3.658231946775130083e+00
2.001165494121150523e+00
2.386422094122194970e+00
1.961620095167456723e+00
1.259520429003167186e+00
9.104050062557616840e+00
1.069307179807412744e+00
4.115696713279502816e+00
1.498524007156948112e+00
3.113533427556145039e+00
1.451533388601716545e+00
1.098461118877228193e+00
1.994973551815668822e+00
9.246116610291184035e-01
2.162276764600513879e+00
6.216089299099477605e-01
8.367617200684489553e-01
3.302867453406318710e+00
2.790147158609637135e+00
5.743885085067736984e-01
4.944755048394280372e+00
3.586164139243440019e+00
1.192049773812026148e+00
6.809821830783066687e+00
2.332353617176000871e+00
3.892143393813476404e+00
5.332174836406634810e+00
4.327246768510123687e+00
1.617276786030253266e+00
3.156591651935081622e+00
2.852793636038166269e+00
4.102900746889845074e+00
5.515814811365622461e+00
3.814708401686528472e+00
4.346219350939711568e+00
1.933209881487395920e+00
1.404506407486400210e+00
5.768249878090535354e+00
5.831470181712615997e+00
6.757468572720966904e+00
1.717013512592996616e+00
2.428767258246207650e+00
4.797051196503430148e+00
4.017747446130344180e+00
6.674008785968365665e+00
3.065880478514718011e+00
4.734418935522422878e+00
3.731071973306701040e+00
4.295704241993433925e+00
6.820906926547729121e+00
1.366760524189154280e+00
5.179792354543806709e+00
6.574423401376757958e+00
5.620952531414094899e+00
7.636179855617190704e+00
4.242042435547589641e+00
2.042755042744242466e+00
2.682051244895188979e+00
1.085589672243043813e+00
6.937399988509344695e+00
2.199241784676034595e+00
1.046149022666722317e+01
3.585896357211232899e-01
2.186520119625655401e+00
2.779424967895043341e+00
4.344314007047691106e+00
4.142460456585008721e+00
4.600011943321919539e+00
1.128854799656698438e+00
1.895794693540378439e+00
3.972222080003082190e-01
4.454898889700664277e+00
1.615926870675741478e+00
4.593599336038222347e+00
9.049654750695638183e-01
2.398257401262780864e+00
5.153762193706442396e+00
2.962805547588310162e+00
1.517842390055825330e+00
1.438915480840703642e+00
1.921946683420437951e+00
2.463188059091792947e+00
2.114127140585826403e+00
2.949862737987604788e+00
2.212955524901874860e+00
2.424572478310852652e+00
4.600348604475303915e+00
9.054606281298686055e-01
3.655544380113811442e+00
2.370947782038927532e+00
3.007474946807432659e+00
2.233541265333748527e+00
2.472095729001747344e+00
7.036587160827409093e+00
1.566943681825222701e+00
4.369261073599281175e+00
3.503148317212334995e+00
1.142013878582179842e+00
2.373159251312732643e+00
1.351267024566034980e+00
2.377867916432606421e+00
5.319951503535969017e+00
3.539339676042937199e+00
4.443212841111213174e-01
2.402670458449548629e+00
1.329041443894818819e+00
5.129880754615032679e+00
2.238656094474813951e+00
2.469961824207428158e+00
9.846094452092388760e-01
2.338502090939090561e+00
4.690906010558235195e+00
4.916235950722702697e+00
6.854957579746128182e-01
1.032199459025182176e+00
3.599858886028317606e+00
6.622489494453746239e+00
5.417490375256704738e+00
1.573284771624003930e+00
2.220195035524373139e+00
2.754244528139979220e+00
3.151728506490445003e+00
2.326198593197187137e+00
6.273649607400201056e+00
3.953998453978458283e+00
8.982559620612697415e+00
4.709328975314883703e-01
2.353035921022485599e+00
1.635371436618590302e+00
2.004561111296380371e+00
1.854768483905414878e-01
4.757200472082818266e+00
3.608563446689752041e+00
4.608246004695411457e+00
4.029925240653454921e+00
1.710559654690991360e+00
1.424395421306182463e+00
2.152955257491419250e+00
6.232040775920473230e-01
1.029044546750305100e+00
7.573931506542864733e-01
1.730905363060218694e+00
5.200898671635017401e+00
5.744944416015139943e+00
3.442778916167856806e+00
3.916578976791049715e+00
6.222086576442470651e+00
3.462955629386543777e+00
2.670853366340614432e+00
1.862311331212216814e+00
1.518748267610658731e+00
9.037696964905255204e-01
3.371405319107582343e+00
1.249572027449751710e+00
1.221156022912117223e+00
1.936066695642560953e+00
5.108049452895044418e+00
3.942622904628129366e+00
3.484195048343122103e+00
8.158099442446542504e-01
3.190241651886060570e+00
1.599247912750414891e+00
2.403527107787970518e+00
1.216954046255968969e+01
5.539984330816663416e+00
3.005666493965380770e+00
2.217661501796507117e+00
1.726431568903214808e+00
7.363182150107114410e+00
5.870583158917948907e+00
4.590988219908155088e+00
1.417874387894866750e+00
4.457661928718330557e+00
2.430288841661170096e+00
4.530627831133210215e+00
7.050308518532147239e+00
4.530182287712251288e+00
4.519447147689001021e+00
1.314751047909856529e+00
1.024924765005837735e+00
1.866050369506297324e+00
4.316693786797368482e+00
2.971136899152999611e+00
2.384908149590034387e+00
1.291594002652932005e+00
7.164910917324723849e-01
7.703018354510020593e+00
9.744376409026305197e+00
5.549394738325351462e+00
7.535425245160216612e+00
1.707276709693920314e+00
5.121371473043675238e+00
2.451487502722058398e+00
1.608437585846736573e+00
4.538519495031511752e+00
3.670922630403012477e+00
8.637204942646572903e+00
2.756592123332652466e+00
8.278350697594454299e-01
1.925072574329645292e+00
2.912382040118314919e+00
2.083173109365924258e+00
1.072584911949313824e+00
4.455343530611513003e+00
6.272206817753080976e+00
5.602386175846578276e+00
2.402467358349397397e+00
5.065162561678830500e+00
6.011991152266039862e+00
6.526301068229961366e+00
3.061785941415339440e+00
1.517982835596318747e+00
6.713832333342318215e+00
7.810312598342928680e+00
7.251650238090765477e+00
1.773161211138786442e+00
1.558953409635980947e+00
3.696083823849015459e+00
1.268891858012828777e+00
4.307148124503042297e+00
1.709596996769612298e+00
1.709865817453070314e+00
3.455399825690820048e+00
5.095182798806138891e+00
1.871901084238352331e+00
5.420549099561280393e+00
2.617329620507626409e+00
6.740223569575158002e+00
2.600731701220048819e+00
1.044445696921086020e+00
4.724380001109048877e+00
2.119422662179756500e+00
2.283061248849194591e+00
2.575640874947938030e+00
3.175036259744192790e-01
1.287306970778085757e+00
1.944293510183894291e+00
1.661108091515506313e+00
4.620886890285025750e+00
2.087181778516838282e+00
2.762074862259753516e+00
2.689848626731953019e+00
1.946416537547189574e+00
1.959798025263959520e+00
1.170714758462904515e+00
3.589250426616785283e+00
2.290862559935963105e+00
1.298619825422948404e+00
7.314010309146647515e+00
1.029766158229843409e+00
3.316873979678167217e+00
2.117514876506237709e+00
1.360914944799321846e+00
2.506324598693427053e+00
1.133075903551191699e+00
6.424729780242808275e+00
2.637846387728141728e+00
4.543655259893812470e+00
8.793419315811393133e+00
2.288123834422732372e+00
6.451371439740630542e+00
1.538353776067610257e+00
3.725739826313660075e+00
2.227137663413168767e+00
1.196589086126889301e+00
4.563254289600964242e+00
2.190746672606996626e+00
1.734394948769225397e+00
6.538944420979238892e+00
2.626572019184534312e+00
2.553723600402206362e+00
2.623221017477021189e+00
7.095833245412886958e-01
7.183686754528646468e+00
1.602582302883138743e+00
4.886558515651187040e-01
4.550700675636028869e+00
5.165922209589237646e+00
1.635605675977669593e+00
9.951650717786763023e-01
2.945643299943582871e+00
2.158559619302695687e+00
3.991920753927377774e+00
4.216040690701267302e+00
1.372345108857031093e+00
2.532569029256180659e+00
4.893664703402452965e+00
5.921831767176644057e+00
3.970067537574707650e+00
3.297365668283457563e+00
2.574022428918430361e+00
2.268516497502226503e+00
2.227514573349834492e+00
2.957940626759769209e+00
2.687928033786018744e+00
4.014884541670158846e+00
7.764267395968884600e-01
2.092952377257366159e+00
2.669722177390088991e+00
2.816400424835094896e+00
2.062502665865256546e+00
4.297078334639086172e+00
2.074643740364970235e+00
2.483286672792433425e+00
1.748483026937442064e+00
3.437636749597517749e+00
5.508305530397620942e+00
1.975932048589642331e+00
2.371587180776567827e+00
2.306430339058301193e+00
3.723889789693178187e+00
1.046376332751995264e+00
7.873935494946552538e+00
5.536458529980367693e+00
2.822214314013387959e+00
5.282184704871816905e+00
8.693701678906095021e-01
1.336387586757693757e+00
3.102161095211650288e+00
4.087867457379993574e+00
1.701461296645622179e+00
8.570165618290622733e-01
1.799745619503879235e+00
2.742040943510594797e+00
2.427840096173805584e+00
1.679637634500636301e+00
9.670330684490295425e+00
3.801718631153353734e+00
3.791779059090384152e+00
5.606657702371797392e+00
2.502956484591003505e+00
5.635719100623869160e+00
7.867952610670855274e-01
7.853886543439976720e+00
3.436357256489052769e+00
3.844819875067519099e+00
4.151031436243316719e+00
3.054752059562551914e+00
7.424938626658962981e+00
2.674995393517332509e+00
7.984478528851039592e+00
2.040112591707170520e+00
1.104413709198755367e+00
3.069874011859067053e+00
1.773580674976717564e+00
3.725579230375306139e+00
2.092583554408956603e-01
2.515298757081551262e+00
1.355142410361184768e-01
8.563449480817960646e-01
3.435089987528586519e+00
3.156809716429990420e+00
1.614555312430238088e+00
3.548276996631639868e+00
7.068990051636852456e+00
4.859890543446711675e+00
1.368920655104737039e+00
2.780659091644460457e+00
6.316086619097156074e+00
6.372972247036551074e+00
2.512270362275643709e+00
1.558226134018940501e+00
7.042477232373904883e-01
2.022350011089156574e+00
3.138555339730693117e+00
2.971080538817760353e+00
2.060561799432039098e+00
3.364059970501486863e+00
3.457207110149586704e+00
4.521827872240657520e+00
2.711267399490725705e+00
7.780439174681988312e+00
6.678329992439204332e+00
1.995204148379876585e+00
1.029538218636184332e+00
2.523691804383128456e+00
2.968604456909960554e+00
1.457640680771595365e+00
3.139227405371733948e+00
6.045810607416851390e+00
7.139517206613421152e+00
2.358858639236830701e+00
8.700623380991373557e-01
5.643694619703677695e+00
1.382035162618974855e+00
1.223631735730191794e+00
1.786586329214457702e+00
3.766558385551314281e+00
1.899171025396310997e+00
4.521978981881518145e-01
2.443110613552612165e+00
1.460954417422356100e+00
1.744528146135459812e+00
1.179532678105617016e+00
2.355810195519335348e+00
4.055892102405756816e+00
1.665422107203019086e+00
1.756388002294631878e+00
3.056342976933209332e+00
2.790462977245448339e+00
3.482108810730454973e+00
5.588477978410066882e+00
3.003717700042312977e+00
2.045117397245926671e+00
4.326572916073870623e+00
7.758507025484193242e+00
3.407366796809363496e+00
2.388911754257319942e+00
1.333937459407842363e+00
1.080436032005954505e+00
9.989324370156462685e-01
2.963771025656761537e+00
1.495951184962552416e+00
6.612873144363320854e+00
2.090264788691795772e+00
2.443884798451575691e+00
1.864370485034514857e+00
1.374071276284622334e+00
3.129135458863317343e+00
1.254889272247563525e+00
2.012167503060125373e+00
7.640828161373762306e+00
6.033718109590060941e+00
8.627284967064369203e-01
5.424159234424056564e+00
2.542338724174617592e+00
9.119440767283833793e+00
2.126726581778989988e+00
6.088058782469630614e+00
1.759607546019280377e+00
2.748205662120519310e+00
3.585069365666945895e+00
2.680442513419275308e+00
2.301878836858787913e+00
4.054700540431245948e+00
5.716292757480633924e+00
2.907860767398291912e+00
4.388346622146434228e+00
1.085831103039546219e+00
6.153166492599729587e+00
7.511255602940086762e-01
1.803680254509447689e+00
1.276491043945814363e+00
2.958083907515943078e+00
1.485170638542848476e+00
6.907206331144205791e+00
1.897271842789889806e+00
1.864753680342477349e+00
1.445467510468695149e+00
2.552367898899045695e+00
6.169879878127058959e+00
1.342846471408592368e+00
1.505826435218032611e+00
4.820144499049097142e+00
3.139922443394766560e+00
5.275538335609986085e+00
7.645242267362852395e+00
3.576986546098617215e+00
3.393004110083149172e+00
3.923453354021799733e+00
2.679567922048588180e+00
6.989750851364670003e-01
1.774433260517541466e+00
1.497079834615157035e+00
2.710976276134331897e+00
1.922235156716423532e+00
5.445034743894827223e+00
2.051256095562123072e+00
1.799086113282368338e+00
3.400037386203866863e+00
1.551267214334298039e+00
8.009593170501446480e+00
1.419122914252211709e+00
2.479917043539661581e+00
3.711988094786192960e+00
5.116882109715303883e+00
1.802265475586731336e+00
2.415034546565788087e+00
1.176464208127914191e+00
3.428810930605047158e+00
2.505503707070704689e+00
5.671722775168945851e+00
5.061760763186773815e+00
3.602961456905464210e+00
1.481277695925567794e+00
2.451372618397452019e+00
2.137690243924862621e+00
1.147830384657245739e+00
1.110132205745157030e+00
2.433562440641063862e+00
2.923906653803503897e+00
4.769335888158837911e+00
1.616282972514508698e+00
1.900874824323129042e+00
3.439111125115671630e+00
4.224662572564517937e+00
8.184828890120603440e-01
6.674066911822288617e+00
1.085835166816839781e+00
2.040080779242996023e+00
4.179215160763743442e-01
1.661724290342247112e+00
1.760065993938664253e+00
2.290740344679074170e+00
8.285489276995871677e+00
2.669502613226454546e+00
1.268984461468167346e+00
6.799332485603874154e+00
2.376840592532352581e+00
9.151575802087226208e-01
1.467784222322564114e+00
1.644241499471641665e+00
3.570194930599301042e+00
1.199322196398608043e+00
6.181862322641320517e+00
7.378728356314104841e-01
7.424905751508821261e+00
2.943102938095031096e+00
1.222025748098821474e+00
2.267880358389362527e+00
4.306704764978785072e+00
2.320138435990038772e+00
2.012832295628187218e+00
2.360222327173364221e+00
2.862749427536734004e+00
8.925554562359135913e-01
2.277692862089199188e+00
5.830791964836811170e-01
3.294334976904730539e+00
1.219287380310425162e+00
1.554214716922478035e+00
1.013502192403337387e+00
6.198960693431962987e+00
1.496248539823256785e+00
1.753282415634098035e+00
1.861037143346909506e+00
7.219194645896767071e+00
3.717450316539296917e-01
2.904672172285356790e+00
6.702926115435333898e+00
3.774493516705767604e+00
4.752707383269848762e+00
5.380464129106864668e+00
3.410989674744005828e+00
2.681437813215255872e+00
9.260541157903326992e-01
2.409746312574838178e+00
2.178620193453935983e+00
2.181823932078485129e+00
5.644566752298390000e+00
4.445763301078058838e+00
1.250145215063017234e+00
5.811496366562717952e+00
1.620851877485774750e+00
2.246481820793877482e+00
3.123086100256786235e+00
1.329119236311723684e+00
2.323826458228145153e+00
8.418199004513988726e+00
1.082545433093254905e+00
5.065042625232231366e+00
1.579862099598296155e+00
7.471383543618764556e+00
1.037216505864310800e+00
1.165256368091567296e+00
1.274509613835117516e+00
6.433539438613927075e+00
4.000117005738546005e+00
1.223716095867376508e+00
4.271087143621435267e+00
5.131385874315086859e+00
5.549365964247631844e+00
1.900422574909016671e+00
1.717051079181329598e+00
3.831679434149381169e+00
2.229933123452252364e+00
1.453938743337055195e+00
1.544136330011649516e+00
1.158362302551968703e+00
2.596516311328025850e+00
1.917783299534733921e+00
2.261813247177299591e+00
4.604122508499971289e+00
3.695224084252346053e+00
2.354951202519422360e+00
6.334587075433979031e+00
3.242556686945200273e+00
7.266318312382100686e+00
2.966118531195396812e+00
2.407163986922951970e+00
8.207586910781669021e-01
5.230699760739492277e+00
3.612488133546948532e+00
1.810916079471882600e+00
1.165502970839624064e+00
8.540374382831878108e+00
3.941698818893074829e+00
2.597164473482001412e+00
5.858178303849159718e+00
2.034842658019964556e+00
5.204925877699196235e+00
1.583770645974037938e+00
1.707091490302889536e+00
8.836553123960914746e+00
1.232437762970031159e+00
2.501221804558327655e+00
3.825900124515294376e+00
3.500173955384913160e+00
7.161291497026442521e+00
1.782382605496639627e+00
1.827315769428738079e+00
3.129010423279258823e+00
3.715683732643558557e+00
4.072514000353062436e+00
2.782031392099520994e-01
1.158438816130845872e+00
2.118584333297043987e+00
3.557037880102105198e+00
2.031683912362102440e+00
3.455497544443165925e+00
2.273265660436329050e+00
7.689839798872492693e+00
1.383441986850420635e+00
1.434791300505896983e+00
1.892412657087168437e+00
2.726406865919164701e+00
2.249781944719448035e+00
2.260418942853263058e+00
4.534849167958117988e+00
5.573312971961145168e-01
4.283015133482563463e+00
4.217000686426262135e+00
1.590088658034533031e+00
6.778346432551543010e-01
6.052421300374718482e-01
2.943907064126338735e+00
2.222813272089880332e+00
2.609668297277329518e+00
1.645277974507313390e+00
3.549961910311744795e+00
3.583758880886543263e+00
1.030287680764696034e+01
2.839953960887884321e+00
1.614520546848129845e+00
3.679873895803926320e+00
5.894845371496894693e+00
6.330602284658061407e+00
5.100975715281985678e-01
4.571806732389787631e-01
6.899996063411427016e+00
2.095568278113185468e+00
8.527187135361092629e+00
4.855730934177443281e+00
8.414685149080968429e+00
2.149246538003019680e+00
1.311311418133184636e+00
1.118320773362559306e+00
3.844322191387651966e+00
2.192151088705928341e+00
1.525910295651514481e+00
3.580444928360452916e+00
2.659603031804506301e+00
9.997718940430776469e-01
5.721073175035408243e-01
4.224713094044151518e+00
4.900156291280547194e+00
1.791241710599155379e+00
6.734375629044152767e+00
1.035285595916549228e+00
5.803782558793067814e+00
9.737681122634309627e-01
4.628800015665896495e-01
1.281578151341536076e+00
3.411365152069122608e+00
1.237668115038803363e+00
3.811166449552689794e+00
3.973770670848522091e+00
2.616968794544273891e+00
5.198991329835484621e+00
5.188421963119727032e+00
1.531018639388918023e+00
1.060974621524305883e+00
4.654023199539419231e+00
4.048770663732323527e+00
2.161772016769852645e+00
6.446312727637847351e-01
2.072713344100820088e+00
6.124833353197237429e+00
2.425764384259634365e+00
2.589017368021932608e+00
2.187863591141292030e+00
2.818971426178201067e+00
3.126666619764512767e+00
1.349959161902327676e+00
4.253791428567364363e+00
4.198267024237732237e+00
3.529900764078142128e+00
4.374763818219250311e+00
8.025584920721213766e-01
1.303514431481566538e+00
2.192603965357224460e+00
1.545837377212413211e+00
2.412460985835146676e+00
2.476794254135713746e+00
1.761813710105107900e+00
5.265985516815049117e+00
3.698111621218281186e+00
1.628961244045796120e+00
1.227546935893925495e+00
1.660322440680198630e+00
4.406485713581639985e+00
1.299044872961867769e+00
2.612340429863424074e+00
1.230860914575470977e+00
2.486346034468575272e+00
1.007981203969006812e+00
1.078555725255724074e+00
1.040199699152128954e+00
3.256573074882920693e+00
3.934956340086500415e+00
4.055622476786368225e+00
4.076541914185063398e+00
3.204103829702942718e+00
7.257588857840514551e-01
7.014846241901062207e+00
2.987791025510443621e+00
1.231357504230426558e+00
1.851542774048521967e+00
1.272265835395652633e+00
1.503016845019779169e+00
2.040934493223669488e+00
1.220407430582901354e+00
2.965791913076461839e+00
3.626345497695181219e+00
7.586382024738838048e+00
1.618240745485411747e+00
2.432320254340068377e+00
2.939601027354230567e+00
4.657280377485101042e+00
5.980581123001839083e-01
1.786527786288884645e+00
1.258084758669521852e+00
6.398575049538410831e+00
7.373759307936734508e+00
1.720509793313097502e+00
3.553327065875825586e+00
1.239234164806884309e+00
4.187191705709786049e+00
2.868369555237594071e+00
2.405928164757220156e+00
1.551931322654327650e+00
1.481732386792831813e+00
7.597358181154194590e-01
1.010644168472566884e+00
2.759217530808290242e+00
3.205471766172661052e+00
1.723253309027604985e+00
1.771326863999702850e+00
3.268767703803059810e+00
1.184199773173722381e+00
2.599896346946772407e+00
4.242642877032322346e+00
7.267997125281703497e+00
2.604634730812572130e+00
1.902444517817652170e-01
3.302228625511494098e+00
3.239140109606330586e+00
4.811467745638768001e+00
1.341635909513340552e+00
3.596964584598157266e+00
3.233113699468379121e+00
1.055374565645716300e+00
1.310786964587995929e+00
3.671743892148520150e-01
1.876172152486937028e+00
6.082844400590905032e+00
1.499446301226008638e+00
2.147438954352738349e+00
6.714800231064240954e+00
1.170920291347522291e+00
3.334055959325641361e+00
3.406877500456577668e+00
1.485864988417130661e+00
4.588990945893311135e+00
3.324832671318129318e+00
4.474618232946403928e+00
3.905706057175095225e+00
2.093108034498388115e+00
3.553677698683582076e+00
1.889843087472008687e+00
7.641632355160805190e+00
7.558356637026432345e+00
2.980492424573418564e+00
4.547085938554792151e+00
1.990465932278740580e+00
4.700165445279098186e+00
6.165653198941783764e+00
4.578501641879809902e+00
1.769119926252908259e+00
4.838321019858146776e+00
3.685966895016890899e+00
4.328343709873051282e+00
5.374328951825591005e+00
2.911240818836984268e+00
5.864450172685037543e+00
8.778788362946410295e-01
2.120629509223903586e+00
2.250302541626714614e+00
2.960951576696251308e+00
3.581564125346065275e+00
1.634066580985022776e+00
2.879142671335416015e+00
3.041562482401931611e+00
1.034358370455918275e+00
3.747481043747489693e+00
9.236016194947912483e-01
1.049965325840036767e+00
1.845676903488618237e+00
6.015615468505218999e+00
2.542534158565054270e+00
5.900619297816200870e+00
1.971977072208828341e+00
7.602347659836600435e+00
3.240548153375942597e+00
4.166571373715924231e+00
2.348825782726492228e+00
4.327189434393829970e+00
1.202728684137967630e+00
1.727424344004037104e+00
6.683079580129216879e+00
2.137924095375720590e+00
3.196627236042690168e+00
3.299782880146672426e+00
7.146209388678794738e+00
3.261761263210368966e+00
4.189771054838728581e+00
4.976589411940482321e+00
1.144345696484389663e+00
4.652509727665790962e+00
5.237575109868711110e+00
2.614727889205313627e+00
1.361352271943358616e+00
6.573615126144846776e+00
2.162115471053699611e+00
5.197866696836551670e-01
2.996707875507560015e+00
4.532534537664717256e+00
1.329122494727196013e+00
4.190141991420410217e-01
3.820746226550514546e+00
3.788801092082205280e+00
1.223782691338839212e+00
3.097553349332556660e+00
2.728594278697180631e+00
1.207478367872000025e+00
3.237036632520874146e+00
6.758356782325917855e+00
6.382598726960900137e+00
1.434010414318767523e+00
8.894366706691000379e-01
8.464712253673029707e+00
1.629299770389041058e+00
1.593707212290483399e+00
5.720025951649186702e+00
4.747543043446216693e+00
2.305364743534543237e+00
3.398888446547131181e+00
2.094802500366387932e+00
4.403617168554421646e+00
3.346810310982208936e+00
3.428314254645683512e+00
8.484651474225834988e+00
1.723758470503174545e+00
5.305509118686750014e+00
6.012859328246426216e+00
4.122187821461843704e+00
7.156211590515793475e+00
3.903411439866064647e+00
5.007879812665477104e+00
3.737944147683010421e+00
5.279544628555826513e+00
1.880655867195718756e+00
1.920241212843363687e+00
2.820047267193328100e+00
1.946217906931354547e+00
7.176794593058120952e+00
3.867836164483973160e+00
5.553265766879389886e+00
4.519863221129850395e+00
2.159086711701460271e+00
6.239701967825742379e+00
4.493626460244403376e+00
5.167616751394150221e+00
6.432976150225101719e+00
4.323205767578108372e+00
2.851553235788400364e+00
1.533708463946053202e+00
3.316639320048254458e+00
2.400171236884915515e+00
3.098262905109439913e+00
9.665134998634840047e-01
4.664864709395456721e+00
4.761776371706353039e+00
6.653244484395810510e+00
2.577739919810420943e+00
5.176251004955848778e+00
2.113560752790901720e+00
4.139444017714538404e+00
4.002589004363513503e+00
2.151610504515370614e+00
1.582592175265972401e+00
2.721812306643352830e+00
1.847490566109803778e+00
9.547219341795141201e-01
1.273531048512710706e+00
2.995165733949167741e+00
1.132316068364759731e+00
2.739336709031475525e+00
2.132456381009118385e+00
7.804131794170959147e+00
5.016148009809096919e+00
1.469912647103936543e+00
2.560032502600091853e+00
6.672127597441374292e+00
1.137089086078667544e+00
3.732948236128159181e+00
2.734442460578140111e+00
5.478953839674801429e+00
2.292130923026555411e+00
4.775696441018137506e+00
9.381610705841187947e-01
1.139104042721660326e+00
7.460697413715333681e+00
2.040105837988505755e+00
1.086968442914227895e+00
3.505980666615682750e+00
2.441217292111730774e+00
3.577433493534915243e+00
3.534353855749018392e-01
4.072816087323833933e+00
3.350760788805673407e+00
3.393282937786013864e+00
5.734743694208209952e+00
2.119641498448611383e+00
1.949700454621805079e+00
1.781589446021684342e+00
2.760448362439042569e+00
2.186571858872010388e-01
7.450214809388733705e+00
1.608072077415583667e+00
5.546079600886120176e-01
4.363237072380965920e+00
2.938109176306068715e+00
4.945582786555928756e+00
1.760861268976931848e+00
3.398324993182691767e+00
1.782491291398558886e+00
6.123627245616889425e-01
1.098985758375753630e+00
4.663755454886146623e+00
2.996668472051186249e+00
2.827346993321130153e+00
8.895712937615635196e-01
1.299746738451299066e+00
2.629200490193460471e+00
2.185383970836361378e+00
4.934383034017492342e+00
5.042338880022589009e+00
5.039900552078951934e-01
2.026087935627278735e+00
9.378576579840961713e+00
1.975648065199418824e+00
2.947198587497293687e+00
3.559004736316529804e+00
1.655451457931780057e+00
3.604402207399056146e-01
2.406472283908301257e+00
2.373267334186709210e+00
1.324710304371351510e+00
1.132897076143587700e+00
5.600938089200286463e+00
2.165924268444100687e+00
2.369583833765951830e+00
2.045427376860863511e+00
1.707237090515365541e+00
6.640221453056255996e+00
3.344081041184841840e+00
1.419889268328831777e+00
5.136941528443712102e+00
3.428841298621721823e+00
4.446059751214125888e-01
2.488080730016687614e+00
1.151771836312879715e+00
3.067277663785235919e+00
4.551983092210731274e-01
7.418417784301383655e+00
2.409339444309475553e+00
3.532735185103272446e+00
5.009920624581534199e+00
6.218424439007264937e+00
7.102370491244903938e+00
4.447557621987850318e+00
1.665956746213267836e+00
8.607287771669974719e-01
3.899379174482284771e+00
2.120311354241815049e+00
3.332087476831409489e+00
2.705322636363159727e+00
4.039876295082793778e-01
3.626972405914117736e+00
6.584219359865229215e+00
4.977402822962066153e+00
1.399103574828866048e+00
4.246031759811410566e+00
2.817971809187024945e+00
1.638692108041936324e+00
4.059373292607851624e+00
2.034910417571948127e+00
3.720809566771706045e+00
1.609775192343376515e+00
4.220713300426948145e+00
3.120995888108875960e+00
9.554081278465556437e+00
2.423267508454441277e+00
4.026463259665094441e+00
2.512222165931816242e+00
8.047316381532336749e+00
2.961773032386477045e+00
1.631868344219092437e+00
2.827485632190587683e+00
3.475765001953790900e+00
7.266948148046576961e+00
2.405846395811882754e+00
3.504466902973778275e+00
2.794839752537750854e+00
6.845301629575126334e+00
5.140530847919049684e+00
6.151992535648775018e+00
4.386832141414726216e+00
1.359372718363149657e+00
1.801140434491193876e+00
2.870832181774909397e+00
2.479540661184675532e+00
2.703108783446698915e+00
3.882228856617738089e+00
4.642766697562588085e+00
6.894223195824934258e+00
1.408487804810228283e+00
5.934261868156564645e+00
1.754621662632709134e+00
3.048073931965020744e+00
2.325524319608190726e+00
2.616351339984688718e+00
3.058937020567058074e+00
2.508690379945897053e+00
8.825949359329960942e-01
6.416254370064361723e+00
3.155272762604111492e+00
4.707388487935807442e-01
9.790895722640113874e+00
4.821574504566265240e+00
1.803295348394418296e+00
1.779367814846587681e+00
2.453512946131263917e+00
2.848129272623517672e+00
1.511525634432225873e+00
2.230909790714144414e+00
1.708750491363765667e+00
6.917449191224503302e+00
4.300273966385441682e-01
2.909290087518646484e+00
3.930616204588722962e+00
1.015436147689699586e+00
3.320501048160119595e+00
6.891124117521508552e+00
9.188211805129814280e+00
5.889534097791564449e+00
4.020016269627002536e+00
1.597142902420147559e+00
3.123867504344667090e+00
6.565039537061998498e-01
4.362865737933101506e+00
6.897171533183501957e+00
2.154418921165327294e+00
3.569137537504544877e+00
4.939743001537260092e+00
2.180819380288781417e+00
2.928342974400911736e+00
1.942293716269863468e+00
2.365580913656383011e+00
1.746198937168966125e+00
3.881875030174811947e+00
1.763902888815231274e+00
5.259966154369513092e-01
7.784107442201714022e+00
1.267351732875498271e+01
7.514863669375189126e-01
1.446650784366132259e+00
4.504863669926041148e+00
1.266391247894777194e+00
1.058575380372155150e+00
8.320033487820932550e-01
7.082812064187786305e+00
2.061634230432968895e+00
3.257210430540805390e+00
5.448544962343618181e+00
1.520295066868012857e+00
2.109666486152108167e+00
1.679422772667728214e+00
1.475688991756814783e+00
1.728373207741557671e+00
4.568423036898436429e+00
1.508050704736449754e+00
6.102323740876570035e+00
1.333626049719120354e+00
1.459146828612158497e+00
6.453262645483073712e+00
4.546000294158451638e+00
1.172792335819236698e+00
2.417108027341989818e+00
4.004640886511560360e+00
5.244884745354404521e-01
4.868215158505918794e+00
4.843973192803283645e+00
3.262422747780253651e+00
1.103755992078061299e+00
4.368087797918919435e+00
9.254926238530362115e-01
2.333992555900698651e+00
5.086459431690802724e+00
2.055171225922116207e+00
2.044753347967134260e+00
3.133423935115637438e+00
1.414159300622658710e+00
4.026025494515946157e+00
2.651874650268667422e-01
3.453967318529831410e+00
8.049942229088189904e+00
4.720424579741384186e+00
4.133429805117747158e+00
1.260881744952704331e+00
8.690844298046268790e+00
2.653248994720413645e+00
2.945003760885818611e+00
7.469502546543030919e-01
7.321020579057358368e+00
3.783093484214596014e+00
2.243750975393381086e+00
1.786771685084687311e+00
3.865195145961774603e+00
1.135108687476012346e+00
3.948503345971043910e+00
9.530878720828857453e+00
3.806797142025710290e+00
5.108243538786714222e-01
1.673481199216415805e+00
2.256047699837298026e+00
4.589846460716739074e+00
8.387812679434777152e+00
5.751982022474634526e+00
2.420611314643482892e+00
2.429587080729437076e+00
7.245338905401734308e+00
1.767234644477229333e+00
3.199981846588810352e+00
1.494665726710575404e+00
4.071819215739822972e+00
4.657274871300042807e-01
1.050375760009931492e+00
1.159653647522591813e+00
1.443524668578480386e+00
6.993225088523817412e+00
1.397418361645161866e+00
2.114038182704557123e+00
5.108932947398729496e+00
5.293501142069099608e+00
1.468177996463888801e+00
4.261902921245841469e+00
3.378081867690149842e+00
7.292334720886923805e+00
3.708012305316232826e+00
6.179331740940939177e+00
2.310934893594747574e+00
1.628361223777985423e+00
2.825061635387025927e+00
1.538075956478881234e-01
2.939834028162676027e+00
2.125065327530688108e+00
8.808645571953542808e-01
3.257568642899880462e+00
4.812341729217698649e+00
4.215662373408677333e+00
2.651275363878051738e+00
6.877964845327107390e+00
9.526348886354023549e-01
1.955673939046628229e+00
1.045385464215204285e+00
5.085664067115528653e+00
1.409859510916684044e+00
2.908153228589697381e+00
4.263059819284365837e+00
4.359881975574751323e+00
1.872589362804851110e+00
6.785217367095187413e+00
9.150891665244436979e+00
2.841195258218915942e+00
2.191017985679589053e+00
5.108932243939857010e+00
4.925192776796724736e+00
3.463064912951234309e+00
2.195466175864923652e+00
3.836363247804678966e+00
8.580395745122736173e+00
2.327653592468862165e+00
1.457776159401507510e+00
4.019776422957615836e+00
5.458722436045111870e+00
2.485861213728438823e+00
2.211890917383808830e+00
4.718675306590387919e+00
6.885734686244121550e-01
6.175758542726309308e+00
2.534308679885896254e+00
6.191199475416238052e+00
3.218188211455325742e+00
6.352246115068143517e+00
2.324218629518558288e+00
1.217894444240785523e+00
4.454637647032410719e+00
1.061494969109217701e+00
1.388751060513622626e+01
2.955411498865641473e+00
9.272582340364033948e-01
3.298612453207407480e+00
3.020105756776013006e+00
3.168962086689297131e+00
4.256452928800526614e+00
6.468949737048733661e-01
1.772298067903602226e+00
3.891010646249570826e-01
1.083073954242503634e+00
2.947137509419215373e+00
2.232872932312399694e+00
7.814555152755989553e+00
6.884497780959388358e+00
2.889274439647585346e+00
1.156127134440790183e+00
6.876792552214651133e-01
2.696154349300277531e+00
3.531848021895303003e-01
1.731262762988814652e+00
1.250345327651467331e+00
3.963038081810565050e+00
1.554936509209606355e+00
5.220119424411145737e+00
1.561544225232974092e+00
5.961740833869717093e+00
4.800989394344036043e+00
1.956425208337284172e+00
1.626821296103496906e+00
7.699965534505258447e+00
2.443692402893177018e+00
6.563389764010798544e+00
5.030575360100372428e+00
4.234118062231371660e+00
7.908567472120998865e+00
3.274076859365743886e+00
2.439492897130461024e+00
1.864432219893786602e+00
5.771584878722114453e+00
3.290912630487956569e+00
4.970716536011598130e+00
1.868225365068954646e+00
2.480284564087609223e+00
1.742986063675089570e+00
7.834987335049738100e+00
9.591089466723520252e-01
1.511830249068344401e+00
3.769862169107403016e+00
3.212126265840864026e+00
3.727714881125456348e+00
5.755625274308577843e+00
3.399867925603008434e+00
6.322492201445618853e+00
1.351408681342386009e+00
3.989060996061890130e+00
1.744367377127240770e+00
2.072731090329662074e+00
3.651990435360030318e+00
5.111252800061257595e+00
5.875562201941171736e+00
5.971418343375658466e+00
5.490072572839897802e+00
3.674822788822889597e-01
4.228880538027943281e+00
7.490711582624916431e+00
1.192407664327739036e+00
2.518259253631322636e+00
2.078416720090662029e+00
7.165896361526340463e-01
2.629627905959679435e+00
7.039842674344625628e+00
1.439159509431174433e+00
6.002600985134938227e+00
6.840256717227838124e+00
1.799818991251635136e+00
3.283344464906276183e+00
1.894171889366209172e+00
4.954644569836733403e+00
5.905464543532328303e-01
5.128766812465975988e+00
4.820257564407961048e+00
4.709725255099172614e+00
3.252997027432996902e+00
1.529917083190651672e+00
3.461939397425977116e+00
1.181054636353458864e+00
2.035425155749297499e+00
1.442057292572498817e+00
7.959577933068783473e+00
2.987949728101824132e+00
4.232576632080368384e+00
2.147598611055301365e+00
3.908548030903451931e+00
5.122886493604929647e+00
4.931579889346232370e+00
5.243518160381627213e-01
4.325020449973819403e+00
2.613125142191375705e+00
1.875012872914485929e+00
1.956046407509073992e+00
7.989781511673592185e+00
2.924905373840149814e+00
8.016401371250030383e-01
4.736214787355693900e+00
4.883711947920009955e+00
1.414603702538469454e+00
6.034553397232500949e+00
4.217812334066206592e-01
3.342314142087649209e+00
1.039523823370009259e+00
3.180810951021471600e-01
8.761186333549739746e-01
3.908628620687887079e+00
3.112211194087320276e+00
6.588251295931606855e+00
1.266668424056599962e+00
1.953009811017157649e+00
4.152046000353821320e+00
5.246251607897680636e+00
1.760696349752992607e+00
4.687873585697333922e+00
2.388891704074804334e+00
3.952093499154115008e+00
2.629266121319350447e+00
3.336488964345466268e+00
3.422843788563279421e+00
1.374936539767585009e+00
4.018625266991336709e+00
2.520287908427424117e+00
4.441033243383989415e+00
2.634088900228606533e+00
4.587342074836535666e+00
9.040170409912771099e-01
2.680011948397882815e+00
2.274664404215321234e+00
4.118318695454485479e+00
6.482337659103923677e+00
2.147222533913865306e+00
7.395105105133538137e-01
2.171478949511157719e+00
2.464252307706635836e+00
3.002689814963916071e+00
3.905776001724708735e+00
2.418937505321591352e+00
1.620216409706548122e+00
1.824604447953056763e+00
3.020620219451203070e+00
3.428300766249292586e+00
3.661096317091098840e+00
8.686655130975529104e-01
4.042295957429070441e+00
7.468273211381272425e+00
7.232596096091348237e+00
4.979726805864318706e+00
1.036495411801697353e+00
1.683529780894640560e+00
2.319487696005883226e+00
1.427141195075878111e+00
3.125281572727249824e+00
2.428016453942517749e+00
1.207117317366123599e+00
1.512140613636639763e+00
4.161942172622887348e+00
1.721117375895441892e+00
2.608878727439485790e+00
8.077110035107692987e-01
6.016237869088992163e+00
3.518607005740522098e+00
1.114983204479156553e+00
1.613297678614657338e+00
2.037402634154523717e+00
6.606980823495145039e+00
3.030579342645621121e+00
6.675324434703147070e+00
2.763256159152402525e+00
6.659990625659707675e+00
4.610720875386707718e+00
1.148584328568770241e+00
2.430924613819718694e+00
6.029418812224538904e+00
2.555595705175271792e+00
7.108759636734269804e-01
4.200995063940473173e+00
5.841452757777627625e+00
2.060648967536231169e+00
1.753392514678972169e+00
5.824483059685215736e+00
1.602542159330565985e+00
2.352597643979014830e+00
3.912332316815554822e+00
1.747659875558748244e+00
2.448526465874973024e+00
1.984741824290175982e+00
2.984076077381286662e+00
6.858363262564772356e+00
5.817511775398185314e+00
1.101419647461485019e+00
4.398777844418323646e+00
7.037155582596319014e+00
4.125649062789206845e+00
1.404577748358858180e+00
5.351501762009372776e+00
1.750314361459535784e+00
1.757657652130194759e+00
2.133073579852150292e+00
6.265071342836021628e+00
6.163118208279875887e+00
3.545772996668951738e+00
3.479966753405892455e+00
2.225136669648799526e+00
4.164514881999900275e+00
1.919965835635544016e+00
5.602009857773500912e+00
2.922468329190281988e+00
2.332339644781570076e+00
1.538521102789009554e+00
7.311409234102015375e-01
1.510887857806320733e+00
4.128288298015644564e+00
1.471965056636682201e+00
4.990279678077749637e+00
6.417725149388948225e+00
2.039276454002023620e+00
2.204072752749549891e-01
4.430071339452312351e+00
3.451671951285702811e+00
3.878839067161487519e-01
2.602165921220047196e+00
3.429493445960106968e+00
1.713346995605596002e+00
4.775747551169136962e+00
7.757931295128500659e-01
5.201550217144284005e+00
2.438233566141532194e+00
6.787690410969313248e+00
9.808983232930001961e-01
5.592880656857488475e+00
1.637896462337564030e+00
1.829028208792853549e+00
3.831774970851737017e+00
2.583736183023399136e+00
1.058118093928924974e+00
7.205103418492546652e+00
1.142565837805425089e+00
6.163546156208645321e+00
2.511522885282941431e+00
3.212573505220265080e+00
4.120718995430174836e+00
3.134668947359600111e+00
1.364391346388701853e+00
3.660194502596433974e+00
6.023254158307739026e+00
4.919995907272310731e+00
1.879982920555728354e+00
1.220211133087090394e+00
1.292968868265449656e+00
2.247564128984688825e+00
2.807701505877777670e+00
2.221842975114778795e+00
6.926114394656903706e-01
2.012328724659281143e+00
1.011794643285565343e+00
2.610212795560994614e+00
7.460437657381250531e+00
2.345233286638362280e+00
3.190949765513648284e+00
4.788178032441058996e+00
9.903408247735484338e+00
4.205891955731276610e+00
4.758672957140344550e+00
6.298491823554933866e+00
9.858786334558944375e-01
3.059526927487726145e+00
6.833144509842227876e+00
1.223324144324765328e+00
3.470325854635079921e+00
6.271317478093360265e+00
2.264483747752526810e+00
4.767093359062601898e+00
6.965639805817158248e+00
2.389048651417173819e+00
1.312628060615545378e+00
7.813639531685940831e-01
5.280352282828340016e+00
6.614143789495618542e+00
2.676572250926269714e+00
4.212207118750543877e+00
3.736824407785750868e+00
2.225109716862538889e+00
4.457967007332990228e+00
2.224469404275096984e+00
2.812964291447750398e+00
2.339226788809855684e+00
5.414272169502111431e+00
5.893355946363444176e+00
3.804072299794583500e+00
7.670969972592601493e+00
6.123643717556428001e+00
3.567589930735847847e+00
3.119308472837013735e+00
4.332154725545036555e+00
2.887548742360931620e+00
2.166980136747353125e+00
4.310820047284034118e+00
7.942245709471908555e+00
5.620671021327229511e+00
5.754817952790690860e+00
9.358991454358934758e-01
9.004742839235531093e-01
2.843464981913168099e+00
4.949105294179108050e+00
3.147600678829365783e+00
1.643773750579798687e+00
6.500842153675733037e+00
2.803299510470159461e+00
1.015319975785710760e+00
2.080070990283287014e+00
4.876154740187657488e+00
2.300398763053026929e+00
9.625662125909759670e-01
2.023074143725351437e+00
1.355607680686394367e+00
3.041955907127447123e+00
2.611505500506891231e+00
3.315038102098231576e+00
3.690794846741557667e+00
5.264497192418345684e+00
5.381254593986757317e-01
8.244252412885519021e+00
4.093033475985801140e+00
1.810548927224388871e+00
7.868964285470064768e-01
2.760489770739883664e+00
5.608713510196214003e+00
2.141547436910424818e+00
3.920999893337595577e+00
3.221492449649584700e+00
1.026998987746567504e+00
2.365961761967693811e+00
2.281251310746934102e+00
3.954768779852190885e+00
5.072260939284242376e+00
1.216149216590115545e+00
2.434637841463763941e+00
7.368370389523485997e+00
5.116337130878966022e+00
4.185347789305132737e-01
3.814962303789541487e+00
1.784126528572402171e+00
2.976533209816791814e+00
2.431654833752952438e+00
1.367896143421251542e+00
2.049852177868174419e+00
5.986000624872070297e+00
6.949787371620059773e-01
3.752458269030446991e-01
4.020044028777340017e+00
5.685092674026921422e-01
2.408248457095158557e+00
2.284821936076864013e+00
2.816747682734786817e+00
8.933577598495050509e-01
8.564689621789666196e-01
3.343047150400916934e+00
2.944616850423200205e+00
1.129945789359733999e+00
3.441645114250194037e+00
5.109377277149769192e+00
2.874605703764017584e+00
1.658800063344137099e+00
1.639757264126912917e+00
2.759289060639114499e+00
2.174866093392662680e+00
1.152855502025516188e+01
4.309440525335840100e+00
7.584044046657789195e+00
4.132440841177485780e+00
2.681809023619028842e+00
2.621820260164731575e+00
2.285146950871321359e+00
5.801675153031334631e+00
5.241423709673651565e+00
4.916542788550555820e-01
5.448082885700111788e+00
1.241658817326634523e+00
3.303363142001699337e+00
4.003709178095760102e-01
6.038930747603278526e+00
6.470714727561054369e-01
1.740518324134597394e+00
3.922005312399739818e+00
1.174108644090561882e+01
2.111499727763633594e+00
4.550185740216210029e+00
3.658253433887945771e+00
4.193666814154529021e+00
4.361551689974017876e+00
4.321512399634145574e+00
2.440627063473322700e+00
1.583631576438911948e+00
1.166782509932938749e+00
5.403663832441507608e+00
5.440836004784487479e+00
2.195845342976775694e+00
1.745412722641742187e+00
2.710609402631972475e+00
6.129281580059960710e+00
2.227621528762087966e+00
2.617690744876921993e+00
3.944673459350457989e+00
1.685828077159766236e+00
3.674366136536177052e+00
2.759030400972244834e+00
2.499036615050116872e+00
6.429483525063468541e+00
4.577549140753705892e+00
7.257709512619546111e+00
2.602499057308063080e+00
4.306435951023949826e+00
2.460041427952631476e+00
2.412826395895315112e+00
3.614110449334894781e+00
2.183971964111441455e+00
2.271533897283788406e+00
4.431639600645661758e+00
4.432667958134618225e+00
3.031069341637743442e+00
1.935166616754052660e+00
9.728261797707664638e-01
1.775455621376581083e+00
1.881974483751102767e+00
2.564820577425416470e+00
4.165523718447688317e+00
2.981838823581246967e+00
6.481240144478923604e+00
1.332223634844252436e+00
2.863569176750814904e+00
2.646690563988542078e+00
6.155782793602710967e+00
3.601473971314672173e+00
5.085705710838174909e+00
6.591163980158055935e+00
2.286242052945684389e+00
2.139277918624825414e+00
2.190190464353060751e+00
2.725877533778281236e+00
1.468647648102562542e+00
2.926057107053807727e+00
2.486283890431824961e+00
1.412323234238424208e+00
2.929360818341743666e+00
6.821863786695590903e+00
3.985549170693185594e+00
9.127222713806126819e-01
1.269201223340077123e+00
3.221177828094630602e+00
6.483048268226061506e-01
4.920223865039360156e+00
4.798998999573389490e+00
1.959110357599455288e+00
4.842135948509770138e+00
8.484256996656452943e-01
1.022738405868502554e+01
1.771078167076736376e+00
2.242373380620609424e+00
9.676475044585696850e+00
3.454390380301374908e+00
5.455201749617213380e+00
2.635671483274352855e+00
1.761879810514158873e+00
2.390152398361649499e+00
2.225938263074869194e+00
4.847637507404723323e+00
1.677416560699209302e+00
3.691943611494734157e+00
2.632875170681418631e+00
3.575972489981427138e-01
5.181987787092017683e+00
1.956976545876039753e+00
7.162688892787597794e+00
1.078248082712011335e+00
2.049211289634834010e+00
4.733549162568017721e+00
6.343025814271792129e+00
9.339510645380653120e-01
7.361137364122218862e+00
1.375538189356650731e+00
9.780526601337854453e-01
5.771864658641858270e+00
4.793619851784451491e+00
2.352928787354665818e+00
1.359450278184131777e+00
3.239387528977355046e+00
4.407809442105920184e+00
5.291006371184022505e+00
3.227037574130931841e+00
2.490335472153565544e+00
1.309683223749565029e+00
2.550007231769112703e+00
1.449298151055269823e+00
2.777004214812412108e+00
1.008065475660811172e+00
4.740240150614789094e+00
3.942928388555682950e+00
4.016664808722681390e-01
1.045882932498113371e+00
1.868486933509993175e+00
1.604947396269221338e+00
1.053487259645205398e+00
3.589891662484301360e+00
1.772926944178990771e+00
1.723454810699806439e+00
6.563145994810884787e+00
1.442398104416051652e+00
2.636310858126230450e+00
4.612075454126211227e+00
2.554135413672750321e+00
3.613719694483163103e+00
2.214303124365287534e+00
5.772605434520308165e-01
3.717515891747529722e+00
1.265619873932633421e+00
7.252893837826479562e+00
2.793846976214414024e+00
1.958766252680738784e+00
2.284367230775810942e+00
5.407038061304760390e+00
4.257040564547889261e+00
1.085733989225770024e+00
2.633426625150823153e+00
1.187949258358010773e+01
2.675153237879748236e+00
7.306142115653348590e+00
7.173115102857080316e+00
2.487442471773149144e+00
1.431795229863307428e+00
7.145470030427033770e+00
3.412087344023352564e+00
1.535556469523263079e+00
9.902474411586335012e-01
1.837704495896855583e+00
2.603313541474097548e+00
3.401993305470745188e+00
4.016843808609869559e-01
5.431421681682389924e+00
2.094996380599910335e+00
2.857947077659098944e+00
2.070406622945740960e+00
5.145943702649924845e+00
7.283323587001204302e+00
3.756705309389131830e+00
1.200633071986851652e+00
1.732820371326103448e+00
3.600303497763054139e+00
7.562422411584624804e+00
1.538457218039470886e+00
1.925429407389556591e+00
2.992282784706087995e+00
2.727071213862917176e+00
7.012275073632501687e+00
2.159447416396916175e+00
5.793320078349810665e-01
2.044794387087658816e+00
1.281614218685579454e+00
7.347991367469967727e+00
2.935177336930882674e+00
5.556719071754224970e+00
4.334503542729043701e+00
3.681602822879412873e+00
2.227324769901011248e+00
1.909801296536439041e+00
7.088782529967864399e+00
5.597401124192708188e+00
4.453950913990215810e+00
1.537895763398877680e+00
2.710283416771858800e+00
6.267516864928452947e+00
6.427717970063621777e+00
4.950537827740336461e+00
5.522467976673343770e+00
3.016971004539971357e+00
1.069590009088006832e+00
4.040599964828165191e+00
1.617679420508612020e+00
7.081967294247053957e+00
4.666277334252947995e+00
5.666106195429200909e+00
6.448639034708083528e-01
2.337531604860112910e+00
2.490618095175804569e+00
6.281930416964305763e+00
1.245460893234042299e+00
2.254835379517131422e+00
2.965223805632701826e+00
3.755427655705617873e+00
6.418262632907383747e+00
3.220163085633638289e+00
6.880846098657777077e+00
4.068367586078374565e+00
9.724860707087067402e-01
3.046696232221916656e+00
3.460597500789347691e+00
2.624271189631617762e+00
2.632360666192059995e+00
1.244457766888091621e+00
3.539673623875458031e+00
8.164869737251003734e-01
4.317156324638455445e+00
2.602667737188927966e+00
4.230743231999161580e+00
4.733003156837695791e+00
1.572300729686453513e+00
4.662709673049000969e+00
8.926323470817756345e+00
2.488086423297324323e+00
7.280752075385613864e+00
6.294587020480917339e-01
2.852168708460552260e+00
3.168211976575719735e+00
7.198813616738971355e+00
4.695992749310081704e-01
2.328833511120067534e+00
2.315268762882915166e+00
3.043378118314107983e+00
3.504584419427509978e+00
3.286728715815356860e+00
4.626727062238385813e+00
4.657050198404593999e+00
2.623938645094669453e-01
2.207278579110967254e+00
1.520355079164680934e+00
4.961615490089811509e+00
3.723257384581606377e+00
2.789777332962821710e+00
3.834355808344919847e+00
2.805583911857890467e+00
6.511362788136032975e+00
2.179951890591738994e+00
8.180880862174664259e+00
3.180541520980105563e+00
2.661033142639433802e+00
3.990052134907325687e+00
5.717660162229699639e-01
3.263226082140914475e+00
3.423280761147047713e+00
2.804482727294466127e+00
2.919027848775015421e+00
1.727782245826391172e+00
2.032502747131096132e+00
7.288622861401458763e+00
4.104769306327837874e+00
1.345223891202410593e+00
4.070614401445905806e+00
1.909062666204911718e+00
2.182574062457098840e+00
4.838615211804056848e+00
1.509223883791496412e+00
1.471106499569987847e+00
3.486911951107078966e+00
4.645840393158693793e+00
3.019603241480850464e+00
1.736188075385665996e+00
3.615000656058818151e+00
1.092213247113204666e+00
3.574009420988965680e+00
1.556859930010272342e+00
2.312538661584625732e+00
2.083148110945941767e+00
1.264498592440024050e+00
7.166720464168513161e+00
4.181791150457204509e+00
6.769874223574969818e+00
6.119828925226751259e+00
3.024361787495758236e+00
5.054146086534694327e+00
8.108199540810633321e-01
1.652586883044022237e+00
1.458294896848371547e+00
2.656193299880773573e+00
7.801600499840110281e+00
1.604673895334627121e+00
4.632208829258231964e-01
4.425739943564829026e+00
2.578084187955266060e+00
5.221309629489867987e+00
2.543986807487790269e+00
4.764772491448281855e+00
2.758634405486939944e-01
6.610782418636161673e+00
3.802697803651250652e+00
4.120375227841797106e+00
3.786335198777562638e+00
1.384792425103165803e+00
4.115469528032078550e+00
4.109314550970028179e+00
1.609230598851898453e+00
4.613103330300144300e+00
1.718521123322312771e+00
4.695577402880844353e+00
2.116678582925551666e+00
6.012360149948995591e+00
1.498537268265601741e+00
1.682849902499029326e+00
5.034019511437786143e+00
3.564550814252226196e+00
5.513263728350885629e-01
5.915716665284890929e+00
2.668489112534250474e+00
6.364157813340989733e+00
1.450032396841303139e+00
3.574184812067519701e+00
4.005565371332839852e+00
7.486068672425115089e+00
1.616028250277708800e+00
3.476905781254532979e+00
1.699353860087106982e+00
1.377786305245037646e+00
4.315785972412620630e+00
3.190807216178008776e+00
6.935806998703033521e+00
5.264904493546117337e+00
5.515697371535623894e+00
1.143163127249701638e+01
3.835443358024105631e+00
2.381442094009310839e+00
3.230634265199960886e+00
2.768689088416611543e+00
1.960066683522130537e+00
1.535033467603373891e+00
7.320537725987233735e+00
2.031023944871772180e+00
2.846839780112347285e+00
2.712532672745002760e+00
1.687042809937906229e+00
1.009029385148319058e+01
1.062334461075393532e+00
6.298309904982181129e-01
1.331503365108226689e+01
6.906980062951411092e+00
4.274542923639504721e+00
1.406686404015497160e+00
7.534551033961998101e+00
9.008425941769032663e-01
3.609927741562484194e+00
8.989925510366436612e-01
6.808650483638150952e+00
4.391980980182566441e+00
4.360270129913345727e+00
1.538625024393177387e+00
1.065950789436153068e+00
1.179168239716584132e+00
1.524254955840219417e+00
2.737608291839604746e+00
1.575888966263237601e+00
9.780920922394589212e+00
5.138280392335615510e+00
5.161037576153286288e+00
4.192920980811840059e-01
6.336248563962978864e+00
1.820782785514880153e+00
3.399074727983424360e+00
2.315466913652094672e+00
4.212343423082497984e-01
8.831333835712567026e-01
9.900200007085648846e-01
4.470994584348893852e+00
2.088983103465884117e+00
5.577101172257627582e+00
3.875197334195889631e+00
2.311385181939503042e+00
1.909293796051322767e+00
4.674964196332903832e+00
2.693112530974341556e+00
6.722455429985795261e-01
7.736429618396753582e+00
2.880163369404968421e+00
4.130251867177888059e+00
1.222393727818479325e+00
3.481467269686811861e+00
3.778544515378576829e+00
3.102277436477288042e+00
3.296327877844144272e+00
1.714396232139464571e+00
1.680048447850240656e+00
9.706999200212476087e-01
1.234775974278854216e+00
3.268878114123880074e+00
1.107686451602029720e+00
2.863983718283945823e+00
3.336627607387778305e+00
3.958661941988535382e+00
9.971714131576425721e-01
1.825740112431594619e+00
3.834228364663319066e+00
2.337633366479974217e+00
2.221099161168896607e+00
2.674728036747370474e+00
2.932073919183765476e+00
1.507000981311412691e+00
5.429078621584988440e+00
2.113069980960010419e+00
2.010798433981086486e+00
3.096220314468187240e+00
1.188011610926625883e+00
2.133785931187177187e+00
8.702980509569709922e-01
7.824094321869680124e-01
8.073552016325587388e+00
1.132935997542399820e+00
8.692577550862472524e-01
1.847402119214909044e+00
2.677011138785548638e+00
2.331940398642697865e+00
9.254739419667443734e-01
3.803191582345063271e+00
2.021606734567522601e+00
3.225247644142588577e+00
2.712390507840965803e+00
2.548709655106923488e+00
1.001286658423577780e+00
1.921570774150824779e+00
1.114901022160372790e+01
3.088405736833732984e+00
4.553317525159688017e+00
3.334489119899219922e+00
2.401915980336158274e+00
8.360640543783909306e-01
4.765555213441307281e+00
1.489610250447405360e+00
3.762106310717288071e+00
8.346421838862476683e-01
8.353966437625249819e-01
1.552353345937088624e+00
1.884605384770844161e+00
3.720661382908522441e+00
4.845858939258876674e+00
6.126190292018007355e+00
1.098165562352592550e+00
7.271982340532885836e+00
1.762410727183786330e+00
4.915835649406843366e+00
1.157783829920846053e+00
1.690406897904976447e+00
2.158349414739236138e+00
3.385369134836531568e+00
1.092395386260292200e+00
1.195679472040636782e+01
4.976911364583157749e+00
3.618137468007398549e+00
1.596646194691913934e+00
4.527922039392626274e+00
4.816843139748122837e+00
1.202170926645952820e+00
1.408822312550646494e+00
2.592753796788702214e+00
1.833715990558310249e+00
9.245479222938255415e-01
5.936793932500649795e+00
3.373510291863401012e+00
2.333529778784682041e+00
4.376528192397103112e+00
1.757458628452079452e+00
1.971275436569177808e+00
5.003780873900454118e+00
5.188765530267178683e+00
3.441168682688561020e+00
3.653861228463002320e+00
5.168797627859111010e+00
1.566331862537867048e+00
2.870948494717946442e+00
1.316015757831827448e+00
3.474080272701808969e+00
6.509226101366694550e+00
1.436343356263477755e+00
1.292564570955804903e+01
2.349790197470424502e+00
2.853000238195826377e+00
5.948684657342437454e+00
9.433596507019468280e-01
1.761342455335295876e+00
4.398436983190722849e+00
2.298821062913906754e+00
2.197433257494328274e+00
1.142533947525510296e+00
1.263765818804738039e+00
4.941144787393126236e+00
3.576827783905814240e+00
1.399925324594367382e+01
2.814758106727297093e+00
4.940528590157647670e+00
4.856173824233422920e+00
1.975938907338389505e+00
2.549994884833353126e+00
7.044499950432763669e+00
2.519539143989466989e+00
3.272408775685688442e-01
8.906574272002448112e+00
3.388553550285120064e+00
1.284959863620955378e+00
1.720671203916014358e+00
2.387313217888050065e+00
8.024098319475019281e-01
6.702079908865179902e+00
4.130302869070316518e+00
1.874617021785369708e+00
7.455208429403884729e+00
1.887191792422318715e+00
1.402132096843361930e+00
5.135772029273794281e+00
3.860085812206911271e+00
3.309728480521257232e+00
1.334555537163256922e+00
5.483341977479548213e+00
3.817035173903504219e+00
1.790945788844651165e+00
5.325215436241668598e+00
9.979458919794216287e-01
4.468062767958445924e+00
2.469485139315208411e+00
3.710373846146621357e+00
2.192216285286864963e+00
4.948658593802085726e+00
2.180690280863020636e+00
2.811735927069360486e+00
3.937448658937515944e+00
4.532006814625199276e+00
1.576287034532033227e+00
2.917841149333016304e+00
6.556347927766143613e+00
4.610686423663625355e+00
6.947679846461771724e+00
2.601098385174127170e+00
2.776797500174961630e+00
3.217009559623686066e+00
4.626303220735097810e+00
3.074937334826557400e+00
1.094647072505262164e+00
1.341055434198040075e+00
8.060159169339945473e-01
1.186488844661527597e+00
2.345001698007904256e+00
3.837846568361004795e+00
4.899222201720348835e+00
2.239459971668217975e+00
3.502026697081702444e+00
3.227386382716457280e+00
7.504239213298901312e+00
7.169697862770259889e+00
3.609998581555166730e+00
2.685386500225007023e+00
3.644732733539732816e+00
3.582195904449243518e+00
5.071122649130320958e+00
1.977081740976870394e+00
2.754297960038470716e+00
6.769539571428122571e+00
6.418207931604785088e+00
2.417562660024763499e+00
2.156912336683303621e+00
1.108012167495411093e+00
6.876268895322827923e+00
5.218218417638161633e+00
7.877152534455661659e+00
6.407600130393973359e+00
3.014879615783495836e+00
1.746021427367711265e+00
1.563676733541129016e+00
1.348835715744958419e+00
1.543760966812196989e+00
4.349906372346787897e+00
1.661319967801554442e+00
1.667545523923995798e+00
4.935628001779032381e+00
8.200369646364935150e+00
5.927746537704952523e+00
1.458630307028732531e+00
1.055243727213684757e+00
3.166891302138705289e+00
6.894658535573769065e+00
5.860061806931819994e-01
1.742495881950328451e+00
5.140859775603298765e+00
2.957764213492163119e+00
8.564339749645304423e-01
2.192907960886250063e+00
1.584652428758517972e+00
4.351303302557727015e+00
8.247787004034153213e+00
3.240347440970758441e+00
2.358628264834570221e+00
9.622830994064180965e-01
1.978141393342299548e+00
7.675331726161616075e-01
2.427337423106562309e+00
3.230122014671435338e+00
1.251817324670336129e+00
2.066303551958322160e+00
6.577559229616249947e-01
6.516059933049941577e+00
3.141261481637402042e+00
1.419585015483648682e+00
3.050663721891298863e+00
2.998217339314673602e+00
2.976562690891320528e+00
2.911787326479878146e+00
4.894195683196219449e+00
5.078809938408092250e+00
1.097554591735874885e+00
3.836736883509423990e+00
1.141436781499751918e+00
1.536968759800284134e+00
2.392268090367040578e+00
3.194313129231002968e+00
4.770611506480093134e+00
2.664861150420440694e+00
1.632346078444819160e+00
2.030557825337616862e+00
2.198889886790866388e+00
5.667518701208796195e+00
1.322552424846073826e+00
4.178919125851468408e+00
3.673499622836890577e+00
4.380071989742208238e+00
2.906898456673863596e+00
6.734860949609240421e+00
2.666302614848361507e+00
6.848024991904818393e+00
2.699526536446082314e+00
3.602101041496528655e+00
1.232074110961641322e+00
2.177148693218690312e+00
6.131986204850038646e+00
3.518443289023991394e+00
1.897517226422929193e+00
5.208998993663793264e+00
2.222878834635380496e+00
3.989268298596776674e+00
3.388141482105675450e+00
2.748955444983165908e+00
1.748093099239384829e+00
7.585436459449995006e+00
1.009376193883502859e+00
4.212971577368366027e+00
4.711824397249718466e+00
2.436587335810993515e+00
4.990073171859648049e-01
2.905220932596560779e+00
2.361202204336100507e+00
4.158070592724589787e+00
5.076053924053520738e+00
7.911457657198280868e-01
2.735126168078900299e+00
3.933729595338538054e+00
1.645941058016703096e+00
4.476838414976038294e+00
2.317949671399468503e+00
2.028620841332965608e+00
1.676767556249433078e+00
4.610091901411361270e+00
2.290019370292855072e+00
2.962858908016915205e+00
1.762364433049770529e+00
1.952251036498944492e+00
4.196601646767428306e+00
6.458712040249250386e+00
5.312329524335090980e-01
4.351364708104815904e+00
4.917468223930227644e+00
5.016667378603079541e+00
2.921011236942006595e-01
7.044854394206794268e+00
1.030072647872535052e+00
6.797877608655281456e+00
6.222768643837693681e+00
2.458099546912689171e+00
1.061660796322146050e+00
1.905351749477072199e+00
1.737696891319151948e+00
1.988188869875080256e+00
5.180694040145580104e+00
6.585684837834996364e-01
4.764630890747802106e+00
1.003413106244143371e+00
4.376325980580401342e+00
8.724193785381287869e-01
1.579039659356853420e+00
1.505159450941498500e+00
8.972566880935054501e-01
8.896732357927144008e-01
5.729433621897960904e+00
1.434941418736529473e+00
8.777067525894313160e-01
4.674575163235189734e+00
5.034439789359039352e+00
2.048821883984214054e+00
1.806979138246051386e+00
5.042010068220845742e-01
3.201238436317687341e+00
2.882245663134968883e+00
9.120130086007228742e-01
1.677295946808688321e+00
1.692526811896934325e+00
7.702819140466462544e-01
5.578170841750046627e+00
4.379979579100779508e-01
6.063232629847810529e+00
3.052699646371207720e+00
7.746674216565858639e-01
1.753053723352160143e+00
4.453643698116480643e+00
1.715530291205091595e+00
2.719041918958195136e+00
3.387135720770898750e+00
4.457103713478210771e+00
1.079237361529123262e+01
2.552075484424463969e+00
5.274133179555619222e+00
4.190196239307958592e+00
6.757463535388930076e+00
9.339223255266061230e+00
4.191238872786377634e+00
1.965115944648857749e+00
2.277380510750201648e+00
6.560989174992875483e+00
3.706418432475358848e+00
1.462076339426348071e+00
1.806891261907530133e+00
4.901792737032142355e+00
2.106826871676408253e+00
1.447736665050811222e+00
3.088573826676162426e+00
3.072552129412267075e+00
3.287562171745213035e+00
2.945850795849370929e+00
1.981844222871270933e+00
2.253261013472015684e+00
6.007708848120813627e+00
2.520837669763972499e+00
4.450499702378522215e+00
6.735502772555268969e+00
5.776000791069380025e-01
3.024830950536119722e+00
1.648238249555942225e+00
1.284271488081423218e+00
1.920863303063816474e+00
2.638865862832546316e+00
8.167334832757811025e-01
5.176124523656449483e+00
1.405711693404115836e+00
4.222348768942729147e-01
7.668145704328845014e+00
1.389619970134764237e+00
2.972727859516733240e+00
6.823671436005770197e+00
3.304928037190486556e-01
5.224209682542630517e+00
1.376556602477451152e+00
2.224960876303983870e+00
5.926194177632567950e+00
2.267024721533595688e+00
5.507476131115519813e+00
3.352282235311037972e+00
3.164866718544266377e-01
1.933826723422350291e+00
4.065763870126301249e+00
8.006108616687150459e+00
3.406597474814581084e+00
3.126055572135303162e+00
6.586208007934547304e+00
3.112290770596847000e+00
1.508122547191608875e+00
5.854750615560530669e+00
2.390946133401210538e+00
2.496428208416841876e+00
2.409364334942569297e+00
2.857147849868023393e+00
6.150948714376636595e+00
1.436588454200881326e+00
6.158369583485828080e+00
1.274097050584793278e+00
1.749110785164982751e+00
2.588006005103291596e+00
3.137405876008528827e-01
1.592787022338422620e+00
2.561895251548476526e+00
5.894011321154666305e+00
9.308369891623002879e-01
4.650720718052292035e+00
1.336447171330982009e+00
1.581827840303290822e+00
7.598273956029311549e+00
6.660375879432293367e+00
2.853632728147998954e+00
4.394273197114132223e+00
7.203503734878626830e+00
4.979059330647875647e+00
2.061591402912165361e+00
5.162629654025225001e+00
9.985077330299995113e-01
5.407753536682912809e+00
4.188840701443737657e+00
4.863862036788040299e+00
1.204167317830415085e+00
5.695564668322965929e+00
2.038099690180574797e+00
3.010233841811388533e+00
4.219922248541941201e+00
2.015536522758666127e+00
4.796157569021713307e+00
7.856520717818284538e+00
6.985066376021426215e+00
7.755921801629612311e+00
1.379241171797608745e+00
1.131863966959650858e+00
1.797859296964406495e+00
1.790527398037631945e+00
5.252030576326960798e+00
7.789368072008191923e+00
6.232379172410715817e+00
3.222170787126926950e+00
1.782015375844920868e+00
2.037723574025112949e+00
3.881581485316481395e+00
6.780793681366941605e+00
4.419594749343156437e+00
1.569958850936395756e+00
4.013060523566414517e+00
4.297395184969968973e+00
4.096075310915927581e+00
2.700498093375102826e+00
3.040094259846196412e+00
3.126845190444532019e+00
1.535043272529342140e+00
5.372617905777251623e-01
2.569397437450807065e+00
1.322290293388640015e+00
6.551648819972060167e+00
9.170388509482677586e-01
3.816073116185212388e+00
3.754811066770437300e+00
7.036744341686842930e+00
5.328292622078788732e+00
9.100418285711207034e-01
1.789078889234400060e+00
2.487571104129943755e+00
2.201337751874321125e+00
7.742111173570047633e-01
2.528358013046401176e+00
2.427846289981645977e+00
3.705114265317228206e+00
4.848314614044102022e+00
3.091596921000279607e+00
2.191437981645981026e+00
2.363758796779788174e+00
2.699246566657384161e+00
4.461824866693712366e+00
3.694735344673384603e+00
6.578930760640892217e+00
4.706367087560015428e+00
4.505317815449920715e+00
3.556742182281928066e+00
6.417961594401166980e-01
5.235458526874665175e+00
2.645057210350389543e+00
2.103764450444916445e+00
1.969796885607659087e+00
5.784485314384421706e+00
2.358761950554718378e+00
4.955632123294694935e+00
1.891197744454478302e+00
3.603845823613602839e+00
1.562082769173610330e+00
1.580032690885703639e+00
1.975088110954819731e+00
7.984790927203999189e+00
2.123847584590865534e+00
2.216863833619072910e+00
1.075048573250232620e+00
5.503972690330424022e+00
1.162368820086326915e+00
2.819610880495470706e+00
1.351303715854030196e+00
6.954730495314917604e+00
2.196794590186996299e+00
1.977049461463410207e+00
4.581271122217540182e+00
3.633162769383910806e+00
8.161336999210442311e-01
3.740044500594587706e+00
1.179005852061493442e+00
5.173041942107448499e+00
7.155604485804922810e+00
2.035307231098018477e+00
5.396601424697657912e+00
4.371086236625571608e+00
4.963745489204266725e+00
9.905546695978157956e+00
4.848692940442252408e-01
2.675647851235387176e+00
2.700899146767956616e+00
4.303068709967420524e+00
4.829928828023400733e+00
2.402779458531252743e+00
3.746109251591643652e+00
2.567245853612373452e+00
6.040404535864567492e+00
2.435432933592881266e+00
5.504205516211953864e+00
4.115118399839729157e+00
8.129200588695518759e-01
1.065150837534011519e+00
3.998884828296314087e+00
1.685425019960677950e+00
6.691090832304273484e+00
3.995031347053719983e+00
3.328504244943579327e+00
2.368410662325414862e+00
1.017935012892646762e+00
8.475566276676473887e-01
2.011812291061946478e+00
3.134072580968308763e+00
4.649103839083539746e+00
5.582208131398032513e+00
2.717444041529809784e+00
1.309522517685197007e+00
6.326541294366257340e+00
2.660585931101812296e+00
1.813827338075079343e+00
3.417966382301365957e+00
2.267241525070654795e+00
1.348260303334916799e+01
3.101427150508698993e+00
1.679535726541329987e+00
3.023231644741787960e+00
1.945072348665031869e+00
9.002305867865213473e-01
5.819516670817239223e+00
4.224358866988855432e+00
3.726598827593968100e+00
1.653570929636168252e+00
1.039129349104586097e+00
1.107664856194979786e+00
2.969397623284497634e+00
3.454858756309305168e+00
1.585028836066064484e+00
5.428982768016145322e+00
1.171253770393359428e+00
2.305572358160144386e+00
3.288656634292853820e+00
3.165671547815758213e+00
1.533905573407623901e+00
4.892727601099791990e+00
8.615975651882500363e-01
5.418457202214964852e+00
4.788513247841169829e+00
3.825433503515806244e+00
3.425994668233655283e+00
2.951447465309279927e+00
1.517955945578285615e+00
6.161195205486490245e+00
5.513428997115347840e+00
7.416670297462549577e+00
3.106922882559096433e+00
4.124070867930240247e+00
9.694475923820903063e+00
6.872545702006701562e-01
1.728856579633919699e+00
4.320561170250082905e-01
2.012993213905429624e+00
1.289569282740590017e+00
3.308785771135103637e+00
2.518605952183891716e+00
2.143252829020623640e+00
2.613158744500556185e+00
6.959026740494071994e+00
2.661770924780587855e+00
2.698906669225540345e+00
2.063284729973122289e+00
3.706579458595706811e+00
1.964126249513303613e+00
4.541084875473389459e+00
4.493558131278437173e+00
4.239606348968697702e+00
6.302863850497014475e+00
3.721979616130905999e+00
3.320161780803597917e+00
3.855530224369970504e+00
2.982067053305753390e+00
9.264545431692052802e-01
7.685471089596704886e+00
4.166315511008557237e+00
5.340823363537413826e+00
5.269322018022000620e+00
1.098054175332361382e+00
3.788926434714124714e+00
3.674726023643131612e+00
5.855813212196904205e-01
6.961933933898996507e+00
1.911583823061170806e+00
1.422081755697085725e+00
7.673801133391687124e+00
3.145091359548771504e+00
1.564128749912371941e+00
3.596152716854046361e+00
3.985514618708877688e+00
2.223222416891967868e+00
4.967636999427093691e+00
2.827970197755700799e+00
7.006399622837199637e+00
2.399651609226367110e+00
4.628233718370749372e+00
7.388425527927328096e-01
2.057582633402577521e+00
2.787804219001057238e+00
3.094798385936376572e+00
1.999580235411504425e+00
1.600680799234164731e+00
3.820260571593466103e+00
4.653808898817348272e+00
3.100463597878374777e+00
1.883585400647571850e+00
1.109982178058088298e+00
2.035681261387348506e+00
1.218319513108466623e+01
1.834437457930977233e+00
1.433898121658691682e+00
1.681999684307099008e+00
4.597172263329806441e+00
1.944766608003323238e+00
6.456115442602084364e+00
1.608335687290261440e+00
1.782539509764837105e+00
2.177608744733408486e+00
2.624186217552102462e+00
3.415433221241109152e+00
2.074787816519365613e+00
3.478404570476949065e+00
3.511592477432049719e+00
1.514821142765451878e+00
1.536324413438321823e+00
3.413029509686344554e+00
2.537750160723165838e+00
2.776906324915359825e+00
1.496131824233949859e+00
2.303034922979233734e+00
5.363277925425792958e+00
2.724917327848861870e+00
9.611847244865744377e-01
1.515190388954658518e+00
3.249428631845683313e+00
3.435353715888470383e+00
1.446498263600700662e+00
2.730542312409173444e+00
1.846823691292348801e+00
7.753156914138536138e+00
2.246675404620718020e+00
3.178319439215877118e+00
2.564586952736476189e+00
2.194455464235423037e+00
1.266365434734944229e+00
2.536873361115227432e+00
4.705644791817175765e+00
2.976963653766817597e+00
4.773508408621911059e+00
2.578871356698483108e+00
3.158838614909179832e+00
2.523289102663917038e+00
9.205518736320920326e+00
6.054967282591380950e+00
2.502616586111322317e+00
5.240781123515027673e+00
2.601920688219033995e+00
3.017758546260706609e+00
6.483237379529432687e+00
1.421974023692497591e+00
6.116878757391028820e+00
2.685329836057819719e+00
2.424624014810878858e+00
1.424100998575118959e+00
1.138631878635906869e+00
1.059664319089200779e+00
1.428174602247120228e+00
5.533407057731142942e+00
9.041721994324110057e+00
4.023534188847778914e+00
9.522893843833027949e-01
3.864280576187486993e+00
5.321109849964912542e+00
4.213849804737339610e+00
1.306614999187516890e+00
2.858116928289520797e-01
2.614952141226859261e+00
1.418395131327936154e+00
2.988750266416483115e+00
2.770409893144395230e+00
6.542319766035775253e+00
5.783379344761866214e+00
1.530281345038049912e+00
7.210179358699007501e+00
1.903567410261453041e+00
1.979773804696298711e+00
1.418539286662853671e+00
6.048655824761415722e+00
5.188661099731644022e+00
2.164509017178553041e+00
1.664892716267668327e+00
6.670810578794171164e+00
2.535354670210741901e+00
2.147262858409415553e+00
3.437744774334331677e+00
2.689541037346676156e+00
1.177178088461586780e+00
7.906642663978134422e+00
5.005950949350519430e+00
4.176407642750342930e+00
1.201755981866868161e+00
1.524092770456446200e+00
5.428935189513958370e+00
5.408700092247721081e+00
1.263265584536223729e+00
1.253151524130896588e+00
1.328762826903031158e+00
1.110368603042362068e+00
6.843734808817232285e+00
1.093522744345842623e+00
2.556940614394549893e+00
2.539689247366779146e+00
1.838341973708345956e+00
4.048788135666456789e+00
4.489074010953118865e+00
1.438602346955137667e+00
3.666292791835943365e+00
4.931400985798831904e+00
3.554090269192844431e+00
4.154692250624712813e+00
4.261596729493744573e-01
9.485436232727934680e+00
5.278690954454746453e+00
2.695141961791048590e+00
1.213111204979830937e+00
1.060749490930833483e+00
2.469669903268466804e+00
8.981075979535910747e+00
2.082981461863654626e+00
1.981406431550282177e+00
6.923949509293287008e+00
1.638004196777424148e+00
2.655000433047094432e+00
7.353871995840267850e+00
2.413170496588317615e+00
1.578012793766904176e+00
7.293096865597704870e+00
1.098849943101136706e+00
3.038140336718509360e+00
1.236651283238179566e+01
5.310638394992161615e+00
3.355863248795227349e+00
1.740381085179836251e+00
2.466889965600553403e+00
2.511672669478455688e+00
3.180438507593164044e+00
2.692794918609492161e+00
1.682690549462983132e+00
4.890633151359739195e+00
2.328349869297897445e+00
4.807057248888892076e+00
6.011718831914175887e+00
3.757645221165297311e+00
1.678469021688804963e+00
3.066192793479955103e+00
1.368156218748493691e+00
6.365147459473746494e+00
4.191169597136870983e+00
4.891995817683834069e+00
5.667329302005359448e-01
3.062183549193059129e+00
3.239278641205614040e+00
6.027568035056980023e+00
6.901099090172001738e+00
9.993081044499466659e-01
3.528993741606876622e+00
6.366075189805442847e+00
2.364535085002844372e+00
8.249424612687672465e+00
6.430648166826875567e+00
3.201596804239304372e+00
1.676311030009954406e+00
4.496299287907052467e+00
4.042310180061185143e+00
1.045326239106516120e+00
1.375460216607842012e+00
4.478408898836706342e+00
2.341976520976770948e-01
5.320148000727816573e+00
7.269423244810909956e+00
3.829055296729879210e+00
2.815716899830230879e+00
1.490238849297726320e+00
3.436660743657424799e+00
2.973542215203210048e+00
1.822161949163275674e+00
1.491018757824347896e+00
3.691090717305114399e+00
1.963620550122139763e+00
6.530490764660700442e+00
1.510893415973374676e+00
2.034534021867697717e-01
1.028559703340517828e+00
1.393940435984860837e+00
2.015773480639454718e+00
1.325732982546313554e+00
3.491606402073806681e+00
1.463624432714474066e+00
3.310240638288028059e+00
1.170002766236510894e+00
8.076145789920373019e+00
3.331930249968918289e+00
1.022210835779527649e+00
5.302126433250421655e+00
1.716381750807311368e+00
3.928294634971939647e+00
7.232905194006250760e+00
7.399911068413848270e+00
3.728683497125595547e+00
3.403646605493751753e+00
2.274294410902552244e+00
3.391025695163267795e-01
5.338385715704999868e+00
5.774752663815676534e+00
4.849430001561248815e+00
3.073165654328604113e+00
7.262604157241155711e+00
1.623279648030562905e+00
2.442922623960237072e+00
6.556981759562416912e+00
6.949565097612351749e+00
6.966083332453900212e+00
1.238092930592296081e+00
5.083953834556804274e+00
2.926934390057448265e+00
1.586408244676138057e+00
9.527137733514320361e-01
1.657887848392173513e+00
2.643597651356164757e+00
3.082225795952423297e+00
2.276485748776924112e+00
4.861741300951075928e+00
2.666524721996121450e+00
4.064536088349363752e+00
1.285756757332036981e+00
2.113872451105051731e+00
6.639725831218900254e+00
3.596699511557568396e+00
1.487614112035776204e+00
4.745424290645107845e+00
9.474500361614596189e-01
7.987653766732285554e-01
3.991506333212811342e+00
1.957738349959489810e+00
1.859101175913383308e+00
2.006752200368283834e+00
8.170003112678606572e-01
1.339203896102163949e+00
4.572763736444414029e+00
4.500100660504858574e+00
1.565549603411018120e+00
3.738949556633956117e+00
3.189244637501047475e+00
7.772421714812714377e+00
2.375558839098079744e+00
4.507454645579940689e+00
4.599653090798527799e-01
4.167027234030388883e+00
4.568612779794460010e+00
2.443440109159226381e+00
3.608346886859225222e+00
5.366622103411792466e+00
3.755719530729613176e+00
6.185849758443733748e+00
8.052162772177307914e+00
3.686174712598762948e+00
5.907379749161434823e+00
2.989928234993991296e+00
5.973544749280295996e+00
1.482528970350586173e+00
1.674159107023489135e+00
3.618326963819132658e+00
1.055359021270864561e+00
2.638099133713890598e+00
7.327264036935032809e-01
1.792284232772317187e+00
2.853111268488023100e+00
1.179287370638206989e+00
4.477713880485416631e+00
7.782139772125737487e+00
2.253430109345914811e+00
2.606810970413563577e+00
5.291544712323390520e+00
1.486680450012342503e+00
4.464957365324465854e+00
3.288170963111570977e+00
1.412242985933873429e+00
3.002048529536654353e+00
1.080400460944521246e+00
3.356140089067727761e+00
1.365645277173403116e+00
4.293886768994048531e+00
2.287526790311834812e+00
1.825207655410373331e+00
4.889631947816307722e+00
6.594883498594354521e+00
1.999986798283443168e+00
5.729692109385859489e+00
2.513961515370983779e+00
7.513134631209751113e+00
4.168669809448442010e+00
8.129951273566883296e-01
3.336768928681610014e+00
2.449885623383476041e+00
3.321105772151124569e+00
1.168143103895815216e+00
1.705074757713552991e+00
3.067664266218316893e+00
1.397395560971123940e+00
1.793409954175173127e+00
5.880237963587731542e+00
7.450245957420390530e-01
2.749014284272576436e+00
1.230901714963014815e+00
3.361852550843728249e+00
3.073750005934848151e+00
2.008232678444075159e+00
4.423733588951471063e+00
2.336444897924732089e+00
2.019055292844165628e+00
4.985719638496099115e+00
5.372374522919586282e-01
6.845229279992143034e+00
7.276910932724457437e-01
4.865336842449252686e+00
5.982158519333257374e+00
2.285989156628635222e+00
1.811058474043347077e+00
6.082538485923445037e+00
2.967315839250589615e+00
3.008118247622266761e+00
3.813831568413300843e+00
4.994412659698627799e+00
5.587284107810410738e+00
6.967205657289350373e-01
2.596215927878903873e+00
1.144862695366747785e+00
2.363307167149932386e+00
5.525509487414762333e+00
2.964246887006370734e+00
5.033141400737453530e+00
3.711038495801610715e+00
3.331751398582890378e+00
1.022758924837163130e+00
7.524242549022819304e-01
4.080732900324850476e+00
8.303329692425382547e+00
3.351364358430811041e+00
2.340989538266767589e+00
2.966384070149227004e+00
6.212737918625488298e+00
1.455632109313778511e+00
1.133562564149275920e+00
3.331582785716888928e+00
4.431315810407267186e+00
1.359160468212828876e+00
6.641566779338274884e+00
6.542801441557672071e+00
2.756278858240378771e+00
1.029051330577532841e+00
1.871657555782751503e+00
4.995100829259406794e+00
2.456267291632904026e+00
3.535128637202585633e+00
8.884592277593526433e+00
5.405482922889660813e+00
2.744484401626009706e+00
3.002725418888691600e+00
1.544353679708768023e+00
1.728947867344251987e+00
2.065624840793018002e+00
2.120617686417660241e+00
2.844803894187560633e+00
3.175743856635766527e+00
1.197814138821012619e+00
4.588921493528862250e+00
3.586045620056380390e+00
1.719446513677642452e+00
1.606595482630137184e+00
1.561804071353986689e+00
4.873712745370888832e+00
2.230843056574864924e+00
3.094092478538534863e+00
2.140639217765283764e+00
1.585465611394540453e+00
6.728020205356093797e+00
3.828260242618624520e+00
1.015163293845944725e+00
4.964997297707195223e+00
1.312218596858310438e+00
1.700087597403735273e+00
5.181553408999225674e+00
4.051225279781927924e+00
1.448082126079272447e+00
1.597526741677088413e+00
2.574499595645749928e+00
3.942251666629498885e+00
8.868630374716147458e+00
2.411316216657338973e+00
3.335807071761468290e+00
6.771522116826623083e+00
2.384499917648755130e+00
8.963753656473354425e-01
1.650483626131973969e+00
2.039603663463375405e+00
7.049318457494575085e+00
4.670384031323633889e-01
3.421689772066412338e+00
2.964571946314999429e-01
1.495922456717279303e+00
1.294457519998731820e+00
4.226088716749424989e+00
2.084172833840436390e+00
7.293520440612853761e+00
3.267931025535292022e+00
2.732571875454469890e+00
1.362725790942409754e+00
2.270594042264360013e+00
2.019683875212860524e+00
4.601922555123011627e+00
3.039722178982344758e+00
1.895490967247014380e+00
3.980720448348560314e+00
1.579283757487899065e+00
2.933764672527869877e+00
6.892521840629410868e+00
9.484661381899651689e-01
5.268925539469381469e+00
2.660033427517400018e+00
8.467330951078654522e+00
3.180513029922893864e+00
1.482700575810489640e+00
4.858668627292415998e+00
1.442238935033690828e+00
9.261734728946884321e-01
6.154457679797882719e+00
2.965826831921200224e+00
3.866086364570990863e+00
9.145272748329171364e+00
3.153689711679947383e+00
3.205036069748810057e+00
2.148933039026201808e+00
1.558683808062763854e+00
2.662125212375491934e+00
2.084242360479020117e+00
7.581637334225083791e+00
3.594010192004612136e+00
2.057816502304832262e+00
6.843753554740524159e+00
5.617604678705859556e+00
1.114964470090666238e+00
6.935870830867596482e+00
4.952436114669674261e+00
1.106697839077907863e+00
3.633137058434580791e+00
2.262371280660500528e+00
3.342455267155851395e+00
6.165353967209343367e+00
2.111705947738014455e+00
2.622283936655249725e+00
3.053230162603588038e+00
3.253306453113262720e+00
3.330524253023102177e-01
2.845354409703502618e+00
2.378554225479100559e+00
7.922892757876193848e+00
2.447544965166409126e-01
3.825482519418120564e+00
2.905808473178533191e+00
2.501287887256143705e+00
1.823818873744207147e+00
1.822445514596037652e+00
3.005151161453500031e+00
4.620799590898598375e+00
1.879924301230142758e+00
4.220157535143939098e-01
2.272850295912203222e+00
1.204990238858601348e+00
1.323713555227146177e+00
2.911969613627668707e+00
1.760062698051926722e+00
1.359959909865459560e+00
4.868511890345994075e+00
3.969360891366233712e+00
1.619156050546374903e+00
2.016095414418798359e+00
5.474320677863834250e-01
1.372231190951398672e+00
5.436763215683250827e+00
4.755169378331578045e+00
3.032814584031570782e+00
1.722550004727803286e+00
3.074263477563000890e+00
7.703439796226518865e-01
2.061657783532294452e+00
7.157917273094177801e+00
4.934582925692549082e+00
7.076575860974985144e-01
6.384521894629015648e+00
2.953053760907308867e+00
3.305607756758836224e+00
7.509257601654066860e-01
1.597652040766700532e+00
4.827941178720131177e+00
2.699448507118326734e+00
4.631447734419074536e+00
2.780411466867482861e+00
5.336192781477991254e+00
1.060600852392033167e+00
1.535279484352189527e+00
4.963879255575096572e+00
1.427905113526730441e+00
8.247644634108905137e+00
3.819317028605357045e+00
9.062856763569425711e-01
2.856445993638057956e+00
2.783105647227044344e+00
6.365674871843748583e+00
3.511517571832061257e+00
3.312736384397648504e+00
1.899552637243586251e+00
1.025648244178624990e+00
1.859295928190893843e+00
8.027085971037186241e+00
5.838457713061150578e+00
1.712834131140346328e+00
2.291204808149206240e+00
4.970127553193076864e+00
4.264262202719806716e+00
4.832468919611869751e+00
6.295020625758199984e+00
5.536588731500220462e-01
3.207157236889629282e+00
6.220052485108862328e+00
2.942917197982959365e+00
1.842138832910563240e+00
7.205965152545555696e+00
1.541175337180494598e+00
4.272319799370252191e+00
1.430162830871036572e+00
1.729167215360425169e+00
2.313781886411521604e+00
3.184611762157425474e+00
2.505638401838035101e+00
7.079363698423667195e+00
1.950782271021165082e+00
8.175908847527706413e+00
4.574898005127486234e-01
2.632590218445336028e+00
3.586141706063602497e-01
8.951878993830241216e-01
2.199507198370257210e+00
1.224088229915533121e+00
7.896323515261476800e+00
6.059497880834403105e+00
1.737565501614507735e+00
2.312675687891612153e+00
1.638870644134677201e+00
7.094749171244092434e-01
9.585856753065130631e-01
7.994810511911852657e+00
2.453318011872428261e+00
3.320649346438659499e+00
1.812376239288493229e+00
1.776273857636490705e+00
2.958871208388678564e+00
3.258124125080236855e+00
1.951884535285732580e+00
6.459844358977537837e-01
1.714783793020013158e+00
1.668833020778444309e+00
3.811163370213041190e+00
7.972253990728388473e+00
5.915956713168375458e+00
2.419038491970122884e+00
6.758930270379168270e+00
7.749100942104148793e+00
1.074813689777103676e+00
2.110002681735513530e+00
1.911223993138291055e+00
8.644237831399126382e-01
5.343395411539241913e+00
1.503127276994218553e+00
7.432690605150331642e-01
4.020243893037891425e+00
8.501042957354326690e-01
5.264216696938150974e+00
8.868032418064681899e-01
1.903794983228080495e+00
1.785950781628640405e+00
2.849828622902499831e+00
1.358627052440493532e+00
3.734254756399086439e+00
2.328889018849445769e+00
7.035497940452390964e+00
1.801685666897803406e+00
8.248811671466826922e+00
2.388499529196300930e+00
7.165581899218208761e+00
1.637440983570503938e+00
3.991184615326170526e+00
2.469116655831588236e+00
2.878995397408501855e+00
1.365793194380846565e+00
4.579030658967157663e+00
7.920770797899843174e+00
3.976490726486080263e+00
7.841026996826100159e+00
1.937983102812620873e+00
5.232157872030093415e+00
2.440906695753758182e+00
4.162977571573451385e+00
2.036838300751967701e+00
1.425185712961035023e+00
4.590200541710939497e+00
1.513424087859973399e+00
1.363174932926768834e+00
1.279040074372132407e+00
4.005219103863563390e+00
4.401744613448120624e+00
1.555649666960570388e+00
1.095768466650586026e+00
3.000444225994780112e+00
2.609496019266444033e+00
3.009543708653477534e+00
1.706348450031565989e+00
4.918766677434918133e-01
4.719035223666000256e+00
2.653906148291914846e+00
1.622402101234666327e+00
8.350656152801679832e-01
2.018636122941755429e-01
2.548562142875843595e+00
8.673198577632937889e-01
2.253770139848807474e+00
1.892201698325409076e+00
6.849809583018912740e+00
3.512588032502993229e+00
5.292219006561369454e+00
2.266189375515053062e+00
1.195610296656457239e+00
9.746521756154078453e-01
6.878574346901651815e+00
4.826888292448138884e+00
1.651534558576987388e+00
1.379323419574183029e+00
2.039065229463314477e+00
5.906819670822206270e+00
3.698994549423074485e+00
4.837374833684639164e+00
5.103159702870970094e+00
3.389842492677641150e+00
2.403993947355518301e+00
4.855368283988823030e+00
2.778640506621281148e+00
1.871399616378720987e+00
3.877939681178251163e+00
2.587837340201598391e+00
3.368033678743895365e+00
2.121857081240243748e+00
4.345349676266176964e+00
1.351362541419662833e+00
4.917311761482116239e+00
9.088476878258510139e-01
6.566446455338972754e+00
1.767075406864418996e+00
1.004328078912477906e+01
5.995768695821662497e+00
3.940461877150351011e+00
5.286062917962501828e+00
5.445686107072181592e+00
7.847653850747357218e+00
9.043688603485700028e-01
6.191438253692777671e+00
3.696814145394863083e+00
2.716558488630707036e+00
2.145921656894819840e+00
1.386094617820773367e+00
2.976303282917377446e-01
4.095013998344063211e+00
2.783777601021200976e+00
3.236317328126895987e+00
1.580402899023024332e+00
7.322521408988191816e-01
3.428832326911225525e+00
2.307852998267215128e+00
6.413619922927091821e+00
1.538184801338909669e+00
5.030130032847622168e+00
7.545629675432564909e+00
1.720493757393506185e+00
2.677515366319703105e+00
1.983184950948316372e+00
1.254691771495345609e+00
3.812932168528418320e+00
6.159958793621290951e+00
6.055533614781823282e+00
2.900261098417134420e+00
4.179025389223768094e+00
1.352473658639687271e+00
2.079297106729201872e+00
2.475092299332660506e+00
3.084758907097296277e+00
7.754991758351889253e+00
1.747371120231936859e+00
2.062187218861847526e+00
6.338025718234634454e+00
2.420470604344663990e+00
1.932515432240331510e+00
1.198209316856044593e+00
1.152030005456628370e+00
2.033464997769908411e+00
1.258163299235008692e+00
1.807255569328518385e+00
2.276573872690594857e+00
1.518864441161644985e+00
7.080429850341949383e+00
2.472688689323187194e+00
4.114015893835713200e+00
2.964191238452391630e+00
3.191616349097992966e+00
6.692791952171987191e+00
2.581384695589842071e+00
2.378225613092785906e+00
4.448861599004581890e+00
3.503027975276355566e+00
1.050602498259618267e+00
4.849027634645871387e+00
3.856894541006911314e+00
5.823187021047898426e+00
2.392762330995354514e+00
2.301641800613638988e+00
4.588844981515689092e+00
1.557201950677976843e+00
1.778877245176242239e+00
2.320037114629683206e+00
4.075490210335352970e+00
4.579615910965513237e+00
4.545598812146898204e+00
1.382087162031425009e+00
1.484024228104633414e+00
4.865480007938304041e+00
1.044478245799205451e+00
4.424298260826911466e+00
2.117365650017321688e+00
3.062459618040477061e+00
1.005816464905185947e+00
4.530192420257770358e+00
3.046327636772911962e+00
4.532213973596682877e+00
1.250622722336306447e+00
1.192740443301227193e+00
4.858633824422532221e+00
1.572075322198244196e+00
2.647612954425730525e+00
4.265566669068231676e+00
3.518634251725005768e+00
1.777227652104234057e+00
6.295629982727884766e+00
2.954239291924929400e+00
4.176815486721903170e+00
7.696097033315858482e+00
7.176562138682878178e-01
2.704894459985384358e+00
3.448084654917207725e+00
8.052400985532781164e+00
1.877252571493520650e+00
1.022341427088657717e+00
3.360057634164828944e+00
2.700598208375310172e+00
2.472272573780884830e+00
2.307144704198222374e-01
3.152357840525452204e+00
5.962988751070215976e+00
1.279295792419192779e+00
1.548819823330121137e+00
1.012732596214429570e+00
7.742650635027876760e-01
5.616499903926857051e+00
4.219331265727022995e+00
2.965898841922394613e+00
2.563995818206557864e+00
1.347619929025603192e+01
1.036461004065222236e+00
5.714508888430541944e+00
1.331288433392520254e+01
2.161113346626261311e+00
1.145619848427781529e+00
8.495324417279683793e-01
6.423685600603475265e+00
3.688819769540853777e+00
5.803332762088481367e+00
1.331948607931728645e+00
3.882518474279785803e+00
1.224615633559547723e+00
1.952707215939414986e+00
1.462169266303287030e+00
5.448961824867563308e+00
1.577380516459789384e+00
2.137448266250907114e+00
3.661690720864453574e+00
1.370219305329405390e+00
5.038205532965693401e+00
6.114484609589939446e+00
1.460621274708021611e+00
6.821295896296479810e-01
4.233095966138844091e+00
3.104093260293091294e+00
3.271588633183567296e+00
1.635754341907793341e+00
9.497224672164180648e-01
4.088718233720268103e+00
4.540641899716753471e+00
1.834087076701137020e+00
2.736610330647562428e+00
1.913071319569288553e+00
1.730246317095353037e+00
2.725380413468816432e+00
1.336760252318670572e+00
6.710101142298315224e+00
4.721091832228172080e+00
2.905003801590060775e+00
1.591032163155567725e+00
5.688499073296946484e-01
4.247440895456193743e+00
9.895264361359762395e-01
3.636295619382280186e+00
5.436140396126090124e+00
3.937125258464822863e+00
2.929905502481975343e+00
2.783111980084931769e+00
3.337127422678609623e+00
5.590222331310720882e+00
4.188333173125316833e+00
5.977144989575602807e+00
4.507277067104848989e+00
4.848950825779608564e+00
2.030716804831576905e+00
5.466329373423666205e-01
3.465424323438075049e+00
6.750248635461145064e+00
3.096591122144336961e+00
1.033936392011725269e+00
6.254933985631597082e+00
2.651501275067946750e+00
2.719743967266972984e+00
1.713504762298305728e+00
7.237293956879061518e+00
2.254661607210008523e+00
2.303011831971193857e+00
1.488935779397516423e+00
9.119065413912058604e-01
3.930690479922977598e+00
6.251867244009383207e+00
3.144961499930935211e+00
3.859321829421599848e+00
3.074453582860328105e+00
5.104712479354258647e+00
1.923826567482555427e+00
1.119042696332714470e+00
1.403427401432845167e+00
2.627305333076282778e+00
6.764758639879298485e+00
1.950494198917863908e+00
7.628560662711109330e+00
1.766777550782253847e+00
5.534014438262888191e+00
3.745894472500654437e+00
2.703044554471721206e+00
3.553563168049516996e+00
7.520025711178687899e+00
2.200636708700167699e+00
2.595664284021561130e+00
3.188729160880705127e+00
2.461625269922823378e+00
3.519051873653716189e+00
1.369761003624425877e+00
3.453648349755887637e+00
4.989630285424924594e+00
3.662957537118475493e+00
2.403756470160243186e+00
2.047293074175325689e+00
3.990012119162317905e+00
3.548393650025244650e+00
2.053729556331010286e+00
2.239512956051366466e+00
1.537847976231586422e+00
4.150583643142653933e+00
1.126359645580707891e+00
1.926461799533938368e+00
1.289988660972504420e+00
8.956598716492492063e-01
1.002986661904625265e+00
3.370077486006770151e+00
1.168779094684196940e+00
8.556781385616839541e-01
1.465948778586734669e+00
2.989275839315117533e-01
1.871707122075131791e+00
6.045434690283614465e+00
1.683308001556108824e+00
9.225168658400755284e-01
1.281908692537961691e+00
5.786530643754603354e+00
3.966048012198808426e+00
3.600167383667751686e+00
2.498251505270875583e+00
3.948728135179979226e+00
3.868240124492829501e+00
2.493144288962767074e+00
3.146099226045136366e+00
8.554905596748776375e+00
2.311746756115884427e+00
3.734005890635797797e+00
8.606057023470897960e+00
8.565854930667743394e-01
6.253801733351497916e+00
4.008459051421093378e+00
1.895863278870987489e+00
4.824133306873929605e+00
3.972330102024302700e+00
4.416646061308902027e+00
2.524311523678390401e+00
5.991848421286930737e+00
3.180171489659963768e+00
5.523006023056833413e+00
6.077050166084790206e+00
1.887504286640469431e+00
3.699187557150248384e+00
5.024850884041400789e+00
5.290681885818240282e+00
2.750887860092847692e+00
2.011563710590599019e+00
2.273462965068066666e+00
1.218688758123637417e+00
2.254988003139861696e+00
1.714344364857426362e+00
1.030878991046138449e+00
2.521099285018072234e+00
2.761831938398028541e+00
2.079388181805170710e+00
7.074224887115079241e+00
1.860878373756342796e+00
1.389801648971839887e+00
5.702894577429924450e-01
2.952757652115057807e-01
1.671162943901203679e+00
2.969917155393233088e+00
3.256929595824894719e+00
1.649957825462385896e+00
1.000233737117107724e+00
8.880346318849209553e+00
3.511118489303838963e+00
1.074503210100857586e+00
6.586368708987300202e+00
1.501951460336548028e+00
2.445631336653034449e+00
5.014312651563404444e+00
3.795888620316787421e+00
1.608921405349787559e+00
2.036256270694921877e+00
2.442171512564449642e+00
5.269664720200515795e+00
3.998581225558664465e-01
2.712333265794007797e+00
1.211342438648476572e+00
1.447117798385636034e+00
9.270433575418544070e-01
1.347823511375910943e+00
2.617036799394483193e+00
3.439907009702448004e+00
2.813415328428932938e+00
1.915731777495446320e+00
5.327344673227567995e+00
6.275067085419147039e-01
7.989582194135794957e+00
4.482061991343472940e+00
4.487220483989267983e+00
1.736101458274293075e+00
2.926177779599186124e+00
3.048755633565567447e+00
4.747493576544021820e+00
3.467287871698578883e+00
5.518788413875317822e+00
9.157370642525507476e-01
1.725336683887878753e+00
7.974024862607243413e+00
6.912425777292982021e-01
6.842746869957918587e-01
3.171258642937281547e+00
1.019607267488833680e+00
1.238244912647498142e+00
5.539519529158492439e+00
2.957429140975479598e+00
1.771183950239670457e+00
4.602024295015514355e-01
2.661836230958118499e+00
3.475493459328736989e+00
2.007150582677322159e+00
4.415679251792535842e-01
3.211920628715473569e+00
3.631021615636708333e+00
3.238775611939052723e+00
1.475326861155163316e+00
4.509273148610693838e+00
1.450322181578686198e+00
4.183601871449417864e+00
3.083898903989446438e+00
2.268779624318490562e+00
8.802544498985282573e+00
8.974919320944481083e-01
1.511366519988371682e+00
2.470200585220497569e+00
6.314476601431605829e+00
2.937889177265993190e+00
4.156695718168523790e+00
2.873500526754204643e+00
1.676503594417281251e+00
1.017845359019535101e+00
2.493748047096595144e+00
1.393325657505885884e+00
3.598488281253187981e+00
6.840436671463042018e+00
5.290263062147228190e+00
1.657079686815373876e+00
8.210656794416482107e-01
1.454406136567348629e+00
2.193314465878440256e+00
3.154352170344573825e+00
8.430666988952125962e+00
6.091995826016241011e+00
2.681590827004467936e+00
4.335945154240763877e+00
6.241479077442041223e+00
6.338030946413304445e-01
2.063357999715463631e+00
1.927283682382145757e+00
1.312149463943151018e+00
6.958472477742831508e+00
5.607804790176393439e+00
6.428072641051554292e+00
4.484572571813140840e+00
6.427870426310148488e+00
2.471846597233080534e+00
3.257368559005538788e+00
2.563559850899260528e+00
3.990839025638405424e+00
1.200796418731015169e+00
1.443626922583450822e+00
2.692436726080626119e+00
7.469074494404889464e+00
1.140803150575909974e+00
3.850113122675251631e+00
2.736312778671018187e+00
3.542506780181012171e+00
6.279021546598829495e+00
2.929084882183969452e+00
3.624782818311953925e+00
2.200551305302806071e+00
2.213792802192396270e+00
3.777799248340901084e+00
6.412053413564555271e+00
3.427593022026628855e+00
2.008232158793193722e+00
2.017114160319656513e+00
8.279219089941511900e-01
2.237161059055246426e+00
2.380395902831002442e+00
2.169687652863396821e+00
2.589285902781961912e+00
1.563261619242533040e+00
8.135979383933180653e-01
1.905507152258434145e+00
3.178630125774962067e+00
9.700187309468162322e-01
1.211204642955278299e+00
7.248666683287497969e-01
5.937392568577862129e+00
5.133246871477338047e+00
8.973192951176405252e-01
6.042696835971216984e+00
3.762088504768076103e+00
1.230870635467935292e+00
2.327578261354904754e+00
3.353600161924231937e+00
6.328714550260174043e+00
4.141600293372273534e+00
4.422147221782111615e+00
2.045145134953914923e+00
3.826193029592104278e+00
3.635402559267464362e+00
1.619408068465111317e+00
3.836109532908521302e+00
7.650603289306639354e+00
2.741795426350797094e+00
2.785251815456736058e+00
2.771870742630904161e-01
1.342654822761444100e+00
8.595680322876591006e+00
2.151551251423498456e+00
6.148873958549351260e-01
1.372757666713002589e+00
1.286068889459153208e+00
2.339597297755153793e+00
2.180762337502597514e+00
4.503028482665564880e+00
1.872866732628390096e+00
1.546388057101948821e+00
4.910090755333485490e-01
1.337706207467956876e+00
2.523456360440242019e+00
3.687652140093264030e+00
2.570168417224060420e+00
2.013117458151875372e+00
2.707516115803946466e+00
3.510106124763832991e+00
2.066490807354918413e+00
2.333331659206948849e+00
3.976248300464943153e+00
1.885601256738999476e+00
2.519279111116686121e+00
3.584682562445665965e+00
9.027813146557468471e-01
6.404870680880162759e+00
7.149114993293471665e-01
2.680775942533061063e+00
8.424413103406696024e+00
2.882871229200255847e+00
6.500046305023142068e+00
3.896665182611658285e+00
1.047047609756824427e+00
3.092013379318264477e+00
5.290382443352914521e+00
2.675937279949069492e+00
6.956379134007454113e+00
5.289637527948141127e+00
7.281321119690288279e-01
1.234713166560804076e+01
2.268114468733272382e+00
2.461279059508660882e+00
6.469194686282762063e-01
2.207607499057668399e+00
6.384950755237034370e-01
2.375063907660746487e+00
2.519998593642188478e+00
1.495735706228744633e+00
1.596300550954416142e+00
5.140687261307878231e+00
2.660898783156736780e+00
2.252733750814302383e+00
3.340496124283073520e+00
3.500700708775094760e+00
7.368663907540114799e+00
3.544183347262304551e+00
3.423924256691980972e+00
3.104733354689766855e+00
1.455284711760443495e+00
2.294240370357838898e+00
2.377733773953431662e+00
2.692408766080625515e+00
3.802876531522001002e+00
1.156436978420142259e+00
2.007590620894989630e+00
1.510313324694766202e+00
1.428554726163250743e+00
6.331050987401167784e-01
5.383706762024784709e+00
1.747068805503743993e+00
1.306423352438883745e+00
8.612396324042208562e-01
1.940327970254138057e+00
4.709570892522955354e+00
5.263052920280724578e+00
1.244934798719814495e+00
1.352843167431676763e+00
1.557783957477390402e+00
2.083152867365213989e+00
7.007488821195599904e-01
1.775774282660513625e+00
6.350965230614486146e+00
4.168346947218565468e+00
9.447458388966064602e-01
1.286144811026247226e+00
1.217863463754462749e+00
5.623909147238409290e+00
7.696765038733551556e+00
2.508984712922881499e+00
3.502953025825746192e+00
9.176057073387765550e-01
1.074684458479600124e+01
2.221881181269321992e+00
7.939080208510496561e+00
7.252688275535112084e+00
4.185475065278071227e+00
9.701156462223512467e-01
2.835595316243850750e+00
3.171261817955739915e+00
6.510370447087508339e+00
2.065082703815269038e+00
4.745870898601610044e+00
2.558045066401070322e+00
1.051032496684780604e+00
2.791486849678577631e+00
1.153033596286768381e+00
2.535724717802637862e+00
4.145729849779401732e+00
2.740607163704272153e+00
4.753993552512791432e+00
2.456950452186537071e+00
5.667703885209154357e-01
8.441478896906707163e+00
1.446363596046036593e+00
3.896621004757073514e+00
2.874534830940257635e+00
2.191731622133811896e+00
1.720870417270732755e+00
1.313704371666983617e+00
1.886450826925044177e+00
7.027245953940497891e+00
1.040668298444094031e+00
9.015610620269729480e-01
5.446013339462517422e+00
2.429147953302254415e+00
2.290449543657598674e+00
8.025301252275180985e-01
1.290493523451154978e+00
3.079135682594424939e+00
6.310281302162512596e+00
1.281605116118836873e+00
8.101698042144299450e+00
3.471525297096285545e+00
5.218201488247760977e+00
1.089422222157435671e+00
3.212017371801471288e+00
2.189605011786520450e+00
2.076576370584297671e+00
2.480317682831322479e+00
5.324154477307322608e+00
2.335328195518328709e+00
3.990131771388397031e+00
4.331802574761235647e+00
4.177066628484434219e+00
2.088034252820446302e+00
4.465887527783809929e+00
2.979104108587589561e+00
8.111037265309493094e+00
2.874435584758281426e+00
3.993916817861268953e+00
6.987838612523475490e+00
4.295712623856155155e+00
2.568738475231797214e+00
2.256661473093326098e+00
4.422073974945079478e+00
3.830811843974021969e+00
3.407205957376691963e+00
8.368786227784884346e+00
2.003660092292954609e+00
5.915361563571654102e+00
1.419093519552608429e+00
3.585278340985829537e+00
6.946628665960503657e-01
2.795381143618065334e+00
4.276039375142689281e+00
1.950766781320271814e+00
1.221752862292437625e+00
1.296939632346905125e+00
2.876836614893717226e+00
3.138818384848812482e+00
4.389094819866429020e+00
3.430550360481335326e-01
7.347304105252466577e+00
4.439585130798875845e+00
1.110406533733684586e+00
7.267993984201120305e+00
2.375673904293705174e+00
6.941443413414978281e+00
5.902227048469405268e+00
3.794072459609973524e+00
2.999942561280921627e+00
3.735562408417532509e+00
1.009781056381123143e+00
1.058859796218394322e+00
4.692594665484899785e+00
3.362154396874757811e+00
2.005502756011427135e+00
3.650195508649338727e+00
3.532946518494556876e-01
1.426533984411838540e+00
3.726417740505274079e+00
1.217882737585003872e+00
2.125921808124475731e+00
2.401617236748691209e+00
2.377484820845470637e+00
1.524080756222067290e+00
2.359361699883065544e+00
2.890757713862512901e+00
5.848542413959954445e+00
1.047773224082489962e+00
5.378642115169696147e-01
4.480122027674547702e+00
2.057976062286282382e+00
2.785435975791950902e+00
8.506718446022714986e+00
6.402612218285731238e+00
7.903360187360914946e-01
7.141448300119244141e-01
2.798497695331515711e+00
3.664813652168856795e+00
3.404246884588806310e-01
5.324129112701084132e+00
4.293320099979887949e+00
6.410991129336999883e+00
1.910754828162609886e+00
1.245267222107574012e+00
2.930892952349933633e+00
2.103205157399457903e+00
7.926962994873107071e+00
2.960483668850753869e+00
1.344196095496571486e+00
7.023981570382121120e+00
4.847159559076612001e-01
5.690461395747608897e+00
3.766604369558461229e+00
1.068434788515275180e+00
3.292967039408275287e+00
2.490543386087229027e+00
2.982278221709183885e+00
5.371161514380516699e+00
6.387388595395366409e+00
7.583396016013103313e+00
2.835106315801952714e+00
2.512121935607846801e+00
1.353834408684103430e+00
5.469091182567777931e-01
2.197917423682707483e+00
2.526469836982220940e+00
4.170492744886656666e+00
3.129346376512305294e+00
1.891268928672595662e+00
2.874424687334151240e+00
2.571049831719200984e+00
3.860974454767961195e+00
4.096474800729754229e+00
1.667614305167575361e+00
2.483342982209014504e+00
1.985605772198311136e+00
2.029299045704129334e+00
6.148320158934204471e+00
2.748689434934015630e+00
6.949060718990144325e-01
2.933929083906483992e+00
8.970865224743133082e-01
1.897369713571329886e+00
1.357092875653141295e+00
5.529186280518989527e+00
3.115643431942117125e+00
8.797033482422724759e-01
2.301265732101026806e+00
3.677378224146448993e+00
1.227899217770184848e+00
1.463081089579659100e+00
1.916752977062344154e+00
5.355350643979766012e+00
2.565916701874945360e+00
7.489143871279165587e+00
1.774963329016569391e+00
1.358717400008654153e+00
3.577248976495632338e+00
5.722726554508322572e+00
7.659590357747471323e+00
8.855646127169802817e-01
1.777549574198933335e+00
5.841891838086694655e+00
2.449109426771306275e+00
6.498104739106949523e+00
9.157857556146523637e-01
7.234727116929337010e-01
2.572116116976491007e+00
1.927460948398297846e+00
1.162077579537439842e+00
3.163132640349413993e+00
6.005299679397470669e+00
3.216255838563011782e+00
3.526318456042515148e+00
6.392034355982392668e+00
1.771384207581375048e+00
1.473370068334199701e+00
7.835651917794059784e+00
5.561067313409805202e+00
1.624573245317131764e+00
2.384567544658398930e+00
1.332543302095621440e+00
3.508546383986788531e+00
8.118656769645019589e-01
2.690032130894137730e+00
6.047533724942098843e+00
2.033140977759009260e+00
1.090625255762201151e+00
1.138653286408709553e+00
2.342695718301556429e+00
2.198658135460644036e+00
4.211893467856038242e+00
1.974943059924427757e+00
1.456436247931875760e+00
5.733982073996618745e+00
4.920448879606822423e+00
1.930308878072263479e+00
7.794286216237660270e-01
8.016873576690796810e+00
2.127989370118157364e+00
3.859270571913945513e+00
6.072297279978926099e+00
6.612461067066092824e+00
8.453394196803195593e-01
1.818831457427412035e+00
4.480306155235136423e+00
3.385589740919602075e+00
8.928800299568174781e-01
2.038139652544306291e+00
3.249301722404640991e+00
2.713889401538366553e+00
4.254040297843232565e+00
7.695439632245623329e+00
1.184351666172207551e+00
2.082600203854529930e+00
1.395337100445286804e+00
9.093227506809865801e+00
4.890189631901937783e-01
4.769758783978958583e+00
2.080377558703332408e+00
8.641502473557945985e-01
3.786865355817961021e+00
2.809149794626671248e+00
2.518930251627641503e+00
1.138503235960602877e+00
5.625968911565996322e+00
5.310625350842206771e+00
7.431618201858952055e+00
3.215509250373751016e+00
3.185110948540605946e+00
2.038620899358208671e+00
1.140446702665947276e+00
3.101197317847114832e+00
1.258580946779353171e+00
4.366112192570194672e+00
1.226758519191392338e+00
2.110002912322729074e+00
1.476551213377265359e+00
1.130684345365527310e+00
1.607304885019823937e+00
1.684868557648882659e+00
7.373028246550120679e-01
2.656456582865275529e+00
7.323575917852227057e+00
9.105408018598002418e-01
7.585040624445026358e-01
1.152895743951435570e+00
4.284937709243514803e+00
2.443470886920647178e+00
2.889871844748038154e-01
4.057372915380836886e+00
5.124379050473280905e+00
2.111566827385068290e+00
2.595823929987560508e+00
2.017798693770509466e+00
1.898217380689319222e+00
3.951662123017855244e+00
5.422824225128075604e+00
3.789903198178726562e+00
1.377609674128333017e+00
1.131288868312181339e+00
9.786762888904344537e-01
7.956487328466756992e+00
4.033978099731765354e+00
4.070472238359291950e+00
6.834105300862552745e+00
1.829713789565176274e+00
3.528016787355169548e+00
4.736474311855010555e+00
6.064891817947611896e-01
7.003838961985946021e+00
6.207926464103248776e+00
3.524170154970635682e+00
2.535643329909640364e+00
6.067285503951608483e+00
4.466360094120050306e+00
5.492915374466025291e+00
1.299027404068043845e+00
2.528395556315014225e+00
2.537646351230945285e+00
6.400539599483490161e-01
2.797224221196766614e+00
2.718498460661574967e+00
3.591130158724060273e+00
5.357193166977234355e+00
9.403028455188865431e-01
2.793315959062526055e+00
3.687480865113348383e+00
6.408948261083422082e+00
4.079305662097401530e+00
2.158408324215432827e+00
1.138115158396707294e+00
4.276741424440952066e+00
9.782690439848860109e-01
5.815364623894626606e-01
4.171658344066833557e+00
2.186855242833223745e+00
4.126740924245914321e+00
3.039294016178213376e+00
1.976609948137255879e+00
1.325797649815925405e+00
9.054001965863573975e-01
1.159026875873746087e+00
2.302720292201588581e+00
2.561472629125100653e+00
4.155283464315503217e+00
1.993703730894316628e+00
8.609280297179289221e-01
1.971315176820976900e+00
7.458794335012408183e+00
1.389607469190916600e+00
2.845798139435789409e+00
8.677452097083602212e-01
1.111581026992388921e+00
1.005727561035245410e+00
1.040650856734925300e+00
7.124073646881981858e+00
2.366096754951786618e+00
4.317456598680855961e+00
2.245899743801013759e+00
6.168112397180529172e+00
1.932871953659093034e+00
3.223667225259223557e+00
2.664423976339013844e+00
1.806611129643180158e+00
1.917565583173679533e+00
1.054240011708565961e+00
2.286243950655745483e+00
1.883232843453108707e+00
2.880272626065255803e+00
4.447140253789219067e+00
3.382962726825871069e+00
6.217933379464819055e+00
1.570412877501192739e+00
2.027012440840023189e+00
3.551677018780595052e+00
1.533860128782077004e+00
1.385706575949676722e+00
6.660483636041030664e+00
2.191280115762558545e+00
2.550341137561657590e+00
6.699017644858058063e+00
2.288876633512066050e+00
3.064180003310642331e+00
4.762913141812348705e+00
4.144949236998765052e+00
4.627053199234225644e+00
2.533475014486676002e+00
1.118779519460245231e+00
1.971539773469313417e+00
9.602473491183627363e-01
1.057806502788234848e+00
6.809303675736678052e+00
3.893088777495174124e+00
2.098320565404015792e+00
1.331445075258121280e+00
4.405960646773096734e+00
6.204476717474372016e-01
2.973973128015769962e+00
2.148181707422578857e+00
2.332449817300303874e+00
4.394541915780680874e+00
1.122470583844531689e+00
3.164588553424724893e+00
3.711387040731212839e+00
2.793070333256040261e+00
1.667631359961311288e+00
4.215874521067314973e+00
2.370657850816787704e+00
2.086943809939180827e+00
9.712476237423545156e-01
3.799043881318087568e+00
6.203537163490112638e-01
4.758874006757154440e+00
5.132809950360925022e+00
5.096707967809432915e+00
1.508743453946676638e+00
1.143840477318571525e+00
4.513227493919269584e+00
2.319103001552448085e+00
2.188579072254807301e+00
7.013720067813402181e+00
2.397840495343397382e+00
3.703426256361132651e+00
3.175115856012841409e+00
5.039420280850632317e+00
4.246167116182017587e+00
6.641688501719428928e+00
1.731934142465060944e+00
1.186277237742707991e+00
2.840740052030100937e+00
1.256556138262652444e+00
2.706364766619088424e+00
1.534234815896214466e+00
2.058740165332749950e+00
2.804116164363116948e+00
3.090680018062775147e+00
1.666562772908067647e+00
3.906773327884722757e+00
6.128929222512639718e+00
3.408790590308092394e+00
4.511632198901066815e+00
1.118821757544812501e+00
3.198061650325357164e+00
2.318881373699783199e-01
2.823823744932608903e+00
9.138322135980200045e+00
3.552590869153144482e+00
4.489612352998150868e+00
5.608135210883051336e+00
7.283951904839023328e+00
1.520743857451255288e+00
4.690064215640878054e+00
2.169810076683549305e+00
6.507309718301284462e+00
3.063531800708078290e+00
3.102217465888725823e+00
9.878765335365639055e-01
1.318441288411970058e+00
2.500622180988093746e+00
9.489052955630839392e+00
1.880859972933367930e+00
2.806066729029660145e+00
2.518250022412222400e+00
5.518772448202232672e-01
9.228033447814056878e-01
3.237000176845057808e+00
2.865114904283426078e+00
1.612425465306061012e+00
3.309585937737598904e+00
2.414094670635976048e+00
5.843956462214169534e+00
1.511102539100239284e+00
7.049073985387630081e+00
3.529925075560821579e+00
1.777734983561744642e+00
4.908334811565011613e+00
3.702985404544796300e+00
1.009654848606684086e+00
2.130636970285673115e+00
1.331941136559692263e+00
4.683887505130944540e+00
1.306269714227986434e+00
1.916900238091408859e+00
1.973095413210278037e+00
8.142869298470166939e+00
2.821934841752425704e+00
2.734207754303328297e+00
4.217082440458030490e+00
2.339312592287622561e+00
1.119548239705818293e+00
1.443977375916460471e+00
8.184971555223176765e+00
1.202439861938182641e+00
2.662533783655541164e+00
4.787934681259520708e+00
1.569094079494818494e+00
6.942417899030790984e+00
5.350946929765443727e+00
3.858421435586754100e+00
2.310506917892089174e+00
6.521927426662203153e+00
1.038764066274254549e+00
2.098831939942054969e+00
2.261087298511863075e+00
4.526417950413115232e-01
5.225717523714246582e+00
1.150544562158886563e+00
1.087140708003633938e+00
3.162165188816982830e+00
1.505799590545479516e+00
6.611176789973543855e+00
2.427054216127326303e+00
2.999177698416274129e+00
3.127596557950255374e+00
2.636890462357324161e+00
2.559844858908788989e+00
3.600597089039963006e-01
1.108858677444684471e+00
3.825181124901907648e+00
2.601348649370379906e+00
3.721950219007877370e-01
3.614162758636998873e+00
2.431888582985783032e+00
9.305017888527861158e-01
3.085390601663009491e+00
2.822059618196963715e+00
1.318366903778378285e+00
5.034597393057487658e+00
1.520205254151479668e+00
6.148532489283160096e+00
1.565691326746164291e+00
1.273211427850697186e+00
2.353231111278821341e+00
4.694991150833740967e+00
1.685872715774479724e+00
1.563824938823781485e+00
1.479274426827291933e+00
3.084820806404914517e+00
7.077481401821595242e+00
3.860522269945192875e+00
1.380153905641668066e+00
1.884630581612522615e+00
4.983114756636166653e+00
6.017164681135340754e-01
4.156000287229731249e+00
2.176849272291935922e+00
2.703436115603569334e+00
2.278669890647662122e+00
2.010684887442458990e+00
5.839597711535861713e+00
2.458761716125689833e+00
2.490989833999349479e+00
3.051218633688649096e+00
4.634541937498426911e+00
7.134559336840783139e+00
2.772834885114602077e+00
2.379478028790254385e+00
3.069722269784614710e+00
1.541623535958660973e+00
1.923652183804080540e+00
2.133532589246313727e+00
5.235477914537598032e+00
3.465515227673921395e+00
3.180307593462031956e+00
1.794885458834396541e+00
8.155409569439539652e+00
1.833459891769069872e+00
1.954575096250676935e+00
7.728083616494481944e+00
3.402201429121401777e+00
6.275851467096027037e+00
1.486998798682755307e+00
4.094638294616702368e+00
1.151308486309016610e+00
9.318111841402209050e-01
1.388667958781875322e+00
2.087494591221088047e+00
5.413735365281090672e+00
9.165524786310039751e-01
1.746004992878236406e+00
4.200260597561003451e+00
2.117328159770565765e+00
1.820289395612006311e+00
1.347459758419944809e+00
4.932180805867632856e+00
3.550996054162512960e-01
5.276840159836478250e+00
3.162755390123735300e+00
6.200726831337975753e+00
3.430291504497399835e+00
6.265363845115635044e+00
6.754237403544111729e+00
4.042210244032798272e+00
1.626729042158995719e+00
1.516497978664582469e+00
7.952015600680797824e+00
3.569865565300018861e+00
4.032412345441010793e+00
4.255537514005473199e+00
5.324296462250581286e+00
5.654063726584626082e+00
6.523229729578147840e+00
6.598408871263021780e+00
8.214728644990445527e-01
6.684651285976917379e+00
6.112203973359943809e+00
5.186222999301676850e+00
2.034360137255926571e+00
2.149758716403558090e+00
3.020971317771457887e+00
1.161901964526268038e+00
1.338708939916053220e+00
1.662285431008175829e+00
2.322660312146202610e+00
4.939252583238578076e+00
5.417931314429635492e+00
1.706940824375791976e+00
2.484143583197669258e+00
1.544022317932978172e+00
1.494940086769592558e+00
2.985554086158612286e+00
4.885877453626612521e+00
6.744059667322875207e+00
2.956689722512980012e+00
2.660137551480267426e+00
5.858596794642569883e+00
3.138802218003251987e+00
4.903490444918132241e+00
2.019239197657691776e+00
1.853633025209084018e+00
8.359002181364925121e-01
4.214166353496445083e+00
3.421389640767684703e+00
2.009414486352121276e+00
3.183329711436857501e+00
2.533256798146619748e-01
1.463617829566165707e+00
5.914051696779517586e-01
1.245155874425583731e+00
4.005215599787464775e+00
3.998717736199326911e+00
7.887282456108446027e+00
4.170953293752144297e+00
3.065576866769490483e+00
1.256128400514450405e+00
5.345602883332293054e+00
1.746143084859746342e+00
1.431609037137158591e+00
2.041750097153105070e+00
1.054425347708205063e+00
4.163847164947518387e+00
2.716425738075228136e+00
1.039576347799972655e+00
1.221954566006674181e+00
1.573836534739431192e+00
2.218646713923325908e+00
1.202632322228451622e+00
4.359767611415986899e+00
4.061306114137733125e+00
5.229006208066104833e+00
6.719593889807894627e+00
3.656625733617769658e+00
5.576130369543361276e+00
7.300783463567682041e+00
4.091159868918005316e+00
2.966904356580499780e+00
1.002673546187727460e+01
2.116781256958118806e+00
1.717107070207672725e+00
3.246391973492933847e+00
4.507530199092165013e+00
7.379073477906205270e+00
3.996859734716837309e+00
3.008742259960381027e+00
2.187425074540794601e+00
1.401506799319749197e+00
3.276376268302280348e+00
4.087103394425673386e+00
2.785135740971613760e+00
7.467698688828416920e+00
1.474126854590388724e+00
5.553620287941416933e+00
6.978244849335287547e+00
3.060226591900530035e+00
2.126355926399754903e+00
3.139020349646451713e+00
1.648363881942473519e+00
2.248586062006941333e+00
1.855083814411064624e+00
7.180273085421474022e+00
9.521404546411010861e-01
1.549764209838658369e+00
1.345478468568113817e+00
6.804495600939143074e+00
4.651556955626805490e+00
2.928309029552506715e+00
2.651844513100798384e+00
3.045542619274280938e+00
1.549209589793813180e+00
2.437395544543664361e+00
4.699222466671135301e+00
2.824964425122780565e+00
7.194532119440527396e+00
5.756875573995548834e+00
8.109764525152288739e-01
2.413942747480914530e+00
3.983040867552764652e+00
3.152632617623104316e+00
4.701145049309854329e+00
1.898995367388244038e+00
4.479217085626830297e+00
2.425274621509994066e+00
3.943817791237204329e+00
3.249068507578591003e+00
5.866251426328124019e+00
4.598770247471042794e+00
1.898083366090662638e+00
2.277677027749418937e+00
5.028174854043713893e+00
3.240441124354495717e+00
5.787019068132614130e+00
2.987966087971491103e+00
2.361753954846159242e+00
1.802849914376940532e+00
2.754802108257631055e+00
4.509557405695831633e+00
3.552362153569333270e+00
3.693403555918833625e+00
6.141951840332482426e+00
2.309935411754940215e+00
5.594529033536146834e+00
1.781863921056338285e+00
3.121485763711703054e+00
4.148039910767280958e+00
5.874517030681332130e-01
3.644604737122741689e+00
3.547643488745475526e+00
3.683515958648425848e+00
1.700204016749070179e+00
1.926992331422966220e+00
3.095500205698571872e+00
7.889417590197836283e+00
5.042678319380616614e+00
2.401574948752215555e+00
2.388294897787412108e+00
2.496340200612247706e+00
1.602861439680255184e+00
1.065944118589865708e+00
3.725270619846910325e+00
5.629300684354795692e+00
5.401003822209775596e-01
1.363304437565977079e+00
1.502587035849826558e+00
2.811463531988454445e+00
7.072512069226368769e-01
8.666081163590166891e-01
1.910742094555057113e-01
6.207399312390037949e+00
7.461665755485474838e-01
5.368662253729836742e+00
1.109946353353285176e+00
2.378037030666170892e+00
1.449016930988691998e+00
3.378660441205114218e+00
6.246989382068441898e+00
2.778239219053660669e+00
4.127770699573693136e+00
2.556120152119829569e+00
3.116741608469348002e+00
3.102986195047798379e+00
4.587224407102586277e+00
1.526578230653395929e+00
1.155661214462555542e+00
3.188999465707955672e+00
1.298206340099993694e+00
4.170168037300277852e+00
5.420159945772112131e+00
2.419285442993808766e-01
2.571243398249763334e+00
3.337536889030071396e+00
7.937019560306194599e+00
1.014930445932007430e+01
4.767295140172524981e+00
3.781296462838077965e-01
2.853308935600726848e+00
2.052218297027191607e+00
1.826111144276615583e+00
3.734821168258472213e+00
6.134426382387122345e+00
1.839201331721559196e+00
3.236695349472102468e+00
4.646269584748497827e+00
4.892947705180760387e+00
2.383297909450242447e+00
2.166599567372672563e+00
4.515287702603666631e+00
4.386718182516017528e+00
8.054127844856047602e+00
5.752019458686285169e+00
1.527387641617456771e+00
4.221323165056674043e+00
7.057169166814178940e-01
2.204193075492326237e+00
2.370711322702924395e+00
5.421479121642433618e+00
2.680129207446452444e+00
5.534214982608617994e+00
2.664839384176051151e+00
1.716822966507669523e+00
3.187030905678541526e+00
1.021500690841598447e+00
3.144261585874228437e+00
3.800044443732349730e+00
5.212114195305302289e+00
3.733564720837387441e+00
8.966424731207432997e-01
3.550000056547262250e+00
2.675473745967131833e-01
7.984588692662196507e+00
1.677974913575463134e+00
1.821449498098817177e+00
1.292349548139341442e+00
4.651615312419639103e+00
1.806155534868601364e+00
2.475532259771727084e+00
2.340520545644163786e+00
3.426722542639556224e+00
5.114087583545965821e+00
6.852308522940386837e+00
3.187146111812257931e+00
1.454013584856377550e+00
2.402443966427334487e-01
4.285038186829712714e+00
4.498444741856915563e+00
1.651758692016905838e+00
1.472938546830707907e+00
7.453132511312117181e-01
2.266881522226642520e+00
3.906190661739554315e+00
3.038727109271893045e+00
7.158189737011838361e+00
2.218143268327312789e+00
9.393811389555914992e-01
2.627425193632271672e+00
3.623188835931284046e+00
5.705287358636636164e+00
6.195679275565703747e+00
3.087235970610521907e+00
1.790408394404877868e+00
2.254020969191381507e+00
9.099483785117655543e+00
1.208711627417999868e+00
3.118039525605064366e+00
3.343620594022158610e+00
3.058452447539109720e+00
2.764504747956919584e+00
5.775508316039424273e+00
3.106786591887784166e+00
1.320866198874526276e+00
2.744531321431337378e+00
6.929202713139867020e-01
3.470391538197836301e+00
3.453445758461749282e+00
4.344777588396920187e+00
1.822453401187801747e+00
6.200274544870733706e+00
2.473397577966244487e+00
1.475532190299459145e+00
2.250769024650458583e+00
6.590127216589133141e+00
2.457454172472702147e+00
4.725258420468458453e+00
1.150318849372535951e-01
2.941438916159822892e+00
6.525672404408916272e+00
4.404461519429392347e+00
2.478818804326138103e+00
1.291212105766652130e+00
2.426539807966119344e+00
4.188210867220563571e+00
3.343820827283061181e+00
4.656481074505566475e+00
5.481316860890825815e+00
3.899507143061643699e+00
4.325065303503119019e+00
5.841260953351203433e+00
2.504073739952304312e+00
3.301234363176888120e+00
3.375991584484060670e+00
3.972712950675521437e+00
1.268337583212366004e+00
7.879086708146096907e-01
2.208293112699059701e+00
6.408305751575520404e-01
4.755508593802805883e+00
1.014986810101348391e+00
1.608932023569903613e+00
1.423402650174862227e+00
4.127513306035110574e+00
2.073634683349455443e+00
2.880837101188080673e+00
2.906781046670430246e+00
8.942491222200205092e-01
6.574304428419747381e+00
1.761766496553207606e+00
4.018017427725762758e+00
2.754945941369992379e+00
9.233790381175073225e-01
5.352650832567411143e+00
4.463855870958385097e+00
2.240661467818382935e+00
4.906187834245042900e+00
9.171087372471410371e-01
3.595025632285409500e+00
3.590371944514004987e+00
5.010258441472378310e-01
2.886885208475442610e-01
4.122398306118518541e+00
6.204782812663383051e-01
3.244320137136845750e-01
3.884947472508914146e+00
9.438413010196841091e-01
2.101105345449701289e+00
1.812181792569496297e+00
1.549277760216836608e+00
1.031110163040298344e+00
1.463665623094066115e+00
2.760698415180743659e+00
1.916566363100964399e+00
1.553601654553190103e+00
1.167787357458632158e+00
3.329494475697905020e+00
2.353844857613715202e+00
5.233207506603351211e-01
1.631678021693178549e+00
3.478056518955027876e+00
1.690414054917110498e+00
4.026892877877495280e+00
3.220361154113144053e+00
4.353042596367870054e+00
3.181636179107812712e+00
7.162382487590282842e+00
4.203872195664366984e+00
5.484922528262879737e+00
3.275859328444515217e+00
7.565241220433689406e+00
5.266501550028918066e-01
4.206595224158529156e+00
7.496810115097984895e-01
5.662085269251988962e+00
3.825396715560240413e+00
1.359276805593796267e+00
4.979143133603018967e+00
1.574871529430540429e+00
2.183848797564552413e+00
2.883639735767294265e+00
3.110229189902175673e+00
3.627891257235985822e+00
4.588450375870455566e+00
1.147249638020498619e+00
3.007981159990638975e+00
3.536032840550586531e+00
3.360825634626176228e+00
3.078620873348457465e+00
4.306745971637433890e+00
1.413329498707105447e+00
1.265059295720060373e+00
7.853744639914215231e-01
3.399584867630104590e+00
2.106696609526812036e+00
5.868348901280177721e+00
3.297692647806354405e+00
4.597760700392882427e+00
8.856098080366113123e+00
3.600730847931323808e+00
5.022182906657022272e+00
2.731351305330926404e+00
3.246829886916983376e+00
1.651809329544373650e+00
1.217183044151370463e+00
5.827951991539958243e+00
8.542418824296879265e+00
2.847590170218883721e+00
3.658655436274610651e+00
3.637938757832879233e+00
2.185284453845822483e+00
1.057365283217097662e+00
9.143775298680475672e+00
2.188342307749326476e+00
4.930448600732696640e+00
7.839051872048095504e+00
2.741555146809344645e+00
4.253597341359980355e+00
1.129454212083436104e+00
3.401131102484427959e+00
1.763749051784754052e+00
1.308189806624169504e+00
2.254169588223884801e+00
6.322841220811505458e+00
3.167257120521694613e+00
6.054549733637122344e+00
2.962298044949975395e+00
2.926859460708558736e+00
6.742627283156820361e+00
6.854556166895354963e+00
6.758241606167695537e+00
4.401609242775306186e+00
9.828675258112110624e-01
3.513796577552004585e+00
1.324387958323869352e+00
7.151065644318785886e+00
9.148418172680750970e+00
2.354319653695989611e+00
3.315885418656342676e+00
2.130289284935327654e+00
1.568033154055364031e+00
5.217375513095704243e+00
5.809757504839101472e+00
3.177691325007928835e+00
1.782517539506923709e+00
1.271112970822614985e+00
9.707117781075805807e-01
1.576124362248964239e+00
2.871506930283298953e+00
6.996839240751835387e-01
1.572984779133425493e+00
3.307955285958389613e+00
3.054193007820012351e+00
3.292644473153675033e+00
2.636061091110171617e+00
3.274269920793727806e+00
6.886935252031605614e+00
1.208270602114249304e+00
4.269933390430494136e+00
3.248325414479402706e+00
2.904844347535796789e+00
2.703712313575052040e+00
2.114952427836235938e+00
3.622357590162513130e+00
4.634884234104029943e+00
4.162624907230771498e+00
3.922589730327634694e+00
2.152337669840906909e+00
9.095588005809155385e-01
2.259669348046323467e+00
5.485444343392410715e+00
6.904311721082494913e+00
3.972464980071416463e+00
5.679771835253505374e-01
7.542213534083453963e-01
1.955882341658720547e+00
1.093705539963144346e+00
5.673136032054440392e+00
5.203464950931338429e+00
2.400959553818630798e+00
1.397460892343543648e+00
5.133738692309075091e+00
2.015361319538732765e+00
1.176896594826455456e+01
3.300540992941300433e-01
4.765482351979027698e+00
5.705254723837431818e-01
5.010562147286423240e+00
6.639316801472844531e+00
2.944315111830972942e+00
4.424764657714380434e+00
3.023140928912343650e+00
4.719371927919337573e+00
2.753624854476897088e+00
6.366811318485805060e+00
2.830596632693179071e+00
4.797151834675290161e+00
3.529795735381016542e+00
2.355700976180628459e+00
2.983885817571017007e+00
1.822704109062232236e+00
5.017456058469962343e+00
2.160424110727306335e+00
5.947990595069254205e+00
1.030212452364107856e+00
6.240848727571823851e+00
2.401718768457298481e+00
2.643014221711820877e+00
6.140431697056730975e+00
3.247026668594829579e-01
4.666806380148248223e+00
2.374677956934514889e+00
6.766480845208154626e+00
3.143064296000124269e+00
5.409362380918159907e+00
2.934846025772317457e+00
4.133251471082383666e-01
1.576876671205845737e+00
2.697007956572675447e+00
2.086545584132359910e+00
3.367788336422866013e+00
3.062375137042279594e+00
6.749023874263835321e-01
9.429360616212125734e-01
3.084567788597652349e+00
2.376364684582012554e+00
2.779146905553571134e+00
3.424949253068145349e+00
4.944503053232895518e+00
2.541214560567663039e+00
1.776305423156620211e+00
3.400764363113642386e+00
2.749095517961437807e+00
9.969778518789637056e-01
3.451096484369017059e+00
8.142034506673942573e+00
3.498170469443535602e+00
3.841023896342312671e+00
3.921838207569942725e+00
1.300988253719104648e+00
3.423544408508833570e+00
1.533569386317657601e+00
4.717436072036904626e+00
7.874252655249593946e-01
1.541929413091114975e+00
2.256834011847848043e+00
2.889656786724688509e+00
7.357908422837378559e+00
2.158729623639712436e+00
4.709333085018757359e+00
1.171867448649514198e+00
5.602055710140828815e+00
5.074538530455479091e+00
5.201673594709615323e+00
1.468552863048915524e+00
3.619337494153635149e+00
1.251211158034908566e+00
3.045664097380806901e+00
1.638118915880481863e+00
4.698193576744428945e+00
5.557960088155326162e+00
1.677083245518129484e+00
3.978692710327771831e+00
1.138783192842784286e+00
5.911467157417919616e+00
6.255511306197870880e+00
2.746031196725196466e+00
2.604129217231506921e+00
2.983299384515813557e+00
1.090940614672146092e+00
2.504874786220534499e+00
6.570903384242491541e+00
8.187486872850280317e-01
5.979030959057032746e+00
5.304969724071570525e+00
1.272014429050694284e+00
4.214318339320346496e+00
2.736221863348224925e+00
8.794252860063342947e-01
3.920117606541654531e+00
1.331946832441567308e+00
5.472927879592962341e+00
2.741754060793271108e+00
1.085674603866110699e+00
1.124471914552763518e+00
7.576856460570224883e+00
7.949206703224945825e-01
1.257185141406153006e+00
1.169908443027719347e+00
7.504832707934465663e-01
5.608016343381253321e+00
1.190232880419344941e+00
8.589490973620483416e+00
1.125827957685384906e+00
6.089073643911131484e-01
5.365719321686708732e+00
3.695572066611385598e+00
4.393186039681937771e+00
3.431513809057424869e+00
2.898670356630704603e+00
2.047800771735472480e+00
4.126436084628587686e+00
3.617357939016733859e+00
1.644767033240989162e+00
1.743567427417639593e+00
1.939916435078937074e+00
8.027689838647432685e-01
6.521317033914334482e-01
5.459927293308002305e+00
6.420608688366187700e+00
1.580125534329521964e+00
2.773791194072404487e+00
4.383940719670213149e+00
4.122115139833893771e+00
7.109011523380972974e+00
1.566259806242820130e+00
3.344976128792810588e+00
7.805505984284167198e+00
4.805004523940238137e+00
9.559730436985631741e-01
6.110844074399659043e+00
1.944409353166236754e+00
5.261830482304062251e+00
7.188951465281637532e+00
8.479527676087451615e-01
3.634268045042665207e+00
6.598154106059004320e+00
7.899937177128448784e-01
7.641109855209115009e-01
9.125985046108333609e-01
3.242229382522513692e+00
2.551077668854841107e+00
2.072624193848901619e+00
1.273006377893238117e+00
2.143168672450360468e+00
3.620706326282981280e+00
1.779357572105523255e+00
5.102228688364228049e+00
6.093011801466439614e+00
6.094178437695658701e+00
2.175925701535961654e+00
2.370230633796379216e+00
5.935377736342719146e+00
5.706567559837018244e+00
2.635200490816589358e+00
6.654133674001439402e+00
2.191783207025826741e+00
4.375707999648837720e+00
2.239155283764433513e+00
1.071774871753351954e+00
7.910412866308397239e-01
4.093222401583871850e+00
1.901261371550682089e+00
4.234866124791992092e+00
2.469449639536772878e+00
2.301507993033806709e+00
3.667520112933134069e+00
2.972310666949696145e+00
4.810293098640750387e+00
5.337398672755033324e+00
3.084590544531665035e+00
5.555788440576898246e+00
5.710663841252316075e+00
1.325330078433802239e+00
3.511906477442664265e+00
2.232079153391668846e+00
4.694301590808530378e+00
1.939660292160215738e+00
3.258943883184798551e+00
3.678263223837324181e-01
6.610172668475927438e+00
3.034882173348554701e+00
1.321345939699309024e+00
2.156155732981490658e+00
1.098512191004293648e+00
1.080752488887247287e+00
4.211570947634599271e+00
2.840450503201104482e+00
3.568042737995339664e+00
4.227902106825669470e+00
2.283531299722930896e+00
7.464085383316009903e+00
5.893988079802787716e+00
1.559214434438422225e+00
2.199013198003322511e+00
4.945165942447814267e+00
7.682134504026242539e+00
1.375956949688639464e+00
6.349211436041740875e+00
1.682815291135048019e+00
1.335846532615614368e+00
2.225186756938235533e+00
1.713856966749927935e+00
4.250536390128731412e+00
1.453483446549762581e+00
2.990689447310765026e+00
4.530862599507270438e+00
4.031054910500940558e+00
6.943087815081494085e+00
1.725185313490547045e+00
4.007351911261239685e+00
7.678244444548518732e-01
7.434073842260868759e-01
3.336288930782361994e+00
5.167085652569464171e-01
3.579652161156586132e+00
5.466303170956352986e+00
5.194879579351788790e-01
3.004468694977508569e+00
4.115446007505553894e+00
2.865117578384880126e+00
1.109606358650686131e+00
5.634284898856052326e-01
1.731074237269358829e+00
3.263820900730255214e+00
3.498515267946757934e+00
1.198760347190773068e+00
1.236853074882319214e+00
3.904200976867143069e+00
4.240601134453648946e+00
3.590491833311125092e+00
5.221017890004568507e+00
1.003407604221067118e+00
7.593868709345385604e+00
3.552053780667221439e+00
5.840591444849055236e+00
1.275585959812569170e+00
3.746646188908186126e+00
3.970120290758444526e+00
3.152106100066820460e+00
7.134749174715258491e+00
6.816526126430050292e-01
4.797681895295503374e+00
1.316655630961698797e+00
8.890218565164770270e-01
4.672708763754784833e+00
3.198101079519893197e+00
1.463352465633557697e+00
1.102794792269146562e+00
1.852302926239453029e+00
4.335609300428234114e+00
4.412618495172983657e+00
6.210278486474944515e+00
1.859770915373993638e+00
1.643280773171741149e+00
2.841484267908397587e+00
1.190248692583330659e+00
6.529011837843727406e+00
4.308928976269147171e+00
1.040142336371430787e+01
1.563854970747627027e+00
2.939580846309917117e+00
2.004875486165124399e-01
4.312727394121643520e+00
3.922731032207172230e+00
9.909959534506699308e-01
7.246374211934143439e-01
2.084981351744289224e+00
9.293178360293592455e-01
3.477068684035487411e+00
5.472652975999637626e+00
1.482332586709697475e+00
6.622091666156591394e+00
1.513318007976649948e+00
4.981388889841041667e+00
4.373773104513898780e+00
3.061991359968716520e+00
6.292831421595217023e+00
6.411079701046310753e+00
5.411315721461371631e+00
6.482418951478909008e+00
2.320808248243193983e+00
4.480573811281167274e+00
1.239954951558287055e+00
2.786234742820344223e+00
2.005102930521886762e-01
4.606758054880787157e+00
6.800021427152917575e+00
1.992740893869083152e+00
1.200466593006953797e+00
2.013916449151264665e+00
4.941366934192546800e+00
4.722380700320222502e+00
5.560505145759991663e+00
6.396113299425325138e+00
5.584607120511022593e+00
1.500370510609932317e+00
5.761623878428166812e+00
5.354154444849894112e+00
2.368958935313884240e+00
3.016228213479818177e+00
2.562635481212353294e+00
1.476704548677942652e+00
1.352211760305877863e+00
3.230622574791023105e+00
9.466835448420757304e-01
5.171856464728653791e+00
2.422847296162805808e+00
5.312741801708613210e+00
5.234386767663859352e+00
3.265332591949408059e+00
3.033094096900792458e+00
1.555598452912843266e+00
2.515444991912893169e+00
6.148287045471365175e+00
2.320559648333402336e+00
4.032717737122832879e+00
5.387985371953671887e+00
3.188427370314323550e+00
2.949320257159792624e-01
3.117848413242611194e+00
2.691457629475677127e+00
2.161201975020645705e+00
1.073738140710584155e+00
3.818561461743139596e+00
1.709188848501556279e+00
1.917009811356693572e+00
4.665128807765816177e+00
8.991944469665311246e+00
3.170724696598033798e+00
4.304732087298909882e+00
2.496784852455528281e+00
1.663269408589141074e+00
1.278470510385239400e+00
1.576213299495482500e+00
4.274122418290953185e+00
2.113383786115715868e+00
4.828916822724060864e+00
3.156583456851364655e+00
1.271670091064606600e+00
2.825184133343295212e+00
3.777991959053697446e+00
2.803165432633355714e+00
6.637810828891721471e+00
1.892426762843487653e+00
2.453719368128820300e+00
8.592347038864001085e-01
3.734831004098388085e+00
4.741332673561073463e+00
3.275907939188572815e+00
3.546878132072309731e-01
3.930619398206292914e+00
1.631010006927776423e+00
9.313195462389932677e-01
5.138248114761237773e+00
1.018919121782175141e+00
1.833310837428617335e+00
5.628664500822405437e+00
1.630854459264542644e+00
5.266448641865988378e+00
1.098161910113699458e+00
2.302657378738542704e+00
1.733842652124833128e+00
4.629421241566304523e+00
7.883578132463048505e+00
1.799197648029500218e+00
2.528849886033046612e+00
1.352325968381473675e+00
1.665666038122756154e+00
7.682784887112208416e-01
2.869367238135400733e+00
4.606404181607385295e-01
2.487940537823170928e+00
2.158563120499962906e+00
6.204298763177644283e+00
1.872157252534811356e+00
2.207352493173784236e+00
4.192305818656257621e+00
1.563498703729946815e+00
5.722372777279164602e+00
1.450950821379489053e+00
4.913198730864920094e+00
4.183380117087849293e-01
2.064821734635337247e+00
3.115357665929218367e+00
6.428344742787210908e-01
3.063349875476772066e+00
3.456638304546191809e-01
3.379140318105682717e+00
1.535040078819337017e+00
3.642949129937161246e+00
4.118556057686484806e+00
1.151369595047906813e+00
4.148505131124867518e+00
8.026977066794642734e-01
5.366969107622884261e-01
2.251174082891112871e+00
5.717191166638755817e+00
3.228969216677416654e+00
1.409262990327663223e+00
5.764743331200551602e+00
2.380926746389949056e+00
3.979755780071949189e+00
2.228139748829039313e+00
1.944760204210837173e+00
1.800268858120575466e+00
2.798658606789589331e+00
1.962047823094455579e+00
3.907513706955891841e+00
5.511194594410957492e+00
5.629505786667656775e-01
1.646087835288942758e+00
1.504339440406355255e+00
2.923455067058614354e+00
9.568954776918893179e-01
6.727839723944252226e-01
7.253327705080115706e+00
7.135335861389348056e-01
3.678018765043640670e+00
9.858992834462583232e-01
2.458713806897761867e+00
1.193534800245274141e+00
4.102301265114316031e+00
6.632211283296099325e+00
7.020582010177415233e-01
5.973357243050919863e+00
5.782421586003152036e+00
2.118015907778187046e+00
1.866177619373174057e+00
1.139764667752383831e+00
1.757995472252957381e+00
4.028074464438776481e+00
3.484546445213333232e+00
1.290543135833623234e+00
6.982152866334832009e-01
5.603036072999194595e+00
3.503266303675750759e+00
1.987454272736554506e+00
7.215311788255618808e+00
4.128743682781217395e+00
1.279470844738886059e+00
6.577153597451094846e+00
9.965136085057375581e-01
2.426467688897972153e+00
3.171981002444764108e+00
2.139389029341245863e+00
2.013953573876952063e+00
8.356289401903323366e+00
5.277428419321194220e+00
3.329256107676827448e+00
2.303539754234079862e+00
3.511314899332220740e+00
1.877643298328980803e+00
2.106738549775959424e+00
3.425628845395477740e+00
2.502759899759630979e+00
7.611310296607067372e+00
3.018389177081246100e+00
1.720023922284193318e+00
4.410861747411565226e+00
1.291711422156404110e+00
4.163016219575458976e+00
2.802192334803560669e+00
6.914993749523348221e+00
3.300990144191160436e+00
2.703974905687115626e+00
1.428961748694497658e+00
1.804827607746257723e+00
1.695732536893978182e+00
1.770424931467767804e+00
6.594450719735979405e+00
4.680677479152064002e+00
1.598253719445013932e+00
2.608832468289402851e+00
4.553998402212057206e-01
7.924292637505643278e+00
3.810784246805207776e+00
1.720459034156190725e+00
1.334568780583434089e+00
2.657981997305391531e+00
1.220680009843217784e+00
4.510086177515969297e+00
4.676931659065719060e+00
7.107810878568335822e-01
4.356440617587983843e-01
1.619409496410494143e+00
1.914604927840231507e+00
2.041031857709454389e+00
1.798449441126423798e+00
4.820398017989241946e-01
4.663271526671089795e+00
5.365687152849308639e+00
8.841996303939938517e-01
5.144185925850604413e+00
2.533670137690499313e+00
6.646423100885336943e+00
2.707862634520046718e+00
7.166482066761108882e+00
3.531160369917370812e+00
4.291572690421523006e+00
2.161880585166342517e+00
3.788589749712119481e+00
1.714893014539851324e+00
3.210318074206350403e+00
2.127109340633146939e+00
3.641366500054732391e+00
1.462598025715743155e+00
1.710607828729920010e+00
7.972229855336643300e-01
1.062167414763570683e+00
1.422602464749653350e+00
4.000724211890828719e-01
1.968068946969717015e+00
2.960931586633041235e+00
1.045941678337370506e+00
1.161633111726662504e+00
3.617287669381651583e+00
2.967023563185360757e+00
3.008196856229366389e+00
5.430283599364197578e+00
4.456540111900811674e+00
4.653308415494677996e-01
2.748974817554331374e+00
1.941032795360892349e+00
2.774857553067328286e+00
4.559235658550549353e+00
3.910116999789928105e+00
1.937165616850170968e+00
1.317961712480839154e+00
7.586671402459820968e+00
5.924019190500724896e+00
1.459481650891921056e+00
2.087379817828256101e+00
3.144841830653307024e+00
3.605252170781317655e+00
4.008225369569530017e+00
6.343674768624017801e+00
7.061198629333254928e+00
1.873372615981845790e+00
2.645048011187478565e+00
3.657776493412361773e+00
6.265457816026316351e-01
2.553446017176983052e+00
4.197426411171504057e+00
5.384460629359796968e+00
4.030625198425784816e+00
1.926426868232603118e+00
4.576270350293819789e+00
2.270924707955976007e+00
5.071327871283451971e-01
1.666289903526799288e+00
1.574127607084472968e+00
2.323473867920693881e+00
1.683542462253148297e+00
7.835973020505824227e-01
2.492553479404437500e+00
7.004087733077369649e+00
2.367468422127871452e+00
3.359569237549703491e+00
2.174268641200054475e+00
7.467985373184721887e+00
2.637855730640821683e+00
1.846482441096873206e+00
2.254434596830214410e+00
5.454240179667767308e+00
3.375342612160857403e+00
1.887270496923700858e+00
3.067900527073217809e+00
1.525069618474904631e+00
3.528802603803473659e+00
3.907901835943730529e+00
3.290709209422489234e+00
6.426475649851002281e+00
4.266630837405153365e+00
2.339140312039033276e+00
7.908881791878334955e-01
3.030471467018745368e+00
2.694778627537403271e+00
3.182608137979223262e+00
2.447671248838418467e+00
3.038929843863348523e+00
2.209146667867528446e+00
2.278770289952141148e+00
3.034529754268875834e+00
2.002049732559683104e+00
6.267985660668585091e+00
3.077168304434581003e+00
4.248603109603715566e+00
3.401228288511394915e+00
1.808983239243366015e+00
4.091588160285390963e+00
4.907779311659370869e+00
3.717771744469475781e+00
4.622350712302998765e+00
8.906628041310322708e-01
2.781426218946054352e+00
4.332031903153921171e+00
2.158658372866375519e+00
2.795880420157470070e+00
4.465919809147687047e+00
2.544397465983398998e+00
1.958434308413148583e+00
1.744369217549772144e-01
3.713182236939872816e+00
2.190565118658357235e+00
1.537443131448659628e+00
3.102231601556638907e+00
5.872659723776925134e+00
2.019643093922721899e+00
1.972437980509926803e+00
8.874145637202262016e-01
2.896913961720589903e+00
3.356887864147497513e+00
1.385528072709320435e+00
2.434686950950896989e-01
9.425652521764160685e-01
3.885976466380017591e+00
4.798594499479722941e+00
3.952386331838330324e+00
2.734308918582073922e+00
3.061311699697868871e+00
5.202542126248598464e+00
1.133701758311957297e+00
1.669287243753057481e+00
6.261055186374814951e+00
2.776474335428485762e+00
1.215129990155997097e+00
1.762610509150983384e+00
1.464056357744733861e+00
1.096061004234422542e+00
5.538993381075883349e+00
4.841270841296895000e+00
2.225018426170668473e+00
3.035513400018103436e+00
4.834956316225090589e+00
9.967604830559090301e-01
4.224478987783232498e+00
6.355065085034103944e+00
2.639981608052762052e+00
3.085156034157408467e+00
8.648315329753801350e+00
5.174321942201370206e+00
7.063496726381768287e-01
5.619553231641917224e-01
4.228548333268967951e+00
2.215604888230697789e+00
4.211163759859828382e+00
1.641244745291858376e+00
5.341921199869803516e+00
4.907511629582855583e+00
4.380140215578816942e+00
2.267831479228432645e+00
1.090582645151490171e+00
8.960844443569271789e+00
9.229112418667694273e-01
3.649928272760362358e+00
3.513595500360553903e+00
7.301421498732804105e-01
1.809536687929337306e+00
3.306474549923911432e+00
2.046176397822542015e+00
2.979023175408850310e+00
2.115092708726262316e+00
6.029744291490404251e+00
1.698958612065309959e+00
5.697255508309430283e+00
4.575419644065991776e+00
2.094004236328578017e+00
5.594596482270194571e+00
6.541512452867911165e+00
1.602908668851743546e+00
3.887616734519392381e+00
1.471824260036930454e+00
2.647612979074974948e+00
8.575245354184408697e+00
2.219673828858010456e+00
8.044071533718225808e+00
5.620594728408474516e+00
1.917150922877581820e+00
6.920214283666839883e+00
2.696030419081496543e+00
2.369236126261704545e+00
1.171158320770258277e+00
1.760094181458722318e+00
2.728879837863884550e+00
8.935201544146885055e+00
1.067436035302508746e+00
4.116075303630613469e+00
2.476860476526146826e+00
7.472265256791128962e+00
6.700814456304701183e-01
1.055678642785617516e+00
1.780497436187197469e+00
1.653777849455617455e+00
1.495557027791276861e+00
5.913703772499853351e+00
2.617024028306980110e+00
2.305613155225913591e+00
4.064276090047427736e+00
3.870997298361841477e+00
5.985127023558484138e-01
3.086948912280361501e+00
1.038920766556782338e+00
3.796545333845949166e+00
2.312695673401640395e+00
3.920615780349511414e+00
4.831397518418143910e+00
5.709468984628516708e+00
4.203816333800211247e+00
2.333486391403187366e+00
1.650595384064933002e+00
6.147071690495260476e+00
4.927450253708763661e+00
4.926872498231540831e+00
4.594867962995761168e+00
4.288705299918477820e+00
3.836850490462430319e+00
2.901179229845441743e+00
4.367562693955634678e+00
3.686326238965507596e+00
6.123087659236980951e-01
5.731073432959980174e+00
3.303971067453494559e+00
2.664026708014154643e+00
2.955995227719398155e+00
2.870758247910969008e+00
4.165135263340216554e+00
2.248013305209528134e+00
3.725089185855924967e+00
7.139881405507973788e+00
2.882344840559920573e+00
5.930815994181812378e+00
2.260169017332476660e+00
1.531715371166669781e+00
1.495868709824013099e+00
2.724049069494479447e+00
4.059785548289397639e+00
1.887643764627662257e+00
5.130118490374467655e+00
4.431039177354425540e+00
3.892698224997271250e+00
3.046826608801301628e+00
1.055116883074150413e+00
2.728679556146039076e+00
4.046053853453988935e+00
6.694781556189147720e-01
4.829558535156938781e+00
3.988903741347080256e+00
8.618815068352029485e+00
2.111805078227825039e+00
1.078958504374555982e+00
2.395777174175841129e+00
1.460281014534765998e+00
4.728974956106632987e-01
4.553405370250056095e+00
2.922805934017822960e+00
2.240120592948035227e+00
3.807421119155221412e+00
2.968625467326670098e+00
4.536282893763659452e+00
1.946943773997140914e+00
6.243542356115616698e+00
6.133419644754932065e+00
5.564328471500780360e+00
5.298545659978606714e+00
5.114615337580451282e+00
1.831057085322135514e+00
1.689894260013621086e+00
1.368997937942534771e+00
3.156270263869302095e+00
1.597683182990688344e+00
1.018203061785479369e+00
4.262418041521461198e+00
5.877376103030411691e+00
1.568875923614259538e+00
2.047876496944645019e+00
1.871601584052275946e+00
3.007488461753689446e+00
8.511663504704383154e-01
4.479310572016481196e+00
1.605646283477368153e+00
3.622403118233446850e+00
2.238123981006507446e+00
2.273850260379463251e+00
2.744185223625333681e+00
6.979739412074242644e+00
4.802852965382476746e+00
1.176938415661337389e+00
6.882898334398862339e+00
2.928000672766838175e+00
6.564980366512990884e+00
6.279455927704613138e+00
3.061646678087651008e+00
2.430387826906273308e+00
3.666254421117622453e+00
1.628625222377575454e+00
7.168721589656293247e+00
2.774841247655122523e+00
7.248307725978876404e-01
5.368022642724341154e+00
1.730965807197345496e+00
6.583105992068678525e+00
4.656259397907412279e+00
9.184474598986791527e-01
1.738770583991943397e+00
2.322347987958608861e+00
4.848582800614740229e+00
2.295900122859759307e+00
3.443431072576186303e+00
6.300830270608507533e+00
2.332167260574581569e+00
9.464906813222634385e-01
5.238086974920213024e+00
1.612371336018731949e+00
3.486912657133552695e+00
6.616844263909603896e+00
6.842747663092554333e+00
1.669636859709224153e+00
1.540060230706451205e-01
2.134633629024624835e+00
9.437953857044838468e-01
1.137472207086875464e+00
4.434399117346380592e+00
2.746784162660560913e+00
1.486095695843497655e+00
9.860517945708492604e+00
4.685190312995364259e+00
1.566393796310465936e+00
1.632916891557096628e+00
2.816338242699738093e+00
6.181235604959690377e+00
1.501957304235523594e-01
1.804000903932236888e+00
4.713786959863338843e+00
9.191164365956775439e-01
3.386946445412765794e+00
1.396557724368623576e+00
1.228300195086626800e+00
1.159577608924179604e+00
3.084665699096976521e+00
1.878260897779270966e+00
6.923155114665100029e+00
4.745004572055112613e-01
1.478570097421720630e+00
1.035760608212560774e+00
2.528201123552185070e+00
2.633673999446879854e+00
8.695413194968878434e-01
2.553657540512502155e+00
1.057144464071111400e+00
3.317696728337667711e+00
2.558862375707519732e+00
4.977723267919643035e+00
3.246257700140966485e+00
7.979607345302144772e+00
3.026391668652186340e+00
3.267016290660032851e+00
3.616737472775618745e+00
3.103084499241588023e+00
2.183380122668549639e+00
5.062907055354803898e-01
1.483509238612885417e+00
1.336312559284339452e+00
1.990270257327248160e+00
3.420310831341438984e+00
2.245386136270687505e+00
1.570049959637455750e+00
3.523113298558918860e+00
4.441054799762753191e+00
5.285595052659228799e+00
3.747768584964504157e+00
2.606530739636645944e+00
3.163433430416532577e+00
1.220615863097312070e+00
2.986161484849231940e+00
9.157096082985528573e-01
2.744257144895542844e+00
1.843017563879305598e+00
2.033767227126471511e+00
3.537603647922845873e+00
2.025292106531713543e+00
3.235393310800898981e+00
5.533419381833107664e+00
1.131339457896438638e+00
2.162302231525059959e+00
1.801153016502253790e+00
1.860988749072039594e+00
1.296151759566177564e+00
4.697830319375086994e+00
2.295720472201182805e+00
3.416411017556184149e+00
4.335560608447774023e+00
1.948636403570329190e+00
4.966102013998756171e+00
2.920306787294667306e+00
3.216743089290746038e+00
1.024305398531551115e+00
2.754662881027117649e+00
5.010276931432553482e+00
2.638251349026533354e+00
4.543630169421789766e+00
1.507786270994237787e+00
3.369473066681756279e+00
4.556731929744354481e+00
2.222850186040757681e+00
1.975256196198717173e+00
7.185003974213012512e+00
1.945884971113826523e-01
6.035447402180609267e+00
3.396697208766342513e+00
3.783195624501204612e+00
2.209822898012739678e+00
3.308066420289184961e+00
6.078427404037884507e+00
9.921078632538383735e-01
7.304294964618707198e+00
5.447030285871026223e-01
2.437139377681805552e+00
1.027210917341487617e+00
1.293432975566890075e+00
6.610124893551912351e+00
2.565468034579809764e+00
5.791187636681356388e+00
7.925462952501367120e+00
3.257302515683808686e+00
5.214281057301769495e-01
7.510993380389207275e+00
3.362595468462790560e+00
1.634844654521031337e+00
6.554383526128318982e-01
3.949879775660390280e+00
7.494932743735821523e-01
2.902561116404505093e+00
4.495627184991441427e-01
6.897606712965655085e+00
6.618156432907318809e+00
6.685904983785886380e+00
7.393767737649015181e-01
6.916955916511335900e-01
2.063709547906368069e+00
3.463387952953229210e+00
1.379076501622847450e+00
9.894730357370940865e+00
4.417515559453442542e+00
5.464439023184537447e+00
9.207813816638930060e-01
2.092128751600835113e+00
3.086781923871181110e+00
1.744838010208783263e+00
2.431784641935969216e+00
1.539832384340841465e+00
3.005841089433133995e+00
4.263382942100093054e+00
5.927298673643077720e+00
1.347958070619357684e+00
2.463878271203314707e+00
3.277788218724051461e+00
2.788108341547447466e+00
3.486884833971342523e+00
2.699204528868958342e+00
3.961382187753728079e+00
2.335210784059380540e+00
6.568448667645928829e+00
1.108204753955284261e+01
2.305719358457994694e+00
1.020781132622317511e+00
2.617261488063053143e+00
4.929797413929374983e+00
2.558087322707367495e+00
3.493632958055293281e-01
7.350183040826481218e+00
3.664366784695632262e+00
3.462627086684248123e+00
2.394047771786752765e+00
7.629541778342960434e+00
5.429557525528614370e+00
1.934263335441967824e+00
1.000971730920032332e+00
4.486653071886760991e+00
4.951935143211390056e+00
9.301760983910989378e-01
1.511688178932458326e+00
2.041638073116112118e+00
1.926967572221299774e+00
8.188527866039176928e+00
2.677428049657855968e+00
1.585843954149535717e+00
1.034142761841310154e+00
2.881414374164749326e+00
2.477993563095838070e+00
6.209102719509893564e-01
3.092923060862090345e+00
1.206319801120252944e+00
1.026639169126329687e+00
6.193311208748681906e+00
2.195741158961018957e+00
2.412297509657497674e+00
6.785183900432742554e+00
6.070992161071615101e+00
8.457687301676507508e-01
2.609330910641058487e+00
3.209784614996810337e+00
1.552004359983976123e+00
7.573448740098451815e-01
3.275913979025561140e+00
2.012304536789361276e+00
6.700889257867431503e+00
4.910489902682057206e+00
2.325033838751257687e+00
4.393489113658134215e+00
2.631365077025675792e+00
2.933546381227370770e+00
3.346034423679359993e+00
4.580600131289558341e+00
4.186976250204632599e+00
1.426612202185360445e+00
2.295248258145643039e+00
4.513645639420695410e+00
7.268102916208912134e+00
1.681146000445060240e+00
1.952548972531298332e+00
5.181399036979540185e+00
5.517213689250670683e+00
4.125644718576782388e+00
5.410040825468343861e+00
3.722483339337626429e+00
1.017193607408927170e+00
1.710367952261346192e+00
5.890965687485691937e+00
1.049486081337474452e+00
2.750754845925400982e+00
2.760847551091385910e+00
1.196142928631001245e+00
3.725406648557387790e+00
1.333175352918031908e+00
1.727607612370215762e+00
2.607295548430165422e+00
5.694134530036508712e-01
1.387524925068527981e+00
4.453787124394483321e+00
2.236846827200359655e+00
1.116204394237592767e+00
3.260032051212673920e+00
5.123826036443682952e+00
3.251354319209324384e+00
2.267040903573545929e+00
1.307017293632932109e+01
6.773770492690720957e+00
6.874955087211874094e+00
1.597642732484246375e+00
1.315494356113368957e+00
3.217523989640927340e+00
1.776344669888079819e+00
4.553285039121593769e+00
4.585204164110839642e+00
2.511903806208785728e+00
1.335490302322579703e+00
4.077138802008288820e+00
7.223206545119494892e-01
2.423565127447871781e+00
7.080860293628536972e+00
1.688382258785487311e+00
1.784999695044356738e+00
4.585944560269828330e+00
3.699127148112479890e+00
1.145993478143360722e+00
2.383046980570289186e+00
3.840623011629560324e+00
3.762428246342396143e+00
4.265745750295920402e+00
5.193216053228876028e+00
1.667558193343092521e+00
4.314217241922139401e+00
2.744298657098992233e+00
3.054017204038664612e+00
4.426862258349082424e+00
5.047540525309631709e-01
1.027967246659263534e+00
4.051699803558931556e+00
4.729024590187217214e+00
4.293559922493257019e+00
3.714330080585429794e+00
9.955660508404559073e-01
4.191692707635429116e+00
2.482026678424114507e+00
2.347996198392035883e+00
2.182142809726120181e+00
2.871090975635765652e+00
1.154291900063644682e+00
8.737924936096426620e+00
1.363948456275452248e+00
2.888755862381664041e+00
2.562784591358242547e+00
5.258787871859317065e+00
3.888994478846318881e+00
9.810103811747247216e-01
3.499497748834149213e+00
4.291683903637638409e+00
6.451849361224569757e-01
1.998883691448364308e+00
6.284069796802301155e+00
6.622583254246245055e+00
3.894941085609209264e+00
1.733888014065979144e+00
5.650007401245329852e+00
3.878489461145794071e+00
3.685845592725886632e+00
5.737850559457917221e+00
5.027115898572951380e+00
1.775855953140598409e+00
1.343657800918602208e+00
2.357373576231980739e+00
2.546843703014495031e+00
1.469229549423461956e+00
4.062154751409758902e+00
1.579340463823659890e+00
1.495611773996834426e+00
6.052731950617434187e+00
4.398424542410455551e+00
1.995960030753039849e+00
2.524899736788015492e+00
2.650912998335551496e+00
2.854174261768898102e+00
6.248480948990921213e+00
4.283703906655254912e+00
8.483610445963291058e-01
5.959365849278929872e+00
7.764014093984316744e+00
3.365102067304613254e+00
3.731610905097239250e+00
1.760186513175455270e+00
2.175511617035948753e+00
3.442402014136984878e+00
4.926999068505730328e+00
3.274158495381017886e+00
2.366294729895487503e+00
4.489887783443469615e+00
7.383002807497358599e-01
5.544601772915439541e-01
1.885976708341198016e+00
3.568598256673556346e-01
3.337340061313485151e+00
4.358211951373921700e+00
4.851168753351715601e+00
1.688441584096132431e+00
1.129179543618233250e+00
6.822310944653771969e+00
4.070878625080975866e+00
6.510887254556427806e+00
3.231771005117565210e+00
1.700306335315591166e+00
9.874321913538982587e-01
2.394760173965623462e+00
3.978003265834886726e+00
3.545333000934572709e+00
3.191476228940389070e+00
2.089189540988499960e+00
8.613738075055442645e-01
6.798688360517198603e+00
2.929688671030401981e+00
8.148085591153567009e+00
2.099205977134334322e+00
7.910141058893568333e-01
1.050951758230239230e+00
5.462169747489880933e+00
3.127219180848312075e+00
5.832054693704062487e+00
3.308154990962500541e+00
3.872660654382757417e-01
2.617754773137380031e+00
3.653668177913557358e+00
2.692281103103945750e+00
2.867336327007957930e+00
7.100493618324423828e+00
1.128745050479654566e+00
1.081484332375000301e+00
1.024608340023163677e+01
1.522487333694619194e+00
1.686660489785089423e+00
5.142720365146018047e+00
4.344892115379246356e+00
4.805246543795687941e+00
8.245789415035077452e-01
3.481984460241190682e+00
2.495353455625165751e+00
4.931397652085537153e+00
2.413618656635724058e+00
2.662326790719365288e+00
2.174927489487407328e+00
3.679392325772629757e+00
3.585727769149540389e+00
3.964560419026215587e+00
5.068889298349622763e+00
1.336519680894522333e+00
5.178033773481982571e+00
1.750954085870429111e+00
1.411619562454475174e+00
4.295011265903225350e+00
1.828799006025869645e+00
2.100866451174649097e+00
4.167613139091728591e+00
2.191293136992982671e+00
6.982942721888716342e-01
3.132861536150868709e+00
4.254369575529902470e+00
2.174699159106225022e+00
5.260389534366491482e+00
2.671208072475721007e+00
2.374652432333156593e+00
2.778819007176122291e+00
2.982958479857571010e+00
3.568151486308257070e+00
9.673492076643178672e-01
3.096631566162638460e+00
5.687550432421387470e+00
2.525155654698749697e+00
3.530634727507226511e+00
2.165134461502577157e+00
4.413202516492957805e+00
4.510237701307795000e+00
8.706365840747324336e-01
7.127410765695650241e+00
7.640933105589656549e+00
4.331237213757050064e+00
1.742080101382425195e+00
4.692231449932003251e+00
4.111817789484084606e+00
4.611042309671695705e+00
2.463407145429009848e+00
2.309352227017227310e+00
3.539592535474271440e+00
5.504436981062342804e-01
3.009460861873289428e+00
4.981604627246788652e+00
2.349446379927345951e+00
1.373185717290452246e+00
2.506918782044210037e+00
2.933012987980160080e+00
8.193808186690743511e+00
1.214258772968804134e+00
3.593905814181508340e+00
2.188060339717843750e+00
1.111925574185492316e+00
1.779501793777458207e+00
8.552274609860710086e+00
4.929513341215681521e+00
1.636179231616517349e+00
4.186823754808079556e+00
1.919098429463066191e+00
8.537073064304813386e+00
1.744910179858201182e+00
8.236668712155302829e-01
4.891980780859765510e+00
6.397245117434051664e+00
7.443243116924812552e-01
9.111451496532947392e-01
3.792163918026876246e-01
3.504688156565815671e+00
1.553068364548188418e+00
9.624057763526110421e-01
3.026967396734760563e+00
2.878390788007009871e+00
1.869295403519666721e+00
3.256229461426590976e+00
2.967795076605647342e+00
4.433801372469950430e-01
4.433944456375507492e+00
1.023512622025686625e+01
6.596330219621648894e+00
6.066360119760041414e+00
1.486778956180167421e+00
1.540349375139155708e+00
3.055688517984750607e+00
4.070207853166183831e+00
1.803374190615150807e+00
3.693141815473800271e+00
4.503680030292570358e+00
7.910752635131581556e+00
6.809664751946657546e+00
1.946141754585578587e+00
2.610857912090688959e+00
2.042645186566234283e+00
1.152645326433875850e+00
6.688108084842633971e+00
4.332457632578292639e+00
1.573409958641174722e+00
2.681633504154065317e+00
8.192787724836899654e-01
1.514174751112537631e+00
2.578940213365749301e+00
1.576234783305202836e+00
3.066036682228504340e+00
8.476805440637887878e-01
3.821807361921659041e+00
6.040415758637654342e+00
3.623082041910226536e+00
1.276108822755806615e+00
5.231471704331341677e+00
1.546089337952460951e+00
1.744932192582650643e+00
1.497820777695932470e+00
8.158934706355138289e+00
1.119432103356510666e+00
1.524124680696268719e+00
7.600242687742700731e+00
4.113461788792770690e+00
3.882491551768354920e+00
2.892696619263076308e+00
7.157802271664118976e+00
8.602171569229544179e-01
1.536132468575023502e+00
4.419187957898104813e+00
4.690011376208248484e-01
1.292534700969071526e+00
2.367186885999625456e+00
7.009352649185009554e+00
1.141395948626691137e+00
4.157499024770526574e+00
2.640312318640174460e+00
2.135117485503918555e+00
4.065976180376599025e+00
2.323424970843484427e+00
5.125855111944721543e+00
4.374457568048056189e+00
3.421247600112063303e+00
1.055741915968088307e+00
1.213349411472915085e+00
2.088599217965177779e+00
7.484014294608338780e-01
2.446812498229420374e+00
2.988700826594203441e+00
1.455432404348658615e+00
1.108095907984414152e+00
7.363769574012365204e+00
7.733106954037144432e-01
1.442203280043513391e+00
6.643602838144571088e+00
4.752461933302432939e+00
1.552956057462043127e+00
1.427917085188766588e+00
2.748197983849193893e+00
3.642076260191774661e+00
8.176759052957057960e+00
7.841880868185948650e-01
1.854642724933367903e+00
5.679851903476735409e+00
3.519086286763422056e+00
3.157698413758179168e+00
1.634923570407835092e+00
5.817066862982591680e+00
3.334617380307421719e+00
4.524508413618111291e+00
2.181895937394859875e+00
3.668265819164273189e+00
4.505112035572951257e+00
8.073791214257685311e+00
2.669632924171455812e+00
5.822212735209149947e+00
4.697863461519411032e+00
1.115383811730939811e+00
2.447994305308724972e+00
3.297940167219741703e+00
5.932448761066567045e+00
2.198741569004011076e+00
4.496422445778324395e+00
7.791734983450125718e+00
1.928377969819250248e+00
4.471365831711811900e+00
2.527712155847751774e+00
5.254921854831957617e+00
4.172919993879741440e+00
3.238736902469191214e+00
1.908695088407781126e+00
5.193831602897203581e+00
1.602455970359592863e+00
1.097753288858529297e+00
3.757379489600052747e+00
6.401834821267896380e+00
2.540971292050828723e+00
3.194433726916712235e+00
4.681476509563666788e+00
4.702512334574866060e+00
1.106846746324333441e+00
4.016453419668846614e+00
2.618092233923731804e+00
6.642191283588350537e+00
5.553141930220645506e+00
1.288901837679261364e+00
3.339924775140247881e+00
7.920434195194815175e+00
3.023693843429049455e+00
5.925904295877302275e+00
2.274710699656138146e+00
1.008214118592316799e+00
4.334666875972899014e+00
2.868294432900543534e+00
2.089904161550609984e+00
9.781819861464718935e-01
2.776979667295073284e+00
5.629277634224703952e+00
4.494580417702223052e-01
2.657844109831219992e+00
1.948002081411134734e+00
5.957561626114384445e+00
2.335369442925429251e+00
1.511507920016423201e+00
2.002000966714570396e+00
5.450674410766561451e+00
1.022337972977275911e+00
4.121826832998659818e+00
2.435936926804314950e+00
2.302351621486627753e+00
3.722431037282057709e+00
1.698792184654072779e+00
5.627430595080257447e+00
1.891309352105021713e+00
4.678762447891500642e+00
4.910543845402583485e-01
8.232115999137713303e+00
1.540973787459898992e+00
1.298727934810688156e+00
2.520979119685893721e+00
7.387934145755952198e-01
2.557844968337709357e+00
3.954096587506363836e+00
1.446123907449363255e+00
8.963006482086051108e-01
3.089974624613055276e+00
3.882257336182176832e+00
4.571082855936762002e+00
1.555911825486003819e+00
5.203698264861745137e+00
3.345454729963128759e+00
3.928798208243955870e+00
2.396851343173482807e+00
7.338327568062356754e+00
7.748529418633821608e-01
5.670043320102272411e+00
4.743765584994099171e+00
1.216302239139934738e+00
4.328507076496602934e+00
1.000995430314906187e+01
3.526947262404826589e+00
2.433436290785150558e+00
4.772932899249298089e+00
2.110977569698634149e+00
2.473504375080940676e+00
3.121118655312463908e+00
2.793672571617574207e-01
5.798047017316728002e+00
3.240734110975801663e+00
3.304980811848514222e+00
1.264882195837294665e+00
1.761739053654495235e+00
1.859905964592634131e+00
1.337192405786779448e+00
2.594943114174518506e+00
1.334922348031073458e+00
5.660294839248537491e-01
3.846393036255241427e+00
1.050140970555576647e+00
2.778605355436580826e-01
3.135360945848381320e+00
3.950717079452792824e+00
2.716762078114588252e+00
1.930607398052612389e+00
2.939595584834793662e+00
8.958349055476886313e-01
2.802033274750604708e+00
5.830762759940470552e+00
2.256144316757116908e+00
2.774674360474377988e+00
2.221510704246049794e+00
2.701632288894197043e+00
4.874636676381915557e+00
6.771764601713017306e+00
5.594617774211242400e-01
6.671850797020769663e-01
2.336922864431874025e+00
2.025339676637881947e+00
1.858253556211350910e+00
1.936133048640851451e+00
8.063766069089506772e+00
2.998721332883757640e+00
3.693427515992342425e+00
2.870991073304499874e+00
4.906205578971105652e+00
1.581027588443801202e+00
6.923033152593735196e+00
1.254464061500659700e+00
6.226861852145760601e+00
1.540328180243012213e+00
6.540652564330365237e+00
2.211292991821904863e+00
2.048676288739930573e+00
9.019302095214494219e-01
6.420563880093699272e-01
5.617110366390540399e+00
2.410934822054299431e+00
6.261376524572954239e+00
2.931702631047735874e+00
8.759767628734621780e+00
2.937095193136193494e+00
1.009626054651524774e+00
3.113879324652991887e+00
4.921514821927855721e+00
2.526033122310222812e+00
3.645832073100812920e+00
2.243600492659869605e+00
2.565059033840575875e+00
6.197886962961407953e+00
1.966610400682654802e+00
5.201890009061060915e+00
3.478253698686048612e+00
2.384559653086790743e+00
1.302209814069813731e+00
1.797192845767380032e+00
2.799675478779653393e+00
2.333949024362740321e+00
2.100630680938232242e+00
2.002840197218167528e+00
9.983857900094662563e-01
4.923991169397549328e+00
3.745878649845850727e+00
2.036243964612947099e+00
2.180550762997167880e+00
3.356904095973752611e+00
2.140462631892141143e+00
6.499070810399092402e-01
3.283549017155984906e+00
3.341332448540108579e+00
1.268345280708513823e+00
2.954466015738423934e+00
2.975908546193182680e+00
2.061180507427565978e+00
1.928102542252758012e+00
3.337515687532714548e+00
1.589385464281353411e+00
1.135059332339104277e+00
6.501803052586223153e+00
2.534595363574646765e+00
2.136891671589460362e+00
2.208265437135747966e+00
2.097135412705727120e+00
8.115032488061857396e-01
1.914830636639678785e+00
4.371861292839098745e+00
2.791400981346978227e+00
2.017943512853847654e+00
5.873483496909913448e+00
3.967461729046632524e+00
1.410317867490907817e+00
1.122933105724892133e+00
2.118061743929140928e+00
9.449859743436292980e-01
2.714344419758162097e+00
1.485465486040936200e+00
1.044880393160022569e+00
2.780671407306801957e+00
1.273957129598861204e+00
3.547262460072822865e+00
3.844124956070936072e+00
3.162959957273977718e+00
2.064954473848247929e+00
3.001003889733120933e-01
3.051365996878347975e+00
6.854189538229232603e+00
3.022337143551876881e+00
2.189412895774349721e+00
9.198336804529324340e+00
1.511360499584972983e+00
3.347239175003121403e+00
1.427597472953419988e+00
5.301957489823372782e+00
4.435607103939402052e+00
8.677583353451174819e-01
4.475653228260770833e-01
8.004686363937396631e-01
4.012562216207085974e+00
2.169450773990886372e+00
4.793081747077317267e+00
5.756658746089376777e+00
2.289759313155732112e+00
2.756815417589710382e+00
3.889972494168932204e+00
3.607717375795926884e+00
5.905975512394598503e+00
9.088245914356304356e-01
4.392371230138973459e+00
2.345656411661318774e+00
6.650464266453655071e-01
1.302177987514397506e+00
7.037870884624797263e+00
6.570797496676404892e-01
1.882864004237331246e+00
2.268482471818377810e+00
3.394124631663893776e+00
3.087686179207295822e+00
1.114733230110626527e+00
5.874255384463996421e+00
1.435200955673731960e+00
2.036900289723309498e+00
4.422037929147100144e+00
2.386136523830924450e+00
2.774236992852266770e+00
2.853003781389789495e+00
1.154840278765538031e+01
6.907802913901975650e+00
2.609981077739235822e+00
7.359663927584173315e+00
4.327405070796194408e+00
3.327232477740240113e-01
2.095097958814569505e+00
6.034238373958120683e+00
5.290480165200757590e+00
1.874351583584098480e+00
5.161922451118270416e+00
9.205039278915962964e-01
5.775322985164032197e+00
1.346762356701349361e+00
2.074882265525853420e+00
1.510540504242033899e+00
4.494726407678752977e+00
4.466735165211765946e+00
3.689634599008767335e+00
7.532073336545129782e-01
2.330254272700905460e+00
2.434443910683368628e+00
1.251174959651460306e+00
4.784473059071265855e-01
1.281163551423893265e+00
2.668091355184489366e+00
1.837741531238188175e+00
2.400858804159267113e+00
3.938388821204549917e+00
4.400355880492267779e+00
2.267475460896505535e+00
3.434512915499723373e+00
1.020107351997749934e+00
2.359441595259791580e+00
4.918779217421069383e+00
2.783837609506897515e+00
1.091879548039871528e+00
1.281222179006559214e+00
3.118379994634482344e+00
3.436288280400608741e+00
1.867569936670111952e+00
6.804665261921129193e+00
3.905899779434766739e+00
3.420669940323072922e+00
2.865476843018879283e+00
1.513429248273207017e-01
2.479307722205361664e+00
7.084070786672171494e+00
1.986223599624778124e+00
2.752108393418712939e+00
2.184273003187070294e+00
3.718865022510151608e+00
6.338797378368631108e+00
1.387714604882311020e+00
2.143361879220265553e+00
8.924787696476816024e+00
3.242776780636029255e+00
3.170234141919061166e+00
3.773364771028471232e+00
1.042560029902385832e+00
3.793827894817485280e+00
4.344751088024226604e+00
2.658666802993207678e+00
6.753499876895728171e+00
4.569008714569401164e+00
1.767731656559808462e+00
1.779292059806105497e+00
1.520114370939429804e+00
2.704944230805977234e+00
6.766626004599743283e+00
6.477237269774737349e+00
2.882854456892363970e+00
5.367630513559936922e+00
2.448745797655310863e+00
1.613058420195447651e+00
3.702853775686852256e+00
9.873711333150082536e-01
2.028482858206823725e+00
3.868663588125138997e+00
1.349718232394722772e+00
3.363098232614540439e+00
8.367881040702930262e-01
7.160559209643846401e+00
1.374821922520454542e+00
2.046570288502172374e+00
4.561386594630654656e+00
6.791064840569934979e+00
1.481505620669028911e+00
1.234034375020264251e+00
3.110742425072290818e+00
9.059915369500567417e-01
2.597390304672252626e+00
6.725417368652382599e+00
1.767363154541640613e+00
2.345743852597148127e+00
3.201026917943932570e+00
3.094933937834375204e+00
3.500937612812025534e+00
3.162628839453009100e+00
1.290319708612265970e+00
6.099055841609165363e+00
2.351558090390915456e+00
4.350291614447160171e+00
8.316456766960077518e-01
2.594821498400544435e+00
4.958925947282438074e+00
2.390699413459507205e+00
3.868083888336613096e+00
3.168460552259592333e+00
4.376706780234235761e-01
1.033808974277927284e+00
2.937811146233942239e+00
1.293885032500228016e+00
4.184075525470803747e+00
3.253353845451141257e+00
8.032162743845657760e-01
1.072453264208285795e+00
2.676769553468098639e+00
2.610812608903865684e+00
4.806362940246641458e+00
2.954915574681357793e+00
3.686566709738155811e+00
2.427349395273029842e+00
4.959267570892971655e+00
2.154090112217617925e+00
4.761059367622099692e-01
3.446057719995420321e+00
1.956832166691343078e+00
1.827573645942965008e+00
1.860313020275899953e+00
3.697709045351429968e-01
1.942702751110780390e+00
2.600649491869349905e+00
2.372013782268846960e+00
2.220673235346783958e+00
2.154608735391641883e+00
1.929424776414720544e+00
2.810403911247957076e+00
2.312521939484399436e+00
1.591458430110036293e+00
3.043762186830309968e+00
1.759914945093487670e+00
3.130407685538041829e+00
3.231800738620923763e+00
3.183237837364495615e+00
1.546147974139087555e+00
6.896247967214717001e-01
6.812169926665700537e+00
9.726551405613766965e-01
3.543817492991087281e+00
1.075135783551076862e+00
7.669011373058141956e+00
1.497824296935606592e+00
1.782847664397874121e+00
4.372138334751276112e+00
1.778774399505008486e+00
3.096876242791320344e+00
4.351000920302696251e+00
4.103843792047006112e+00
3.579775874948897485e+00
4.553292393577925701e+00
3.365821593196641093e+00
1.050257228965109846e+01
5.669946220076234944e+00
3.744729662633098588e+00
5.350506093752466441e+00
3.420021684480364144e+00
2.397018162693849153e+00
5.158423101790433618e-01
4.002515117255796895e+00
8.052243222279400925e+00
1.618384383205851984e+00
1.615094381882444585e+00
2.193003358400150926e+00
2.710358578457226386e+00
4.572254248748674144e+00
5.497038940253364814e+00
5.740096938883703093e-01
6.601003103312439002e+00
2.336471308979537032e+00
2.716064356280981418e+00
1.052447566428556858e+00
7.420537498480949345e+00
3.827562309358466308e+00
2.948903235844120729e+00
1.685539351740955150e+00
4.321208203996921959e+00
1.024397871207692434e+00
5.648031070862070457e+00
5.502956080094009828e+00
2.746438515732943841e+00
5.201146582001604735e+00
6.620673324557848183e+00
7.514579524117386278e-01
7.121451322615513391e+00
1.409396832877462424e+00
1.263776682643658500e+00
1.045598247000631087e+00
1.878089120619005792e+00
2.266874528289239965e+00
5.358976753248415825e+00
2.635258463918542571e+00
6.984516841220703931e+00
5.250604808150436398e+00
8.378494768376746338e-01
1.949762037650377144e-01
1.282075393538445907e+00
1.711386993571382575e+00
4.154403509485627310e+00
2.255556802121390092e+00
4.524554216787755934e+00
2.329725389383950684e+00
3.407658616782378136e+00
3.577684912786276872e+00
6.651458746676296441e-01
1.752797961892892831e+00
5.945271213213115580e+00
1.484824811654887888e+00
3.009959329762661007e+00
1.715122433159508297e+00
2.029604243377643780e+00
2.179732032928096253e+00
6.153212437925119183e+00
3.981215945485054419e+00
4.951439262193254365e+00
2.570956399022751526e+00
1.303848530857838028e+00
3.005910144618626045e+00
6.224343901364298937e+00
6.217783418965692199e+00
6.486311578023476798e+00
6.622126257297400009e+00
1.176175116926441166e+00
3.233878398644310259e+00
5.248561448049541056e+00
3.801820794290252881e+00
3.653883558257659203e+00
5.226318423669657598e+00
2.901762721437260328e+00
2.472738529122312290e+00
1.395035782983616635e+00
3.036685825751141099e+00
6.137208331695736874e+00
2.437465310533271090e+00
6.956562772846432985e+00
3.338480061883573491e+00
2.630699256812670583e+00
2.406305832342748197e+00
3.602663307610209920e-01
3.324927692515025068e+00
7.294996213185281908e-01
2.982263799020494766e+00
5.568664616044161519e+00
2.629417652783321735e+00
3.185475707424147096e+00
2.920960669548399835e+00
4.397039104480746197e+00
2.197906269459958928e+00
5.265270318909697878e+00
2.476995158042580858e+00
3.959775441853271349e+00
1.180196401378122983e+00
3.385729346753606261e+00
1.743107245709953235e+00
4.879497188641695793e+00
1.479118525282822727e+00
5.683135232108534218e+00
2.113942364538752727e+00
1.446997177445202620e+00
4.034655139410044278e+00
7.461511935249015792e+00
3.996997368676780127e+00
1.976484116294258131e+00
6.339311461776153678e+00
2.489439116061292090e+00
4.786757170016961993e+00
2.054169936164173649e+00
2.359990001427787920e+00
2.283688607636117585e+00
6.381180712963562485e+00
2.870640335854433456e+00
1.183918671577588455e+00
2.341252491101459832e+00
1.662443613682444976e+00
5.981455686990597709e-01
5.768567431736899564e+00
3.470162944518205617e+00
1.554951439027822735e+00
7.665545772003724778e+00
9.467960960449351981e-01
3.007668052683315718e+00
1.494499045471230803e+00
1.749385126180551975e+00
1.840434701291980168e+00
8.742016122534511879e+00
3.337572087263346532e+00
2.070993449597206659e+00
4.699466354331421236e+00
1.682028644754456570e+00
1.243424153704775215e+00
6.003495149847715595e+00
1.233860232813669855e+00
3.906427383800078257e+00
3.557851498810169932e+00
1.581975134117773907e+00
2.128829178890625506e+00
5.848296281671185426e+00
4.410332716749163495e+00
1.876015212173957503e+00
9.785042107799654110e-01
1.678523639986700067e+00
8.931314459236858738e-01
1.982747065230892725e+00
4.218041399899982835e+00
3.931581514587291881e+00
3.157972102228972844e+00
5.951811681160776857e+00
5.585825578014676829e+00
2.879168075111196767e+00
2.742936444316787181e+00
4.286958762298881176e+00
1.955485633355022790e+00
6.344592030707298491e+00
2.363161693388409645e+00
5.035090611470921296e+00
1.763171951390018588e+00
3.475365714178888954e+00
4.230311702100324034e+00
1.767862210396220934e+00
2.596186009915887993e+00
7.450499245194572850e+00
2.115192966429776611e+00
1.128676774619394862e+00
1.479363187164885574e+00
3.217425138718554400e+00
1.667529325672402418e+00
6.984308189104436515e+00
2.213342235060342222e+00
2.354947244581037769e+00
6.451512524762208933e+00
1.613969918282109894e+00
1.326785186125075011e+00
2.175649458154810478e+00
3.725688856504243418e+00
1.334947176851049910e+00
3.066008924871538310e-01
7.148788303391127030e+00
2.862607240954165189e+00
2.092114610613113879e+00
1.082388108724618769e+00
2.631820652819912620e+00
2.192254679523891969e+00
6.065489689404643059e+00
2.117534642628289721e+00
2.000795966810617443e+00
1.360497945126315944e+00
2.039934031596093877e+00
1.502184833378755524e+00
1.865916350057119200e+00
4.670977098686265094e+00
4.196109965498616035e+00
9.295840768093349693e-01
1.677050102642280605e+00
2.550998704828065122e+00
2.316486723181246710e+00
1.773766830372820236e+00
5.891946492390655266e+00
7.441763090258109337e+00
1.180820440326072474e+00
2.300891599139793797e+00
7.437724154830622769e-01
1.527005639819550620e+00
2.374983444760027318e+00
3.460425689955110684e+00
1.622881584874712457e+00
2.501091478078316221e+00
6.644512325030643929e+00
1.974177377613496098e+00
4.079388941185017714e+00
1.812266927405777217e+00
4.180560327815031840e+00
2.087044069328641616e+00
6.938396832089452460e+00
7.846121263686561598e+00
6.482855445616809043e+00
3.756366507192763216e+00
1.264640835295943511e+00
9.287895666425972641e-01
2.199795031397996592e+00
3.251636392406210607e+00
1.242350323620482255e+00
6.301701620003412607e+00
8.581117266999410020e+00
7.368832478019216481e+00
1.202139187701578793e+00
2.455215160022838461e+00
1.429251402962774975e+00
3.461859778442982538e+00
1.041212064283907113e+00
5.704366951508740513e+00
1.991298756161289152e+00
5.223811621008338513e+00
1.013965978220650488e+00
2.330018139843221814e+00
8.690791717544132933e-01
5.850309532474200491e-01
2.176201628972650681e+00
2.047053785275643190e+00
1.384662026827382819e+00
2.582932159074171619e+00
6.631524353096476254e+00
7.147561044446652190e+00
5.603992189398802060e-01
3.295579432141525267e+00
2.379330330000748894e+00
3.881220628499190362e+00
6.820679706149632260e+00
6.192432247626481256e+00
8.978908327908146081e-01
1.435625415715563680e+00
4.235743284756130045e+00
3.881054290767318005e+00
1.390595090655777577e+00
2.345411242606549429e+00
1.362405811469197259e+00
4.696070286269775074e-01
1.087486860240812092e+00
4.203020577456283213e+00
6.215603959820710678e+00
1.201448339644301422e+00
3.057553061533751837e+00
3.306812786158201956e+00
7.071578113809503519e-01
6.945409014122083668e+00
3.231637918745520643e+00
5.556511624107732805e-01
3.706023824240724185e+00
4.064940579372953167e+00
4.905268747092890180e+00
2.243853505804006776e+00
4.915844639034238739e+00
1.251457525131256521e+00
6.629217136924052234e+00
1.939993592223869356e+00
2.758306446017490643e+00
2.244903183655690082e+00
6.525430993234069277e+00
3.684801251886608231e+00
4.324246999743674102e+00
2.965771576331296622e+00
3.026813216641817128e+00
6.725414119779734357e+00
5.428470472261373914e+00
8.156016272539040601e-01
2.346877201412270075e+00
1.338908261126374954e+00
2.487055247699458516e+00
3.058355685045199834e+00
4.354837464755154208e+00
3.401706432467356933e+00
3.339477098276821820e+00
7.281700830627038101e+00
7.353961664991771841e+00
3.217436903973633910e+00
1.342259946460810482e+00
2.600701003641848530e+00
2.346246829589450744e+00
1.039780883710785808e+00
4.682310166819115160e+00
1.986055292977107367e+00
4.688164438252509392e+00
2.084304960042417498e+00
3.369461518443497727e+00
4.210236562948109551e+00
2.045045103226708072e+00
2.391742998229703598e+00
2.131205412186902848e+00
3.752799206812081345e-01
4.412067915326651324e+00
4.233822464413925069e+00
8.963944060053902207e-01
1.406760909611063814e+00
2.675109755038387771e+00
4.699564164567232361e+00
3.476766102418009208e+00
4.172491363484692073e+00
6.834322045163706782e+00
2.813526321608076142e+00
2.900971778744139140e+00
6.321484456022935516e-01
2.668421968991973259e+00
2.616458091654685347e+00
4.244019007687548140e+00
2.140093760401312384e+00
6.305588908027046635e+00
3.046781379151678681e+00
2.327087646734295134e+00
1.644866918243626408e+00
1.690853611662286093e+00
6.688618011361842086e-01
1.383763052825327966e+00
5.967056597551667174e+00
2.125026024712740824e+00
1.071734449249625021e+00
7.455372234732509540e+00
3.255295999437175070e+00
6.084371539226253844e+00
1.811114960368332305e+00
2.397660845652435313e+00
3.191385393323963537e+00
7.483601439768897912e+00
5.904013603889445072e+00
1.162957703904398565e+00
2.352161610264849489e+00
9.798616955205420309e-01
3.062814837376784283e+00
1.412647878983282812e+00
3.704027949404586462e+00
7.367522267505021150e-01
1.201864507321935172e+00
8.931298249678364387e-01
6.495598943460124453e+00
6.599615706725171727e+00
4.664438429081488202e+00
1.211307887461193333e+00
2.567891577381543833e+00
3.495512099057620059e+00
1.594725478715706579e+00
1.440541162149065579e+00
3.466275389833927356e+00
5.599768643393875145e+00
8.284395114216854594e+00
8.496428805535402029e-01
2.941361597067510658e+00
2.048949198455210841e+00
1.412331628180375276e+00
1.984314780684352186e+00
4.291694570796373398e+00
1.857962442864423025e+00
1.233920037284112325e+01
4.336240628627151317e+00
3.438565534742879848e+00
2.101818275713965622e+00
2.204856409948226847e+00
3.546878034348587505e+00
3.152720402088759588e+00
2.040482992769939052e+00
8.694511698849183290e+00
4.067709211274688208e+00
3.546915560089268782e-01
1.643977483747531831e+00
4.409203542992897518e+00
1.297557099229949440e+00
2.273661923210866576e+00
2.323486595827183088e+00
1.777426655536956224e+00
1.374049222518314073e+00
1.097266269201572442e+00
2.171524222841122675e+00
1.208204857488554884e+00
3.438117631781056893e+00
1.961060652561901430e+00
7.725500740157530188e+00
1.762344858054572194e+00
9.846493303726077118e-01
3.638807814853638689e+00
7.853359687509044562e+00
2.493805609708791060e+00
2.169350852979483157e+00
1.804965151111899813e+00
1.031743844250241793e+00
3.261316819561371982e+00
1.630072501229899551e+00
7.988276077874805203e+00
2.732928335685004040e+00
1.421440007098885516e+00
4.629984908766024532e+00
2.955433862807474110e+00
2.917082994012493824e+00
1.956528052092332048e+00
3.064316725631540450e+00
1.450056680624393080e+00
3.200759409392982757e+00
1.862257140984314496e+00
6.138287948284191664e+00
3.820095433490802606e+00
4.901906202545616154e+00
4.374225405227535113e+00
1.726063738507155110e+00
3.995508092100515274e+00
2.668615029175802178e+00
2.517395203824441374e+00
1.550395269684885058e+00
8.078525384910946183e-01
3.711188312910366882e+00
2.426951989212954963e+00
3.373220214788149374e+00
1.195927134376518097e+00
7.120837817255782909e+00
1.840305159665051260e+00
2.314506771186588541e-01
1.897252723064179358e+00
2.612692194150973424e-01
4.173470597302516794e+00
2.326759754857580464e+00
1.502891982110004854e+00
6.858519866002744436e+00
3.974034452695298647e+00
4.936598194273346785e+00
4.744624592100948668e+00
6.058061204512863895e+00
1.635437551636254705e+00
2.276781702191409629e+00
2.581217505677599888e+00
7.039115519645299246e-01
1.538219700167485549e+00
2.394728286672728412e+00
1.353808886359181063e+00
2.741236192196153443e+00
2.745108208009634509e+00
8.629388095593018004e-01
8.005199770491530087e-01
5.414271617441790418e+00
2.164130091171847514e+00
3.519465530280295518e+00
1.737291358160501398e+00
3.916385748582436488e+00
4.559571075636210225e+00
1.350340454018292613e+00
1.356872006352749960e+00
1.724858713312837244e+00
2.185754546555118250e+00
3.763033423794526655e+00
1.666910927424889000e+00
1.522402030968359687e+00
4.856875855491695759e+00
1.257769058087497172e+00
1.613121287751373867e+00
1.776969056612015985e+00
4.007799781171847542e+00
2.018945077702736679e+00
2.805747040229154887e+00
3.078150720257189832e+00
6.467822211995703618e+00
2.824222513476537522e+00
8.185132350386629119e-01
3.289738912015226724e+00
1.858454817634135114e+00
1.221435744564487447e+00
4.924900216068758496e+00
3.560138446694021575e+00
3.623248848137715861e+00
2.023317011783446251e+00
6.082989914477222371e+00
7.634722405515966592e+00
1.214218813447655920e+00
2.160052168419565266e+00
2.291056569087300154e+00
4.258384691070990158e+00
3.388334496892779324e+00
1.724190036348222543e+00
2.839234251015237298e+00
2.915994085857302576e+00
4.892817051340171197e+00
2.721147482859330058e+00
2.528407579481059209e+00
9.154314081854423302e-01
1.679513383734506649e+00
1.693848121472653956e+00
2.499161196718492572e+00
1.594178781253623667e+00
8.699079000086450408e-01
1.331419260075659139e+00
4.221068471894066754e+00
2.201193938911015557e+00
6.418414696387365836e+00
3.169812965105027747e+00
6.193897730429840376e-01
4.775148891258551132e+00
3.886561410894797675e+00
3.529195915583345666e+00
2.879959622522437979e+00
1.218285490299849005e+00
3.562911191839723379e+00
2.258440324821140432e+00
1.111273519557696821e+00
2.914431412783410114e+00
4.293363847550955015e+00
2.981724599669393516e+00
6.512527313868669232e+00
4.390132247725631487e+00
3.507138139823133383e+00
4.847490103636074465e+00
4.220813066922304735e+00
6.572775056394745796e+00
1.684899260478816441e+00
7.521740075226915678e+00
1.953784915728590255e+00
3.707693461967094262e+00
2.138004621565708696e+00
3.420000251259004198e+00
2.623918241063335266e+00
3.039452564807331836e+00
4.103026744713610618e+00
6.302552846298405065e+00
1.990854734682064864e+00
1.103352929635356805e+00
2.664598774661816272e+00
3.808486569112689235e+00
3.474951500732664122e+00
8.790112889060990309e-01
4.387055315418036727e+00
2.035788668469601603e+00
1.169416179110897902e+00
6.531067233457680921e+00
4.939005740399082356e+00
4.891785658717598406e-01
4.744816850008261255e+00
2.962777716526876048e+00
2.138884236140401018e+00
2.166642486060458062e+00
1.779866327659973324e+00
5.167362796098065481e+00
6.756513054984636391e+00
4.226504223540511695e+00
8.979521736242256580e+00
5.447782714486763211e+00
4.992909154731517418e+00
4.114098334254739697e+00
2.193749247323636187e+00
7.164902692206941204e+00
1.586658900907492731e+00
6.958061663057419466e+00
6.065567981519621732e+00
1.222043534208367976e+00
6.857281837622931420e+00
2.196585633542750049e+00
9.865684723437390113e-01
8.893700901804066916e-01
2.400498742845700306e+00
6.771784418458148824e-01
1.592248399399163628e+00
2.108533101116572439e+00
6.464707956902817632e-01
7.848251101686404496e+00
1.554157862215484798e+00
1.715449685603343433e+00
2.095036906442514724e+00
6.759613917113048709e-01
2.529456102583214960e+00
2.631551216657804559e+00
2.126110042777245912e+00
3.343229986839273415e+00
7.728425583393482512e+00
2.278542985003761956e+00
2.082659401959781498e+00
7.898758254356210706e-01
1.569706344624638872e+00
1.047418241609457734e+00
3.342828091175089167e+00
7.687493174840424714e+00
2.960777586259856875e+00
3.575311456741010474e+00
1.585329073914317544e+00
8.196201844449481300e+00
8.817736583601829992e+00
2.526299838834757949e+00
4.736778240453280553e+00
1.375350896060533623e+00
5.276780263793075854e+00
4.266261721225050429e+00
1.407963807185232064e+00
7.209912003480729581e+00
4.907951746510058832e+00
5.268968626463858662e+00
5.308739751300124432e+00
2.623585541852438308e+00
6.887446805306289832e+00
5.453171103004786247e+00
8.846359046324530073e-01
2.891790501915827427e+00
2.686465451090954915e+00
6.223374291012699011e+00
3.259599120292917984e+00
1.550036576671953048e+00
4.527055343103254081e+00
4.937064494407076509e+00
8.324587962365991300e-01
1.182453743465949225e+00
2.122633348252665364e+00
2.932613234038313976e+00
2.754420094581820244e+00
2.233410749519182392e+00
3.781507507031279580e+00
1.356648300362144344e+00
8.941388420076302745e-01
1.708524598650083215e+00
5.573462721848591706e+00
3.954196095159832502e+00
3.274477527463629301e+00
3.170023420491152599e+00
4.732875778146110157e+00
3.837178199494376774e+00
1.129478200541768285e+00
6.468029035816596384e+00
2.006279978716607904e+00
9.038817028252134067e-01
4.269407618769858637e+00
3.283424661219540575e+00
3.917457805771012991e-01
1.686430947926128132e+00
3.007704016075503972e+00
2.904882565247580484e+00
1.851624510137089841e+00
8.971877186577226215e-01
7.258601611637591766e+00
2.381572863627888115e+00
4.704180922318505154e+00
9.683874339058333724e-01
1.037169642852284301e+00
4.899075887120820205e+00
3.260859167171969997e+00
3.685987546541519944e+00
1.400873530484569418e+00
2.584523758644529323e+00
1.525179155329116965e+00
3.687635689296659081e+00
1.076988759291297226e+00
4.851149602699295293e+00
1.205225036486547996e+00
4.051656813143607039e+00
1.635977443842093759e+00
1.417195209349650264e+00
2.130434788048920502e+00
5.097366760051794010e+00
1.678439267406867552e+00
2.365040372689877213e+00
5.239493913763015875e+00
5.281812962102127029e-01
3.730268741928177700e+00
2.618731919634211369e+00
3.509885233384233416e+00
3.700547942629852649e+00
3.525308477181937405e+00
2.747383895012302624e+00
6.354691253822283059e+00
1.094739020525931528e+00
4.676683995912664926e+00
2.841867499609056935e+00
7.708544302600624398e+00
1.297441760097185481e+00
2.083238763923587644e+00
8.931293211558203327e-01
2.649061533574333716e+00
3.454811161269861763e+00
1.450036866028666216e+00
3.124391316460958912e+00
1.047184974882775954e+00
2.427049651720470269e+00
1.217505238053328664e+00
1.004350145552865392e+00
1.065055133356425765e+00
2.747433056346228586e+00
2.652598895711974603e+00
7.207584158821233045e-01
1.835012157609487105e+00
7.006336845512505240e-01
4.125202171095831538e+00
6.137859973069708985e+00
5.990994113887755823e+00
3.185797430383214834e+00
4.568624589254420165e+00
3.345855896768892279e+00
3.071793021902556209e+00
3.081506441885645486e+00
9.786704745901700919e-01
2.429720445536655671e+00
3.049625758340115400e+00
9.644197891351162788e-01
7.392841468630453328e+00
3.920401461281867839e+00
2.086194819069535189e+00
1.187382935177471843e+00
4.530947060374927560e+00
9.675358858181782873e-01
2.061922707743197414e+00
1.473753600336994651e+00
9.505573589212433561e+00
5.857294796758343303e+00
1.836465878205745250e+00
6.573078848857579537e+00
3.851927841379591211e+00
1.674190160526821458e+00
8.870337741144088683e-01
2.037657535397241482e+00
9.817433508865684999e-01
6.617698622488705773e+00
4.081583757715232963e+00
4.711782960243183993e+00
6.717660953763285647e+00
3.724031428909944097e+00
1.493069165179558677e+00
6.556545088992440817e+00
1.918646287340826984e+00
8.814792003710117951e-01
1.274844397048054967e+00
1.042141613736124128e+00
1.933109442702088288e+00
5.077345957842678281e+00
4.354293093442668017e+00
2.634376465712156890e+00
8.094065331538574881e+00
2.087448884066334998e+00
9.022603706140556179e-01
3.176929128291180238e+00
1.735454863091822064e+00
3.776159231352176793e+00
6.212449785651672940e+00
4.706723514911814732e+00
1.062530450069141041e+00
2.036681253029109406e+00
6.615843785863818383e+00
7.632930284977588187e+00
3.522259549037085158e+00
3.542311447827950488e+00
9.970951060603860938e+00
3.632755350353743751e+00
2.651269317101203171e+00
2.010391717376008636e+00
7.525585282220439431e+00
1.476808815342296910e+00
5.105101470418858867e+00
1.629134491228307224e+00
4.627123564550220891e+00
3.015226532387554226e+00
4.981793607205029062e+00
1.330487409029940782e+00
1.836305810956371909e+00
6.332080790951225779e+00
4.747024625116029739e+00
1.532004758601387406e+00
1.743395938508023990e+00
8.540113769716350944e+00
4.719064457452542882e+00
1.683390166086709216e+00
3.753507284484418616e+00
2.088984684360065902e+00
1.309781179884208502e+00
4.829825066200058359e+00
2.162791040228140282e+00
4.671348305003098389e+00
3.905059423816239050e+00
1.479222398021096119e+00
6.269961921575834651e+00
1.980145161685872957e+00
2.756884424619158724e-01
3.125438734106732230e+00
1.995514062314552195e+00
8.677035856360918453e-01
2.319081068889988551e+00
2.815003691939706343e+00
4.011651694891774866e+00
3.887742808853689169e+00
1.134118880919076089e+00
2.199920966403634992e+00
1.532436611902263435e+00
4.489562440774742313e+00
6.461726409451899578e+00
5.332853424327843150e+00
6.858309889530915804e+00
3.283520271145722091e+00
4.893274439342609305e+00
1.410727408989220999e+00
7.671076233216155282e-01
1.811769553160980983e+00
2.368209569736863251e+00
3.538876923440882116e+00
1.013134095108761068e+00
5.293554428454593896e+00
1.389326033325003928e+00
2.947488342953950902e+00
3.787533439008840652e+00
1.160608281902652861e+00
3.146689730205597169e+00
2.372618435003512438e+00
3.166356231635220730e+00
2.358155518711832155e+00
2.971652380625279921e+00
4.189172091133778864e+00
3.437883194641786044e+00
5.406150752155188144e+00
4.018142172926681077e+00
4.214632570522058863e+00
1.203171596289631884e+00
7.456078509925675668e+00
3.178688466210685792e+00
4.356811128425093216e+00
2.689378802963428239e+00
5.555840125843222843e+00
4.814925852405056439e+00
4.341734009255173277e+00
4.948277577476920541e+00
3.335629834181030873e+00
7.605441669508429925e+00
4.024746851915498524e+00
1.863784964199927119e+00
9.733033965690059963e-01
2.020393130345993438e+00
1.550245858269202248e+00
2.528682186042654934e+00
3.852460348622986253e+00
4.163129307852708294e+00
6.363033519855346931e+00
9.862881260709062126e-01
5.137084736130873353e+00
3.337858315509942830e+00
3.859623436723592871e+00
4.113475049176080200e-01
1.075152698591754552e+00
1.654022484917192726e+00
4.733155838794170123e+00
6.227204550786990644e+00
6.072699130490139652e+00
1.674947427978704884e+00
2.515519483431596814e+00
6.256404902473651219e-01
1.829120816051889475e+00
5.833295603288181752e+00
8.352302871640336912e-01
1.482737836119963348e-01
7.400315815304424616e-01
2.600373742648655284e+00
7.018140932138781984e+00
8.560937059431559248e-01
6.257124009295490730e+00
3.572645775679009095e+00
4.715901631818262274e-01
2.235671306106112421e+00
4.111890275515410309e+00
1.521711301520727089e+00
9.254376331022199365e-01
4.067459796230431301e+00
7.292225764935019505e+00
3.433746984483281861e-01
2.434400765526215871e+00
6.816220224631519997e+00
1.419599602368879276e+00
3.892648489374267662e+00
1.128688436933806161e+00
2.446893358612220570e+00
1.411397028644013618e+00
2.582960798188755458e+00
3.026694359458237837e+00
2.109988049919780284e+00
1.179301439349232039e+00
4.441416871067346506e+00
1.557708532379094457e+00
1.857486303021394614e+00
2.046708690224660288e+00
2.711422185198526513e+00
2.604817223714500418e+00
1.372262459122439493e+00
7.963448974945474212e+00
1.809127788553063665e+00
4.123124117718580450e+00
1.366816103322107123e+00
1.019167976943557008e+01
7.675603366720721965e+00
1.524561792883185385e+00
4.290097396498431692e+00
2.028069929371712821e+00
4.112150860230837424e+00
2.065184771147750009e+00
1.675407944354966316e+00
1.336957131675847954e+00
6.358664008874078455e+00
3.314064773650857165e-01
5.397672699919578321e+00
5.518868256984443832e+00
5.063690247180869797e+00
2.364440666643320643e+00
7.985684300078776943e+00
1.811166469653044730e+00
4.481052022106113975e-01
2.779119374696850997e+00
5.517122912389141653e+00
2.234480595925563140e+00
3.757833269751080785e+00
1.488963003256368101e+00
1.103221764894748214e+00
5.547298328708223814e+00
1.735126914170022516e+00
3.761856088504865081e+00
2.160861197594131866e+00
1.157774223239607103e+00
2.738763169854179669e+00
1.087841370622003589e+00
1.489097549694262890e+00
3.822982731304962023e+00
2.792536494283855752e+00
5.194683258723631347e+00
3.137477583694618488e+00
6.452971076195987976e+00
9.103163240341075602e-01
2.554134021556047962e+00
4.445289075526457800e+00
9.538908718344059068e-01
2.106140008158682075e+00
4.142550129681970894e+00
2.289446551542531072e+00
5.182342099443432382e+00
3.499359217415562995e+00
7.033459798689404963e+00
5.578196256984701229e+00
1.256790886146523345e+00
8.340361714818863348e+00
1.404846099479039045e+00
1.098885114604379876e+00
2.333486708988340652e+00
1.258548896886145352e+00
1.439972873073079196e+00
3.739003452011582684e+00
6.766587460055411007e+00
2.422992544453654418e+00
2.776766181989678728e+00
5.392383354236688353e-01
1.609039595053048721e+00
4.750378900545825234e-01
2.703230765555002524e+00
4.119062214632094765e+00
4.667888617719478717e+00
1.150773692289876804e+00
7.012566333657196616e+00
1.775904768916631848e+00
2.859411154641411823e+00
1.025489860953030741e+00
6.052025689937245545e+00
1.088204101167000504e+00
6.095205643450675170e-01
3.840046691915587118e+00
3.025131065086126281e+00
4.144334932095934398e+00
3.150225513978303304e+00
1.344791412823008336e+01
2.526377986378560259e+00
1.559191887048834158e+00
9.073197483544632291e+00
2.736546189311470645e+00
3.536964681972501801e+00
1.505040611958813335e+00
1.792482617822092728e+00
3.353440343412627200e+00
3.835579713662764068e+00
1.146046844548194388e+00
4.306865458874534980e+00
3.827912749209623655e+00
1.575707014830850294e+00
4.609738620232806561e+00
2.597551835054761060e+00
2.335346166778205834e+00
1.325662807884100625e+00
2.151495109898602376e+00
1.903319357025113012e+00
2.175710616325973845e+00
3.399824244383120142e+00
4.769531721581264705e+00
8.467576601397376335e-01
3.834073199383644326e+00
8.808881734975407829e-01
3.711827127335529219e+00
2.164171305832279568e+00
9.194361816401519505e-01
4.542697823066697560e-01
3.432364223428356897e+00
3.864755177424968657e+00
3.912180504182158014e+00
1.796421205310687608e+00
2.753062268386665234e+00
2.250393965645450578e+00
1.092209543911522474e+00
7.413798252022627544e+00
1.688710542681607585e+00
3.231930668610547563e+00
1.557360059188684920e+00
1.940152347105422059e+00
6.386732439769633451e+00
3.905343054140529846e-01
4.537459985661300266e+00
3.193840316496366905e-01
4.354476343783042047e+00
4.551605595926231373e+00
1.276455185113787305e+00
5.158019223385091889e-01
2.477811420249146579e+00
5.489977447396635846e+00
1.285592891109004432e+00
1.683873890792897621e+00
3.099850752941438969e+00
3.500986385342988783e+00
1.439266683054987173e+00
5.492180570962635677e+00
5.842830478827005791e+00
1.847772029248623049e+00
2.187686081236088764e+00
2.951193552934558095e+00
3.238768582844728350e+00
7.678550211927182012e+00
5.206716321912449041e-01
1.696575899307087187e+00
3.059849087484214358e+00
1.663092425640606109e+00
1.529874998754372051e+00
2.304858960853926497e+00
5.190265477912459069e+00
1.363012286564906139e+00
3.850808685781528795e-01
5.153127233301241894e+00
4.052855755596190157e+00
4.585143404502448616e-01
3.490900876274764641e+00
7.481893972270668991e-01
4.111159778639398077e+00
3.715679223609490656e+00
2.813000618467032865e+00
3.147890246144249726e+00
6.066148069664309084e+00
2.247927295084337085e-01
6.742293146863211906e-01
6.770549865381703114e+00
6.437713970967972266e+00
1.646042516276738921e+00
2.967509531743773188e+00
5.504024467811762911e+00
6.007490771570317412e-01
4.669257492533001042e+00
1.463665669376348344e+00
2.632964969143924971e+00
3.243603864821240190e+00
3.264938433713750143e+00
5.115313866882817528e+00
7.542107702206815922e+00
7.284248188984905781e+00
2.677436604246091978e+00
3.063033103713574068e+00
7.479843359846036766e-01
1.629215925389737585e+00
6.111392767625656752e+00
8.015053860380159989e+00
7.645607676663121133e+00
2.753890189664313315e+00
2.578716369178474244e-01
2.534800896899464639e+00
1.506793760403596361e+00
4.552175271675038992e+00
3.926655342775980717e+00
1.721906924692369278e+00
9.701049993413563000e-01
2.680205656227389710e+00
1.498323275315490699e+00
2.967564846025221303e+00
1.133993100530652942e+00
5.584943453842413419e+00
3.442169418368617784e+00
1.757356013401804029e+00
5.185081110971451857e+00
5.365942979638470334e+00
4.981216587177998534e+00
3.692776607640961828e+00
4.835635784993543851e+00
1.925484427347831984e+00
4.245112814039525340e+00
2.512089202843978963e+00
3.336508540346220464e+00
1.697312116040178953e+00
4.934801228704520426e+00
3.882551794262654621e+00
8.173682670343445089e-01
6.646689081517074271e-01
2.863480600021131028e+00
3.177657588850089532e+00
1.421185049838101566e+00
4.601434391246868927e+00
9.558413411323383180e-01
3.326557230000956267e+00
1.390436929178153758e+00
5.102755057207088107e+00
1.432882466234788099e+00
2.332668611389249858e+00
7.486509414713643729e+00
8.523381879824439844e-01
2.345053478206562403e+00
8.749727311538519903e-01
6.786825529123686751e-01
1.875247151913874033e+00
1.196473381678522463e+00
2.613071561337433124e+00
2.112438644430435275e+00
1.703181509218281597e+00
4.268868093279190923e+00
2.329614662850118201e+00
7.131518939047612804e+00
1.968415867344882164e+00
1.543387953944894919e+00
4.689307136502796070e+00
5.941067442719843328e+00
3.664088693199513802e+00
7.093554869544308694e+00
3.953331749608825607e+00
3.382914449719487404e+00
2.370641804384215234e+00
4.936375608619512967e+00
1.658398631326462924e+00
1.007434629531850057e+01
3.557769439797655142e+00
3.213547675909973034e+00
1.732937810476669060e+00
9.639742882152483316e-01
3.646419520747266052e+00
6.139224435605633579e-01
3.206063279155934254e+00
7.357202991836492956e+00
3.129370397521808123e+00
9.714322352243566883e+00
2.089949602988862676e+00
3.786257739779434583e+00
1.382988748582516969e+00
2.264861907448157741e+00
2.355933204783135615e+00
7.429087162964410851e+00
1.450847354344903639e+00
3.607086142884181168e+00
5.931259357495912710e-01
1.181471850551432778e+00
2.486194726577109382e+00
4.050233218044292371e+00
2.051256304952898013e+00
2.047241897345024153e+00
4.727338057111119873e+00
1.823334627510572847e+00
5.664647691098291915e+00
4.757909286286142958e+00
4.742761409885030588e+00
1.971715125528409773e+00
4.977041204486606141e+00
7.488042340976843292e+00
3.042487097618544745e+00
2.950596856627657694e+00
5.547214177763468257e+00
5.101465410615567464e+00
2.973618478407577648e+00
2.830828766604239100e+00
3.255390676864611255e+00
1.998031308079116330e+00
9.578325424872160543e-01
2.887477295256156040e+00
3.491018166154403080e+00
8.829630582935941163e-01
2.861252435990830900e+00
2.611023836810531851e+00
8.803101441178762254e-01
3.062478211836838771e+00
4.464888396627959555e-01
3.150463809394346892e+00
2.626714387081896085e+00
2.712696741699662795e+00
6.312542400036537771e+00
6.555419627059313470e+00
1.143952835578650573e+00
6.595142660809497848e+00
5.817890198489054754e+00
3.717571974522997813e+00
1.267035794704168383e+00
3.458731755161899901e+00
5.037629932258641530e-01
1.084365559621866426e+00
2.115434006681705004e+00
4.398648196756454354e+00
6.872312952116451434e+00
6.390617262304347790e-01
2.575783398828094484e+00
7.430817515725457234e+00
5.191840469231663313e+00
6.522831806664323828e+00
2.930092288651471311e+00
4.752238369346172497e+00
3.055871681869019696e+00
2.347378633858832941e+00
1.006209004276454211e+00
5.368808444545483560e+00
3.005751723841130207e+00
7.587717202221717638e-01
2.465842160757397483e+00
6.268358306860625007e+00
2.743741024802601292e+00
1.567661823404455035e+00
5.310531483327303626e+00
3.117669338667993228e-01
2.254173131395698082e+00
2.049299279379678485e+00
5.452075482607414258e+00
2.007805697285092617e+00
2.052509036528876063e+00
4.882215438640201910e+00
1.555264802672876590e+00
9.551194230083578374e-01
6.801614121602402641e+00
3.591972653950334493e+00
7.415050448356766966e-01
7.970192900281322101e-01
6.630453645884324843e+00
9.222750599197915733e+00
1.722675136937804607e+00
1.279626984480201290e+00
3.897365185872180060e+00
2.956912698623511471e+00
1.665917164194844924e+00
4.354669738508513355e+00
4.109273265204435255e+00
1.878458678485982025e+00
2.351234819164000456e+00
3.540971894219444582e+00
3.325135587169290474e+00
2.461915624735763419e+00
4.289338910342585520e-01
1.326900440557825966e+00
3.174701626770314533e+00
4.023298058439831237e+00
3.595163568474179172e+00
9.738561303117498902e-01
2.777947717056248322e+00
6.625138962585585212e+00
3.704599186304586844e+00
3.225290743290524453e+00
3.152313053586924596e+00
3.327318271074068523e+00
8.325034919603904182e-01
6.812955032915304798e+00
4.109491359022541701e+00
7.840459246226803014e-01
2.824291293427056537e+00
2.665610043692897335e+00
5.128782831792412011e+00
4.386980783317392607e+00
1.750994110885892185e+00
3.339544013987404192e+00
3.608189275150310849e+00
3.670644219781258322e+00
4.010711348046186231e+00
4.380236624215187113e+00
2.342506670722890316e+00
5.128689154072984202e+00
2.960979082853134603e+00
7.210513182638419671e+00
1.147629099825210330e+00
2.482126199427361790e+00
2.317543993305372751e+00
2.610755804557027382e+00
5.675729708286494368e-01
3.726358446877375830e+00
3.275544728989681076e+00
4.260383257258572698e+00
2.531740806095522434e+00
2.907232244028446821e+00
2.890489628842615399e+00
4.876535683680529587e+00
2.127778335376512509e+00
1.948148777390261488e+00
1.977550076080416996e+00
1.726384035198795130e+00
5.925644566686105286e+00
3.548592522447671982e+00
1.709387950405414358e+00
3.627093235187052844e+00
5.768378553210845361e+00
2.578000616716011884e+00
8.594333729301733005e-01
5.208157118762803073e+00
8.990290760644445101e+00
5.134038071921953161e+00
5.177954333449537927e+00
2.070887558377638271e+00
2.776839835501588638e+00
7.515759740674369027e+00
2.013375673599665738e+00
9.533628058948239170e-01
1.774648125377883412e+00
3.138236043317334190e+00
2.805479675021922414e+00
4.766209283840440181e-01
2.008811733326367754e+00
1.904152362547880450e+00
7.091240420787072729e+00
7.600847413064993674e+00
5.164674156257351711e+00
1.961058638284299604e+00
1.371620216205423404e+00
9.480467319866515696e-01
4.241703049829259164e+00
2.635253235967955465e+00
2.499787745944886730e+00
4.889670406340123066e+00
2.982890655090848941e+00
3.170203129373236894e+00
8.896768882794255928e-01
2.199572913632747539e+00
4.224728687763501522e-01
4.303271892952285071e+00
1.950064236856956956e+00
9.809307418550547997e-01
2.716425140370382962e+00
1.593800002029117424e+00
3.686257736898093995e+00
1.238810486100995645e+00
3.863852278404221074e+00
9.587987200512172237e+00
2.864661359179993205e+00
2.054897479081992273e+00
1.011340514741960961e+00
1.046661372318361316e+01
1.999736172024859870e+00
4.452545008444087848e+00
5.045698947680888224e+00
2.543496368384467132e+00
4.707415679633371930e+00
7.622498383207140904e+00
3.333569054463086268e+00
1.460250273236771479e+00
6.452823208831855339e+00
1.815080313814715574e+00
7.156623196404929388e+00
2.610795645231088979e+00
6.809025205832334393e+00
1.303234718677398707e+00
6.380442855777293865e+00
3.610119797031148270e+00
1.054489432859807563e+00
8.438574529365602261e-01
6.344337550308227769e+00
1.994327786204795894e+00
2.924905556723135458e+00
4.765787562275388467e+00
5.752337328394676597e+00
1.553608709757726691e+00
4.495274092591569293e+00
4.102601940397083702e+00
4.950395534328673186e+00
3.145256443432199234e+00
3.046332475000439466e+00
3.327935216187362766e+00
2.860657218130131962e+00
2.810719564866553277e+00
4.655227743204869206e+00
4.096744672381375629e+00
4.579120005471236432e+00
3.419120624027120137e+00
3.360960104251818681e+00
1.255724949301221471e+00
2.686713867262918054e+00
5.987334013193980731e+00
7.886117504190931271e+00
2.802158219929205885e+00
4.507819326748615296e+00
7.549754528574410539e-01
6.132216158873316836e+00
5.409906347371253865e+00
9.483509442144332224e-01
3.457605242483242636e-01
1.141716964284403835e+00
4.543601926151217274e-01
1.755087000895816152e+00
1.674480555511815627e+00
4.118526144053507032e+00
4.695951812603886388e+00
2.822336547676226992e+00
2.669437376358324787e+00
1.396542833707586029e+00
3.980152744155700528e+00
7.458724496737451082e-01
1.304198421932593721e+00
1.641447718616397156e+00
4.014536356381537274e+00
1.853595708235225459e+00
7.420649291191539376e+00
2.908361239914623919e+00
3.265280622841968849e+00
2.826608083068427035e+00
5.551436929670674481e+00
1.085338932794586153e+00
2.669533840016977688e+00
7.339904998958314275e-01
3.321350598009356947e+00
2.624552110926936521e+00
4.005678714254672812e+00
4.489466757200862190e+00
2.429220462626643595e+00
4.374403122405217559e+00
6.383894769463627217e-01
1.786359001385409595e+00
1.942245185507647021e+00
7.420936041365608027e+00
8.916906188797265598e-01
8.316804062164773192e-01
2.974035693839632621e+00
9.913921806321761565e-01
1.203804059417199257e+00
3.470239312115978692e+00
9.034229571037919015e+00
6.374857576831246320e+00
1.221077946535067227e+01
1.665043148747738622e+00
4.196211989444226242e-01
1.604387452668038616e+00
1.844850399661110307e+00
1.193039023331600612e+00
1.554415771932583956e+00
1.975950863212720288e+00
1.461629897277693324e+00
2.027988197457876840e+00
4.974278194288030086e+00
2.480303959963715776e+00
1.417345502531052626e+00
2.216747824798784183e+00
1.141353879380445413e+00
4.564723286602309749e+00
4.247446789525087141e+00
1.049544151444414730e+01
2.223756335210539170e+00
4.882799812227839098e+00
2.816467607613430513e+00
2.398240913888006975e+00
3.921955720781190813e+00
1.785749435975654498e+00
1.167171114714752544e+00
2.242696215164874829e+00
1.029835593818409478e+01
1.212571981974080559e+00
4.756026074533489023e+00
4.020815661000367136e+00
2.816367416291250869e+00
3.880241553661571086e+00
1.544031428531070116e+00
6.873953361304131482e-01
2.410669344038429696e+00
3.451711624365244369e+00
2.487267172468762055e+00
3.531641398117597586e+00
2.913026080073628954e+00
6.206613041775022488e+00
2.179818893743270092e+00
2.720953191427946560e+00
5.956316457042666324e-01
4.657249486354512413e+00
4.881556747272264296e+00
2.088108412890863796e+00
3.113991771833472644e+00
1.233092315700459274e+01
5.200733772342387429e-01
3.538463796611069689e+00
2.767543034863647389e+00
6.959026508890127083e+00
6.651030635289545856e+00
2.814157680076572188e+00
9.774653076194735890e-01
5.446202532184547529e+00
1.048157902053156398e+00
6.478548200154814474e+00
2.658034601943587649e+00
1.471187437651783503e+00
2.972065698464539274e+00
6.473391414982843983e+00
2.174966179635429153e+00
2.771999677910290671e+00
2.303709672289397659e-01
2.294760505341416401e+00
7.656700217445340684e+00
9.078482168252429707e-01
3.533281677342375859e-01
4.386432241201292825e+00
1.581244126819786766e+00
5.712844805784365043e+00
1.109249845895248665e+00
2.959023635304675715e+00
4.747262947895100615e-01
3.981312172486593415e+00
2.503971224754254710e+00
2.988952754039412962e+00
7.440154872029169475e+00
1.857200888025545060e+00
4.804641850697074723e+00
7.835944102935920696e+00
7.843390755572395179e+00
1.200763011175279615e+00
3.485202775301481370e+00
1.696910361910006548e+00
1.761852474366801369e+00
3.136457213718775172e+00
4.003486544274688086e+00
8.762558670694003959e-01
4.387183151094502520e+00
5.633091631657116238e+00
2.686698356336771010e+00
3.231887005286160797e+00
4.495426970348837870e+00
1.150454275353425482e+00
1.821672973411492924e+00
1.664656978896633666e+00
1.362864623249819385e+00
2.178977546227672590e+00
1.636413404309884800e+00
5.949824591921317740e-01
3.225514676413284043e+00
7.252369397822255870e-01
3.239104787370101324e+00
4.767734694784745209e+00
1.720434084671508490e+00
1.030659875612583765e+00
2.613058381294269150e+00
2.964410773278821853e+00
3.896826003161252938e+00
1.052113900018972759e+00
8.905499132051001299e-01
2.386769784786498150e+00
7.943988057583246665e-01
9.419949346218871034e-01
2.672906093099370217e+00
2.184968295633452406e+00
5.275356930828194457e+00
4.302788888887157936e-01
7.475211520224035455e-01
2.840258514707017845e+00
3.618174646057471300e+00
2.262882411710872788e+00
6.096735197854409982e+00
4.494287257199700569e+00
6.114558048200774643e+00
4.378444905804341758e+00
5.281216542644387779e+00
1.996757814363165906e+00
7.287468372691659368e+00
4.197401046747470055e+00
9.663081504299119828e+00
3.447357583705138229e+00
3.724126690621216151e-01
1.984811618507473785e+00
3.184128259519144688e+00
3.168061736051606125e+00
5.234656438568395131e+00
2.845087526661686184e+00
4.995534918206701036e+00
3.037479197184747903e+00
2.598291183820192973e+00
2.424031626872675371e+00
2.489918546314688452e+00
3.934494109036136944e+00
4.804506873692310442e+00
4.681427788979884319e+00
2.062085879988991621e+00
2.804988860953726793e+00
4.493771246790656981e+00
2.277721714847975587e+00
6.231684783380693204e+00
1.695810196754108823e+00
4.175734653419653775e+00
5.784817691021623354e+00
3.135873849889807552e+00
1.874123538497841190e+00
5.297251756756508279e+00
1.494192249919851445e+00
6.184985723140041358e+00
1.051114396520492322e+00
4.486774353191393061e+00
2.381688557654146443e+00
2.616126117535055418e+00
2.885774760197996613e+00
1.144728218200041558e+00
7.481454942398488406e+00
2.462513256164995390e+00
5.162381532798522521e+00
1.334551617933867451e+00
4.987467004552964767e+00
2.741304529151934677e+00
3.725439153040725149e+00
4.037828086026080676e+00
7.061148579069477016e+00
2.023082717550537257e+00
2.210315773381883453e+00
2.299436443873422053e+00
5.331098929329047387e+00
1.293196672875778441e+00
3.369315456696462263e+00
1.257512260221214762e+00
4.710096033440822616e+00
1.787659082948606537e+00
2.760780352189871500e+00
4.154569619296123228e+00
2.754543070752595302e+00
2.978156244131538344e+00
3.233737071483754555e+00
7.896057632255063297e+00
2.061628556171005044e+00
3.018606851077751951e+00
5.149698786923830873e+00
3.357709832849701481e+00
1.782668283456406710e+00
4.252551007914033399e+00
1.476819384411235392e+00
6.353243582557521307e+00
3.095438702996271108e+00
1.178600009839421370e+00
1.841312015354753084e+00
1.402462308021053428e+00
2.228559684997915014e+00
2.414187261529101569e+00
3.531405677390657250e+00
5.042845894240997495e+00
1.449301243083478630e+00
2.569945492210553795e+00
2.112784371700020980e+00
2.210725703237243156e+00
4.638577670718998291e+00
3.641406045635168010e+00
9.587833531097874618e-01
2.950058730451150080e+00
1.152134530498568843e+00
4.698301596603070784e+00
1.255232696774417844e+00
6.427214285870683774e+00
1.868026259851280013e+00
5.003520215557318629e+00
5.194644887419070933e+00
7.182328082712805539e+00
3.964545422399745167e+00
5.937066859004329622e+00
1.308738355078006954e+00
2.975131872738698391e+00
1.716799875684294374e+00
7.549984758023576603e+00
1.356482243061133408e+00
4.607668297456096518e+00
3.154756193304063761e+00
2.895716533256268210e+00
1.951233775091816725e+00
2.369495983140445183e+00
2.618881166258349769e+00
4.428768747915459714e-01
4.568161770090179097e+00
4.373742634999854495e+00
1.056796971397810703e+00
1.413808197996967664e+00
4.055221535046446668e+00
3.270549121338126586e+00
4.227937344321301971e+00
5.957710874024803038e-01
2.579996732385973157e+00
3.803765649183850961e+00
1.813622781148847896e+00
3.010930416944379573e+00
4.905962121786020980e+00
4.800125145302037488e+00
4.381949471801840801e+00
1.279270075257617156e+00
6.701668491106639536e+00
1.730976254362437849e+00
3.352708211456343346e+00
6.285450180499541517e+00
2.632330875856609520e+00
4.901700739195873346e+00
8.448984213665552190e+00
4.179067333963728537e+00
4.681014555886648942e+00
3.970181628870399049e+00
2.833683839826532047e+00
9.848686339600389861e-01
6.986315837446992916e+00
5.110100810822317818e+00
3.631346674799969421e+00
5.361868045626690948e-01
5.060436714624752419e+00
4.107372360940470202e+00
1.456298321310652844e+00
4.290852453925355192e+00
1.977396537260770470e+00
8.104508223959765445e+00
9.299387309403762680e-01
4.175716664196069239e+00
4.160755659309412380e+00
3.617388121190484807e+00
2.439156016146986961e+00
1.320694174508620700e+00
1.539624564978768539e+00
2.724987731570144955e+00
2.978448894966928773e+00
4.602384602775850375e+00
6.137552974710136056e+00
4.141609389056543300e+00
9.421038358675256630e-01
6.302831246931151377e+00
3.084893335003863424e+00
2.138423841603444675e+00
2.876301238703520280e+00
1.512618657421990198e+00
7.081682909733276965e+00
1.924577390495265217e+00
2.333310965935277537e+00
1.118963947376210744e+00
4.366447423450099841e+00
1.983146949740113740e+00
6.575197009222736533e+00
2.321643949976629706e+00
1.735600883502234959e+00
2.174286869803081501e+00
1.608778408428547024e+00
3.519837828977914196e+00
1.860721992302091232e+00
1.872839099813949693e+00
8.510697318398632305e-01
4.966077111351153484e+00
2.704455024208135550e-01
1.191124840075585389e+00
3.040670652228128490e-01
3.665122263487981424e+00
7.938604039886037356e+00
2.856817981381104321e+00
5.195665728870049183e-01
2.010732033219164272e+00
2.005275034944776102e+00
1.865927997138284722e+00
3.317758973944174627e+00
2.827436464334636135e-01
2.495717883510633950e+00
9.159943767536293802e-01
7.988070380481954835e+00
1.638063212133815671e+00
2.413728737915646239e+00
7.673572086670027437e-01
2.013274692668091781e+00
2.157037771297728668e+00
2.741545705484463191e+00
2.180164853491351362e+00
4.227375167909674936e+00
1.066219402409029193e+01
4.887785858473367995e+00
1.259236799714748667e+00
9.307919140455614970e-01
2.311127259958684732e+00
2.209330318511518954e+00
5.096233689323574012e+00
8.047532154949255556e+00
1.744579979511157841e+00
3.335000483727340370e+00
5.417817286712188540e+00
5.411822245460747638e+00
2.423063546553918979e+00
2.043097786037468833e+00
1.254886866034180537e+00
3.933822510379985538e+00
3.520649497111467685e+00
2.296415028387654100e+00
1.810493377320808062e+00
4.469820536955339207e+00
2.378132138990010525e+00
2.256780045753889463e-01
4.199915605394053841e+00
2.613183979468276963e+00
2.924641846831550929e+00
1.622767044807827297e+00
1.460438443563990774e+00
1.609844506242383622e+00
5.425298645288456623e-01
1.634557190494407175e+00
1.545273412052693640e+00
4.194433217654545132e+00
9.290448697974863501e-01
4.750463808410825273e+00
8.486826020920847924e-01
1.368620021008234877e+00
1.038688043901934366e+00
5.506185959801745078e+00
2.229208023354105173e+00
2.775406090531178815e+00
2.093704751085278648e+00
2.203486175551407467e+00
1.201191359238838574e+00
6.323720833807577879e-01
7.785237683900358974e+00
4.559397201131717203e+00
3.543728240085723513e+00
8.074047844178247502e+00
2.396524257421328130e+00
1.458188135740094760e+00
2.264172337060628148e+00
4.352551855012150916e+00
6.709166622159458804e+00
7.419077142545425829e+00
2.595990564819878443e+00
1.993037096891238091e+00
2.355465124922798026e+00
6.165082958755074838e-01
4.743213619841443851e+00
1.919191302242021502e+00
1.451006196496657852e+00
4.297256451397344357e+00
1.881354306188621095e+00
2.811717513508525279e+00
2.902223308324320072e+00
3.010431118424394370e+00
1.993222829922488115e+00
9.012044873608824336e-01
4.222389114185091330e+00
1.253653075028550834e+00
2.208724642995138154e+00
4.292970014404903445e+00
1.456711066509234431e+00
2.905010829514412141e+00
4.154932227753376672e+00
4.380604990223295303e+00
4.612932948293920532e+00
4.746952641093133529e+00
5.282970967236387816e-01
1.225856914178379276e+00
1.766682697687658621e+00
2.051835569883171839e+00
2.208993588235230732e+00
2.331094948027321756e+00
6.052597320948144288e-01
4.332602826211932268e+00
3.737235267527533100e+00
6.711149483124561499e+00
2.213592465807981746e+00
4.983298392938249499e+00
4.497287229780614126e+00
9.591742338357009956e+00
2.572658884700824711e+00
4.152059388095790560e+00
7.557854664373149234e-01
2.908590163646308735e+00
7.676893047493050126e+00
1.145535840642901926e+00
4.574216179496048973e+00
8.072820149744403651e+00
1.640249605719394932e+00
2.809984098674611186e+00
1.749426038267522188e+00
1.198798828960162544e+00
4.406143639119100008e+00
1.551798865513327463e+00
1.077662357121858649e+00
2.694903343186293210e+00
3.714325658313418543e+00
2.096290419432923269e+00
4.150230306057986596e+00
1.270977818640883550e+00
1.677976074660458838e+00
3.854692384093317603e+00
5.401161207705518663e+00
1.436539202964196127e+00
3.087970589350220951e+00
4.722816324685418898e+00
6.922285769901256325e-01
1.563396124302377732e+00
3.036102973672504035e+00
1.226485749453949170e+00
7.751565772698804757e+00
3.716933123603805011e+00
5.580232777063804939e+00
7.517840993153422247e+00
5.078685758934173844e-01
1.201360979959810837e+00
3.589095280365475649e+00
1.554633291624107017e+00
4.267811420898022234e+00
3.098001637413319909e+00
2.055610929713178603e+00
4.703221739963000303e+00
2.233514784825900268e+00
1.667592997173154679e+00
1.699805940268130033e+00
2.367600791730484655e+00
8.775242433368507511e-01
2.251568664812466203e+00
1.897679399783603893e+00
3.273673005918124268e+00
2.794951630386418362e+00
1.901020876841145846e+00
1.907355640487576665e+00
1.028412917461259957e+00
8.026541682689758872e+00
2.806442710687766517e-01
7.712619187049842395e+00
3.134442442040914045e+00
2.956667940135314421e+00
3.657030012008233300e+00
3.588224237027653807e+00
2.547313101820490644e+00
3.441854443790033358e+00
1.999087620960449119e+00
4.793145792894621393e-01
1.465648134143632708e+00
4.669391708979448552e+00
9.845527590675319241e-01
2.005497117194710466e+00
2.830489678219292315e+00
3.353240154639732129e+00
6.581283788205212204e+00
3.628703805098466795e+00
1.486176428318948028e+00
6.913009016054773248e+00
8.661429033754621809e-01
2.098038619788286763e+00
1.699639735696104603e+00
3.401395231068181868e+00
1.856984340232024522e+00
1.626699869588483338e+00
1.674924374777211122e+00
6.007477091403793601e+00
4.778414146366992021e+00
5.665344427401416638e+00
4.845263897859461544e+00
1.907079368493364457e+00
2.886287148928170954e+00
3.886517752476361665e+00
7.121659838601645198e+00
1.541284167864653831e+00
1.872258889974408813e+00
9.776866489378973624e-01
7.273452168579399579e-01
1.695289535723113028e+00
4.724845945855593143e+00
3.498144727619151961e+00
1.245506644874800450e+00
8.269091528005697578e-01
2.543133612633456497e+00
1.284357687592424968e+00
2.941704242563105254e+00
2.873031065821521235e+00
4.250307383858754839e+00
2.836388670494210285e+00
3.519213952817928259e+00
2.052791616618881321e+00
1.922831792485008240e+00
1.327438437118184655e+00
9.541132861134815624e-01
2.316015191070889045e+00
3.266447784056163872e+00
2.681199014176911088e+00
3.130266850730407224e+00
4.406955606222024535e+00
9.984042676628678281e-01
9.359983250354849682e-01
8.439670321902722483e-01
7.688044125571962262e-01
2.062983789742836915e+00
1.200792170723701879e+01
1.424695561714387937e+00
3.463238534069899455e+00
5.060795231949731798e-01
5.473442430178492302e-01
5.565596605288698484e+00
5.193065390519072899e+00
2.928775840064454350e+00
4.880066331203012808e+00
5.206385059648759750e+00
6.973694925483669982e-01
2.536361669649478401e+00
5.095424797961821684e-01
2.031504112439101117e+00
1.869786410862001702e+00
3.796199466306389159e+00
3.180777677852538954e+00
4.281352315480694060e+00
5.588618081476796284e+00
5.278572041168935192e-01
1.149442503281919326e+00
2.624600415936536368e+00
2.616414633824320823e+00
4.110994966536017259e+00
2.608428072275488674e+00
5.411410114757687628e-01
1.405168672210325154e+00
4.493872695839253417e+00
4.185749621129079223e+00
1.500879208556644473e+00
4.229202772008551214e+00
4.734978501542928875e+00
3.429678669381198031e+00
1.631703715761916529e+00
3.081442959965729589e+00
3.708359884118759719e+00
7.335482181762688292e+00
1.172521735617923389e+00
1.614655286656903277e+00
6.440567816969712922e+00
1.099690075713781745e+00
2.034667233421668886e+00
4.100450144426715404e+00
1.083060754327903830e+00
3.169888274067636846e+00
1.387702056914968729e+00
3.415929755184464511e+00
2.425201494134383129e+00
1.374218986695279199e+00
1.974602169831077392e+00
5.943555900978870099e+00
1.069166706832081593e+00
1.782624324199590049e+00
4.647121914852371027e+00
2.568461586942452524e+00
7.290350227896542634e-01
1.466894003067704233e+00
6.513237406903864546e+00
2.148850310541840614e+00
1.544917887144964475e+00
1.263798967417495422e+00
4.476233770042349569e+00
2.474636473896198119e+00
1.249193234276156250e+00
7.170667375813704503e+00
2.229527605558534020e+00
1.104345191571359797e+00
3.466358677700281277e+00
3.092739114331248818e+00
1.537155678091372879e+00
3.437329644634222969e+00
1.104335852217787517e+00
3.980523431516870936e+00
3.351303308515761081e+00
2.616040875161258494e+00
1.162422013643914287e+00
2.073249536873641219e+00
1.330516985653785067e+00
1.955572841653854699e+00
2.331920384761760889e+00
1.676042755709956644e+00
1.435463133685715098e+00
2.088048977879719992e+00
6.862079500197243442e-01
3.314474671326986144e+00
1.348455494272390531e+00
4.534558682884941128e+00
6.652018606997800454e+00
3.961720938219527977e+00
6.242582680740277112e+00
4.544874117800283386e+00
8.097160205310015568e-01
6.156428754080606192e-01
8.323782358733943454e+00
4.453588249976543345e+00
2.732872818314617369e+00
4.080254148952392690e+00
2.746997207045118738e+00
7.387311743716960422e+00
2.521657491845094246e+00
6.415534979404130311e+00
1.996561608467375182e+00
4.048793401257443136e+00
1.912814727284844363e+00
2.251385994380876276e+00
3.426512412440759547e+00
1.802983990063373732e+00
2.068051952186444886e+00
2.012595643340994389e+00
5.630354523595024752e+00
1.880421144849649728e+00
4.009398759777180743e+00
7.842342189304154942e+00
6.924788652525776911e+00
3.151748971523399057e+00
5.309860347431765604e+00
1.043101973205948552e+00
2.493568856892523389e+00
1.429912920974661716e+00
3.869402399587903219e+00
2.861636795656797627e+00
4.156458490233923442e+00
2.902351542035538579e+00
6.501777066393372273e+00
8.096481245891674616e-01
2.163281481020971952e+00
6.912094192963307293e+00
3.889671791534594636e-01
5.137326070909637110e+00
2.856741593313745220e+00
1.379821709530345331e+00
3.045763691487490377e+00
1.952985512687787306e+00
2.891727999030014651e+00
4.161648435676673863e+00
5.964564129073552934e+00
4.255572633000613614e+00
1.831654081029354897e+00
3.536590694023685977e+00
6.585824045328860343e+00
1.041725315534765883e+00
2.268419723274127442e+00
9.458067775799106069e-01
3.087228743927473040e+00
3.065998844809196822e+00
6.464942960129826055e+00
3.375988710535169357e+00
3.162559106133655984e+00
6.699836653488561389e+00
1.573942125297557171e+00
7.696657466356552568e+00
8.996745601317104324e-01
1.440988102573998564e+00
2.915983424767464971e+00
2.226863660407588652e-01
9.042969611507260808e-02
3.190909719132917211e+00
1.123107270034367611e+00
1.668927171760081984e+00
2.208683106802280083e+00
4.354715539960349879e+00
6.718745497075951256e+00
8.117423437875103120e-01
1.593633266362984635e+00
4.781095326814821078e+00
7.924898875654642794e+00
8.802060301618645610e+00
2.992090145241487864e+00
2.584048822634550380e+00
3.223162370149692091e+00
1.828615199858348639e+00
7.043752103737908499e+00
3.825095133287770732e+00
6.949495729328973859e+00
5.065062632414456090e+00
4.688388912855553592e+00
9.205942765780658066e-01
2.989607775800657397e+00
1.453935166913553845e+00
3.807572456769064750e+00
3.372399419265133425e+00
2.869639149753935303e+00
3.829286413511360898e+00
5.573836340288299773e+00
6.467271761009181219e+00
4.736739751487006878e+00
2.328589386479744672e+00
7.037496340589961541e+00
9.803876347021432958e-01
1.677792532186237029e+00
2.398836589570350064e+00
5.920173977760999406e+00
2.858781819356902787e+00
9.867037219768584055e-01
6.703306840676161116e+00
2.985771257878019114e+00
7.025668278050536841e+00
1.837325963930769523e+00
1.475462922619495520e+00
1.932189884489322385e+00
2.665034695950227128e+00
4.662073721063366705e+00
4.305294129903857403e+00
1.075636977646440506e+00
2.672576192343057322e+00
9.975609013593206287e-01
1.029264536947277087e+01
4.776024613469113334e+00
1.907210145528578815e+00
2.224410121665759910e+00
6.325905374563040695e+00
4.265295871094244795e+00
1.541740287256794240e+00
3.157572773278359168e+00
1.923505915378683540e+00
2.373623558430820069e+00
3.636372706406587163e+00
5.651821744251502189e+00
1.686109957388726155e+00
3.758534230511993091e+00
1.655762089370526935e+00
1.896166019569066830e+00
6.866427245099453458e+00
2.393165627059047118e+00
3.880961288592152947e+00
1.378050681711074921e+00
1.332783577607401293e+00
3.862620533252443256e+00
4.035703774772289698e+00
6.557405718888008828e+00
3.316999356895692586e+00
4.177402689381097822e+00
2.130913345230150302e+00
3.580202226892663209e+00
3.854604380532869801e+00
7.635806154367954512e+00
1.311996251397904434e+00
6.741669213839937003e-01
2.746217781858726337e+00
7.229150859519554828e+00
4.501432551976170870e+00
7.641381902850088448e-01
1.892715332248418258e+00
1.718749845643976204e-01
1.420931849641540179e+00
1.696422147442844919e+00
5.152597535432980713e+00
2.880543858295623760e+00
2.259149918956298908e+00
3.225071435540438625e+00
1.947041774971321582e+00
7.292397530147993301e+00
2.538164077790017625e+00
1.424655709043621377e+00
4.192591402911587828e+00
5.375447443667952463e+00
2.951013298104259608e+00
2.414782429042156231e+00
1.625300155615953424e+00
1.050400638692217337e+00
2.235918917239863024e+00
5.936362980042092730e+00
1.499382023430136712e+00
2.028621225261314276e+00
2.901056933825362449e+00
6.053463545756692099e+00
4.937316833770889701e+00
6.960732461835511309e+00
9.523692480366273694e-01
5.563190723521449499e+00
8.281742473804133198e+00
3.848403450994548169e+00
3.079326589447790585e+00
1.209083034089964537e+00
8.984887453728845896e-01
4.993410966680666974e+00
5.011908715099147926e+00
7.022759717071212826e+00
8.462172869492586846e-01
3.956698789309494924e+00
4.200390287886262897e+00
7.251108716028443979e+00
3.975678728399683504e+00
4.724317091112182343e-01
2.360215775278422967e+00
2.871514527702031749e+00
7.989230599224940832e+00
7.946226860075007448e-01
3.950077123074811070e+00
2.140206202788330181e+00
1.532529308987222727e+00
2.580483070442835203e+00
5.241474036013193505e+00
3.956395133627799598e+00
2.252431009410575946e+00
2.401208356327713567e+00
2.811819100934611182e+00
1.794995973331472650e+00
1.804580816699151713e+00
5.885197515934871282e-01
9.518646403047396065e-01
5.017483725566904695e+00
8.029438738600415348e+00
4.268410390630539730e+00
2.933137683529141171e+00
1.583604860442588302e+00
1.412026810117074316e+00
2.253663218206848118e+00
2.387317156642720040e+00
1.610795883034385145e+00
3.733763319644856082e+00
1.120772570783273414e+00
4.972459701885082239e+00
1.006593716188120435e+00
4.219129587113354063e+00
4.138770353500280663e+00
2.812237467288080328e+00
4.801368397401178933e-01
4.351707269477497420e+00
3.239778191828897036e+00
1.539171669726794756e+00
7.818827485214385753e+00
3.387195480531631997e+00
1.830210282983208536e+00
4.446863869497275523e+00
1.319662948250797774e+00
2.054931598662724124e+00
3.712237694613536032e+00
2.591362946597070671e+00
2.078675817325352781e+00
7.524850418033611987e+00
2.979054178718008039e+00
4.166043984412892698e+00
3.237512387092226440e+00
2.255841125247553425e+00
1.467133516987138453e+00
2.373189769849598285e+00
7.419674142126765348e-01
2.639044063617061120e+00
1.323461471171742065e+00
4.293208895029320793e+00
5.784946473392749144e-01
2.048008893128010932e+00
3.544247022713657547e+00
1.676226641807545992e+00
5.115776819465272851e+00
4.645987342232181128e+00
1.314709192446830599e+00
2.295461216094432544e+00
3.573243352035337939e+00
1.049329703943552738e+00
6.892255079762772851e+00
6.757473860964914314e-01
6.122874134459840301e-01
2.429328376424287672e+00
5.151159611179273456e-01
7.392452715353536874e-01
5.612341569956189602e-01
5.135898560098716814e+00
3.342616527516153013e+00
5.180562819813276931e+00
5.613094046479176313e+00
1.643388408582453053e+00
3.881510117802273729e+00
2.838607655154320675e+00
4.557968458201795414e+00
1.032842640973574255e+00
1.265512760457529584e+00
8.277587985466880127e+00
1.697594474250615493e+00
7.271840011947441340e+00
2.555588580274787525e+00
2.276506171959179703e+00
3.602127667813280087e+00
2.951805638701882284e+00
1.222401059246226440e+00
3.591868735890301423e+00
1.446032127064190043e+00
2.015733310758827557e+00
3.821973955863684491e+00
2.796641777784877547e+00
4.048943153475309309e+00
2.720307309464211620e+00
3.361450270894993597e+00
1.799519984463831435e+00
2.272586343201599579e+00
1.644550828383148922e+00
4.476003667630195082e+00
5.733233943672232158e+00
2.861856022193494553e+00
1.473558202409120943e+00
2.436190652825080072e+00
2.058529998912121961e+00
2.625990180165488130e+00
6.963368436804608486e+00
1.190584104224299722e+00
3.151989194975635122e+00
7.147773186664004186e+00
3.028316978984153973e+00
1.581574535002813864e+00
1.246335610087802026e+00
3.489654916984864297e+00
3.185838664773996687e+00
2.671899501474341410e+00
1.573894847942813202e+00
4.379752265093103780e+00
2.447232187466588105e+00
2.175335445819297941e+00
3.398497267182094106e+00
1.705565932064051493e+00
5.085406612907985568e+00
3.390614970337370249e+00
3.542651466074817179e+00
3.950055302983825012e+00
1.414855594674468975e+00
4.945473011410157937e+00
2.474124665222327657e+00
3.276631421335342575e-01
2.609900983711149980e+00
4.442391259332273634e+00
2.591174824400702903e+00
2.533269057199322383e+00
2.049646203204908090e+00
5.712737579284845602e-01
4.980793098654179296e-01
2.243232071120462745e+00
4.777500707477365438e+00
7.558518766468400152e+00
6.929445643102135621e-01
3.533322797394129022e+00
3.014940336129339649e+00
5.626245186612111482e+00
4.229750170727698766e+00
5.183894280873484917e+00
3.818011050309793930e+00
1.483093533451139923e+00
6.674460273696246615e-01
4.454567495079174932e+00
2.661417983205783599e+00
7.047130253998195037e+00
1.635671264469090058e+00
9.393713886807728564e-01
2.920791957861718302e+00
6.087857859099860214e+00
1.784836446794382248e+00
8.150024659286687623e-01
7.087506389264257578e-01
1.584989066334045793e+00
5.294944390889414265e+00
1.585490837784980789e+00
4.129913107769052627e-01
1.350614181515503276e+00
1.229017102049739796e+00
1.347440105984825776e+00
1.370117537373837902e+00
6.299255094926681231e+00
6.970426123221209469e-01
1.014238288729599535e+00
2.415468118983642665e+00
4.499780890387558685e+00
2.158505692380835228e+00
5.333888587241637502e+00
5.145182788049188716e+00
3.756943334958394942e+00
2.298896016638378725e+00
2.486390867398983850e+00
6.002768881818199453e+00
4.207088549420610057e+00
2.012504759115646191e+00
7.185770206254559866e+00
2.248593515951152089e+00
3.120636699506170952e+00
6.446634456255683432e+00
1.917416546087677753e+00
5.048239472186091703e+00
2.711849725741421580e+00
2.526818872741417810e+00
4.350047690015461654e+00
2.186027564530725886e+00
2.583759443606571171e+00
4.325061759209027024e+00
2.013284702246509017e+00
1.285863451606114705e+00
3.288910405434095630e+00
2.321697350598472376e+00
2.227896204741787844e+00
2.210283268357648545e+00
3.901435735886082945e-01
3.799908321620740992e+00
2.650668529901774928e+00
2.812587998138880163e+00
1.985072132098401720e+00
4.942689490158012511e+00
3.822683200991694896e+00
5.930713361220536939e+00
1.590402844097474899e+00
5.258969111287451703e+00
3.061624934123583053e+00
4.963316932232278766e+00
3.103264044388286624e+00
2.281597480493863017e+00
2.303414030605750895e+00
2.844441803555366466e+00
1.568172363472627229e+00
1.403271714604069187e+00
5.163021244985504410e+00
6.023551576234137173e+00
1.610014248772182910e+00
2.819244998504108590e+00
7.694477403170050245e-01
3.523558995698022667e+00
3.795865483918097638e+00
2.513403517384229069e+00
6.577683588344869214e+00
2.224154366012788930e+00
2.299950365325399204e+00
3.336847902469845639e+00
5.643650036956208149e-01
6.392606081719165445e+00
3.737308445391423373e+00
1.600639584402327786e+00
5.397516530463923878e+00
1.966254780194859553e+00
5.858202006304867204e+00
3.198064136480700981e+00
2.777956140517301442e+00
1.704815520399897810e+00
1.520698393494128942e+00
1.377226625252232939e+00
1.390067404418675823e+00
1.230832330478180747e+00
2.283013292271302230e+00
1.635453694161477900e+00
1.259948355758449878e+00
1.951808600479093103e+00
3.272151255972480577e+00
1.792342725988133045e+00
3.595168496697913163e+00
3.408880796487510523e+00
2.069754514544618118e+00
1.589520921816516275e+00
8.212299774831951282e+00
1.545888137352927849e+00
3.352882290759974016e+00
4.519864620794928456e+00
2.462979210858082801e+00
1.914122070733747849e+00
1.567775877202467472e+00
3.566916995295784432e+00
1.333095696864714963e+00
4.523225767868732206e+00
9.729106736850110515e-01
2.770917255223552367e+00
2.238217524480750953e+00
2.914139213895098557e+00
1.803487288683689016e+00
3.575006064825997143e+00
3.042805046321764184e+00
2.260055128887953124e+00
1.660362632961754015e+00
2.189557946096756691e+00
2.128498387954495197e+00
9.201753964291732313e-01
1.854875970004522756e+00
4.543890816696666057e+00
1.164194121536916926e+00
3.601255962061543858e+00
4.060860610674589921e+00
8.831295663052930456e-01
2.652151235584053968e+00
4.216585516567172398e+00
6.272014096083775136e+00
1.799879444269301354e+00
2.602460773688045848e+00
4.632434805643292464e+00
4.189778216889040507e+00
4.303548582553306190e+00
1.350991645026778265e+00
3.279413189917490978e+00
5.071506053508790579e+00
5.254319689497865653e+00
1.841418026746025838e+00
3.518070239274656341e+00
4.161489351507228207e+00
3.767217064436465090e+00
2.260995034564422301e+00
8.449661739795088167e+00
1.517072380038213764e+00
6.399378903292718412e+00
1.009138531750041867e+00
1.058942441523650579e+00
1.806645402001863854e+00
4.219223180272710039e+00
2.991264204410720495e+00
2.752155459433614837e+00
1.993125433010469294e+00
1.286979325688705655e+00
3.319862030391328656e+00
2.043033430093753378e+00
2.684708760501218094e+00
3.098863018755491971e+00
1.788564453447287317e+00
1.981450263736475481e+00
1.244836505603041044e+00
4.368071964308829713e+00
8.513165014347722215e-01
6.339508838768622034e+00
7.474973447496698675e+00
9.041091560914533698e-01
2.174777864765154778e+00
3.118886168388098845e+00
5.286010473897998274e+00
3.835889972774347179e+00
2.025817562847123998e+00
3.932041514181455977e+00
1.333702772912443990e+00
6.203338171153784053e+00
8.413619713875563733e+00
3.791621832367308542e+00
5.430590342101895729e+00
8.975741796269866013e-01
3.018705146730353395e+00
1.165553523404302183e+00
5.115557159278128374e+00
3.613670840741829871e+00
1.286521663316823050e+00
9.136380698732737837e-01
1.567665879463060019e+00
3.631153075013018761e+00
1.207260928751320073e+00
2.879212483681799828e+00
2.983814170444051062e+00
3.167673461032581628e+00
3.118549528995383291e+00
5.322931505223636783e+00
1.136145859552702975e+00
1.471838759325878376e+00
1.939053692781594229e+00
2.653234265484801568e+00
2.317181464781987721e+00
2.076400282456687396e+00
6.483503120515623941e+00
3.450265793426467109e+00
8.017983552757703691e+00
3.328002751875942966e+00
3.191149886942627578e+00
2.528068790624626860e+00
4.384499941944805634e+00
1.252448399931250345e+00
8.810019130688223621e-01
4.654912150311543151e+00
2.061880031303204408e+00
1.038331283798922478e+01
5.114956214289454905e+00
5.166210624889989944e+00
3.142579212513664899e+00
1.200031338462458352e+00
4.897782297169011034e-01
3.064430135852788339e+00
3.834659974468225485e+00
4.006253427002656409e+00
2.159858144800130830e+00
1.635694209201325355e+00
1.731617859359840805e+00
1.197992332294566253e+00
4.378023374145187496e+00
6.268585596367522328e+00
1.915520485301238196e+00
1.041156413918736146e+00
5.614709318463020793e+00
3.095859756372388194e+00
7.393611093366536657e+00
1.903049765505650193e+00
2.810330474571471004e+00
4.811881314846904623e+00
2.064418361958005654e+00
1.734889596731141514e+00
1.931045543438037360e+00
1.711381349723472445e+00
1.611948371446173756e+00
3.134695758517434871e+00
6.692159297607391366e+00
2.642741917811161301e+00
2.579752530845217606e+00
5.108864501631877886e+00
3.616787687615009850e-02
4.028744268317562494e+00
6.050921974693633132e+00
9.041123393518727402e-01
5.622247083279352520e-01
2.589471967053371682e+00
6.330136286759563191e+00
4.539238760150440477e+00
2.562597004619445951e+00
6.312517070714685374e+00
2.926632638789409935e+00
4.486158600525491202e+00
2.636643920161742205e+00
3.108705269576505170e+00
2.934714033371340847e+00
9.582522825631896168e+00
4.728745502610248508e+00
9.619570868155098431e-01
2.118970571777132772e+00
1.505642499879802587e+00
4.955868859083105704e+00
2.341183230925445891e+00
1.147873711117921580e+00
1.461988212267401055e+00
2.957417469775216023e+00
1.171229575711693949e+00
6.088725894365631497e+00
8.468194714353650454e+00
1.037425571780023148e+00
4.120164618840107096e+00
7.223502713220800731e-01
3.157894916463337420e+00
7.123893826623024061e+00
1.600111693845955196e+00
1.102898840849992235e+00
2.076691095948592469e+00
3.746688697438093296e+00
2.609705434914427080e+00
7.540043474349269026e+00
7.211861460207991570e+00
2.169658508597336333e+00
7.631026918922463320e-01
2.032753060623663899e+00
1.767169126146329816e+00
4.612454542968644211e-01
5.321390492044392850e+00
5.171856955362282626e+00
1.416584751258625818e+00
4.652559616435131495e+00
1.837630361254920741e+00
6.420687183381252439e+00
2.578891506132890754e+00
5.264940650966166480e+00
1.721117829128852694e+00
4.411057901351023602e+00
8.396509379666124318e+00
5.471421352808854444e+00
2.801728437969955632e+00
1.559294726298285250e+00
3.704640599287529312e+00
3.244151784685071149e+00
9.921753609269670093e-01
1.511796260450546381e+00
2.011232358317531332e+00
2.113584196038079455e+00
5.809661305550579691e-01
4.398416378838743590e+00
5.897939240233758262e+00
4.012432765991933437e+00
7.457007364877293654e+00
1.102371687583917570e+00
1.282326292517711908e+00
7.593330466170354676e+00
2.793923046192301030e+00
5.963234774512695680e+00
7.529207428161131865e+00
2.283806143380951337e+00
2.107029793813423257e+00
3.238307969991458535e+00
5.624181266819290315e+00
3.500757514103128187e+00
2.581318976697239087e+00
2.183557841343592543e+00
4.852819329372553447e+00
2.431830645253044931e+00
1.321788280091357848e+00
1.187788877783491071e+00
4.053133913557322110e+00
2.191007744389007694e+00
1.808721327518173938e+00
8.184080862489521158e-01
2.672101829964399045e+00
1.080607840062369984e+00
2.370097209936488980e+00
3.269227329977660190e+00
2.118544611370857034e+00
1.871007240689046558e+00
3.921097878235511924e+00
1.487558233705660315e+00
3.786874102093984895e+00
1.712852231230318933e+00
2.295393856507414565e+00
6.105981341936107754e+00
3.626243489267049203e+00
3.088121161435581463e+00
3.142254318223902221e+00
3.599272295817538048e+00
8.877093837228389184e-01
7.244826553206308084e+00
3.211150017704157644e+00
5.675550071800762097e+00
7.076460556736996921e+00
1.502692402061906796e+00
5.806634434666055888e+00
3.112749786116371542e+00
5.277811370456360507e+00
2.099597578894980554e+00
2.435258833653846988e+00
2.833245981517724665e+00
1.257664163144300851e+00
2.129148251470042830e+00
1.457008737550197219e+00
1.855936466766204163e+00
1.867205602868528658e+00
9.043831153145708512e+00
3.792012793552405725e+00
3.833870754536491621e+00
7.286063815103773322e+00
6.541984163418275600e+00
7.498365764553352797e+00
3.557537676455613695e+00
2.407245054891270275e+00
6.865410360126728007e-01
2.775641908921750112e+00
1.062601107661975908e+00
5.334660246132712835e+00
7.519339364371431245e-01
2.135371705854433255e+00
2.063171391345291816e+00
1.240786940223374657e+00
6.863022272122876188e-01
2.550192312161399411e+00
1.386517073763454677e+00
8.505270932211460577e-01
3.103244300723743798e+00
9.035860530582988659e+00
2.076281158422220052e+00
1.566638429022046752e+00
5.959632234559931518e+00
7.720669066195431363e-01
5.049826704947951939e+00
3.090485453090679346e+00
1.265089015332419464e+00
1.330426315720998787e+00
1.290938759828828664e+00
4.873225564083892181e+00
2.088848555876154922e+00
8.411803538632867117e+00
5.025445466767451963e-01
2.889472989046224960e+00
1.259593180626645159e+00
7.622788480887249918e+00
4.179549676562630545e+00
2.733225251535072786e+00
2.166990794824906086e+00
4.241390369159053542e+00
5.340295034360401871e+00
3.190396242380777014e+00
2.766850336984505887e+00
1.174339376475445729e+00
6.937785348746857927e+00
3.896355433865200446e+00
2.837023965762032418e+00
3.852627987808539434e+00
3.023140248038099998e+00
8.950340611040062955e-01
1.175193959796518639e+00
5.090660466469048018e-01
2.976467837396247873e+00
1.640184846844181754e+00
1.066805398631306856e+00
2.623920409661624209e+00
7.058203351301132189e-01
1.510476372015997715e+00
1.795537681361702997e+00
1.786732865564194528e+00
2.716124335794450229e+00
4.505147245011530188e+00
5.252906712012322288e+00
1.178806145126627625e+00
3.259522767683726840e+00
3.656016997798725132e+00
3.177809524022753962e+00
1.996965925209958526e+00
6.914903517989269943e+00
3.079682608390975407e+00
2.787230207217242572e+00
7.691526603593155098e-01
2.869099736261735423e+00
1.002571232961758430e+00
3.432621068561716005e+00
2.932978697802848256e+00
2.976798782153992740e+00
1.446024794131715918e+00
6.024094737178065984e+00
8.309407759135414295e+00
4.562938038402435947e-01
5.617862133020764759e+00
2.867673945922069478e+00
5.784384845129161512e+00
5.510766389564318857e+00
4.623837362869842593e+00
3.090841912207580755e+00
2.397502568790199184e+00
3.442427107124814256e+00
3.616880763910357732e+00
6.032367712854006747e+00
5.941955600191656472e+00
3.300714953884892999e+00
4.452500553538825123e+00
4.036521557200928534e+00
4.472309016035571183e+00
2.865893129386368088e+00
4.816603387805236558e+00
1.808522138023396897e+00
5.811651745056030549e+00
4.716106551740256059e+00
6.127885088803723512e+00
4.259630714301872345e+00
4.956389924460588681e+00
1.872098441890673648e+00
3.196954811675960961e+00
3.082664309034563566e+00
7.845127162881943228e+00
1.559710462727079250e+00
5.278973212870956999e+00
2.973395842256276733e+00
3.294610298947976634e+00
6.257971894341360475e+00
2.143121716839394342e+00
1.366184868749489301e+00
2.788480652541541094e+00
6.674821269008609725e+00
4.572326409095863298e+00
1.294895938643639166e+00
1.688481788020969487e+00
5.175197469942100170e+00
5.659687204531096860e+00
5.500358906851225527e+00
5.333913299581552359e+00
9.419702697334201957e+00
1.773011132449911154e+00
7.404006469327778284e+00
3.356277063229348823e+00
4.807861896838705462e+00
2.216089491359383989e-01
5.363908683823448875e+00
2.873494610533587679e+00
4.261016473156414186e+00
2.480271361254749340e+00
4.202313128822184218e+00
3.579795278620619303e+00
2.820542439116243916e+00
2.089788722124573450e+00
6.957434499334637756e+00
6.247108410453832583e+00
1.282363580070278619e+00
3.501038142923802443e+00
4.760875020677815428e+00
5.623971937803834642e+00
1.565359182092753043e+00
8.812474371825956831e-01
3.911941775068169758e+00
2.221862056771555238e+00
1.759295453408263876e+00
2.301154086382158681e+00
1.127982370047040384e+00
1.181103227802350997e+00
6.547419424701860002e+00
2.323128723225135417e+00
6.985302116405826212e+00
8.120068954947491591e+00
5.013251947366654804e+00
2.252863685111126557e+00
6.563358714159502227e+00
1.906065855030615985e+00
6.585743080671874194e-01
2.993991365457116416e+00
4.138190446735736217e+00
5.866259091343480669e+00
1.168932195672220287e+00
4.805164264264553786e+00
7.330724096242396959e-01
2.544647163404270884e+00
1.785124222817919382e+00
7.066916335797882587e-01
5.001238556358998721e+00
3.304343328196963636e+00
1.046538399122026419e+01
4.006034280271716597e+00
2.134590166934188460e+00
1.964963916544032463e+00
6.140904515878589542e+00
3.042771637542230678e+00
6.118622838647923556e-01
4.266203706381844540e+00
3.320861433622688708e+00
2.598519900510429803e+00
1.774096429418110743e+00
4.108968639689950741e+00
2.040745238650300220e+00
1.547076700463781318e+00
2.022097205974677347e+00
6.858065679676823567e-01
3.205244560479930893e+00
4.518787658773189442e+00
4.177855900360105679e+00
1.263330645346548486e+00
2.332706984178563481e+00
1.737719188399094783e+00
2.279729718878169997e+00
4.203033479469560518e+00
4.807377647535598264e+00
2.973233485112437013e-01
3.156564671920762954e+00
3.597054005344090255e-01
2.862603332820347291e+00
5.841547091237099032e+00
1.548189702427673620e+00
4.412362001235415221e+00
1.112726070661447464e+00
2.004655059524658611e+00
2.892804049072957628e+00
1.751599424384939985e+00
2.617937668982339261e+00
2.384755095024222449e+00
1.697766166064802240e+00
3.484729530708937428e+00
5.366709657070262374e+00
6.532686136459269655e+00
4.182098536248230580e+00
3.951594489692257905e+00
2.897013931977896473e+00
3.626198271085603775e+00
3.765397694439460263e+00
6.655461239744280277e+00
4.918699076113809632e+00
1.320827845556869606e+00
4.704208112966355770e+00
7.584695696797175479e+00
9.097913314456999023e-01
6.735764905161436555e-01
1.264087497873854327e+00
4.837870958516749198e+00
4.433355225118095433e+00
4.796093752235736751e+00
6.347226474803731477e+00
4.497772038717421594e+00
2.196609800893119857e+00
2.181584467230460955e+00
2.609786338106797832e+00
5.048901198753678266e+00
3.567467995423631244e+00
1.084917936947300543e+00
5.106036281050813086e-01
2.884062520318438683e+00
1.119167986744073584e+00
9.449316105988523340e-01
5.425429493624988275e+00
5.127288194514186159e+00
1.282233027642876610e+00
3.405604500484052721e+00
3.970360805809952875e+00
8.454969725489511756e-01
1.681501908333134843e+00
2.140533212989049527e+00
2.499720881212667223e+00
3.057818910795713663e+00
1.175537279968168924e+01
7.585530282085135578e-01
3.523140270404854668e+00
4.710765459882128248e+00
1.076364039430518060e+00
1.876477120068342996e+00
4.757944191112647658e+00
1.818472125633321612e+00
2.792208686401942863e+00
2.504075043450896487e+00
1.084483375182764942e+00
1.573797041282044562e+00
3.895146697268865754e+00
7.850106643928771000e+00
6.490348219347493952e+00
1.807867055636463549e+00
5.128213111313190353e+00
2.437503757653513237e+00
1.260973243591958504e+00
6.876764189950754336e+00
2.446856260924663573e+00
3.808413562002076480e-01
3.240741049370710503e+00
3.748025948899790460e+00
4.899280141945254741e+00
2.288619491745674139e+00
2.211801043342744411e+00
7.402415723842305617e+00
1.995976821759708919e+00
2.305559519671755542e+00
4.638118200982720651e+00
6.601485572480852326e+00
2.561823771833613872e+00
8.507871087411420064e+00
4.982123336593667240e+00
2.850278645980557357e+00
1.739720749050102322e+00
2.938928423798787382e+00
3.239173205012151779e+00
3.567855847496913313e+00
1.658743406487288796e+00
2.987844813431653090e+00
6.484351938251791125e+00
1.214281109397273184e+01
7.931377439404128538e+00
3.133144868919164328e+00
9.349206541494851086e-01
6.629562636916690010e+00
5.527855891288441903e+00
2.350967245406107686e+00
3.219345511392972092e+00
2.021007037241246529e+00
1.538939309236607711e+00
6.832229768793786073e-01
3.952196206537315071e-01
3.462832791930666509e+00
1.245786030906874897e+00
4.785403055231254754e+00
3.315820074332946898e+00
1.803969818472245024e+00
3.892777714816338719e+00
3.010481456545389456e+00
1.051869501927595207e+00
6.946809845511802139e-01
3.602149045115864645e+00
1.627650731154489216e+00
1.158084746851930191e+00
3.683914362123177799e+00
3.446644435879294477e+00
2.167326542114952570e+00
2.324287935847911157e+00
5.961254098149142422e+00
3.690967459924368033e+00
5.996869532178984663e+00
2.291915398140830895e+00
2.246259876783760490e+00
4.881711200889842672e+00
6.943525359433733612e+00
7.713089269375138279e+00
2.543054030826433998e+00
4.664308615211502307e+00
3.065147391487453632e+00
9.017264984767602298e-01
6.508842969238020970e+00
2.327776490349128480e+00
5.356978890789349634e+00
5.906667363837503792e+00
4.675967827063803206e+00
3.035276042211382475e+00
1.279010095372630662e+00
7.762011841624494757e+00
1.489498890931238551e+00
1.635760231559296729e+00
2.654469193673064886e+00
3.190127678613409401e+00
4.039387939761879487e+00
2.472859938146314995e+00
4.228538083069535602e+00
2.687674075122407302e+00
2.960169446237167712e+00
2.874181828867781174e+00
3.918749604397298025e+00
4.360449659535425404e+00
2.063930035897385551e+00
3.582408804062807484e+00
5.013494171068159311e+00
3.216141425440928625e+00
4.557228653371120153e+00
4.079689613178764773e+00
2.650467857918605397e+00
8.741409909047677118e+00
3.339815945650573159e+00
3.898530807377563745e-01
1.324721793514534118e+00
2.216556315304310409e+00
1.452677358231264371e-01
2.219294638944129261e+00
6.894431889971227356e+00
1.702873661034327579e+00
2.467146521072146825e+00
4.393133094244677572e+00
3.510259297444630722e+00
9.550555798411577424e-01
2.192003324177151491e+00
2.887428254620918899e+00
5.584583320290230635e-01
1.034218073091853762e+00
1.989523948668718401e+00
1.289819986649898720e+00
1.007848255180987973e+00
2.355300080485065450e+00
1.216515436774945336e+00
3.931330806766673902e+00
2.312170388071169480e+00
5.294032663033044983e+00
1.767742906485232357e+00
6.424028576055842876e+00
3.273226533859015852e+00
1.987657016773232810e+00
1.786142112528447567e+00
3.491685068876192233e+00
3.288778937485622667e+00
6.529698571393691697e-01
2.858848578358379022e+00
1.283296664630466877e+00
1.045096102354592160e+00
2.057355129141694494e+00
2.170059195668673890e+00
4.503374149302110108e-01
3.859809700247322173e+00
2.301693120652667179e+00
1.835112725627176200e+00
3.801232218907322657e+00
1.024760786605339202e+00
1.019233034176201924e+00
5.769573734986041202e+00
1.067037385993109488e+00
2.021717627608896617e+00
5.396423960203249770e+00
2.317585845042006376e+00
1.219482423396873516e+00
3.840831149876922979e+00
4.411751145245479400e+00
1.638996428342026634e+00
2.971113057329811014e+00
1.459978098032107097e+00
7.285351821905369896e+00
2.215845109415184311e+00
3.515432060417601701e+00
1.613668017346770789e+00
1.961118928742014100e+00
2.349233467921725271e+00
3.254652280285885269e+00
1.062274807352711070e+00
1.983419398178132287e+00
6.285634929863621601e-01
5.896929598940929829e+00
3.459072278459500271e+00
2.320139955693563572e+00
1.316167846779031869e+00
1.476805332810051885e+00
1.819701633132079222e+00
5.099410641730854898e-01
8.070640096837815580e-01
4.828458959468066247e+00
4.225138739579920255e+00
4.461346849074803167e+00
1.989738616963486972e+00
3.630832127705821311e+00
6.358643685546421231e+00
2.735602032546604168e+00
1.900396834144330249e+00
3.563743095952482065e+00
9.957660528010366940e-01
7.485980221322366290e+00
5.870387901838515887e+00
3.142396218778233496e+00
6.373200725249101417e+00
8.364089736465358804e-01
1.301542385241597044e+00
9.663729372113172289e-01
2.899639891717229911e+00
1.114289064982750599e+00
1.064010555229217614e+00
9.101173250355794053e-01
1.960192245803846323e+00
2.594453298305010591e+00
1.729489701855873918e+00
1.198924032823562413e+00
1.066140716576361225e+00
1.535496604794877040e+00
2.871439990646153628e+00
4.437876556022965602e+00
1.110152556085821196e+00
3.426231596483306774e+00
1.897292591928971817e+00
2.603893303469024367e+00
2.278757817785336481e+00
9.165272061391385172e-01
3.077617100099521164e+00
1.684838081183368086e+00
2.468104916355111644e+00
9.975234493861270257e-01
1.816599203332081469e+00
3.429588351318382689e+00
4.785057274083253986e+00
3.398447797254605884e+00
7.480052690719285025e+00
3.541256992812627846e+00
5.158611995267894379e+00
3.926686096646060165e+00
2.252709454710934533e+00
7.760398853963481614e+00
4.203001590156305589e+00
2.913773866542692659e+00
5.282955102633254185e+00
7.633451936457002596e+00
2.720050727183463746e+00
1.773877896850799774e+00
4.733474110138320867e+00
1.449266175119090949e+00
1.789250189115910050e+00
3.946154005522550801e+00
1.926455245969426855e+00
2.571169606418053810e+00
1.759107063047643305e+00
2.221186619397341300e+00
3.412393665237185569e+00
3.143967355252787588e+00
4.907627523692511318e+00
2.768328268314456775e+00
4.058397822862936266e+00
4.674598859724304667e+00
5.695640597855867071e+00
5.384100951444303895e+00
3.459047035467143871e+00
3.274147278353819246e+00
3.302819732067328040e+00
1.618219853948864029e-01
1.540849269511048281e+00
1.932152796422184959e+00
1.660977805836182153e+00
7.859051520534350743e+00
3.597476937766366234e+00
7.722383690801042810e+00
3.381212647432389140e+00
9.490491867471640974e-01
1.807235600590976432e+00
6.358376795377109758e+00
2.092099487462213858e+00
4.621235100012372143e+00
6.227907038770541526e+00
2.642167186166591186e+00
3.322213998883627895e+00
2.343031890324706268e+00
2.827129693838313695e+00
1.951169820665416665e+00
7.346939644443255979e+00
2.073519708949439710e+00
2.456117872046806205e+00
4.851493398495398068e+00
7.431047480004239425e+00
3.320014476603163622e+00
2.790622042746841558e+00
2.606913489969430398e+00
3.161805993359618761e+00
3.986006492657369282e+00
1.266103389568537185e+00
4.101474843030427309e+00
9.641561040840377572e+00
2.737846835973567927e+00
1.415927243800437330e+00
4.775907242941307196e+00
2.611505405114370681e+00
6.563540056152227464e+00
7.329584838672246860e+00
2.713878247175967928e+00
1.750110259310153848e+00
3.699585726335258062e+00
5.225667307629186631e+00
1.044736138961668948e+00
3.730366681521378180e-01
5.746684863420392197e+00
2.478448951307112402e+00
1.060510677525799572e+01
3.650310567873436440e+00
1.045797097567227718e+00
5.218440953589912334e-01
1.403337623560895420e+00
4.589689836874921269e+00
4.188389432856900463e+00
3.471405849241393948e+00
1.151640553165353298e+00
2.487930930033979415e-01
3.155043216892289948e+00
1.429132653622674942e+00
1.851396674834307143e+00
4.506380160317704942e+00
1.495066028372383782e+00
8.462421310939262087e-01
2.819409861494793557e+00
3.386993177029608670e+00
2.549618131014084632e+00
5.176177252187219580e+00
1.785672040920769810e+00
2.363478228489775734e+00
1.323179346626893738e+00
1.749596614350558577e+00
2.618290826226144397e+00
2.430065836937221668e+00
1.254797473555754328e+00
7.512312087516123782e+00
2.434738935800906834e+00
3.900870828961758630e+00
1.542353378897312721e+00
3.629799690069452911e+00
7.128089906845734625e+00
1.640534561061194996e+00
1.855569019160721034e+00
2.278432842982831108e+00
3.303707278428582583e+00
2.294973816365926123e+00
3.573205278027129062e+00
1.102640168143753430e+00
4.871089224196918366e+00
1.256234258118630320e+00
4.077754019684689979e+00
3.449659945376024606e+00
1.132464393751540621e+00
2.005562968844234462e+00
2.680294077637705108e+00
4.450181745248417364e+00
2.605121094297156326e+00
1.765998663813155511e+00
7.112337661016062684e-01
2.853958412395333433e+00
6.975958370667330044e-01
4.069810426340854548e+00
3.326029180115381845e+00
1.695955562255543558e+00
2.719947415447009131e+00
2.896683360077580982e+00
2.659009261431082294e+00
4.719377398656737554e+00
1.479694401448786278e+00
1.204127858848228705e+00
7.666635290536127023e+00
2.159466368896253208e+00
6.722891570671038153e+00
3.856657408206004778e+00
1.230870310167709203e+00
7.181950988300537020e+00
3.239414505120899346e+00
1.363677724415762293e+00
2.380648030614274546e+00
9.674134052977447773e-01
3.840300332215397905e+00
2.582637604288286148e+00
4.743132170028807160e+00
2.440241641590730648e+00
5.538192274902439038e+00
5.329488664548863497e+00
3.850078220660540396e+00
1.841805519072212682e+00
3.184617663008921351e+00
5.968372473959283830e+00
7.679966149882710980e+00
8.746356220722002472e-01
3.957304197347654817e+00
6.235067300228013920e+00
6.411544306959703343e-01
4.779911326334977950e+00
9.145608915359009217e-01
3.211802057823492706e+00
1.496127391417365615e+00
1.822345560856122981e+00
4.418970342218320191e+00
1.753423928239363994e+00
4.056157926505222555e+00
3.195875446584215407e+00
3.763049558180246112e+00
3.732599262648590432e+00
2.216146042073672717e+00
2.044530184646686788e+00
1.458100233360394515e+00
8.908205137064579837e-01
2.826473983657553202e+00
2.187117349076077577e+00
4.894454024619314114e-01
1.644848001460435416e+00
4.394716962831060059e+00
3.771539969500250944e+00
8.366448443459578499e+00
1.044847749055521913e+00
4.269470961850803548e+00
3.702232738653610689e+00
6.867592957621763361e+00
5.549004406414994151e+00
3.122672138521573881e+00
2.055787085789504864e+00
1.195645901980067372e+00
4.783229362231637083e+00
4.286907281688305815e+00
1.427861997338195632e+00
3.483502889612400288e+00
6.177325446526763741e+00
8.346410212302713960e-01
3.719022696898383717e+00
5.601571697953503737e+00
4.131320855159332339e+00
3.836093360880085790e+00
3.833039386999065101e+00
2.232384279402617633e+00
4.671225206448820444e+00
1.333418547682268418e+00
5.442516342559137854e+00
5.573002272384059985e-01
4.320223914963264633e+00
2.072364941425249185e+00
6.523268257693396244e+00
4.556649147225529717e+00
3.848711162429749422e+00
5.174580038734290177e+00
1.655747959197790165e+00
1.443118749826689307e+00
8.112199543132521118e-01
3.864451328229499438e+00
4.976124406652530086e-01
3.766024573067082937e+00
7.675797564688703112e+00
3.060516924316452503e+00
7.301426158368286679e+00
3.828449365061572518e+00
7.717057956604867819e+00
4.997520276252260807e+00
3.389266684959007403e+00
6.558557939986904728e+00
3.061973498546510797e+00
1.706158345366069806e+00
6.000949169959072016e+00
2.522543962532689754e+00
2.633620361590922165e+00
6.783318953604615231e+00
5.320007842604481674e-01
6.327640487123791679e+00
1.529424625599491439e+00
2.484394049796522452e+00
6.065656900426575682e+00
3.218424942237348318e+00
3.229757047007855597e+00
8.198277399676896504e-01
6.923784472570669868e-01
4.026773126667924529e+00
2.044578583155063800e+00
1.302331968254746952e+00
5.789991619126676703e+00
1.931640278362622754e+00
1.046741224651036539e+01
4.643185321227677242e+00
2.140587066215406065e+00
1.027432412249600580e+00
6.463531864881058020e+00
8.882404908051571013e-01
1.612907940238760496e+00
1.713352743713418613e+00
3.908091854586167813e+00
1.255586069639018865e+00
3.197137781706419268e+00
9.495130389093063839e-01
7.268597451948859423e+00
2.194914144145723167e+00
3.379333447005231861e+00
9.225620909890417387e-01
1.714670290563257371e+00
2.285668186701350635e+00
6.851388031547382518e+00
1.929669300270254961e+00
9.148385116982475918e-01
1.379354362801577416e+00
1.846178554472210909e+00
2.974961515033688997e+00
1.901544514980667566e+00
3.665006300178285770e+00
1.304780628320323821e+00
3.383067840386328573e+00
1.824087706367751416e+00
4.620216480116087432e+00
5.432860591974957742e+00
2.130484496391715332e+00
4.690994765645471354e+00
2.280179850156490939e+00
3.586082799580105895e+00
4.118814629217108170e+00
3.506604582760652011e+00
6.301312643554844328e+00
3.182068121612595224e+00
8.585798132008170214e+00
1.250874405744992757e+00
1.375793690537441272e+00
5.799508019760931887e+00
1.914324701398127715e+00
2.227864388462957201e+00
3.345902236078095005e+00
4.002565212683276030e+00
3.166214008820054993e+00
2.504937911956585772e+00
5.590682579082550951e+00
1.524098267813618124e+00
3.110143134954739708e+00
5.654609252348697268e+00
1.110727292469835925e+00
5.714877317083431052e+00
6.491190540345245230e-01
6.384432129523489152e+00
1.331869146695326744e+00
1.283772570292733173e+00
2.542759205034204939e+00
4.506188758641672010e+00
8.788646470444485104e+00
1.602733340412411556e+00
4.209876771328134204e+00
6.204793438439083708e+00
8.416163280093239552e-01
5.038085944238443581e+00
4.438072640802194435e+00
5.941711230089364859e-01
1.316333005353796937e+00
2.931699172501160966e+00
5.756677345002655599e+00
1.027848349965169827e+00
3.443051642252156430e+00
1.892336469988215031e+00
1.277310278375942243e+00
1.123101840823485276e+01
4.445247647775492972e+00
7.410306470777724419e-01
3.449988822141990319e+00
7.871300922585607873e-01
2.282784211164245125e+00
3.951180577681244088e+00
1.065905468971293901e+00
4.852618921356007808e-01
1.323315412315044570e+00
3.334754828040189079e+00
1.313758101403618817e+00
6.608839191604404029e+00
7.602123349941158903e-01
2.033700667280250229e+00
4.824876197051779059e+00
2.006347570656620505e+00
4.466059461613486548e+00
5.376126602683799938e+00
6.824503033579556899e+00
4.760179146693948482e+00
2.880468321744706017e+00
1.734839383048785155e+00
6.816819172359401158e+00
1.698566816381720024e+00
5.147001561029492578e+00
1.928014150282935990e+00
2.282153242258054604e+00
7.611329106676911760e-01
4.214713094705482277e+00
8.385144430009153993e+00
2.862493404544690367e+00
4.168073260248610801e+00
2.149347797096337942e+00
1.810300219615622819e+00
8.187265288971863342e+00
2.353666986483077928e+00
1.770899016610161691e+00
4.318265110791766226e+00
1.693642352061677903e+00
1.214935766607108780e+00
5.597683422189869695e+00
5.043771020064649058e+00
6.712369654276526099e+00
3.174286727825254673e+00
1.572691455168796271e+00
6.349270364904989528e+00
1.338762467373820320e+00
2.557258952752980097e+00
6.782463865373208334e-01
6.554921355536777128e+00
4.705730911717929565e+00
1.577040028238471780e+00
4.126959336313934301e+00
2.221012707338018366e+00
1.859329801469108867e+00
2.142029381022334089e+00
7.982441477589589773e+00
2.474824372217347079e+00
2.599895931476869038e+00
5.225673351761457752e+00
3.014330226740873808e+00
3.827599644207799745e+00
4.037404130491831999e+00
1.869189053990328198e+00
8.926994215850893255e+00
1.538284353635630319e+00
4.097774322996643015e+00
7.605460279071468932e+00
2.564322406723562597e+00
3.727140191672979053e-01
5.121778816654356525e+00
9.670136932117792128e+00
1.956345262144840280e+00
3.928267033056179081e+00
5.543869592680028546e+00
3.114106553170637781e+00
3.046516722706281932e+00
4.293736656269065755e+00
6.298717326393458826e+00
2.821552500031314636e+00
5.946078899359021896e+00
1.235100545366361491e+00
4.683382800786616507e+00
6.272417514651655424e+00
4.185584761485443117e+00
7.776561262237388084e-01
1.242542264971622012e+00
2.134316849606365807e+00
8.787010008231835201e+00
3.224942989140739513e+00
1.013464851563908420e+00
1.036548896081631144e+00
3.473449594527653339e-01
5.280877896050285791e+00
4.678031837571849039e+00
4.101363447570523846e+00
2.846433598607412296e+00
2.607738166997024987e+00
1.738893332645185419e+00
1.160774605489632627e+00
3.302241274210182986e+00
3.056692438920792565e+00
1.917494005168652649e+00
6.961910065881297127e-01
5.149512032415185736e+00
1.655666881731336471e+00
2.173137548646793871e+00
1.898054230953456489e+00
2.081581626434939380e+00
2.349658263213938003e+00
6.230666004655718737e+00
4.142628622594353160e+00
1.519849632595573485e+00
2.206663837356177105e+00
2.910005447737952888e+00
2.660539222439000095e+00
7.036692668348260682e+00
2.068043794983215999e+00
2.713600176134051800e+00
6.140878077139914737e+00
1.880046442555669772e+00
1.835669486371857895e+00
2.675999646950687261e+00
6.834165948032763005e+00
2.412173629667199393e+00
1.514022707636724974e+00
2.071355918747068703e+00
4.722143383777572367e+00
8.106753627448632926e-01
2.006724115850583523e+00
3.654217716384643655e+00
7.354090386085019304e+00
4.488061943966417999e+00
1.367527186827615315e+00
8.325316878997840453e-01
1.912415473643787944e+00
1.901907064314000584e+00
3.580192002042231536e+00
1.865597339394014842e+00
8.214434558894296856e+00
2.233569801865687321e+00
1.445048707045078373e+00
6.646600978877139632e+00
4.168186925673721177e+00
3.116255906300146705e+00
5.076511674535684193e+00
8.226043821196508787e+00
2.619386263333541631e+00
7.306941862836954016e+00
6.249812978271336306e+00
3.908478615273165868e+00
4.236328521682951376e+00
1.801471839131293828e+00
1.794895673152348659e+00
3.509720326375311839e+00
1.997470768319949075e+00
1.910898020407435949e+00
3.056905945027888816e+00
3.293741798961081990e+00
2.226483384078124406e+00
7.953153948691276121e+00
7.209055495499319122e+00
2.145901101928074706e+00
2.204302439346829789e+00
2.884951998111086713e+00
2.808198837990045771e+00
4.515402393173082451e+00
5.405407355108374112e+00
2.952019817502642418e+00
2.407887405778452727e+00
7.102593684332696888e+00
5.083237017702808558e+00
3.815378295053724944e+00
3.182336997121028244e+00
4.347313796086587079e-01
8.015136665351066947e-01
3.664082995602975679e+00
4.412386990719785018e+00
1.823520516155530791e+00
8.066647238890525262e-01
2.932756350270255385e+00
3.869670830040096821e+00
1.365605858169134157e+00
3.215273146745117661e+00
6.251985091806813166e-01
1.045481381696925727e+00
6.978748076150157686e+00
1.542862052677376861e+00
2.356744268591843827e+00
1.374276132201304179e+00
3.662861204569474172e+00
3.048507441585803335e+00
6.810890103483592917e+00
2.699117738585827375e+00
4.288895551777654802e+00
4.372104509280292817e+00
6.326264997525366418e+00
4.264832581482881579e+00
3.143716585358948823e+00
4.398196192322508580e+00
6.282484567050288682e+00
8.529812593470567084e-01
1.471383582595248374e+00
2.675776335017804097e+00
9.942604760980550127e-01
6.456080929821357728e+00
3.515282269572985285e+00
3.943882883255401595e+00
1.735968197930786827e+00
2.701731739872979432e+00
2.352094969744238373e+00
3.217840696248016830e+00
1.542267040774346842e+00
2.926212636083155516e+00
2.277843016902205697e+00
5.078427722133900701e+00
2.784741146307311066e+00
2.573296956208956043e+00
5.166161858021003361e+00
6.932657317121830864e-01
1.575868198851466229e+00
8.482757010097796702e-01
2.282222165478569487e+00
3.046849989140150594e+00
1.414437526264367806e+00
5.499740865467680484e-01
1.627154126213926855e+00
4.208394289597764626e+00
1.265744130275662904e+00
2.513167681121192931e+00
1.215802121024218918e+00
4.156761758216320324e+00
1.844264736703713492e+00
2.647349025914016440e-01
5.856156688651329434e-01
2.565899828877002964e+00
1.359650077449447103e+00
1.436310462625422613e+00
3.408389474020506960e+00
5.635382502521204096e+00
3.901401134270770843e+00
6.525153989574247193e-01
8.695115940284239286e+00
3.287859927243482527e+00
2.680821821627199508e+00
1.178615548350866904e+00
2.567458972541408091e+00
3.312790289158578982e+00
1.859844593225943310e+00
9.953699098138539370e+00
2.733965105969304865e+00
9.001144230487637676e-01
3.398299844220132648e+00
3.404388410417700239e+00
3.279055899290523879e+00
9.199781558915507418e-01
2.125200634377579778e+00
9.300751739876834678e-01
1.978466432188435764e+00
1.485594514747678563e+00
1.185616233247495543e+00
2.054575937564651955e+00
3.203141484483373436e+00
3.486196830101633726e+00
3.870581676139309479e+00
4.972368326356852108e+00
2.917725228363200696e+00
2.788865805234438167e+00
6.178763070443379357e-01
4.572168777944448870e+00
3.700718070966579898e+00
2.867349905753103112e+00
5.905165804384311379e+00
2.863642758054367743e+00
1.055699045741697972e+01
2.604673592349954880e+00
3.944602802534776576e+00
5.653555108589014999e+00
4.805001253780329051e+00
1.909678842665157639e+00
5.612879076586685834e+00
2.521725158525123245e+00
1.982628310027500840e+00
4.351800759782562089e+00
1.607464656568038830e+00
6.633122211226914366e+00
1.692823672192070639e+00
3.435058989842180832e+00
5.843422752172889645e+00
2.540059217192741414e+00
3.308080537226528062e+00
1.567417259019202147e+00
1.525623149187566696e+00
1.220127553281002530e+00
1.827141656730811636e+00
2.514343620060647044e+00
2.210122123122996829e+00
2.234099706682675102e+00
1.248996903789284474e+01
2.337990783089928915e+00
8.703594258694969943e-01
1.428100222643893691e+00
2.668630939438932259e+00
5.841944591573533074e+00
1.072609730859310107e+00
1.171736901605054726e+00
1.312803036890123787e+00
1.213363342153915614e+00
1.668100999689416275e+00
3.040032891527540748e+00
4.544220732993819567e+00
2.460377608971739960e+00
1.272761833662982456e+00
1.987611366297777238e+00
6.287800800272354884e+00
3.781237598490783114e+00
4.299381756017315759e+00
3.050048100991020750e+00
7.320044141923099268e+00
2.547538974229982767e+00
2.469262363595372989e+00
1.247285494256740845e+00
2.623620394040466763e+00
1.216235026986213663e+00
1.301577327798427053e+00
3.628521692574943280e+00
3.737038904910461756e+00
5.115285060669873651e+00
4.788535952585431410e+00
2.511763571266292683e+00
3.244704710131089964e+00
3.635492686282959518e+00
8.439653935134512341e-01
8.898304596693030533e+00
1.448048480337842836e+00
1.656164351055573025e+00
3.831801529277304219e+00
6.998803954660583138e+00
7.900449222482748723e+00
1.541951941522158975e+00
3.940503136131603412e+00
1.045276796625934645e+00
1.538278345010972492e+00
3.676181094508977232e+00
9.747030811492408020e+00
2.612017540229572443e+00
4.065259855557053825e+00
3.827767024681866026e+00
1.815935511917323719e+00
5.044276774867435531e-01
3.882366452839988824e+00
1.807342857384207635e+00
2.475669160867566276e+00
4.995135740957579729e-01
5.194405518440409431e+00
1.047132391052496114e+00
2.833320430512592747e+00
3.819980722413978125e+00
1.876339102520082625e+00
2.660550526794885240e+00
6.778300171636561622e+00
6.868865887843901064e+00
3.776479867339082919e+00
7.048068414035061346e-01
5.174341685939140234e+00
6.239714620657582422e+00
2.926461929407123463e+00
1.700256821860062662e+00
1.715019916414206147e+00
1.786482897320004426e+00
4.970425881704738202e+00
7.019916267185446479e+00
6.840436927988974070e+00
1.368274841473394510e+00
7.447522778881595862e+00
2.400370758779657443e+00
7.234420872081234855e+00
1.872631915214844511e+00
2.165520360486281159e+00
1.482695193694615110e+00
2.619794258081881821e+00
4.113027196504746463e+00
4.801021107360382345e+00
2.344804720273776066e+00
2.508056004475807566e+00
1.711867400872610467e+00
3.750772435598769050e+00
3.521444857427597164e+00
1.697593991584713802e+00
1.680600114108151688e+00
3.687245160821708279e+00
5.029409200635226895e+00
1.505731869846257842e+00
7.804883509101301353e-01
1.379874410088699932e+00
4.763062657108796949e-01
3.434371851112400176e+00
6.061583694549386614e+00
4.693597717278566783e+00
2.988956814287532460e+00
4.898148774574035968e+00
7.198492113514748381e-01
3.811131821086850113e+00
2.956867024674601829e+00
2.447731646003533879e+00
7.667238789277562638e+00
2.292037511548665307e+00
3.392505108131904645e+00
4.029685358116354088e+00
9.090560874464141961e+00
3.377482074089067865e+00
3.611807545170477862e+00
1.609880153724242868e+00
5.024441998830603495e+00
2.290003364153333276e+00
7.089181250591387595e+00
2.366430192478003125e+00
2.683950333092221197e+00
1.315714387520541706e+00
1.984263707716690917e+00
2.567029426615071941e+00
1.041919170540558381e+00
8.088210034860147113e-01
1.360839675102650581e+00
1.895965084345940577e+00
1.394133957280470293e+00
5.635450815563752158e+00
4.285969611443265492e+00
3.684581919656878313e+00
6.587563815657782484e+00
6.552813231445672848e+00
2.927401386092333802e+00
2.432275690524969392e+00
4.403555974054919275e+00
6.800134176907981498e+00
7.081327555428787335e+00
2.760083836931221501e+00
9.999818900523806953e-01
4.181211690258316516e+00
5.146341044193698089e+00
4.421577618910744967e+00
4.275359577114534737e-01
2.121301711480371388e+00
3.757337232440938202e+00
4.055199288262990365e+00
3.774098024157663378e+00
5.060281972167688380e+00
1.610354603576685362e+00
1.620767604534814499e+00
4.974669975012326439e+00
2.089539024254100763e+00
9.789215582901322321e+00
5.910836400920906009e+00
1.573726127232744521e+00
8.160910314381169428e+00
6.503577435741818569e+00
1.486611588117722427e+00
2.241233245088156689e+00
4.001486620932286797e+00
3.868077857614916848e+00
1.534726467932728822e+00
2.702697121528097490e+00
1.723813096544437595e+00
3.215270559164500774e+00
3.051587952095082823e+00
2.183867854642437933e+00
4.776925128789945241e+00
4.834929904159369407e+00
1.181783617971844391e+00
3.317753938866185859e+00
1.395584837525336130e+00
2.308420454245157405e+00
7.000047004784126781e-01
1.670730561967786132e+00
2.206108894439905654e+00
1.359537165455783958e+00
4.060404339147055452e+00
2.201381577843456672e+00
1.647155594439605464e+00
3.457734571748914743e+00
4.720690271194953880e+00
1.352907868481667331e+00
2.661832991850021202e+00
2.575158101916696030e+00
4.492787019721627750e+00
2.828330120997983421e+00
2.199630305219865800e+00
3.444258686073315534e+00
4.338913211145399629e+00
2.027455313980401463e+00
1.126722653553774878e+00
4.302546560363740724e+00
2.994711519759954754e+00
2.245870141782990714e+00
9.685017921693593879e-01
2.221563405760074161e+00
9.512325264511131140e-01
3.652054519439485780e+00
3.976931124802026485e+00
3.525033167460312811e+00
7.457961527590380335e+00
3.318651514743597097e+00
1.431182420423163570e+00
1.944428088867665938e+00
1.519770463348098843e+00
2.316114651948923520e+00
2.567702187047172568e+00
2.937848067780711503e+00
3.457542122141494367e+00
5.213950687012967045e+00
3.862096475773389770e+00
5.374733698707122365e+00
6.139470183978373186e+00
1.072015619832706879e+00
7.914678293623008898e+00
4.778703768728125745e+00
1.212265959154827222e+01
4.224880611234809180e+00
1.265461455909936195e+00
2.524002017610379234e+00
4.268805709838768614e+00
2.984823886843473328e+00
2.026084762731202193e+00
2.976068333740577998e+00
7.176392667228984834e+00
4.782842193801309705e+00
2.777897340434880569e+00
2.982078900797426435e+00
5.276242259806577017e+00
2.596562657163851373e+00
5.303472633706555861e+00
5.917912840064805557e+00
2.708027683108547468e+00
2.321005867740237427e+00
1.650458507151258525e+00
1.420685058011539770e+00
1.712487645886753063e+00
3.772018187496456232e+00
3.914079905835206930e+00
1.010536257023382456e+00
5.718065224817210357e+00
1.258963263953339906e+00
2.425866202548512707e+00
2.488929081378768782e+00
2.278719818966378430e+00
1.103193217480944810e+01
1.027063792153183330e+00
7.024620028386913795e+00
2.102705599016390092e+00
3.174163736154055115e+00
1.338561427946819649e+00
2.075087383371845728e+00
1.954562724757848979e+00
7.652000400735521346e+00
1.160592651390982111e+00
5.951438282662766532e+00
9.567541806505907021e-01
4.355747020923813828e+00
4.272027609862776742e+00
3.237164839119160753e+00
7.562325437877020384e+00
6.101454091430563942e+00
4.259773023607316134e+00
9.866809663560607291e-01
1.459175411096463870e+00
2.728299695657328550e-01
3.316144857189807560e+00
7.536300209512726056e+00
5.614276729516599396e+00
6.805811555753958686e+00
6.461332927400984971e+00
4.624727611036902886e+00
3.602776295830175890e+00
9.435161934882221324e-01
3.117598159054530527e+00
9.874463924483931621e+00
8.089725217837923088e-01
3.950975572637634325e+00
4.988795750032683496e-01
2.313514313363888686e+00
6.311964617826869350e+00
1.278486008904242244e+00
1.472478612855715241e+00
4.942122672594774890e+00
7.506395206423477795e+00
8.394366506857123822e-01
5.194143327939213961e+00
3.719760712551364090e+00
4.375721269134868585e+00
2.506283000534339056e+00
2.529526302054152964e+00
3.262387707289120975e+00
3.656527285506565139e+00
5.550318864059057944e+00
6.815434348377388929e+00
5.872019104950412682e+00
4.553550494493246781e+00
3.757994715800598406e+00
1.778731705514343453e+00
2.247833953514212002e+00
1.180214573776336096e+00
5.992900062088007962e-01
6.596751962147409110e+00
3.216826694487604943e+00
6.433648945770908512e+00
1.753687647928237281e+00
2.911683811105779118e-01
6.547874140547286004e+00
6.540603241791612454e+00
4.059452580217696394e+00
3.069018734716436825e+00
6.598415571780977373e+00
5.787698569343684873e+00
1.790239680961623892e+00
2.287179065960180502e+00
1.682723790974071321e+00
3.407371832426544067e+00
7.243698014528889395e+00
8.599388787268235745e+00
3.347840802094510959e+00
3.139851241243234448e+00
3.251474040451921788e+00
6.272731119362938479e+00
3.302441354202164003e+00
6.691423217442289406e+00
4.337293588817708212e+00
7.009835622207002404e-01
5.516840645030214318e+00
4.459303261850431355e+00
1.483505680735264454e+00
5.293400500691110011e+00
3.703860135939806231e+00
2.158456539362312299e+00
1.559546770789763448e+00
1.115623163348782088e+00
4.926259150372340301e+00
1.719759139872630627e+00
1.678970809637893025e+00
1.962784737361597864e+00
5.290527482271560444e+00
4.468176486188146335e+00
3.100467352345934735e-01
5.482679447910513204e+00
1.525706391162192199e+00
2.613410704737867185e+00
2.789584277753089925e+00
7.063097976578783133e+00
1.811638984973231059e+00
8.240026510582031394e-01
4.989834709101891086e+00
2.507660072391279638e+00
5.904307710777840779e-01
1.409118022734409115e+00
4.412952413354191528e+00
3.359201005823702957e+00
3.573362164318367729e+00
5.668724120554568202e+00
3.703862449100494558e-01
4.968639826804772675e+00
4.210038811623736166e+00
4.207506546386001745e+00
3.591081681536958836e+00
6.010551053158603274e+00
2.280323581175337289e+00
2.232352073817641003e+00
6.790867085507242606e+00
4.533887037844531065e+00
4.496755878774267856e-01
1.098776602082764065e+00
1.110478824200815007e+00
5.750732587459744138e+00
2.410661864058549320e+00
6.089557588411497191e-01
1.811149044719739809e+00
2.890489130557483577e+00
2.665782779013550652e+00
4.480180860261649300e+00
2.051483834268423401e+00
5.564380858127334628e-01
3.574598246307906013e+00
6.981530473839689499e+00
5.738536556733659921e+00
2.961968251743911651e+00
5.876088621825258151e+00
6.582217746837280004e+00
7.564854797579282142e+00
4.017904506626395644e+00
1.014616861232365830e+00
1.385920531833597868e+00
3.652980119492698741e+00
1.291601754860900675e+00
3.109913580289454860e+00
1.852601650181338933e+00
4.850653514984265335e+00
4.260568884271143553e+00
2.354001221370002561e+00
5.415700213622651304e+00
4.813399693127906609e+00
3.052904874469383856e+00
1.653212463702594670e+00
5.191093898562658682e-01
2.650428439347737086e+00
3.681410440353364066e+00
6.985445928775543267e-01
5.341067180824753180e+00
4.527860989936061564e+00
2.243804393965094679e+00
6.470048220860070698e-01
1.028980401007007606e+00
2.947184535523756033e+00
6.081257602007270613e+00
1.961934076678213845e+00
1.817354610384911862e+00
8.618276245519974621e-01
3.547643618745450755e+00
1.792665320421486852e+00
2.355216991284074801e+00
3.108619155353549601e+00
1.649822041573489217e+00
2.380860761896038014e+00
1.986295958302553677e+00
1.197951449378018340e+00
2.313063235416850993e+00
4.676119596813030022e+00
6.284678636716197531e+00
6.608292625915112017e-01
8.065622075871516472e+00
3.153995171401297704e+00
6.781888124448752109e+00
7.888457903408738758e-01
5.892249345432568397e+00
7.766141286010179279e+00
1.661479151245078834e+00
1.961096163965034167e+00
2.519217825252876075e+00
3.485066497224367787e-01
1.133459467939480270e+00
4.332860024795791354e+00
3.185317643380847219e+00
2.399030679814167843e+00
2.222368079351627390e+00
3.071266652374063710e+00
2.108425493043969201e+00
2.877044549009081464e+00
4.085664985325102805e+00
3.628095565203100836e+00
6.019146987957914696e+00
1.930514562447908533e+00
2.490240317105808288e+00
4.440125222563067631e+00
7.042477742701724885e+00
4.452157478408245161e+00
1.561284934875923014e+00
9.719760793559574230e-01
4.069253689689247722e+00
3.655948871683879720e+00
2.233075093592407967e+00
1.430464985252819066e+00
4.500284527878476659e+00
3.344746709373088045e+00
5.906459677212744452e+00
6.583387001715268472e-01
2.250262305739424207e+00
4.889939714294631479e+00
2.152952513033727922e+00
4.016191904775123334e+00
4.156233200051085319e+00
1.425980178307594493e+00
4.520088490484931221e+00
2.132073800642489303e+00
7.763068777852956126e-01
2.319997167574922692e+00
2.062847777333836508e+00
3.074372781544040034e+00
4.392769683920368706e+00
1.985493871611422101e+00
2.171140952179208661e+00
3.550763884335136122e+00
3.251622151690592322e+00
3.477457414343166686e+00
3.848673593077346133e+00
2.297613363470302428e+00
4.447133979939912329e+00
6.877668469084984970e+00
4.485674792152392065e+00
9.209953182069032795e-01
3.214312004935889755e-01
2.656059902794533301e+00
2.838298437947210040e+00
1.706944942840625812e+00
4.968605047135130626e+00
2.330065838265343636e+00
3.563280675566728561e+00
5.853143475823381792e+00
5.831698779241170527e+00
1.817577303479875894e+00
2.666270047956168288e+00
3.026183284637069981e+00
2.053068118926838270e+00
4.341427234990172579e+00
3.566927590142392912e+00
7.497398442296146825e+00
1.936952473989198120e+00
1.683935521814191594e+00
5.425140138322793959e+00
7.997773229118611660e+00
2.002002221925225811e+00
3.632120882909977144e+00
3.230350435354910399e+00
2.585368209037995690e+00
1.745689467390114935e-01
2.177836144903785964e+00
1.500199571284568600e+00
2.740047223315685621e+00
1.399359750293081461e+00
1.984593532344865574e+00
3.030321269389940841e+00
4.375118908024510311e+00
2.526693334909314359e+00
3.305004617324968308e+00
3.168853294672127507e+00
2.650080848412298629e+00
3.037952947924908553e+00
1.753977825915403743e+00
1.670388951225453944e+00
1.336672910706179218e+00
3.082141776096013253e+00
3.347181434496313113e+00
4.868697073295939148e+00
8.157849039551517967e-01
3.998966234309609735e+00
3.042356754829515175e+00
1.690552672748410812e+00
6.497487688608196699e-01
6.023709501112908704e+00
4.842477031689815803e+00
2.515570394474686555e+00
1.531578326966595460e+00
6.945288491635525752e+00
2.935614739984803823e+00
5.942243873700675527e-01
1.606171374699841836e+00
1.267169718331511596e+00
6.629088410713749546e+00
5.058328439552504996e+00
2.506156203528681292e+00
4.474432175145587109e+00
3.743865441219621282e+00
2.410883581024047206e+00
2.019358182980476091e+00
3.420333990236397614e+00
3.087923464395836870e+00
4.186403705035121270e+00
2.859774892681647529e+00
2.038592841292929503e+00
9.539768372092336080e+00
2.100124757979269674e+00
2.695589437447973413e+00
3.614310252212082908e+00
5.615788780484506360e-01
4.807349414302352741e+00
3.861390578068158330e+00
7.297350746173896674e+00
1.967104572127306383e+00
3.889767447408736256e+00
3.331031252329466064e+00
6.773540849118529827e+00
1.028466515185358254e+00
1.658879895278487560e+00
2.708553314549592361e+00
1.178419261540464724e+00
3.885355395839223736e+00
5.556502407425556456e-01
4.397328588301436803e+00
2.170436904556815261e+00
1.583795568489183125e+00
2.417602627248243152e+00
5.562053241979065810e+00
4.428484760180079860e+00
1.990184070253239623e+00
9.123820419695163331e-01
5.709881962835597236e+00
1.681736488344258040e+00
2.968481577041910846e+00
7.182407749009726672e+00
3.255061620590483873e+00
2.582962524762636658e+00
1.425228062486739278e+00
3.748406018991120026e-01
2.126229423104232907e+00
7.431156237574936263e+00
6.435967447603786695e+00
4.689072387665690123e+00
6.487561076262799986e+00
5.474996739476782004e+00
7.792584914488879244e-01
2.937690859245963626e+00
4.460429212006691735e+00
2.854960906035868273e+00
3.666501906489543217e+00
2.362233757280673974e+00
6.049591579839144195e+00
1.430966226324104973e+00
4.975355969743969098e+00
5.885537946466754100e+00
4.877465058990847702e+00
1.068158263302447786e+00
6.107353834819229554e+00
3.887629229048187085e+00
1.354268110720540541e+00
1.351126237536761421e+00
2.439930720807788500e+00
4.748873723851182227e+00
4.469207249960453154e+00
3.650107772472308110e+00
4.530996653768422533e+00
7.858837007076729941e-01
9.675658612327585617e-01
1.715134950369564537e+00
2.898805497900273753e+00
9.530930195199891486e-01
4.843739084797352490e+00
2.819504217749072783e+00
2.270626185296668265e+00
3.260993279249651433e+00
2.963908209526707083e+00
5.913856432685797415e+00
3.056800725094372062e+00
6.354059169105455318e+00
2.188835288182017891e+00
3.075782344526409862e+00
1.508046689446380206e+00
1.804355165381550385e+00
6.122919130895545514e+00
1.971854678338640587e+00
2.278873887023586509e+00
3.450305433204456484e+00
3.164491353891707881e+00
1.450528134514529111e+00
3.538836852664204891e+00
2.214131207189665052e+00
4.934084717239512585e+00
1.773776968106570262e+00
6.587900258403137421e+00
8.850295433972719117e-01
1.096240443670918552e+00
1.311875128254452960e+00
8.696991632220247848e-01
8.901937930508111441e-01
4.285116270268146010e+00
1.267824016366553064e+00
1.802049119790229303e+00
4.848548291671605170e+00
8.435202677938731242e+00
2.749840625477685929e+00
2.134186544745850789e+00
4.260297348309707743e+00
4.034374425296190836e+00
2.663470950077938770e+00
3.039688725395001789e+00
6.903744816930918127e+00
6.822338057612973294e+00
1.640116727504830729e+00
2.103129344089226027e+00
2.902760280632500134e+00
9.607822176047296381e+00
3.971052445795565600e+00
4.439524434993542101e+00
1.229847583878077799e+00
6.569798543132939983e+00
3.044645032021680464e+00
3.559080986604871821e+00
3.539280074044506286e+00
5.534495843568864037e-01
6.914088067028061779e+00
1.306247951278399766e+00
8.704866022752173471e-01
5.394894727184925465e+00
3.249474956913012136e+00
2.557044188471887303e+00
3.451408811707764812e+00
4.721549861465327957e+00
1.189734955668636740e+00
3.986866247325869139e+00
4.530982995377596190e+00
6.606385073899597060e+00
2.766381628558832961e+00
1.196235750472041781e+00
6.446296220583356273e+00
2.656846358123329033e+00
6.552334999223942802e+00
5.240339455643038491e+00
4.739094640296467986e+00
3.171589041762361560e+00
1.566980995681865441e+00
7.212140778576213052e+00
2.790710465117407502e+00
2.383105616414422201e+00
4.914717107152918985e+00
1.039071785894245759e+00
5.379362901504512351e+00
2.278051216649500610e+00
4.498435158767175146e+00
2.951874192015045750e+00
2.760756021522544845e+00
1.709179072018289780e+00
3.622842260332577613e+00
4.026960382183569109e+00
4.593536368198567033e+00
4.690292020093786540e+00
1.860888675910809198e+00
4.603093691100824003e+00
1.512647207391078830e+00
2.618038155476126061e+00
3.216174707391864285e+00
5.900608964129195222e+00
4.850307622878524683e+00
6.584018097948050929e+00
3.450392730764345051e-01
3.967709891530951882e+00
2.367921049766689379e+00
6.387500694065957774e+00
4.213563071583251940e+00
3.871179143051309168e+00
9.790401780804527387e-01
9.294074665152537440e-01
1.371729303481310946e+00
5.207754831657948280e+00
1.266854008948570476e+00
8.164192722000400693e-01
7.099384369464038613e+00
3.284002447686428461e+00
2.424597900881691359e+00
2.487650986148488119e+00
3.545718475941245007e+00
5.487966130009965582e+00
3.760355164285458240e+00
3.141163571173321234e+00
1.432009004453189016e+00
1.126386875053473346e+00
2.756132588603525946e+00
6.761961455650306263e+00
1.317644516889877382e+00
1.655290217360101623e+00
3.167376342555303648e+00
1.313149041596164412e+00
6.801527893022765170e-01
2.407302028892255308e+00
1.508749905380769141e+00
3.251629853847067153e+00
3.500815829214770858e+00
1.114550544406483157e+00
5.186061051058505456e+00
9.834978859341737545e-01
7.315985676037969121e+00
1.300781057035848010e+00
3.964579193965196424e+00
2.045047171719211576e+00
1.949207059892694271e+00
8.318653321399501976e+00
4.554684294957918489e+00
1.816426627750761025e+00
3.210671039639418023e+00
2.197461541826137399e+00
3.646647401185790116e+00
1.441606816867103236e+00
1.634458270731826035e+00
1.451853291635919696e+00
1.748985627085212435e+00
2.246040473782877189e+00
3.827830412645472968e+00
1.025791658616154622e+00
3.554854851951712913e+00
7.477436963911446632e+00
4.394891612199631759e+00
2.399182685845077323e+00
4.763965840381906069e+00
7.943886034045036126e+00
5.895739587411589211e-01
4.247752021983215442e+00
4.513564243015077970e+00
1.816199822664348318e+00
3.322077710634089520e+00
6.492439754060052692e+00
1.436051387441805050e+00
1.451822438051127095e+00
5.185615403088021935e-01
4.576652684418832884e+00
4.630879036040870034e+00
5.121683721208429851e+00
2.173403930699057351e+00
7.079999235870126917e+00
1.251998501555692700e+00
1.488591468226204695e+00
8.744071328621540573e+00
7.916205619527730164e+00
5.619157101690692713e+00
9.909080488194218495e-01
5.634272829729946253e+00
5.381126188336278204e+00
1.207991715859214166e+00
2.616127061520444830e+00
6.869136714624846096e-01
1.018248819504664615e+00
1.757280832610419230e+00
3.512486778457880182e-02
4.340127945323800418e+00
2.170177363883701638e+00
7.307417249997708586e-01
7.642320803286627440e-01
1.547434750029738515e+00
1.172349840977084945e+00
3.611542139482462499e+00
6.652707266008302867e+00
2.477189407620362438e+00
2.748587602727378343e+00
1.842562378123573374e+00
1.682062408139353815e+00
2.773401348120807075e+00
2.486483393348545068e+00
1.871015330478182914e+00
1.835227322883778545e+00
8.432178639052532176e-01
1.948509173655249782e+00
5.240123612384461893e+00
2.329362102988185246e+00
2.753605056298296994e+00
6.198471512564483810e+00
5.353003992284385504e+00
1.247696898010378641e+00
2.115719556380514899e+00
1.837130716256385021e+00
1.228602287458125275e+00
1.100256802875174023e+00
1.482700819599870767e+00
4.754883296586313257e+00
4.344949136253790201e+00
4.527914037142755532e+00
6.880845140081081723e+00
4.871259826137356086e+00
6.131178513202401037e-01
3.492234332098551164e+00
1.810830981641871062e+00
3.525032163882951597e+00
3.239913880198867613e+00
5.437605976534205965e+00
8.796584622196458314e-01
2.073811377276412848e+00
4.674085981784105392e+00
3.314477075766519842e+00
5.096231607007702280e+00
2.463921392675680444e+00
3.905095763093268779e+00
5.984863171527771364e+00
4.430260078378798205e+00
6.880121497293550936e-01
5.109248766642750184e+00
4.852220763402143255e+00
6.214334850447555958e-01
1.113116053325965416e+00
2.410817848820435483e+00
2.242005179533302250e+00
4.374899642460531979e+00
2.749279732238214535e+00
5.698596042504735060e+00
1.041012107433834322e+00
2.857077383723400033e+00
8.235286869892810557e-01
3.386301713873594910e+00
2.994309993436525374e+00
3.147611217809273221e+00
3.480019114039907269e+00
3.938379165976529261e+00
7.196899809699413009e-01
5.203568277931653441e+00
1.472613458602338943e+00
2.084201838303372689e+00
2.143252443142721064e-01
1.718167081184016398e+00
4.844705797271120495e+00
9.254666557608430821e-01
2.397578007188093108e-01
2.892829421431214243e+00
1.865213812452101383e+00
2.204187607960887085e+00
1.435250338378113888e+00
1.828826522745508720e+00
4.045825087486687899e+00
1.177055144359090200e+00
5.097884727702142182e-01
1.517065450294033280e+00
5.068827102141763019e-01
1.129725438521156367e+00
2.314839559029497895e+00
5.511829084659503053e+00
1.963687545141310942e+00
2.567909679417359481e+00
5.038956705144215675e+00
4.180838558479858413e+00
4.820419929586785557e-01
3.583135630143085670e+00
4.754642399603839498e-01
7.565479634085282568e-01
2.420512427974956360e+00
6.502502140552506305e+00
4.558916973612229917e+00
2.468499923596464196e+00
5.832026312449723804e+00
4.648351334611558805e+00
3.901401081383038871e+00
2.465089314454269598e+00
3.216291771199692562e+00
1.946844367707398105e+00
7.620910893399091890e+00
1.736600650634648080e+00
1.669964672177276288e+00
7.169202298992508382e+00
3.137679793358398861e+00
3.900314001422535704e+00
8.961090012980577058e+00
3.379938918765392764e+00
4.460043165872288995e+00
6.516204785316095816e+00
2.507001232499483367e-01
6.409949389160403133e-01
2.949225826865963018e+00
3.456509144648376886e+00
2.866924707062903810e+00
1.008107625717668432e+00
2.492858001943757174e+00
7.666248481235135692e+00
2.444795090979217544e+00
1.246204683908418875e+00
9.765104816890206596e-01
2.031342689597287254e+00
7.408661322453302667e-01
9.128667294120309528e-01
2.448993962949540304e+00
1.709296998324962846e+00
1.272909271485248128e+00
2.946550598403140153e+00
1.850364196951626683e+00
3.604375453139666341e+00
6.244929328041346928e+00
1.390246483322953974e+00
1.265157434677908421e+00
2.916693422718841688e+00
1.327124267404424351e+00
2.248621532716868376e+00
8.865232492272066001e-01
2.857742185962912185e+00
2.826169356882607175e+00
9.641095515187549925e-01
1.850694526562743025e+00
4.115150141707125009e+00
4.047172077265988044e+00
5.220781900483612681e+00
5.805191968860764717e+00
5.966411696101410200e-01
2.272505780799634501e+00
1.424570188119317349e+00
1.923863795890055073e+00
6.014009214047435492e+00
1.016201933422099080e+00
2.778898864538429603e+00
5.924232278160152632e+00
2.483959788078578423e+00
1.018043934015035124e+00
3.245671447483112981e+00
5.847383104019539424e+00
4.957692511234574440e+00
1.187710430570229736e+00
2.020586571460963654e+00
1.882593763676256415e+00
2.386092719573607024e+00
8.229553238351066113e+00
5.391116937408138021e+00
5.876327762821933476e+00
1.017282351453583367e+00
2.956026086440797229e+00
2.174434282786611217e+00
6.124504700490669862e+00
3.990492125564691239e+00
1.538218892935616422e+00
1.398203634653479632e+00
3.935698840754760397e+00
3.295797515791607957e+00
3.719586083890476846e+00
2.177892056173181157e+00
1.363268105410764486e+00
6.463339605582958391e+00
3.438840967534350757e+00
5.325145411366023041e+00
4.106662773909699915e+00
5.520509668057306252e-01
3.913468921188675287e-01
3.563116014389238639e+00
6.723874233051347460e+00
1.781962760527514122e+00
1.033748115429215808e+01
1.040216935617515270e+00
6.523012414600562359e+00
7.695678209678945558e-01
2.844238390364160374e+00
7.765143499958104378e+00
5.197881623006031404e+00
4.999620561557149401e+00
2.924604151807451480e+00
4.965016771533574236e+00
3.951955415625545420e+00
1.210022534913551384e+00
1.675289050535495372e+00
4.851087499717904983e+00
1.426181137729448212e+00
1.911408576246055091e+00
1.023929220291690534e+00
2.456926916209518197e+00
5.822131853161589099e+00
4.991526215454519466e+00
1.402093173735105891e+00
1.983957474934389120e+00
5.450377194335371378e+00
1.801701375633584012e+00
3.084038653057565416e+00
6.857929708209852260e-01
7.445644607760927514e+00
5.976634452657628493e+00
7.572241087504766988e+00
2.623612412037653829e+00
4.038933011855218247e+00
2.522570342667048049e+00
3.699867020817054541e+00
2.530383440398070505e+00
1.327151662727163783e+00
4.438646452968347589e+00
2.828234752773456151e+00
3.558520913205656111e+00
1.533065515894320940e+00
1.790483119278026614e+00
3.813723162207825812e+00
3.390780905112960930e+00
2.939923484868110393e+00
2.519171132360198406e+00
1.657600765740506521e+00
4.187875906604794363e-01
2.444117474406080071e+00
3.005452708730778522e+00
1.314855137686574471e+00
3.110153707425432401e+00
2.420897828286317832e+00
3.658192370592362241e+00
8.522725692864797864e+00
2.397624272178279448e+00
1.630039220687033330e+00
1.414455915192297075e+00
2.434115430162374860e+00
2.017922123761886510e+00
6.812981019767154756e+00
3.575537012981479634e+00
1.845115909781076979e+00
6.864171204793254155e+00
1.975080431117805402e+00
2.257411805805008331e+00
2.724493093184008785e+00
2.195520973739818693e+00
2.368329164450474700e+00
2.288555997300207423e+00
2.449319351899382102e+00
1.796753998620491011e+00
8.662658692482633427e+00
4.469504331230266914e+00
5.069825359106717499e+00
3.125900962941358330e+00
3.470019468430206810e+00
8.572890420470197226e-01
8.606013358906969835e-01
2.490135062801305477e+00
2.896780561822911881e+00
4.047420197114670160e+00
2.209142890933910142e+00
3.319954463438669290e+00
2.236014589936045294e+00
1.796317802483000214e+00
2.878291897819682976e+00
4.217677756388019894e+00
3.487889153180889767e+00
2.337328981502365011e+00
1.022798094874071806e+00
2.806508666026187093e+00
3.134450016361713942e+00
4.328575804696291662e+00
5.876703257347304366e-01
6.749649137417096156e+00
4.641288541901077203e+00
4.965903970302460557e+00
1.629722338907866552e+00
3.318495562910455110e-01
1.805003789220866350e+00
2.394863522613019935e+00
3.024919324459251602e+00
2.646534540146762371e+00
1.234624427873880492e+00
2.258562598929672927e+00
2.584452523369871635e+00
2.690930167276009310e+00
6.814197212180033603e+00
1.900061106284400170e+00
2.497274782751211397e+00
5.678272235936041135e+00
4.112352663097490257e+00
5.087696751412255303e+00
4.420687291987874801e+00
3.012726331958214043e+00
5.303640063471383392e+00
8.563537438061279872e+00
6.980518043910662884e-01
2.885515675344607622e+00
7.161096038509894290e-01
1.921100495682052989e+00
4.344192946628805174e+00
1.531657308288187469e+00
1.633080047960302705e+00
4.252950055665964513e+00
2.248714133261906056e+00
6.542042561480640117e+00
1.801932901045598001e+00
2.186248711503410380e+00
7.014025582073780463e+00
1.013610604347863653e+00
6.148825756231433459e+00
3.669309745016894553e+00
4.404039280993703898e+00
1.722447599420018349e+00
5.108877514533801900e+00
1.003905666147438147e+00
2.905031844830334276e+00
2.678847760385598686e+00
4.974011856820300892e+00
1.612274666494508235e+00
4.082905882181142587e+00
2.461986543335357602e+00
2.608078225277543627e+00
1.425653107822401955e+00
4.463329247587302540e+00
1.112555239966505072e+00
1.079279040194804917e+00
2.123771812741935161e+00
3.890973417485264818e+00
5.662922505425348696e+00
4.827430853114601739e+00
8.303116549600532137e-01
8.773175054491606506e-01
5.501147884956387735e+00
2.702616452856763996e+00
1.267992218652085556e+00
4.728978305512566038e+00
3.974539857452869640e+00
4.208230900395595775e+00
5.510764433616461844e+00
2.247219114148413244e+00
2.138538147698967773e+00
3.144504803927166581e+00
3.868261272346810831e+00
5.481342702200158179e+00
8.300077567839710957e-01
1.985409826684762180e+00
8.194788413018118334e+00
2.790589867836991811e+00
3.595382430579674438e+00
2.102975497195208376e+00
2.591293168018046877e+00
3.231499616750741044e+00
2.928570077459792476e+00
2.302408345943377288e+00
3.007597067444402583e+00
2.810880189497084736e+00
2.467936992875534030e-01
2.828386609393648499e+00
2.290161556559222600e+00
3.452942213831084572e+00
1.372087311659212494e+00
9.329520233090230485e-01
1.294953553921290856e+00
4.050149245118140229e+00
3.757231155363186748e+00
3.947421160848532118e+00
2.289091847801393076e+00
2.672512239689513791e+00
3.455371925632267693e+00
2.780178979379517301e+00
3.190343932077686961e+00
3.673582971953115894e+00
1.909185056018493754e+00
1.987872413848900788e+00
2.831442170601497388e+00
6.436762786924365543e+00
4.979211068685529540e+00
2.616498438634667245e+00
6.595993056853656000e+00
3.093444262214162244e-01
2.547220557111911088e+00
3.511787596844368142e+00
3.019096290077953881e+00
2.861527551630418831e+00
6.227153221181998433e+00
3.854635542229691403e+00
4.761675466228626696e+00
3.591185068728268703e+00
1.706207493310647916e+00
3.942232699114848415e+00
3.228921657713633042e+00
3.335647803339434780e+00
2.713387300969516414e+00
4.775819476831492771e+00
1.081161730056958703e+00
5.360727925492935420e+00
5.108965924046387386e+00
1.779896713370934025e+00
2.636624074512291305e+00
9.034733971707646916e-01
4.259275969442706256e+00
4.136836465327565548e+00
4.174626307233184619e+00
2.562653336506148793e+00
3.095154196715978578e+00
4.327991055157516698e+00
7.266083098890099290e-01
5.001013282422047013e+00
7.555072834213680366e+00
5.752337739777063419e+00
1.750875165123481958e+00
7.009066576598834253e+00
7.391211680533092299e+00
2.740871434132766016e+00
4.399303683677639576e+00
2.791463258252600887e+00
7.171338624205501944e+00
2.628107630394350913e+00
9.043569002192359818e-01
4.363625426869855772e+00
8.199657611384054690e-01
3.094410909559852652e+00
1.326676817456719393e+00
3.419744282319613582e+00
2.112657116978177818e+00
1.106561749776900250e+00
4.370058962947612535e+00
1.528024174684732950e+00
2.842671528641681267e+00
3.387991885403164094e+00
3.312467426185510266e+00
2.658393369680315477e+00
3.494488899733060983e+00
5.123508000424616071e+00
3.618793470230424969e+00
3.689563686485047622e+00
3.668212441240350952e+00
9.967436336256613183e-01
7.968301208102510635e-01
3.567512504526854755e+00
4.948662321602651737e+00
1.066548862257676644e+00
3.515755226677979461e+00
2.466731947763865396e+00
1.718506937706786974e+00
6.617470804951569363e+00
4.940309995752694139e-01
9.006662741762010427e+00
5.040056317239396400e+00
1.825544378841597926e+00
2.122496747648605186e+00
4.715722321008490425e+00
3.697600032607683218e+00
4.613101878129335920e-01
7.225783767155784965e+00
2.418078606041309975e+00
7.153870846752490298e-01
4.129363434667050470e+00
1.325843411977587705e+00
1.699410054479639776e+00
2.717741075730383038e+00
4.218506389239393695e-01
6.730501586332540143e+00
8.583304703956924797e+00
2.938976977402865121e+00
4.732407683662840370e+00
2.680396026222319872e+00
1.983616189347276348e+00
3.336916723864600254e-01
2.488187290402059659e+00
8.001474099140564178e+00
5.766436437087854028e-01
2.117810298334950048e+00
2.420622865143935154e-01
8.477629473401892213e+00
3.864502194268828905e+00
2.702148849265764152e+00
1.481258936935347714e+00
1.994267513984959939e+00
1.048475132643099439e+00
7.634131422219029517e+00
6.007109848730455504e+00
2.299401100653101437e+00
3.751911686583194072e+00
2.029000917352895783e+00
3.342639074790779485e+00
2.022642642951175684e+00
7.177854784756291240e-01
3.515438608899516204e+00
7.422158598391619400e+00
6.260149061505045687e+00
2.296119725325136418e+00
1.960055584112284865e+00
3.062660154468956453e+00
2.203589654921271013e+00
1.585471963208033186e+00
1.855711233121938752e+00
2.580354838273994034e+00
4.586531864935726510e+00
7.742660738658706521e+00
2.401124016739229206e-01
1.174048390244415652e+00
3.888795130638273534e+00
1.293508102262132864e+00
2.706360436776292566e+00
2.756572157592219963e+00
2.088232552266763076e+00
2.297389639281007145e+00
2.266413916823680985e+00
2.291078229276914957e+00
4.209886600199411966e+00
5.891043064768383353e+00
5.214828656345236624e+00
2.348611599309383902e+00
1.485058889799759640e+00
2.329389502913618237e+00
2.664134557566812944e+00
6.717108256599930272e+00
3.894148735938490535e+00
6.046557217439819887e+00
8.235857458318122326e+00
4.687020937110783492e-01
4.884954751645615545e+00
1.956885154946771621e+00
3.575641805737530543e+00
3.184826418774877155e+00
7.414301161642454119e+00
7.291567420813314104e-01
1.430951898662638389e+00
4.942438227436995568e+00
1.240927925660946674e+00
7.211599801343603566e+00
2.244026411277000310e+00
2.212097048108377262e+00
6.543706625266010768e+00
4.122329184891301290e-01
1.489286131984638883e+00
3.951852636512599215e+00
1.409312886109436169e+00
2.231234415631693224e+00
2.856357348162497534e+00
2.931966431460193423e+00
9.836640897912563020e-01
3.494002497378049021e+00
1.178309639319322422e+00
2.357059443477450777e+00
2.560447241734246759e+00
1.149712351875409100e+00
1.300285159140466940e+00
3.955142852542892662e+00
7.365467904150787781e+00
2.472553628940249659e+00
2.724825920130111712e+00
6.734114451906611620e+00
1.065844988478426103e+01
2.034711798684728290e+00
3.794167744927924968e+00
1.135529857622081806e+00
3.742360411240553741e+00
3.414060728319178839e+00
1.105110620968257074e+00
2.544522816816526589e+00
4.528151304578672764e+00
1.440037357761451364e+00
5.919930769296054551e-01
5.449441345959868954e+00
1.202596841094800917e+00
3.307867014518532933e+00
2.343237932727757489e+00
1.826409464129605809e+00
3.616247330885518085e+00
2.887988912519455997e+00
2.619734616879782152e+00
3.181493795460808016e+00
2.430844434654361841e+00
9.818802330672805612e-01
3.474941514670466525e+00
1.602493807689309824e+00
1.148900125205453371e+00
2.136413271142167503e+00
5.780404839456031674e+00
3.110889320019722515e+00
1.728991993625595525e+00
2.637480159376276667e+00
3.632972184074366506e+00
4.112671611713811792e+00
1.785577607831501323e+00
2.689499062817141350e+00
3.481429473182050760e+00
4.070981050334284035e+00
4.001102298111181454e+00
9.733812447844454319e-01
7.198791669415625982e+00
3.552809259483732163e+00
3.825787667499775058e+00
3.338238366989274564e+00
4.828208066320295089e+00
2.313973320760585484e+00
3.728186316307744885e+00
4.032532421415281121e+00
2.013761309280150069e+00
3.629984398733875572e+00
9.947987076529009043e-01
1.626903600403234007e+00
1.353560877643948945e+00
1.943462444807333656e+00
3.854916626652864053e+00
2.901037751730658698e+00
6.999190630211399311e-01
2.494651825633205089e+00
2.510576763800300704e+00
1.052884934125208893e+00
2.482806610628933708e+00
4.124330330917540088e+00
6.084823912081887443e+00
1.782919716305533697e+00
6.801173854983685096e+00
1.610933079890577879e+00
1.518797528968198973e+00
5.710216406871369443e+00
6.626919000198042697e-01
2.128184339490723609e+00
3.373660476023981669e+00
3.434146659937400425e+00
1.031427513164632881e+00
5.329551177972341236e+00
2.382223139388240263e+00
2.182259127851227998e+00
6.249145561332279719e+00
2.646663938242491909e+00
7.610245695469417981e+00
1.544206294635948051e+00
3.182044335095993048e+00
7.178525757362225201e-01
4.290928921164373300e+00
2.279955013866127977e+00
1.049935086231137049e+01
5.597816561015821479e-01
2.322126227421287048e+00
3.609621048043495595e+00
7.700876964056652341e+00
2.399092177564383199e+00
1.682556542741220129e+00
3.279186048977861923e+00
2.614116778160802568e+00
3.470794875636601162e+00
1.084528529587720724e+00
6.836472734571793275e+00
3.546804340069440897e+00
2.312740059508583967e-01
1.151037880139083924e+00
3.095447539458017427e+00
2.558943467264658711e+00
3.385406941206270393e+00
1.865569728377345138e+00
3.144062265766353281e+00
3.601571021749225832e+00
2.279071347426193661e+00
1.977433974059521482e+00
1.673535935342468139e+00
5.862723694633276139e+00
5.155250182380908264e+00
4.120616627292019274e+00
5.455799125490856660e+00
3.444040894675495235e+00
2.718736348843361128e+00
4.216269502418635184e+00
2.682922042358628634e+00
6.118669271422007228e+00
7.836067926624395996e-01
3.808106589353892790e+00
3.890864786802462838e+00
5.058988383208104622e+00
6.930337514642277874e+00
9.954125764699714551e+00
1.439055181339924383e+00
1.658432941681919237e+00
3.172054873976274170e+00
1.486222226573121308e+00
1.144697916342914290e+00
3.709120925086581977e+00
7.872021804308544368e+00
2.952843027997000380e+00
1.100853853488145795e+00
1.069329188311831436e+00
6.115357034795701807e+00
5.020975014277684778e+00
1.340618375926412309e+00
3.890961679103728255e+00
2.634516891546232475e+00
7.065968328324827574e+00
1.867596265277208234e+00
3.986879256660325055e+00
5.171014796912730915e+00
3.378454752655312809e+00
4.174523977499197791e+00
5.535869146110838912e+00
3.939936786548301484e+00
7.207442313568273029e+00
1.914890276598424812e+00
1.229336733120804936e+00
4.450750977533484698e-01
1.531164365276817652e+00
5.899260091570346809e+00
1.427578468197842509e+00
3.897163196204704860e+00
2.194265084977957692e+00
7.083820516690445546e-01
2.357167787932825220e+00
4.947612868726056767e+00
6.618580295057062024e+00
3.972702833459339278e+00
1.965185644169490820e+00
2.978703770545613860e+00
5.565540785898511977e+00
5.718983865933350508e+00
1.700110450522827277e+00
2.981419500134546485e+00
5.180632989651418718e+00
5.167436718878958501e+00
2.072093410901679089e+00
1.780908039977621593e+00
6.326368012479000491e+00
1.523588751922508422e+00
1.141623979773024322e+00
3.797757373794274915e+00
1.650643990456181376e+00
8.440363986052158429e-01
1.893057568940838431e+00
4.830315564431797881e+00
2.373642154351866651e+00
1.252826946161230470e+00
1.927967735735993227e+00
2.827740432729980213e+00
1.216893318227434628e+00
1.209654179090478898e+00
4.707822246087861040e-01
3.088654652250353738e+00
4.613649638743120285e+00
2.354359223267933121e+00
7.073618308388660569e-01
4.692335912988791158e+00
6.258113429874613942e+00
4.446561474646961720e+00
3.786133483481870066e+00
2.384091320853416018e+00
2.804727390448729540e+00
6.070740008037658342e+00
8.121357564136779672e+00
5.045009190065042226e+00
2.759459636277366013e+00
8.308941836884457643e+00
2.137723751988929610e+00
1.639033464191036904e+00
8.572359132924273206e-01
2.886228542202957215e+00
7.504960071455525350e-01
6.052314106548808859e+00
3.972397432125053029e+00
2.516461993459253588e+00
6.175236643572494799e+00
9.721434418828346358e-01
2.282645087529836747e+00
1.205213236169468072e+00
5.780239481894881015e-01
4.663033835712106168e+00
2.517709896844163797e+00
1.950826855461699871e+00
5.578501973063484387e-01
3.744955178402968876e+00
1.898556882662788547e+00
1.113569801808050208e+00
5.412503159053627222e+00
8.851783017520869379e+00
9.849053121510981113e-01
4.364287466053204056e+00
3.909846138460153497e+00
2.478580851766903237e+00
3.895853045948585169e-01
1.252429968865250487e+00
1.310161635032212946e+00
1.546418967676740586e+00
1.960391875472038414e+00
5.988322039203881619e-01
2.574600682161934273e+00
2.483155509349965762e+00
4.369706430977282174e+00
1.327887911543136346e+00
1.095591388571937230e+01
7.309134794315098382e+00
2.554701567043683674e+00
3.983721171138370765e-01
1.342518751614227623e+00
1.040917809181951537e+00
3.371514919845032932e+00
5.358909270360501687e+00
2.263097069230080027e+00
4.011765616373006438e+00
4.752994661493604944e+00
2.009982874335835668e+00
2.620500256911116654e+00
3.365977777670214444e+00
8.311824782138562684e-01
2.334673573559123305e+00
2.087008728971096350e+00
1.172170401743972690e+00
1.063115729951925603e+00
3.472038686035324062e+00
3.764682039002534619e+00
6.715533002292306541e-01
5.226783216422664857e+00
3.329461726015566558e+00
1.488915821888225688e+00
4.465416021862960605e+00
1.829793061708209212e+00
6.460912923904246874e+00
5.731610179881511336e+00
4.034830648344092552e+00
3.828965801036064320e+00
1.653923524974086234e+00
3.908638364362779782e+00
6.469256017061617570e+00
2.115017588748772326e+00
1.378057735071305911e+00
3.674121057573149329e+00
3.350259777026878716e+00
2.147696624988435055e+00
2.804835581414497181e+00
5.824753526672119541e+00
7.539526680030229855e+00
3.316882557338587834e+00
5.729923387623072628e+00
5.255156071932704620e+00
3.769499019895488523e+00
3.234388640864245712e+00
6.665155547959108695e+00
1.077464313511995009e+00
2.782688066312293707e+00
2.734773559624737338e+00
2.708807364528487582e+00
4.921793300824568895e+00
1.157383811728441403e+00
7.839383811852369544e-01
4.025124657549794982e+00
7.754086617049793517e-01
1.972583414296871895e+00
2.129004092800991454e+00
2.463667224329393335e+00
4.275914371864043773e+00
1.579326892541377703e+00
5.250086517522738916e+00
5.580332536572628621e-01
2.241834801726761306e+00
5.063160327570148667e-01
2.834002426325097357e+00
4.197498226130396581e+00
4.198919040947197701e+00
3.801245367188425650e+00
1.430282394417763614e+00
2.022003784164959406e+00
4.531885707400729935e+00
3.324381900259199885e+00
2.195832552658034231e+00
3.249242776846917646e+00
1.623047976463332098e+00
4.859073398656695852e-01
2.146284656069345598e+00
3.639395511267153438e+00
1.759633528046522510e+00
1.814328571541223178e+00
3.487137782417617071e+00
6.076928321295857138e+00
4.640301635261237401e+00
6.318331163135968431e+00
2.938209453554934125e+00
1.693640221778648591e+00
1.462569243848555578e+00
2.059958552087487238e+00
6.908630573070570158e+00
5.028416990022228639e+00
1.312780911459455968e+00
1.520883497582747435e+00
4.443739730625902773e+00
1.127403697978780928e+00
1.651719688693918497e+00
6.581435226674022809e-01
5.831627218401352231e+00
4.600712395044129766e-01
3.651052540851757566e+00
4.051470072497072472e+00
3.549175101721837144e+00
3.522951882223020359e+00
3.723673015261534047e+00
2.104350754815704772e+00
6.627244231853300249e+00
5.538073382152384205e+00
1.342624656489575630e+00
3.070211936228597893e-01
2.837704173784425521e+00
3.502100556627180783e+00
1.943789828753419879e+00
2.600043256016774329e+00
4.911726046334226936e+00
1.389399736848246913e+00
3.677644122887639089e+00
2.145268783368712295e+00
1.121896981268421856e+00
4.543486238921587983e+00
8.840928790513399305e-01
2.177229479672200707e+00
6.585532147686741666e+00
3.918582079190862544e+00
1.947113532959062088e+00
6.627968194440607697e-01
1.376803205416835318e+00
1.718146955229837847e+00
3.738603030325089893e+00
2.251034415879590966e+00
3.030618309132107946e+00
3.336688221762898365e+00
4.600036655279239994e+00
2.637109652539324056e+00
1.053686448180595869e+00
6.581350352553671179e+00
9.730435230916918421e-01
1.471267423358560533e+00
2.940098149686484419e+00
1.995341472907407487e+00
3.338697590513825642e+00
3.318988761562617462e+00
1.173430012505345177e+00
1.355652394261804838e+00
4.851682022196808219e+00
1.842923658868950598e+00
4.222706607467052287e+00
2.097729989404827133e+00
6.274440798529243857e+00
8.044094753823467059e+00
3.931344173092840233e+00
3.360279760172121932e+00
4.457306841035590494e+00
4.934684001523270247e+00
3.035148688712694831e+00
4.563470642919539522e+00
2.709634487296743277e+00
3.583223865454479462e+00
4.379792746642132251e+00
1.440967981181116464e+00
1.656907220395036573e+00
1.733316122981183760e+00
2.315434600801830278e+00
3.834009836963539364e+00
2.117245936081819213e+00
6.290300968656973302e-01
6.923671961881157078e-01
3.994926660669523066e+00
6.383465897306544790e+00
6.143600264260814292e+00
7.213922589929824269e-01
2.143270115670613318e+00
3.741407966511293814e+00
2.902386239078769137e+00
3.193517752447200486e+00
3.383495738853918855e-01
8.955652026723448955e+00
1.290934124514275361e+00
6.280343432574023943e+00
6.306401825714322840e+00
2.461404647503633303e+00
2.482143874534420203e+00
5.633514585352733306e+00
3.286130278842869679e+00
1.708868173877448937e+00
1.038401787846248148e+01
1.312360991060447679e+00
2.599865522846040111e+00
3.381132656028952965e+00
7.919541607136203254e+00
4.443580579438216382e+00
2.319941617803071399e+00
3.044065864073556060e+00
3.037174883453906293e+00
1.748784555366030169e+00
3.434427972825095932e+00
4.754768681559522037e+00
2.061355759474669647e+00
3.163257026282357831e+00
9.555744354729832635e-01
3.811785508648669385e+00
4.888880160289787113e+00
6.266611772327371099e+00
2.811963870872669080e+00
3.632861711651411252e+00
7.402206798646943753e+00
1.272332072255183633e+00
6.759229831522325149e+00
3.786372320915621703e+00
4.229330868970451185e+00
4.344649507700069080e+00
1.457454264737864102e+00
1.396745292000707295e+00
6.365614954093145705e+00
5.817752670019588734e+00
4.756530736720812946e+00
5.643896603735472972e+00
2.458300132802250904e+00
1.098497724269667852e+00
3.492836242790883450e+00
4.527738867150052471e+00
3.333558453139389144e+00
2.087302877063037243e-01
2.060792986673282368e+00
1.202278908932554957e+00
2.075644234047101300e+00
5.657074768359339423e+00
1.750465123422329405e+00
5.703405387264647297e-01
2.398388331654523142e+00
3.253732210947716030e+00
1.708702999189218197e+00
6.753961865734340542e+00
1.194553169651220381e+00
4.675141592259211443e+00
8.683840167724961034e-01
2.160883414862699858e+00
4.305544826214347864e+00
5.974134187607077706e+00
4.489891526314749193e+00
1.706601250699128602e+00
5.407371380903913671e-01
3.389394429063747882e+00
6.598838591021461752e+00
1.362211576834499782e+00
2.440517279984010468e+00
4.129123591163548213e+00
2.462105457021137589e+00
3.580161979966609564e+00
3.412057720949310369e+00
5.559499389505272227e+00
1.886989196048815876e+00
6.437928389266728502e+00
3.869534449726764525e+00
5.725373403226409863e+00
3.115022843046015399e+00
8.464080682397892019e-01
6.353504828354067158e+00
6.508741854343116806e+00
5.642384201602856919e+00
8.419953427580216143e+00
1.823472542588513212e+00
2.958863060828254565e-01
5.714817324210303084e+00
4.314114469319102696e+00
6.725537525538279660e+00
1.627969494032493358e+00
1.113144219935191526e+00
1.579603284268233709e+00
8.282047833415142613e-01
2.866886508702678249e+00
4.465494537577010981e+00
1.071196515399151394e+00
1.474024956747076009e+00
2.505873677604203209e+00
4.265052726517861714e+00
6.850523207030086326e+00
2.318405792798106546e+00
5.193846045531524958e+00
1.613446476631810844e+00
5.604207544288464682e+00
6.351650805507113695e+00
5.678503836348957279e+00
3.497324317896130186e+00
2.851697688233817196e+00
8.796923548389695702e-01
1.726458479313732086e+00
4.870291156353115269e+00
5.854943600024679284e+00
3.325324619034790707e+00
1.111347369897475179e+00
1.674557780816294139e+00
7.187421489916375528e+00
3.818870807541251633e+00
6.634722341361980469e+00
9.940127021688009712e-02
2.305224393294099894e+00
3.962965666879243454e+00
5.328938148550963483e+00
4.717253659260966181e+00
7.358822912114483472e+00
4.010215799893578570e+00
2.236052219596586621e+00
2.219735550199919860e+00
1.912797827443685872e+00
3.792153425825040891e+00
5.688244006395594354e+00
8.026764992757726702e-01
3.810859790059535790e+00
4.241130484992879701e+00
3.752753958178237870e+00
1.105650255190573361e+00
6.384564762613019084e+00
2.744791186892256984e+00
1.225320133919272747e+00
3.308171026349331356e+00
7.705838554282719244e+00
4.290032852511271422e+00
3.459789473844119723e+00
3.757913817191609329e+00
2.398133114720492731e+00
1.926228389781073247e+00
4.223583723280035507e+00
3.940553440938754370e+00
3.785961933207596886e+00
4.030045827080154019e+00
1.325742983366249739e+00
4.650009265956660975e+00
4.225085364467415339e+00
4.740793855515053501e+00
1.732474450565926638e+00
5.638892264038766200e+00
3.188114687999866970e+00
2.665628939689448806e+00
9.158397355682204033e-01
1.671028102701944018e+00
5.593200488606539622e+00
1.713762957474382453e+00
2.771251276736841795e+00
4.136780268514614001e+00
2.416357618781161953e+00
1.892210155951795647e+00
1.836184646649552166e+00
4.094110056368280404e+00
2.863141364599152361e+00
7.365620660664268904e+00
1.497402468504652973e+00
2.457799147299619236e+00
2.153779993101330170e+00
1.027796384586310285e+00
2.036089113241931869e+00
1.142674479375435537e+00
5.995542312983408451e-01
2.131288263235354030e+00
1.575866424655631093e+00
2.059388662780148316e+00
4.588500854227435255e+00
1.270791398554109053e+00
2.014023701252924514e+00
3.965685876333712834e+00
3.226253740875730802e+00
1.090524478260038954e+00
3.081658549743633291e+00
4.211575707071331109e+00
4.269803519436788375e-01
1.877295014402377227e+00
6.543651831131662711e+00
2.403109205410257410e+00
3.839538714324706614e+00
2.530897653135978143e+00
1.726128447023151935e+00
1.625755789802745488e+00
2.630446827458809089e+00
6.867103504955490045e+00
3.807527707290469188e+00
3.511975579233118872e+00
5.788021578628353758e+00
7.282677388588200351e+00
1.454120927729968260e+00
2.896612235905223987e+00
2.327346358550607786e+00
3.235352885983581395e+00
3.334450214427338022e+00
1.633496624317947843e+00
7.685164451855039935e+00
2.395716298765452557e+00
6.510924567602111246e+00
2.531392512563425679e-01
5.457394816386273995e+00
4.275041584178895349e+00
6.836683058536934254e+00
1.944203546610833389e+00
3.898648755642791119e+00
9.723163347811386581e-01
2.905615708902845373e+00
2.387189958759615926e+00
1.611303630151559974e+00
4.441219942641390972e+00
2.203545424549453458e+00
3.553694646502352672e+00
4.511438876869036108e+00
3.733708709182844032e+00
1.661539996811830955e+00
1.246381601665459193e+00
4.579556262403693623e+00
1.669460461926373540e+00
6.695876391532546990e+00
6.946549647115431547e+00
2.043300397140950242e+00
4.558933133261498405e+00
2.346201905442070412e+00
1.093952212321484208e+00
2.444934596772615265e+00
5.128827180818848142e+00
5.084831078615685840e+00
3.307522769316693090e+00
1.385601751463102271e+00
1.921132544428290956e+00
5.658847969977987447e+00
1.320974865742115201e+00
5.342924733469211596e+00
1.954589311198489998e+00
4.526682632398213890e+00
2.040183445112995653e+00
5.712608541357432346e-01
6.866793731607752527e+00
4.872421190709820271e-01
2.974427301577417637e+00
1.756384439584765866e+00
2.464424900709759836e+00
3.363571952288071376e+00
1.403415955521257308e+00
6.771829848409363528e+00
2.907561993635962683e+00
4.911744923124607531e+00
4.894882016676510794e+00
2.638769710765693333e+00
5.275902804762869103e+00
3.168045163725211832e+00
2.152601445320679208e+00
2.054219494796345025e+00
1.655111876272401306e+00
5.619603463962935308e+00
2.053255725190627601e+00
3.119975962179286633e+00
3.172960281467335886e+00
1.812929654927497580e+00
6.161333680362152343e+00
1.402120391541951117e+00
1.901692372459825808e+00
2.808294339736952416e+00
4.218773801959230241e+00
1.176843094391334610e+00
4.856106455131673272e+00
5.730205202684271804e+00
2.691584442454961756e+00
3.994966250444405897e+00
4.624605500948352876e+00
2.125622142952569682e+00
6.295321498290928908e+00
2.332884397755575989e+00
2.053766123404722865e+00
5.124356959932730327e+00
3.694744819206464026e+00
2.696195852806609228e+00
3.289911349870010326e+00
3.519515782323778375e+00
2.715138051844235179e+00
1.104153739192742290e+00
2.071201530955245840e+00
1.860900473594060855e+00
5.180060860234013909e+00
3.136536916097596439e+00
2.774758538589495505e+00
1.064810113377671952e+00
9.138323476375528998e+00
5.933455299620527867e+00
1.670416044014201518e+00
3.091266090176120418e+00
4.678454557242947232e+00
6.371180713088638647e+00
2.593712759432017734e+00
3.209766218386495229e+00
3.209684506658752934e+00
1.184063244304696561e+00
3.709706572121948653e+00
1.174942146765525441e+00
4.192667795230842209e+00
4.043240357653190564e-01
4.495185665954856802e+00
7.108930476023730405e-01
3.528178776712512565e+00
6.747524090038827360e+00
2.500038039686175217e+00
4.595753176675324347e+00
3.286123932639037903e+00
2.392058256217961976e+00
2.576706300875980293e+00
3.906912401244536870e+00
1.262702281959544592e+00
3.938493003696697414e+00
1.246830572548909721e+00
3.333295029189571768e+00
1.600866550787100273e+00
1.590136308392271047e+00
4.799421561845194084e+00
1.871985603551415522e+00
1.975848841211969464e+00
5.939718406934312966e+00
5.117648591629197163e+00
2.683329577515717990e+00
2.781561602987653981e+00
4.674858502184752740e-01
9.781592265590588475e-01
4.630435776183298380e+00
2.384741494438485709e+00
3.022829168581086190e+00
4.526669957583834503e+00
2.702733622588073370e+00
9.368544938229945274e+00
4.907893585168713990e+00
7.512149917734452842e+00
3.007758423865564801e+00
1.346999999199576692e+00
4.651913011413361332e+00
8.050284223692209196e+00
1.205778645320033426e+00
2.606622839118287072e+00
2.257283035966658691e+00
3.084886816529273545e+00
3.369472828162986211e+00
3.944494343291355953e+00
5.754856355219019726e+00
3.195450787171027596e+00
2.465222731348557073e+00
5.982116843172608611e+00
9.618614861479378719e-01
4.171476604315067505e+00
1.328001674439268420e+00
6.589030039932985972e+00
4.692074882252566859e+00
2.856337174579599125e+00
6.583560922742714538e+00
1.552547886480480255e+00
1.986127552564178389e+00
2.127418587234302993e+00
5.539395446364575371e+00
1.647092658709807589e+00
5.536604361530460316e+00
3.287824098918322946e+00
2.240151069368825798e+00
2.065327903580818081e+00
2.686476471863926463e+00
9.901534668612254064e-01
8.356814701737372841e-01
1.950254484994789816e+00
2.174165074606090542e+00
6.799602013399535849e+00
3.419381251754252560e+00
2.428749895570973649e+00
4.838618573136820089e+00
2.825191171540526902e+00
5.122997060436478733e+00
5.165972148413620957e+00
2.362575387774140889e+00
1.381841802161025035e+00
9.603621031768926342e-01
2.128980728078597284e+00
2.394243441083041102e+00
2.222822914862114363e+00
1.841962030818107054e+00
5.394726341436553163e+00
3.609915955938916454e+00
6.265635047786014766e+00
2.365380562105616313e+00
4.998660315036563828e-01
2.368970902506563281e+00
1.303600888785137135e+00
6.908290622869902586e-01
3.345615051673223928e+00
1.726199195963394439e+00
5.841305522353547275e+00
2.118326175528521649e+00
6.250132152505199379e+00
4.875541160860517031e+00
7.475060110577807393e+00
6.029615829859236165e+00
2.440739634832427285e+00
1.353347362614869542e+00
5.518647478618118107e+00
1.030738664507657720e+00
4.134927575534903532e+00
1.636871005226288700e+00
5.995730929258908048e+00
2.432863246746864050e+00
1.971743354606747101e+00
7.160519031036753468e+00
3.325059812057864495e+00
2.538481036526274881e+00
1.546362690671277740e+00
4.293109799041678443e+00
2.203751559293343654e+00
4.466627250138520466e+00
1.888584269072507649e+00
6.046857680927393286e-01
8.463232636683549748e-01
1.273340678021506633e+00
2.900164612820875565e+00
4.882773655820109582e+00
3.009404356986773443e+00
7.543800170955203832e+00
1.082347310758498793e+01
1.895517786537852523e+00
3.450105489958952720e+00
6.928151149490069383e-01
1.540521695234221999e+00
6.782157266084841707e-01
2.027567212048813960e+00
1.810639821357709955e+00
1.945648488307995416e+00
3.473114456493497038e+00
3.633600352508831843e+00
5.776789100360453233e-01
3.129199366511308700e+00
1.986066154526524130e+00
6.251803506948062861e+00
6.455567934494740534e+00
7.723986339442761917e+00
8.083541684638905211e-01
5.922100081480785150e+00
4.140221388507367095e+00
6.733902630197407646e+00
1.791727104661303249e+00
5.563688053732922079e+00
1.729882215273209178e+00
6.036036357126176810e+00
3.650256564033008022e+00
1.566673476754783856e+00
1.392581249126205512e+00
2.578628422214107374e+00
2.623024790847611865e+00
3.177857148374822138e+00
6.153831876481051566e+00
1.804136503367321565e+00
1.680329613291689839e+00
2.390727107596277268e+00
4.112267087856536385e+00
6.439745699377840360e+00
2.117513101172462608e+00
1.171477609865468006e+00
3.495865703394460233e+00
5.177698866543650524e+00
6.438701424345432578e+00
3.518121981764430473e+00
2.595998309694776740e+00
4.153835504133622791e+00
4.334721810678047405e+00
3.658811971478270308e+00
2.433934985989304689e+00
2.063494723315153934e+00
3.241216041150889904e+00
1.892631116120811363e+00
7.252537337061633060e-01
2.097204240436089329e+00
2.837686271251959713e+00
3.903721678998881561e+00
6.580780298960396735e+00
1.618850724579298239e+00
2.493326235762843179e+00
2.860993611541570836e+00
4.919859484106325453e+00
2.672246318304630552e+00
1.966121295984666340e+00
2.743593494816523481e+00
2.446650019909873297e+00
1.554866863443935987e+00
1.075745117724996369e+00
2.900575675998759095e+00
2.219241648992504423e+00
4.835287655939987772e+00
7.221657829968699538e+00
2.767441432654408118e+00
6.296385902850129002e-01
2.234088629474663357e+00
2.970453615219726284e+00
1.344352468400764611e+00
7.209157846112010937e+00
2.380424959422500208e+00
1.577323970034228973e+00
1.486410307698751598e+00
2.445158434522553215e+00
3.091236861953999604e+00
2.539548932499794631e+00
1.597246306509902292e+00
2.110957081925691980e+00
6.620354134631702969e+00
1.044374644696528076e+00
6.014316125898390375e+00
2.925920047888645459e-01
2.410057538785503439e+00
4.265824643615207634e+00
1.020000874568966154e+00
2.452826058335442649e+00
7.045256221410935993e+00
2.937763239957867256e+00
6.706015679838067456e+00
3.367472527834024287e+00
6.675298978810076944e-01
2.023566597635076292e+00
9.645292105181842990e-01
2.629781640153673106e+00
8.094745167524327600e-01
2.035873511788091950e+00
4.971169222623572637e+00
4.777689594767825731e+00
4.284030651889425556e+00
2.082179931276759266e+00
1.933181805049584367e+00
4.229310692432258101e+00
7.273860805028410148e+00
4.466407434157374290e+00
3.055386111868763965e+00
4.637284219131710294e+00
6.267702856208563489e+00
1.572099293857701863e+00
3.493279883777455463e+00
3.131698910036832206e+00
1.388601615419357227e+00
1.532886588446196408e+00
1.696295736993136183e+00
4.353452605700664613e+00
3.990137465252777016e+00
1.618683467462940007e+00
1.962173815099922392e+00
1.325211636567538598e+00
1.022169555888497561e+00
1.121799859185688142e+00
2.582402240572993612e+00
5.666687484740999814e+00
1.818592630846898484e+00
3.311618381549337631e+00
5.723664233676448276e+00
2.568707275297756887e+00
4.027115458872066789e+00
7.046030045339807479e+00
3.945728870241093311e+00
1.388998721286689664e+00
2.987274217967905710e+00
9.773942040332254777e+00
1.997964504669744956e+00
4.259774383763807570e+00
4.243543156757602297e+00
1.495615872147286529e+00
1.422210493355440475e+00
1.667342971300671994e+00
2.968304913194441674e+00
2.968485828541061800e+00
2.688852105404865966e+00
8.227393745121892366e+00
1.787926254154223349e+00
2.178769046637067497e+00
2.177818743703356041e+00
3.760710230632886120e+00
1.495440137892025012e+00
2.013537571081054356e+00
1.717764934022380174e+00
6.587417715235726945e+00
2.813760720544439931e+00
2.244658670026993708e+00
1.406046413084018898e+00
3.365714027563282418e+00
1.875864967209920353e+00
5.222410007390371867e+00
4.333648804736888849e+00
1.255929549020881941e+00
2.810095367764638308e+00
1.458184782691427817e+00
2.591210492122601572e+00
6.935928944240223437e+00
1.916230781676346417e+00
2.630758617538395683e+00
2.273580342368531682e+00
1.563012403742531919e+00
3.861569308520421018e+00
1.741270770621217823e+00
1.686156222146697692e+00
4.436970853863487108e+00
4.116218787259331990e-01
3.687876398509679188e+00
2.795449725706371069e+00
6.952990291963267566e+00
8.713272973570600488e-01
1.543546970193361512e+00
7.197418676666880621e+00
3.271607510336857150e+00
2.405393114604086779e+00
5.575947750160946903e+00
7.605983008503308662e-01
1.905703826065053397e+00
9.876031667347289211e-01
3.606344223956824635e+00
2.669530059310716741e+00
5.997632038878030869e+00
1.489323880762305041e+00
3.226027360662432120e+00
4.995945475185397555e+00
3.528830967287474696e+00
3.513319483249063957e+00
4.544528621892010456e+00
7.663729458887774904e+00
1.695217345159674593e+00
1.766346467195498038e+00
9.705094055436120470e+00
3.730858858485825547e+00
6.694430057670104794e+00
4.396720987782587464e+00
4.754047039043125089e+00
4.445045365607679599e+00
2.307093421957097323e+00
1.946307449203477979e+00
1.589949329071088657e+00
3.933109517240166664e+00
6.537474565607302779e+00
2.992883363724345713e+00
1.396097872214363322e+00
6.999799321635482130e+00
6.349325293671586934e+00
2.662960617024066945e+00
1.883679276198352515e+00
2.816189261006637246e+00
4.107300797643976153e+00
2.997436918727842237e+00
9.116846838259656138e+00
7.083253593402495163e+00
1.827923491226650876e+00
2.681589532243185747e+00
5.561485938834786147e+00
5.459998146189459334e+00
3.337883426713958546e+00
5.749889145939850899e+00
1.766922852081977524e+00
1.699671554732010925e+00
8.697829816907198808e-01
4.269870956535119610e+00
7.528644330875549961e+00
2.068430620233113970e+00
1.293389909565031193e+00
2.227209083850243410e+00
4.702720231966210918e+00
4.760683819313337395e+00
2.265767863141111338e+00
8.466746224856770198e+00
1.495072828154515143e+00
2.904512362551896487e+00
4.186111179566805340e+00
2.919423019070417791e+00
1.765087615603372795e+00
1.759529321455648221e+00
2.136035284365104925e+00
2.570378497716068633e+00
3.397799721737372991e+00
1.192364441264637920e+00
1.956388289996678242e+00
1.600794713698390215e+00
7.396166147407612357e+00
2.384310822717115030e+00
6.639312987656354359e+00
2.457739790975726812e+00
2.094410256088895306e+00
8.299474473078578551e-01
7.441472370749069754e+00
1.106578715656002077e+00
2.565204482111083095e+00
1.428532545435425627e+00
4.009359359385842758e+00
2.232705905312790673e+00
4.644440397262923348e+00
3.822506464167446882e+00
6.202793078038631336e+00
2.414560839853669538e+00
7.661803746809781934e+00
6.565343332067526738e+00
3.155546303266125729e+00
3.485592348349099368e+00
2.459749241775864625e+00
1.563470998217324937e+00
5.297706230526863180e+00
3.637865003124713947e-01
3.289850874362381106e+00
6.724735063570321358e+00
1.101013232050842339e+00
2.800718997693611101e+00
5.053467453189468550e+00
2.738765330576739654e+00
5.617328287935105635e+00
3.088500820685230241e+00
1.698588017919793636e+00
1.308401091476983691e+00
5.166876467316618982e-01
1.646973347634757223e+00
2.608723279497977110e+00
2.951884409370317375e+00
8.449165700202293294e+00
2.192315634744254282e+00
1.725077306235325292e+00
2.743474803461808609e+00
1.156904197594715411e+00
2.146531281644360245e+00
3.643035330727085519e+00
1.453926923095675949e+00
5.877914636984426622e+00
1.710840564670310204e+00
5.330501226031915118e-01
3.606873555863215230e+00
2.013199483493573805e+00
5.295109782318385250e+00
9.598973978668340346e-01
2.565350324351780564e+00
2.728501205650834649e+00
2.777524151760468740e+00
6.928715903832863177e+00
3.113585558671059683e+00
4.185712030698426567e+00
5.246495058405218792e+00
5.535786817410532024e+00
1.312784914734591135e+00
9.633720096277783584e-01
1.526361097839487035e+00
2.129539768222712404e+00
6.600141654397948976e+00
3.109213575336109425e+00
5.162904180712851038e-02
4.713728939416589547e+00
1.090912758720086018e+01
3.661979466120434346e+00
5.872906238629811426e+00
8.623259349046668021e-01
2.256282099111005301e+00
4.730331963760427527e+00
8.964127855463641659e-01
4.217404779119139135e+00
4.953922684125056541e+00
1.489840233596804397e+00
1.126300586812149618e+00
1.033299787301077410e+00
3.020361773124191629e+00
6.184181836345354899e-01
3.321924738386329956e+00
2.968037758082489042e+00
5.712621079756068809e+00
1.040551994831411697e+00
5.605278189863610372e+00
7.115688659540748695e+00
4.383099189874926083e+00
2.189066435460131466e+00
1.589483647785959075e+00
3.040858388663955747e+00
7.042789065997365761e+00
3.951924461240264197e+00
1.641656441918586617e+00
1.338732362864528014e+00
6.000467451645777217e+00
3.978110744309576230e+00
9.103518929997895803e-01
1.039823450346123224e+00
2.533747600494734797e+00
2.828786841100344951e+00
3.524151149504693326e+00
2.152919231306090087e+00
1.731528582086174328e+00
4.486697868345695284e+00
1.990139228283559270e+00
1.312513549151882897e+00
2.261818574093184875e+00
8.558905466225444902e-01
3.725450234682248674e+00
2.760649547009530913e+00
7.721850226056995448e-01
1.217944980301402857e+00
5.475165340046211249e+00
3.325221360853603425e+00
1.491934141287744042e+00
1.488511411228951919e+00
4.165002947173669368e-01
5.847657876140929467e+00
3.290027387709013151e+00
5.626855101838020623e+00
1.290490607849225091e+00
6.824545683274859442e+00
1.956735767127660397e+00
1.566485432043524861e+00
3.627717044978016059e+00
4.052072386820654515e+00
7.819533178680834418e+00
9.382668139931125140e+00
6.061319214664012911e+00
1.607605741733817872e+00
4.047186884730163747e+00
7.216941391617488044e+00
5.136468447346487665e+00
2.141313717297369301e+00
3.573031208864445141e+00
4.707236131876485707e+00
4.621263581838650047e+00
1.210677284986442892e+00
3.204231290461797776e+00
5.966706650660224653e+00
6.639833174123046078e+00
1.342663135735332469e+00
4.224925466123918838e+00
4.460014516384131156e+00
3.506154956425874492e+00
1.914085559160689787e+00
3.244771710257820629e+00
4.607122945601534347e+00
5.789116537839986698e-01
4.567768395195095921e-01
4.257743297081898248e+00
4.202505333448483427e+00
8.194274581097337196e-01
1.572741455870708904e+00
2.765741179603250277e+00
6.874945747682048580e-01
3.116268256121637048e+00
2.669512836290738100e+00
2.255642930442883998e+00
3.012266302304048793e+00
2.886159349628462323e+00
1.278768784028502692e+00
4.836718759146422464e+00
3.749238589328840021e+00
1.804394042892224270e+00
1.812096751529210570e+00
8.061489625128697156e+00
5.752656643547209292e-01
3.575393606469267294e+00
4.273861941642138618e+00
3.206413710301833753e+00
5.188401763904566977e+00
7.045213324534294941e+00
2.343410879354269838e+00
3.599066475779653107e+00
9.372527489635188447e-01
1.974187174402493472e+00
2.011939101087338866e+00
6.864516619471903169e+00
3.867627521495705434e+00
2.027701016558784541e+00
5.003930944289954219e+00
4.514157086512203598e+00
1.946780775755705406e+00
4.094031446651140271e+00
2.677691014445702233e+00
2.827136234198874831e+00
2.254831446432638220e+00
1.699400496655017800e+00
1.803172428214230072e+00
8.135582293804125342e+00
1.040138181708644138e+00
2.087034835617356254e+00
1.459480763572463813e+00
6.206724286045610661e-01
1.516086928560548941e+00
5.668865816910081401e-01
4.536610167113127368e+00
7.391742995604601241e+00
2.483018720746406505e+00
5.678209027615471749e-01
1.197834957944319711e+00
8.735395688023976923e-01
5.440113390116165348e+00
6.986680655064843037e+00
2.929715034289672726e+00
1.911196946755633119e+00
6.398511380896865219e-01
7.074224508885811780e+00
6.718605971391341747e+00
4.076667580786009992e+00
1.262802959194885943e+00
3.666915373033680758e+00
7.746119626340831621e-01
3.514144308069216294e+00
3.999296631700363314e+00
4.104702231361772591e-01
1.737693999711374504e+00
9.229351299367757333e-01
5.761980436029777941e+00
2.524327076947763260e+00
6.265043439613717347e+00
1.190128059613036360e+00
2.991145461486103052e+00
3.496282693821981535e+00
2.236647154036287333e+00
6.931680630982302027e-01
9.828096140813100678e-01
1.787598448106622051e+00
3.317327436666135387e+00
3.994717940606185458e+00
1.766633810075560085e+00
3.813234690009053018e+00
3.652371725655239043e+00
2.943665739686639693e+00
1.868676525009242972e+00
1.809168751892526794e+00
4.180003329688794622e+00
5.939141701690994202e-01
4.031855550859063442e+00
2.648734479223498361e+00
4.336318813375600989e+00
1.950141306832771981e+00
2.851635472704650454e+00
5.551290096589363010e+00
2.646421145404062258e+00
3.892556505067643169e+00
6.409287596092416273e+00
7.723027419515134717e+00
2.861390463601166445e+00
2.332039159370459469e+00
1.072761744007466866e+01
9.856144467866941872e-01
4.279720427789122539e+00
1.557805295413246638e+00
1.881661685915309246e+00
7.074463257160212848e-01
5.456143733372334381e+00
2.317349466518721979e+00
4.493950813904752373e+00
8.049028681293274312e-01
7.008239004379104742e+00
1.263939452294886800e+00
4.957267395826589151e+00
4.896878672837542190e+00
1.516254931924486904e+00
9.788057856030345505e-01
3.015855485646099510e+00
3.061500670069964514e+00
3.091595762111019607e-01
6.517330347101182753e+00
8.929586349347660601e+00
4.318758231475025688e+00
1.128717110546312963e+00
1.852982414553540957e+00
2.000020773903384175e+00
3.251624872478167561e+00
1.364997256453962748e+00
3.967388909945624320e+00
3.218354566760308177e+00
3.686653565870464444e+00
2.084696617310552114e+00
4.438607046214292140e+00
2.509292918625759317e+00
9.308460050410125586e-01
9.434429878070128561e-01
1.849631171040895028e+00
2.617289529718151542e+00
1.614892517374436620e+00
4.587084653566898318e+00
3.394327678893774625e+00
2.661843309386615619e+00
1.304326734231470608e+00
4.315217900130343232e+00
1.810707455732161630e+00
6.304979738122695743e+00
1.346376271685112203e+00
2.628738217764695406e+00
1.080928375704550914e+00
1.578819534683063353e+00
4.490809083350122410e-01
1.727709628526859609e+00
1.129016863881683763e+00
1.452501620342725230e+00
5.673705639124080768e+00
4.293944577035230026e+00
6.971228028632872054e+00
5.692770814425291093e+00
1.481309143250748139e+00
1.172144560121641366e+00
4.033863276290202471e+00
2.665048358813911111e+00
3.229163681961647381e+00
6.447274331063144182e-01
8.003361227905308795e+00
4.339880053152440631e+00
2.521572085252929529e+00
3.174054832292963813e+00
2.942770602118710332e+00
3.918993345672943551e+00
4.189593772997879384e+00
1.459943888583711935e+00
4.459835506921856485e+00
1.414474484633518214e+00
1.920165736384489508e+00
1.925349750290568318e+00
2.098273683040620341e+00
8.323056219736736594e+00
4.281229225659783921e+00
3.950930155614345463e+00
7.570026321697641336e+00
4.351735144112540254e+00
2.954198881432670731e+00
2.257078899335575262e+00
4.010469340910792546e+00
1.118474759218727410e+00
5.428498572507665543e+00
8.042691463838768096e-01
1.953229862238831549e+00
1.602029832925405239e+00
7.939989053590472690e-01
1.381108633161759469e+00
1.557719333877556123e+00
4.035659798292463574e-01
1.271589220444062640e+00
1.665816956774944124e+00
1.188191141902249726e+00
4.337244347038724079e+00
2.517017495753285150e+00
1.160667774629911886e+00
9.806555965284735610e-01
1.682232245650778557e+00
1.817830931972441055e+00
6.086392588839011353e+00
1.238230873471643623e+00
2.931682503305701903e+00
1.546407157083415029e+00
1.755705607746447905e+00
3.620110653342397899e+00
2.963358534204394878e+00
4.354968686823903035e+00
6.605214777077122790e+00
2.065062615296282544e+00
1.857940156342797966e+00
3.463784722331588739e+00
1.039860217138750320e+00
3.700817844490530417e-01
5.928723818872287055e+00
4.741722997811126383e+00
2.157435456581498823e+00
2.009742988626565641e+00
5.198723118922085051e-01
1.658971417400758819e+00
7.565612135935144700e+00
6.794242097668628411e+00
1.590539618862006677e+00
9.201818955110502296e-01
2.914282986177208823e+00
1.274970746530229126e+00
2.442403750216622260e+00
2.175279863842266348e+00
1.114252590093056661e+00
5.972066084367364525e-01
1.738174631608609078e+00
2.332236724257960248e+00
7.471502802250753028e+00
1.260645402561398454e+00
1.735326957338752640e+00
1.050147868611075230e+00
7.838116857972562412e-01
1.762284544896572269e+00
8.231420692156126151e-01
1.351898753248652829e+00
2.977291586463497897e+00
3.402122346809580034e+00
3.125238243951473094e-01
5.558466884342065928e-01
4.005174569020931052e+00
1.137871598371507975e+00
4.964787942894291817e+00
3.206574454001957619e+00
4.155240678551833433e+00
1.823340454839352365e+00
5.817772230361001995e+00
4.242595137731449917e+00
5.000622936486389669e+00
3.736715718717642964e+00
2.093760385685079939e+00
5.428479088645334905e-01
1.836770309773131604e+00
3.522305603605389468e+00
1.065519206493051207e+00
6.205915875768390322e+00
7.792211824650990826e-01
3.832184218473960513e+00
2.862087911897050585e+00
1.307195661054798785e+00
1.945756805459981198e+00
1.784095228733924676e+00
1.411627382547972376e+00
1.543089369843978709e+00
2.056144672000500329e+00
2.055725987480121475e+00
4.402945248587267990e+00
3.296067455071026941e+00
2.273355751890088428e+00
4.660935369715867971e+00
4.795458173871103291e+00
2.182796843192464920e+00
3.864049123850435308e+00
1.360462851808773577e+00
6.189264226374441513e+00
1.538534410802635977e+00
6.529975904326668079e+00
3.509886238322070362e+00
2.030501642050895228e+00
1.754189294856948633e+00
1.977092531780054063e+00
2.407234791066325652e+00
3.301968241304739315e+00
9.480099030826956152e-01
1.253047841219295799e+00
5.766416698284139386e+00
1.959858527023818686e+00
2.022084497292175431e+00
3.232957105804956655e+00
4.273259372266879907e+00
2.568785136966520888e+00
3.310634241238899822e+00
1.468080237809598732e+00
5.093597649728644150e+00
2.753252584570922146e+00
3.030335838942442628e+00
3.879024226992924262e+00
4.949953553683373642e+00
7.941788977812760386e+00
6.424276899500575233e+00
1.875517200602611734e+00
4.236458111011939032e+00
1.211204417198466166e+00
2.470171523760690935e+00
6.639646857899411003e+00
5.683415409607478486e-02
4.762836088660804990e+00
3.556430618928515308e+00
7.718109646426516868e+00
3.542277410202638421e+00
5.031159932894605724e+00
1.711895356116445832e+00
3.110719905873555735e+00
5.341961517758374356e+00
1.987762975601989668e+00
7.241650054804170678e-01
2.054791032738434442e-01
4.104234712484882586e+00
6.347888429565887058e+00
5.580242289513938303e+00
1.156300443687184876e+00
3.087457835604114909e+00
1.545360485158312258e+00
1.270031267100005357e+00
3.416096601673093147e+00
3.235343095061634866e+00
2.593609541554312781e+00
5.149185714519905588e+00
4.206678197927878671e+00
2.801703079650174733e+00
2.465515260762123351e+00
8.710776466140677243e-01
2.261223742006215343e+00
5.535160917428020078e+00
1.993683375405257197e+00
3.580547450625992667e+00
1.613813050616206946e+00
9.502666152840629765e-01
9.723628047046232181e-01
2.025904341078811566e+00
3.563316934314604278e+00
1.315355779054995677e+00
3.694262468368109342e+00
2.197210198030683070e+00
3.509585719517659630e+00
2.071615377451427431e+00
3.277900642011968291e+00
1.107383758027632226e+00
1.930806150454752013e+00
5.084784446251304324e+00
1.738360475427566332e+00
2.140812655017653832e+00
1.607190401118720358e+00
2.950480226300427056e+00
6.349562367599220103e+00
3.062689589985551741e+00
2.280915974954607073e+00
4.193864448589550875e+00
1.692063301344512993e+00
1.956428976534222874e+00
1.538314800279465322e+00
4.940257897960137257e+00
5.108598936291207870e+00
2.256036097232100968e+00
9.847652485643147990e-01
9.558927844897016080e-01
5.622738944895891322e+00
6.295545264899420346e+00
6.778006902538636247e+00
1.473591570896628733e+00
4.353336522421258792e+00
3.286844351753123394e+00
2.155034757879558782e+00
2.755410493067294020e+00
3.121171198802967339e+00
3.696066961540668494e+00
3.125162041029752480e+00
5.830712939597981759e+00
9.789887696985061893e+00
7.544176203359178601e+00
6.913777249799630376e+00
2.241430124016657643e+00
9.992715991619538496e-01
2.098395116233079172e+00
1.944300109159572409e+00
7.365173536019041123e+00
4.513994271396505553e+00
3.237113142411792932e+00
2.578119076103950302e+00
1.693113804292923241e+00
1.420110528814841899e+00
1.132454181974421603e+00
2.510099854387501495e+00
1.450495494066371682e+00
2.101487757921444377e+00
1.925493605038333556e+00
2.221052715475274386e+00
1.632457830513345032e+00
1.342220140897899983e+00
6.902492825472686278e+00
5.483269047880622971e+00
6.402208115575658276e+00
3.835692928176660743e+00
7.210793206381842069e+00
6.642763651277444836e+00
7.472462107493235806e+00
2.273396005340718951e+00
6.505548399174569063e+00
5.276696209363174184e+00
2.731293911522835405e+00
1.520055197260053559e+00
1.168982272007488277e+00
2.025421887553309652e+00
3.038068725354761135e+00
3.100404289608665209e+00
3.423511221724385045e+00
2.951697424795860059e+00
2.251170216122044376e+00
6.202263799712375292e-01
1.301761128231729625e+00
3.291571406811758305e+00
1.829430315544785302e+00
2.953832827078600065e+00
4.997327330996689021e+00
2.941150606001146084e+00
6.908568847637613253e+00
2.707008121427362912e+00
2.354556626961662236e+00
7.228810086419541481e-01
7.001489309350430901e+00
2.538957774850569837e+00
2.173376206955160761e+00
2.205895635977697555e+00
3.888722290245842927e+00
1.874087255937914476e+00
2.591749866741251740e+00
7.563318776124074105e+00
9.243986663221902544e-01
4.728833064038810541e+00
8.018399364590907297e+00
3.685772962426305810e+00
2.695989842482244825e+00
7.900475509109620376e+00
7.241357334181223182e-01
5.555079331983487023e+00
7.910629356058008987e+00
1.221411873801532932e+00
1.755742127226828320e+00
5.921414383064838027e+00
4.649525082749051741e+00
2.402523320406198259e-01
3.906218275375502813e+00
3.441793050807712806e+00
1.340894223339447189e+00
5.029526501414335549e+00
3.817739918911454922e+00
1.393240552037176228e+00
1.586463188380309308e+00
5.034565222089312897e+00
4.322483498528358892e-01
5.165690636631154575e+00
1.317538899815772213e+00
2.908015078529362363e+00
4.453753670834358580e+00
7.569866602639082842e+00
1.394208803225315041e+00
1.332395678530563066e+00
4.335857785051712376e+00
1.503563026962815741e+00
1.055312839160177374e+00
3.362075282875347959e+00
7.700963077236482768e+00
1.218204343821680524e+00
5.645613188607109478e+00
2.580171512316490556e+00
3.920218421039611822e+00
5.094433536203993862e-01
6.686170502885113720e-01
2.618576824225638866e+00
3.156969317413582665e+00
1.722590776693624370e+00
1.174123036357592742e+00
2.260891884866993884e+00
8.756632184435515498e+00
3.985826136406503739e+00
8.002690717573482715e+00
7.325133795443639073e+00
4.543054471603106492e+00
7.725299860704131660e+00
6.680001590904733888e+00
4.367426334950466504e+00
2.158166413570370423e+00
1.000995052781969985e+00
6.431119654166197463e+00
3.296395182633023335e+00
4.817905899163418937e+00
2.887195778185337680e+00
2.285103101562489414e+00
1.662755042617359180e+00
3.728110645777884979e+00
2.045449100710965418e+00
2.452444433659478840e+00
2.027875503299748416e+00
7.370817994484876401e+00
8.203076041090121562e-01
2.920688674339694035e+00
4.621945673882096095e+00
2.227053343885338599e+00
3.764329758330595244e+00
6.030297119203468448e+00
1.255437119005150493e+01
3.242221224950413205e+00
1.727120428136808661e+00
2.153905955500476477e+00
3.605050543018362141e+00
3.748641613279286577e+00
1.798402276156484181e+00
1.050139695183345045e+00
6.068824046990405563e+00
6.059495666017134852e+00
5.028271874054158985e+00
5.892469040127209512e-01
6.197410494427239014e-01
3.423992211463724455e+00
1.091577673428743012e+00
3.129167734293957448e+00
2.267352974579826874e+00
6.178343247505375224e+00
2.467215161061906414e+00
1.142488955236894199e+01
2.847355968690684858e+00
2.205844353157369486e+00
1.174465461441861258e+00
1.005633581411814914e+00
3.807602103781946745e+00
1.604626432354284038e+00
2.820789902634623481e+00
8.884652648366618166e+00
1.022510276890618242e+00
2.106137305914717039e+00
6.450208835638317595e+00
4.048363027169838091e+00
4.611540136232430420e+00
3.713670533072958690e+00
