2.122684064388668190e+00
1.424880363747204948e+00
2.964786005099259825e+00
5.245140231663620867e+00
1.964929849392330397e+00
5.948557435935335924e+00
7.141156476408152542e+00
2.681409044952508758e+00
1.196057738441117513e+00
3.707634333334426380e+00
1.450355535008076568e+00
5.428677689610815094e+00
1.732730205339062524e+00
5.204310448056259197e+00
9.247960215431762165e+00
4.746214728410664385e+00
1.299428082091646175e+00
1.105100122976728771e+00
2.795696368414249289e+00
6.642979226870743048e+00
4.001431786425046155e+00
2.697701973847606016e+00
1.297506112989554650e+00
2.036707111709873175e+00
1.641377411965425415e+00
2.327360127126526290e+00
1.161051457303173606e+00
4.917595397083626696e-01
9.796983381275987668e-01
1.350861190905257025e+00
5.055042210855734908e+00
1.931916600864840738e+00
1.935546373323362657e+00
3.221565848570323798e+00
7.071576463817822678e+00
4.281319342415427442e+00
5.261422080998748640e+00
5.121462934216197915e+00
7.272305707044619538e-01
3.519329601513192518e+00
7.799229105851438471e-01
3.609655298300871173e+00
1.100723994268215433e+00
1.695845845661249074e+00
6.438096000063596946e+00
3.430983873639098292e+00
1.403009699731435411e+00
5.915721832861077445e+00
6.565662727275503485e+00
2.033092567069331391e+00
1.101687153214581993e+00
1.323845031707016284e+00
1.921027574488314071e+00
1.551249907304641074e+00
3.913700104354492115e+00
4.984859023227092401e+00
2.613704924360797932e+00
2.133198821163404979e+00
3.632805752845594593e+00
1.223343752111030192e+00
6.872251271375322546e+00
3.508625509277833121e+00
2.715416808921666814e+00
1.791872251251611203e+00
2.322006024896845044e+00
2.340386478602257903e+00
2.303266523464322091e-01
2.976645353261758942e+00
6.126201332930980570e+00
6.381810032376754371e+00
2.751480641316318199e+00
1.236996758231858395e+00
1.177782788787391954e+00
4.731692410329189080e+00
9.191137094927372075e+00
1.361333255429155287e+00
6.966027608317991948e+00
5.438364804547573428e+00
2.575222070806000740e+00
3.433672626007587159e+00
5.048132513011748479e+00
8.123653985588539683e+00
3.148537624223546327e+00
3.330991534969695245e+00
5.627131668671141007e+00
5.199647013399979478e+00
6.740276537218899300e+00
2.387248593655943996e+00
6.155231939470763969e+00
8.125086001747344966e+00
4.241136865261784239e-01
1.770880682679888851e+00
9.922052301991357126e+00
2.887821534267698276e+00
2.759545610812283112e+00
2.116257559194069326e+00
1.107551635675164459e+00
6.213509095750106681e+00
1.511184227876890995e+00
3.626508775363971981e+00
2.694107530387521265e+00
5.883693569068210394e+00
1.993552676224906506e+00
7.198085025505167600e-01
4.310725427123827558e+00
8.129618852486775182e-01
1.147566680308036657e+00
6.086956750548451645e+00
1.386307195842254814e+00
2.350115419443942422e+00
6.452581091846145256e+00
2.046187131152223504e+00
2.820919457073307601e+00
2.083698047722450930e+00
5.306699771567906510e+00
1.925299431669090788e+00
5.298195841597300948e+00
7.467765065056342522e+00
5.609783104859423553e+00
4.432754334888820757e+00
1.654377056295946113e+00
6.463735061683994587e+00
6.276735818451088633e+00
9.597355748818890975e-01
5.379428087071547182e+00
6.126434851345630150e+00
3.989424557925120851e+00
2.989986644563175644e-01
7.191939375298574966e+00
7.216145518984752982e+00
7.072550427995806244e-01
1.149557250069548564e+00
6.830234298415660987e+00
2.075060328102115825e+00
2.416490495522640281e+00
2.189004282030617698e-01
2.744233832543196971e+00
6.038320296103296236e+00
1.354550272387739396e+00
2.634344819323532150e+00
4.059004226325701126e+00
5.712961996734871484e+00
6.652408397216448277e-01
6.781892233965860939e+00
1.626144151742320965e+00
5.690580226418569865e+00
5.141312675061839421e+00
1.922918102444640231e+00
3.800938971325055871e+00
1.068449348259512544e+00
8.744709772998902064e-01
3.260707166075542673e+00
4.434975644422998187e+00
2.058689701996738286e+00
6.149057215433265000e+00
6.914002116645813878e+00
5.958041241508438723e+00
7.248059948957474852e+00
3.894914058924431544e+00
1.491656386971052184e+00
2.365757367822692192e+00
7.490284703787492226e+00
3.231163444257780348e+00
7.062174418915285745e-01
1.028081210972383097e+01
2.081377890325813329e+00
4.622629059831151466e+00
1.121385693072800116e+00
1.734550131958312091e+00
3.993238118658871905e+00
6.682524748685455762e+00
1.081866541545054350e+00
2.184599971370391192e+00
5.143537953949984143e+00
8.758398794583349689e-01
3.486196218955583959e+00
2.067169068049262926e+00
7.681587151652526924e-01
3.735437953289582502e+00
2.197554095709758126e+00
4.271732910405512840e+00
3.711254439830262708e+00
2.564848749205443479e+00
6.224420289003193218e+00
1.570280307505110162e+00
8.298457433011877882e+00
1.267092866015136599e+00
7.246058532184905587e+00
6.025456362131150101e+00
2.995251935931803722e+00
6.336072085420803468e+00
3.333270088013264409e+00
1.949822043335303068e+00
9.144627852418507175e+00
1.178606642878040844e+00
2.179916198983744113e+00
5.103197725200105950e+00
1.450395204236870850e+00
3.361882304742126681e+00
9.131714501255643324e-01
5.952505777174663670e-01
3.779899141095310444e+00
9.249229953107194202e-01
7.244642104583114417e+00
1.916618342425869148e+00
4.947816178538009702e+00
3.455826367592181869e-01
3.891055957994934200e+00
1.575073490480524807e+00
2.445806482789406378e+00
3.410960384638632270e+00
3.175199532070648090e+00
1.618448654985102264e+00
5.041562353699520216e-01
6.226239058245699454e+00
1.416677210879017323e+00
6.280036324360863453e+00
5.929007828493491949e+00
5.275671694966983516e-01
5.929408394913695091e+00
9.665454827934649717e-01
3.814796242314891561e+00
2.346565315831203868e+00
3.082250692029393058e+00
5.326303149857471997e-01
3.156498571539418041e+00
6.134820802101258685e+00
4.967314940510449084e+00
5.673221745440951480e+00
6.058817771112284589e+00
2.772152620902358588e+00
3.145904963037285729e+00
6.677784755671609673e+00
6.597911958650626296e+00
1.215181245935135657e+00
8.159630876218070483e+00
4.169833038991577645e+00
2.620256988095003958e+00
6.932677692129763924e-01
6.896259753389629488e+00
1.987009434605568448e+00
5.854512247965157457e+00
3.322570757516448481e+00
3.803321519308941578e+00
3.034728376482790591e+00
1.359679037874173879e+00
1.058207399871290866e+00
1.496868209227406155e+00
6.310619914496899518e+00
4.328366606449304044e+00
3.753010303225800648e+00
1.121975077527668452e+00
2.074231446241109555e+00
2.496290537227447981e+00
2.301855458917380748e+00
2.910762412809656752e+00
2.035065420209209552e+00
7.351980844068542353e+00
2.380636451056009406e+00
4.740315524625819954e+00
1.435768932816881005e+00
2.457096679462563049e+00
2.731410133904937254e+00
5.160267777012864876e+00
1.952309889838155232e+00
3.672932256851101585e+00
2.464542439930091700e+00
5.764745612449522660e+00
5.418595070116155377e+00
3.147269228684512754e+00
1.390814077916600944e+00
1.126528434239682852e+01
3.539268837741724294e+00
1.814880815015485593e+00
1.398954540694906212e+00
4.151060817878089892e+00
3.829581008498587735e+00
4.889500431669824287e+00
2.630334356380240379e+00
4.009852383548922816e+00
5.454115620220490790e+00
9.218123134626527992e-01
1.940596056599875663e+00
1.750017820742581831e+00
1.890803214491006745e+00
5.157379996632806218e+00
7.040774954513415729e-01
3.694503368025709111e+00
5.790686550598018734e-01
2.440458682493265918e+00
3.705945351628620266e+00
2.891900178649820408e+00
2.368080773396807004e+00
2.860892696289455195e+00
2.163888647758970940e+00
2.191749027736266342e+00
6.135470091821049188e+00
3.145148109361587618e+00
1.083821306638507620e+00
8.148062563770915867e-01
1.896319065480774668e+00
5.576847860253330680e+00
1.584021268286901041e+00
3.419104388765053848e+00
2.339705365519809011e+00
8.518295776148169240e-01
3.939746328555129740e+00
5.923543994853938344e+00
1.085431259817421834e+00
2.144724260377480096e+00
3.577519497095570156e+00
2.772027652688181742e+00
5.030305857304112616e-01
4.783067068136792166e+00
4.530050263085945161e+00
6.407395973422671531e+00
1.621696670585277111e+00
7.737541644106316063e+00
3.440379783783433787e+00
1.283497144011219948e+00
7.803510410712067191e+00
3.632321980305116327e+00
5.356071763167674860e+00
6.772524263477364137e+00
2.540171417383848773e+00
1.055747717221882631e+01
4.987596284692342508e+00
8.991833685393938680e+00
2.746106229788786379e+00
5.539466162803005744e+00
5.488053407438715503e+00
5.524458599658502500e+00
1.806813778147509097e+00
2.152063695740804139e+00
3.523332146433494572e+00
5.290403658908806150e+00
5.477696296175933455e+00
3.216936827833625667e+00
3.257641668349148034e+00
1.373176094603234310e+00
6.228973227614074126e+00
4.672421706137878772e+00
2.712620220343180399e+00
6.036635667847435549e+00
7.405437378913711122e+00
1.795947721997441127e+00
1.760077621933283210e+00
5.199374024356619550e+00
3.922033272197866349e+00
1.917893992667689229e+00
2.211946837146395062e+00
1.938727014469074028e+00
2.956984489030268115e+00
2.852624151726712021e-01
3.226334994022618030e+00
5.580634412532606170e+00
2.116829407461461032e-01
6.460210509257420242e+00
1.602302077922384660e+00
7.986092213250505223e-01
3.663761297253305571e+00
2.739248625523071023e+00
1.594773735489093847e+00
1.175820200355198075e+00
2.646553362526121944e+00
4.557876117704837249e+00
9.346157157020837936e-01
2.033922224957388281e+00
2.639498304597765799e+00
4.496039708988358363e+00
3.961262002256590087e+00
1.669708116699971212e+00
3.820548188907594511e+00
6.189470319980357793e+00
1.304114891411155996e+00
6.264874406355237291e+00
2.707182454817534722e+00
1.584823064193804587e+00
4.095502686215684029e+00
2.061030861546181647e+00
2.099338875120819292e+00
2.112112877929355204e+00
5.460672479536900603e+00
5.598600899096434880e+00
2.533728256955275260e+00
6.925809844308332686e+00
3.528833969979351615e+00
5.426296893126592913e+00
2.004177026084088986e+00
3.091797197262300401e+00
6.986459715191069897e+00
4.679153279431452539e+00
1.027405594987311588e+01
1.976505295993241873e+00
1.166408427895034405e+00
3.633577213277998208e+00
6.408024126046169222e+00
4.499957018271641296e+00
6.159277471811479110e+00
3.188270372144809350e+00
1.903055353514413461e+00
3.681463694252136154e+00
9.608567764270234957e-01
4.613221028731735451e+00
2.838965504431490761e+00
1.417054156437362655e+00
1.670448491413676351e+00
1.646567979019653460e+00
8.725469604424099801e-01
5.720625121788405210e-01
5.523812935958593684e+00
3.059308516166368896e+00
7.213258733101264752e+00
3.921916988000308191e+00
4.788453008889317353e-01
3.039195591613973235e+00
6.508139155517801200e+00
3.951155361674781208e+00
4.311540624579955683e+00
4.312192665193339103e+00
1.718650726536778084e+00
3.029192108408793160e+00
1.553315473856021756e+00
4.831969130578829486e+00
2.564128634754615721e+00
7.140772415642551163e-01
2.340704513385744701e+00
1.037790763988233111e+00
8.929406075614118032e-01
3.726020910866987279e+00
6.356403038236858372e+00
2.911547038761064687e+00
4.774940207164593886e+00
4.031383461565236637e+00
8.091440783573734308e+00
8.678203522412824000e-01
1.925732682395541406e+00
4.805082559572153578e+00
2.586896564388398989e+00
7.173334621949157608e+00
1.031485185746677136e+00
1.213778673142571707e+00
3.889180819468490924e+00
1.771389246224616354e+00
3.257130048371436715e+00
2.702157512565300124e+00
4.605859116966311895e+00
2.380724728274306923e+00
3.816836277799534827e+00
2.079116290185778926e+00
4.066931865442709793e+00
6.799162419420850867e+00
3.544201166078511100e-01
2.713366052480647994e+00
9.659652279379090656e-01
1.479134161197270814e+00
5.835047283477470259e+00
1.609930310792806019e+00
1.870744712311717795e+00
2.221989791959002591e+00
5.311469343542150945e+00
5.361131010387537366e+00
3.422699035315622140e+00
2.406939668167720203e+00
2.409298209475114305e+00
7.018725576463830329e+00
7.072440732317590850e+00
6.340089668868363226e+00
4.745416288157921159e+00
4.887395401250437033e+00
6.595082858172236939e+00
1.710227328617383025e+00
3.125621585072428488e+00
7.504932128682010983e+00
3.982737280698747662e-01
1.727452382211867254e+00
3.265005058865825038e+00
3.025823215585368153e+00
6.033918885238334084e+00
5.871442264534773692e+00
3.218829238942609638e+00
9.418451130514884362e-01
1.136514985344573292e+00
1.403478822618581701e+00
2.243271695620812967e+00
8.485381597542966947e-01
1.952711984796307476e+00
5.810680438128760450e+00
9.584883773696021292e-01
7.870806329501508714e+00
5.519754453512081938e+00
1.545675579282163703e+00
2.156567863538823460e+00
8.128770303719791812e+00
4.095785973558847104e+00
5.141220880264620874e+00
2.121714811157250580e+00
6.854990574709837858e+00
1.897848855942957824e+00
4.910463634032154800e+00
2.426075828627357045e-01
5.619567485000906970e+00
3.861807898951080453e+00
6.663837717832614693e-01
1.951144886867256067e+00
2.654352869860124198e+00
7.449067620375575682e-01
1.530508232299546245e+00
5.579700975054914025e+00
6.177270830013978475e+00
2.387204968248048065e+00
6.023254520940363399e+00
1.473216752563317078e+00
3.401126626065576808e+00
6.060198805567632796e+00
6.681865074452789877e+00
5.702777244850205207e+00
1.498849074540175685e+00
4.094355047574651074e+00
6.101202795349030872e+00
3.381882940287907147e+00
2.554574803726319843e+00
2.280791940314535360e+00
1.930478457287898353e+00
1.476195950895629272e+00
3.439241926875426181e+00
3.736979707947865936e+00
4.816401064662955811e+00
2.035507159588562320e+00
3.326887486489936041e+00
4.811337769960330135e+00
4.689236690902062743e-01
3.156361559268777928e+00
5.164104111141377018e+00
3.812871323302221338e+00
1.141798276116605493e+01
8.170872266681248774e+00
3.126715229781142025e+00
1.993964207680715139e+00
2.744297718359922200e+00
7.213051970164548798e+00
1.339026771109049996e+00
1.475174023996439265e+00
1.310595042776572905e+00
6.561958869925134330e+00
4.146558789112816612e+00
6.224838719101222217e+00
3.028439683011489247e+00
5.777171432779060645e+00
3.893597093366692352e+00
1.343132138325546565e+00
1.053924708599577542e+00
1.450396963854656107e+00
1.716491405522461600e+00
3.139347748113917813e+00
1.980655696073670091e+00
3.290233640162831819e+00
1.358060134008297615e+00
2.996573394973963467e+00
1.896974511461825941e+00
1.270436949206050770e+00
7.339399904972179201e-01
3.140271211231546733e+00
3.504210086846441641e+00
5.746180592882737415e+00
3.831344539618377620e+00
2.305797161164344633e+00
4.805935588306743611e+00
3.144748614288494171e+00
5.016514482816853970e+00
5.325880045350305458e+00
5.435534412946628535e+00
4.548677243289892536e-01
2.192839517079023803e+00
3.543332667590359364e+00
4.931685448035489472e+00
1.064616579339129787e+00
6.309508866816386785e+00
6.655331234375586824e+00
1.000541547421798683e+00
5.772350628248396731e+00
3.667714843233512045e+00
4.691236917737894530e+00
1.864647543468512358e+00
4.383415280193417196e+00
8.480291119709002956e+00
6.374812386508461604e-01
6.419310057627869881e+00
3.763410198118693373e+00
3.118900642219011754e+00
6.170369857865128260e+00
3.345198897981390918e+00
3.043911414554364647e+00
5.724711726291450420e-01
7.435428172121858914e+00
1.435865907419446152e+01
2.727065357749294261e+00
3.162456070417670073e+00
2.855889034935046311e+00
2.021514292663895596e+00
3.919555467716255404e+00
2.320862104403009329e+00
1.192138978872099520e+00
2.738920381499458045e+00
1.951075352636529425e+00
1.656804654037040025e+00
4.866907110623377442e+00
2.443438888541274778e+00
2.469862496963492138e+00
7.475649443344647871e+00
9.830097125269043445e+00
7.326897056205783354e-01
3.397736323309554773e+00
5.238839843562066445e-01
6.976656308678101936e+00
3.805734827234590778e+00
5.005115320160514081e+00
4.569794770086565983e+00
3.989650946697199441e+00
2.730809121714771859e+00
8.457324285998054636e-01
2.443908124032966978e+00
3.028418343999452311e+00
3.050241581354160125e+00
1.301446660880786865e+00
2.262243081231884556e+00
4.646685626022589943e+00
2.412208100583067782e+00
2.021389537308159845e+00
3.299587339868168545e+00
1.033774199068778099e+00
1.180184362869146852e+00
1.646442019063691919e+00
5.290198410210284585e+00
6.475808767695132140e+00
2.001598364852751999e+00
2.340142962162153673e+00
1.379669539724540872e+00
1.731987017136906171e-01
2.332917490677095529e+00
2.597914687667678635e+00
1.478356853213999456e+00
2.547806726075527273e+00
2.128003151330640108e+00
5.355910012622295824e+00
2.135244659486889685e+00
6.606092068446804078e+00
6.363225027986672444e+00
6.468020134264123477e+00
5.626928878349151120e+00
1.476807127950829468e+00
7.693030016150544270e+00
2.089500050120854713e+00
7.580008442322354600e-01
9.122518154225666143e-01
1.121035362607363473e+00
3.774467300641974443e+00
6.685477955246568627e+00
5.219400363589826952e+00
2.084540492718115257e+00
2.830405929538959864e+00
1.560966421358351841e+00
1.005886607685330780e+00
3.200654261743538953e+00
5.331234579932013773e+00
1.130010645944613534e+00
5.701265830211588614e+00
5.090614036484681471e+00
3.104223488967942757e+00
5.539358580505750140e+00
5.997415454083914632e+00
1.023277355748574280e+01
1.400403162096654386e+00
5.720755556202846925e+00
2.178743227765963741e+00
3.126248384151274706e+00
6.296598597615601811e+00
2.775546013871663664e+00
2.370982690996287001e+00
1.573785196552329513e+00
6.033386840478808466e+00
1.419435173173129838e+00
5.863098536218825707e+00
4.597904047510473546e+00
6.149844190480119543e+00
2.795759260592333373e+00
6.004582806571150400e+00
1.379148396340700966e+00
5.299841443429853527e+00
2.209829705711411574e+00
5.755889052646752546e+00
5.704837038410661698e+00
2.673445889709390233e+00
1.966032674390415513e+00
1.664349536924879303e+00
6.914443740634530933e+00
4.554007609438068260e-01
1.416665327653062523e+00
5.217215091379435066e+00
9.167775053444950917e-01
3.399625710141705781e+00
3.545097099833740106e+00
3.235298214840086395e+00
2.694320115895156853e+00
2.943536358177601731e+00
2.095743249733862612e+00
3.038426856973958756e+00
1.769583941418161777e+00
1.636554769755920180e+00
5.130575763260115885e+00
6.799147617104457808e+00
1.211521266005660236e+00
4.076369872108712045e+00
6.874558833768942279e-01
1.896894379660785113e+00
6.305293406700794634e+00
2.386956039477567515e+00
1.995545568387882440e+00
3.515264824502023711e+00
9.131039135171519217e-01
2.348620297099993426e+00
4.537375022791792389e+00
6.953724863651140176e+00
4.477866043417731312e+00
1.659325779379155152e+00
6.510077925932534981e+00
5.970930007436852094e+00
4.567113934216783910e+00
2.906573894306473616e+00
1.795406389513885426e+00
4.576409886406216820e+00
3.445503834190084547e+00
3.312134501470490822e+00
1.212508106996425861e+00
6.333233263407398894e+00
7.467397337079438202e+00
2.828921805983675153e+00
3.091938381733525532e+00
6.387349937338007599e+00
2.706243069399919321e+00
1.273986802000158347e+00
6.994637204021059151e-01
2.940181818662848112e+00
2.720268185358869051e+00
1.321718169120953190e+00
5.863771789637049814e+00
3.290761339887700032e+00
3.055656032409802769e+00
1.346358583986291491e+00
1.957310414402023024e+00
3.198139533858954109e-01
7.464472777483981858e+00
8.014916753970603436e-01
1.289324028475632877e+00
5.602269042182781433e+00
3.940227619618494881e+00
5.481321711099177207e+00
4.501737958691777841e+00
6.587051747701992532e+00
2.349374798399971098e+00
7.072544975132115219e+00
2.206234830234949484e+00
6.847066973413014956e+00
7.805656720479653421e-01
2.641801987804584861e+00
5.773759224601689333e+00
9.342435028096096161e+00
6.590291516559155127e+00
4.559654050515994150e+00
6.935849739639134981e-01
2.589500207849965818e+00
3.132476407986098277e+00
4.699008422186082612e+00
5.331074546456934016e+00
5.438568636372214549e+00
2.317778121179878692e+00
3.314941553669277674e+00
7.015851371575447359e+00
2.318578877050204046e+00
2.610932856899691679e+00
1.602829287046432682e+00
2.690651514980867187e+00
6.177227891626551504e+00
6.473147569007370095e+00
2.816908133017678395e+00
1.667122321989938261e+00
3.642557973727366782e+00
1.351394333201452636e+00
3.361642930502048987e+00
5.027772960501147637e+00
6.046408560061497184e+00
7.972087868253834309e-01
8.689184610667211039e-01
1.924722105652635351e+00
3.008207085879543108e+00
9.187726746000825173e+00
4.683110450261874114e+00
3.173443999765489298e+00
6.559406958639225849e+00
3.766034882228047387e+00
1.972533421150650668e+00
5.724314532581542991e+00
4.861395220748613855e-01
1.217415520603940315e+00
2.371263957119061683e+00
3.413862103876220910e+00
1.036185989761077231e+00
6.106156376916480610e+00
6.941620773589838755e+00
5.334398574763563161e+00
1.683063123720203391e+00
3.655642909329548829e+00
5.952407201232811751e+00
4.564850470247957759e+00
1.187117652533663303e+00
2.282645248414205685e+00
4.490828804385076367e+00
1.465613342868631097e+00
1.690437399192380674e+00
2.112200047612050824e+00
3.676233110635148016e+00
6.036033272516585058e+00
3.072564839607152543e+00
6.891461568378131730e+00
4.025543507576879954e+00
2.579851206095935101e+00
5.016192005736145987e+00
1.669079051092673849e+00
2.451532593548374273e+00
1.976645005981533476e+00
1.226018608608129501e+00
2.440340145800009353e+00
8.304092669182255859e-01
4.273399964347118996e+00
3.683157724274793043e+00
8.609308328073456140e-01
4.540325386446945721e+00
3.227596319667715097e+00
3.433113213585538670e+00
1.487394016113231965e+00
1.265533964874592465e+00
3.807214137796225195e+00
1.925662241526663099e+00
3.624625873397444131e+00
4.815776269458522663e+00
7.474410208799447730e+00
3.659655802758497778e+00
1.290087236196584497e+00
4.685871639152738410e+00
8.334433702768377472e+00
2.386420801381345491e+00
3.076512140910332427e-01
4.409644031993557256e+00
1.536922887925486814e+00
6.821339607578771336e-01
1.056133703644691169e+00
6.774658115594011321e+00
5.664202227548459589e+00
6.304399981123101071e+00
3.974289999148429064e+00
4.966064672410327674e+00
2.212555127471126148e+00
2.544604466679348143e+00
1.313545009703347333e+01
3.861594895060793231e+00
1.565649807566158236e+00
3.171176700249478397e+00
2.517709044745563229e+00
3.286470809723858633e+00
1.795230935835729680e+00
6.550783960537418515e+00
7.105390910508860847e-01
8.092323499418486721e-01
7.339577276777713433e-01
2.799583027175265304e+00
1.370661067084780305e+00
2.744566224512399621e+00
8.032345839880393967e+00
3.518391234025342484e+00
2.151959233728208964e+00
3.018790716568379828e+00
1.295260164684918225e+00
2.208768310248508726e+00
1.788200330316699338e+00
2.101611729401109852e+00
2.281405149005240496e+00
9.265665434866703354e-01
1.849279493999682389e+00
2.048303302422019190e+00
2.478084677317737849e+00
1.685740574510702139e+00
1.938144203066136217e+00
2.289435236102109528e+00
3.174123604231484208e+00
6.138688445303791541e-01
3.316291672921881872e+00
6.702817986156246910e+00
6.264014974061476337e+00
2.534818488795564484e+00
3.898115905774751866e+00
1.147173494165897756e+00
1.934818019258158550e+00
1.744616288227893497e+00
4.423914438016222306e+00
6.882997241782901732e+00
1.610904354458986498e+00
7.110377138569089484e-01
1.959851053476538318e+00
3.902022004794178933e+00
5.637016120609314562e+00
5.453957949460781940e+00
1.256698166157279362e+00
1.336605729711286994e+00
3.934885423629808976e+00
1.537192778189801379e+00
2.787516623052527454e+00
2.855480969930624280e+00
5.194260666046739416e+00
7.653746129825292677e+00
2.125701317176591942e+00
6.057481745120020911e+00
3.931731868021127063e+00
8.216477555852355508e+00
4.596952962726605918e+00
1.371699598424805711e+00
3.583673748293207506e+00
6.435188574493020397e+00
9.714623208057772130e-01
3.327748306043991633e-01
5.889580855189602282e+00
6.785864795126518523e+00
2.021184986883942880e+00
4.700997544367002678e-01
6.588193091076105290e+00
1.179083089521435479e+00
3.561315467482118802e+00
1.686739036288699367e+00
1.004496029950676661e+00
2.368142820707014540e+00
3.490702648176625456e+00
3.970435732393390982e+00
1.496683896796062063e+00
7.772924070746681124e+00
5.508221498920935488e+00
5.369763315017389793e+00
3.074412276433975411e+00
2.688993988220138576e+00
6.360267556229096675e-01
4.202386994425992839e+00
3.884955811212166488e+00
1.338005080609148800e+00
6.004470431868458746e+00
3.050713567486466715e+00
1.524729687045877524e+00
3.829031628872759274e+00
1.448455406362279207e+00
9.424527122426260561e-01
8.330336041926298396e-01
4.770142071794532868e+00
1.614280556378645315e+00
1.048171893855062997e+01
2.337930800782736185e+00
1.363377689994810238e+00
4.498542344902449308e+00
8.394932274034173858e+00
1.033923180075489778e+00
5.886025644636140974e+00
4.558757056041100597e+00
2.122294919146170411e+00
2.080881048322694049e+00
1.553363006736309337e+00
2.901851608702253671e+00
4.991454745912560220e+00
3.501702782949085879e+00
4.248569676021770047e-01
5.040168519255838753e+00
7.696625167923259347e+00
2.489685403906778394e-01
1.216651592865444886e+00
1.893976626306269617e+00
4.398674486492138769e+00
4.176425496517694569e+00
6.663128266056637550e+00
5.711159539536031282e+00
6.685787374909591962e-01
3.060960330048771993e+00
6.749875119715814442e+00
1.704100709755317800e+00
1.115892484207486879e+00
2.683403449606245328e+00
1.855034855665606441e+00
1.150394570767963254e+00
1.029306851413299739e+01
1.440885521939375025e+00
1.535864219521569485e+00
7.250275171327476009e+00
3.109597203910832164e+00
2.714890349996680108e+00
8.573809922058506672e+00
3.405232388265565735e+00
2.032032242074055084e+00
9.557591711092732201e-01
3.646621080672546533e+00
3.467661814900068862e+00
2.864398801704570285e+00
6.879738714215928752e+00
3.584759667206007805e+00
4.971399830387770891e+00
2.055667508579603453e+00
3.023143908727266016e+00
6.118682454536728876e+00
3.104123275016650307e+00
4.242212738717346276e+00
6.274549055812369325e+00
5.552010349717129145e+00
5.160439621410757738e+00
2.016944788882367501e+00
4.971542408499226795e+00
2.148146203431785306e+00
7.783042260242252208e-01
6.001260221920434290e+00
2.950253425915348338e+00
1.680860275800528214e+00
1.345527366817763637e+00
4.071657001960145017e+00
5.275375499128658774e+00
4.347533658741815188e+00
6.495211787478371690e+00
2.747274977974783816e+00
2.621542451085427494e+00
7.123721585933275868e+00
2.834307153902810850e+00
2.228358688698304668e+00
7.762578737263262418e+00
1.631767333084777727e+00
5.106592831626769247e+00
1.839090568449362140e+00
3.640226855227999270e+00
7.701523078298645686e+00
1.321553674138812084e+00
1.963866558096815096e+00
5.233887869543791815e+00
5.703826182897440589e+00
6.680198178397203534e+00
5.251698740347555017e+00
3.706013314469487785e+00
2.243218418107491452e+00
6.877100058326022669e+00
6.486988223917713015e+00
8.656511605508407925e-01
5.245030539099966305e+00
4.193732270115245520e+00
4.699650850891442522e-01
6.095219142808702806e+00
5.302603370539912042e+00
5.646987928520084132e+00
2.657685264473971021e+00
2.324168543509041562e+00
7.084677453272893111e+00
2.457856367405132136e+00
7.061819960215666825e+00
5.880269196843026513e+00
1.096229582068740438e+00
2.033262782487236908e+00
5.844268920602175399e+00
4.226594049608936920e+00
1.677177471450592927e+00
7.553357613003294224e-01
5.426020598917793869e+00
4.928518426568854416e+00
3.770259144597697620e+00
6.304078709597473740e+00
2.284281212906352110e+00
6.113087424048443630e+00
2.989216024940442473e+00
6.158491136235872077e+00
2.055215272403483340e+00
9.740326173798835585e-01
5.787780568839177242e+00
4.404841475006259444e+00
5.403559363324792031e+00
5.150295832735540813e-01
2.221689644074993808e+00
6.225464189278870908e-01
5.197750687548890802e+00
1.641341035637148282e+00
8.252370202545779021e-01
2.102659489862092723e+00
1.295508524422539942e+00
1.980919998259454973e+00
1.578018960185213482e+00
1.961039451501935371e+00
3.111399827661815998e+00
1.978079829788306654e+00
1.103357998272989748e+00
5.121084311714280135e-01
9.942226190828985510e-01
8.158585976321414135e-01
9.088951236301162639e-01
7.260159370425666836e+00
2.834805801354129962e-01
4.671051203889658332e+00
2.795762949003083531e+00
8.159672987622836882e-01
3.925780544161396435e+00
4.758324234727347446e-01
2.135137295077534247e+00
1.158332388893068332e+00
3.841130429446441674e+00
2.818272457505957895e+00
2.435548062350060050e+00
8.123360368327344760e-01
3.500989503633291200e+00
2.587367224078911399e+00
1.008323839913806452e+01
1.395063570457445890e+00
3.983506062034916528e+00
2.191071488695183422e+00
9.742769926694208049e-01
1.885014308011178530e+00
1.292034288277743137e+00
9.061781629325601495e-01
4.808654972152205609e+00
2.137398148132784836e+00
4.684112351616714243e+00
3.060256752690070581e+00
6.559503284263640266e-01
1.063770937947721595e+00
4.106816819359453419e+00
1.777759603538525024e+00
3.278591967523516892e+00
4.957970077323662572e+00
2.285328870476327712e+00
5.103604536898209698e-01
4.923657953236276974e+00
6.187182877660333702e+00
2.356615818845343657e+00
5.317414111950134803e+00
3.342929780084132219e+00
4.038356572811394152e+00
5.407394050542385422e+00
1.431263556062990716e+00
4.240432336387329748e+00
7.155476266709430710e-01
7.739902323042884280e-01
3.081484340110122400e+00
7.403261175003244432e+00
2.807228644711136312e+00
1.344186649237423259e+00
1.912489948574756626e+00
1.308893410312916394e+00
7.865891587548303754e+00
2.256310612916942571e+00
6.170263515505106433e+00
4.495597736934628941e+00
3.739874188798097521e+00
4.407014218955284335e+00
2.368618762098106512e+00
2.435920582349991204e+00
1.512199578870673466e+00
1.303257694334809091e+00
1.504287077266875050e+00
2.559414884645277777e+00
6.877167285399275798e+00
5.748920062259244013e+00
1.731232910900055266e+00
2.114071409617637176e+00
1.902867893779395914e+00
6.277299774985326763e+00
4.842994712955510650e+00
1.401424614346081565e+00
1.833483331656993176e+00
6.723074872990015827e+00
2.272420103145289971e+00
5.532878753405673145e+00
6.090603138221767132e+00
3.936624033882505813e+00
7.923938598786950394e+00
7.687954377202927958e-01
2.866366136431897083e+00
2.402235673304296881e+00
2.212444928120230969e+00
1.831107215181491110e+00
2.210969990729933166e+00
5.558003107955995503e+00
4.180591696107943456e+00
2.889579177644034047e+00
2.155257377857842105e+00
4.875233105289079383e+00
3.819386774342822477e+00
5.611674812908603371e+00
9.638468913436055274e+00
3.452605460124195336e+00
4.161149330623343801e+00
1.622032632427766963e+00
1.057777049350190879e+01
7.815846965118723455e-01
9.103023501036023868e-01
2.811587770120730134e+00
1.498458410456065204e+00
1.486030089510891328e+00
5.799968057683609679e+00
1.271053658980806356e+00
4.102770919263915239e+00
3.958596090040136684e+00
8.288930892006341367e+00
2.113911744282844118e+00
7.527106857786972638e-01
5.495224530650463457e+00
3.241404477208440493e+00
4.162020409446614444e+00
8.215522373937156342e-01
8.238616617380072338e-01
2.796659220258783662e+00
3.265184992980377232e-01
7.434508102636501192e+00
5.956605073255570204e+00
1.203113198154130314e+00
2.058373287586059863e+00
7.274682642356427920e+00
2.437445100859250591e+00
2.560145366653013621e+00
4.148314368676020436e+00
6.918982518032960050e-01
9.568674700726493398e+00
2.372191857130003800e+00
7.404151628967967635e-01
1.424679881265691783e+00
1.951182962767936013e+00
2.508718296492906230e+00
4.517757284188274269e+00
2.477762708464904318e+00
1.629389862144685175e+00
3.120702309580437372e+00
1.936933850467630780e+00
1.978349484202967634e+00
8.458619605951076537e-01
1.332166439948438752e+00
1.234439922195281536e+00
2.305346386021563720e+00
3.974053292276373828e+00
5.359353302193833102e+00
4.133443210046707783e+00
2.533906471868643706e+00
2.155671575058615286e+00
2.976727357224779436e+00
1.595758413259143360e+00
2.311170613078699976e+00
2.501407208586765130e+00
2.505176780640449685e+00
7.114199880898157247e+00
3.511036567801354646e+00
4.697433802117384261e+00
5.463267944637358653e+00
6.814800431695711147e+00
4.943617968102633320e+00
3.141503281576799811e+00
5.348745406194368890e+00
6.813034581049758565e+00
1.478390882012045715e+00
3.823569058793520714e+00
5.011167210922194748e+00
1.486411298330094333e+00
9.425732764935585095e+00
2.010581289041959430e+00
4.311875049942581306e+00
2.883157182309455280e+00
9.355542462833685846e-01
2.141774437752515414e+00
2.997008665099529789e+00
4.068221162771283872e+00
6.059806419271805744e+00
5.833774574391744627e-01
4.861359060119998077e+00
2.105464120963215446e+00
1.936290529373659197e+00
6.366299736027572820e+00
2.767462541288260081e+00
2.698504781262392793e+00
4.435541043970380737e-01
2.117489929162425621e+00
1.422336877564869262e+00
2.181046137265997942e+00
1.019799853294040881e+00
5.629846895623098924e+00
6.167622781114230790e+00
1.645900137211578684e+00
4.378995705081631051e+00
5.832709919736349669e+00
4.387635560544032920e+00
1.695892370287894968e+00
4.120502690553812464e+00
5.462069345851037205e+00
6.433352506194699671e+00
6.499957908840360510e+00
3.133523655523794638e+00
5.137770386008983614e+00
2.028907066643962587e+00
2.238602662342207061e+00
2.049603242558053928e+00
5.826320060120717237e+00
2.325482997887147629e+00
5.703838680259345928e+00
5.264568037341653906e+00
5.146633684486086935e+00
1.457640555225245160e+00
1.389580054887167515e+00
3.025991112181178444e+00
3.446466014619399498e+00
2.467744943538601188e+00
2.956820624065430891e+00
3.745711476915743798e+00
4.303294623383611572e+00
9.458415633826056101e-01
1.961467090707061711e+00
1.523421150697766846e+00
9.645581019636956910e+00
2.830903274731930708e+00
9.084992307807261414e-01
4.496912027923566590e+00
3.206447482906261026e+00
1.483023286829027620e+00
1.026052755471060562e+00
7.741317246112425110e+00
6.889558263712155295e+00
1.409058556821718877e+00
4.872386928619404922e-01
4.076449180759449398e+00
5.439669673681340356e+00
2.653778179210949606e+00
2.658851455174063627e+00
3.295958973700495953e+00
2.603748264162153880e+00
1.268950438142118831e+00
8.677127067010415029e-01
4.092428416556714410e+00
3.756438332998456531e+00
4.601632918047753762e+00
2.968523977532217195e+00
4.619623524448701168e+00
5.051058854035406220e+00
5.861365808675598643e+00
1.160339504510399022e+00
1.373922846428189848e+00
2.784372063753553839e+00
1.750812390864571189e+00
6.001152125887776467e-01
6.956576082347398327e+00
5.854592944308143920e+00
1.995386428999861517e+00
2.810544657209514963e+00
3.734301923232966836e+00
1.479774688645501435e+00
2.806024355193568187e+00
2.126580600355728323e-01
1.344765134663581829e+00
2.048348485834661226e+00
4.078280898123139764e+00
3.457369175336490574e+00
2.812766910560182687e+00
2.890488316773109911e+00
5.158259782970530338e+00
3.176959163589939461e+00
3.269197838249472188e+00
7.588739497380800003e+00
3.586705132203002577e+00
5.075644502017665483e-01
5.272097200250271065e+00
1.749906857319116327e+00
1.406907630288377398e+00
6.062574499622155777e+00
4.674412778791686485e+00
4.648984406526272650e+00
1.641375409726384849e+00
3.536268142768760558e+00
5.028579689373152029e+00
2.120564414237405160e+00
1.066371950347427155e+00
3.695937763433180034e+00
3.052800572472585294e+00
6.295916931689230722e+00
1.897859664657998158e+00
2.850716549872934991e+00
1.097862252354522949e+00
4.110751564483588361e+00
2.569620171143178311e+00
2.117685894139417435e+00
1.016552212787170228e+00
3.311682939924741831e+00
5.342605815484757770e+00
6.608015939989583032e+00
1.183773894706170715e+01
2.007889108193185446e-01
2.513318645316179101e+00
2.208969292070197099e+00
1.054914458333585880e+00
6.323240588532319961e+00
6.605641888893067915e+00
3.078991094536696060e+00
6.967877388035258690e+00
3.557113683184625952e+00
3.949517337429552910e+00
1.538571240654623695e+00
8.205008076848084642e+00
1.566560098794811839e+00
6.553177568337561709e+00
6.756270321373489374e+00
4.884513690523331952e+00
1.371836322884876003e+00
4.791026207956030625e+00
4.626351304529480402e+00
3.044351932179291342e+00
1.918360104315660397e+00
2.296729516799194126e+00
5.401756036484377077e+00
2.850487573086049498e+00
1.770133210439737592e+00
6.228228623367719763e+00
4.164994759669355950e+00
9.365926928291454789e-01
4.787977543229754218e+00
1.818756616557277939e+00
6.335092655889444924e-01
2.005567532496759675e+00
6.960440251387539412e+00
3.793225325880331233e+00
5.651600056795894389e+00
4.291757513463505092e+00
4.302715950027463876e+00
5.069531460941509415e+00
4.215065344481505605e+00
3.185159277142001422e+00
2.171714481908564753e+00
2.859406451272498706e-01
1.994509841670393246e+00
7.291971059597115445e-01
2.039723344902865776e+00
5.075138761411404076e+00
1.543517808207318875e+00
1.286846907222747971e+00
4.046646000609109173e+00
1.988803826194656565e+00
6.968606154383690132e+00
3.099371870188395439e-01
5.674524962399990713e+00
2.148554824921592221e+00
4.787156629950136910e+00
7.212743533278185737e+00
1.962737468425656218e+00
8.865853931284755518e+00
4.511563051993019435e+00
3.520644026002399674e+00
2.527119436277148079e+00
3.489677942220235973e+00
1.890380488896522992e+00
3.304858728125718681e+00
2.725210334413477486e+00
1.359836752712260122e+00
5.740198121704283452e+00
3.057162781216177017e+00
1.534017272260146614e+00
2.400747563196245160e+00
1.773230749858774935e+00
4.910235936794366651e+00
3.411074788617202369e+00
9.432587949718522768e-01
4.452814666551839773e-01
3.541567595374720323e+00
3.418856351164804241e+00
3.932526564828551674e+00
4.018756945329319485e+00
3.371625825986444003e+00
1.945600220444025030e+00
1.854139554892779707e+00
6.106589485680812501e+00
5.312040049208257564e+00
4.979917071883122048e+00
6.388294104131960971e+00
1.928717572869034447e+00
4.257539597546394772e-01
2.058181880647288242e+00
2.452803817790502716e+00
4.659835774798290586e+00
2.633900533193584081e+00
3.925467517925036010e+00
2.524778457698101608e+00
1.174623085869437533e+00
2.336674754205195104e+00
2.183308830494289143e+00
1.256264015386703292e+00
1.975545582955762880e+00
5.446181421887493102e+00
4.342575508649123783e+00
2.055598319484546632e+00
2.713985512599700889e-01
2.680866283385613169e+00
6.083111982876289403e+00
2.439877635563199920e+00
1.530985747462876079e+00
2.470939390887367804e+00
4.946742594058184395e+00
3.481862514410746900e+00
3.007957485216025351e+00
1.434251472834752406e+00
5.549956041514027660e+00
4.171611759847961842e+00
3.846858125476913859e+00
2.661015967769785995e+00
7.575846970195964758e+00
3.625201803076567586e+00
2.692001254598184623e+00
4.590535776628892783e+00
5.682667937155450488e+00
6.035593113652843122e+00
6.411552573617581352e+00
3.188408989446099184e+00
1.984640170579170304e+00
4.963551936243367990e+00
6.025875265042503592e+00
4.927396028462542432e+00
2.839606444139684438e+00
6.793949015470444053e+00
9.671797849600153540e+00
9.193300895726808086e-01
3.489356040488475141e+00
6.009457325596359922e+00
3.759958269236625572e+00
5.920718475050229301e+00
1.819131424695995092e+00
5.537692659880028678e+00
1.082261562581892766e+00
8.301221923107267031e+00
6.117580830423185567e+00
4.486082385839526010e-01
6.013016014030728940e+00
3.435829676904997854e+00
2.146400694493942218e+00
7.492710412241391227e-01
6.992094836686546522e+00
5.828882567807094794e+00
3.247449794197157402e+00
1.552841723359018822e+00
5.960596753891424626e+00
1.619858885112792857e+00
1.378753754593402547e+00
1.292485065399536337e+00
6.074952557608074066e+00
6.000851855653383637e+00
2.844361504872842783e+00
3.523438482215261125e+00
2.147419989835442689e+00
5.421444182135878975e+00
4.974598921731111290e+00
4.511125231611757158e+00
4.522413094343714413e+00
1.672428852333285532e+00
6.010064978768629551e+00
2.678098749179850024e+00
4.331206426465266546e+00
1.888593181693177581e+00
2.771959565306366446e+00
1.614156753306636771e+00
6.731443462289290025e+00
3.204085276978781316e+00
1.006150711350647819e+00
6.396144810843329864e+00
5.052269321719203177e+00
2.517085601685251195e+00
1.850658552777445509e+00
3.533565704901007631e+00
6.014922151394966221e+00
3.526814529762360539e+00
3.600769302050906839e-01
1.996267403461586598e+00
3.873933624469404702e+00
2.648559699486942254e+00
3.208728385748670142e+00
2.186447713805860005e+00
7.473898662037518070e-01
7.406838351715131274e+00
2.977071748989958966e+00
1.567749358955784045e+00
1.491519013148690176e+00
7.284007726948088290e+00
1.752375043275861133e+00
3.682248871424700809e+00
5.252228364002304417e+00
3.409430506739965061e+00
7.146580160020102213e+00
3.088028624346304429e+00
1.063155800227511216e+00
1.700786179000522091e+00
2.569238542374659318e+00
3.742178312969395737e+00
2.417342376893858003e+00
2.832202218816826544e+00
1.728390501919989886e+00
3.079814713636030543e+00
7.138674566589712889e+00
6.227348321294662981e+00
4.706958366019446061e+00
9.123739294793651311e-01
2.826558599419235041e+00
4.078399163194733390e+00
2.903035270974070770e+00
3.828175651356426012e+00
7.350651896326430013e-01
5.655326633632796751e-01
3.841878442457068665e+00
1.211647707634996074e+00
2.291928482807090717e+00
6.433307456807709102e+00
3.109323177496221113e+00
2.340928466396848151e+00
1.821994099024144775e+00
5.402704085579332016e+00
5.231958255319812956e+00
7.262632119681130538e-01
1.740946621420194962e+00
5.849524876900454196e+00
3.391582288650305532e+00
1.498485776074502729e+00
7.753458015993965446e+00
2.150154992836649903e+00
2.168275688451330119e+00
6.256913869808136131e-01
5.800251777361107308e+00
2.411138511354184999e+00
1.846160384079196914e+00
1.723265573788986149e+00
2.322542042709253352e+00
4.615992001624841023e+00
1.218779398653742962e+00
7.269867223222115094e+00
4.678448682442057915e+00
3.121986531501522943e+00
1.207584789481282339e+00
1.474099039267163125e+00
1.164412093561854711e+00
2.647000531348301600e+00
3.342130631317248302e+00
1.943946569075141406e+00
2.396286941198241482e+00
2.948908359199855500e+00
3.849788458084279164e+00
1.332050832930017581e+00
7.091554195833117191e+00
1.924892541265037949e+00
1.534882348394901896e+00
5.757833329050225046e+00
3.403097130059788533e+00
2.915753972091639667e+00
5.037295187590456358e+00
2.627752044064562309e+00
1.754362908284512468e+00
4.806037691611443341e-01
1.264524224101585936e+00
1.769572486549288559e+00
3.169879229247582586e+00
6.085257399306562398e+00
7.743906963579195724e-01
2.030651739284087043e+00
5.624473619118766976e+00
1.784349287765238268e+00
7.024425666824830827e+00
1.318014308079786145e+00
2.051510515023076131e+00
2.507837810253953581e+00
3.178210560589141309e+00
2.053738901277361695e+00
8.989194263191999656e-01
2.033031050425157638e+00
3.344504525324773159e+00
6.457832830480900732e+00
5.808639263816417930e+00
5.335617226429957505e+00
8.150357345015402544e+00
1.220218288847308319e+00
4.861585343342801124e+00
2.900768376019376760e+00
6.823503562883669993e+00
6.988974235107263233e+00
2.888399182110616525e+00
6.049667431459643474e+00
3.154452909457067911e+00
5.781157794674322226e+00
8.156474260031554735e+00
2.947832289211889556e+00
5.137829023240816362e+00
3.795086630525913662e+00
4.214638944543431798e+00
4.184326159697291381e+00
5.281749294517295468e+00
1.707201713953615529e+00
2.824766078807717129e+00
1.737978818782225154e+00
5.732140601547015990e+00
5.745420169605697680e+00
2.278908149916522685e+00
2.616659377217316784e+00
1.373602235483108780e+00
7.964510762336257654e-01
3.046690612594167291e+00
7.056409517486253336e+00
2.004555993787840329e+00
4.088177673525836830e+00
2.205001439481037995e+00
1.112160132876210072e+00
1.080521341843892591e+00
1.679114685237844684e+00
3.141874669170736101e-01
6.119632899066783871e+00
1.536814175913318037e+00
9.166996430427051257e-01
2.406948900136165026e+00
7.353599391679666475e+00
1.506007987444722973e+00
6.653593634783131483e-01
1.164651163379820220e+00
1.551469571856056495e+00
5.468619350262641454e+00
5.363043519954119986e+00
4.607799742899013395e+00
5.632538300826683830e+00
1.213837534029086118e+00
8.265797913123748231e+00
1.561343154918195086e+00
2.092165345316107317e+00
6.816229317279728583e+00
6.582625577652731153e+00
5.801573321284378082e+00
6.336714227547231459e+00
2.611173945115842443e+00
1.516061664223846250e+00
1.969695547656485246e+00
1.882432761568579860e+00
4.037114423552473852e+00
4.537743631655794196e+00
2.207565579109944220e+00
3.155051314691573516e+00
2.156680505878030285e+00
5.130452299353624568e+00
9.231250360809102329e-01
1.563972077868526211e+00
2.410878400287361334e+00
6.190704605167625552e+00
6.887109496493997618e+00
7.473152901115151181e+00
7.274914835165452232e+00
1.261518493680404029e+00
2.098332357352398425e+00
4.879780062384220685e+00
6.035475514689063736e-01
7.154935784874150162e-01
4.206327728272676758e+00
5.103115041139608898e+00
1.361552010097851095e+00
3.027741323250686900e+00
1.009732978424442429e+01
7.917225237920024306e+00
8.038503988309143367e+00
6.395495114060500974e+00
5.986143280222930407e+00
5.816019827004462739e-01
3.674159102934798860e+00
6.671074893503521785e+00
5.548576104569201028e+00
6.967632143204554040e-01
1.152595433452753948e+00
2.514240989081730770e+00
5.257853873954511315e+00
4.499214953181017052e+00
1.067851042939214734e+00
2.516437757345157511e+00
2.056589382339566896e+00
1.233794236985802817e+00
5.335257106096840118e+00
6.888531005273178742e+00
6.699535133709193513e-01
1.562618956367270773e+00
3.814385751589074225e+00
1.673970631943346499e+00
2.205828703487548115e+00
3.099731171414064512e+00
6.352415161216667938e-01
6.173810653091004852e+00
5.708521495930287237e+00
1.900176870171133903e+00
2.498012298988196989e+00
1.452605141242828024e+00
1.156226272469294880e+00
3.184999178145290877e+00
6.882485693149822836e+00
5.026352170790036489e+00
1.030080436716738745e+01
3.730135009478747321e+00
6.160473947459983890e+00
3.396859832982128236e+00
1.356902239188855885e+00
5.721489717870078096e+00
3.421332670604819715e+00
4.525548943364168686e+00
2.392205477234793598e+00
5.194087759220123779e+00
1.900695885139253249e+00
3.272414311002254550e+00
1.504563830719781281e+00
1.932774341040941479e+00
1.803020857597289028e+00
4.191200044169569594e+00
2.740175525411338242e+00
6.856321664293973939e+00
5.827320577270722168e+00
2.868952596853876269e+00
7.440412776954304697e+00
5.987272374611595005e+00
1.169409497816847665e+00
6.949296238951446769e-01
5.804866986193456313e+00
3.404455702927185357e+00
1.815470940317333692e+00
2.751083930864875793e+00
2.434372719328950385e+00
2.995350264375681970e+00
1.947772017485759122e+00
2.932840908370935917e+00
2.530051450180825334e+00
1.725151594176266068e+00
1.190645891196977724e+00
1.015989534901832858e+00
5.396082490195989401e+00
1.383671203127708305e+00
2.672102064297540380e+00
5.070906639654266357e+00
3.122706120077357816e+00
1.078578694218771838e+00
1.203153886318190535e+00
5.914111214051588128e+00
1.902801919544802489e+00
3.015432173230709001e+00
2.225612347811458669e+00
7.197242367732974877e+00
2.636086009253421292e+00
3.148356027956207726e+00
1.644469341784089433e+00
3.292978700069240983e+00
6.005419882289218414e+00
1.504588564555385144e+00
1.923463455382940168e+00
1.201078141939926125e+00
1.699809794491330850e+00
5.599580684465930602e+00
1.365747778374666543e+00
5.848764868785246707e-01
5.334379243440929841e+00
2.686834599171530780e+00
3.038250196646754997e+00
1.751973397437169178e+00
4.456710587862072082e+00
3.948824097410398970e+00
2.664553077795421387e+00
3.237037445073779995e+00
5.455163986028349399e+00
4.426750789226145955e+00
1.143652246670891603e+00
3.250260873572512033e+00
6.871220880128899644e+00
2.051136627742978502e-01
2.919452562155678277e-01
5.252663952948281256e+00
1.066423570131180165e+00
2.272371686202611318e+00
3.733513624291999289e+00
1.198231320131104338e+00
1.962267628906690042e+00
7.550669739680437864e+00
1.696326276145287082e+00
1.192294385222485653e+00
1.213774455102275773e+00
2.027819626275150000e+00
1.190659773096043317e+00
2.782352418481432554e+00
3.844888923529404146e+00
8.408103904391145633e+00
3.217459797455238579e+00
5.828926961265206153e+00
3.529884898312415586e+00
5.978770063407820246e+00
6.574651739496820468e+00
4.284567299283815522e+00
1.936215487790730716e+00
6.484053630461524165e+00
1.834635247802564706e+00
8.379694848526009210e+00
1.830867094491649860e+00
4.349627847321749563e+00
3.980685340652222681e+00
2.131471756007712326e+00
2.567010969457612202e+00
4.465354017731284486e+00
6.548373215250243184e+00
6.342789202779847813e+00
6.690886953066073062e+00
3.858809709322524206e+00
5.446597433846793734e+00
2.193717470563921967e+00
4.365241005346095271e+00
4.892604584294924841e+00
2.310104160826959685e+00
1.085748751690361003e+00
2.501579731030841192e+00
1.824388201828385236e+00
1.955847757647951823e+00
5.541426429775630602e+00
6.924308785414871714e+00
3.406195592409205997e+00
3.623092163633688134e+00
8.730506565700190791e+00
7.157276685322076837e+00
2.061045439195097639e+00
2.317994539147387734e+00
9.338816003399131871e-01
3.208563493666468869e+00
7.001709016636845639e+00
3.482835694366927637e+00
1.358391621909970093e+00
4.722216648645090609e-01
7.462511676322248100e+00
2.624456891143045478e+00
3.375850742349971956e+00
5.633746134825456942e+00
2.602808640677496399e+00
1.919939915964793187e+00
6.208920136139586266e-01
2.698289051560638807e+00
4.328725855003888512e+00
7.592250358986004644e-01
2.436260290799740158e+00
4.185854219292498790e+00
3.504338430296012330e+00
9.596977772532733653e+00
5.017489132383550654e+00
4.875830830731469945e+00
2.629846392948186118e+00
2.070181976018078629e+00
6.295496546565405360e+00
3.057409498831563877e+00
1.640865795272517191e+00
2.987459955918208454e+00
5.227651987085865315e+00
7.367991921991391635e+00
1.446096977281050355e+00
7.253882545001228088e+00
7.152057145690409179e+00
1.716010977111230851e+00
6.225338494410403989e+00
1.593612764968906470e+00
6.073250445013077758e+00
5.953102474457807602e+00
9.183618640622853491e+00
3.786767559821208273e+00
1.982513419237232011e+00
1.343910909736983683e+00
4.805189611585078069e+00
5.100194544724917733e+00
4.173022866044888701e+00
5.988358237019202335e+00
6.296427244335179196e+00
4.584754477281108187e+00
4.708135579499144185e+00
5.624208152637772073e+00
3.084101399963205203e+00
1.358192963259090558e-01
3.767768499474030808e+00
6.389677832892034282e+00
8.055338124724544357e+00
5.728674934236324567e+00
4.891444425921407380e+00
1.631642622651522823e+00
3.331554563080034725e+00
5.867903063581563217e+00
5.265391351634001182e+00
5.754250353038160348e+00
4.788552631150173156e+00
6.834564119290031492e+00
8.615922541515539379e+00
5.316398336021365800e+00
7.209762600884441763e-01
1.619365797799427353e+00
8.240740573314343509e-01
1.654617547364925834e+00
3.086507407250693280e+00
6.979908423720478261e+00
4.419366254752344680e+00
4.027811937947370913e-01
6.886723091008000175e+00
2.141885600944858137e+00
6.000433001198456573e+00
4.057341678151960451e+00
6.828743276582628141e+00
3.788649273325913391e+00
5.608521260877494363e+00
6.412304933819095609e+00
1.524474103355262011e+00
1.757098512349509534e+00
1.424179154653801627e+00
1.464757791874994775e+00
4.998666233626623878e+00
5.921014164592217632e+00
4.097920892802897619e+00
3.135361718196584047e+00
3.804360014347696328e-01
7.568574266988796317e+00
6.358579931981914513e+00
2.248523467773573259e+00
2.225065651806468203e+00
4.778251270152980901e+00
4.541665449527319431e+00
4.399458966640160895e+00
6.091127579993186991e+00
9.022961813070731196e-01
3.414279944353042495e+00
6.669351644106137122e+00
4.374712781583411925e+00
8.915744858687278951e-01
1.678103290450504437e+00
6.982072271826480048e+00
2.791392259056863168e+00
5.651466224003906191e+00
2.450536558688738431e+00
5.305166882713341359e+00
3.742094789077588413e+00
1.501990727853646179e+00
4.740221848359341017e+00
5.851958967168516601e+00
1.997335858538186182e+00
4.459411970928754521e+00
3.948866015567249921e+00
2.810041111510653611e+00
5.702554333690062371e+00
4.992806163886628568e+00
5.557344848951347949e+00
1.927751823685903476e+00
3.823118553445388201e+00
5.742680000843327637e-01
1.870151242626530097e+00
4.758663665940677134e+00
1.081675205279075014e+00
4.374541971783814098e+00
7.077206509805378687e+00
4.196711306297918220e+00
4.061113137350380597e+00
5.369688186768471816e+00
1.914056151081248824e+00
4.244340318875559959e+00
6.869591278004437029e+00
3.430320657508180826e+00
1.815650263525036889e+00
4.045712749491487514e+00
8.841644042273431481e+00
3.209928208706149810e-01
1.527695961475635134e+00
6.511505766494566139e+00
1.264223235131268330e+00
1.066696698301444313e+00
4.964003349350520011e+00
1.310745726089512120e+00
8.992238462158077539e-01
5.566021630041459112e+00
2.356404640802977291e+00
5.452266155852747431e+00
1.985226673149565135e+00
5.278613697750061284e+00
3.380091813722449601e+00
4.106299444518469954e+00
2.670489122714775121e+00
5.543670032179187857e+00
2.389796939827190658e-01
1.039827428206119064e+00
5.914640546133561827e+00
6.611551162815611171e+00
3.970244454806747481e+00
2.351600242000287277e+00
6.389405245916197629e+00
1.473647096796333544e+00
6.233858884630235409e+00
7.694848891340869690e-01
3.873557228183228673e+00
6.180502455772869830e+00
2.028940537807903066e+00
3.192080748502038379e+00
5.847720278068335276e+00
5.293974594420921775e+00
1.800443000265691929e+00
2.366807093672706142e+00
7.447159204746164107e+00
1.634949889988969618e+00
1.617153854756575138e+00
2.608733800541064074e+00
1.065839665585764040e+00
2.221673590615196758e+00
3.351175195472213098e+00
7.332820867052388003e+00
4.858069509616409931e+00
1.968613762477505746e+00
2.209296527414263966e+00
6.443585158294597548e+00
5.579638069376129828e+00
4.023695640826803754e-01
6.243777410502334035e+00
6.974323385589976665e-01
1.006270113267984989e+00
2.028619778231851356e+00
3.697933739047126078e+00
2.368302394745303463e+00
6.609207271305116427e-01
1.090177390394434287e+00
3.412275499573055093e+00
2.950042739229056465e+00
8.234163749552840805e-01
7.320270589714780174e-01
7.391953014997161731e+00
2.029915226263628192e+00
5.439751100065731704e-01
9.338200022575477988e+00
5.527392613055912562e+00
1.464145206918960662e+00
6.825573765473935683e-01
1.074410736397512833e+00
1.177569329449657420e+00
4.023689652794861793e+00
1.070383949098268284e+00
8.592180634510134807e-01
7.230462759284870256e-01
1.522593378963641442e+00
3.109489468928575473e+00
4.914817854472454783e+00
5.485641108767876917e-01
5.858331054696975571e+00
5.970913047687170128e+00
3.639365042245339410e+00
1.769088028952437108e+00
1.536417757695746511e+00
2.117371887255361074e+00
6.556233626530074687e+00
4.427420401198186362e+00
5.486463434147894169e+00
1.200749905841913989e+00
7.905862808859677848e+00
5.577116682196965769e+00
5.766285776457155343e+00
1.114339439941716137e+00
1.046688319507266263e+00
1.899215298024388821e+00
2.492727188250640769e+00
5.444929989718995778e+00
3.110253712628051836e+00
4.621273053819465737e+00
5.375167584237929397e+00
6.530111657390972546e+00
2.369679585131541977e+00
3.137686766720517273e+00
8.987161527253965110e-01
3.124428871836599786e+00
5.879671126518137392e+00
9.488849377642470939e-01
1.468597348120820989e+00
4.256688220851309268e+00
1.208223045854988742e+00
6.322461491064298222e+00
3.098881048467513111e+00
7.691045649203458900e+00
1.332776735398380374e+00
1.880142489971526221e+00
5.873466344023030139e+00
2.363078590179450433e+00
1.832191336386526315e+00
9.158553558130640981e-01
4.305246702840682005e+00
4.436038572410399894e+00
4.269145773465448102e+00
1.958881372000340182e+00
1.810010069560103130e+00
2.828039134156946854e+00
1.758149752177335046e+00
3.264946088191956086e+00
6.209182607079264393e+00
6.193025591942059593e-01
4.932894375429474287e+00
1.212422948475970763e+00
1.183177874735895418e+00
4.860598983811875939e+00
6.755803656199718787e+00
2.085169419763554188e+00
3.225164004563799924e+00
5.775734338607788843e+00
4.911374049691108468e+00
5.711354551820117642e+00
5.081819891557961100e+00
6.112310425987165452e+00
1.887569095385143170e+00
9.654030066663729315e+00
2.784766540567976012e+00
5.786360873811389638e+00
2.021034791837272859e+00
3.219584241177178896e+00
9.927494283122941798e-01
3.557372599065605989e+00
3.393116252362737395e+00
1.866340580970647256e+00
1.271860571270958307e+00
6.296630584733970970e+00
2.464224660070139628e+00
1.340315387613640219e+00
3.054958245152854968e+00
2.950939406155221434e+00
3.183649825636924557e+00
5.168610526415614359e+00
8.691659460987491315e+00
3.080443643041751223e+00
3.206183856528694864e+00
5.042666576553592961e+00
6.788426317433687629e+00
8.736615407880769624e+00
5.114913428359202818e+00
6.371736997497789545e+00
2.490670298718821396e+00
2.929547998229514061e+00
2.420423847293071695e+00
6.942450803642758572e+00
1.095577460880504361e+01
6.771662281548002760e+00
6.964341615849720668e-01
1.354057595302115669e+00
7.512297819541145394e+00
4.683762425936296658e+00
1.219391561598136997e+00
3.742568608814178521e+00
6.518427226054236634e+00
5.824028806119752488e+00
1.795347763710303468e+00
2.016729191654742070e+00
6.150038046046988782e+00
1.245843722336045900e+00
2.019768846691001318e+00
5.857767818731437259e+00
5.441059854528219830e+00
2.773335676409229400e+00
8.840221285881073143e+00
2.816501074907828528e+00
2.675482625177928675e+00
1.883893994162640917e+00
3.658706829922333092e+00
8.699025859482101275e-01
6.959436809329385021e+00
4.295536201182570402e+00
1.746777970942067659e+00
5.374741812736934854e+00
3.071001538688946209e+00
3.492641891985713620e+00
4.281486255210103842e+00
3.369840225526036459e+00
4.406687093988628234e+00
2.537470134102491670e+00
4.750909248142696661e+00
3.081349631513975673e+00
2.033896692808438988e+00
2.936198424079857539e+00
7.266769919208751816e+00
3.742250931218857879e+00
1.074047486817735209e+00
1.991554329098575771e+00
6.246989772402859131e+00
5.226347967941971540e+00
2.450631985532352175e+00
3.291250906267459975e+00
2.438406791726130951e+00
2.734213909662790432e+00
5.574616261407467910e+00
2.308362543416717649e+00
2.137749857812995202e+00
6.064978660832424318e+00
6.006099415917427464e+00
1.194727561104839886e+01
1.447196097607356569e+00
1.404799695257115344e+00
3.204869724966504574e+00
5.088354159415079181e+00
9.483046533740225881e-01
1.115326364400738957e+00
4.663743394308086820e+00
4.909336606130563219e+00
1.515448894907543309e+00
4.113035517205013925e+00
1.738222548796321876e+00
2.621805140247437826e+00
1.014237584747883059e+00
3.220720190804860827e+00
2.299968737884334313e+00
1.692639120922453166e+00
3.625020424967706933e+00
4.640428923640429026e+00
3.536399293660712040e+00
1.882177124149235770e+00
2.984639266296712723e+00
9.181532554028243309e-01
3.955811636300311296e+00
7.588778577374646339e-01
2.458369213918524032e+00
2.341163774425573330e+00
2.671623327809014015e+00
6.832374600264857101e+00
1.002064031900374408e+00
1.315024494795066667e+00
4.952994115487206805e+00
3.271467743490985125e+00
7.080026370172431527e+00
3.714495051255120917e+00
7.944030807476045730e+00
2.805744704919585164e+00
1.645003973120221730e+00
4.976016368400435042e+00
1.703690367578007736e+00
2.962721907455243997e+00
5.991447258261403341e+00
6.393576045108297023e+00
4.294053144845576320e+00
9.319973246691965585e+00
3.547405741520486266e+00
5.537424847737416833e+00
6.412395317545569462e+00
1.303577588999263348e+00
7.005058807849493530e-01
5.004125167784047257e+00
6.756379502164438833e+00
1.615855878947700885e+00
5.830155568984114467e-01
1.736667865806459377e+00
3.289239939160100157e+00
2.711275689054913673e+00
1.855521896832548201e+00
3.997801265757785938e+00
2.163203882086232266e+00
1.032905682367534439e+01
1.880307314215923453e+00
3.746762720917919953e+00
2.654064685600407980e-01
9.156754435189061070e+00
5.273808311409051264e+00
7.073895330573828133e+00
2.509526834411135887e+00
2.651850007298435230e+00
5.969064185901032937e-01
8.948316757854898995e+00
6.395878190847296807e+00
2.908149108256085302e+00
4.301788253763058623e-01
6.881230535283797245e+00
4.249715668128448698e+00
6.471451760950462706e+00
1.774688190572080826e+00
6.955174653899304005e+00
5.546804432721057498e-01
6.144084057108698538e+00
1.934614635027901652e+00
2.023871891369405152e+00
2.851960641323938894e+00
5.711044235069406838e+00
1.332464084519045189e+00
1.423506132350411679e+00
3.237215435158864008e+00
2.541027912910095665e+00
2.429835255049959120e+00
1.100049406600154933e+00
1.861682467545580755e+00
2.240071682674427578e+00
2.497421380737931518e+00
3.562964958362153656e+00
1.436252308876770467e+00
5.873687166818555738e+00
1.131019487595744888e+00
2.098865224764284054e+00
2.547219425498177703e+00
1.253348368257823253e+00
4.230840250602875052e+00
1.230992063567670769e+00
4.681143807691499070e+00
2.070499219703155092e+00
1.020210152034263906e+00
7.017825252735722330e+00
6.322740290942904906e+00
1.006877640516637973e+00
3.235401303074414425e+00
5.326627867888080736e-01
5.865615070823554156e+00
3.158432181245059978e-01
1.310941346451226153e+01
9.293071874306292335e-01
1.418450675232921121e+00
7.248048789995579000e+00
4.334877924269399330e+00
2.030164734588825404e+00
6.849163650330529762e+00
1.782042619241820836e+00
5.735649410925086622e-01
2.912193748308473218e+00
3.023686207201335741e+00
5.989930179017452616e+00
4.958282436417240091e-01
4.115579592514749585e+00
4.250545123413757231e+00
1.991638011745081371e+00
2.228330976935941621e+00
1.294863459383925663e+00
3.596713150644696100e+00
4.291474003098479373e-01
1.713696595149677648e+00
2.596705415192496424e+00
2.653858527777879228e+00
5.083685365188481686e-01
9.148358999370952205e+00
4.365745755910890757e+00
5.334635331271091019e+00
1.220028544019210015e+00
2.023948216345071494e+00
5.405684678840100510e+00
1.838222720146344580e+00
6.209078977203629002e+00
2.690367999687387712e+00
1.100636345783530201e+00
4.484541364942860930e+00
7.402498382899762142e+00
3.246273267876384594e+00
6.494479063301481503e+00
1.482978789452484625e+00
1.990983074215612936e+00
5.861594189893833295e+00
8.909150169091926585e+00
2.757493631697539360e+00
5.725508354185283366e+00
1.681823447099684232e+00
3.344190301586733582e+00
1.010340183682139070e+00
4.177084028912404712e+00
1.136097241837872307e+00
2.901550673143697079e+00
2.347524634949068378e+00
5.110814749982053762e+00
1.002922658981753701e+00
7.398260980989478375e-01
2.302678476127787643e+00
3.471333340164070691e+00
2.475847681972599634e+00
4.223872865368565321e+00
1.098777928411695859e+00
9.810749371901440474e-01
2.034418453634490920e+00
1.646923184886061708e+00
8.864261912663902176e-01
2.947676160459292483e+00
3.108831395739803050e+00
4.660975904307695927e+00
4.943756158867592454e+00
2.197194059260753729e+00
1.587781883981419062e+00
8.368314206363272945e+00
2.515936550552792639e+00
5.940495328360162475e+00
5.320453767112720556e+00
3.146676727085371272e+00
5.501402498857793866e+00
1.203796691281690645e+00
1.076762663509300832e+00
4.237716343217629245e+00
6.211845482134878083e+00
5.052368018916717496e+00
4.471850353992954830e+00
1.533701237599628397e+00
2.483570614294255297e+00
1.018743959362083951e+00
5.421861067919606647e+00
1.862531131016292862e+00
5.539120863538300021e+00
2.859040907058628900e+00
3.585827620936074211e+00
2.614512923943475897e+00
3.387459802143097942e+00
7.090035323674205081e+00
5.772294571694553955e-01
2.516448390123951384e+00
4.777101451169428081e+00
2.380102468173589614e+00
1.262926726264335109e+00
3.454567191317600816e+00
8.351739256169013359e+00
9.856625888352285259e+00
1.062076936826521711e+00
2.887761587990329559e+00
3.881025967040695246e+00
6.305759941839305327e+00
2.275082863065561511e+00
3.173314878922226079e+00
3.064019037253818301e+00
6.207396691786131626e+00
3.347248825150452856e+00
3.242147216427103018e+00
5.986273649946253217e-01
7.175114637809937079e+00
5.913557326450721519e+00
1.328937271954111266e+00
1.162862827122224552e+00
1.245830269465001416e+00
2.183768101271936768e+00
5.654606748838072683e+00
4.653285863286052759e+00
2.988126243288276029e+00
5.887343845624678274e+00
2.003025028396169471e+00
3.830314713356723910e+00
3.152531677747449024e+00
6.745655381637584824e+00
1.512538043461757020e+00
1.259230755031675253e+00
6.503817184386913475e+00
7.302557310885798847e-01
2.469908614720711437e+00
7.521430555939730311e+00
9.291558341744380556e+00
6.312626995151387810e+00
4.433108663688619666e-01
3.200127998424403319e+00
3.114164361095282718e+00
5.315138025797563337e+00
6.020322739437510506e+00
6.498381865443827010e+00
4.141400328975535672e+00
1.370417700025311269e+00
2.764702816865953316e+00
4.386474733577584217e+00
9.070445663962153349e-01
1.543700327585925569e+00
1.133650298960146019e+00
1.803365246145655965e+00
2.119825615881212322e+00
2.418297050621883937e+00
8.376329361281934283e+00
5.645744985036437846e+00
5.540276094552092800e+00
2.681348392632982414e+00
5.669569998444252690e+00
5.719565413538450827e+00
1.768948796713716742e+00
1.682879164098909586e+00
5.160096511877813263e+00
4.621225077538938741e+00
1.808306722763562080e+00
2.730514557544129861e+00
1.656616181031672630e+00
5.146932940809611168e+00
1.591236013175579611e+00
7.767761475777564151e+00
7.114723730788337974e+00
3.133785151555418036e+00
2.169579839941219390e+00
3.656405545256939504e+00
2.700347702548850481e+00
5.724485242621457637e+00
6.256535270116096115e+00
5.494186621540437798e+00
1.606837078068925617e+00
3.376775545612681562e+00
7.216520778216281684e+00
1.910390012167013873e+00
9.445755110247585407e+00
7.551251819919531094e+00
5.852867246586042071e+00
1.412663809722228825e+00
1.823974937708279009e+00
1.524702595551606032e+00
5.716018080891991815e+00
3.087041440108252655e+00
1.553016266007080093e+00
3.214629907439988887e+00
2.865493852083707438e+00
2.111679874517407907e+00
2.356772378655233702e+00
6.149431234705553528e+00
6.238006977729964042e+00
3.522594125754923144e+00
4.116865857802248563e+00
1.139276936417595820e+01
4.894206950449103033e+00
6.622666469735154493e+00
4.820882086496930619e+00
2.976683731822293844e+00
2.279727331605533536e+00
4.034988773929995887e+00
5.741019187680103109e+00
6.142605218187943805e+00
1.874527965633217663e+00
2.334167216291705760e+00
2.391016301306408298e+00
5.556928325921859368e+00
5.905411586419234915e+00
5.742102657335804494e+00
1.485690377249202498e+00
1.371099828565331968e+00
3.361978458547432158e+00
1.755445736516630495e+00
9.762155630651901950e-01
6.698385384505677997e+00
1.024723131166755730e+00
2.527067127429662552e+00
5.834904447918177084e+00
7.529795196458480611e+00
1.486652631574093553e+00
1.891579059616679936e+00
3.246889166725043907e+00
1.364750467458834882e+00
6.384597570755015106e+00
3.374800898081078415e+00
1.833198919274590555e+00
4.846575677896882151e-01
4.632215403573835211e+00
2.779749115423046923e+00
2.342079319893636935e+00
4.602911154340822542e+00
2.032710649351697541e+00
1.392632037480576734e+00
6.822223860373780369e+00
2.677566417348213434e+00
8.891971992589474683e-01
3.247376834091137088e+00
2.971244287357338809e+00
7.816758140412029654e+00
2.997147037328910635e+00
5.028810614984354999e+00
3.848470094021117838e+00
2.055310552923258705e+00
1.929002962263141274e+00
2.470477482187115381e+00
6.860832522345719831e+00
1.116047851301682048e+00
5.950001901383410008e+00
5.613944686696290987e+00
4.504559408678617594e+00
4.536771725641725261e+00
1.559565845350124436e+00
7.271940059598984263e+00
2.572506606596316914e+00
2.121724853928948384e+00
5.137276030846908093e+00
5.439682218383457446e+00
1.663884514365247425e+00
6.540371575827281347e+00
2.132058688506167865e+00
2.741967017610960511e+00
1.457383924281105081e+00
2.598875825116644833e+00
4.895240103270354304e+00
7.888873631301640543e-01
1.606094956944929208e+00
4.798391038363512884e+00
2.151336522623010783e+00
1.496533743865761323e+00
8.610157854955965417e-01
3.116981276327349448e+00
1.002804800460351364e+00
1.659298557383284356e+00
2.913500072701779242e+00
5.481459593712183498e-01
2.233983096678402891e+00
4.883268676307307432e-01
2.554899060557986434e+00
1.155827918112661612e+00
3.765427567217706883e+00
3.374462518160065372e+00
2.448053956344348858e+00
3.377815144740662578e+00
2.035602936609607116e+00
1.264895794216524871e+00
3.855346101018272797e+00
3.189823538157323668e+00
5.614920185646250950e+00
1.268090391443250864e+00
8.044849597204456471e-01
3.795287630245074428e+00
1.982716991448205235e+00
3.716620997985153885e+00
2.391728016332509421e-01
3.867780425281965861e+00
1.233809899088663453e+00
2.771472138749029757e+00
1.595021972464797821e+00
2.605332538081691851e+00
4.865621861049356234e+00
3.654573108252554992e+00
1.974911232549702467e+00
4.515058820683202967e+00
4.257197025107433141e+00
5.537704359527482190e+00
2.581490467921000231e+00
3.837325549183475903e+00
8.492148382095118464e+00
1.916675192545590489e+00
1.954797149344529528e+00
4.786522095841360347e+00
7.257660182893092227e+00
2.249921038971680165e+00
6.192224799658381684e+00
1.857107569689758986e+00
2.181609919042495349e+00
8.238500296421984004e+00
2.000590406564163537e+00
4.581326171301767225e+00
2.762350199247855187e+00
1.652874571227544553e+00
5.239131569597417215e-01
4.084147391248835746e+00
7.389250448166606589e+00
5.535745537007653594e-01
5.045178530228952241e+00
1.490660539675304319e+00
5.993959530827874360e+00
2.775231444598742492e+00
2.127295172364672915e+00
1.213433104888059111e+00
2.125232445264089609e+00
6.201866834274649243e+00
2.408860391549799473e+00
1.360971332280242363e+00
7.127544478232705316e+00
1.531092141731481782e+00
4.155262739848232911e+00
2.424754928515844288e+00
1.412997117323170793e+00
1.849168322669755060e+00
3.420430224883635351e+00
6.007611689614885897e+00
3.832873637390849186e+00
2.304613467212359268e+00
5.478465754825649903e+00
7.527050377115692692e-01
2.380060902101490239e+00
5.379437480945029826e+00
7.393473591276110923e+00
7.361077762756398357e+00
2.015165781660283706e+00
3.848248353622893525e+00
3.485472959986819053e+00
1.128478344841416847e+00
1.462529467704810626e+00
9.708337274827892216e+00
2.397015844848146227e+00
2.843879358050906969e+00
6.276229329036699944e+00
4.693441051627829985e+00
6.006048129537426838e+00
1.833876281553380672e+00
1.755664383296882569e+00
5.647471864991096879e+00
6.721124171954186544e+00
4.311757844575447862e+00
2.009651588823416102e+00
2.403818542768931810e+00
2.899028334621289726e+00
4.012172864413684259e+00
1.923116261745077660e+00
1.970367922784003634e+00
7.888096557834670008e+00
5.104547292191808694e+00
2.630755585269064056e+00
2.532443903709081123e+00
7.294746817434597519e-01
8.939529077573869387e+00
2.843086463388378782e+00
2.831122840190670509e+00
1.492906109578332252e+00
3.727021038830867106e+00
1.081957171599655432e+01
4.141085204711084877e+00
7.436288961172993872e+00
5.590810834056019196e+00
8.122701671277138047e+00
1.149227782831002243e+00
2.587262883251416401e+00
5.806370378793529241e+00
1.607439180353953390e+00
3.628253434854706860e+00
1.471760592021275738e+00
2.878762419279448537e+00
2.977330627572754906e+00
1.780333549222019141e+00
4.094033183712074475e+00
7.544404038111127697e-01
4.472466880109845278e+00
3.073321655648601602e+00
1.263787147967275315e+00
1.565140306665433911e+00
1.153162316844339674e+00
6.054089744801797401e+00
5.748604078983753141e+00
4.131489795454213798e+00
4.121552831000173889e+00
6.183248580596070632e+00
3.276888936606230818e+00
4.850546049309547025e-01
5.895763354800166667e+00
1.319120306722778579e+00
1.291298276229364550e+00
6.050072597929355922e+00
7.247997441271333940e+00
1.030530448733868454e+00
1.645939676197206492e+00
5.216813043655124993e+00
3.738353208917072124e+00
3.733104814000996807e+00
1.455210578270972999e+00
7.792876726892357109e-01
1.504939061330017314e+00
1.578657918971100971e+00
6.045969188420066587e+00
2.421379711555944780e+00
1.769660258384297080e+00
8.854932349754577103e+00
3.586697227404608501e+00
3.534339294870255443e+00
8.585339298068959124e+00
9.288684496634967980e-01
1.640504345380341844e+00
2.152853692346736292e+00
2.399918576046254692e+00
8.455515260368048347e-01
5.905961553794493391e+00
5.475627943329698155e+00
4.724305673052542787e+00
6.069634553113417041e+00
2.047240671009279644e+00
8.244424467572764037e-01
2.909473871046352134e+00
8.746203817030584471e-01
1.302050709472104550e+00
5.604517002087384903e+00
1.189422559671337476e+00
1.814666197369263489e+00
3.273666416959791547e+00
6.148209246504771741e+00
6.389738120467759686e+00
8.478349994726718464e+00
8.356818325882797716e-01
6.154410407832084928e+00
2.355679356131173297e+00
1.000459554737292311e+00
1.292986128852656957e+00
5.391722360617867693e+00
3.191109817949538296e+00
3.005321533761645458e+00
2.084971027938068655e+00
6.043990177040278411e+00
9.885543980680779885e-01
1.537674201347851932e+00
2.411970020608957377e+00
4.953773288898544180e+00
5.045800529850163585e+00
1.558445945666659060e+00
5.663038908626224499e-01
2.004788589206381921e+00
1.899913026501871327e+00
4.384898608899437278e+00
1.915683272442990193e+00
2.572751040165223824e+00
5.441908529719759358e+00
2.980964393077770502e+00
2.852381918200247668e+00
7.430054351803636603e-01
3.644953224748833431e+00
1.649180721812268713e+00
1.861702185446340030e+00
1.047795202321143204e+00
4.100125748579705132e+00
3.025291402836174370e+00
4.743648751825110921e+00
3.638924508425063653e+00
6.373936815661295441e+00
2.798344971455212438e+00
3.890595117691320048e+00
6.247523939366865342e+00
4.481780900453413707e+00
2.740708613540316474e+00
7.285849203759488191e+00
6.113314737112625963e+00
3.352951650539598205e+00
9.875195595068779753e+00
3.236131943542779332e+00
1.619054250855993082e+00
3.281270841428195251e+00
7.473355451144597872e+00
5.402877195083054529e-01
1.803414969466298423e+00
4.720131501607938596e+00
9.725349832584759824e+00
5.717299342752072633e+00
1.365377865262282775e+00
6.188925782031526879e-01
3.474092067004693751e-01
2.186623988044813505e+00
2.210054675096739363e+00
4.378039981739810571e+00
2.114479259579003401e+00
6.961102324575273670e+00
2.354714540419414082e+00
1.451653706645583464e+00
5.232317816152812995e+00
1.347963375323274759e-01
3.566981035450328630e+00
5.991341805575647328e+00
2.472762816803304009e+00
7.604113719159188101e+00
3.857243957846261839e+00
3.436774449985668944e+00
2.525612205503890539e+00
1.451588286814430750e+00
1.008825329925054914e+00
6.212638546822716101e+00
1.040267039550675010e+00
3.483564873954369645e+00
4.490089376716511760e-01
6.367678141527594704e+00
2.471787565804178133e+00
4.022860905669308096e+00
1.810780736819262327e+00
7.863290501495082685e-01
1.152854229232787908e+00
6.710254126257635399e+00
7.209802658112181017e-01
4.277635806829020559e+00
6.321469488359883648e+00
2.011207542321402197e+00
5.898134786477458036e+00
1.406120893087826174e+00
4.745904681941203185e-01
5.015037715328669599e+00
3.040565862565321797e+00
3.929105149266219676e+00
2.012362930430010799e+00
3.585290716275702838e+00
8.561588395197898826e-01
3.582883856331967376e+00
3.305608981528881163e+00
2.946408083095036545e+00
1.000870207820553803e+00
4.636160838483448510e-01
1.968525898190832901e+00
3.093672536639970883e+00
5.274456577864897078e+00
1.176916447225930140e+00
5.266812366703612192e+00
2.387948457139799086e+00
1.582040240256218366e+00
2.547675965043745716e+00
3.415995452858404668e+00
4.719169005717577470e+00
2.739872782071416157e+00
4.741597660363281008e+00
4.417390483053916128e+00
6.333588804718607967e+00
2.745418308227295601e+00
3.860932318556142828e+00
2.380079920869030197e+00
3.808977891795951365e+00
3.641645983544256282e+00
1.352743463062355600e+00
2.625004205238436583e+00
6.171976025489806617e+00
1.691955243765522532e+00
3.526449950211299367e+00
2.721761326807524917e+00
5.532166716905750903e+00
5.626596505798989512e+00
2.648092213763916902e+00
1.898335377400455215e+00
1.977179994511223615e+00
4.315463173406295816e+00
3.170996655433064859e+00
7.182348050498952752e+00
6.352614209029363579e+00
2.767892852210775967e+00
6.723056893137432377e-01
2.063710597962501669e+00
3.284824287318379721e+00
3.953633926392617237e+00
5.783302804614471881e+00
3.265480505878366912e+00
3.134557147103754993e+00
6.097439789150143952e+00
6.961551561366426277e+00
1.943181127228077010e+00
3.357270569335463417e+00
4.949990886421025138e+00
2.356122143677260361e+00
6.976339351928754873e+00
2.320557441177583780e+00
3.299234225150225353e+00
5.334697708367949209e-01
2.982868954695092167e+00
2.455316387916204768e+00
6.375774897325308110e-01
1.576464903032418707e+00
6.499562889142140421e+00
3.858273774326002492e+00
2.844156223571362663e+00
5.425209185524322741e+00
2.526298424796812991e+00
1.611370172459078542e+00
4.791008392305234231e+00
2.713207011248602196e+00
1.300237703615176876e+00
1.039433466363442360e+00
5.674303058532772503e+00
3.366649447964125130e+00
5.489235716774121698e+00
1.513591486203967662e+00
3.302301191036168149e+00
3.716795747386521520e-01
4.592864836951032537e+00
3.252159873434546711e+00
5.863977578561097026e+00
4.258153189244365144e+00
7.125581537666164422e+00
1.211548853842216333e+00
1.847334398398080113e+00
2.115303056707181995e+00
4.168484253479603829e+00
4.134067028733580784e+00
5.664631160403297727e+00
4.424181686407343328e+00
2.358663609033659458e+00
1.033206336410156689e+00
2.934438080197990573e+00
1.434288094680000514e+00
1.477394447748284101e+00
1.007210930261350867e+01
6.303647765373415091e+00
8.851453601497989432e-01
5.432969456253983864e+00
4.496117111589216009e+00
1.434476368516091283e+00
3.383433312693499229e+00
2.062337186272151790e+00
9.071950297716750988e-01
7.569214408154639750e-01
1.333364319456411762e+00
1.749036487454195488e+00
2.855802652279747278e+00
1.482770067866983954e+00
1.161323620095182418e+00
8.481315936299900216e+00
4.130328535879344010e+00
5.882267951361483505e+00
4.735759375213357103e+00
5.318061759762287899e+00
3.562695182816102424e+00
2.880949522458146728e+00
5.710119889766447798e+00
8.064191501964288022e+00
8.845109451733403905e-01
5.234180168671166200e+00
1.498305315154658368e+00
1.676329501516703013e+00
6.747114979825121761e-01
5.822591214703997764e+00
9.653571575359805479e+00
1.299259586472381489e+00
3.635115800840535538e+00
3.618474599559451832e+00
1.538475514574266789e+00
9.297532470224979528e-01
4.450271258221765613e+00
8.030804979255036002e+00
1.097778661560271374e+00
1.675303023686679715e+00
4.306712946890923099e+00
3.465482253585609573e+00
1.024981246598203910e+01
1.993676303429656294e+00
1.760234510519036677e+00
1.954643963916297134e+00
2.567649786158717529e+00
1.967007531183975644e+00
2.458078851687171440e+00
4.552177118059144156e+00
5.493371261082765633e-01
3.703529929038951618e+00
2.520455693727796209e+00
3.053815371537787815e+00
5.426342013181127300e+00
3.798674845814152157e+00
4.639496995043436378e+00
1.191447624444573883e+01
5.673306084142803130e+00
6.681887233122906444e+00
2.254037260064404968e+00
2.456845091887875032e+00
6.820664217712290034e-01
2.014788606531962234e+00
2.630286397481664817e+00
9.032932600821234059e-01
3.541494743277087132e+00
1.842811320389490470e+00
2.213497127519928664e+00
1.914422734326217235e+00
5.797971259373175812e+00
3.354608069806912063e+00
3.769947293738086458e+00
4.034622802619608706e+00
5.754315057456658167e+00
1.003425360207546468e+00
2.951687637812035803e+00
1.183438798110608259e+00
2.673837786442552211e+00
1.140961999313316211e+00
3.826315394826393934e+00
1.645770040558981240e+00
7.292693413499318211e-01
1.993177436816697234e+00
2.784883566432495794e+00
7.413922231532458440e+00
2.143602723060116677e+00
7.155852527761164872e+00
1.448279448521442525e+00
5.470095415192801624e+00
1.368172984529271830e+00
2.205068238772046829e+00
4.862230939224136961e+00
3.713211771686887097e+00
6.921445700585167060e+00
2.437472713872075758e+00
2.580929609967016258e+00
1.588669662967485463e+00
1.315340220145397643e+00
4.605636665711343447e+00
5.874466141236919903e+00
3.775301933884399386e+00
1.201265636000644843e+00
1.728491446894597772e+00
1.877038105718844108e+00
4.414667643957089993e+00
5.782909302614863023e+00
5.031586843540631904e+00
3.392296742553909006e+00
2.841919494872190199e+00
4.815198268147821814e+00
2.064889192560548370e+00
3.232454971927629650e+00
8.287101808957425320e+00
1.446247471740816692e+00
4.112510788381295690e+00
1.608099711305528423e+00
5.899200006850748856e-01
5.417470444721350198e+00
5.135649511102295950e-01
1.494430972405867308e+00
4.298954683937935783e+00
4.637628071968050492e+00
6.226667585933712168e+00
2.078695711645325961e+00
7.127960764740743471e+00
2.894825442645631686e+00
1.300925345751106521e+00
5.544739044462714261e-01
1.703919809602536084e+00
3.276035831204084481e+00
6.335085585446716294e+00
2.948642109902299691e+00
4.893496048127807363e+00
2.036697644639071214e+00
5.344324857469381129e+00
5.907489491474152032e+00
1.876225840856020399e+00
2.010359882865349945e+00
1.892062851896765485e+00
4.560844407840408676e-01
5.911252428687112648e+00
6.028504969224761645e+00
1.333024274529312603e+00
2.958966482066246684e+00
3.830393401554958999e+00
5.469384917193885975e+00
2.817758709085818492e+00
6.378503054742553857e+00
2.687442314267073584e+00
1.204887413961222897e+00
8.059858310234762513e+00
2.282530037246669696e+00
6.318147423373622340e-01
8.886776651702636087e+00
4.284967778859336107e+00
5.673688696059504544e+00
2.511596288622623518e+00
2.758211922816549588e+00
1.140510146410230297e+00
1.777940706201491361e+00
1.797611618516789633e+00
1.396701245465400865e+00
1.372069324608457208e+00
5.258657501877792129e+00
2.674549289665971941e+00
1.105231353070392775e+00
4.519945345521344748e+00
5.053485086711403618e+00
9.652425715138991391e-01
3.186034139723535663e+00
5.577732146076830766e+00
2.690066680673977029e+00
3.404616040325521897e+00
5.100685007851406105e+00
4.291211134581533138e+00
1.613669186242260745e+00
7.596500301435620273e+00
1.467710064133006309e+00
1.754182722910456738e+00
3.024718088098032442e+00
3.228707050198190487e+00
3.693750607138921449e-01
4.001173204829301611e+00
4.215277106408608532e+00
1.543629038130718056e+00
2.649882176915932863e+00
5.250954410401219796e+00
5.618884656321053939e+00
2.458638246951666328e+00
5.979144291695168256e+00
8.597219497987501624e-01
5.578702597375103878e+00
5.530159464778214407e+00
5.476518477432776422e+00
6.109290262756061907e+00
2.289216000738483636e+00
7.720715781029886537e-01
6.922021793100207709e+00
5.147303609985986128e+00
6.125907192190152450e+00
1.208126876347646705e+00
6.378208132901317384e+00
2.402704827399511522e+00
2.448113924988848833e+00
2.802316468305574571e+00
7.302430655927191872e+00
7.344585241351792027e-01
3.672565692274243343e+00
3.501454119045182556e-01
6.105390676716591969e+00
2.144226366629086833e+00
2.971459895659341655e+00
4.371062672552453066e+00
3.826519369940460713e+00
3.052079726055714648e+00
2.173853788271967957e+00
1.268737193297767352e+00
4.394519663359943706e+00
3.787144093208924645e+00
3.809985210952196333e+00
5.676770211204836825e-01
1.592418777695845833e+00
1.953974108552796629e+00
7.891423914248824723e+00
1.912715056741788988e+00
3.771797962774031454e+00
1.409459263594668554e+00
2.367642687777282262e+00
1.219866871171026101e+00
2.280968119421601603e+00
1.399404764870950446e+00
9.463006687479635914e-01
1.248793082467567928e+00
2.042918799434040977e+00
1.931987163987115341e+00
6.268657668684563866e+00
6.271076019901531851e+00
3.370464352303888411e+00
2.808855719530138018e+00
1.264901766703913966e+00
5.695647647426692828e+00
8.064162552451881183e+00
1.771315918812799373e+00
1.340146636202465880e+00
5.003620178029188459e+00
5.185619451441543681e+00
4.134039460726470772e+00
3.805029828435878336e+00
1.780852688112405158e+00
7.090663461404890455e+00
5.736198992656712292e+00
3.920902458879243380e+00
4.877613766236596149e+00
5.548582421114558016e+00
6.377586007315633410e+00
1.751854622775005144e+00
2.464082891987300794e+00
6.593168272678694208e+00
1.799315127011374749e+00
3.096980542611645681e+00
3.857706181655689903e+00
2.665448443207989015e+00
2.965101864536187737e+00
9.728567821080063016e-01
1.813201409482667614e+00
2.371805845431225190e+00
2.830034336058516509e+00
4.019492699964247961e+00
3.490683312942160832e+00
5.879177951737140084e-01
4.084946781660049098e+00
3.939796962803117975e+00
8.463659798222298303e-01
3.833442006316205575e+00
6.058258665549042910e+00
6.206677277185717045e+00
3.586266613421857929e+00
2.759290054444721640e+00
5.249565408699410796e+00
2.846007546514191411e+00
9.312269866631840420e-01
4.616276822352289422e+00
2.311333993141537757e+00
4.736667243434236063e+00
6.456272146564614012e+00
5.091351107919336982e+00
1.114493071288760007e+01
1.134703629190885854e+00
5.136147458674544808e+00
2.675359955784850641e+00
4.855066198281099865e+00
7.488946001149399123e-01
2.081984560941346096e+00
2.154678009550972551e+00
6.465324239832722419e+00
5.052083804891815966e+00
3.668204667408160979e+00
8.771786786715325412e-01
1.709030476640404084e+00
5.204684331523727892e+00
2.642132353395744371e+00
2.287777580140830658e+00
6.738852855491364480e+00
2.040547368459186828e+00
2.915293584995957588e+00
3.588642411272125798e+00
1.103789495911323026e+00
6.829035308639123114e-01
1.157658924061443884e+00
3.476468594411437074e+00
7.611409532755313734e+00
5.558058457032120536e+00
4.913818851523617859e+00
3.815214516988556070e+00
1.536344328871565912e+00
4.538612235361310532e+00
2.691173170601177667e+00
1.349318552926201509e+00
6.078425474116382787e+00
2.392348023294177395e+00
2.812802209632724093e+00
1.387423781133718226e+00
5.404954478936101481e-01
3.770245927474790371e+00
3.187585869344165435e+00
2.303911468124668627e+00
1.719146411339652625e+00
2.037109727125311576e+00
7.424733472128494327e+00
5.567265144575332947e-01
4.248112396927982815e+00
8.772292251282719500e-01
4.334535755338891683e+00
4.141441169952075896e+00
3.132551514465012676e+00
4.473422251933361515e+00
2.301567004249233772e+00
3.614937899673820620e+00
6.360489905298328139e+00
5.621216312058486153e+00
7.534873127630455691e+00
3.439264482644368570e+00
1.165230195296502513e+00
5.470475621405859634e+00
4.599892006883194107e+00
2.776476165612134395e+00
2.154164466627118468e+00
2.324575507245428163e+00
5.388663785428851050e+00
6.073651628268118552e-01
5.715123929268184355e+00
6.680644819868215123e+00
2.578242185719541446e+00
6.108150915642516665e+00
5.644900862108621631e+00
6.140575522295836919e+00
3.403465678055927590e+00
4.412773420250228895e+00
1.366410138904041949e+00
6.178289588362125606e+00
3.086303349967971954e+00
2.866465327756149151e+00
2.487859121465139101e+00
6.083305282748636245e+00
3.166109600162067217e+00
3.847455005296013031e+00
2.986588831126998134e+00
1.371100607886317935e+00
9.258369981375205171e+00
2.143887026675926233e+00
7.975499608978135591e+00
2.713625377417688167e+00
1.403937513882546062e+00
5.501886662583806320e+00
3.704202817850772433e+00
3.739521822123824002e+00
1.171803720921879011e+00
5.453872727911823759e+00
5.512746540259366945e+00
6.853732969452372537e+00
2.330089780773067609e+00
6.319420808826789582e+00
7.050227391615527139e+00
6.248876377992432118e+00
6.838633872194623819e+00
9.188955309854747178e-01
3.357514213899088329e+00
1.007043186037791527e+00
5.761868070516510620e+00
6.177091181264132480e+00
1.760036568391019962e+00
2.496343982927515803e+00
1.635017357246791647e+00
2.429378410481369599e+00
1.761875973271326723e+00
9.142385247268252080e-01
2.392898251833170953e+00
2.483739811496904704e+00
3.483015153453920210e+00
2.009512064768055328e+00
5.320887402359228524e+00
6.867410486957534310e+00
9.550140169963448056e-01
1.120892648839509231e+00
6.458075752982192164e+00
5.137870002458855723e+00
3.233261426375844572e+00
1.054323153362598964e+00
3.095509964474583597e+00
2.416533807984415194e+00
5.730100920704158440e+00
6.182305750136908529e+00
6.212883952927001907e+00
5.238527473282807989e-01
3.427687654372783221e+00
7.105169534574545587e+00
3.948667185829031201e+00
2.191661506127779546e+00
5.621062446426077663e+00
1.877320669709225287e+00
3.900422922708222995e+00
3.126684043443871630e+00
7.214990152952572844e-01
5.327227563734984628e+00
1.584556793829104970e+00
1.012536478250750882e+01
4.787623203416788265e+00
5.230922118054119885e+00
5.503804470294689111e+00
6.275323488589999998e-01
7.867965680160324382e+00
5.531248224828977378e+00
6.333728077071498319e+00
4.031473582671937450e+00
5.152907561677956494e+00
8.201672367316584555e+00
1.991558882116542195e+00
5.953080575734595037e+00
1.674549190091567219e+00
2.553688874000983766e+00
4.014120787421305181e+00
9.510303403389919197e-01
6.221185406996979417e+00
2.022000009778246454e+00
4.009380052167879072e+00
1.914688469747899413e+00
8.578245254776332152e-01
2.473019681140227632e+00
4.584908999474750502e+00
6.054292364692173578e+00
4.387992216052475136e+00
2.487193848952879538e+00
5.864274259318699833e+00
1.665639082244703584e+00
1.233567637555238683e+00
8.471211395127863364e-01
2.340789795411990504e+00
6.041158218849504991e+00
4.695764722765112253e+00
2.673181852797614333e+00
5.268051703246907636e-01
3.327013809786601772e+00
2.738708325294389567e+00
6.201180763789624351e+00
5.621136160427032458e+00
1.219560726423949859e+00
2.644389916564202192e+00
4.819865918472684641e+00
7.742090408638858889e+00
4.397405815966807907e+00
1.579955219211777839e+00
5.969359162550202491e+00
4.795974264925512820e+00
7.548384657273531362e-01
1.939011559892544145e+00
6.011233821946543543e+00
1.594424821329311515e+00
4.756694754055683205e+00
3.037405467707460893e+00
2.273864943440039976e+00
1.372022292065914639e+00
5.156197271226044876e+00
5.138248197820257879e+00
1.885634129252618862e+00
3.434068315023095064e+00
5.552798589258786777e+00
1.240130043939440263e+00
8.461159949484470033e+00
5.635869239943974485e+00
7.822375757056669876e+00
2.793893564790275619e+00
4.243033278060063473e+00
3.251915660694009169e+00
3.165088068247580821e+00
1.679989292907968945e+00
5.044334792936433054e+00
5.062294886729174159e+00
7.963182089886266191e+00
1.281887045242437573e+00
4.571011291088198369e+00
7.721631141725586733e-01
6.643080171988502869e+00
1.587456613801848659e+00
1.229135299771975998e+00
2.758219865992171282e+00
9.202755482337228177e-01
1.711696863599136531e+00
3.213294259843669565e+00
1.651447340558013899e+00
1.895119356202412009e+00
2.737670372512262418e+00
5.305877860227441900e+00
2.841177445282543346e+00
6.508237810393059597e+00
3.409621845242052363e+00
5.009050106248628786e+00
5.189607340118703505e+00
6.485306285972371576e+00
5.697245938996807091e+00
3.315632264539211782e+00
4.011510936494304680e+00
2.637234177904336452e+00
5.094992457155819388e+00
8.904900606707684574e+00
6.224599601970068008e+00
5.855445927938837336e+00
8.821850421818449917e+00
6.422045310603525792e-01
4.629588560444894085e+00
2.501524836086131742e+00
2.019579549579941347e+00
1.843834467401447519e+00
3.632062939890969844e+00
3.160225096103129072e+00
2.703961565483946394e+00
3.825465825086529215e+00
5.769941653419108363e+00
6.181912016952628708e-01
2.768196655601832479e+00
7.316605728058203972e+00
3.051457818631590602e+00
7.461955723463338686e+00
8.814360552027217244e-01
4.874651009815463176e+00
1.072113797895192677e+00
1.425686383360193377e+00
6.166166961133245916e-01
2.499559346573413166e+00
3.732296769937128555e+00
5.445218916203507398e+00
2.529100913236438597e+00
1.963195962353091906e+00
7.220558154837978471e+00
1.196051403951067904e+01
4.037308900685697921e+00
6.425404432808975441e-01
3.397481535638642747e+00
2.525678481771679973e+00
2.170476921778820678e+00
5.295864262534354383e-01
3.342901854472000611e+00
5.392825286946925978e+00
6.501482458737498860e+00
4.484459650525114860e+00
1.408728305287707094e+00
8.632865369555734469e-01
5.113937018279806956e+00
9.869250049071726094e-01
2.249016377776140718e+00
1.981666806148145277e+00
7.015330015240329509e+00
3.143013775862507408e+00
5.756157160713910592e+00
3.666795389439238662e+00
4.966565069623877449e+00
3.030459246437827936e+00
3.115505087657906014e+00
1.375361921988649261e+00
2.344549613330743298e+00
6.446116930640931386e+00
9.258397991776053937e-01
1.717123408235558424e+00
2.042402356888728399e+00
4.634401083017780643e+00
6.774875363692681951e+00
1.548063920829999329e+00
3.762394928515264692e+00
1.661716667469221642e+00
3.397340417684727942e+00
2.995003436176614908e+00
2.752629533894177971e+00
1.181250937584349181e+00
2.439331861667626278e+00
6.771281339082087847e+00
5.802105416915163794e+00
3.109550754341130041e+00
1.783997485239515068e+00
6.171631200882816692e+00
7.491572467024486315e+00
1.420898491688148635e+00
1.681835012976352628e+00
2.682187536794923499e+00
4.226207029043078656e+00
2.421451586509154374e+00
1.613862729852341582e+00
2.016345983298734712e+00
5.983759462814236763e+00
4.705582418134520495e+00
3.468170301458514349e+00
7.841015443304720778e-01
1.973577882853023269e+00
6.726177710787800024e+00
6.596879579963445650e+00
2.255194047563843007e+00
9.247746170247334030e-01
4.152163382099314681e+00
3.569846066632254455e+00
1.850576875623744399e+00
5.548918212159835939e+00
4.525354060738587592e+00
6.167591419087776750e+00
4.310605547146364458e+00
4.707949126925612959e-01
6.014393148464629135e+00
7.132339651040893180e+00
1.021346240255343929e+00
2.473157466566916707e+00
1.952547766656280714e+00
3.455291118029843567e+00
1.532075652080222339e+00
2.395103265695621708e+00
8.083643094242610516e+00
1.305765555406636969e+00
1.004603574508129782e+01
1.177462578381509140e+00
5.610229417622988990e+00
3.243187707542037668e+00
2.096030466314615204e+00
4.772603580077871221e+00
3.110484786012171821e+00
4.904904457707348620e+00
3.834371469383598185e+00
1.995371321517409369e+00
1.121591876373863039e+00
8.604939944093260573e-01
3.676070051545445416e+00
4.216860432574573991e+00
1.752102381127639275e-01
2.081785957694298972e+00
1.466148932756771384e+00
1.250495459564045175e+00
5.586136603518641053e-01
2.197905174282447138e+00
3.324506861276967484e+00
2.427083129040892295e+00
9.052070457043296381e-01
2.939959827430858486e+00
4.160268154269348706e+00
2.576465738511063197e+00
2.564166840712430728e-01
3.633103823078671191e+00
5.436720599595676440e+00
2.298949570963978672e+00
2.794123604941917360e+00
7.161466844808724197e+00
6.868713131730056709e+00
1.530967531964202877e+00
2.792937781075655934e+00
4.702405003656920712e+00
1.864840926695384704e+00
2.845214935290532932e+00
2.258702847030680250e+00
1.676239076117926441e+00
3.174533050044552329e+00
1.377933252365944217e+00
5.953194950034901289e+00
4.817580916220075338e+00
1.541383713557243906e+00
1.935678420792984911e+00
6.721932854702250104e+00
5.395270121430395527e+00
4.106424250761464556e+00
4.903102550764149470e+00
4.629418540076079225e+00
9.279552446578859248e-01
1.054015401695401533e+00
2.294731924506960841e+00
5.368910149715111046e+00
1.529192052035158733e+00
3.707295861530561787e+00
3.103744076758083281e+00
9.745553789167489711e+00
3.866210025143295148e+00
1.858054564355349214e+00
3.104273316021360696e+00
5.835906733614254271e+00
1.727817460937108196e+00
2.223224027546998549e+00
5.276413891582582671e+00
3.270949341861259629e+00
1.698950570734009347e+00
3.307805023401906741e+00
1.802138649876040333e+00
4.348768735019494791e-01
1.634057227187718286e+00
2.352195367149905181e+00
3.643641068904503566e+00
1.146020060634956206e+00
2.615253535508330618e+00
2.931670060700830582e+00
6.097885185026396648e+00
2.357901106941673763e+00
9.611972834084300255e-01
6.443316176572160714e+00
2.642048458439534731e+00
1.648692515808803272e+00
1.050237904559371049e+00
1.283314338246148711e+00
6.668971727750595768e+00
5.821705860068125737e+00
2.290943332552052070e+00
5.806360757724410071e+00
4.371643430556607868e+00
1.068564506952760285e+00
1.391004135983661794e+00
3.959695278600007473e+00
2.785265707512631472e+00
5.229508267760810014e+00
6.983192879196544745e+00
2.927498667959477885e+00
1.113031428828057168e+00
4.965319213942950505e+00
4.729422999280853190e+00
3.974432455501721861e+00
1.285814170450867655e+00
6.226623303410954158e+00
6.388587151199537573e+00
9.867641629287809968e-01
5.731685431086347648e+00
6.446410461430662764e+00
6.666619423116920018e+00
1.786388928162811585e+00
5.972420546743243186e+00
2.610663099940629284e+00
1.466289210933385601e+00
1.819718157403442227e+00
5.174347026141477457e+00
4.205289658793250673e+00
3.752492456588652381e+00
4.574404658220258213e+00
5.756882852274611828e+00
1.499887925993116600e+00
1.971400196756269318e+00
2.746304183233668539e+00
3.100137187994949972e+00
5.128989062628732221e+00
5.393696761869761325e+00
2.278213545126157147e+00
3.765266467279949847e+00
2.239947059953444342e+00
2.275791886010998244e+00
1.295111376289052041e+00
4.235674357503225629e+00
8.953069228441866700e-01
2.129089705577529745e+00
9.620843692881058118e+00
5.409946798062786222e+00
1.998890242823575303e+00
1.822670182730194099e+00
5.811031066482882146e+00
2.910769225489607592e+00
1.511856815512504726e+00
3.619908149923037666e+00
1.675733365524309626e+00
1.962324830265707698e+00
2.855385288023772894e+00
2.699564878537881185e+00
7.210112030044625975e+00
4.290058567086834529e+00
1.635408917659411765e+00
7.734067055040227956e+00
1.600562280343802657e+00
1.889693828872395898e+00
3.435761803955779126e+00
6.967053134825059502e+00
6.686942833419761811e+00
1.203703837068796023e+00
6.105679920456594800e+00
8.199770672779901348e-01
4.993628598140898767e+00
1.173413948579835386e+00
3.718896265896455056e+00
6.696808379537029232e+00
6.543266569153522560e+00
4.128479107886252386e+00
1.473753450245342655e+00
1.936496481983623230e+00
4.170658730594694497e+00
6.085296430705367854e+00
6.517927980613799077e-01
1.212701824929327543e+00
7.870077100217380828e-01
1.554964657640447223e+00
1.235115106576327726e+00
1.850791488704585319e+00
6.022923069878811653e+00
2.278025611381441884e+00
6.981308268442727005e+00
2.428576886843978322e+00
6.564755936319243368e+00
1.322316964903641701e+00
2.174223714844650157e+00
7.502696375656233707e-01
3.251609676504651603e+00
5.744183623718016385e+00
6.039658261009644979e-01
5.216018729902193840e+00
4.327828415078837310e+00
9.852418353287349939e-01
3.433689984879092716e+00
5.657584874376391681e+00
4.365706335297909746e+00
2.650821278656048996e+00
2.316431494891015408e+00
2.938900974698555935e+00
1.291662352165619199e+00
1.313985712887738133e+00
2.650584885156834769e+00
5.378963832001221412e+00
2.887614437265701994e+00
1.038206032922691691e+01
5.681934026211617805e+00
2.119935696157720706e+00
1.552400483532990094e+00
1.565970281321546809e+00
8.276258085795451080e+00
4.058512567983703967e+00
8.978250027362024710e+00
3.659144452411738691e+00
6.860731274962546422e+00
2.234271333937643877e+00
5.097974794236665996e-01
2.779692558383246581e+00
4.785990901810637688e+00
9.420059216491591059e+00
8.268638442188771975e+00
4.692798427476050804e+00
1.424562390368983023e+00
5.132563026285142271e+00
1.661572303075343093e+00
4.986241421025954246e+00
6.783189899166192083e-01
4.330466976259209844e+00
2.154570844805317353e+00
2.072564526073764846e+00
5.585614820330900621e+00
3.145959881913398259e+00
6.765002303178871301e+00
4.201807193627415948e+00
7.303469090870322589e-01
2.941100632370729606e+00
2.908641587380222937e+00
6.201990623189064245e+00
1.565722931702784537e+00
7.679060507927251145e-01
4.090338629930246661e+00
4.236184398468830992e+00
4.245125770940986420e+00
1.443298943187496963e+00
5.700960346765723941e+00
3.391168125029598301e-01
1.272080816284304028e+00
6.214889905219678212e+00
2.056879812892147719e+00
5.566128692354006979e+00
1.219389446946266498e+00
6.315350544813651545e-01
1.577872610292219813e+00
3.575185057391301324e+00
5.799281737318745300e+00
1.197255585094178842e+00
6.092666381340432480e+00
2.978473172908297162e+00
9.122246757718656118e-01
2.987805177881855290e+00
6.429286227787306629e+00
3.598918797850199525e+00
1.367920841142160171e+00
5.656196614375785359e+00
8.867163942681320910e-01
1.927988650560144235e+00
2.455358197446729507e-01
5.661255203459646168e+00
3.737303011427344668e+00
1.819966486590878452e+00
1.875793839052619649e+00
4.433450643178750816e+00
1.288640674791315055e+00
2.166943830313896591e+00
4.572280981152485602e-01
3.322836321868508414e+00
1.745586818165973941e+00
6.389959880383296209e+00
2.843027521467829555e+00
1.145942613297157076e+00
2.696752767180821131e+00
7.300633677918900943e+00
1.841684309226638616e+00
5.459286585808425407e+00
1.348341418770958811e+00
3.036942143063151023e-01
1.402236060367310078e+00
4.658425857234884226e+00
1.351405874396333973e+00
3.143345651272641206e+00
5.861242418951388089e+00
1.379597974740536914e+00
1.686822954691966192e+00
1.729602297176478176e+00
7.036049086524195140e+00
2.743656298647387359e+00
3.961137869296706082e+00
5.196043334632474142e+00
2.041318186515291622e+00
3.839755375512961422e+00
5.470675010943566008e+00
1.352043097440820851e+00
3.343904616454318912e+00
7.675550823628329411e+00
3.549571709358644078e+00
8.675001088012154193e-01
6.742034022210373623e-01
3.198834414490829836e+00
1.588313950131590824e+00
6.614817433902192789e+00
2.197518692350958425e+00
4.590770519617660916e+00
3.011458596582325509e+00
2.838763121969131387e+00
5.131982006272421959e-01
2.019655710475501298e+00
5.812261184084146493e+00
3.587928706786816413e+00
1.869074036887306001e+00
2.223325278145495520e+00
9.639726935271072383e-01
6.014852160321144225e+00
1.308048247720900781e+00
3.924695468686649757e+00
3.084203227652026591e+00
3.066359210921448586e+00
2.935201158706257640e+00
6.220194249692398536e+00
2.481712402796633299e+00
1.856624298986621735e+00
2.570642932996541674e+00
3.682036118100722177e+00
3.970853006028348897e+00
1.019800949638598686e+00
3.429631436376925357e-01
9.402064858811858272e-01
7.941434415002060376e+00
2.314585527765813833e+00
8.160845297493536377e-01
7.739782527194740247e+00
6.588331270544996343e+00
7.300300397026508570e+00
5.601372767839117195e+00
2.971924800340748352e+00
2.568168094105494959e+00
2.349905121769911620e+00
2.162121067067624303e+00
2.150712328499785997e+00
5.198648338617619657e+00
8.765237348805108297e-01
2.062824176831726586e+00
6.361301709977877472e+00
5.350822548705095549e+00
4.854460016490150243e-01
1.186008353095315604e+00
6.144328536884959835e-01
9.100361303094732790e-01
2.611332442767630546e+00
5.128821106451507461e+00
7.054400847650441619e-01
4.776378251361165894e+00
4.480443524916129405e+00
5.477446677164730104e+00
2.940476341248469350e+00
9.172856451298125435e+00
3.706437787465511668e+00
5.027370414949497324e+00
4.329118163429837018e+00
1.444142059930893840e+00
2.854406884344639739e+00
3.213531393308501016e+00
5.857276202577110347e+00
1.920811027063415777e+00
3.130483648593774593e+00
4.981799843291867980e+00
1.358467169687502585e+00
5.935751240885124069e+00
3.763913060369034280e+00
1.574102697955746866e+00
2.169201635064667233e+00
7.243625387065707244e+00
4.293775776046500070e+00
3.883651984065910057e+00
6.842794934284525787e+00
7.242964428108433772e-01
2.464305941070035644e+00
3.993651215143068534e+00
7.628163217945255203e-01
1.772519603277012967e+00
1.980926171024973259e+00
1.896157416932022777e+00
4.458560138155651664e+00
6.438057710281922752e+00
6.022833585161925463e+00
4.403637874196700608e+00
9.958749911564350299e+00
4.036423798953562070e+00
7.057322173650407038e+00
3.249361645124831277e+00
2.891711061274975236e+00
1.528657807492773024e+00
3.432683183875290478e+00
5.912047715255054348e-01
1.149643004417089465e+01
3.140710497639634724e+00
8.208020429529738760e-01
4.300700483031931753e+00
7.688811759155530501e-01
4.310889352971846833e+00
1.030129133261347585e+00
4.481927004709666207e+00
5.946072056548921125e+00
6.358158267674576258e+00
2.918412243903755865e+00
2.491768834077758399e+00
8.372089817482764929e+00
1.573836649148905753e+00
9.492459546077648413e-01
1.321462710557474329e+00
5.276816692103549755e+00
1.425433370087245022e+00
2.254500651954557178e+00
1.128119807755166182e+00
6.843147141913155096e+00
2.631906576949014642e+00
3.105568312878174364e+00
1.554823585441369227e+00
2.754607673616591867e+00
3.585281536231448296e+00
6.533059816528551389e-01
1.323669918170655491e+00
4.342484815512383634e+00
2.629608399380601202e+00
3.905886916007113019e+00
2.023270164790807346e+00
4.701809336599349187e+00
2.978944786620727925e+00
5.960996646699087798e+00
5.917071719174158417e+00
3.880321504403123622e+00
2.335005347035989498e+00
2.545676868629526357e+00
5.302361787349432198e+00
2.487797579862601527e+00
4.064207967959823087e+00
4.419862777709578694e+00
5.801586471820952440e+00
4.616853892567913675e+00
3.549386712314878345e+00
5.886820787015984102e+00
9.230418682729134572e-01
2.865453121722732810e+00
2.028004092457350804e+00
7.870076353188055762e+00
2.914641674108024549e+00
1.010129952017098098e+00
8.564760000709946697e-01
3.323135355476546149e+00
6.303966163588392568e+00
3.661370484568945205e+00
6.139116335206543651e-01
4.015841763180727497e+00
2.133025289068074759e+00
4.998763803699793229e+00
6.263523686891925735e+00
1.390772610045313051e+00
8.944213543943434486e-01
3.036721286626907101e+00
6.807412153119623888e+00
5.867091523931410535e+00
2.929402911026428136e+00
1.125577956863940132e+00
1.787633448619305510e+00
1.668161460146726283e+00
6.208319440919317644e-01
5.185162307334953091e+00
5.287666217740759622e-01
2.566223224473731968e+00
2.022317746969545471e+00
5.399118510294153239e+00
6.484239075477720604e+00
6.805430937265195546e+00
6.047630710002955823e+00
2.150883167462212420e+00
1.662339402439020564e+00
1.393348336865650516e+00
3.967002843759440456e+00
6.464080402797038438e+00
5.420946358487119809e+00
3.511243236903303089e+00
2.565760592652675420e+00
6.914916147069083863e+00
3.221004723254477398e+00
5.497824037054875213e+00
3.343570560576077266e+00
4.088654976322845691e+00
1.379751135014563035e+00
4.606948817917169703e-01
8.121939614498066007e-01
2.928511191776407507e+00
6.336509264983900103e+00
9.186247244204727158e-01
2.177593917754032216e+00
4.482982930418697443e+00
3.324772775033240979e+00
3.556976611619688811e+00
5.423993900805076152e+00
1.264683372576114095e+01
7.696344079860289789e+00
2.168206914611827241e+00
3.738338206496845562e+00
2.896231859832223421e+00
1.640618928184003122e+00
1.529637514057687442e+00
2.448293473275973131e+00
2.478574713553086006e+00
2.288455668804540155e-01
3.154916658995990275e+00
6.645729291018305673e+00
7.664711589815998982e-01
8.625005842315216498e+00
6.666101715379047832e+00
2.974883861107063598e+00
1.995947684535785305e+00
1.668142611169443068e+00
5.881688269017979032e+00
3.794963642700834860e+00
1.102654163158298228e+00
3.105647107556008368e+00
3.487403998074492417e+00
1.686332305403538179e+00
4.288208452484142619e+00
3.241641509071068405e+00
1.878119841915161015e+00
1.424396903943895065e+00
1.790643809527530328e+00
3.280375666398164469e+00
2.620727440374793105e+00
3.711940524925326557e+00
3.461812144285123960e+00
3.660655313318589954e+00
1.413045692554226074e+00
3.649312871137281977e+00
3.446029747058743098e+00
1.292226333466562904e+00
8.104586214207229133e+00
2.136315474081222021e+00
5.275296257260984056e-01
5.277418849579878390e+00
5.561275271489888539e+00
6.637145473840404541e+00
6.134875604052385967e+00
3.351934935873153720e-01
1.640003343766053279e+00
1.214589114566848815e+00
4.961964041384968382e+00
5.040842044844649372e+00
8.506643575033919769e-01
6.313912327719729767e+00
5.776092209591439541e+00
2.098745677269745258e+00
9.237436730337693636e-01
5.341250588995444915e+00
5.698224455858032833e+00
7.090086729030572243e+00
1.286888350831214334e+00
1.748476998203753352e+00
1.583393715594048512e+00
4.542774963930766852e+00
5.362711930807044780e+00
2.402569145949258189e+00
1.901014543835691128e+00
3.663723069740103533e+00
4.832941119403817432e+00
6.398852366821975224e+00
1.232921159243844933e+00
6.265034778483081546e+00
4.852940638829919884e+00
3.342419664965446291e+00
6.772605382064003976e+00
2.827010667383041298e+00
2.079256418979690046e+00
1.804266682376267639e+00
3.597904326485264814e+00
1.142915279602529699e+00
2.539823968807156884e+00
2.566795747409176265e-01
6.817071308480235459e+00
8.967365102395312704e-01
1.229268514853116168e+00
1.794844891890268412e+00
4.896227758208974379e+00
4.209255077802239065e+00
1.734073668879412278e+00
5.604017324209042528e+00
3.870137067031281575e+00
5.650993894184137112e+00
5.612984430612968367e+00
8.176319397741352191e+00
9.189256202547555485e-01
5.887827920037981499e+00
2.606948453583763481e+00
2.344942409230276859e+00
3.906140882740668285e+00
4.349142009385235319e+00
4.562416412911291630e+00
4.555220034069684232e+00
6.720392916020746732e+00
3.193330706652406370e+00
5.361013981776191706e+00
8.320297464985959124e+00
5.059834542887041486e+00
3.696226024591554360e+00
1.553980475821339136e+00
3.146255073838813310e+00
1.946681850171202655e+00
5.755888332410490804e+00
2.511026842254837632e+00
1.028728284206104515e+00
1.344314267249221873e+00
1.870102532405476525e+00
5.091693753004152612e+00
3.403580640365621690e+00
3.425721485738757011e+00
1.082758243429455192e+01
5.222229508903223127e+00
7.692131819665246617e+00
8.924454188074056660e+00
5.719286381395004781e+00
4.047078872115055792e-01
8.026995376627379386e+00
4.540341762612490228e+00
4.475704270864659051e+00
2.965081405588276375e+00
1.162517120683170369e+00
1.742168643339258916e+00
2.838583385447803753e+00
1.382559780140769190e+00
5.487462292198511449e+00
2.696170660154923571e+00
3.007856115542851594e+00
6.081430918553953902e+00
2.772675961385508092e+00
2.553598187646402895e+00
3.073202761124214089e+00
3.708072779999758706e-01
5.077849878511229598e+00
5.732869551240322714e+00
1.949512372344252009e+00
1.737160113261850380e+00
6.915388889329841859e+00
2.891788170310859218e+00
1.030665673147482364e+00
7.050145775438732443e+00
7.956397270221203799e-01
5.149466108844722889e+00
2.048455746538592859e+00
7.419349248443085187e+00
1.250725620971860463e+00
5.220432785135263209e+00
1.136767220583107196e+01
2.757636020474055094e+00
2.009647523810282443e+00
1.214729891833374431e+00
2.969029028859517361e+00
1.218876701346913061e+00
6.838160069446883149e+00
2.157518202599649992e+00
4.291438372042295057e+00
2.734145792878396986e+00
2.962954592462041070e+00
1.209291432941362210e+00
3.449524826472477379e+00
6.217191890723371195e+00
3.670021830319608380e+00
1.593136743375095143e+00
3.171826725498554822e+00
4.436009201281145842e+00
2.410596338469118916e+00
1.944426714541072743e+00
2.502631374581376633e+00
3.025057734493846961e+00
1.141475467374871933e+00
3.251984597501282437e+00
6.790402276270359749e+00
8.486644836000643011e+00
3.155421072560165463e+00
6.531530016019282847e+00
3.702266310363393043e+00
5.927337980451812260e-01
2.844445083353948522e+00
2.798686769659396223e+00
4.257155616187537461e+00
1.618866685670813377e+00
5.371276108476884303e+00
1.942104822626047556e+00
2.327439962395592143e+00
1.814217280532402388e+00
1.547728002010955617e+00
8.370333653166671439e+00
5.517258459859371023e+00
2.469713366417932932e+00
4.348917773320509106e+00
1.344577246142969695e+00
1.094623175368974355e+00
1.191270425772200214e+00
1.853103010223788205e+00
5.312552901980734710e+00
2.184307851753813701e+00
3.178610028121980235e+00
5.535563578064225609e+00
7.500464463704578755e+00
7.629182375705648056e+00
2.696313304066710881e+00
1.323459358377805595e+00
6.280170553544185630e+00
3.025199110707494032e+00
2.571681935540112818e+00
4.575135154397389492e+00
5.323074414931170395e+00
6.207602801171691054e-01
3.218187121594346944e+00
4.581435143829788004e+00
1.159450480318395593e+00
3.972340253821439848e+00
1.584390058290868986e+00
1.201654383487059219e+00
4.478760468784203752e+00
1.059960642844940182e+00
9.758976110443160490e-01
4.640551686518131547e+00
7.425575924547377582e+00
3.492840248693168004e+00
1.588627073404377255e+00
1.200445243359515324e+01
6.952270776300454536e+00
5.922216740019534242e+00
1.638783184492085265e+00
1.315064600750729396e+00
6.200993831869768158e+00
7.383070470503693139e-01
3.344469640340185457e+00
8.745586920351172688e-01
1.336630825994645777e+00
2.287959625751128101e+00
2.805289403437348561e+00
4.223285291333615632e+00
1.233006608123798920e+01
5.579980939895980541e+00
4.661419208399902203e+00
1.087773967831987765e+00
6.868369735117547670e+00
2.039651306973687461e+00
1.869580082877173588e+00
3.230486469254758575e+00
1.393051740203272493e+00
2.047138188546687054e+00
8.467359794293529696e-01
5.918782630105318354e+00
3.576309004156887905e+00
2.240860959104554961e+00
5.122927709543348307e+00
6.065597091661154572e+00
2.356789351548413514e+00
1.768203224005736374e+00
3.448936019548758392e+00
5.183930959564902352e+00
5.184889023882506720e+00
2.854744678435226835e+00
5.954425595042537545e+00
4.597548706099685023e-01
1.480991222127756135e+00
7.786757217742734660e+00
3.165793463020672327e+00
1.589692461785985556e+00
5.291428195403418577e+00
3.044717244659499222e+00
6.348038427094783165e-01
1.397715015337837929e+00
1.732365568625641394e+00
2.753529921262654945e+00
5.464900817767693653e+00
2.507771168177745480e+00
2.363623694079460158e+00
6.475063846897781694e+00
2.473295218122850692e+00
4.060715659096917562e+00
5.959042708530445154e+00
4.062292695387919927e+00
6.052661950198060303e+00
6.860058562753996725e+00
1.133817701497408681e+00
2.264804747426318432e+00
3.768641716050968427e+00
4.191055283127679942e+00
2.977136935522744388e+00
6.041717649337020823e+00
3.745284061296533462e+00
7.086314607335321369e+00
1.825625636707035593e+00
6.343726659750302588e+00
1.124688556831792363e+00
7.624638949412193334e+00
5.915200223942357560e+00
1.545274914811303857e+00
2.900445519963905650e+00
2.949504495278196803e+00
4.640384754517861587e+00
4.952412709902469956e+00
1.199681779166591911e+00
1.730041940164934955e+00
1.098493324678195604e+00
1.173469663344439029e+00
4.068010074281727562e+00
2.768467895481113938e+00
3.278122354529568128e+00
5.280645292121491252e+00
2.266895840422361363e+00
5.319602592738879920e+00
2.229477476192661900e+00
6.839591972941478026e+00
6.236325494060807273e+00
4.217156676404967719e+00
9.017294234266062247e+00
6.591491653279358154e+00
4.621825482307929001e+00
2.106325234038487704e+00
1.803785172238280055e+00
3.277379786456757316e+00
2.899925597514538822e+00
2.816880435493398060e+00
3.773917915882490703e+00
2.483106551623623037e+00
4.149558547133773700e+00
1.507711743951710259e+00
6.086401030078711472e+00
5.500866808852338252e+00
2.399158022804713575e+00
3.482516772919793890e+00
2.771388091282134702e+00
2.331963644164523508e+00
5.490756281445238862e+00
4.040544687125634304e+00
2.888273812689947206e+00
6.441200944512956106e+00
1.783664851834257936e+00
5.964243674574805532e+00
3.805215827154400987e+00
2.030541806182127651e+00
2.262977516950197554e+00
2.941953784540526584e+00
5.832962365457574627e+00
2.111032313779008351e+00
4.613976310665794500e+00
1.850310956434463527e+00
1.906566435882518951e+00
2.147409224010556006e+00
2.865552330888361254e+00
2.788323329476851686e-01
6.204002018375170735e+00
1.266578037074815200e+00
2.686997841164563638e+00
4.642621439740923783e+00
2.653791954144168130e+00
8.601192830916605248e-01
2.168752237778802883e+00
3.783909295553966601e+00
6.952142189813345752e+00
1.230978406552801774e+00
1.734865736859286800e+00
7.267684488157447831e+00
8.939231111034697808e-01
1.161965572099652988e+01
4.307130550047430617e+00
1.574426113140916517e+00
4.560563276190957360e+00
1.864158597405478401e+00
4.732979781107221839e+00
1.713845646076099349e+00
1.364440259064057415e+00
1.603478985926209521e+00
2.439302424238235734e+00
1.812985281295913520e+00
6.214536848586180717e+00
6.161542743488646501e+00
5.009161539441521427e+00
6.675266503781069893e-01
1.356918697803162654e+00
5.372287469162349005e+00
6.787350529156469747e+00
1.060711302301962311e+00
1.006566698271921023e+00
4.922828957299903330e+00
2.075413127313671779e+00
2.881501286028464559e+00
1.161988328579944163e+00
5.667179569661936256e+00
5.971688144003684862e+00
1.929265755364474755e+00
9.662251824796505018e-01
4.965204825118569865e+00
5.315332614634766806e+00
2.937333492200658203e+00
6.145165067698651562e+00
4.962668631448848622e+00
4.745660575880470411e+00
3.437752308568883031e+00
6.639275436084716375e+00
3.410733124774778080e+00
4.985933248140097085e+00
4.185268438946662783e+00
2.398309921928437394e+00
3.258260974844407798e+00
1.575403131980184890e+00
7.498873283014246383e+00
1.194026276593169067e+00
2.643385719937830114e+00
7.710212971717060881e-01
1.362224251038536504e+00
3.067389176091572800e+00
2.742408426479991057e+00
6.741658586364579264e+00
3.402483990897970489e+00
2.981870338321572778e+00
1.878443794175687298e+00
3.357618108859615536e+00
3.392356005788739637e+00
6.271268362954041997e+00
6.353598749179131921e+00
2.487997461920900655e+00
2.267278241237829395e+00
5.173617853239358411e+00
9.444703762599928609e-01
1.633569742074404418e+00
1.886105584043741956e+00
3.169123423313815024e+00
1.433046931656291711e+00
1.661012703905157650e+00
1.144847848133689672e+00
2.840648644511919230e+00
3.326590955606614219e+00
6.421880478586599050e-01
1.050070045797174334e+00
6.111451368394976491e+00
3.995315634774209812e+00
1.029207091320366096e+01
2.636404298638460375e+00
1.504215563939373057e+00
5.341970662351580579e+00
1.703203631923114081e+00
2.760709699254949800e+00
2.769179958904775418e+00
6.128467292136145161e+00
2.385122243828193156e+00
5.302852882866117668e+00
4.828606594207926150e+00
6.054922570808748183e+00
3.199867502534503139e+00
2.695879101573263270e+00
2.507795835768368509e+00
1.972073966071402396e+00
6.484430111179417366e+00
4.176986136745269640e+00
2.736709024604254914e+00
1.541117377471403538e+00
2.073749167441798047e+00
5.439330847719137552e+00
5.275470608479226442e+00
4.899522400901998864e+00
6.658853362293242206e+00
2.122314421754320168e+00
4.127647763010888760e+00
2.021564069869920655e+00
7.141355780100131945e+00
3.873500849154297043e+00
5.696289973879659740e+00
8.231157373763106078e-01
5.379882656583784950e+00
4.783902538700899321e+00
7.895025271796123345e-01
3.456044918181726100e+00
1.687375321338038470e+00
7.989524328436360179e+00
6.617750458004920233e+00
1.951801780704364608e+00
2.292263944456004676e+00
1.719959358052435494e+00
2.919777527552374075e+00
1.084966869592226324e+01
1.461690261840976390e+00
7.273063852131548934e+00
6.824456689610106652e-01
5.293531536632512413e+00
5.748841258044759428e+00
1.833486168019289986e+00
4.776470550695678163e+00
3.219806605298406232e+00
5.022952757752751296e+00
2.545792501132909003e+00
7.597515253661273782e+00
3.314738047917718866e+00
7.473103267108525571e+00
7.836627666833538619e+00
3.305733513027117265e+00
5.793073345532961049e+00
5.702985664153352729e+00
1.959646896640258706e+00
3.122461389143351695e+00
4.625553172643995237e-01
2.045735514450569781e+00
2.615674781522941306e+00
5.320688067879411065e+00
2.899846707942951074e+00
5.213372136747952190e+00
1.541698158916202654e+00
4.787486203432811394e+00
5.934337907028710113e+00
1.698033093608462440e+00
5.700582027273735086e+00
3.648608378144997832e+00
2.763462756527452324e+00
4.389508691832328502e+00
4.746773781074204557e+00
4.002453306164860614e+00
3.813946104841702933e+00
2.457821955166268335e+00
4.661226393748663988e+00
1.683520082109443594e+00
1.072139844469411241e+00
6.640719363509679951e+00
5.334083661179632507e+00
3.205528912831462129e+00
5.355855177979486292e+00
9.707498193204877612e-01
2.440184236230700243e+00
1.419920691855472317e+00
4.111573331169811496e+00
5.170834336753157068e+00
2.365575671078385067e+00
1.685305337354015220e+00
2.002670996676183091e+00
3.340571748874375135e+00
7.401145796641992458e-01
1.132858088926028906e+00
8.391275927998680828e+00
1.513842980084446621e+00
3.167201509482811872e+00
6.357178388625102983e+00
6.176297466952433091e+00
5.631885032552761405e-01
1.701459285343408290e+00
1.577680235373321915e+00
5.107631636060417257e+00
6.414251361753738889e-01
9.806166543840920680e-01
2.406978567812051661e+00
4.985451065404191695e+00
5.975926552562737193e+00
9.989289055374532822e-01
5.554067270033029580e+00
3.087323507467825690e-01
5.750889652330842594e+00
1.321503784148454264e+00
2.533366056847545345e+00
1.207783650594611125e+00
1.532236783209398823e+00
4.895668959105618612e+00
6.042919158285893211e+00
4.819571283456730804e+00
3.116441754552544130e-01
1.247784104212444012e+00
1.552559595583010266e+00
1.055484599486973263e+00
1.274511700957764671e+00
9.318384028832308985e+00
5.089218099247164950e+00
4.358337422552700069e+00
3.836835898929741528e+00
5.417131563247002290e+00
1.140007163571069793e+00
6.421832119794536275e+00
5.223762779915010590e+00
1.768795074268683765e+00
2.643751410003329916e+00
1.112379237727719516e+00
3.413064658358551551e+00
3.174020876737073227e+00
4.758097288307283179e+00
9.619475153830688186e+00
1.634455806912072928e+00
3.373162997508701633e+00
1.088778392571498221e+00
3.063829378705938300e+00
2.571179188785521763e+00
2.169839834690686420e+00
8.648618991708701742e+00
3.349490755172832124e+00
2.406680434696996329e+00
1.608999999570623451e+00
3.387585908519733735e+00
2.794820934503598586e+00
2.657644517353085156e+00
8.087921856052023628e+00
4.568455093419490964e+00
5.428295258518095245e+00
2.066591578988246081e+00
2.921110718690902885e+00
5.997960536631468997e+00
3.808283083816801806e+00
1.785833874532315901e+00
9.728071215830107477e-01
7.254230771314650106e+00
2.244838183382024344e+00
3.837826743485782011e+00
2.247374381134441101e+00
1.332013962647638161e+00
7.947738055960795744e-01
9.917096130657037101e-01
3.912001370187104143e+00
2.021007737511067326e+00
6.066052214352220417e+00
3.490732473357640586e+00
2.348218531049496960e+00
7.274583987035004640e+00
4.223642752947982082e+00
5.395301911055303989e+00
1.963852153673962153e+00
4.081893416105447869e+00
6.739504560761679919e-01
1.369709824265817666e+00
3.014194611226756582e+00
1.620284831066750586e+00
2.968148778637137664e+00
1.599475021700868638e+00
2.949261894082846336e+00
4.397593209281385640e+00
9.997205856355809717e-01
4.610576248272981736e+00
5.828015097422749591e+00
6.325263318023445436e+00
1.678702311019441451e+00
1.877145558609543130e+00
7.962767506251587912e-01
7.030211861582280619e+00
6.620523177777378976e+00
5.918555736306838178e+00
4.275511764499304590e+00
2.252086545727628675e+00
3.846773871757666274e+00
3.773857282086749976e+00
4.467802815952007123e+00
5.620846642352722355e+00
1.971149203155066143e+00
1.405889545746355163e+00
2.631496352752600743e+00
1.008345009132885384e+00
1.906952654443073936e+00
6.265982595910181807e+00
3.173287455014044411e+00
3.458718832271115762e+00
3.825367821967229798e+00
3.667872226261315038e+00
2.463004191227478490e+00
3.415313535414038260e+00
5.186493160701367344e+00
7.232510465869161909e-01
1.530017141829139504e+00
1.445328855173343197e+00
5.255335373247558284e-01
3.069125932051354866e+00
1.997381523064200692e+00
1.942328995737676367e+00
5.756372155829054371e+00
5.066785450748214181e+00
3.719809628224545861e+00
1.654565777787440295e+00
1.594733815995897253e+00
2.597198936972458849e+00
6.257552091440941489e+00
1.760976153461479843e+00
4.662498398988009107e+00
7.717609798942964616e+00
7.334060499470169248e+00
1.747938391091776511e+00
1.410645745963361009e+00
2.833009756255117750e+00
5.786731087071990132e+00
9.659391701681065978e-01
4.018993907959846901e+00
2.598782207601601613e+00
8.090936410182691940e-01
1.484280979617596197e+00
4.658022842291177135e+00
3.221400139869377011e+00
2.167010210819812155e+00
1.531571757065995243e+00
6.727299635549903734e+00
2.702425930509337881e+00
3.526948060833022147e+00
2.450552520238550080e+00
1.200050375726116947e+00
6.554674090187921465e+00
2.736313492849185902e+00
5.018653467517219191e+00
2.300888808478880776e+00
3.201474093339446103e+00
2.295591402526600877e+00
1.360022675394891412e+00
2.385876860067033256e+00
6.102314687305350205e+00
2.843613231294251253e+00
4.968175934470541399e+00
2.017083597217499413e+00
2.097589060981609244e+00
8.306227201630358437e-01
1.682700744706229212e+00
2.523425269074979660e+00
1.523618649529647318e+00
6.406054245300722982e+00
4.214620807760851129e+00
2.422400322418251317e+00
3.465619213306854185e+00
5.962991956967618634e+00
2.122082176928568487e+00
2.029174223720441983e+00
2.865510063355244164e+00
5.487745306541699897e+00
5.525008041036466366e+00
2.631098615295031529e+00
9.153569692521630330e-01
5.049041814604563250e+00
5.246485675439560126e+00
3.199878466963412271e-01
3.122261845131026448e+00
1.744766468021847317e+00
8.039629481104055841e-01
5.625067430741220953e+00
5.157221070553635656e+00
5.913384285350077318e-01
1.267085393312816111e+00
5.087517032650057835e+00
2.526059817070531288e+00
1.485885211135552053e+00
5.138166937484627717e+00
4.026294608440158518e-01
1.001829797284187640e+00
2.181447159660338198e+00
2.800516961908065650e+00
3.050160211140219957e+00
5.243259981683516813e+00
6.516863933207597270e+00
8.801705578024273890e+00
6.181352834894346948e+00
2.162705101248721729e+00
1.700583582228448298e+00
1.802722175903405999e+00
3.877884514141482608e+00
1.426632728552703178e+00
4.103662290845533356e+00
1.510060914908333052e+00
5.318331280478131973e+00
4.343123217123205038e+00
1.271046925813578587e+00
1.429315245994158268e+00
2.650093184221659737e+00
2.387140261543831521e+00
3.197931400351493814e+00
3.453863237113714568e+00
2.178934113969527520e+00
2.196059356819483277e+00
7.332598105562821544e+00
2.258702339631534439e+00
6.059951295370401780e+00
3.755540391024652980e+00
3.283563637832004556e+00
3.192123802149277267e+00
1.413405392431727803e+00
3.222107459237225857e+00
6.175933322545460236e+00
3.681558626663445466e+00
3.783475806498133309e+00
1.242057589715808152e+00
5.240451497527001123e+00
8.030416021922052172e-01
5.299057404015986350e+00
1.134836444576496683e+00
4.239678478703696740e+00
1.625681084054730219e+00
6.101395745823317895e+00
2.041220061670923958e+00
6.376396393711185162e+00
7.634328102104752656e-01
1.741949124567877982e+00
1.216635035974943380e+00
5.565932074605520086e+00
1.413313027144097456e+00
8.693039671953108893e-01
2.048679016097894934e+00
2.002769180185274500e+00
5.330725932061953110e+00
8.633341900934831115e-01
5.770284178984605106e+00
1.258364238555021553e+00
1.961649114715949382e+00
5.113947589280527062e+00
4.815655395319067722e+00
5.859010669753137890e+00
1.948150025216533576e+00
6.877368651306150937e+00
2.886382411971971429e+00
1.018380520091771935e+00
1.274953144337718003e+00
1.268157428230977102e+00
2.819542148361032563e+00
2.820831630590105110e+00
3.301012985862141313e+00
1.607025377645889375e+00
2.275596802476811842e+00
2.116140699588391794e+00
3.404106880210056474e+00
4.070550524381058466e+00
1.124564661472537530e+00
5.364544008222906335e+00
2.212742591938933412e+00
1.982466855836921393e+00
2.710112785857107909e+00
7.815952771573632107e-01
1.381448059065590428e+00
3.667624107147545054e+00
6.143072999773542264e+00
2.388138259465110380e+00
1.589333886967088993e+00
5.850200526764701259e+00
1.891301543360182746e+00
1.276523592096277415e+00
4.797717622647859947e+00
1.349573309086054218e+00
3.167935084966837067e+00
1.028388318519009470e+00
1.473676855402823671e+00
3.758721481717306467e+00
1.467699953891308917e+00
1.061901442514766813e+00
1.621847923955713977e+00
1.340684498934226809e+01
4.316992538323233042e+00
6.874661126224869134e-01
5.431880345642968955e+00
5.016673208999041123e+00
4.241237265713299287e+00
2.490677910076418922e+00
4.622777950583715878e+00
2.693516204485108201e+00
1.653684907611464139e+00
5.957822601632458692e+00
3.972993687649135186e+00
9.950054926852929249e-01
4.029495673799861066e+00
1.040982483145280968e+00
4.912136434719102773e+00
5.149343662866948890e+00
3.707896006442823911e+00
1.267962730662343995e+00
5.885589297299816280e+00
2.077915097769925890e+00
3.981555346110587923e-01
6.377525168651463794e+00
3.409550017346905992e+00
4.364667516587448226e+00
4.047078037413192497e+00
5.543587487050936957e+00
2.274389024310561780e+00
6.229042922386709868e+00
6.872830708688878687e+00
1.136118560624469920e+00
6.149128223893362666e+00
1.328507388488054275e+00
2.787971914434021148e+00
6.397613059622996978e+00
5.321120876201410610e+00
4.678513782031210155e+00
1.891253967021715665e+00
2.971035908228099931e+00
1.405785753239784386e+00
1.019557537637954781e+01
8.983359826827009842e-01
5.324652035402790418e+00
1.707966862162414445e+00
3.404925131236333335e+00
5.357645470003733479e+00
1.221832589619031850e+00
3.148088972978688282e+00
6.136611521425634486e+00
1.991755776003993228e+00
1.791556639143740304e+00
3.149961735644913219e+00
6.585163568617963925e+00
1.260860506869972752e+00
3.033291045084880899e+00
7.506908301511117099e-01
5.454607179943777862e-01
6.323136995310784769e+00
2.147635967832155490e+00
5.965999743906947650e+00
1.457831126877404460e+00
1.520602250239601272e+00
1.933225836508094542e+00
6.069657043556990317e+00
4.702530167195959621e+00
3.914881518953611028e+00
1.824595001771449398e+00
2.134016290244771685e+00
1.581987867232410583e+00
9.829994083089567125e-01
1.831950345539026026e+00
3.470629236554790165e+00
6.624465792082238735e+00
1.424892061261486820e+00
2.432557627023837377e+00
5.285038886741174835e+00
2.936941871348927702e+00
2.049073995132787207e+00
5.602083498650427096e+00
9.876932732212787558e-01
5.352030114964649865e-01
3.575609510804379276e+00
2.328498850169575807e+00
3.975137452730971521e+00
1.014644171979127707e+00
3.100215101031495557e+00
3.225774807957187740e+00
6.465073623187424623e+00
6.145337266342997928e+00
7.343195614724352005e+00
5.543003912543123413e+00
4.589903697826436257e+00
2.939634350476333591e+00
3.514113284159066097e+00
2.928321058794110421e+00
1.383163349043683876e+00
6.621081002978574936e+00
1.718237257819662300e+00
2.520486308058930813e+00
1.506496514412055232e+00
1.201946066909092670e+00
2.847484195386784656e+00
1.492116017833111430e+00
6.238905061559491649e+00
3.345007700209737589e+00
4.594339174781709723e+00
5.298694603484903176e+00
3.448398143048454489e+00
1.225584901006548488e+00
5.800849852218426861e+00
6.982860348746579682e+00
1.574553593129665030e+00
2.052553676986343056e+00
2.331590736962808830e+00
1.298039232490976858e+00
9.823321160778332173e-01
1.212475997052465670e+00
1.942581532999160254e+00
1.511642020450003621e+00
3.342090605068708253e+00
3.741076811014685255e+00
3.929118242266618211e+00
7.346620112073776632e+00
4.127300560953576891e+00
2.405514423186080109e+00
1.907593662324500672e+00
6.537113540025252245e-01
1.927056370443331890e+00
3.252051408559502477e+00
1.646499418270413795e+00
6.299595381264058602e+00
2.768884154450427904e+00
5.320684075222583687e+00
4.823080428408676568e+00
3.356687868378095629e+00
1.484043346240401018e+00
1.234046278767530369e+00
4.854437547317052903e+00
1.132343328819124029e+00
2.546142768107195753e+00
3.400032850525430028e+00
7.681059191266552677e-01
4.188524157141206850e-01
1.642967022207123318e+00
5.934397484273969070e+00
1.019976446154062355e+00
1.024866336321887061e+00
4.223221443122937124e+00
2.988152998699710405e+00
2.497820083935045066e+00
4.344754113155619990e+00
1.557298874584203352e+00
2.855219643796889972e+00
5.135070729328704786e+00
3.243845387815367687e+00
6.108312825260395762e+00
2.737490995777204450e+00
3.480742090186127236e+00
5.537371275193568643e+00
1.725045918343642848e+00
3.861664908775405802e+00
4.678774311238294459e+00
8.511900464106986197e-01
4.265022438609218924e-01
5.560488820213109307e+00
5.229456847374176931e+00
3.696297962928574155e+00
2.208490170411412379e+00
3.313248271226013841e+00
2.439730890057878465e+00
2.958638988105711132e+00
1.456748816735133678e+00
1.988618387823885003e+00
6.640150257414625390e-01
1.539016147185298555e+00
3.453866199518452085e+00
1.201829440107534674e+00
3.941175323298903521e+00
2.818037434062789170e+00
5.392930276908211695e+00
1.729348613498043807e+00
6.222021632239669309e+00
2.988938167830577086e+00
9.462233273288914170e-02
2.203841280730800989e+00
2.833323920710651311e+00
3.140839432085547056e+00
1.056026205981065003e+00
8.719699062091490482e-01
2.678940004892672366e+00
1.263057363912056807e+00
1.568785515006452025e+00
6.883057648902629388e+00
2.420318144539016281e+00
3.133291260160394387e+00
3.345187174178982037e+00
3.035191799589393113e+00
8.290842121807896703e+00
2.770099476921661363e+00
2.353136911260712338e+00
1.916028265291809474e+00
4.741805900024138154e+00
2.351631679825295862e+00
5.650760411244697856e+00
1.546431628899143318e+00
5.842590652817866159e-01
5.377713696435421298e+00
3.245952437912163480e-01
5.353822430794275000e+00
5.034588832880423581e+00
4.876485408492713169e+00
1.931566441956659386e+00
2.699829874750246717e+00
3.913104601183814868e+00
1.311035467702777124e+00
5.079112375209959396e+00
3.179374573606283949e+00
2.166334824005147652e+00
1.097377969414929266e+00
1.064698165503154437e+00
1.599092370832085885e+00
1.016284851820690172e+01
2.543826686287747219e+00
3.424152928627658632e+00
3.777502261550939266e+00
3.741680214422884898e+00
2.948873755748966374e+00
4.964843862479924042e+00
5.265798759796338047e+00
4.152728748464779684e+00
1.503340843439947339e+00
4.585597351862245041e+00
3.613038000925354876e+00
1.518411757772382131e+00
3.990369464193149973e+00
9.898482828453213367e-01
2.822250477383897227e+00
2.730117094701475011e+00
3.037460673892134366e+00
5.498630747561868759e+00
1.991489989628443480e+00
3.089674888694275534e+00
3.528449760208723696e+00
2.565887674851687006e+00
9.165930491447401351e+00
5.659915320585320764e+00
6.397215795413363715e+00
1.062709467783693684e+00
2.394555670375529299e+00
4.681238138872389598e+00
4.551930776229630382e+00
3.734735927031520131e+00
3.121891831840954978e+00
6.127518287524961416e+00
6.069322058796580599e+00
4.447583417418109697e+00
3.935651315654922211e+00
3.162048226577839571e+00
1.320440543948266487e+00
8.010286966169533063e-01
1.126724491330822087e+00
4.739910775762202988e+00
1.174978841373206073e+00
6.302755299130398114e+00
3.487126835635840472e+00
4.187159122165732050e+00
1.983032704022576365e+00
1.994706081420011490e+00
5.533723392927722529e+00
7.682220789232419911e+00
2.350225611925641278e+00
6.030880077347123169e+00
6.467982245689457343e+00
1.225335574984683928e+00
3.687674453252777429e+00
2.168390059543535919e+00
6.289754714499764532e-01
4.252017377783475993e+00
4.986656228245423428e+00
3.594607877293018117e+00
2.998498776871171945e+00
6.952026539863446430e+00
1.359797788300989518e+00
7.515785515799829675e+00
3.376367147193927387e+00
6.511699543382595046e+00
6.313554591366384194e+00
8.443973790003667101e-01
4.083663471293240477e+00
3.830020991183105572e+00
2.263723944271759603e+00
2.162140836315809445e+00
3.303104150826123853e+00
3.893719091617541039e+00
1.343347993032442345e+00
6.067535914522704132e+00
2.967127595595950851e+00
2.249466906193079208e+00
5.787454763289401782e+00
6.094885438045676729e+00
8.177428362098247971e-01
2.835470837520995158e+00
4.546342492396957979e+00
2.065171567172895184e+00
3.931507013314414767e+00
1.532364307194877817e+00
1.754769804330217786e+00
3.891029606074042579e+00
2.177933911346081164e+00
3.895919778699471259e+00
2.215076504532286883e+00
1.620330008876676775e+00
1.005804447377437905e+00
7.260198053594170808e+00
6.310273941943391307e+00
4.755668432409847490e+00
2.528053805361277107e+00
3.432786496748361671e+00
2.594765612496263252e+00
6.765895835789350166e+00
2.161440700463159281e+00
3.060809902519481263e+00
2.555860028167656672e+00
4.707920887050718761e+00
1.933605147598764340e+00
5.946496097157051963e+00
1.632015439195462214e+00
4.800723029349064142e+00
3.165804041504890254e+00
2.851241190263282821e+00
4.914618007334971672e+00
6.776912725536466731e+00
2.742298374894149404e+00
1.757370235189953611e+00
1.610277483535603738e+00
6.744603871793662941e-01
1.441832304009026622e+00
5.902963704706911230e+00
2.088300351704675428e+00
5.083717251996636044e+00
3.563516321974680601e+00
5.159119996153158638e+00
2.065679563056487478e+00
6.387320955664188560e+00
1.863338162919703000e+00
1.963427326309389320e+00
5.252913537083638396e+00
1.630438355625980718e+00
5.231817901112169267e+00
3.893728849503412803e+00
4.694537732638474736e+00
3.241698073698446869e+00
3.621034578791750835e+00
3.056177360461911796e+00
2.915034428839418545e+00
9.625094738097376146e-01
8.860042925726802077e-01
3.567297702599125375e-01
2.419353568842526947e+00
6.478132536085820625e+00
5.085593104164902734e+00
3.182695608581054825e-01
1.022175654652228483e+00
2.873347809333805181e+00
1.201013379917433177e+00
3.140932118065482559e+00
5.108007955970298442e-01
5.263530844038472267e+00
4.754025320093848705e+00
1.060081588262118935e+01
2.593596247832111956e+00
5.427146066179951989e-01
4.307187314946183676e+00
4.777371259869140907e+00
4.170988005216153205e+00
4.942882829350699225e+00
8.177355951948120705e+00
1.210728651967196923e+00
1.631905091321112833e+00
3.963730194298389797e+00
1.377168338990478080e+00
1.698391412703252890e+00
2.366555453200794634e+00
2.852645503988899822e+00
8.847139841902774693e-01
5.173117339734515596e+00
6.448576382242021232e+00
1.673902221578490890e+00
3.868138061893390045e+00
6.379284143094151815e+00
1.702718488848983025e+00
3.615810341235540015e+00
1.624068974567336010e+00
6.733071549132587652e-01
9.699869804327574840e+00
5.424778940631443724e+00
5.295238050259928997e+00
1.368034416973960443e+00
2.400547496422646088e+00
5.058691277173480216e+00
2.050534189538592678e+00
1.643064382811518342e+00
1.433421830218529092e+00
2.052883146326568653e+00
1.634047240172801674e+00
2.908736491039812133e+00
4.707725704635340236e+00
5.708503309549945115e+00
2.169873737231510891e+00
3.455287022719768064e+00
2.642361676187624742e+00
3.484864534462634555e+00
2.834888625581355459e+00
9.640194280497997870e-01
8.073254870378600012e-01
9.751151074309917233e-01
2.396197361214428501e+00
2.319026611060404086e+00
7.203230278267949593e+00
3.277453509816528610e-01
7.187420787048166559e-01
3.468661447084502747e+00
6.681511512754679138e+00
2.209737758547185127e+00
3.336819848170607727e+00
4.572876636625462510e+00
4.364288112928289110e+00
3.200111786705426287e+00
6.267958944761781837e+00
6.839892016371164729e+00
5.627034047784220228e+00
7.068059485386375407e+00
2.223503729054146394e+00
3.054528604696598926e+00
4.263960126137952500e+00
1.517762143193862823e+00
8.190105278846031567e-01
1.426202521836505088e+00
1.280718079786943742e+00
4.301559687382169095e+00
3.564606541173814147e+00
9.109355347595244012e+00
4.372749121586543275e+00
2.174597822340675446e+00
6.251399227046176676e+00
4.971022851139007770e+00
1.291027057377140297e+00
2.240479094141563987e+00
4.957428460842425721e+00
7.750301539914661753e+00
1.657889288758788382e+00
9.770628698043111626e+00
1.899928548288110530e+00
3.382570124226114583e+00
2.339871819129001107e+00
4.199445855156432650e+00
2.610371889155601366e+00
1.745312995426751224e+00
1.591907101393836621e+00
1.865469309624395056e+00
6.976579834829849780e+00
2.319012401343367724e+00
6.006307861537084847e+00
2.226057355855974418e+00
4.779736995034623348e+00
1.677170484926139293e+00
2.453835289067157532e+00
4.524394716514878567e+00
3.376293066655302599e+00
3.244516357133856221e+00
3.805435274461302697e+00
2.873599573107881167e+00
4.194280711416945806e+00
1.695273889673273304e+00
3.173777596797965117e+00
5.429730725896351196e+00
1.870874917476741395e+00
5.977261355153530076e+00
3.622445057875884888e-01
2.853143430981396111e+00
3.887887069787833383e+00
2.156593879179327544e+00
2.165179976609422852e+00
9.064812679819695962e-01
2.760598737352760068e+00
6.528523604387375556e+00
3.404034072936600097e+00
5.894491789072028531e+00
5.785439378985414827e+00
5.282168663675920861e+00
3.989643733401284642e+00
8.833293247457874031e-01
4.933652152179755390e+00
5.932911623972235482e+00
2.480299579648672648e+00
4.978458249656330104e+00
1.745331466301520695e+00
2.010206150853528051e+00
1.518909107046732654e+00
3.494055993002303517e-01
3.533295140043546390e+00
5.959529707612373883e+00
2.216907431465736877e+00
3.015182304600922958e+00
4.126011437062039988e+00
2.324088133133671352e+00
3.102239563448942139e+00
1.054230539027838098e+01
3.390321987332267639e+00
3.263056951235528302e+00
2.237035071473361558e+00
2.794930434700707345e+00
3.136515567689885486e+00
2.080107301705175438e+00
6.454036772495081564e+00
2.078227382778643051e+00
3.145958123651458216e+00
8.439680621012504158e-01
5.702734485451724566e+00
4.072182711465408111e+00
1.651204745252482953e+00
3.419529330499224251e+00
9.569759117655143310e-01
1.851966526690127957e+00
2.898594957794827121e+00
1.358344911168936964e+00
3.412026705414104022e+00
3.658911033158394055e+00
1.033687648799299419e+00
2.515290989810373468e+00
3.504769985730975979e+00
2.804410872843390301e+00
6.660881442794917007e+00
6.700394910532135206e+00
2.360111549662976760e+00
1.950599634350290712e+00
4.481723433869565731e+00
4.574689096821063394e+00
1.476638951665003141e+00
3.822673815501732353e+00
8.057589296508551158e+00
5.684705078892048569e+00
1.069086766613916550e+00
1.464045680560702944e+00
2.585755122363920133e+00
3.001170967959218228e+00
1.658864780099444047e+00
3.752927275742266033e+00
1.845835892911767973e+00
2.766998327334577290e+00
3.993881456223255189e+00
2.372225782018456464e+00
3.057143381397532167e+00
1.858255160426579566e+00
1.054480730399675714e+00
3.108937722768434497e+00
5.302099543983080920e+00
2.153365492141892990e+00
1.565552912223186377e+00
1.268980275084532705e+00
2.748539060261964373e+00
2.210477307073194009e+00
5.508033412781171201e+00
4.128660818043502267e+00
1.213940604092646325e+01
6.205519532403666716e+00
2.002851784252538181e+00
3.639825602628992129e+00
5.195004319099317591e+00
3.636924669462095583e+00
3.097265534324879610e+00
3.975944054619477530e+00
1.376691766129315209e+00
2.643904611767748492e+00
2.780094421106785507e+00
3.771454545273281167e-01
1.964766865663825079e+00
9.977051809852074404e-01
5.319702082543453336e+00
7.629816133385046051e+00
5.907233260720808232e+00
2.113515754749978548e+00
1.599915417757910241e+00
2.994838669131121733e+00
8.398461224667332914e+00
2.875357239667191145e+00
7.793895233741477968e-01
1.663236074817374011e+00
1.805239932415241944e+00
3.937185618455635971e+00
5.872130621790700999e+00
1.659244396154316181e+00
2.810770335401925113e+00
5.810466529190618346e+00
1.594038863151570506e+00
1.877850232119610441e+00
7.472372165671024469e+00
3.493264784785111932e+00
5.790735876245349800e+00
2.679508636834160740e+00
1.104043235621863683e+00
7.267111794024923022e+00
2.675708168217252769e+00
4.259987604220092372e+00
6.714805289995210202e+00
4.465856295833118494e+00
2.506116157945963874e+00
3.902429033423249760e-01
2.245654876481784079e+00
3.640427989203376846e+00
2.652250169231707311e+00
4.230162453951411550e+00
1.370869887164690271e+00
1.404704094434249262e+00
1.653451623118612046e+00
4.442685089590244552e+00
1.565148246457267467e+00
8.584730647157188699e+00
1.737170326326605840e+00
2.596509749124206845e+00
3.315795604233709337e+00
5.141298722542051891e+00
3.261933510608301390e+00
2.912212339169187203e+00
2.560093140221499031e+00
8.041790829924228001e-01
1.065382259705162982e+00
5.565687778818419140e+00
2.098510085261740876e+00
2.631468970538898500e+00
3.593761551596789783e+00
2.171351305707424906e-01
5.994492310224928566e+00
3.191678085047868318e+00
2.485303061837965011e+00
6.893015164427253039e-01
5.396788682831289208e+00
1.244410556687870484e+00
5.836741872469540127e+00
2.697233656109358613e+00
1.371062149231943472e+00
1.000069203403846529e+00
2.222552713156683790e+00
3.005683247501002686e+00
7.092009922699112678e+00
1.446462388702029367e+00
1.812789544287223054e+00
1.747604352620858004e+00
1.545088057199197396e+00
5.334895670632393561e-01
5.939447012877714371e+00
2.364879639898787023e+00
2.225628536022711934e+00
4.335699158023987643e+00
2.077849034301626041e+00
5.649752879536069194e+00
1.788395056920556891e+00
2.643726245895990257e+00
1.603613734837152194e+00
6.063031873594892041e+00
5.012343804651613333e+00
3.482509935848368432e+00
3.188077591224132146e+00
2.102996672947946344e+00
4.014429236075927498e+00
2.012367630342029479e+00
1.245427945842958684e+00
1.960207686258390369e+00
2.907905349158093067e+00
1.631758760959946430e+00
5.584941657029748541e+00
3.256795464151855946e+00
4.808729139368367100e+00
4.669657055865079620e+00
1.772734207189692324e+00
3.304747984514862846e+00
6.266799710348653463e+00
5.956716735958755837e-01
1.496940735763761854e+00
1.037547773891503766e+00
1.012421376027059505e+00
1.343697799756141453e+00
7.585302518887659495e+00
2.539977856658097721e+00
6.204212365445707533e+00
3.710019278408130727e+00
1.937446348489684222e+00
6.545763019382047965e+00
5.233495303270395027e+00
3.270197658980654065e+00
2.463730814126794844e+00
1.582585536886528921e+00
4.221192980019687901e+00
1.116804474354802323e+01
1.252723833683790033e+00
4.410069772212695582e+00
4.602306155110495567e+00
4.151299576796730229e+00
9.138940956484267186e-01
2.244267082257251911e+00
3.661260510321405981e+00
2.015517804825938786e+00
5.457614572292261990e+00
5.955992419221797896e+00
6.846082209056348233e+00
3.322539657830771098e+00
4.302606610912661722e+00
5.890427736664644698e+00
6.436242008564386552e+00
2.546530475567615692e+00
4.231144076065325166e+00
1.551195423787567362e+00
5.401761777794002128e+00
6.883293414750235151e+00
1.765955437079608226e+00
3.678213024998222558e+00
1.149700811258954847e+00
7.125139925713964040e+00
2.461908361010970658e+00
1.707853662508913128e+00
6.631316255351941358e+00
1.324728213756443118e+00
1.529353348954406666e+00
3.005523087780132219e+00
3.690715732636547397e+00
1.578262195162259740e+00
1.380119349965110986e+00
8.255875556822289241e+00
1.060206671048147253e+00
3.512927064608044603e-01
9.212541630087786038e-01
3.076833271753448340e+00
3.181286575401782279e+00
4.777408502851582028e+00
1.650554748307760500e+00
1.715055148380900896e+00
3.584909692245981550e+00
2.731906470275360821e+00
1.398510070301844710e+00
1.657677098403040672e+00
2.504739123634516673e+00
3.852779127942740800e+00
1.755936023665579215e+00
3.062193560096715839e+00
1.196474237446593492e+01
4.363438276557443984e+00
3.677500010156540711e+00
3.063965225409804205e+00
8.471907800752848772e+00
2.173693917849838897e+00
2.958296722396823064e+00
2.295716530663057586e+00
1.268416348356051548e+00
6.019076161288421822e+00
1.595647082389573423e+00
4.950812548543277458e+00
1.771184732051459321e+00
8.465543716560569365e+00
8.199307909783188908e-01
4.974303498066693585e+00
3.288940245827294273e+00
5.137304995453248146e+00
2.115383738698958016e+00
6.343908778957700889e+00
2.404277941822322351e+00
4.580034883435818216e+00
3.144128806541115928e+00
1.791028484451070657e+00
5.707381566907715253e+00
3.985364644199378414e+00
2.081379950130239465e+00
2.417028587080156665e+00
4.996758852469962986e-01
1.620008821587973546e+00
5.637387470031871572e+00
6.964867965535094463e+00
3.685114346734881696e+00
1.255664072013415566e+00
4.716738210633212525e+00
3.027870147100194753e+00
2.219358771367536232e+00
3.347074223652022340e+00
2.459335144347932101e+00
1.665065779411109004e+00
1.858408435482080012e+00
1.146553757791054950e+00
3.021499579476138564e+00
1.803406187753891388e+00
3.971967957558543816e+00
2.263099045300911882e+00
5.333178352821962953e+00
2.167642405435389996e+00
6.706621463208747969e+00
3.245970721207604548e+00
3.437561026604235792e+00
3.006132692725807409e+00
5.670417417291508499e+00
6.298254415356577596e+00
2.069582157047367588e+00
3.563471077996793746e+00
1.802276672627197707e+00
5.445411899532242472e+00
1.095565547450411348e+00
6.907432830631229592e+00
2.033190937846605095e+00
3.993983081390382051e+00
7.131048114141815830e+00
1.827566189470693769e-01
1.288960453925659611e+00
1.646008430892430541e+00
9.276939773110582932e-01
5.813796570148981324e+00
4.013227108377231289e+00
2.541605052664824616e+00
1.440144521776802744e+00
7.790911504475340088e+00
2.269836445063897035e+00
1.019715279129498109e+00
3.428068935641361836e+00
1.104661450848774651e+00
1.574290302064138114e+00
2.513961427958657957e+00
4.928954825424936570e-01
4.212472732529105812e+00
5.246288757417778115e+00
4.341057012430270312e+00
6.734065957586815365e+00
1.552334014326996359e+00
7.198974930868160094e+00
6.388953617144244035e-01
2.330020261786481139e+00
2.602603087920019931e+00
2.422366088274785056e+00
5.663613404763368386e+00
4.485999520524714512e+00
2.668871127913367669e+00
3.684821016323197806e+00
6.888155103966658865e-01
1.388710493233600740e+00
1.665753060056064161e+00
4.707666667084310141e+00
3.929799976979248655e+00
2.841425551520694981e+00
5.088917326564406096e+00
4.376720375478241110e+00
5.188356848496999518e+00
1.809997642047684874e+00
2.517936093458672087e+00
1.819470394494663079e+00
5.957657047193642086e+00
1.454776957239522384e+00
7.748595351934350894e-01
6.709101293761541740e+00
1.929460833149026167e+00
2.990966590545134807e+00
4.755823698501603580e+00
5.611644978675683682e+00
6.614819683871350442e+00
1.306233911211015064e+00
3.597891250696515719e+00
6.449382959064561938e+00
5.544968713697032925e+00
2.571057897368693723e+00
4.462472867031011425e+00
5.000842052706896190e+00
4.251872855358790559e+00
2.496483290414142520e+00
1.085789352380838624e+00
2.332520200802193244e+00
2.507137181647607349e+00
3.890615834923902838e+00
5.305641372889524199e+00
1.479159477376424503e+00
5.930434479589693275e+00
3.905250593257349578e+00
1.602280771796791292e+00
6.765135420595619342e-01
7.425506186389672081e-01
2.745845526475994447e+00
5.508917908169623345e+00
2.698621294816504257e+00
2.669980928041861379e+00
3.007614202848788665e+00
1.823678166328375871e+00
3.967098147152017695e+00
3.082461655746781659e+00
3.254963963024318563e+00
5.274969234676966323e+00
3.328063788706164150e+00
1.121225296861583054e+01
2.474992300192026651e+00
5.356362075498523723e+00
2.917088696191791009e+00
4.002835371367636341e+00
5.516530182670165594e+00
4.575214846722958306e+00
2.292580106350420532e+00
4.403201827146919989e+00
2.949833735672257262e+00
3.516659081390079766e+00
2.528845289798560714e+00
2.610173254535362197e+00
7.245302444049436907e+00
7.218771068907399169e+00
6.785170805889574330e-01
3.468711247971906886e+00
3.296717564226643749e+00
4.058352865848012136e+00
8.633973170855650636e+00
1.241895393195670882e+00
2.347117775890699143e+00
5.169797169252569269e+00
5.944969336520191661e+00
2.475598208626056118e-01
4.797463116641636494e-01
1.197423247454584949e+00
1.890321518267102263e+00
1.353310819407430365e+00
2.336698647961375830e+00
3.017729334815466125e+00
1.085163072242623317e+00
1.706333527629317448e+00
6.235451773526574648e+00
1.825460875643094338e+00
4.132336978492625157e+00
3.987742033051627555e+00
3.163463314510566615e+00
1.408486062032835662e+00
3.487652112951206362e+00
2.661813427822169675e+00
7.172755596219992924e+00
2.036541677107867709e+00
5.107381666590550040e+00
3.378746648611441472e+00
4.840323365659831900e+00
1.826175882201132028e+00
6.263792777979079851e+00
3.390415353422300271e+00
1.324883846633513773e+00
2.957281777622915442e+00
1.559791740004219829e+00
3.062523811576514987e+00
1.287579585384631464e+00
8.760291029962181675e-01
5.076233895980368338e+00
1.190637732757998446e+00
2.642338995309493566e+00
3.736885512935729459e+00
5.837421932168816774e+00
4.916644297779945383e+00
1.611666196651467153e+00
8.908935090687155167e+00
4.555863653461914353e+00
3.395131166608340578e+00
4.674104002026135518e+00
7.478762303856523630e+00
1.458271736537243735e+00
9.234347458110945261e-01
5.584380335595702682e+00
2.171917196060677124e+00
9.983116683418281623e-01
2.004873690331883562e+00
4.120063951554882031e+00
1.123613476387037569e+00
1.578756708809367248e+00
3.311991685429387822e+00
3.738858497608588571e+00
5.937334350697018870e+00
1.648501681813947961e+00
5.457891123444770898e+00
3.776805560439207898e+00
5.515784580419508032e+00
2.324103460540174471e+00
2.318274438743276988e+00
9.211590310211363430e+00
6.306416693891068626e+00
3.852074542317576622e+00
7.979660088170827947e-01
9.401003169644511770e-01
7.225677823989482107e+00
2.087519464532623825e+00
3.647845247824546000e+00
1.218320012584740875e+00
2.127154939203149464e+00
6.246060871769326006e+00
1.343255795482864112e+00
1.387403228210721151e+00
5.833737924020939936e+00
9.586625842399416619e-01
7.193251806524568970e+00
4.665209919236800395e+00
5.661761174851279499e+00
1.982488333905413347e+00
2.091328711833291276e+00
4.262501009387876572e+00
1.806862861240712048e+00
3.198767800497781533e+00
1.216701733906965677e+00
6.031441184093570662e+00
4.490806325025745060e+00
1.656908736882860111e+00
2.705464858701573050e+00
6.513613993845223327e+00
5.023326769205865183e+00
5.098465814310264577e+00
2.901439889911209935e+00
6.047014678707331115e+00
9.961212822989106153e-01
1.341596531872567555e+00
1.753822335336085780e+00
2.031781732279670294e+00
6.239343870800844183e-01
3.228665537155154031e+00
4.812346092883063697e+00
5.214146919463503060e+00
3.604641698134524397e+00
5.984285848502116645e-01
3.253399700109651516e-01
2.906314368656519154e+00
1.392710759932100251e+00
1.827951747017500628e+00
5.950123970019947528e+00
4.494984524242795487e+00
2.824390906426615278e+00
8.321836681496968424e+00
4.773251099972354083e+00
1.035610989043410868e+00
6.200862944308705771e+00
2.627849114396622277e+00
1.875373088951382883e+00
3.137363614656068389e+00
1.018250894150701580e+00
8.455340630730043827e+00
8.748729356542840341e-01
5.141312522453995726e-01
4.609337801752002584e+00
5.256455521135333653e-01
2.872909088014928614e+00
1.355332935929962845e+00
1.926675946045999455e+00
2.533355631240316708e+00
5.716479600706472652e+00
2.145781969007127810e+00
1.896339147330295516e+00
6.135285864405926937e+00
5.596812752576621364e+00
5.828917319881575132e+00
2.013965104014512786e+00
3.613106997204478255e+00
4.404043603304055310e+00
8.484190780462716575e+00
4.936162809309880828e+00
3.490900589936648313e+00
1.150854181643074403e+00
2.535931462098118594e+00
3.162903947626246381e+00
6.079657222699207608e+00
2.268326620471903254e+00
1.316642214638954478e+00
1.616781409458256435e+00
4.044314010371290458e+00
1.307946226521697675e+00
4.580730789007829706e+00
5.057047871845359310e-01
4.646209986366923061e+00
1.698108565580885188e+00
6.821950089458921340e+00
3.633658748985276521e+00
6.145135894672808519e+00
5.719873663214006143e+00
2.976207656140345215e+00
3.706244558757478824e+00
7.353320047013316874e+00
1.034770313865990277e+00
3.703247889176537910e+00
2.626918704233437651e+00
4.742889886356456586e+00
1.777608761877114807e+00
2.079569804093663876e+00
9.710167930164230299e+00
1.932870126231818642e+00
1.794117168625928072e+00
7.084506161426537219e+00
1.249213430848422179e+00
4.286818419163731519e+00
1.452233117126229711e+00
2.351594506847946686e+00
2.280262695488737279e+00
4.082042688860513024e+00
6.036268003065672794e+00
1.522892625196428762e+00
2.208581798032321686e+00
3.365611465312906336e+00
1.063858757094832264e+01
8.778162442138283117e-01
2.449216809088654578e+00
3.572792030280939723e+00
5.736665777003817634e-01
5.492947732343769651e+00
6.066730931927800663e-01
5.272281213094262675e+00
1.873548599927908231e+00
2.630835245406021539e+00
1.627006143263366678e+00
3.918113711899042340e+00
1.101296359560515414e+00
1.874431446089105835e+00
1.885574907989421511e+00
1.122962271988216409e+00
3.225367081384794776e+00
3.076600299274576233e+00
5.748416039590831694e+00
3.423535713200401176e+00
5.604189145736921951e+00
2.770170632303676328e+00
1.090979148842577073e+00
2.375738078040492862e+00
1.787124295891044490e+00
6.537787165031922143e+00
1.895177270719386797e+00
5.709440869191130474e+00
3.318607809272276832e+00
6.472363953686330440e+00
1.785573986917303735e+00
2.302211414730654493e+00
1.792900361309091029e+00
3.167610332815138374e+00
7.123563647224342432e+00
8.732418857609159923e-01
2.733872485902401728e+00
5.280238797402995843e+00
2.073729804920035669e+00
1.201702085346751714e+00
3.703617970615769917e+00
2.114204010420896562e+00
8.360195926494306207e+00
2.249949830482071089e+00
2.495615192206271260e+00
4.726731432552099044e+00
7.466217776160893882e-01
2.803291371551751343e+00
2.178859518847188870e+00
2.110833881065777629e+00
1.415783478701254428e+00
2.402707450232552944e+00
8.137598833156895139e+00
2.631324982386757494e+00
1.440867587802815875e+00
2.946740401463306736e+00
9.705305206653086492e-01
3.755294243551102973e+00
6.012737118746459331e+00
1.159983737781889790e+00
2.831466109903326700e+00
5.227432139814044199e+00
1.970406001606838542e+00
2.291230925743214186e+00
3.117047680029441992e+00
2.378885973472709914e+00
6.270520047328822066e+00
3.130789071611640662e+00
8.450990524034054374e+00
2.710091408747090203e+00
2.543866725611714674e+00
5.271034597112794096e+00
4.182449122864779767e+00
1.134445435391414492e+01
4.504504051485748839e+00
9.077732244388810878e-01
2.045024734818773560e+00
6.450000694353955843e+00
2.745704741763491885e+00
9.517778428733513207e-01
1.571312829266825251e+00
4.888613431056060499e+00
1.517423027047682060e+00
4.989261720128192579e+00
3.971255017838280832e+00
3.363630975717334604e+00
3.992373505514391407e+00
6.854208437535551646e+00
2.322742554897923029e+00
4.305019253039663596e+00
1.374706391637362968e+00
2.954996665315511972e+00
1.739330759479777333e+00
8.057233773933907273e-01
5.187094675430484081e+00
2.672450122511279336e+00
4.926165712855540946e+00
1.472508179302193687e+00
1.168303116764579652e+00
9.992921343121085043e-01
6.343794765462711815e+00
1.044556554266064641e+00
1.512419760487064835e+00
1.415905089318140186e+00
5.410516610340783572e+00
5.828854637054628363e+00
2.268510170045890284e+00
2.367995992870546296e+00
4.152376897277052947e+00
8.662980710730671774e+00
1.359336089999144903e+00
1.462624922865690236e+00
3.190916971814993452e+00
3.564123165662345549e+00
1.404031823498955056e+00
2.289135068085775160e+00
8.704434849112696604e-01
4.695622920546090207e+00
7.452529141809188573e+00
5.844511311549419830e+00
8.376616552593326714e-01
2.209162748154425149e+00
4.547594165839850433e+00
1.150701974435920594e+00
4.815639678655143641e+00
2.415393115629314025e+00
5.569764270340343160e+00
1.880325859472613326e+00
3.732778220805484715e+00
4.682511529557865870e+00
5.136675869566663444e+00
3.424194141855950502e+00
1.062088824184534985e+00
2.189524719893197968e+00
5.586028220184750204e+00
5.486032021485079291e+00
2.704781525574165180e+00
6.831844702313611961e+00
3.136678894619858493e+00
6.045276255907865881e+00
8.532347137420601690e-01
4.801992536893152641e-01
3.110256402980662305e+00
6.883011576913825813e+00
1.879874109335416987e+00
6.508302581343101245e+00
5.271238493101037648e+00
2.166413110690495802e+00
3.401531669704809691e+00
6.841705497846831463e+00
1.275452167289258698e+00
5.792187049473274563e+00
3.035459668271424327e+00
6.095862189132489561e+00
3.664849701910121826e+00
1.291779500715185769e+00
7.015240961335222458e+00
8.201208437947217433e+00
1.365455360735382540e+00
1.396367530340810958e+00
5.858025307014389504e+00
1.227483388033443923e+00
8.127848971611177920e-01
1.455918074382611449e+00
3.023610354041067705e+00
4.993790345314833345e+00
2.309717686870729203e+00
2.977354939512397713e+00
2.345655534352356852e+00
1.670574945273963552e+00
1.386823995951090183e+00
1.085889402388739988e+00
1.431618346005045783e+00
1.855685837293991503e+00
1.875334897754255881e+00
9.354189599133830857e-01
5.739802678634575273e+00
2.916766481695472812e+00
3.749497067456562416e+00
6.859089691211778472e+00
2.562844635033273200e+00
4.859988507262901436e+00
2.275216862917647020e+00
7.036270228875583399e+00
3.457741987349083779e+00
9.665072562191342476e-01
1.116236048423020044e+00
1.239527584271934435e+00
2.666692557781838779e+00
5.664911364354408008e+00
1.214130853020477518e+00
5.588716379774333554e+00
5.220774681237490888e+00
2.095457407696676544e+00
6.143442387882112499e+00
1.072426295176164945e+00
4.385666282563668084e+00
5.994165630943762757e+00
2.675091950712698008e+00
1.495548021246367876e+00
6.735617169372384083e+00
6.330917172109031377e+00
2.921800205878025469e+00
3.187105808019925934e+00
4.595912440095589524e+00
7.114511683439930234e-01
2.006073353377542112e+00
6.629532586997695098e+00
3.861352279169416146e+00
2.686321910982294447e+00
8.102270557876377344e-02
5.120971429064044678e+00
3.363622779805328200e+00
5.330456743782464812e+00
1.350830161402376550e+00
1.778839870624013608e+00
3.996691757519608590e+00
2.022338389595972785e+00
9.781729378703709621e-01
1.008862985151457448e+00
5.497168007002006362e+00
3.510164465380996468e+00
3.504245602781654867e+00
3.861244765693947034e+00
1.123567107272160248e+00
7.202656435183313555e+00
6.618159442107014456e-01
2.785525887829143343e+00
6.133883770636972876e+00
4.216575890669758131e+00
2.714154297335482191e+00
1.222747072175748517e+00
2.279745036943464864e+00
1.234628658931269385e+00
1.863388793528578002e+00
2.907277820101245691e+00
2.644120777181948156e+00
2.033687646412339234e+00
1.017898513302935903e+00
1.862336457879507856e+00
5.133217316377550743e-01
1.701805262119706619e+00
2.718000784354215771e+00
1.438744472368223448e+00
1.238179109173408232e+00
9.535891162942465860e-01
6.933875927317964205e+00
2.929538906290631406e+00
4.522974137162942831e+00
1.030789386854832834e+01
3.113390873390010860e+00
3.732424093266334619e+00
5.405549746456216331e-01
5.736836577611122756e+00
1.027652303259621869e+00
3.960253866180724058e-01
2.799647349925521223e+00
5.605349912008150248e+00
6.320877811706695049e+00
3.353010351488947549e+00
3.577403503216661562e+00
2.156115896431103796e+00
4.324795125944590701e+00
4.658413079604656559e+00
2.156104802022890787e+00
2.689074560060146890e+00
5.171995985943729224e+00
5.251023788969878758e+00
2.049835393265989847e+00
2.035005093277311161e+00
3.008799443360719583e-01
2.366945303292282698e+00
5.073758817418826617e+00
1.923292242848062772e+00
7.024895706620226221e+00
2.630796142979702879e+00
2.004388543521563815e+00
3.925387559203899368e+00
3.139686954924005402e+00
5.566292909420528012e+00
3.192014859370697621e+00
1.842454976523437926e+00
5.547189932662797140e+00
3.079664758829697924e+00
1.511163795094945250e+00
4.871166879550945517e+00
4.859715756485659455e+00
6.904220054957587172e-01
3.335076600867427743e+00
1.267749607125764122e+00
5.504387079259497995e+00
3.061915390615699728e+00
5.878902797511067924e+00
5.301568658496214059e-01
1.622166476875231966e+00
6.506689027847648354e+00
1.109505301444723813e+00
2.115929090220901365e+00
5.281891530346314312e+00
1.915502437325951879e-01
4.660923137368757629e+00
2.837242553128431322e+00
3.908484836613234314e+00
8.752639362436347881e+00
1.164252354855634053e+00
4.991756815813811698e+00
5.080402457105160252e+00
6.943513996334360172e+00
4.057199156062220702e+00
2.811486227765641388e+00
2.720759815030284745e+00
1.984827152931426753e+00
3.035794362206984953e+00
4.435404591362575921e+00
7.243988432887916495e+00
7.559632221802391472e-01
1.342689149289263195e+00
1.371411060246378044e+00
8.778279318707346235e+00
7.786046667659462628e+00
2.688229577222068123e+00
1.628452977597641738e+00
8.600461488365439555e-01
1.414197269466713536e+00
1.689508268680943059e+00
6.529168894164770975e+00
2.472951129606040688e+00
3.082448367340542728e+00
2.048984377597162343e+00
2.568380764507569580e+00
2.455792923743215450e+00
5.803363385879181102e-01
3.554645596317892231e+00
4.791517905664287369e+00
6.142919967128992020e+00
5.689846954486920794e+00
1.718795393320031062e+00
6.457156693620171417e+00
7.846692796144164816e+00
1.359996003374009055e+00
5.821149731015641260e-01
3.996340074532504172e+00
1.545157526009811599e+00
5.601536869970745514e+00
5.814717798018727457e+00
1.531633290035623540e+00
4.411701356947149932e+00
1.259247186020651332e+00
6.026047885785194680e+00
1.019508478134782736e+00
1.376303165697282394e+00
5.585517916407003458e-01
5.465071773535457034e+00
2.429071774376973636e+00
1.021265624267567951e+00
1.731761619384189155e+00
2.591351127773851459e+00
5.233829630688662249e-01
3.094887776117420941e+00
2.299962737715438355e+00
4.807295085387326417e+00
1.695450224263260086e+00
1.393628242270056772e+00
2.821745588562643015e+00
1.309707611892327206e+00
5.002701772497121224e-01
2.456741479048516474e+00
3.272785124645938737e+00
2.584049855859312128e+00
6.536534344360527271e+00
1.430204380112380935e+00
3.981731551608443720e+00
4.358357478425008757e+00
1.245308606669615070e+00
1.605348720146219765e+00
4.063192886422723582e+00
4.756779035347100226e+00
2.368789400479093032e+00
3.657656829639963192e+00
1.473048937725878416e+00
3.572770952725111471e+00
2.710268903473637803e+00
1.501146835660804646e+00
5.022205573401807399e+00
4.414556792707268862e+00
1.647953142975091545e+00
3.605417250384055805e+00
3.573210185188979704e+00
4.274610121769284454e+00
2.344658917250188601e+00
1.038380903103498953e+00
2.840355717458176166e+00
2.297705021415185733e+00
4.661477829945204654e+00
2.894206790185698264e+00
6.982033134472063196e+00
4.016393734983195962e+00
6.635770786672922306e+00
2.549625746477597765e+00
2.326287926896411395e+00
6.399495890710778845e+00
1.437646260878959081e+00
6.917029293112628707e+00
1.340369820000789636e+00
8.792064692157729455e-01
1.964226206747303749e+00
2.226913752055684981e+00
2.441873930227850931e+00
1.598565400553826565e+00
4.993740463842000210e+00
4.003158108038495477e+00
1.727600696935151392e+00
2.091380935416010001e+00
2.715639322987830617e+00
3.433199307147553725e+00
1.193917379595683448e+00
1.472744760878720971e+00
4.253959529031364539e+00
2.644740569384639084e+00
3.963083813163125413e+00
6.412856720228153229e+00
1.876311367893298332e+00
6.675332144766377596e+00
9.891884233517629355e-01
4.847562567493278962e+00
2.997152374586329771e+00
5.537691691826379881e+00
1.630347283640183109e+00
4.776445686588277617e+00
6.616674089797995428e+00
4.538298084714592839e+00
2.848429171639950130e+00
1.948792586954284589e+00
2.557612769870013292e+00
5.743260645219481653e+00
5.598666646356881493e+00
2.283742461714981520e+00
2.674001971069920103e+00
3.386739032755121226e+00
6.871896344974540938e+00
1.411437594443892829e+00
1.359635548351116219e+00
5.901500921787866893e+00
3.349195953874223974e+00
5.973440094932921163e+00
6.907295251894910670e+00
3.840575633152257584e+00
8.304117599915228354e-01
1.284840760068984178e+00
5.409367284434376977e+00
5.484376538326589667e+00
1.612854185762373493e+00
4.337254563879885616e+00
4.956792231610649857e+00
1.099431642315623403e+00
4.292373583995344188e-01
1.004447384553127876e+00
3.848139676415508248e+00
1.967473280513397871e+00
3.706443341588645968e+00
3.306203944894463564e+00
2.346952770206722771e+00
6.014971564151333716e+00
2.401435966962290447e+00
2.158514522018363468e+00
1.271092875220476204e+00
4.826524066895824028e+00
2.302939911671678441e+00
6.371983840915753206e+00
2.441961444702279493e+00
1.557788383772640506e+00
3.584339307514290862e+00
3.695405369843595356e+00
2.911393977238137865e+00
3.742999272132677024e+00
5.633587687394434163e+00
1.194504688440417794e+00
2.569337162609986347e+00
8.208837693377507350e+00
2.789574358442416191e+00
1.958985909445513762e+00
2.013700128023422575e+00
3.336944348462929533e+00
2.827145863421475447e+00
2.544787738231953256e+00
2.960180147052935862e+00
2.398638414711329769e+00
4.281453764770357218e+00
1.501662361314356042e+00
1.864646536698148616e+00
5.109194880379412496e+00
3.336773118727159204e+00
2.793651756434130107e+00
1.034263259493152809e+01
2.593200775746532294e+00
6.507178338034944609e+00
2.387250703913059713e+00
6.978119682912660160e+00
2.627360395499739321e-01
1.065661217820728623e+01
1.079792133624347006e+00
8.227163139768254752e+00
2.919147978268700871e+00
8.328982189449529727e+00
6.511563767447418050e-01
3.585582566698968243e+00
9.944676036930494289e-01
6.415366033945962165e+00
9.239359459059676150e-01
1.770315652146470242e+00
1.856932347290953134e+00
1.364393700645053720e+00
1.091159619754367593e+00
2.420095253409619840e+00
6.630993305277601557e+00
2.544442012520847562e+00
4.980946432835784421e+00
1.848611334089325764e+00
2.244180513605927629e+00
9.400052297367420540e-01
5.839628982121296552e+00
2.377582943481144184e+00
3.055572843754202683e+00
1.321548095462832473e+00
3.493594978304286780e+00
1.039925723329732321e+00
2.882030952831924786e+00
6.370026902765877352e+00
7.054751676900266943e+00
6.779129806726207796e+00
6.611064689418923557e+00
3.481658950060914748e+00
1.731543092247561422e+00
5.477906854840549400e+00
8.770672414815123830e-01
7.937136582525016415e+00
5.267203515809477210e+00
2.996783934389828374e+00
7.738753202821777144e+00
3.654666580847501400e+00
6.284478153839420100e-01
4.026580374611007151e+00
4.182898506336077737e+00
7.807111473682151193e-01
2.686071939693664312e+00
4.505089347211457707e+00
5.777105262580382039e+00
1.320336108724551538e+00
9.176182361873348459e-01
1.547106891673118101e+00
2.641225760597175398e+00
1.825783552652544550e+00
4.642675830570072826e+00
4.045135161403814017e+00
2.949590943770345586e+00
7.290649184730295218e+00
6.977259876640406588e+00
2.406342572616206876e+00
1.825827610050979821e+00
3.985953306568128962e+00
3.488275593589102108e+00
4.346637429153705767e+00
1.198447759010203839e+00
2.589636386658450640e+00
7.240041314579471532e+00
5.626041475628944966e+00
6.021638110874737215e+00
5.509695451413151979e+00
1.458874341163733712e+00
5.655018563977530555e+00
1.172846310958007399e+00
1.660387547824979659e+00
2.768781530105035582e+00
2.564960752365704533e+00
5.743165318559864119e+00
2.930678115665410477e+00
6.305532295779151530e-01
5.490345256224207660e+00
2.739734006881076045e+00
1.433280448414246289e+00
1.005718338336943019e+00
8.036033153290830455e+00
2.302688316001504365e+00
2.945167180152799435e+00
4.908650657991481481e+00
6.323477931716645628e+00
1.297949596268213712e+00
2.007701792762727866e+00
2.302989032480318610e+00
2.828238694441716827e+00
3.342515973111187311e+00
1.575647713823645990e+00
3.493122168640815595e+00
6.721814798294043491e-01
7.088630250088137963e+00
6.215826722391744497e+00
1.320297004166236521e+00
9.109230885475779749e-01
4.825711046922770642e+00
2.745406043445877131e+00
5.350161573357528511e+00
5.422285119389387287e-01
4.583820999531786455e+00
3.492187080629303164e+00
4.659850665414841941e+00
5.025959701144779856e+00
6.082969569602354909e+00
1.400606121726686526e+00
6.693104905810584704e+00
3.490361346803418030e+00
2.387151892948848886e+00
2.148300288127931168e+00
1.297530754110920803e+01
2.866762122212026753e+00
2.684072412634585181e+00
2.646637053292218322e+00
7.988211545178129036e+00
6.249776903971234532e+00
1.277524504593977150e+00
7.966588869070116985e+00
2.579595560428354695e+00
2.436777967917012511e+00
1.350514265299842309e+00
1.284481204696861001e+00
1.975565501790396139e+00
1.350527082576029603e+00
2.075165726109166275e+00
2.767351658365468481e+00
2.224534679609315724e+00
5.146616356303052697e+00
1.542838293981060982e+00
1.501180520998330437e+00
2.927317605003792345e+00
5.933329508387094720e+00
2.701007744938941357e+00
5.946181887987102677e+00
2.864282279325713887e+00
3.923821751417273074e+00
3.232626310638953893e+00
1.038852621024884648e+01
2.797450902226034319e+00
4.418301006303899214e+00
4.843781827815203833e+00
5.867144030456102222e+00
4.301661164624377420e+00
6.983768305205352078e+00
5.859534073847784796e+00
6.040275282923198041e+00
7.502283876504093563e+00
2.031732838678246278e+00
3.579950839248333239e+00
9.889592660468387031e-01
3.587710070218419478e+00
1.382068801239145994e+00
3.065989302270480721e+00
1.684688929107408750e+00
6.638892612488942468e+00
1.099564013172106947e+00
2.822689457647294287e+00
5.327250238798342252e+00
2.474004442577035778e+00
2.721831022086314888e+00
5.772676965855715103e+00
3.066964642616343273e+00
4.290702459458412221e+00
1.416708313280781839e+00
6.677849879449127002e+00
4.497290459821397413e+00
8.017905944096520798e+00
5.884650184481366786e+00
6.191127437186870530e+00
3.384333072220957472e+00
4.082532316785537851e+00
4.214693807444296780e+00
3.013897165207209294e+00
3.016405016230241376e+00
6.115506916429629847e+00
2.907044194528525693e+00
2.104557523851527723e+00
2.910254939336012203e+00
5.725869747122736442e+00
4.530572372354937372e+00
6.461749819286231045e-01
3.692393030388444242e+00
5.088724457204816254e+00
5.269240520661369054e+00
1.057225208674861694e+00
4.681679042004663671e+00
1.150662543750666122e+00
2.472890982883999555e+00
5.534635472915756971e+00
2.955707661784994666e+00
2.448575144330412012e+00
2.551814006112730127e+00
3.934203406310317508e+00
1.008196343437194997e+00
4.300936136634823548e+00
7.562798428515582927e+00
1.738753062492487622e+00
1.956943255161124107e+00
5.901106271831102035e+00
5.079167294459337789e+00
3.878714320284669448e+00
2.044904273008389062e+00
1.992749448704655313e+00
3.878212558970228319e+00
6.418380790660066282e+00
2.901465638154905324e+00
7.927150463669343061e+00
3.018291596370966445e+00
2.322173108309938616e+00
6.164315657840342411e+00
3.337892459347965080e+00
2.521097051248165410e+00
3.725082265837444395e-01
2.627372879127842342e+00
3.673493408473496036e-01
7.594834637204615824e+00
5.564786086362433437e+00
6.030785674531717433e+00
4.367240451250574473e+00
2.053729909403601894e+00
2.877736625442592455e+00
1.984580090543669462e+00
6.788694620698137783e+00
1.235715165635079993e+00
5.672362633521851549e+00
2.622152434323610226e+00
6.523897612927962442e+00
1.453943669315581388e+00
4.426589539938997619e-01
4.676250232479462809e+00
3.198843955695567676e+00
1.835264711870826071e+00
6.248624839871619763e+00
5.109471711122474780e+00
7.763080940858479551e+00
6.123323053479481914e-02
6.301108386522886740e-01
3.135332385384271170e+00
2.372089089439235465e+00
1.664780487235357098e+00
6.332316186551274484e+00
1.318661135143347707e+00
6.058048960508805258e+00
1.377711285753216552e+00
5.605868015317832409e+00
1.036868798771390487e+00
1.094218624227916603e+00
9.205252702875556636e+00
5.905107336056922840e+00
3.872327442009351750e-01
3.685737071202799697e+00
5.288452908830904242e+00
1.005652445692539754e+00
2.111214448413993416e+00
8.542594066983486556e-01
1.937822795364904094e+00
2.348733069108699834e+00
7.402722873284026228e+00
6.445750186744529486e+00
4.678498715564977650e-01
2.679366715628964890e+00
7.548189609701458913e+00
4.517874084060245821e+00
1.680677827882641084e+00
1.004594844654419727e+00
4.427172900733605587e+00
6.901725578512915682e+00
4.244517794132241839e+00
4.314509152225153521e+00
5.578846654288907025e+00
1.628796220908535375e+00
1.091376800048148521e+00
2.437189010393347122e+00
5.121831794087821521e+00
2.176985868379315736e+00
2.888926375157141013e+00
2.307680721762168208e+00
3.013260415428580696e+00
6.178216370638776489e+00
4.446501012221770188e-01
6.423497722369437390e+00
1.360270482659338587e+00
1.201580817177579474e+00
9.108977339139848084e+00
3.352997742118654756e+00
2.155870794415130298e+00
5.657131491438130766e+00
2.944180701055386873e+00
7.046867128619624943e+00
8.696398120391497955e+00
1.770161487604617889e+00
7.009771395981230668e+00
8.731770304642293423e-01
3.671083234511855586e+00
2.698907476977134845e+00
3.955739278769481171e+00
1.765639285706376738e+00
6.147501438900564885e+00
3.231295934054022378e+00
8.027568274376916335e+00
4.073059539659944939e+00
2.219763496253555068e+00
1.906102025542331324e+00
2.934185802308874269e+00
2.476016737539526336e+00
3.213386018190252713e+00
1.428300308149807574e+00
7.958549519018526253e-01
6.818449114855479998e+00
2.495563952520841955e+00
2.124156755618633152e+00
1.498760641577104424e+00
5.990813605231681827e+00
4.205234588213763836e+00
2.178801033758773986e+00
3.025073805773793811e+00
2.742843757441507435e+00
5.762523169400640688e-01
2.484025070455507134e+00
3.951611247859026399e+00
2.391775519153058749e+00
6.927532055792512189e+00
2.406713399257472297e+00
7.891952130472724924e+00
2.235555773295846649e+00
1.100157270233458107e+00
3.202562190915970719e-01
3.536314023744313140e+00
4.665536822138570017e+00
2.983462997208035095e+00
9.468317387618400138e-01
9.951421188018620967e-01
3.167627933630571491e+00
9.747360893338496979e+00
1.219587320129989383e+00
1.253694567535989401e+00
1.483065235502174284e+00
5.637179380059813560e+00
5.242499331062912660e+00
1.649203617619414475e+00
1.662830412504730404e+00
3.667660210349997119e+00
5.713059211845358476e+00
9.027131497680171979e-01
2.643773197779710760e+00
1.046993840264761744e+01
5.607573125680046289e+00
8.256493643700640872e-01
4.504125924585680174e+00
8.414013390160095085e+00
2.781779615711321707e+00
8.139974755211206059e+00
5.570563092502424318e+00
6.440186353791772511e-01
3.391529370872133686e+00
3.436527211321177777e+00
5.235790285098748775e+00
8.320761777534237069e+00
5.000325340791497375e+00
7.259095173567973180e-01
1.683706238671778266e+00
9.521905706759323795e-01
5.394591868221501940e+00
3.542842462839446593e+00
1.942341734315212953e+00
1.792407216901759748e+00
2.587331995303146392e+00
8.093069018292165850e+00
6.809836741876854838e+00
1.655160119546445596e+00
7.814190675776289119e+00
5.223831014296241193e+00
8.580663693270635939e-01
2.608968450961654639e+00
3.255155171760239163e+00
6.204257749691503010e-01
4.210733042176059371e+00
1.647891165300367833e+00
2.654926619467603555e+00
2.806079310502127999e+00
3.002550686222365872e+00
9.482587728666331817e-01
1.970169646570159916e+00
4.555646163826565953e+00
3.334660093795557501e+00
3.975162037869924836e-01
7.528208181151719636e+00
2.497889389573618502e+00
2.529235352227614975e+00
7.889003072539155781e+00
2.306587440008054934e-01
1.592725164535956139e+00
3.214549258171554236e+00
1.754828203684736909e+00
2.796063890281870190e+00
3.951639862381230106e+00
5.057586831940261263e+00
4.520251787580672698e+00
4.545618797611813200e+00
7.544617480738806670e+00
3.049817177320392592e+00
8.151782525260126144e-01
1.349778026294879307e+00
3.752936066207897881e+00
1.500354301040713656e+00
5.089951785174664067e+00
3.702467078006144163e-01
6.594469818648938997e+00
1.548791984873673977e+00
6.113407269766662822e+00
2.322730940942965283e+00
2.774713859685879136e+00
6.064772689131777916e+00
5.081346724305830342e+00
2.803522777799637655e+00
3.712494664303317649e+00
3.185159417321801190e-01
1.747005495769547334e+00
2.656485701846291736e+00
2.668794824268281740e+00
7.741777768201099974e+00
1.244303052726369652e+00
2.720196990073033838e+00
1.213975926420975737e+00
6.096400681701230617e+00
2.050116770656743803e+00
2.352741113192947431e+00
4.791554485898525506e+00
1.837378826118538866e+00
8.043897028886842548e+00
1.141161995422545816e+00
1.615329726643612185e+00
1.529103804076085149e+00
2.691449131654875426e+00
4.535970296420764214e+00
2.396612071127356192e+00
6.124547149833167170e-01
1.034923515805004968e+00
1.141386698819047751e+00
2.386580464155807046e+00
2.525762167500982702e+00
5.652456350138612251e+00
5.729811048930697481e+00
4.285840553122315377e+00
2.794459796903849824e+00
1.988800877997776384e+00
2.688070719996248581e+00
4.563528372108119235e+00
7.142878257399779329e+00
6.189798695747290580e+00
2.224589011326644883e+00
5.435225900179175618e+00
2.069183467571466206e+00
1.015111293685098781e+00
1.510815730042002425e+00
2.838834671424802281e+00
4.776299081457681339e+00
4.478336112196998009e+00
4.052697239468604273e+00
5.362083808749819269e+00
3.927560744264771753e+00
1.090873731986375272e+00
5.833224223443663092e+00
3.090691224579869001e+00
2.735035031456744203e+00
2.056001301458595609e+00
5.350651696985341488e+00
5.298350067503936778e+00
5.023286301296162826e+00
1.467111384499067306e+00
1.716469438079240906e+00
3.775485645267222967e+00
2.355761317045424352e+00
4.438671119839786017e-01
8.511764004371320524e-01
2.112321363826676901e+00
1.764467549487884090e+00
1.133883282596066966e+00
1.081670828976893972e+01
9.031688775550816839e-01
3.222378132144447793e+00
2.444893128000225957e+00
6.446693889994982385e+00
4.470625903658238975e+00
1.141655403616521625e+00
6.086484733751698961e+00
2.289417249802089493e+00
7.328517809230594704e-01
3.166224900963079403e+00
2.262253376789210346e+00
2.058954228241220985e+00
4.752085879626819498e+00
2.008111466434644221e+00
2.876447891417968528e+00
5.627636577907765947e+00
3.285348362985946569e+00
5.484031333760700733e+00
5.256478854442298676e+00
3.818217763674222720e+00
4.154814659606815397e+00
7.714246324379034903e+00
8.716675423649251186e+00
6.245741313906061798e+00
9.092182370793143065e+00
2.338318980760165644e+00
1.491098852330948077e+00
1.919125185448284698e+00
9.732951783413493763e-01
2.544364215558255538e+00
1.008397195714132666e+00
3.911960961554991734e+00
1.509668347229853769e+00
9.166706928961975365e+00
4.965681559466016637e+00
2.261419879724224646e+00
5.191797056397653876e+00
2.508478819286942940e+00
1.381702292971427104e+00
1.392502513817255316e+00
2.347996131778528728e+00
3.002569575811266045e+00
6.429554966319614984e+00
2.191748513372080875e+00
5.603464064204239037e+00
1.157923377171810486e+00
5.274720740261027885e+00
2.373519875526707068e+00
1.994501898173406174e+00
3.095215812437093650e+00
5.362775171129811724e+00
2.847291815115135183e+00
2.540877318622413394e+00
5.461225173913937248e+00
5.340372233271746261e+00
3.551492967399485501e+00
3.118219431086798110e+00
1.368925718492602916e+00
3.118237402703105232e+00
1.026889593401181688e+00
6.403583638244727538e+00
2.303646189676917366e+00
2.839751344728814519e+00
2.363158093090877543e+00
4.838350202672367928e+00
2.639348961596222676e+00
5.724560414982748924e+00
3.434365707701433568e+00
9.211664568348780779e-01
1.871356977585839854e+00
6.463605270904660749e+00
8.814136198451993920e-01
7.375803054733394148e+00
5.879985514816365111e+00
5.467463872503057765e+00
5.796388679048263270e+00
4.105810117555251715e+00
1.059115483566804405e+00
3.112834885775217053e+00
3.287191238933682591e+00
1.505760615960973325e+00
6.648604410443557988e+00
5.225342176904047342e+00
4.405324757127578650e+00
2.905219387722316249e+00
9.276397413073192766e+00
1.498358542966251594e+00
3.237404278490654708e+00
1.770554575931470254e+00
5.716506308913527068e-01
4.341355841764573120e-01
7.495819485256848047e+00
3.128042898458282650e+00
5.365140532605543910e+00
5.459770677915727788e+00
7.982838985855574832e-01
5.590026846572682118e+00
2.819063736323738745e+00
2.499685008660975427e+00
6.197514814065024247e+00
6.194846056412223412e+00
5.267061553339621227e+00
2.830501255963592033e+00
2.301600962006731255e+00
1.263359288636687561e+00
7.866184520050137685e+00
1.766199595728546179e-01
5.516217229415000034e+00
2.082298888080882371e+00
1.114240272777385465e+00
7.334327775508970859e-01
1.244906170260713152e+00
1.045001065014013797e+00
3.941564648604455101e+00
5.382997610815154488e+00
8.619782093562032843e-01
2.451660877255281701e+00
1.146668515052182480e+00
1.741463791952623463e+00
3.747623155095957781e+00
5.478209372820348477e+00
1.164035743339846274e+00
1.312818326830500260e+00
4.280753221529710051e-01
1.937957981866937907e+00
6.065604328235360221e+00
2.521604006881415394e+00
5.242593314891456302e+00
1.805824613524903643e+00
1.153496995533053848e+00
1.740311755075217182e+00
3.192598770428665689e-01
6.758367756892427636e+00
5.538100391486040941e+00
1.828393460459321052e+00
7.654926311042037135e+00
7.458497224192553787e+00
2.544492857654033990e+00
1.421135079322106476e+00
7.365347541813819454e+00
4.504418090666312935e+00
1.292130837314835690e+00
6.231889364401760112e+00
2.824568257763717227e+00
2.219812669678058903e+00
1.557876616407185555e+00
1.951065234077985489e+00
1.811161610662676891e+00
2.450070951442323341e+00
8.704473803934213549e+00
1.181627009625622726e+00
7.148719340625039997e+00
1.283420676409324335e+00
2.891593595861191801e+00
2.839406428778564750e-01
1.103628411215917593e+00
4.237908076284768732e-01
9.868659534493006147e-01
5.554026999827808453e+00
2.065442646282315664e+00
1.674412077350603933e+00
2.687552329448548161e+00
1.771544328144456726e+00
4.733836318634273788e+00
4.031937157585113951e+00
1.434816099754185448e+00
1.730056902721135215e+00
2.470258566932467481e+00
6.154918769338465268e+00
2.565681314828520687e+00
7.593735245375001774e-01
4.726751123701821156e-01
2.659865648401045668e+00
1.092082640714791353e+01
2.953436610399561069e+00
4.143617326787288668e+00
5.994960529702886731e+00
1.757439878527131460e+00
4.078574036952882786e-01
2.121219842256868660e+00
1.062474007192170999e+00
1.888898957796504963e+00
2.138817795857474113e+00
8.629111304599504928e-01
1.977942536133986184e+00
4.969435663084840193e+00
4.176395712253067494e+00
1.676963622699340073e+00
7.355614444815902209e-01
2.414670154162908755e+00
3.113428789037205213e+00
6.608326392842656105e-01
1.896960777692483058e+00
3.797546785482297071e+00
2.441412987011796432e+00
3.598805647448333644e+00
5.227437083230145554e+00
2.094136362699872578e+00
3.354199348000751701e+00
8.475100982232133262e+00
4.178849133689098494e+00
6.398755824165142769e+00
4.865785396031776067e+00
7.084512666914593915e+00
3.842318063693540786e+00
1.223755866335155851e+01
3.329857125748272306e-01
8.607056009672556129e+00
8.806492758355608075e+00
1.228205006661348575e+00
6.688963762939170721e+00
1.375850150884743606e+00
7.765679511673347690e+00
2.667541191965043801e+00
3.619331360902508177e+00
2.247919430103753058e+00
7.000789430611617625e+00
3.554341900625189510e+00
6.908041069151275693e+00
1.518844938293039348e+00
2.743968769891008019e+00
4.390638738957196807e+00
1.777569411234839247e+00
4.740714676477903566e+00
8.899941937770234901e-01
2.260949490771941295e-01
2.415339683434691576e-01
4.223515382707608623e+00
4.137682442876065458e+00
3.704168323462893597e-01
2.557691263982247332e+00
3.453599811122803676e+00
1.958657330371232241e+00
4.254948237613207951e+00
3.451973075166701932e+00
1.270388642058925432e+00
3.170458759691133999e+00
5.686510318329976776e+00
5.380237672681385419e+00
1.080884319987789111e+00
7.769818056521083705e+00
2.375232500850059214e+00
1.994539063949574587e+00
4.513107094148213427e+00
4.601615139709060109e+00
5.440742878036350483e+00
3.073576501751452028e+00
5.666870233238348042e+00
3.290892375013469096e+00
1.495793466046727138e+00
1.407119495840973622e+00
6.878102782919438551e-01
3.701214954779459276e+00
1.900883315098338411e+00
1.512176972002605480e+00
2.474733574731466490e+00
1.882745807322230291e+00
1.985896827811570731e+00
1.828436263695202069e+00
7.158900358783655271e+00
2.837150156550650060e+00
2.486968228001626979e+00
4.607367342016475575e+00
1.656666383439671097e+00
3.484548355633766192e+00
3.624267494292691794e+00
3.480679232486557417e+00
7.225339470611937820e-01
2.779995548707069108e+00
1.106074464442637240e+00
6.141167361742776443e+00
3.049417889812139570e+00
7.258638622170771271e+00
1.383558123840730936e+01
3.318254424326118279e+00
5.336031941652819910e+00
4.208275758126027277e+00
2.676284565594339693e+00
1.706818936766152150e+00
1.202087052455782734e+00
9.470671005632385064e-01
2.450926586725061807e+00
3.371889290156467212e+00
9.694686277370850647e+00
4.256336146725709035e+00
4.859637009863767787e+00
5.491573884654145310e+00
3.828607925522569122e+00
3.157201581342966357e+00
7.730497814989989447e-01
6.869801592772544208e-01
1.678273816679889840e+00
2.791169671260366858e+00
2.463834482837525375e+00
7.546558405806936598e+00
2.404960016956075641e+00
2.192986817896604101e+00
5.398126491533036919e+00
2.777876204939067950e+00
4.464269473753020634e+00
3.136946376648712231e+00
3.655047887510979532e+00
3.545818637530947726e+00
1.004716986456272609e+00
1.836999270565136788e+00
4.546721979430137672e+00
1.047815314029157729e+00
1.298802462100161037e+00
2.056284996778638074e+00
1.200766175230925326e+00
5.896708801953803203e+00
1.381725134951960587e+00
1.128523500286938042e+00
3.571997369662531341e+00
4.432637847770918960e+00
4.955983795868615260e+00
1.859048101153070842e+00
9.570336946161736025e-01
8.506625492477855488e+00
1.709617090828460473e+00
2.244117998259789637e+00
1.452417187001887822e+00
1.101642975779398403e+00
5.117864537495667498e+00
4.692600334233505421e+00
6.499096635081356155e+00
2.195399746990673862e+00
2.928252937341907280e+00
2.206649154795849110e+00
6.397282324553227539e+00
1.069619593100892718e+00
8.582079116494440996e+00
1.624383400016465417e+00
1.178619379162795688e+00
7.250600821854666922e-01
5.473779613980052972e+00
4.822459353623378853e+00
5.580632304307477476e+00
5.833429670872013695e+00
3.720796373943237700e+00
7.257354285790678095e-01
7.828298380292439962e-01
6.896110496394491918e+00
6.706306341016629702e+00
3.459006324044345604e+00
5.775430061835801432e+00
6.427039559480955511e+00
9.170937156228826659e-01
1.052893385200801779e+00
5.837160850974185244e+00
6.120708796390548212e-01
1.729240254245633324e+00
1.653981274582113636e+00
1.572409146222301102e+00
4.146713786274232483e+00
4.541921179848801948e+00
2.199471470258703043e+00
1.142551396869368574e+00
5.111969949480686282e+00
2.569917656607099143e+00
2.335347705071866731e+00
1.509106513716890863e+00
2.104360349525973284e+00
4.698785356971685090e+00
2.174004957518268721e+00
4.649064694813644039e+00
3.717330371587245441e+00
1.049707281702349615e+00
6.492328469213263453e+00
4.415695491342006562e+00
1.631099311185910006e+00
1.042534406965354421e+01
2.770473953063914418e+00
8.475636961996823260e+00
7.825985765828245011e-01
2.190765291274454185e+00
1.214239037786586373e+00
4.719397353584952270e+00
4.926773213669463303e+00
5.244590730706969461e-01
3.667563857204947819e+00
1.378552945458879186e+00
1.497018521704321703e+00
4.298855597675010465e+00
6.321039310450847992e+00
1.004193097405908119e+00
1.894825939316913344e+00
1.521425260546786840e+00
5.530155751846289602e-01
5.013030388336381371e+00
2.177726502291241761e+00
7.284839981450741409e-01
1.327898322031912715e+00
1.371148358433217584e+00
3.320788140931356658e+00
9.733399316971311777e+00
1.094041114240767998e+00
1.198887539160660598e+00
2.520309822028359292e+00
6.531036651127020143e+00
5.300918499037988951e+00
2.469998452409447154e+00
7.084045181223254772e+00
3.474952856938887003e+00
3.738296144772460305e+00
2.223344139387815943e+00
5.449900750192893994e+00
6.694940074822626208e+00
5.049170585799802602e+00
2.358959209540554269e+00
7.129998137355285648e-01
1.082609651805566786e+00
2.160090854228710278e+00
5.740318794324091201e+00
5.996085238812142393e+00
8.533189791811990332e+00
8.004517367919695703e-01
3.300135729380451632e+00
3.060176102285647737e+00
8.967342853799484814e+00
2.359620320478569955e+00
6.329121661819378630e+00
7.537801219035455524e+00
2.978553214267419147e+00
6.541427312675495820e+00
2.282160809398137591e+00
2.062723602099616915e+00
8.655655936710625609e-01
1.589651753981270899e+00
6.881710030766274855e+00
1.513926649067386387e+00
5.524132851902587404e+00
3.947848803374473192e+00
3.308989528998260710e+00
5.842133575453164696e+00
2.551110514701769194e+00
2.646658447895464228e+00
2.394651648295920587e+00
3.000658663179639252e+00
4.179578544555925035e+00
1.179159622961070353e+00
3.749819298098762133e+00
1.270729640556865325e+00
6.142134307225950884e+00
2.984135273478557338e+00
1.010790115767687292e+00
2.138096194339808243e+00
2.774173449501508681e+00
1.186252089269541177e+00
5.300308335985538299e+00
1.617225911990329834e+00
2.811669795387865101e+00
5.216945591552464734e+00
2.140604485791991696e+00
7.459635327691653828e+00
8.351259973399844938e+00
2.958391155618333102e+00
2.318457841780028783e+00
1.960194982802219821e+00
4.106001786646454654e+00
2.026780292783623594e+00
3.792630555708874862e+00
1.285792231308653610e+00
1.293876443955932709e+00
1.312984336804684959e+00
3.015270578133793844e+00
2.598346525551957775e+00
2.475938347936916806e+00
1.706236278617752289e+00
6.084490518876263465e+00
3.813017288642824631e+00
1.253438282402529413e+00
5.909288694908412687e+00
8.051757252422777622e-01
7.226993185609315695e+00
3.953498826602546590e+00
1.830685700725841025e+00
1.875342299598748319e+00
6.506474359805047847e+00
1.468764016172286579e+00
5.291007083358524321e-01
2.275252670706868319e+00
4.011702618060356329e+00
6.443793212873051068e+00
3.215239313698377011e+00
6.245733544266071746e+00
6.069916986977347939e+00
2.672580749177228654e+00
5.205267813212290484e+00
2.835645065987728142e+00
1.178268651485182117e+00
1.270268277991208228e+00
6.817665690925630351e+00
3.363267138978946580e+00
4.317826288604400098e+00
2.558737786854068386e+00
2.575836315405436228e+00
7.232349241359486314e+00
5.971483078925114540e+00
5.144001525275747611e+00
3.368541632514471917e+00
2.753295198736728455e+00
6.734792425674228866e+00
6.679653824945066543e-01
1.135877723638091918e+00
4.657175149408005588e+00
6.552544669089832574e-01
3.469319003041476446e+00
1.393229608991453761e+00
1.716023766014914687e+00
1.298095619825642366e+00
4.034256865519414426e+00
2.889943768070418084e+00
9.875479855390771888e-01
1.279979989556097042e+00
3.178161159699191884e+00
1.912937052424030560e+00
2.647992710522275583e+00
2.104245107433744710e+00
6.817277993639603295e+00
3.330399377737418565e+00
1.155810641064777489e+00
9.107460767550611180e+00
2.166124137349831447e+00
9.066588188389860248e-01
5.533866632169202049e+00
1.782890293441902863e+00
6.041344869181223487e+00
8.041874303984355876e+00
4.461967275306537140e+00
5.140825771041319214e+00
5.470022643598241530e+00
5.300469831760940664e+00
6.365400003116358896e+00
1.021018823667471542e+00
2.856493051425279095e+00
2.106685933947065603e+00
2.489182507006187262e+00
1.307100029414655307e+00
3.809481883566478988e+00
3.642371325708389396e+00
7.290584167042978292e-01
2.293513239267912951e+00
2.011074878031775981e+00
1.647827414275113256e+00
1.410677626445887567e+00
5.045475251298337405e+00
2.000144347203972384e+00
2.106129765966152423e+00
7.473321386310198822e-01
8.372702433088586860e-01
3.096270033112263675e+00
1.168606946444052941e+00
2.397650996970053239e+00
4.431321347993755211e+00
2.020908931452967128e+00
6.477952293293496311e+00
3.353893797015643941e+00
6.578591799285014030e-01
3.115548710734091120e+00
2.432105695244854537e+00
1.792942204302609088e+00
8.555026268902266029e-01
7.462868840308432006e+00
1.824861165609684033e+00
5.336117251474042256e+00
2.019869055314508000e+00
3.543466528739976695e+00
6.509998243349930824e+00
4.255015966701229502e+00
2.275003774739777551e+00
2.652885066393819269e+00
6.068847875454618013e+00
2.708451306087685140e+00
2.755888390966243495e+00
8.259973034417148474e-01
6.292092671367760737e+00
1.237095770194808209e+00
3.104333152106307558e+00
3.141736538193442119e+00
9.182521336670727008e-01
1.923932609154443307e+00
2.909110403579418413e+00
3.839930808681879526e+00
2.837458785161453889e+00
2.075507078474598810e+00
2.373853501097026086e+00
5.368683443319347326e+00
9.348875466401446843e+00
1.257656250232807915e+00
6.625557845871819396e+00
3.117857287884052919e+00
6.692128004407993380e+00
5.031285598918726620e+00
5.326385436342984114e+00
1.220470579068403172e+00
6.741272129377415823e+00
2.088240630326632097e+00
5.988574776455244830e+00
4.753048181547395501e+00
2.773710848978744536e+00
2.207687578363317638e+00
2.258730522716183575e+00
1.540702799517087884e+00
2.591237513544710325e+00
2.587426005759922543e+00
1.853517374662082107e+00
3.871255829725535058e+00
6.955573708176966408e-01
2.141245304058924770e+00
4.281969246244213601e+00
3.326864369922672537e+00
7.738792469427228760e+00
1.683453419601235401e+00
5.484627184314391890e+00
2.146192461291101861e+00
2.361441751350568552e+00
4.315849440631716050e+00
1.418027940772645490e+00
1.723979270508354755e+00
4.479536772602635608e+00
2.957568941914862748e+00
3.848368009290598746e+00
2.650613329569535992e+00
3.118038014355689058e-01
5.275999083554174796e-01
6.867289570865003689e+00
1.285244380268305564e+00
6.562549622832655194e-01
4.054987414790076627e+00
6.585222970699719625e+00
3.801680930477758569e+00
2.353230105521325388e+00
4.007575770590563025e+00
3.378178119483136843e+00
1.802812927835716783e+00
6.182095017739508869e+00
3.265619467808446252e+00
5.851978604802362760e+00
4.166658983893867685e+00
4.409037551252945164e+00
4.175752194097321901e-01
5.483381348657449195e+00
4.048802743484322342e+00
4.221323484627483857e+00
5.051528282569317518e+00
7.913957092102336333e+00
4.108709519634824225e+00
6.267072424772965888e+00
2.304525698064846306e+00
1.761753134206075044e+00
3.267131031136722985e+00
1.385531731416055568e+00
2.908378490598421351e+00
2.854709172251650440e-01
5.633693849866827641e+00
4.471729791803462639e+00
6.635134991820057504e-01
2.535277888289868997e+00
7.051125454031303086e+00
5.585882964364645709e+00
1.759344688631187426e+00
3.292791288634711933e+00
5.559480102825665071e+00
2.106224235277101897e+00
1.126070915670322492e+01
5.988893860232155752e+00
2.424638221945877525e+00
4.229631163632585178e+00
6.385357913758208603e+00
3.333570118236938828e+00
6.745524405831251791e+00
8.081897645409021891e+00
2.508189875305864014e+00
4.303280826758376421e+00
1.791255790389626235e+00
1.864543583741270938e+00
3.195120840336647561e+00
4.961348274897847688e+00
4.430064650263340731e+00
2.442058290737827431e+00
1.185041716630273800e+00
8.121561902957386891e+00
1.319999510628105943e+00
2.154118770486640688e+00
3.819023551442264353e+00
8.256909026641827687e-01
2.458790519763952354e+00
3.378020990575355320e+00
2.181268153072879912e+00
5.892398406492327823e+00
1.661888405930710411e+00
8.153730706318318866e+00
1.784320306656196342e+00
4.086475891323265941e+00
2.550428594483549638e+00
6.894059785136489538e+00
3.822521448177176762e+00
3.361989023143116206e+00
6.237317091324266372e+00
3.437573909573730102e+00
3.470488778036616484e+00
1.922493235758225616e+00
7.971296286255818986e-01
6.237244128873668636e+00
6.033056966574008584e-01
6.661006047092489446e+00
5.522702717929855787e+00
1.835924680427097666e+00
1.008865268202462584e+00
7.793186800272068560e+00
7.930259840137864558e+00
1.890148303030972476e+00
6.012400271535407015e+00
3.444962724212415672e+00
2.276476427491876731e+00
2.727443949265962786e+00
2.069695979811313702e+00
1.147372785716580745e+00
3.662926429516741855e+00
6.752507305796373593e+00
3.169788470028002791e+00
4.375209445330135338e+00
2.277251561849057193e+00
3.067565312821891155e+00
2.693996425544964435e+00
1.965705098383486282e+00
4.479985838233861983e+00
1.121695617955266844e+00
6.879896604938628979e-01
8.467030952563046498e+00
6.652324608160840924e+00
4.603808132915727103e-01
1.741707946930435291e+00
2.290976785949249361e+00
6.726133518712761550e+00
2.391623959554157519e+00
4.777311043644846045e+00
1.426472697329435135e+01
5.717136647894867529e+00
5.407300951560018554e+00
4.105389364730886115e+00
4.219441973069642415e+00
2.114962164508000342e+00
6.805572022516828135e-01
1.373257492773259925e+00
7.683571817163995510e-01
1.993519663172806711e+00
2.669518329123890865e+00
3.703973738061612675e+00
2.589539691200126170e-01
7.599212746836366605e+00
5.419255510045298152e+00
2.143720031501715084e+00
7.885146013709359636e+00
3.722386529259314347e+00
6.606206216563202283e+00
1.759429318932809627e+00
3.240364557719219274e+00
2.125113696284405052e+00
6.059312588863008386e+00
2.422773839344984914e+00
3.344517312449109436e+00
1.342844014650965700e+00
5.096132025742782012e+00
2.440235792282081095e-01
1.245956320310159882e+01
2.156922076118143128e+00
3.327362963495885118e-01
1.432459882694285813e+00
3.107899572642327524e+00
7.112864876184530338e+00
2.725819221374727874e+00
2.725566523775808214e+00
2.483342889516757968e+00
1.560458567780188988e+00
1.259920898136860812e+00
3.657012624888671404e+00
4.539431032961875445e+00
5.253527701106615488e+00
4.742110526362862899e+00
5.887337862942768618e-01
2.836232392999296525e+00
5.991476201117471589e+00
9.832858958891353973e-01
3.956146321371716290e+00
3.324600657510608848e+00
5.406264444981079720e+00
2.605737027099266356e+00
4.869524527320747254e+00
1.720099476103988112e-01
2.382606807491160605e+00
1.406315191974340406e+00
1.181597486538831010e+00
3.932789216773243002e+00
5.437975488147221093e+00
6.332978197244332641e+00
1.134194871500306068e+00
6.187478744340060288e+00
2.481621887645363067e+00
2.174271349872789472e+00
1.013940661449874936e+00
1.235117960634177114e+00
4.954903916850366130e+00
2.348145503130055989e+00
9.967220574839665836e-01
1.350550173446282587e+00
2.186064458142389810e+00
1.140659855377182508e+00
5.562745763981412850e+00
5.905970964718440186e+00
6.041736270931910013e+00
4.441375591291535585e+00
1.465882617662484844e+00
3.681435545380976393e+00
5.575208928484787663e+00
5.652184342897505154e+00
2.267266676783089796e+00
6.652623477550275943e+00
3.368673092468368324e+00
1.819128564367105572e+00
5.948464018807255727e-01
3.622008525763323217e+00
6.489864671182026257e+00
8.565200655627007720e-01
3.443932516221977824e+00
2.472844657979567096e+00
2.911079353181011076e+00
2.996317816941861167e+00
2.383347630561313046e+00
2.966632191773307170e+00
2.123477218513829978e+00
2.935097314428191773e+00
2.660369695678403978e+00
2.370895298284858121e+00
4.041002962968247125e+00
2.108215742244316626e+00
5.277093390253586591e+00
1.793894024045067592e+00
8.816842004402081656e+00
7.096013318567525374e+00
1.978709757656938129e+00
7.804114882098471817e-01
1.094242598812823264e+00
5.623986435847626808e+00
1.428031720321135234e+00
5.826021071490925074e+00
5.036017043716149111e+00
1.245295528991571476e+00
2.859640030283255641e+00
4.361498053913534179e+00
2.602795354041670617e+00
2.202820482140802394e+00
7.362115461189087995e+00
2.566650513469011408e+00
6.942094908210038051e-01
4.341005146768763368e+00
6.578576310227135515e-01
3.577743486195029909e+00
5.946638736375345680e+00
2.928423604860022067e+00
3.090963674386291160e+00
4.240735849897729892e+00
5.726580749997198794e+00
3.331593021924279974e+00
2.637895025179050279e+00
1.958019469776611565e+00
2.292677011000237464e+00
6.497339985721165334e+00
5.747599216232198494e+00
9.169304599608160133e-01
4.340251447586243039e+00
5.637056890333676407e+00
1.476396137542687503e+00
4.481221266576180362e+00
1.486890359723876731e+00
2.146761144660798593e+00
5.394945052557104326e+00
3.870180735250276505e-01
1.919781378198616384e+00
1.264060702970976058e+00
3.332145763134072514e+00
5.585010413632919501e+00
3.971446611547738925e+00
3.812565308599113134e+00
1.830176931046786137e+00
6.901619577204052725e+00
5.254891847890687195e+00
7.048325836682809431e+00
5.898418218060186291e+00
6.884157805399902408e+00
6.744984060909911427e+00
3.139457911730234585e+00
3.389963927530551313e+00
1.011625928968563626e+00
1.022390363680775627e+00
3.666951637443975898e+00
3.564684018081195838e+00
2.068123877816081091e+00
4.689539653669543284e+00
3.356653163951528462e+00
2.317372646628217403e+00
3.545016189733308565e+00
2.218201966614489873e+00
6.109447098022712019e+00
2.045239351985609577e+00
5.621361271162155226e+00
2.000763324183579162e+00
4.796317534922922010e-01
2.984582085774900584e+00
3.540718480313391314e+00
1.817816845955261273e+00
6.691978387941124318e-01
2.999603306155268712e+00
3.398050208501926850e+00
1.060185626907619305e+00
2.340235522049489258e+00
3.050428139959458385e+00
3.377100909002954676e+00
4.217018801615534329e+00
1.157014483065214261e+00
4.354319323967807520e+00
3.346931460516917145e+00
1.556972049304226724e+00
2.062930175636691121e+00
5.199607054974490078e-02
5.752862394922579448e+00
5.474300567602262468e+00
4.175290110324242576e+00
1.397033700627858588e+00
4.881894165663584140e+00
5.805995790333506879e-01
5.687034518190095866e+00
1.876780232678627813e+00
1.922126774322847620e+00
5.371134987851628573e+00
4.007336036966800741e+00
1.976613864605607507e+00
2.442564852212471660e+00
4.452625215020308835e-01
5.590022379735629876e+00
1.166646627428534755e+00
6.858459187154860581e-01
5.529303785450847997e+00
2.225634354863919473e+00
3.760589555689744512e-01
5.947996953442170387e+00
5.515482545885476817e+00
4.895544282762550381e+00
6.439346705926968006e+00
5.109167933225129410e+00
5.020728744162609836e+00
5.338446730867290491e+00
2.525100580125367866e+00
4.454263213031413926e+00
6.584697860258117430e+00
3.412733516197293593e+00
1.145039433791943839e+00
6.359984911223556026e+00
1.180341115089364346e+00
2.748082306670786679e+00
4.665971175466855136e+00
1.665695978636508867e+00
3.794980642393658510e+00
2.977902172878866605e+00
2.631715789539688988e+00
2.323454368944349202e+00
4.722293571015364400e+00
3.059251988792337507e+00
4.948402978040588707e+00
2.224968786775092244e+00
7.074617567964075704e+00
1.798054347657457086e+00
5.280786014835461728e+00
7.376944146259592827e+00
6.770557179997425123e+00
3.254252114617222524e+00
9.457334051038300826e-01
2.125649165654464934e+00
2.833016961731683825e+00
6.225708357385426162e+00
1.451997167744020878e+00
1.242990195343240512e+00
5.304222650252503612e+00
5.827428243171850486e-01
3.885329605410643428e-01
1.607277932541227194e+00
8.137026634222972454e-01
2.927962081292510454e+00
3.240956594425852710e+00
2.591802977638712147e+00
2.511610308849985707e+00
1.859008720655640712e+00
6.218355447756294119e+00
2.749475983000379653e+00
5.012977062044802423e+00
4.558013342284604974e+00
8.383697339953233296e-01
6.495409905603153788e+00
2.411225432440963434e+00
4.972308601784434678e+00
3.041799406526176419e+00
4.356659714781137560e-01
6.944166342494466626e+00
1.176541071992052379e+00
5.341002848579397444e+00
7.066866175621272284e+00
4.851807369365144673e+00
3.136381877366229531e+00
1.865983544509974834e+00
3.765764109714314856e+00
1.987511934633326538e+00
1.617485891595409342e+00
3.222765941604752271e+00
1.636875880780736425e+00
3.646136213048861929e+00
3.690407647497373489e+00
2.629276855913007971e+00
5.355583443317701864e+00
4.005284732340486542e+00
6.703703049201537034e+00
1.869432716305966968e+00
5.915318801497416068e+00
1.517556776675430319e+00
3.601863969276769550e-01
1.204528132307910226e+00
5.915666140228178271e+00
4.820806981510543210e+00
1.431471557439205178e+00
7.894697644136112302e+00
3.337126642390759734e+00
2.378428039920556181e+00
2.252729886686255512e+00
4.158549628217516947e+00
9.419890278063780542e+00
5.846122965015469575e+00
6.022368488497286121e-01
5.875040836711376002e+00
6.382294594729838622e+00
9.305465424112545625e-01
6.567521277858922701e+00
6.430262103140656826e+00
5.754110613120027473e+00
2.817917084542113759e+00
1.776836677469474601e+00
1.383177105070889867e+00
1.407295911904274943e+00
8.012252908191490164e+00
3.747411101407514877e+00
3.316178441650520892e+00
8.299803966866160509e-01
2.275402371980647320e+00
3.650456402468782890e+00
6.397411969917683017e+00
3.397568588694954261e+00
3.099003964384814847e+00
1.626518825069667162e+00
9.974600486895108808e-01
2.828016848022411267e+00
2.812443968876326750e+00
5.422182634454424388e+00
7.987725778535683663e-01
7.544592777354416135e+00
1.475911743653043562e+00
5.849341722941815647e+00
2.506264617501526626e+00
7.091027558279141552e+00
4.779423591128280080e+00
2.434809751319076288e+00
9.318026042487174365e+00
2.108373393715916144e+00
7.003913099889726990e-01
6.849646011759180642e-01
2.308957621543637373e+00
6.270744111553481659e+00
1.013922443107786897e+00
3.393477478041658113e+00
2.882494842249383016e+00
4.106508145282474764e+00
5.962377319125357289e+00
4.205140101420349552e+00
1.119459189692863177e+00
2.254596511957532634e+00
3.361293145589926645e+00
3.032093164806609842e+00
5.655792496247967982e+00
2.267005379064910731e+00
1.863487146260775829e+00
7.659012691887371105e+00
2.707139384326232801e+00
4.104972604344153453e+00
1.410081362884845646e+00
3.141812739620720940e+00
5.121161717780997158e+00
5.063066012270318161e+00
6.597843352811174178e+00
6.556372327457625104e+00
5.578702377196806061e+00
1.464588141922839037e+00
1.883787307984615689e+00
5.356624536511718659e+00
1.028091136416412477e+00
1.226767560052114181e+00
2.634568113563568126e+00
4.114374027326098471e+00
3.687705489368680478e+00
1.336866954573204813e+00
4.422897886548132540e+00
3.235141417827810617e+00
6.110373800391495358e+00
1.952247942423662064e+00
1.396736257937367887e+00
2.253126426891391088e+00
4.911355095354433153e+00
2.025445523067755715e+00
5.177372637482265283e+00
1.919639651439159378e+00
2.989889304571815121e+00
1.836090218608396496e+00
1.494605297294920643e+00
1.709680648048557794e+00
6.800644390971827491e+00
7.668347341209543977e+00
3.545815846711222186e+00
1.376393259535690694e+00
1.100742845463422936e+00
2.098243047939106098e+00
6.449985953614055134e+00
1.354962127313263265e+00
2.506746456484359342e+00
2.789385013170219807e+00
6.224135070505955269e+00
6.356221735286533558e+00
1.579182229065875909e+00
1.316311610456855297e+00
1.323843703966965935e+00
2.930030541808005484e+00
3.197043077574988068e+00
2.013010018513531119e+00
5.745596396546149620e+00
2.986960496028104650e+00
5.154694146610871996e+00
3.717833036054974394e-01
2.229742331802610611e+00
5.199967190481443957e+00
2.128261106844724360e+00
4.218697051558529809e-01
1.703144657752729607e+00
3.588729937494816724e+00
3.058049086842536735e+00
7.167424650519711449e-01
5.320489858151962181e+00
9.071739179048465829e-01
4.381830722675448264e-01
6.117506628130080948e+00
6.955873149747018758e+00
6.649707799593038260e+00
1.462062976929689784e+00
6.083818032768776973e+00
9.065597045906477192e-01
7.977232098098544499e-01
6.573397553031587570e+00
4.480157709230509155e+00
2.340475455974147856e+00
4.180087772179103212e+00
5.044552935893248602e+00
6.011827489542946878e+00
2.655775627744449086e+00
5.361486784769539327e+00
4.617656262924173305e+00
1.564266620992037504e+00
7.129390976828712922e+00
1.987054941965624932e+00
4.131793160055106995e+00
2.860798397939686932e+00
2.911340092451413675e+00
7.221227355262764824e+00
1.636406564979647094e+00
3.469821557349788144e+00
6.076420076510504309e+00
1.765591893112967936e+00
3.288379503913414492e+00
4.869406694100922195e+00
4.508370153514235312e+00
3.491816359483215670e+00
2.038507770566241106e+00
4.398934306047127762e+00
5.596152448050505157e+00
4.117922084368426106e+00
4.687566304824711594e+00
5.700034937097074206e+00
7.141131331939005733e-01
8.310837371140206153e-01
1.239173474541628073e+00
3.194393935331190093e+00
5.320798446811226157e+00
2.702740295874896059e+00
2.887948453481542277e+00
9.600312245377263798e-01
2.155219699331359706e+00
1.887653696830802863e+00
5.688023786665073800e+00
5.404761454221197248e+00
1.217013177067606255e+00
6.945994742029336422e+00
3.259558559717532500e+00
3.793296506757994013e+00
2.055332423651001772e+00
2.257556728407951852e+00
2.522027811716636592e+00
1.410291815825798212e+00
4.326501444790068263e+00
2.468415942587672607e+00
2.778899957793418363e+00
3.540690838845694799e+00
4.044477743356118538e+00
1.937755487825727707e+00
5.916014151703199886e+00
1.751517551619806268e+00
2.905206493214109731e+00
1.078114851715276989e+00
1.687128793328276366e+00
5.091234651578479209e+00
3.099686650453620906e+00
1.928407216211945663e+00
1.024252354123476261e+00
5.201589099733592292e+00
2.676551286533953355e+00
7.004067035248020545e+00
3.050483366478035752e+00
1.880771246156563770e+00
2.477705987450295133e+00
5.278781393829326873e+00
1.740074948198916838e+00
2.634146193867528574e+00
4.261239821714434051e+00
7.467775127800431179e+00
8.610116277904522164e+00
1.433990173915698607e+00
1.981458115140326548e+00
6.261381144888042982e+00
1.563158958781845964e+00
2.652987807724365155e+00
1.120056312153062006e+00
4.999206575219572457e+00
2.431945771458651429e+00
1.292042298219256935e+01
3.250264656219654213e+00
2.778967982235271084e+00
2.338578855102759313e+00
3.322378234206264214e+00
3.175972675442202409e+00
1.989865263489465796e+00
6.901274803622739817e+00
5.987971474573360986e+00
9.867923118238565161e-01
1.954945219492606912e+00
1.070296514077206496e+00
2.828809717620202946e+00
5.523964254408368468e+00
5.501204731830470429e+00
5.693742171332997870e+00
1.727355598006265369e+00
6.846732881313221775e+00
6.982243975856419205e+00
1.921873952744360903e+00
2.449370105905510187e+00
5.696316699762181912e+00
2.242161456226196670e+00
2.145452110804343615e+00
3.486067697556384459e+00
5.805716648574700933e+00
1.471455720776837062e+00
5.714763271717660409e+00
5.525799462778726578e+00
6.852837988915175593e+00
1.414044841746594727e+00
4.377395095901403188e+00
4.859234285226743388e+00
6.267841784187068166e-01
1.901353823781833707e+00
6.347704653249077289e+00
1.509044928296383370e+00
7.071482897985418070e+00
2.860636814980110465e+00
1.041765109989302607e+00
3.351271631825334385e+00
1.847800644416677018e+00
5.372698207092376776e+00
9.328494790799729541e-01
1.550734236166804392e+00
6.778183198509603713e+00
4.515503506365823316e-01
3.728350913655020804e+00
4.165400731440571214e+00
4.248809229259639331e+00
2.108844782624524683e+00
1.812459490383267813e+00
6.639446005064395528e+00
6.264653763352472815e+00
3.275773773970136471e+00
9.226797292046363452e+00
1.796226736156213644e+00
3.182782942105267576e+00
6.656767311563245748e+00
1.636625964583869886e+00
2.448816284863208459e+00
5.815310404986857584e+00
7.174866435817054189e+00
1.701603262425518681e-01
1.781310028165557613e+00
6.060223614395059410e-01
3.408069498668046649e+00
1.434358499482150551e+00
3.916525995044239483e+00
5.039177686939048328e+00
1.593638413251107000e+00
3.178592426821100325e+00
9.421505677794935751e-01
7.226121572036577234e+00
4.329361810132031252e+00
3.942421240560636697e+00
5.595856343791167475e+00
5.708434875183694857e+00
1.714783789456923779e+00
3.352926248604757742e+00
1.953825801567429910e+00
3.741081487631222835e+00
1.926632476717869746e+00
3.951412894137712684e+00
4.950929630577456386e+00
1.672939227608231105e+00
5.637061787119065137e+00
1.439413201200277603e+00
2.302235124192531845e+00
8.929313053428574731e-01
1.850257438154450318e+00
5.420384968674928139e+00
1.036145273536126954e+00
9.329742073232388799e-01
1.571322266698346404e+00
7.127468163550552127e+00
2.136049992488316285e+00
7.493624067513673381e+00
2.837572503642407984e+00
2.148602916987601752e+00
7.148432658258980332e+00
6.859332102053063096e+00
7.929233034437041638e+00
1.294877327099659636e+00
1.919110475977992669e+00
3.725265230289108498e+00
8.550263340548330815e-01
6.506265108045773182e+00
2.024717098204114052e+00
5.070111487059943300e+00
2.415123172568828913e+00
1.278841981430131947e+00
4.221878352654393929e+00
3.185647120485031181e+00
4.927716907385346623e+00
2.359842235558581081e+00
4.433136773702444522e+00
6.959158167206611623e+00
4.944277453302930447e-01
6.429001462255813593e+00
7.703670622265212486e+00
4.920410810684732184e+00
2.178480796727421787e+00
4.192683305896646395e+00
3.117327396359011349e+00
3.206170075005424724e+00
2.812961528255405685e+00
5.331404590053330672e+00
2.845535362802248169e+00
4.539896613781276180e+00
6.618978832852502325e-01
1.087302926362433197e+00
5.740671209646489359e+00
5.772364838321374592e+00
4.567923677900422419e+00
2.336608058918012265e+00
6.578330277132658388e+00
1.943785502150720657e+00
2.075216402906438606e+00
2.416607366305459248e+00
6.946995458614541041e-01
1.612329742211704886e+00
9.230991503480937554e-01
3.121848113842515815e+00
4.498908856073954965e+00
3.512765359149133015e+00
4.182383686524605793e+00
5.677368836284677478e+00
8.302143819903117006e+00
1.188240753756126367e+00
1.291041411963388397e+00
5.881995254156691111e+00
3.361708059955779593e+00
7.264562873169863266e+00
2.410925281090604333e+00
4.937148476439867650e+00
2.127954698834587433e+00
4.324054416915772414e+00
3.770551602882905140e+00
3.233757676306131312e+00
1.914167293798209268e+00
5.982503701835137022e+00
1.130901015895800388e+00
6.010608230126706530e+00
1.775693190991385340e+00
5.502320593070768595e+00
7.332371880373032447e+00
9.378553518298100578e-01
2.875293702883759295e+00
7.659841927579758902e+00
5.188275840612360801e-01
5.403216847472677165e-01
2.823534502832040882e+00
3.074183948688633983e+00
3.873399200608579118e+00
4.649246305429580062e+00
1.362813272292891620e+00
1.591800390710633506e+00
8.439198355456332123e-01
6.416141534529594681e-01
2.306858858772170784e+00
6.059101550332096409e+00
3.417385463648732635e+00
2.458904071898927679e+00
1.007597337607736065e+00
4.897637189864552099e+00
6.372080912321997914e+00
8.892843281072561057e-01
4.400570766473979489e+00
3.940641852175095217e+00
6.458897983619010574e+00
3.163649052344141399e+00
1.229900010296132162e+00
2.724677033044938135e+00
7.528953632684099340e+00
3.861605317368325352e+00
9.948295703533227563e-01
2.965537711515226604e+00
3.718227181826855077e+00
1.404676262597917669e+00
5.648612781028551133e+00
7.541057549557748096e-01
4.860075640106287231e+00
2.710082013277370638e+00
3.156373160798749300e+00
2.698632984120388656e+00
1.463667980113030787e+00
3.020547950338224208e+00
4.713348098567893829e-01
7.818059708840575439e+00
1.600262503015351445e+00
4.403603677538885819e+00
2.989008178131111748e+00
1.568523701913558499e+00
1.991301838830675353e+00
1.605793998639444498e+00
6.175045567586384898e+00
1.345205242673095380e+00
8.829942996393684851e-01
3.598373684574397657e+00
2.189484800916714491e+00
2.554593674755618160e+00
2.800396423105236288e+00
7.598707503784694950e+00
1.151573516403553876e+00
6.996275459211309666e-01
5.866059737939408159e+00
4.712229056284874318e+00
1.453373225257766244e+00
3.039157604365224419e+00
9.147946235577093521e-01
3.748044241665858589e+00
3.687999019882624463e+00
4.008281944971153088e+00
1.873094023635454741e+00
3.216467231982753194e+00
3.602985686499939444e+00
1.228108874482329416e+00
7.399881646130435975e+00
5.899408936172966023e+00
6.246508762311396623e+00
5.172172855999546570e+00
5.435884270988579736e+00
2.765120120514833246e+00
2.896471480273597354e+00
5.875949903921348749e+00
1.003497112900287647e+00
1.473442605465760558e+00
2.259110612724055223e+00
2.581444589447732252e+00
5.807934200319763818e+00
8.358701663910389712e+00
5.568942972069963027e+00
1.056056973759794682e+00
3.213236114069284000e+00
4.743520613444607292e+00
3.273110114190187492e+00
2.633800079879288436e+00
2.540439798768303170e+00
3.800480421642686846e+00
3.884916302452573689e+00
1.983971617111089492e+00
2.494966969213070485e+00
1.312959245665086705e+00
6.235408703441587264e+00
6.099446536740283697e+00
4.127714843689715529e+00
7.966701501980812061e+00
2.869184843286601172e+00
6.192469308945225848e+00
5.009206886414372839e+00
1.422501620538970446e+00
6.080130060600752451e+00
1.382792145307374820e+00
3.765239924335124222e+00
1.402630151897223953e+00
7.233523434714700606e+00
4.156742991009703125e+00
1.197108603816987138e+00
1.107562885137023612e+00
1.480720191373674055e+00
3.198629149704796504e+00
7.788307750820605557e-01
6.877955240266750536e+00
1.523319054255808380e+00
2.922208899045151576e+00
4.593659259773178682e+00
5.049603394250530286e+00
2.947311425174170996e+00
1.117211933674979507e+00
1.464298997018792292e+00
6.214717730610678892e+00
6.812921673897619490e-01
2.443799608163604198e+00
2.587869585841639175e+00
7.608240567017498179e+00
5.573720637580382053e+00
4.839431621411526940e+00
2.854056079428865189e+00
4.295906553104903658e+00
1.725461025022125394e+00
1.653391684990760835e+00
4.433670419399605045e+00
2.281466330950276511e+00
2.990110844803500534e+00
1.852706201039323597e+00
1.245153373879978709e+00
2.635450876998002734e+00
9.123242890106190828e+00
1.059926828263323184e+00
2.998294367381193037e+00
1.921800177380164509e+00
2.483564252488409618e+00
3.480393682939509681e+00
2.399630410049681029e+00
1.271151623626968652e+00
2.182471109629564143e+00
3.204688412624708604e+00
4.964058538892948569e+00
1.483036773779483619e+00
3.200648937308899988e+00
6.233896089099729032e+00
8.523632755753673962e+00
1.997952685900288516e+00
1.620386440212362222e+00
5.812685901767050467e+00
7.322445989626331198e+00
6.406612885971903815e+00
2.304387517812593433e+00
4.786650244593611880e+00
1.783499716808064628e+00
3.510540426811499248e+00
3.880171150382627943e+00
4.991778597559242137e+00
8.543163182776916997e+00
5.093921655818970606e+00
1.890411650561674983e-01
2.657135713625968343e+00
4.813518391747812153e+00
6.495042277861724500e+00
1.382492668607549380e+00
1.042586121607595118e+00
2.310177994853631400e+00
4.291301914463729439e+00
3.804028579569441959e+00
1.664119225392683088e+00
2.402444365698984896e+00
4.589199264872664052e+00
3.465299980272333880e+00
5.249017438153725124e+00
1.130958342145708784e+00
8.763569919393741969e+00
3.504753540450918692e+00
1.119563867476093127e-01
4.727627472847969692e+00
8.104458740829908470e-01
1.516234092826323598e+00
3.953201915235633912e+00
2.041300496487768790e+00
5.990204703089538896e+00
6.281159436943215546e+00
4.460366657415459457e+00
6.511360112494452679e+00
7.506708077326330608e-01
2.466879443939144601e+00
2.858779715060498106e+00
2.106195863097907406e+00
1.931343722277707231e+00
1.827528731416371510e+00
3.537444253960059903e+00
2.746787309564667989e+00
5.526506151053602878e+00
2.770049131667886133e+00
1.326205629290954313e+00
5.070921217180896612e+00
8.876353036485259418e-01
2.886358903736025550e+00
1.806495295344657137e+00
3.884162566536770722e+00
3.438199371817598937e+00
1.896512364601111056e+00
5.124454573551019188e+00
2.014888761449165511e+00
4.655531210036904177e+00
9.774255639918786320e-01
5.721128304052154334e+00
6.565820981825657654e+00
5.388876159022728540e-01
7.005142171951869834e+00
1.948253152866918247e+00
2.574749518069855636e+00
2.949718855207607682e+00
5.595145354649745606e+00
1.912004642671265575e+00
3.240873649273596779e+00
1.368653488024368370e+00
4.900968202459788259e+00
4.239083296702431447e+00
2.876973694420655647e+00
7.888254324850337618e+00
2.251402661761375157e+00
7.747725715547715275e-01
6.254785391943388007e+00
3.439140995552754543e+00
6.418185574487792699e+00
6.286663638645185515e+00
5.528717651541295908e+00
9.440237153139088289e-01
5.801377506277345830e+00
1.262307409194322716e+01
3.872416084715224471e+00
1.141233868414744634e+01
3.199282275444914170e+00
7.073436939182631278e-01
2.445972082244199708e+00
1.821500317970365268e+00
9.483569989425403302e-01
2.258008065295604272e+00
1.154270914528098491e+00
3.218302205196860388e+00
4.363857462477747085e+00
8.015129547352067840e-01
3.142137677173984400e+00
4.648360850927509169e+00
1.332605839173655715e+00
7.153497614420661677e+00
6.847669578912861432e+00
5.897971599834036738e+00
4.355569858825497853e+00
2.099323956933373037e+00
2.525431238488274666e+00
6.297220766734973552e+00
2.565800675669312358e+00
2.115547256015266608e+00
3.061392203652214761e+00
3.017498478365176151e+00
5.429343341317556693e+00
2.357112837265245009e+00
2.012664999995245729e+00
2.731308490785290033e+00
5.602619847914579232e+00
6.608499165767349304e+00
2.526949747888084907e+00
3.003051469315824562e+00
5.353610287452333694e+00
1.983664477285492334e+00
1.518177368216227174e+00
4.849603639711208558e+00
2.576468679303506537e+00
1.904912307958655848e+00
1.711934247834127287e+00
3.064851911669492335e+00
2.506399709647847196e+00
8.641422817599226036e+00
5.890682600821340209e+00
6.185305632258345732e+00
6.958538878022880958e+00
4.913428179793035699e-01
2.719911612107732690e+00
1.287627575460229767e+00
4.608827933365314600e+00
5.384081801749010410e+00
1.065232404530869204e+00
3.058647591784463771e+00
4.129793376535176641e+00
3.178656603910313461e+00
7.738241380213883858e-01
2.170662565166472380e+00
5.073850511835189536e+00
1.565465435767140923e+00
1.483188805316589587e+00
3.299430441304378903e+00
5.745785074213104693e+00
4.963764443216700073e+00
4.363152980404864323e+00
6.018832577567722275e+00
3.667469556645720719e+00
2.609165610192651474e+00
3.725977799707510307e+00
3.899319121708148650e+00
3.973459698157471909e+00
6.402895691015295654e+00
8.111103677055089278e+00
3.418669386414662892e+00
4.015892483887906650e+00
1.556680674222536531e+00
5.255102208990475532e+00
1.270500308944261247e+00
2.921844577816728350e+00
1.281115517591733921e+00
3.229426157888905635e+00
3.157890382232515503e+00
3.114993211769497616e+00
1.556493064696520268e+00
3.193260127458148023e+00
5.340151111494246372e+00
1.793380270266554888e+00
2.998087252825763382e+00
4.448154815606820911e+00
5.444844943071076138e+00
3.902735056867265406e+00
5.324467710880079530e+00
1.843254340709177708e+00
1.973854626302375959e+00
2.168714069951189316e+00
6.281588961849219999e+00
4.371498010698862124e+00
7.003078877342642450e+00
2.244673541474753176e+00
2.546594915697730777e+00
4.043079029819826253e+00
7.332932156873566143e+00
1.586889443751848594e+00
2.016083077761686493e+00
1.765459863136528806e+00
2.202326305254468597e+00
4.611567490862805485e+00
7.267770493720045799e+00
8.099024897554411240e+00
4.247865443091904503e+00
5.870909458762278099e+00
3.437318200341614727e+00
5.955050629500702186e+00
1.980379477262850241e+00
1.846276533413989895e+00
1.974166597591053618e+00
3.107285302010514005e+00
1.428576198735675540e+00
5.420195358424857446e+00
3.569770467828683458e+00
5.926165317174922897e-01
9.919871252605860779e-01
7.530984061849562927e+00
4.014952971841671547e-01
4.212253911026653697e+00
3.515153927701982983e+00
6.583558899793956698e+00
1.701016141883429089e+00
6.975428320174104080e-01
6.188972449639839724e+00
6.712042582572138372e+00
5.563001372113021148e+00
1.361976301501642617e+00
2.882253302167920417e+00
1.666122515064724308e+00
3.368917626808237475e+00
3.706529354607837057e+00
5.987267478174283397e+00
2.166922918990879854e+00
1.456191288613088330e+00
5.604682618634808655e+00
7.418131170906658856e-01
1.828287094792944378e+00
3.113660569713229798e+00
3.595227309438637775e+00
5.627313253595604969e+00
3.704156685263511051e+00
1.969974879287786029e+00
2.051705714787512846e+00
1.329078341746193770e+00
1.359311085875654523e+00
5.785573327689628620e+00
3.012570338208018228e+00
7.365215443815999130e+00
2.157410093058333089e+00
2.759310790709538885e+00
9.536393309586015832e+00
3.455566266306651979e+00
2.547172033035051353e+00
1.234054872277264847e+00
1.121300167040151452e+00
3.041567638174783372e+00
5.632490860750305472e+00
6.378494757024414596e+00
1.148426251863001735e+00
3.407959262391342836e+00
2.579470288188748572e+00
2.668694152981775591e+00
1.684644172772080895e+00
5.068749675255537213e+00
2.836229602314495057e+00
6.222204278873670891e-01
1.841412115623554113e+00
6.113270500657453255e+00
4.247732434347574859e+00
4.848081000696232934e+00
5.474887493851332110e+00
1.826487162632765227e+00
1.425695189565754140e+00
1.784016428276385957e+00
8.108296338398528480e-01
7.088127335649707206e+00
3.665456950233163980e+00
3.142114400333339663e+00
6.646159540574344327e+00
2.537701355406399628e+00
2.173570344668268817e+00
8.438857092295882767e-01
6.308054627690173000e+00
5.806064133133649108e+00
9.786265162614578017e-01
8.767417830372242760e-01
3.032817249247624414e+00
3.747640758307733133e+00
8.758635816730068191e-01
4.191587955448986769e+00
3.419961677962823021e+00
5.190733721511723964e+00
6.755193331095261655e+00
1.425269907602071617e+00
5.338665972731310383e+00
1.729073932398104585e+00
6.010737533137507249e+00
2.412174405813372946e+00
6.633247020101160629e+00
3.660482749565708627e+00
7.767047006952653154e-01
6.027888739213634217e+00
2.625611996334407561e+00
3.859470886587789362e+00
7.483550051277208404e+00
2.605414092017306338e+00
2.358344437568643315e+00
7.099441945241268037e+00
1.690313224194446295e+00
2.429346352232263584e+00
5.136741954278349453e+00
3.431403696612004950e+00
1.952495415736396289e+00
2.525410075716013836e+00
1.083027342921026381e+01
5.037468417469184168e+00
7.591795799295510072e+00
1.015734893847250131e+00
8.949758203548937585e-01
6.825065868528158441e-01
6.459141130980969869e+00
4.326057775979224473e+00
1.764029643820257842e+00
3.333021867938484650e+00
1.532479953775470971e+00
3.616636195820341459e+00
2.003006263128055853e+00
3.885816086677642112e+00
1.222016653810713782e+00
1.753697537316080135e+00
5.160080325254137179e-01
5.702460154773878465e+00
5.537157204764868723e+00
2.123925682469598009e+00
1.369195346287802373e+00
8.405259872940866739e-01
4.482036657297835625e+00
1.265233319518294541e+00
2.018369185219092810e+00
5.892661223892589284e+00
7.224462693531867874e-01
1.834500117467134483e+00
7.605129250245182604e+00
1.146277163106542041e+00
1.144827818772286676e+00
6.445447553138247798e+00
6.420772082068638476e+00
4.681872008457749423e+00
4.490452781627800150e+00
3.934189850384736342e+00
3.737028243771841396e+00
3.376040557540850529e+00
6.813849038518073442e+00
3.272881058110905794e+00
4.587193255479100173e+00
3.186333271710930060e+00
2.653669267041991908e+00
3.493613732816568618e+00
2.619571169856065751e+00
2.467839671006775593e+00
4.339725024375170603e-01
3.196693434298774061e+00
4.476763308549859488e+00
4.335881130268758987e+00
2.166311187799398574e+00
5.998922249402734330e+00
1.765709468792481696e+00
1.896177448197425175e+00
4.586733459348094399e+00
1.446858222937485561e+00
2.604588683863010568e-01
5.018492594614545332e+00
1.331948620591454358e+00
2.575888403068629540e+00
2.835956291121793704e+00
3.584418581510159019e+00
2.587162461440787986e+00
1.647575599766063270e+00
5.288454309105302009e+00
1.769264113901378499e+00
2.730312361585115699e+00
7.491852291344051062e-01
1.433464474673977085e+00
1.226161874058750323e+00
2.540870532020281569e+00
2.465963934365674071e+00
1.365776414256377302e+00
5.880898123981970649e+00
2.915225846842668389e+00
5.403513841633726500e+00
3.580067033591816106e+00
8.735860377922314290e-01
3.685155497383294509e+00
1.615410397212748039e+00
2.150814865139224263e+00
6.071855349905595389e+00
4.270906099679375068e+00
3.143100688601000670e+00
1.264836882665734796e+00
9.708119943337508717e-01
2.756809649491395398e+00
2.215880717021555757e+00
5.440663626547256548e+00
1.227521443874308504e+00
2.165724319620252469e+00
3.949833036618859428e+00
6.907707081287061790e+00
1.119068306278844016e+00
5.979416998217220502e+00
5.415441626709547762e+00
3.734058638407476760e+00
1.428148319407662958e+00
2.956044422178301101e+00
4.085116879245673793e+00
9.198918692936390862e-01
5.363342809423175872e+00
7.583670921965458334e+00
4.050385328720939704e+00
2.396485323522735467e+00
4.978207923749598862e+00
2.693645102246179146e+00
3.408403481166897286e+00
5.404425857114693033e-01
2.642573179496969793e+00
9.631101209830561061e+00
1.352684752024444048e+00
5.698315341361553266e+00
2.286100824254214903e+00
1.848479644976810832e+00
6.815769600580367182e+00
2.724444638239831296e+00
1.109138929235780324e+01
3.283271070640030320e+00
2.608602615434729266e+00
1.847474284774132780e+00
6.412609551160388666e-01
5.258177362731572657e+00
2.178763268726444213e+00
5.088664106813313381e+00
6.444061438322671087e+00
1.931298746088071283e+00
2.040851377161205793e+00
1.047031070727208046e+01
2.423275966145088223e+00
5.638132980344733980e+00
3.832766470377864998e+00
7.501259433004782151e-01
1.359209083810490215e+00
4.042260954440618725e+00
6.667399036518897759e+00
5.959302913061365059e-01
7.022976335951028881e-01
1.760275612508226617e+00
2.261653473654368973e+00
1.555896340087201457e+00
1.677391064363172646e+00
1.194446061046365859e+00
2.072775770536553264e+00
2.763002355624159190e+00
6.213923636383213100e+00
2.474973757397611607e+00
6.790808264171370290e+00
3.443487577463086424e+00
4.111649075551502719e+00
6.626920115132218569e+00
1.264244579530640289e+00
3.107230913875002276e+00
1.987966295493201141e+00
7.314949304954686760e+00
6.466678496000686671e+00
3.260856660010073682e+00
2.643938008969312303e+00
1.900557628964379520e+00
2.966979247292362398e+00
4.237947263148301502e+00
3.233767566162858209e+00
5.834827813927604190e+00
2.139473409850058960e+00
1.323444407013200985e+00
6.067513496277748608e+00
2.004816651551654783e+00
4.814438229675144676e+00
9.711337073079268079e-01
5.206151195308535762e+00
2.293114319174546778e-01
1.004999591634796241e+00
1.192160669073332402e+00
2.916364820524271373e+00
1.464532959096116249e+00
6.346030304817000811e+00
3.472179511141987529e+00
1.124415772148674941e+00
3.279880198786929490e+00
2.706924036656114474e+00
5.932240185264610055e+00
2.189150812044997174e+00
1.300785884456377994e+00
4.114090352820369390e+00
6.502366514230104144e+00
3.813144255044109254e+00
5.752805120003326778e+00
6.981716555540651292e-01
1.749198155820880451e+00
5.396707167918375347e+00
9.774894090813328607e-01
9.263693600182388854e-01
6.117423679492007160e+00
6.250282063542467625e+00
6.084093657008600609e+00
6.501615208252673028e+00
1.912579169321356964e+00
2.550647015012650787e+00
2.620709280768573901e+00
4.658679426843002958e+00
1.234579731602631680e+00
3.424112334427168225e+00
2.897686328354436736e+00
5.769575905912001978e+00
1.854716083427903728e+00
1.968297765168056879e+00
3.759511625893203313e+00
2.184030116898680873e+00
3.642752950439517967e+00
3.064270425510627671e+00
1.353062850006476125e+01
2.749513336781951534e+00
4.807985721912530153e+00
2.791882751453615086e+00
2.683427237411866173e+00
1.194256984298064594e+00
4.949263985894514661e+00
4.997453554963673383e+00
1.337403604696647097e+00
4.953136220217944974e+00
7.810876436028770797e-01
1.621377720890845309e+00
9.321133234426841607e-01
4.323628565232831567e-01
1.587493489321809337e+00
2.292291548936504331e+00
5.486460007656527083e+00
1.255605924652850147e+00
2.744020618611631157e+00
3.053094911988917914e+00
3.797922066695529342e+00
1.260644922127487133e+00
3.468660038064215190e+00
1.540052960023180484e+00
3.470696184780422744e+00
8.826546657230019965e-01
2.705485265443540177e-01
2.537010182124924906e+00
5.092247133426954342e+00
3.597871437505645531e+00
3.022746158631890001e+00
7.984263151834689154e+00
3.843043545390406823e+00
1.804464827437212815e+00
2.446463502471908580e+00
6.515310712962730788e-01
4.647564149313291537e+00
2.717840245524057785e+00
4.927477199365146276e+00
7.590453919719718279e+00
9.840095166512884406e-01
6.390420603102661801e+00
1.827300962590412636e+00
3.256844706652936683e+00
5.429903405399366889e+00
3.280414206471920391e+00
3.141800900806062558e+00
4.160198953483482676e+00
1.038633147266942336e+00
7.183866925582592877e+00
4.450426864389488202e+00
4.732675307972358247e+00
5.178472974544454210e+00
3.609508968366896386e+00
6.122089835255838608e+00
6.847680640397212137e+00
5.838446183045217452e+00
1.338851874330541314e+00
1.729465550959236264e+00
3.830107720015734074e+00
3.279024819799788659e+00
4.626044557727914786e+00
1.932400369183295163e+00
2.924972606808470488e+00
8.092759810268017162e+00
5.612603913503841468e+00
4.825446025623540969e+00
4.983635397724364147e+00
6.994409166694782742e-01
1.416179340041100465e+00
3.281919524257760568e+00
2.838712136305854727e+00
1.644642630493450497e+00
3.729458491390837516e+00
4.871580298141126697e+00
8.514026670634218252e-01
3.298318002965860085e+00
3.050736126058521958e+00
1.330786420545426063e+00
4.751172588723960644e+00
9.517484147662081950e-01
8.688046049370983681e+00
5.791677625706830312e-01
4.142980307605108159e+00
1.996436909250087322e+00
3.051471227600747849e+00
1.977136493795839334e+00
3.410940105651448562e+00
1.467282181815363851e+00
3.511771652853751480e+00
8.312595590205953400e+00
1.391866475452055996e+00
5.365763076903188100e+00
3.322564727151202213e+00
2.418137572655612022e+00
3.481568036327891580e+00
3.776411431713552869e+00
4.927510594031033975e+00
1.441450682436258957e+00
5.079648943832474117e+00
3.710145080980174370e+00
5.908764464926192339e+00
1.873264854994336703e+00
5.110643430025090694e+00
1.740927986722782039e+00
4.024704041386081954e+00
3.673340934955588999e+00
1.723897413283925983e+00
8.056212821377446431e+00
9.733884393415527470e+00
7.304003172354079254e+00
6.415694668501718212e+00
5.351339951117037863e+00
5.499573758672183788e-01
1.894175825752764997e+00
1.047209835196358974e+01
3.772181019091972232e+00
4.324386537910865691e+00
2.046288191805979206e+00
4.399727897018244072e+00
2.110876193028146997e+00
4.834941460146487735e+00
6.726669445981299233e+00
2.721072105130716068e+00
5.650846957641062041e+00
6.577819554073585984e+00
1.516644904602011179e+00
5.730734371737972843e+00
4.152498405939240023e+00
3.104528669965432197e+00
3.871891898846627100e+00
1.150378601431287118e+00
6.028410183416318624e+00
2.003497670129080088e+00
2.125440614159070485e+00
3.691801162770691924e+00
1.372068131457349960e+00
7.338563324024191203e+00
1.859110531063588256e+00
2.065247335774448967e+00
3.729802746499305321e+00
2.517126592226933024e+00
3.718470128115062057e+00
5.223577217512381132e+00
1.445453730671774961e+00
4.989437587873664093e+00
1.785229882392737721e+00
2.141532764178139203e+00
5.047901483721326521e+00
3.854901947983948141e+00
3.354298876442922683e+00
2.150424900714798415e+00
2.670887346413633789e+00
4.507486941689581528e+00
4.726789001369525067e+00
6.886530019914132161e+00
4.189328656331997358e+00
4.544552020842413498e+00
2.960997540575020182e+00
3.093742190505546219e+00
5.214954097527799703e+00
5.624189957909681681e+00
1.497363810930384176e+00
8.832094996854285007e-01
6.963161691577050227e+00
9.223177047175526999e-01
5.130963505965468130e+00
5.898712288093116207e+00
2.168115347141820859e+00
1.541573441175287051e+00
5.996758234880713578e-01
5.616215274413359104e+00
2.822982212632928700e+00
1.654204998988781261e+00
6.748823310094842043e+00
2.651885361196435920e+00
1.772685294797098576e+00
1.868750378857399363e+00
2.891628741805058578e+00
3.862401480617731142e+00
7.781572137555103907e+00
2.301871952405460497e+00
4.012650951212934025e+00
2.819475067555066605e+00
5.830053408563316886e+00
6.100305706584958187e+00
5.339679092138128746e-01
9.470727736209338943e-01
1.498813755110816492e+00
1.166803521614681927e+00
1.915189368617796317e+00
8.033612395012871943e+00
5.378983905189659964e+00
1.157849735541748304e+00
7.157988420740171165e+00
5.106951792567810067e+00
1.380277945683002994e+00
6.605930048178909608e+00
3.321759756355013415e+00
1.093523002624126050e+01
6.926320058483917741e+00
2.102321611846905913e+00
6.590310570147132729e+00
3.397159754571966506e+00
1.769247654803249414e+00
8.800196160688509295e+00
7.658418733561156433e-01
5.996094998421550137e+00
7.367901736781591326e-01
3.457598204746926918e+00
3.331961325400766061e+00
4.852299500530729559e-01
6.608597660088663117e-01
2.838907766872265981e+00
2.213806750117568889e+00
6.889410873200984220e+00
4.797095056992505491e+00
1.648717534472136093e+00
1.872310755702181861e+00
5.612485657993751431e+00
8.774040101630470545e+00
2.652209520596333192e+00
1.673135762081830569e+00
4.098710218484213463e+00
1.055824489889637841e+00
4.209763247157294330e+00
4.883229593878821717e-01
7.429852201141017076e+00
6.690087433158586894e-01
2.666387856026749770e+00
3.509434056780691424e+00
5.563240778412531284e+00
1.381219129098370857e+00
3.723388417534982064e+00
1.491819658493241940e+00
1.914323207359214241e+00
3.953423293143748740e+00
6.461507748038960441e-01
1.634164110906051404e+00
1.177317284536710140e+00
1.080239330370040829e+00
6.455398375885503803e+00
4.865566605669402023e+00
1.197419449906536482e+00
6.961091023426528857e+00
2.991761215977165378e+00
4.618958173143335344e+00
3.198724611519348393e+00
7.634054011978698817e+00
2.223367554031213000e+00
9.553082208179228818e-01
5.121799528315336580e+00
4.614917009633533240e+00
1.034666712204111549e+00
1.216601141407655851e+00
6.364946365061646461e+00
8.046815810418627146e-01
2.231759542528138685e+00
4.658750504530104308e+00
4.204736947810600256e+00
1.133160650606504616e+00
1.763688131179198759e+00
7.359919184255002023e+00
3.108939619404651022e+00
3.627007328313537116e+00
3.401674455681552800e+00
1.199664492284931105e+00
2.079253187282526838e+00
6.253310751031672332e+00
3.678121540079499319e+00
1.710134120789550183e+00
2.536043189833053990e+00
1.050881816357449816e+00
3.993445602702990982e+00
1.382755655944181372e+00
6.167923514980917510e-01
3.537834603611214934e+00
4.261356157185650417e+00
9.766726021323982598e-01
1.926430541170067956e+00
6.553872546781281727e+00
6.677317685983770623e+00
6.220607958405439675e+00
6.426004264917803077e+00
1.774044797598106404e+00
2.727079858174697335e+00
7.954103205678150879e+00
2.447083067953650382e+00
2.006620323303201836e+00
5.319390845815793689e+00
3.605542859564479397e+00
1.665911278741241563e+00
3.150510953161245187e+00
2.265283024173136539e+00
1.668083910154578353e+00
6.360098256110068959e+00
3.063409996593903450e+00
4.735089248062177347e+00
2.724443998566647540e+00
1.937804284117869758e+00
5.808609447041261475e+00
5.724399806028417359e+00
1.465161159998497276e+00
1.079967954149104070e+00
3.219247405672101880e+00
3.026475845478853177e+00
1.173010291911855241e+00
3.571202393503178474e+00
6.231707399326978702e+00
5.608833542970228514e+00
5.183741843318764531e+00
5.950388586689189907e+00
1.149711744790635981e+00
2.515613074188872478e+00
1.518151501667135639e+00
5.872791403937398513e+00
1.227594292234352569e+00
6.279169486175255166e+00
8.105373555468023739e+00
3.453933371420069509e+00
4.767216803083676346e+00
8.778429461632601960e-01
1.893481636971047877e+00
5.701681750002131288e+00
5.998499232721234087e+00
3.881443987920269123e+00
6.729384370761511747e+00
6.611393794150847159e-01
6.076428619172164147e+00
7.671105113902789263e+00
5.212389471579591316e+00
6.258018805915156690e+00
2.417135472587160105e+00
5.139950102773424234e+00
2.051654789100397114e+00
3.286723463479287233e+00
4.998399349634314426e+00
1.109510527240735289e+00
2.029396722582470058e+00
1.305267686968176744e+00
3.552938019762094335e+00
5.048151933632505362e+00
1.268112249179546458e+00
3.493005860986015065e+00
7.838422079674893794e-01
1.582555216931716524e+00
6.577578316933714753e+00
1.631639363168247314e+00
5.434290669736856927e+00
2.778912934973186033e+00
6.228194437545165663e+00
5.147399731158462721e+00
1.637229889214612877e+00
4.904615247626223917e-01
6.483477716859747275e+00
1.925932088255415620e+00
4.018768744593069542e+00
1.690870750871164896e+00
1.410457100312869194e+00
3.999075232690136872e+00
3.346891627884654330e+00
2.196390790743651955e+00
5.001468564074452727e-01
2.874586065512593436e+00
7.863851034836660148e+00
1.948703062588694523e+00
4.528587193864122895e+00
9.881122370557395840e-01
6.612789159591759613e+00
1.761344449443326576e+00
1.522260457644271092e+00
1.175361361149185102e+00
6.636361986465804996e+00
1.403082257126763155e+00
1.578234244892082749e+00
7.106011325644160159e+00
3.107543380283567247e-01
5.633890036450881489e+00
1.685339798687752078e+00
1.470843332363594325e+00
1.120846560679166437e+00
2.726232344346427361e+00
2.054184515838091141e+00
1.642962038021430482e+00
1.564386746694047536e+00
2.388871105664268413e+00
6.036670961427542892e+00
7.315076343143052107e+00
1.073901942563006529e+00
1.861394028347318486e+00
1.094813982372651928e+00
4.210640615960016042e+00
5.889896494876261102e+00
4.033172768270338326e-01
2.910167451692605489e+00
8.640380102295659448e-01
6.888017608281872484e+00
1.541739249864225947e+00
3.914836957497308312e+00
2.267076286313352895e+00
2.391191829422480097e+00
2.118510714270721351e+00
2.371593402335490541e+00
2.939256046656412824e+00
3.203346737474291217e+00
5.500013436776217013e+00
4.237501757394822377e+00
4.348974169385094513e+00
5.717829325657979744e+00
2.224208165284050853e+00
7.194617810715247863e+00
3.027283842419702165e+00
1.708731951822490602e+00
7.916400191202195291e-01
6.047421384023710544e+00
2.601546512989661331e+00
2.974183234188292779e+00
1.506276148293145489e+00
3.377170777792951384e+00
2.410001005443182631e+00
2.066296535973808801e+00
4.747888481346056899e+00
2.508342551802652309e+00
3.934144079063409460e+00
2.695099268921987701e+00
5.625261756082988285e+00
3.671023390517600404e+00
2.606781500338276825e+00
1.912760755120499256e+00
2.597997468754734030e+00
9.830154922642414306e+00
2.133715882792613261e+00
5.752515837900286089e-01
5.138814203104793421e-01
3.836497200734610313e+00
6.149642492944978889e-01
7.517282726250532621e-01
4.272772578218211770e+00
3.863743621433082698e+00
4.812442454677517745e+00
6.703010169678509378e+00
2.814058694812120454e+00
6.330208358338181185e+00
3.468007560785637544e+00
6.197639400934869869e+00
9.160074956636902854e+00
1.655982712541884894e+00
4.829623567881332846e+00
6.217329231730817085e+00
6.023423121048947504e-01
4.483553184356804389e-01
1.575024001701480714e+00
1.362324265137438983e+00
2.683754703439356071e+00
6.425946551728865863e+00
6.311499609547465361e+00
1.130360922335308382e+00
6.038925322746694135e+00
1.321288409149796728e+00
2.170735747394984649e+00
3.675555470456304263e+00
1.864563459811413582e+00
1.888396088599224587e+00
1.912261066614688421e+00
2.660866901969926701e+00
7.456158167998037101e-01
3.683046234887290105e+00
2.301216851582481571e+00
3.730000878809841769e+00
1.266176156358740146e+00
4.788693451346757612e+00
2.828368410813608680e+00
1.087068733590978775e+00
4.150678611481877667e+00
3.823871904285052192e+00
5.593974260191819425e+00
6.454807209859922068e+00
3.826558932583074224e+00
2.492421709737487667e+00
5.297673503030356557e+00
5.149081289928019167e+00
6.324704095041641772e+00
5.207203482258312199e+00
3.648807422151811419e+00
3.368550998274340902e+00
3.413061613959373908e+00
2.794133978582276523e+00
4.443261997407456754e+00
6.085416789961279882e+00
1.570787213506755542e+00
3.754182649273934302e+00
3.924840831981118772e+00
5.110734160361134037e+00
3.751747194423467047e+00
1.977196504268456057e+00
8.667331480107322017e-01
2.142883044639213974e+00
2.177786543949676190e+00
3.536875304353823246e+00
4.776799240122487689e+00
6.163754845593999221e+00
1.928227723970499241e+00
4.270837078622383487e+00
1.524711113812037055e+00
4.725321072686204382e-01
4.527679047098740028e+00
3.311911480685666209e+00
6.440729536226491803e+00
3.682740803554923836e+00
5.977533932809013351e+00
1.008259579458253796e+01
2.589613119620628456e+00
2.269619096190073737e+00
9.931353391188012525e-01
6.268014849009331257e+00
7.435012017785526339e+00
1.245610850063076036e+01
2.101598143922670303e+00
2.690718654512128438e+00
1.419459775100043508e+00
3.141222773417473135e+00
1.543602959932609098e+00
1.117910280603863660e+00
1.008018401450789803e+00
1.332970802726213044e+00
2.723519724659592800e+00
1.988156831396185265e+00
3.394747646202672442e+00
2.870278105168031946e+00
3.282004178391595861e+00
2.398788790568537888e+00
7.654602961688724561e-01
2.178024013830011985e+00
3.455223232407814482e+00
2.319955561304929859e+00
1.300867620171003658e+00
2.141140704128583039e+00
1.252895201214523802e+00
8.403876682804506615e+00
2.823023588838531328e+00
6.522328242399222376e+00
1.327177922147917410e+00
2.508325258010640102e+00
2.739101142349470663e+00
2.333327574425888784e+00
1.977426458496584161e+00
3.808428527142266429e+00
7.044573614202601419e+00
6.104649150813068026e+00
4.439683988342242316e+00
3.608153034877736864e+00
2.266153958109567768e+00
3.292196240443953315e+00
6.170081613803906961e+00
6.589153107604003523e+00
2.916630466909078567e+00
4.524717790196488565e+00
3.339191737970529594e+00
2.213661881949253729e-01
4.099550742173271978e+00
1.131828592239261466e+00
1.231821613459145315e+00
2.496436832958157215e+00
5.624935782655775540e+00
2.152654222341448431e+00
3.929310781696980115e+00
1.361772615414183152e+00
7.491375161622394252e+00
1.015115039231125449e+00
1.532046059134130278e+00
2.807809820686626434e+00
1.135822219240862374e+01
8.883927943425056206e-01
2.473255653659592213e+00
3.864807476206906678e+00
5.531570056525615398e-01
3.634455929148614484e+00
1.119845960605432733e+00
2.691864333138516585e+00
1.878031717210017382e+00
5.503500216481530316e+00
3.072568503906139892e+00
3.617307507278477718e+00
2.071402767997201799e+00
1.583914947291785502e+00
4.035382368274422760e+00
1.791463788383151901e+00
1.090539969868752790e+00
1.199664609398184645e+00
2.401038591821464063e+00
5.320469902885784030e+00
2.794004658724374313e+00
9.197878109800329938e+00
9.436364788278674975e-01
1.377460698943901107e+00
1.013562604799289835e+00
2.268757663915450973e+00
1.225018959848356070e+00
5.684970811100542143e+00
1.787454088933191798e+00
1.125090385532505399e+00
1.842949206441916843e+00
8.120660387984717232e+00
4.905616502677458080e+00
5.524673749085732943e+00
1.144848970443649527e+00
5.908719219397162270e+00
4.484924745958411840e+00
1.428183405274617845e+00
3.173365472032412260e+00
3.784666727929316909e+00
2.732668243805723485e+00
1.030560145007591633e+00
2.750389624260106913e+00
3.001185002177685135e+00
5.077218535927146448e+00
2.806348425618098830e+00
2.845628336770944067e+00
2.027986276348597183e+00
5.737472554054853013e+00
2.226505307453795712e+00
3.711038800787520575e+00
9.260667675752902284e+00
2.796336447978495343e+00
5.080630215453353138e+00
3.219272356690672687e+00
6.454727290236289328e+00
5.095685882375541986e+00
1.681113932866278304e+00
6.247836697102336245e+00
1.973450265633987177e+00
9.593991110595929961e-02
1.870476536248247612e+00
6.388577566797945195e+00
2.348172701806641616e+00
1.115881336655728084e+00
8.538314580213577365e-01
1.293600392581337966e+00
3.306101464338409013e+00
8.215631929929326782e-01
2.132019302385262716e+00
3.177993315100761329e+00
6.066316601911053041e+00
2.377998295994662836e+00
3.512137579922991470e+00
2.893467313755861081e+00
1.780249130056770657e+00
5.405925097866450812e+00
3.162129151757798518e+00
9.367607593989155657e-01
1.375576494966278762e+00
2.534417287559006304e+00
2.058293550953301576e+00
3.922901444783321256e+00
4.478670635843466918e+00
2.360180183464168024e+00
1.557708035584242978e+00
7.359994132321779903e-01
4.924027539291380151e+00
1.274805521997613100e+00
6.577516711152472162e+00
2.972722593261357460e+00
1.473879092127777568e+00
7.594747889537058150e+00
1.699481868133050577e+00
5.969764409977539543e+00
4.302598984770171775e+00
1.238265198812312340e+00
5.740552550347905125e+00
5.964988992531685241e+00
6.388688306321788524e+00
5.944740692328497333e-01
4.414806042004702391e+00
5.238720141931455743e+00
3.902086373677445597e+00
5.869211518965476770e+00
2.967053845583790483e+00
3.811591504987563717e+00
3.488585128694659865e+00
5.152053549657785503e+00
5.881396078610637845e-01
2.275354065039875806e+00
1.698743773351045760e+00
2.239077697993995475e+00
5.020982245649443065e+00
9.817286424882434304e+00
5.253443224001433265e+00
1.622081715733331819e+00
1.204639659997547518e+00
1.435074223333665078e+00
1.482714482747110374e+00
5.113750222747057705e+00
5.162695185478459736e-01
4.888854539712667702e+00
1.008783026692027684e+00
2.692068127462837523e+00
5.266654459199920701e+00
5.723612586703461957e+00
8.068306922475390053e+00
1.849976280724452193e+00
2.436048208190778386e+00
5.150594422435745834e+00
5.345555542238847657e+00
5.372663232492378427e+00
3.162326872285128321e+00
6.549530820648906904e+00
3.066211887829850546e+00
1.982722798510263562e+00
1.047524735976999244e+00
7.079464433796555767e+00
2.087611718921066117e+00
6.281154918080472882e+00
3.840577961885813352e+00
1.787013691600251253e+00
5.163696964023401392e+00
4.378147392881129640e+00
6.724293789638348784e+00
1.505048992352560733e+00
2.532905210957764552e+00
1.432739627288438733e+00
3.781528590873266094e+00
5.587718452048185291e+00
1.669945570805632329e+00
3.405506245561237488e+00
1.900184328949910517e+00
3.144232125948313250e+00
6.888089748421345249e+00
5.237682799887136476e+00
3.202018742227443759e+00
3.092206874117402027e+00
5.840048196113641898e-01
6.317327773097010990e+00
6.525973771551868197e+00
2.323848133741944100e+00
5.363117946400297598e+00
6.810533382067605501e+00
8.416700975336192769e+00
4.606413412841794397e+00
2.100968129232807957e+00
7.452912413845892425e-01
1.069544912707325768e+00
3.586278985463182245e+00
6.908543243110096821e-01
6.064677314937241270e+00
1.810037805084337981e+00
4.844532027577074018e+00
5.706387189608267185e+00
3.942394200071001720e+00
1.697663612481010942e+00
3.404510174129391498e+00
1.526267001843012894e+00
3.813922825252406668e+00
9.205061511498912052e-01
1.601251086303570936e+00
6.857860953368597023e+00
1.617765739252220447e+00
5.921540424394606816e+00
5.559861697018514626e+00
1.139221404159649342e+00
6.351931735515060851e+00
2.580948772128583979e+00
5.125370361418469578e+00
2.726726049429951892e+00
5.853383221254747637e-01
8.924782408854094129e+00
1.314426263528641003e+00
1.069406958716963230e+00
9.355241107188438932e-01
5.247893656776569493e+00
1.557918162725815181e+00
1.028243888194681599e+00
1.934738976701719793e+00
7.185848563328433691e+00
2.420390321984719595e+00
3.994230758571815532e+00
2.426235866798966967e+00
2.330154166456192666e+00
6.236779510368205770e+00
1.389190741590148548e+00
3.357335501473795780e+00
6.560284890763531607e+00
1.116909944838884394e+00
5.997520529104462206e+00
2.673511533830760456e+00
5.285206624411538989e+00
2.922331403360066915e+00
1.932524167696210160e+00
1.517998317272095665e+00
7.741229457755374188e-01
5.703828373154628650e+00
5.043879321956559636e+00
2.328112346834856794e+00
2.231805118629275331e+00
3.990927108330952322e+00
5.432229086469282819e+00
8.965677565961346351e-01
5.764914861294880843e+00
1.368233193321147345e+00
1.345007239769012708e+00
5.033773656509705319e+00
6.676248130354868415e+00
2.695281587892827790e+00
3.015452604549003102e+00
1.798320578140151671e+00
1.868483613265363497e+00
2.694010079556705684e+00
2.663093727811151279e+00
5.609403765102918271e-01
7.852186618240210025e-01
2.927552259005778534e+00
2.249127714419200785e+00
4.780859540763102267e+00
1.893567226326357211e+00
2.975312967133818987e+00
2.175646910426029645e+00
1.250316527028389135e+00
3.124100093974908621e+00
5.506814430813573580e+00
6.406644697108769826e+00
4.403130780352209506e+00
2.808087067859534880e-01
1.670826684283665209e+00
1.730965967401825845e+00
6.051628684275063286e+00
5.744959558474653782e+00
4.488580301061587896e+00
1.446083079923946135e+00
7.033626037571262479e+00
5.853936198683713066e+00
5.038761463250850170e+00
5.695354557744564339e+00
1.980146179190347633e+00
6.264161960043051813e+00
1.579402225692711159e+00
3.118222915655933569e+00
6.147269628946674835e+00
1.954420349750333186e+00
4.450205382844674595e+00
1.628639209999292348e+00
1.355833334902460940e+00
1.234860111235675628e+00
9.276214278714728367e-01
5.022217965715444876e+00
4.659884066852601592e+00
1.831842975500812543e+00
2.489877702578995322e+00
6.118523040390796197e+00
4.424207648139901194e-01
2.133028166546738991e+00
6.653594553184531968e+00
4.528562888151856924e+00
2.846259437686356808e+00
4.477354202200557687e+00
3.161918683633905935e+00
9.344501604986497068e-01
1.501514444255664271e+00
2.192168797960803772e+00
1.140839935814637940e+00
1.596026536863095036e+00
6.163799243544719531e+00
2.526359938072685996e+00
1.743747068678195511e+00
2.064587619717950684e+00
3.839281206016970760e+00
6.899726588253821680e-01
3.921931314316166262e+00
3.946589408588629388e-01
7.519565573678530512e-01
8.735436606081581346e-01
8.862853244842047173e-01
1.597828187204139105e+00
9.722853208602088015e-01
3.503584651397832150e+00
4.608730628187695189e+00
1.489530686392225967e+00
9.383155225900248197e+00
7.053826868399877270e+00
2.427018546539648103e+00
7.599334726015888997e+00
1.845285949921105395e+00
2.874039666816472938e+00
9.841248136036501393e+00
4.411124813233504582e+00
6.691371419683442845e+00
2.994267677731046184e+00
1.693878895348026159e+00
2.174124228216777865e+00
8.871427645825011865e+00
9.369364422394713676e-01
4.355670954308843434e+00
7.443724193273723699e+00
6.390852963337343873e+00
5.960184534932906786e+00
1.090074980982238095e+00
7.367285560444321035e+00
6.467730202132027095e-01
1.993584019306046784e+00
7.206132530418642546e+00
5.217530847883603329e+00
7.422931605873183791e+00
1.692511661432396730e+00
4.758471229276857173e+00
5.189028456169587855e+00
5.806940082994144881e+00
5.426334562251753368e+00
2.944398967536479450e+00
4.746508180295080370e-01
3.410378027303200277e+00
5.779288387499700974e+00
2.514847549634838586e+00
2.039159595037624673e+00
2.196479267148486514e+00
4.042873826623111455e+00
2.456199223217287564e+00
2.716982487686455894e+00
4.962002403481343471e+00
3.442722388933165512e+00
3.521430368950222878e+00
4.522620172627196844e+00
6.267438725374556263e+00
2.726594162318939141e+00
1.233164269710553818e+00
5.928961757242802832e+00
2.693120750940855679e+00
5.493987393084969639e+00
5.225097843160811273e+00
2.074503030245221424e+00
2.611200087233795042e+00
8.812846065237142312e+00
3.271337785403429788e+00
2.224965225466769780e+00
8.955109034743223617e+00
5.379442901791584575e+00
6.725287750114387064e-01
2.029040457303366018e+00
4.585824315401026752e+00
3.284964646843950398e+00
5.300384366672932224e+00
4.649409221135171855e+00
3.891385669516571166e+00
6.368997025792760169e+00
4.240481738368687914e+00
4.453311967442580510e+00
1.531791984898277281e+00
1.984723886663100956e+00
1.926844996178083802e+00
3.639103977645116839e+00
1.393257057818573674e+00
1.419111212602164107e+00
4.280213775515939290e+00
7.949073420480696761e-01
1.552326372174090530e+00
1.222953269782185659e+00
5.294339125728144246e+00
1.552797073314190257e+00
3.430259444692562276e+00
1.598480541584521353e+00
3.508660058733151565e+00
2.334452496168303970e+00
2.777457862541740319e+00
2.503551496288106915e+00
2.695020437202646946e+00
1.921863249289029962e+00
7.538283009785090805e+00
2.848125630348178117e+00
2.159929940542757443e+00
1.073562728076259853e+00
1.391948108212264668e+00
1.921489837623344465e+00
5.112270428378177911e+00
1.040674186915865107e+00
9.057510643048753973e-01
6.981985636511142346e+00
3.569950417758243510e+00
5.169563763423601799e+00
2.472707041965930053e+00
4.392803054448118694e+00
8.874119755284484157e+00
4.864534697448445577e+00
6.174590997635858169e-01
5.013230169112582679e+00
7.461941606291380147e-01
5.658649282800110036e+00
3.157129535682371202e+00
4.704326818619083417e-01
3.663885925368334906e+00
2.265601020980326119e+00
4.523612636389617414e+00
2.379534345174378451e+00
3.977477136069809571e+00
1.322881803834127012e+00
5.087657058630226103e-01
6.552788086361890585e+00
5.107322909417618462e+00
1.206062135766623022e+00
2.613144939798353938e+00
6.389882901730077336e-01
1.261777727497064738e+01
5.914054950065599670e+00
2.741623547123845483e+00
3.745576177992100408e-01
5.261191749089379144e+00
1.423897900872726829e+00
3.861219915821346937e+00
3.341902183294509499e+00
3.068083059096085030e+00
2.397280174737701941e+00
5.250907714722193198e+00
3.990630543867416336e+00
1.088466165808769315e+00
3.496019742383560835e+00
2.533682446985656256e+00
2.272605298207199809e+00
2.213606433071248158e+00
2.600137104692839429e+00
1.849102945357373518e+00
2.390118514632025626e+00
1.838477811676482165e+00
5.460125963171928554e+00
9.880969466834682580e-01
4.025203520354527775e+00
3.443821748421375784e+00
6.890289963843104992e+00
3.776957868222885040e+00
7.065957675184198372e+00
3.995652107381935547e+00
7.029435277994363851e+00
8.066139563351344410e-01
4.901432988674007341e+00
2.688820207456148026e+00
2.112256283468669338e+00
5.259951482713596249e+00
9.406520739447348234e-01
3.908171890010665894e+00
7.481778913287702615e+00
1.172278824416775667e+00
4.057030180729689128e+00
4.078429165198230066e+00
2.350124521114324239e+00
4.636368271930323637e+00
2.601980532945720181e+00
2.164772935871429826e+00
5.881862999062916764e+00
1.845799041527858675e+00
6.001511098950299328e+00
2.985953093328771679e+00
1.760016704031392987e+00
2.364953771254934445e+00
6.897507909261676451e-01
1.638091475876723546e+00
5.492314158155637394e+00
1.939674702686886576e+00
2.983111253684219921e+00
4.129887309989492827e+00
5.235046553337640240e+00
3.382848427494435928e-01
6.786278591295431539e+00
2.295269620874656358e+00
2.363835352154751490e+00
6.390372393039410071e+00
6.992901866085944107e+00
2.101099633235167019e+00
2.055737383969130860e+00
1.440947087530253468e+00
5.292278108817571436e+00
9.643713553575623543e-01
6.335889689194997842e+00
3.185231942772203784e+00
4.051140585358896651e+00
5.853300738048906382e+00
2.519828335249917561e+00
8.946829944196926787e-01
5.499394071322917021e+00
1.137643613680103361e+00
9.585648928497755961e+00
2.248290286463573651e+00
2.789976558464523304e+00
4.552202101349278607e+00
3.153869594590411385e+00
2.422827747426827827e+00
1.683002742846617439e+00
6.895175802266409804e+00
1.995035040507339374e+00
5.294094623137445055e+00
4.090540415205500935e+00
8.132272600814112185e-01
7.141870519079527302e-01
2.616094790445909979e+00
3.942482608330847960e+00
5.437249179937674981e+00
3.487001337143440072e+00
1.519522986383253338e+00
2.618842777038932645e+00
1.082800276498628200e+00
1.588766937525284195e+00
2.675779897321114653e+00
2.411166011115934982e+00
6.662153565784930898e+00
5.242224567979077987e-01
1.038347750386579227e+00
6.990772175385250975e+00
2.056706587795707364e+00
1.894433588946933922e+00
8.416333889404683077e+00
1.791382845987155026e+00
1.631331799599571530e+00
1.419008524169100172e+00
3.736087870752564211e+00
3.589778803712311284e+00
2.146697934631515814e+00
2.827982868505016345e+00
4.640756484977609730e+00
2.834326624946276851e+00
5.537448402822186644e+00
2.091915290210643708e+00
4.678489466725296309e-01
1.263359832386514947e+00
3.719497804009048725e+00
2.653053360414682871e+00
6.768120171325329615e+00
1.514220844766234420e+00
1.298680531016573214e+00
3.609460862762413402e+00
5.458313758231564172e+00
3.158984041177738789e+00
2.218190167197711560e+00
2.413801231030342276e+00
2.735766949241580814e+00
7.043899370964794571e+00
1.608862072532019294e+00
1.107556854508852773e+00
3.181096562741525524e+00
3.613995336190319652e+00
5.578825227568950496e+00
5.574862753644380220e+00
2.143088594932617941e+00
4.680851535694809051e+00
3.608746298808844344e+00
7.710362760404647631e+00
2.011840067620506822e+00
1.001763585549758773e+01
2.179263053129083083e+00
2.650126370433276257e+00
1.003009679275081778e+00
2.588871659091391386e+00
4.895874839633099773e-01
2.686905770408415162e+00
1.147057090003654745e+00
2.226676100041558470e+00
2.418766772428628364e+00
6.190308752806831905e+00
6.280347446439851211e+00
1.795467113282687988e-01
2.414027475449598281e+00
2.745143557009998236e+00
6.027276321404353432e+00
4.018145663729741912e+00
2.835967861328187123e+00
2.384744232710153344e+00
3.449401258836809259e+00
2.782586436107814976e+00
2.701718877510184136e+00
2.533432325962701626e+00
5.743392879329851652e+00
1.171354513337272696e+00
2.238396157377872342e+00
6.539493054821001294e+00
7.367011585254193307e+00
5.052399870254322245e+00
1.320953362310467671e+00
4.602470440865521484e-01
7.338518023121754830e+00
3.530370297328736751e+00
5.670792748127858829e+00
4.749566397644648497e+00
6.782808487735519698e+00
9.076585888706254934e+00
1.848104925349909333e+00
6.447406994670164870e+00
1.804398526474035647e+00
4.614953704006619084e+00
3.319155218524493467e+00
1.850780606046166010e+00
4.608774505461684656e-01
1.948289409610359124e+00
3.958121256038935609e+00
3.120779399696782530e+00
4.938081893823861535e+00
3.087089120891650662e+00
2.490535785267443014e+00
6.087687930755594223e+00
5.807986981713269437e+00
2.561251910985052671e+00
4.997957231743708206e+00
3.641719117139938344e+00
4.493442038615986789e+00
2.324482620746214590e+00
5.337906835284303320e+00
3.098028348912702068e+00
7.046315075608738709e+00
1.302870805196289616e+00
4.193787028173843745e-01
6.780212539393552618e+00
5.010432562379127930e+00
6.109327314597804204e+00
1.283072577136208814e+00
3.440245175519328402e+00
6.031812862104920292e+00
4.270225966064074896e+00
9.485474919477315581e+00
6.260431507610444868e+00
8.302175756821409180e+00
5.291386267834730539e+00
6.807957542587927957e-01
1.692734637493554350e+00
3.555042452604362246e+00
2.316954562464400791e+00
4.488007433136097291e+00
6.362263185116322717e+00
5.349307969063941126e-01
1.113114198938888855e+00
1.686308055595669986e+00
9.558154594501235835e-01
1.678726665906101312e+00
1.475735479765067470e+00
4.573856794363015510e+00
1.687689534969582406e+00
3.461763387732736508e+00
5.341763911537616316e+00
1.900971912247310547e+00
9.761836325249976909e+00
1.656880834157267834e+00
2.358821892012282095e+00
4.365644065333138535e+00
1.367706911627468047e+00
2.063808501820392216e+00
3.956280711091028746e+00
5.436234724759588133e+00
6.156565055061225422e+00
1.784482191319462396e+00
9.876583963080899364e-01
5.600822840872415220e+00
3.731808295088382632e+00
4.995929801648697932e+00
6.874042244003896185e-01
5.336986215946218692e+00
7.354710377107676500e+00
6.995337757379400223e+00
1.481024803935291123e+00
8.513286041420784045e+00
2.238202211023103683e+00
5.008356524832012546e+00
4.638751056655774363e+00
1.946711431114999780e+00
4.655572714953781777e+00
5.032816895698763560e+00
1.195230297587999324e+01
1.508182635406792205e+00
6.912333019676550450e+00
5.272323000579904217e+00
6.890933219056918357e-01
3.958868809258354382e+00
3.558771544564486078e+00
1.483283132075376320e+00
8.047359781435043047e+00
5.986615384691738484e+00
2.288487696244887015e+00
5.933770659637112921e+00
2.768617427384862051e+00
2.191111737771049395e+00
7.707369774597517820e-01
4.237153098596303735e+00
3.835614645868966388e+00
6.289921113604395764e+00
2.278792959174273935e+00
2.844316811325682259e+00
2.518290090024986050e+00
3.570045290391110182e+00
3.216592002917141091e+00
2.717890747033394838e+00
2.239095692204960297e+00
2.188185077119533251e+00
1.713666790615396618e+00
2.179722611599341331e+00
4.425474965381073211e+00
3.339638498516961818e+00
1.059598354003902010e+00
8.207298105399189581e+00
4.325164835860635826e+00
3.211568785925732694e+00
9.348592744650298103e-01
6.368027647725648777e+00
4.601562522248388909e+00
5.500224540882149959e+00
1.631163003545876400e+00
1.259366097759669900e+00
5.552811357030538630e+00
1.746903196840462913e+00
1.703236689628541356e+00
3.377426276737359068e+00
3.793370954174976273e+00
3.631592894106034919e+00
5.974393914113819370e+00
5.722830615010381372e+00
1.156554984190000290e+01
3.794550185194472292e+00
2.880077003654005097e+00
1.686825828756196355e+00
3.543543748556304607e+00
2.662906025281376543e+00
5.814588365106797552e-01
1.102351443482155746e+00
2.427116024980575659e+00
5.193415365358038827e+00
2.736486139594394018e+00
1.159142728530814903e+00
6.096513608395349060e+00
5.973404280623568319e+00
5.313065029188934751e+00
5.043022369424036810e+00
6.665329899746152975e+00
3.692398386377210961e+00
2.386896125294117432e+00
6.564926936853485273e+00
2.044452540862781387e+00
2.394875670045126803e+00
4.985012008921233750e+00
4.368486246539694307e+00
1.033627707916709326e+00
2.134050993338390434e+00
5.398534498291080119e+00
3.192007910414131455e+00
1.651441378818153671e+00
4.554026218834424711e+00
7.774685901371821695e-01
3.559346349689805677e+00
2.493739848711741036e+00
5.293998179821914007e+00
6.366958153993695468e+00
2.675913530602373136e+00
5.805056714286033204e-01
2.412174103252843871e+00
2.849986820006702004e+00
1.929931015325658583e+00
6.168828287876158889e+00
2.833283082821217658e+00
1.988342236683867226e+00
2.372927811006145582e+00
1.193523636966366208e+00
2.453398794629327195e+00
1.067718432034650888e+00
2.402203612790047682e+00
4.336481695987401963e+00
1.147123385329931855e+00
2.601525595618962683e+00
5.142140131018228644e+00
1.287602517030107752e+00
6.164343855931603500e+00
5.926472664120744582e+00
5.808426313544394759e+00
6.620107133911909969e+00
5.786490678807879817e+00
3.381470612445920843e+00
1.327765411386201855e+00
6.879967996047130718e+00
8.461487200323268842e-01
2.221774393186761287e+00
6.953450628098805986e+00
5.728615217567970319e+00
2.838651354956245321e+00
1.534518883667378875e+00
4.785438838032788134e+00
6.389778146302272255e+00
2.254208064942845535e+00
4.992021126940702658e+00
4.922353157353304698e-01
2.550275113543112759e+00
3.579170827806142263e+00
2.059544076339817398e+00
2.255993189387133224e+00
3.012851103487486970e+00
5.793477086324110736e+00
6.021903299442212365e+00
1.980089906543984535e+00
3.349905486640345043e+00
8.245184087655633931e+00
5.250958011527972147e+00
9.648346544815513681e-01
1.239732336311529570e+00
4.219120618164417635e+00
5.572322796239874698e-01
3.077935743688656967e+00
3.818503524585847408e+00
1.410449533965846491e+00
1.102797086599129806e+01
6.744885714881763583e+00
2.954513446094773066e+00
5.775846746641218665e+00
4.168956478961361789e+00
2.150995129239063441e+00
1.580949848228125010e+00
8.916456100710358212e-01
4.134194891991709753e+00
3.834313931931727204e+00
5.808739812368736821e+00
2.951107608306857699e+00
2.942484701709811468e+00
5.308857398199108069e+00
1.634228100463193112e+00
6.584653773073402050e+00
1.534583696255573226e+00
5.924880130086715546e+00
5.126331081985989968e+00
1.288245722215547673e+00
4.793413227957770140e+00
9.111388700432198062e-01
3.686356290626564558e+00
2.663653004870472074e+00
5.676524264863573421e+00
6.430115416552118823e+00
2.266286541294079804e+00
6.986487051440974483e+00
5.910445273020204837e+00
5.353775881933456660e+00
1.153245337565794948e+00
2.698808113165666267e+00
5.547485696627122209e+00
2.553537337660694018e+00
5.973756940999079390e+00
6.459990230549523815e+00
3.684310779968312577e+00
6.764005532802725984e-01
2.748401069948029019e+00
1.757018699954280949e+00
3.093294873574128356e+00
2.949776333067381184e+00
5.415540687219072780e+00
7.608619448495449467e-01
4.233120827959651611e-01
5.178696371471354531e+00
6.496663277939402903e+00
1.633142439887772968e+00
2.149217907899160007e+00
5.218211928569066238e+00
2.986472140906923478e+00
3.664369053614251470e+00
6.071208563446178763e-01
6.144334468200703725e+00
1.340178051889843847e+00
4.933627203471309564e+00
8.711290795847912438e-01
1.039349020114562450e+01
6.439904962117321219e+00
6.327068594055344164e+00
5.987955330212318961e-01
1.754627492978013459e+00
8.969637828325023321e+00
3.827627980069759239e+00
1.254500065968750633e+00
3.281009649114632776e+00
6.769657679233033853e+00
6.741702458618149763e+00
1.572980944505324885e+00
2.484493209426557048e+00
1.958131713658931350e+00
7.963279429776705109e-01
6.974745478886680061e+00
4.357260936988388345e+00
4.833400117975305221e+00
1.167166045234242500e+00
1.982334623654187888e+00
3.211545482558474163e+00
2.363769514166760288e+00
6.983808510139534853e+00
5.278807405377123452e+00
2.328184578004087513e+00
5.550073569790794359e+00
3.880892163069150413e+00
6.890227760544214597e+00
2.588812041550271115e+00
4.048402951046782938e+00
6.664231179276157491e+00
6.270128145502880557e+00
4.351454102168226257e+00
6.723855374453317602e+00
3.884976661104195816e+00
1.530428998666504503e+00
9.186100017997067546e-01
1.112439905222982972e+00
1.445759814490122697e+00
4.323909146237139289e+00
1.681924953136429091e+00
7.829441414750182293e-01
1.040315864198243068e+00
3.587232681663672818e+00
3.261197441873640468e+00
2.148000791236158058e+00
6.233807903499068104e+00
2.354049540059328205e+00
5.875812569189328372e+00
7.531665258049634382e+00
5.424177493740099720e+00
7.609548778227638088e+00
3.370666608441096113e+00
6.425045116720092153e+00
1.111104961588433637e+00
2.444664036917614247e+00
4.859309502559957750e+00
4.440643586022710920e+00
1.646158445513586255e+00
6.477536341481143545e+00
1.988356927201918367e+00
1.715214604608154447e+00
6.344782663142233936e+00
6.852575118782270103e+00
1.751417434513403037e+00
4.435420126086990322e+00
4.577988921868790584e+00
1.614947016736935081e+00
2.993867190427505598e+00
7.428701723959483694e+00
1.773421985278049950e+00
5.484465602577799359e+00
1.421386996475115438e+01
5.476281483737936995e+00
2.199728746732410922e+00
1.512896862774673945e+00
1.473873073584913707e+00
7.532826385220271703e+00
6.116062215013384318e+00
1.726810604941785288e+00
2.735238882120004433e+00
4.868447072952976740e+00
5.892674672549294002e+00
6.551801288432741011e+00
6.100428238904256339e+00
5.933806875112678902e+00
2.010965732172439679e+00
8.412725668908953125e+00
2.558301453311193630e+00
4.745765864275160340e+00
1.188792048986357486e+00
5.129447699639065883e-01
1.323409326754809046e+00
2.881275494989348207e+00
8.159140022257639346e-01
4.437135201382778504e+00
3.700573533003201465e+00
2.654118988445808736e+00
2.399288570531500131e+00
3.960695166722541849e+00
6.323907331408464838e-01
1.060791852927561951e+00
7.249719496124948925e-01
8.139024632547712912e+00
8.049796487761462060e+00
2.047072803161547494e+00
1.274791504974092105e+00
3.555082744439863163e+00
3.714630310796706247e+00
4.834448772357997193e+00
2.460254605653853677e+00
3.485800524354636831e+00
2.081231927942276183e+00
6.694066740641468893e-01
1.404731615814351908e+00
6.814410904444356820e-01
1.002622590228824384e+00
1.472433773195648277e+00
1.357738297714166986e+00
1.443070084917968954e+00
4.986267873474733214e+00
1.180116541997530888e+01
7.714123108601230072e+00
1.398561336107200237e+00
6.078410192844232895e+00
5.435819757770256722e+00
2.227935689024060917e+00
4.811180720226192697e+00
8.173134669362784877e-01
1.353542728174358389e+00
1.237035200438108218e+00
1.635501769497382574e+00
4.101121719397689880e+00
3.273107681164078020e+00
2.667414979857874791e+00
2.839150090293210749e+00
5.963538620854938799e+00
1.312684537927025552e+00
4.478617543072030749e+00
1.389509111482394310e+00
3.238380823478380854e+00
1.451874242474316956e+00
3.005211970381272302e+00
7.222872945648093346e-01
4.141195063994698167e+00
2.998639707359438855e+00
8.431954381328915504e-01
7.546819204831864969e-01
4.176130270195832495e+00
1.333106145196094161e+00
1.897180328998088417e+00
6.069093907297230750e+00
5.301463458963314501e+00
3.679476621786560653e+00
6.576178619302574191e+00
3.466796390322163468e+00
1.157260134714700683e+00
2.930912475922761384e+00
1.122211455319992446e+00
6.028368788404732115e+00
8.571910105812714065e+00
2.802565308379092901e+00
7.205209456227515297e+00
7.908024124704396307e+00
1.968808938926567276e+00
2.892625117448405891e+00
1.599163766315371049e+00
6.471948224078571954e+00
5.263575443423788691e+00
2.648227078360430031e+00
5.932171879441779261e+00
4.024974901628105783e+00
9.101128722253326586e-01
2.550993324420301800e+00
2.187877366540237567e+00
1.928828336071867433e+00
5.018867330440815344e+00
6.295039192732279965e+00
2.689603357936607875e+00
3.607083742685771366e+00
7.294249412567316293e-01
1.103452660923157858e+00
3.137404610158032625e+00
2.551554745071278330e+00
1.937985025375538406e+00
4.211728021981649306e+00
1.093411505860669264e+00
5.805451522251496854e+00
6.585095269312128963e+00
2.892396938806850226e+00
3.546202123907266746e+00
3.934958579523059274e+00
6.709801698175422047e+00
1.503545595700053861e+00
2.102751098412378727e+00
5.359416615416739305e+00
1.808738375895559525e+00
6.266850980745967803e+00
7.791178092015388579e+00
5.744089534078860915e+00
6.025527523484389469e+00
6.386975789137033566e+00
3.561572455437687523e+00
2.537156211638322834e+00
1.443555818461994322e+00
4.974486790251068768e+00
5.569209793422722043e+00
1.609292707228275665e+00
2.248299270041024034e+00
2.198400570003455456e+00
1.334753345042434036e+00
2.814723651653111780e+00
8.439570003071963811e+00
5.908139841468240228e+00
9.816936024891129708e-01
2.423976521019350461e+00
6.517030139726332827e+00
1.101578527144877251e+00
3.726747112405365825e-01
4.218307779569410165e+00
4.897341547698571773e+00
4.150355118379624564e+00
5.137001836824546253e+00
3.017530135170183314e+00
1.832785646489811571e+00
1.916518695714642950e+00
1.872663164730484775e+00
2.398530574098324930e+00
1.625952481573488928e+00
2.084884395114204647e+00
2.119881254592326680e+00
4.591850970176254876e+00
1.732133318156055868e+00
6.754006766534891071e+00
7.927279084104775997e+00
6.010725806994273945e+00
3.080567515386036792e+00
2.935919548889774688e+00
2.024655118349401928e+00
3.360585335198893020e+00
1.967993408858092153e+00
3.071763373900119554e+00
3.811412848219418059e+00
6.198690189127318284e+00
5.782076419303145975e+00
5.635693383951156044e+00
7.068383195615404624e+00
4.221429488923821971e+00
4.615491889389466529e+00
3.967990866621067259e+00
3.266293448011999168e+00
1.132143072360092262e+00
2.227356309367627407e+00
1.141204290053095205e+00
3.654243321871585071e+00
1.608989713376089536e+00
4.797217578286653072e+00
1.894975712756507669e+00
1.433406390742621106e+00
1.882198113916939697e+00
3.335809800898795974e+00
2.804010688518081551e+00
8.226517042734608154e+00
4.801195724784729779e-01
7.524990443194508494e+00
1.360402419418105024e+00
1.507931772242963708e+00
2.348619120672767735e-01
2.815113315648621661e+00
4.234579352411320663e+00
1.394347807184375121e+00
1.815738325023061872e+00
5.545734748562736627e+00
8.347002396824267478e+00
1.305102193177759551e+00
6.786155957731071497e-01
5.767450212676437538e+00
8.790599113412190801e-01
9.963391848714475696e-01
3.820720257954908217e+00
3.792112461902401144e+00
7.094628556000769137e+00
3.514764129844902829e+00
3.966361742817223313e+00
5.963041107379479788e-01
1.989797328433907442e+00
3.497319339696967067e+00
2.895015213204775950e+00
1.258539718700666166e+00
1.373317222237598667e+00
2.500459949515734248e+00
3.297921650471146826e+00
1.233349678236062008e+00
1.549760079606234964e+00
7.493533614612273297e+00
1.294998428461650031e+00
3.311720632971315581e+00
4.646150715997805491e-01
2.325219368964323574e-01
3.751892410386248766e+00
5.528206759690507788e+00
1.368453335736224519e+00
2.069576891356873283e+00
4.291012675117263697e+00
1.117699652758714857e+00
1.131726161164706257e+00
5.727303172260569397e+00
6.195791771939179959e+00
1.529770085701675164e+00
4.246987198116280560e+00
3.891330699195094223e+00
5.851265137879873457e+00
2.607151844074438340e+00
3.079178554669324441e+00
1.805967912170027168e+00
5.346826139315004056e+00
8.168137768338334936e+00
2.080482672176858561e+00
1.069272730045976338e+00
2.644557974532464328e+00
3.435309543734326176e-01
4.686959238050752319e+00
3.736808321048995740e+00
1.825945678688611906e+00
5.225901887488545228e+00
5.007836904829266800e+00
2.823266240442004360e+00
2.898077509412431585e+00
3.814647959407346800e+00
6.923221377626790130e+00
1.000904959696101493e+00
5.841553289704711105e+00
1.998199902362565172e+00
3.289870651575902194e+00
2.534813839677423797e+00
1.043644452044677068e-01
2.225007278257125964e+00
7.036220493217405725e+00
1.676862568956176025e+00
4.891080979144879493e+00
5.506584851313481854e-01
1.668931198633295754e+00
2.932156837402107197e+00
2.869485399303023598e+00
1.457597973949891035e+01
4.265260732319966053e+00
3.423097878266392780e+00
4.686498859033710218e+00
8.517165651328301834e+00
2.500871437985453305e+00
4.802750983457604761e+00
3.025741368865976888e+00
3.949406737547616064e+00
1.702297712780634686e+00
5.590045755910763248e+00
2.767458704197446551e+00
2.939613851124359911e+00
5.904918732582771668e+00
1.349916870169033167e+00
3.803905036161222775e+00
8.817545480667750013e-01
1.231650111128140601e+00
1.131064171822527831e+00
4.717265842403315368e+00
2.165034762244625544e+00
9.915680407018356846e+00
8.328744161702954507e-01
3.525173110557629497e-01
5.641816988147674294e+00
3.027303652692745928e+00
4.946147860100944094e+00
5.631969957093009960e+00
5.219395365549105215e+00
5.013182429724555966e+00
2.145214101975381205e+00
3.721532700173848518e+00
2.917067027727605399e+00
7.989896374452425398e+00
1.300379078614997130e+00
1.725162441411094649e+00
2.629066497832472038e+00
1.434129689449169964e+00
4.333212076761138398e+00
7.472937706136475455e-01
3.439780314459962796e+00
3.773935426138983917e+00
1.723952459732976950e+00
1.466380484737271894e+00
2.215573165331094163e+00
1.300760809589456724e+00
2.072434401984238672e+00
8.640661544176543529e+00
3.146245552878487395e+00
1.523862412100746022e+00
7.307186611775172702e-01
2.499544467823517024e+00
5.827686173127535341e+00
1.495115185342426045e+00
1.769472759128414507e+00
2.722140010588943948e+00
5.803742848470159199e-01
3.951794522594866965e+00
3.629216467472560659e+00
2.743684722783102270e+00
1.334435755652199518e+00
2.389086490226901560e+00
6.954558700286304962e+00
1.016915969281816157e+00
3.154035508794138742e+00
3.690018378032418500e+00
2.612858486472940722e+00
2.881875934261884709e+00
5.680972256441051194e+00
2.464351303843223651e+00
7.879914225478408252e-01
5.344806026785116515e+00
7.888195374227187084e-01
2.932518204237133830e+00
3.622018039236996501e+00
5.082464668005517439e-01
1.244262229481764015e+00
1.733135090007611456e+00
1.169669638012288182e+01
1.323612885337741796e+00
6.355130126123439638e+00
6.421151742742216229e+00
6.332946388222640444e+00
2.546708197944643093e+00
1.934506026727133454e+00
3.501166576529801233e+00
5.894925409559538032e+00
6.443183022822253747e+00
3.106575666354044696e+00
4.767205568397036686e+00
6.232869528821948890e+00
3.933243586398691871e+00
2.961011918626111683e+00
1.603061240132881871e+00
5.434478909234138122e+00
8.824272288473098413e+00
7.234138477606523843e+00
1.522218217216424030e+00
5.477600151708376330e+00
1.486038708350049919e+00
6.121854068107591473e+00
5.377702472135438505e+00
6.321124427055796247e+00
1.501591157710457369e-01
1.955567075662306475e+00
6.357749152161288997e+00
1.786372638057526441e+00
1.965492709784618430e+00
1.686952593961172475e+00
2.096952711476639752e+00
4.457794208651218781e+00
5.560176041886376375e+00
4.193103926262398140e+00
5.325088422265400467e+00
1.410040324850538873e+00
4.346378421388440216e+00
2.415227657735726563e+00
1.746458379308329034e+00
5.173992238271604371e+00
2.488165794701342026e+00
4.167604594221635317e+00
2.163676703787341893e+00
4.848288445150698678e+00
3.295715237818956034e+00
2.371106098195049583e+00
9.718826421414313854e-01
4.398634927538623174e+00
3.142873995319059421e+00
4.138480462321790121e+00
6.671988249074800592e+00
1.709812263562565660e+00
5.384592631450488831e+00
3.493407438413382415e+00
3.768058769116258144e+00
2.627437532540878973e+00
4.173623189125602373e+00
2.386107479151263977e+00
3.237400879711716861e+00
1.648306027056321899e+00
2.127880794302998702e+00
3.217591958654443474e+00
2.354245662707119546e+00
3.259152561944184789e+00
1.030174055109650988e+00
2.959663645795251430e+00
2.840189850600266297e+00
2.648051730509644042e+00
3.411486959520971585e+00
5.081700458161430234e+00
9.860526132625242468e+00
2.273042507741984242e+00
7.175435196268735716e+00
7.552211774914277420e+00
5.880720979860430964e-01
5.772826555556857642e+00
2.163584801718368755e+00
2.587496835259372130e+00
1.717193035342812424e+00
7.693265312989401750e+00
2.689337159947950084e+00
5.910142110550038907e+00
1.685269467007073807e+00
2.204795825527740671e+00
3.092257007147297454e+00
5.816288028338248317e+00
4.481422305328881528e+00
4.471117954465892552e+00
1.432902943710508081e+00
2.017134830616402752e+00
2.419496846501309584e+00
4.540223178855852915e+00
5.328610583081808905e+00
2.978861463041233559e+00
3.437022014884270504e+00
6.780334582184932568e-01
5.710124178335722611e+00
7.226040169035960581e+00
4.407555146446263450e+00
2.021299556787790941e+00
2.672505783723837958e+00
5.974916535166893361e+00
1.937225151595759476e+00
2.873877728247631325e+00
1.513937192936810838e+00
1.562362776221748906e+00
3.247297964243505142e-01
2.131296607869164639e+00
5.367086544114747504e+00
4.415145707178724344e+00
4.556009486937182551e+00
7.324723644438368986e-01
2.488917475509346833e+00
2.934375640747985958e+00
7.068563348405675351e-01
4.103163182035434176e+00
2.077204322324154528e+00
3.040588079894777973e+00
8.727385137260161851e-01
4.016413985147772259e+00
3.239867672378403896e+00
5.809449144851807745e+00
1.781185633939278423e+00
1.886280720846237102e+00
6.354986414893158297e+00
1.230822886340499300e+00
1.396429647419609621e+00
8.208199224365980706e-01
1.192853387967476309e+00
3.365943257073455541e+00
2.480881305968225981e+00
2.911543740060698937e+00
1.641880705463045098e+00
7.248749277579633610e-01
1.589221289737170251e+00
2.244777364257876329e+00
5.140296359462371178e+00
1.149641968684432580e+00
6.545402999876608341e-01
6.772483825410660963e+00
1.746998322384536229e+00
4.550126951715075307e+00
2.668754233406437137e+00
2.375943621592484067e+00
2.886009649637035768e+00
9.798605201023402600e-01
7.338668644206885361e+00
2.518060696768042561e+00
2.597906283052402010e+00
6.268492592560548360e-01
6.708101331998187256e+00
4.609505051105201368e+00
5.568503407189251408e-01
3.588840044561195874e+00
3.619280329305955668e+00
2.951427482242244604e+00
2.387708485741313336e+00
1.941056097631296717e+00
4.327749320222168627e+00
4.669448558639838431e+00
5.232314090645968641e-01
5.501512543845456626e+00
3.523992860371442770e+00
5.052551913010091766e+00
2.322171136004031577e+00
2.944700946925817853e+00
1.709070156804920693e+00
5.139262942287326830e+00
2.071693712202229865e+00
2.114247473841514680e+00
4.084739401780084656e+00
3.659457612524798176e+00
2.579827507732014080e+00
4.926425399100908820e+00
5.985789019370981734e+00
2.151549102125545954e+00
1.836193815513115002e+00
2.312688533086809439e+00
2.173641541963479362e+00
5.157500186963010158e+00
2.745289079620857109e+00
1.111951158459971500e+00
1.170423137648842316e+00
1.291239928233055778e+00
1.938503828215059066e+00
3.714513651282441042e+00
2.248214555498140754e+00
2.472546683371532161e+00
3.615246238960142300e+00
4.344684304813456244e+00
3.118683548519302740e+00
6.273685370365235769e+00
2.021354614866517796e+00
2.295117760067928003e+00
3.183516400667395274e+00
1.591104185659273140e+00
3.436009734110959002e+00
1.580062532500438932e+00
1.455368916324737194e+00
6.926529510742500673e-01
1.796305511877937411e+00
6.889185710682128594e+00
1.303991222482241197e+00
2.504300911885918524e+00
2.635424195678414350e+00
1.913148896157822465e+00
5.429677166303922498e+00
2.304124063277656731e+00
2.722535523627625409e+00
5.088745237733237836e+00
6.965586539865475935e+00
2.660349631789735714e+00
3.430901713808435893e+00
2.180225884530093694e+00
1.435591651436325611e+00
1.051159761924648661e+00
5.195511254830111447e+00
5.882550971076622837e+00
5.784839140040510586e+00
5.625236333853226967e+00
1.910387115859931484e+00
6.759504414774223591e+00
3.229348930313466592e+00
3.924891718844766508e+00
4.721625773644143820e+00
6.321259720397578441e-01
1.802308796932141188e+00
1.817733922968473026e+00
3.475321497760880174e+00
3.406621451987298599e+00
5.282505412103851050e+00
3.886142016660585341e+00
4.338188081420135234e+00
3.009118464398388149e-01
2.075635512691083040e+00
1.029213160403901206e+00
7.356874520393067662e+00
1.289362113104896013e+00
9.960591661949367293e-01
5.947400052711928176e+00
9.479143209829156147e-01
6.545053707817482191e+00
5.847995267084130866e+00
1.080844933670771502e+00
1.885066903533543448e+00
2.906647935812030958e+00
1.121525290757956483e+00
8.411420137916328921e-01
4.687128758218198854e+00
3.971791354355117765e+00
2.125771692011552361e+00
2.030573842794527906e+00
1.962402029731482811e+00
1.572104763426756424e+00
4.805181081920623321e+00
9.504290318987489439e-01
9.385923310489943105e-01
2.848912773826520528e+00
2.256321440369705389e+00
3.738699389936576800e+00
1.844405989796509937e+00
5.027591458684400827e+00
3.987679782722342026e+00
7.274109518020490661e+00
5.720561554268727811e+00
5.747978541082383597e-01
4.541941850829760985e-01
1.136579019611032138e+00
1.232395434572153059e+00
2.971978815243264904e+00
1.550952403828007364e+00
4.286463378990760908e+00
6.369231734209179763e+00
2.272109916105482963e+00
1.145139075253998051e+00
1.378898214723126125e+00
6.502627288736057665e+00
4.846857902716525501e+00
2.707793233703273295e+00
3.940835268024453164e+00
3.527403312270538827e+00
1.997451458887827158e+00
1.121935398718952870e+00
1.859155884442482254e+00
3.617902204451387771e+00
3.123480313696360700e+00
3.309993400140762709e+00
1.235929722027023114e+00
1.850164743815083002e+00
2.411943814582985901e+00
9.458388592603977907e-01
7.570460804849241221e+00
1.182409021452279996e+00
1.243702964122711752e+00
3.969974322754143969e+00
3.329650832852437681e+00
3.096360236823620937e+00
2.867293659339035461e+00
5.575144320705012646e+00
6.847929688117424529e-01
4.248831408307812474e+00
3.647448055798670374e+00
2.380844047719674617e+00
1.219455717970050035e+00
1.293617059590242979e+00
2.924565023751279469e+00
3.636890750626529556e+00
4.746166464704720589e+00
1.955713293332354663e+00
6.584693199758369531e+00
3.331549024365562328e+00
5.101935647098844839e+00
5.959350223804687374e+00
3.417008782707752435e+00
6.620493906438625231e+00
1.096328398507468771e+00
3.484909132027142586e+00
9.032052887863999402e+00
1.647963331366705919e+00
1.343163354935830389e+00
3.283689661376663516e+00
1.719362521414534717e+00
7.847868518342534516e-01
2.306334142209606863e+00
1.903859747671557745e+00
2.059280107209353616e+00
5.274829502697880201e+00
5.448987129776705629e+00
1.613990650349129696e+00
1.099246743402627402e+00
2.100263527488638093e+00
4.996695346484441913e+00
4.265955703498027773e+00
2.307574581600150498e+00
2.810888134407700800e+00
2.881683271278899117e+00
5.107905482476134296e+00
6.049269400152183174e+00
6.052865735312621176e+00
4.096900471663754040e+00
2.647992561446351978e+00
2.598624848163640699e+00
4.490943963511075054e+00
1.113325534653487603e+00
1.335509672575907469e+00
5.920514160239105372e+00
5.713772094812650693e+00
4.258197901117862116e+00
5.749080417586917235e+00
3.386306090397234847e+00
2.963771551006789906e+00
2.316792327476522306e+00
1.476435093586992098e+00
2.806122110102267087e+00
6.436341752983099518e+00
1.904822114684385115e+00
3.795703864975198960e-01
3.632539460643395834e+00
4.712787962968105759e+00
4.004528585344779401e+00
1.329741284158503234e+00
2.866894143128079442e+00
2.125073918601549039e+00
9.129510655433755062e+00
3.839915134975724786e+00
3.479056698326613351e+00
8.738337696840732249e+00
3.204926541405881846e+00
6.685151362795086483e-01
2.317341337878577434e+00
5.338462191139178081e+00
6.001970772017721778e+00
1.725404164371372229e+00
1.706745854211862090e+00
5.570584032122706475e+00
3.321793591913444033e+00
1.097820583538771766e+00
1.275843319200528514e+00
1.079585443781297949e+00
2.173989788039524473e+00
2.580128848471197500e+00
6.814118189570820938e+00
8.022343406805003241e+00
2.333384844920418644e+00
6.344743014152559368e+00
1.239218604484416453e+00
3.833222239695681210e+00
1.325222710624767597e+00
4.762201370517717081e+00
1.954634638504426203e+00
5.242436873221783422e+00
8.535929924306792316e+00
2.835151123226258285e+00
6.140599079575643771e+00
1.200506374610931681e+00
1.881374973403728834e+00
7.011978493351921138e+00
4.288475107246617624e-01
3.234897325552446468e+00
8.421741584004704961e-01
6.399341381798222983e+00
1.236396891277326215e+00
3.832559076560807299e+00
2.601700077622095542e+00
4.220148117188848857e+00
1.784317759524063352e+00
2.818301402297148428e+00
5.108272674565513150e+00
7.238347207672678474e-01
6.105916227930795692e+00
1.847593556824790539e+00
2.983517498928723644e+00
3.686110540123546109e+00
1.634237127383272536e+00
3.182895853639727823e-01
2.567279783321511299e+00
6.593266464604617738e+00
2.432558269570843201e+00
4.758567524049762909e+00
4.837449039317728960e+00
6.407692259798426271e+00
5.643929540764762720e+00
2.641107026406451119e+00
2.170531825381390778e+00
5.306948065620264110e+00
1.734366943532923200e+00
3.486827438566241888e+00
8.209382745994744379e-01
1.469341502038816083e+00
2.045061816904219398e+00
5.752551317070277115e+00
6.642011065389151758e-01
2.226779734278560241e+00
2.196142786014490422e+00
7.900665742605179176e+00
2.945970892045661760e+00
2.658085633757383714e+00
1.688858833486966748e+00
2.534039493416007982e+00
2.158071616570133688e+00
7.333971878137313993e+00
1.492414944932335841e+00
3.747822771477630877e+00
1.322871360415588615e+00
1.711563406410717691e+00
1.016863709033089691e+01
2.016874961113574116e+00
3.309857104500665059e+00
1.897584734235939763e+00
8.576279800904532680e-01
4.074278911841477502e+00
5.362772254093492563e+00
3.731624511874776395e+00
3.997896080912728412e+00
2.720320211736319660e+00
1.071325157004786366e+00
5.072554538204959051e+00
3.231425981574941986e+00
1.292928229675572860e+00
5.679102670967925093e+00
3.098530064196155731e+00
3.396042946655464689e+00
6.105118407188361296e+00
3.194622446205448885e+00
5.830563022008826701e-01
2.266403265235902520e+00
2.450302005652125192e+00
4.941083877540378033e+00
7.086619648658876613e+00
1.068251828896161548e+00
6.862396282005696513e+00
2.340991539688048295e+00
1.987698640869315359e+00
1.314175653697139623e+00
5.739486044224127781e+00
2.425956797615624883e+00
7.684328260443491487e-01
6.057627997323962177e+00
2.456044546738870960e+00
4.436013931299492619e+00
1.088543739259060494e+01
6.426543779912554655e-01
1.000751032918191008e+00
3.505729609395559443e+00
6.895525003996299418e+00
6.253370111109130214e+00
1.808013702279430701e+00
1.760670957845052786e+00
1.606849482461506939e+00
7.823322314988065074e+00
7.229720846272869039e+00
8.127602356349429513e+00
3.160548790275217623e+00
3.168750818954958692e+00
1.304607184286833643e+00
3.128068468865811358e+00
2.066767478884548925e+00
1.111133586440192333e+00
5.375740496424215920e+00
3.074914458142533391e+00
2.506053544059251070e+00
5.012374334498510109e+00
4.671304659814442317e+00
1.075781932958191156e+01
6.829215766034940849e+00
4.369963136506826551e+00
5.363079935397220943e+00
3.240742280312575385e+00
1.985999811452475949e+00
3.681671225464422381e+00
3.391263372976002000e+00
8.046302315492598112e+00
1.005011196639202531e+01
3.331667752179501285e+00
1.536996440334311709e+00
4.371044449722268688e+00
1.872491137766351343e+00
1.723256276701040202e+00
3.876254658788594654e+00
1.081756388215516784e+00
1.214737301044004347e+00
4.560852501551662108e+00
4.597407740052264380e+00
3.149951293884175385e+00
3.077237864838042736e+00
3.776986551837544948e+00
4.371031398166581816e+00
5.527472753353665169e+00
2.347414810588012823e+00
1.730181133754937539e+00
6.614533306619494901e+00
1.346035452342605243e+00
2.019533923875637349e+00
1.497488475384537443e+00
1.784989733731110251e+00
3.855429928492688063e+00
9.881347968329344811e-01
1.487035809208806736e+00
2.912051724289557164e+00
3.317301616282581023e+00
3.441460706516102253e+00
7.420711304258818863e+00
1.393899542856341434e+00
9.055150578539163941e-01
2.928225037471875236e+00
2.438505286276825057e+00
5.478093485171103616e+00
2.720426188036805804e-01
1.239416120882142147e+00
4.996713263000091665e+00
2.690537640725190194e+00
5.399095915717953886e+00
4.407633550819894275e+00
1.512875034417200615e+00
1.586041674323084072e+00
2.120689537658686508e+00
7.021690508054143187e+00
2.739043777817534497e+00
1.486260972970948835e+00
1.473473155888005204e+00
8.535431083299558352e+00
6.913593209915109838e+00
5.517188951132523833e+00
8.144251200160812942e+00
6.637099722656154555e+00
1.372572644646775197e+00
2.201872754031410029e+00
1.798073274306275504e+00
1.851913155279565348e+00
2.404492710971976699e+00
4.341089791618715665e+00
5.197910401653364154e+00
4.957109353420979581e+00
3.827159524382858891e+00
3.133484165983324576e+00
2.856470092764618052e+00
2.409530671246999933e+00
6.893164101809698074e+00
6.446788833855855216e+00
7.609449452209115172e+00
2.869829034273555735e+00
1.609263054286990346e+00
1.474704786040242910e+00
2.229622147187967585e+00
3.419189702228868200e+00
3.408214055241301388e+00
6.546166243642090876e-01
8.929047384386016972e+00
3.009638941843502113e+00
7.252277422808716345e+00
2.965598869626818512e+00
6.451162805287688151e+00
2.922238665580542794e+00
2.542730924352509358e+00
6.355582028283856211e+00
9.205982334541391587e-01
4.995595722187106680e-01
2.807256515053638601e+00
4.258779177872018984e+00
4.572665969323055357e+00
3.694817272602447744e+00
1.087186848750111068e+00
5.713346949745332637e+00
2.944906610139006453e+00
1.854202920024216716e+00
1.157530642604907456e+00
4.856303483878780192e+00
1.367296907030073783e+00
3.304636682096538269e+00
9.834748248707089191e-01
4.830588624947247389e+00
1.384730144642860816e+00
3.515989190676434450e+00
1.579884502094469401e+00
6.309998481270986836e+00
7.113466782738442795e+00
1.206131040674498323e+01
3.393455884793469934e+00
1.873159877591057620e+00
2.066929565440939420e+00
7.034458064983699188e+00
5.285720856421887603e+00
2.737186808017151751e+00
5.075166903993525658e+00
2.016908823414290008e+00
3.758774391057869035e+00
1.082870319559420702e+00
1.399288340143481690e+00
4.930637754473884193e+00
1.776114825114202489e+00
2.689539622805192209e+00
1.752280824553859695e+00
1.864288802447060744e+00
1.648060069933246385e+00
2.097337953229120977e+00
7.461092539333091800e+00
7.998161157381091790e-01
5.414090466038453897e+00
5.978349031742086872e+00
4.152410038378106627e+00
1.841552108904577656e+00
1.932797050596263722e+00
1.180300909967648026e+00
4.645295865459843299e+00
2.097329625955983268e+00
5.984956237673840107e+00
5.791910925876621263e+00
3.399114277413290974e+00
2.765984971020513328e+00
1.886257673180510519e+00
4.820793695624806752e+00
7.082282511899641086e+00
5.032387095149424283e+00
3.485545971275398003e+00
1.570742972324632447e+00
5.873473658338806302e+00
4.216568914303964632e+00
4.857954666806290511e+00
1.595649686890761032e+00
2.473274788950286851e+00
9.872501181024097017e-01
1.515607756087561819e+00
1.350123086387493787e+00
1.123787731958966418e+00
9.218197886137057040e+00
1.923391082823055376e+00
4.056641055364238468e+00
5.321145151084650138e+00
3.669150107979306963e+00
4.270425021169967472e+00
1.772402491743267250e+00
1.206160574814804542e+00
4.884716487615953895e+00
2.208788556612166776e+00
8.347619613486656931e+00
3.053087539186334354e+00
1.144867223076424967e+00
3.293056286288648771e+00
7.774559817886792068e+00
2.909181532488012589e+00
2.295227666116580245e+00
7.003675764179163599e-01
2.339763350928583119e+00
2.321185757184600629e+00
3.904990220531631362e+00
8.185105945586416354e+00
8.540377026734582433e-01
1.303942920376411241e+00
1.124377576814602708e+00
2.182276481172090055e+00
1.708400128931675033e+00
5.458329534850355103e+00
3.240010101260582864e+00
9.704620478301919650e-01
5.240172035901935921e+00
6.672802227336445124e-01
3.079196475278391354e+00
3.248734385646463441e+00
5.052330202109970081e+00
1.376678522585463638e+00
6.970288152522603475e+00
9.624926559348410127e-01
6.904388253878570580e+00
1.976499694067467505e+00
3.982976198687145697e+00
4.022959805750164541e+00
1.920048272251615229e+00
5.157367821868922064e+00
2.085156734752419361e+00
3.586856125882133206e+00
6.750597622355636318e+00
3.723680685072467966e+00
5.026115656914707408e+00
8.555858814352919950e+00
2.895775956316451794e+00
3.830626966456166294e+00
6.158600753707931252e-01
4.788529721472688294e+00
5.877814978379900523e+00
1.864099453732909195e+00
7.377337529796151872e-01
1.645574918155368938e+00
1.236454763504369447e+00
5.422338428750223649e+00
3.270564784777221679e+00
1.473295453577018188e+00
1.490105048212688743e+00
2.048223249246846844e+00
2.485219147634424086e+00
2.763890713663150756e+00
6.847995583748792692e-01
3.188142465433688511e+00
5.162423782661011984e+00
1.472172384876512696e+00
2.451487689892961175e+00
5.213189947265177260e+00
4.977330326788311332e+00
4.394136215833272630e+00
5.529144383308782551e+00
2.292805972375125290e+00
1.256965279241570199e+00
2.026991707787777042e+00
1.867320475999518559e+00
1.836465046007216717e+00
2.264706819594684895e+00
8.357345917170577732e-01
2.029843008368310553e+00
9.444642373285053738e-01
7.558704188933643486e+00
3.555119021558375447e+00
1.174012184603014264e+00
1.792155742597674406e+00
3.785531371277303325e+00
2.810841511975414875e+00
2.249416437094035714e+00
6.093196907802338025e+00
1.549096802002861706e+00
3.505383475686634220e+00
4.403321191402295831e+00
1.016832482673509119e+01
6.715471387873689357e-01
3.334975115428853165e+00
7.250476892622735869e-01
1.052444127068320467e+00
2.345959137831647112e+00
5.350073007280735204e+00
3.993507962962424274e-01
3.027791053305945557e+00
4.987543013869235153e+00
5.828010941362721020e+00
1.623280581282073642e+00
9.476299691019310911e-01
5.389868734400011796e+00
4.282383111705744483e+00
2.904554651956514189e+00
3.793394734795300316e+00
5.996553818141138414e+00
3.792418766877788006e+00
1.593416849152549108e+00
3.558989100925773030e+00
6.522839612699223188e+00
1.860635645250588999e+00
2.021842354288876376e+00
7.045433853576281713e+00
8.761526530995100259e+00
2.915721913468261484e+00
1.572724229132671292e+00
2.920460321162750450e+00
6.334025543714070672e+00
2.450142762986766254e+00
1.487492708878373149e+00
7.389751214437602300e+00
3.088097536059676518e+00
7.347637837224745283e-01
1.752296739617209775e+00
2.000145754166641865e+00
6.080331857448817878e+00
1.373665684919882723e+00
4.243087093273244292e+00
1.869671735862440176e+00
2.245075063593861220e+00
1.463128154250499469e+00
6.038301405198602367e+00
2.005263513116563256e+00
6.326968438940340000e+00
8.408715697436303316e+00
3.405171088997292816e+00
3.120940519015731773e+00
2.006813078652532667e+00
5.547784164849991484e+00
3.562963408062275183e-01
5.773546156089074621e+00
5.846390651501865321e+00
3.326636416459552326e+00
4.958982635261559579e+00
5.264645777347477740e+00
6.957296858144722540e-01
3.081444649818501080e+00
6.021706181918212053e+00
7.006936172379297112e+00
1.537045435305286034e+00
3.371370828870841940e+00
6.518600003447266866e-01
2.944475227863984745e+00
2.231335724566404277e+00
5.106861177045052713e+00
2.054812404995454589e+00
4.344290678260368743e+00
5.568314169802701663e+00
9.087639455333027527e-01
1.538589379324429629e+00
2.022935456053818637e+00
6.065791461878197843e+00
2.842163362481199052e+00
1.312711296227085933e+00
1.367956733479444464e+00
2.105295292518024830e+00
4.053650829520639043e+00
6.372826029880687138e+00
1.479636963775103009e+00
5.918984510644226482e+00
1.882016067278458937e+00
4.426039543357219053e+00
6.188487554948033598e+00
2.891308827544545323e+00
4.129597042362522785e+00
2.353370354611096449e+00
5.606711057106852358e+00
4.738012943128696364e+00
5.710287518726930855e+00
5.575785558175005541e+00
3.741118449826665859e+00
4.129679107465017651e+00
7.465160946411081078e+00
4.034829324058760491e+00
7.708755486335078011e+00
3.201364809098803388e-01
2.001043602364791063e+00
3.519125929327150626e+00
8.669136165509717884e+00
1.853079392089873823e+00
1.707911005643355518e+00
6.241736895734258717e+00
1.176489987962798578e+00
9.799626746060100535e-01
1.570584991012563769e+00
6.372931382652831545e+00
6.275194364081611909e+00
4.608578956572587870e+00
5.347027862630779893e+00
5.240529938519457254e+00
2.458882317105462345e+00
2.538726713775244725e+00
3.030102383048414172e+00
1.757740752657751093e+00
1.278316102587339964e+00
6.071566102510698393e+00
6.184584274804823423e+00
1.818354451693964036e+00
2.362251555721186946e+00
4.521515401184476701e+00
5.644882893954158432e-01
1.565703133736668251e+00
1.498777818776837023e+00
2.058053641801495637e+00
1.557849280371347955e+00
6.300002823411025688e+00
2.096429072169213814e+00
3.332728073400396673e-01
4.388600319693312990e+00
2.160944394774521715e+00
6.244826093362891406e+00
3.668551328114738830e+00
1.482302006231007718e+00
1.747529058334211793e+00
1.604632107722246737e+00
6.592940051070994123e+00
1.176272348288975866e+00
5.659984558288710055e+00
1.468182116787630553e+00
1.916502992328991350e+00
2.343915825191556390e+00
1.648675382022614766e+00
3.286206239797559547e+00
1.454887622523716173e+00
1.151866311175345103e+00
4.814163833288779948e+00
1.710979425788808461e+00
8.598544254370857898e-01
2.588969431542426758e+00
2.272946677068512500e+00
2.548903236083254420e+00
1.894881603451137542e+00
1.570276031752680046e+00
2.673962135364696291e+00
2.320082943515165308e+00
7.172582704528331909e-01
4.518145429294301962e+00
3.703031246519011166e+00
2.772784210567329488e+00
4.382928003123958582e+00
7.126333610433989163e-01
2.365304494057939522e+00
9.007024018464452331e-01
5.148949393537100683e+00
2.338366861950741615e+00
4.448838101190182859e-01
2.793929776358198058e+00
5.246922822722819291e+00
6.484773951925613122e-01
2.171546999259557520e+00
8.438109707373353530e-02
3.871787898425339769e+00
2.939147984717893625e+00
9.791714844723146127e-01
1.468391737720105894e+00
3.618338791076479932e+00
1.324743847323878398e+00
3.081529527735014540e+00
2.603154881112065056e+00
1.610012667856135948e+00
6.306726170488089700e+00
3.301430206010609769e+00
6.533642399465420247e+00
1.160240948822756524e+00
2.816262261098981812e-01
6.088204955405202234e+00
2.967468618945035885e+00
3.638912549785745743e+00
1.309316993667147822e+00
3.129942594814924206e+00
3.385103084277304220e+00
6.010997416825773598e+00
4.722941287950054523e+00
1.423206273662716459e+00
2.254822872454206095e+00
5.367925549343035563e+00
4.991802044478266254e+00
5.001981690561742688e+00
5.095214383035315819e+00
9.414047023866798369e-01
1.211327680633662585e+00
6.521427670506606766e+00
3.607016860685932969e+00
2.789555302197235687e+00
2.536063827809581728e+00
1.011820617453822457e+00
6.771278318552962361e+00
3.087620858463087981e+00
1.905454057163534998e+00
1.878243365207232340e+00
7.209069589814109058e+00
5.161462638713790518e+00
6.199871937254790133e+00
1.637886240033782359e+00
5.900605578665831352e+00
5.057193103495625230e+00
3.071593145861006846e+00
8.399965202632149186e+00
4.469561659591478886e+00
2.614588049850064433e+00
3.004882934939515859e+00
1.822851848486411575e+00
6.732770790234237523e+00
7.276426125748228779e-01
5.671041970661631737e+00
7.488158228830211982e+00
2.893060145293465446e+00
1.990764800181692440e+00
3.770843550206750550e+00
6.007671716434319187e+00
3.586283625029647926e+00
4.634592284532704554e+00
2.266933017578561138e+00
1.504402092709643091e+00
3.614036605484691300e+00
4.818566979836774955e+00
6.882818111983584508e+00
5.540168159176214857e+00
1.599408982017421765e+00
2.445280011493465189e+00
2.988854547338506862e+00
5.881009815201974078e+00
1.964489558755142973e+00
1.318579473637937927e+00
8.054993125585928837e+00
2.365626132077511379e+00
1.363534664023484888e+00
7.466543128886441671e+00
1.718025605581027015e+00
2.138369398138064259e+00
1.858887315740112012e+00
4.545388983310608921e+00
1.941815768511590212e+00
1.808353981069176220e+00
1.766737839855179626e+00
5.667487813493399251e+00
3.798183605120763584e+00
5.321258223530453968e+00
2.214859578325508949e+00
8.839649007876816400e-01
2.807183775217367394e+00
6.368112502028158595e+00
3.169635457956301305e+00
2.320033624997828614e+00
3.150756005465582543e+00
2.523586544820451305e+00
6.810033353449105320e+00
7.127483456228195458e+00
1.918103112788591691e+00
4.910464966462749103e+00
1.315197385025196120e+00
5.011550858032041589e+00
4.797429233231697010e-01
1.570965658897683914e+00
3.702818265253623675e+00
2.114249296543126544e+00
1.324430790539699254e+00
1.487673818215950794e+00
5.330577380146785060e+00
6.923690296207618999e+00
4.527331687424991813e+00
1.306737993077172089e+00
1.593269771748664576e+00
3.399900810031142750e+00
2.824748972758531540e+00
2.909238271721119595e+00
2.808416907252780703e+00
2.199043246775806537e+00
1.005131546002048681e+00
2.941362005737064855e+00
6.742528708219948541e+00
3.810157409639169490e+00
3.617614193422914237e+00
5.567690093990009359e+00
5.686921224502001770e+00
1.922395072733791954e+00
5.497701811201176625e+00
5.836113747921120698e+00
2.757121927281314555e+00
3.249673650203374287e+00
4.449139131913331546e+00
5.255114242149266701e+00
1.399828037098747924e+00
5.256321406687628262e+00
8.463680919561059612e-01
5.459657652626414226e+00
1.315016575671704491e+00
2.190336767500180137e+00
4.997720192399738082e+00
2.285511773279937930e+00
8.217873390976321302e-01
9.733328317402443197e-01
2.665173779340807680e+00
3.576384686605885488e+00
2.256974210318255736e+00
5.693031117606872193e+00
5.294979284706549549e+00
2.096221534676720122e+00
3.470087486517533293e+00
3.785964702525824954e+00
2.586312846598683546e+00
5.982638483328331924e-01
4.915427091992164321e+00
4.092264842866327079e+00
1.695791467462350655e+00
3.098632106225662763e+00
4.777307707447984164e+00
6.171238623096040321e+00
5.702813051309694181e+00
3.951587352646814821e+00
4.477120108860053183e-01
5.358103966020548725e+00
1.298570389116564305e+00
5.525361775976143974e+00
3.981145314332307894e+00
7.440789232630308447e+00
3.063219504869859833e+00
2.708749745079745974e+00
2.010418032110599551e+00
1.597662864184286713e+00
8.197510131659156984e-01
7.419005141891745758e+00
1.017685121784873248e+00
1.439214155350412527e+00
7.232941633159893691e+00
4.231844312417895715e+00
1.250517976929889752e+00
4.371412655889586496e+00
4.868741359100003940e+00
2.854436547695771154e+00
3.703825082983045025e+00
2.762126076592735124e+00
9.580196244116481186e-01
1.628972819897286817e+00
3.291846798784122008e+00
1.105197055200154432e+00
5.133180355197645817e+00
6.566844711367308740e+00
1.713523756299387024e+00
1.834047545641107169e+00
2.173838498729600222e+00
4.644301382008842793e+00
2.030945260468935754e+00
7.864155182739634986e-01
1.804851429971748411e+00
1.004976217217703249e+00
3.740132439294048261e-01
1.179048535866503489e+00
1.906336116331726727e+00
4.750435973566761838e+00
4.845408945789615451e+00
3.727461345320695063e+00
2.975921218517981970e+00
8.297430156315287464e-01
4.497774354402776176e+00
2.509944364609657086e+00
1.973932771045453283e+00
4.155869105877093794e+00
1.271406882900757429e+00
5.220115300221467081e+00
3.945667131574655428e+00
1.835554316044395673e+00
1.993088609125833299e+00
2.727603172270382625e+00
5.405264248445341480e+00
1.815472935107976138e+00
2.615550985877645562e+00
2.854047078383915359e+00
4.728248817017269623e+00
1.686395908803070220e+00
8.456907763201673589e+00
8.570547944285580311e-01
1.459288974111510706e+00
2.400031575133820816e+00
2.796695314636739482e+00
1.920747016968288312e+00
3.288386350624569410e+00
4.061873055923299169e+00
1.767944763800872732e+00
1.377598791170885129e+00
6.002789490988673649e+00
1.043248170864715441e+00
5.899479396739545578e+00
6.555100250432949416e+00
5.971286432010701750e-01
5.951699385186164371e+00
2.637533959252514215e+00
5.934426773518640452e+00
2.382183588869327462e+00
2.096157397373801690e+00
2.240435557142273826e+00
3.456022021434087321e+00
5.669949144955845455e+00
1.790811229250351522e+00
3.261244830697564989e+00
1.929214240529018243e+00
2.686933851342363067e+00
4.240208292824250158e+00
2.234198394423495326e+00
4.564861893058401954e+00
3.984117795574035448e+00
1.054611143667522954e+00
1.605282753141865193e+00
3.066877339257931379e+00
1.148510675160559380e+00
5.938453022331322551e+00
5.299555266122495389e+00
4.756920471896246561e+00
1.187643275198743131e+00
8.852050020869617342e-01
6.288603836991822682e+00
1.991643939856439616e+00
1.850704509715340951e+00
2.109359208680972042e+00
3.547916967664883625e+00
5.232280248895753161e+00
1.796658313092362569e+00
2.632962082544726190e+00
2.233063758716446134e+00
1.752162084018707544e+00
2.957858023749549314e+00
7.986093492512925662e-01
1.742425589669169828e+00
8.871199071950798265e-01
9.610679124563127340e-01
4.449989254979462849e-01
5.554839834393610509e+00
5.229033543548428753e+00
2.048653866358115305e+00
3.226127292215548614e+00
1.742302396048924562e+00
6.895489034775554860e-01
2.704890914169851612e+00
1.284915017562336281e+00
2.946489652275312121e+00
2.070388163318289454e+00
4.706242998327885729e+00
3.442295258840770700e+00
3.060634757733757816e+00
1.854198432640502769e+00
1.633693435143623418e+00
5.949133805875904457e+00
2.183057210197306031e+00
1.216760840946188083e+00
2.570715747075851709e+00
3.725843999327107525e+00
7.914849904365757194e-01
1.960952207200208353e+00
5.840584450576706388e+00
6.957099743424585370e+00
3.988774118145981262e+00
8.712484770528048372e+00
1.178771506979732209e+00
5.025546714808053039e+00
6.128266961365907761e+00
4.052956408603399119e+00
5.621137378750765023e+00
4.308769773823184046e+00
3.750401068316393083e+00
4.991572648396834566e+00
2.554417249958579550e+00
2.401952157915201003e+00
1.115105518122311290e+00
7.672643724206934301e+00
9.602332511315679886e-01
9.217803559217093934e+00
8.962245842063270018e-01
6.725337552864181667e+00
2.353532976102107543e+00
6.955514996590957288e+00
3.486586359245651412e+00
2.186934652276548707e+00
9.919721821386188187e-01
4.882077740455004644e+00
3.682876634371031077e+00
2.786146139770933061e+00
3.322210232153309573e+00
1.608458287596066238e+00
3.889459692921971357e+00
3.108693867434843661e+00
9.353383106221409005e-01
5.762194699917784213e+00
3.279567145933627526e+00
6.459502665835846535e+00
3.143461433530834626e+00
6.833256396344209449e+00
4.245781425491617078e+00
1.576913970459033587e+00
5.834844036712764748e+00
1.347817722756670999e+00
2.417232840212028222e+00
5.793199215465762109e+00
2.241606807990931483e+00
4.477574565731283762e-01
1.081346433241344496e+00
1.544881561402609238e+00
8.231541420337312731e-01
2.834718352670679842e+00
2.368412207701020122e+00
2.379515457199989914e+00
3.395450429369090806e+00
2.841819290287860511e+00
5.563015539255205866e+00
1.845929992650228391e+00
2.343344436219736870e+00
2.064381809016378355e+00
1.329077246042763560e+00
2.778609009542061248e+00
1.557747988348232582e+00
2.431713810180349711e+00
2.203557273590312171e+00
7.271637519744351685e+00
3.120819129894946364e+00
6.258815619620579085e+00
1.536013529263777988e+00
1.977413624021947314e+00
4.854234543005941926e-01
5.533692927243736293e+00
1.565450535605776183e+00
5.367723071076873964e+00
7.924523058814159082e-01
1.650609414594513602e+00
5.156552798348379874e+00
4.305355294937863064e+00
6.189305535681296710e+00
3.348386679172117297e+00
1.643516951790669145e+00
6.213475971272829135e+00
2.043375507830035964e+00
3.694987612155629098e-01
1.445570167919659532e+00
3.660759942522666233e+00
1.176468015117691168e+00
1.118778647256744918e+00
4.166116750068394325e-01
4.738896365585958392e+00
1.618669595308960041e+00
2.330010436430741905e+00
7.624481980572084261e-01
6.133449481729393860e+00
1.069822788780569134e+00
4.607671400115155969e+00
5.231856113413976272e-01
2.896515608189198066e+00
1.565479884067072724e+00
1.472388539657720541e+00
6.387115207547921614e+00
2.536265723292923102e+00
1.147697774515040292e+00
1.823957359546088286e+00
3.307518415805924317e+00
3.821860637589752141e+00
4.924122104831718083e+00
1.877312582078581871e-01
5.685236258107804197e-01
4.646656167703230311e-01
7.709740163056084672e-01
1.658940633462400394e+00
1.089405146992773910e+00
3.332077466859732162e+00
4.471526718336718886e+00
5.741394949734027087e+00
7.393358684178084950e+00
2.813379805960380065e+00
2.603798853844079275e+00
1.414537399582990851e+00
5.333561419837190343e+00
2.712281532948545237e+00
2.513326726128960242e+00
2.024136917760615439e+00
2.467481272938977455e+00
2.346891968075984991e+00
4.957104433807621113e+00
5.831047069019144047e+00
8.044742551220699367e-01
1.256847878115149753e+00
4.588074106600038560e-01
3.241738208250143582e+00
1.619682985958278865e+00
2.256401285158130765e+00
5.395095702414407501e-01
2.524072847458799007e+00
2.346231680915635831e+00
5.573201866084350087e+00
1.174397502341655075e+00
1.538185269280369694e+00
4.012778016108932810e+00
3.052573110789787769e+00
4.184421759566951060e+00
2.502596848452552702e+00
9.204232657285877917e-01
3.203810498012577224e+00
3.648649163108666382e+00
2.981776027720106637e-01
1.015458161306828533e+00
1.885930091895761773e+00
2.022229578859484622e+00
1.331089531355471811e+00
6.121327600907350508e+00
2.543219526578940570e+00
5.990995003661179652e+00
2.965827829548703498e+00
6.414112393100742437e+00
2.673890759503053882e+00
3.061877350028736622e+00
1.729200423933123565e+00
7.045107033178435785e+00
6.583261614351194169e+00
8.265940453766831286e-01
1.383862017666712685e+00
3.945641024084293402e+00
6.732384900336057854e+00
1.172756371108759854e+00
2.149067423056978843e+00
1.059646036678449033e+00
3.023997339003783758e+00
9.611886457730066669e-01
2.147022819446291031e+00
6.927390778165753993e+00
6.213802635683689068e+00
7.128706941666730579e+00
6.606326771528092667e-01
1.225696099948262452e+00
1.097688476801031765e+00
4.048570826996705563e+00
5.450745159868354506e+00
8.045652232579815433e+00
3.373011835266677583e+00
4.689824017716326843e+00
1.082083147091522646e+00
2.823973076711066010e+00
3.610244046544483609e+00
3.742731890632396752e+00
1.562787469006776009e+00
2.028116423610545116e+00
4.390513950446798042e+00
2.662361446894244477e+00
6.896395843243102064e+00
4.150024207147359867e+00
1.833703456026134493e+00
1.426748249685351189e+00
4.103543231134102243e+00
5.685740252739604372e+00
2.103032601099733334e+00
6.783949308792645461e+00
4.421956853618716821e+00
1.147293312491777328e+01
2.720234386767342194e+00
3.427779423236042344e+00
3.555547489908789771e+00
4.442050006973587983e+00
2.323699201076629084e+00
4.019437298902488465e+00
1.358051926233529549e+00
6.311519945134032916e+00
3.401775130207679521e+00
1.923849669121817874e+00
2.652400634610205366e+00
7.682804808768046279e+00
2.396256612386304941e+00
7.382876069276176345e+00
4.877203567152096575e+00
1.862010991878612742e+00
5.410625814966622649e+00
6.297126362839169822e+00
2.034224264331736531e+00
3.854607328024768798e+00
4.302624732707313271e+00
2.376202733041104853e+00
5.083168980285476479e+00
2.989772985081008194e+00
2.781407070197283282e+00
1.214621343601540060e+00
2.935920362396594818e+00
1.715402809466905598e+00
3.474516058594283141e+00
2.063219755741579675e+00
4.974673382171623359e+00
4.895693998736923902e+00
3.758778040896066042e+00
2.348919871809010296e+00
5.881489771847803194e-01
2.222114602433207686e+00
2.525921124113553962e+00
4.333494611745131841e+00
2.626382857773440271e+00
3.960129842072797057e+00
3.533344191320639371e+00
1.843732973650142659e+00
5.255360005287695202e+00
4.796500592039127042e+00
1.382702479869242662e+00
2.943636513865879767e+00
8.108025688841774548e-01
2.372672028226538110e+00
1.036316108384512491e+00
1.549030199330833524e+00
2.350591653196795416e+00
6.720744888712037124e+00
3.101601092650795088e+00
1.755786394211576562e+00
1.557902097831509680e+00
2.562909188023779095e+00
4.396119901885420234e+00
2.631153497799044061e+00
6.436761173983280848e+00
5.377036036279216447e+00
4.667217794677902098e+00
6.024354261533054755e-01
4.505209872790735481e+00
1.881158798951756861e+00
1.372175349195280614e+00
1.320876832081870011e+00
5.712060437498390542e+00
3.675675562207903813e+00
4.823181698190426303e+00
2.811399027406892071e+00
6.366325991855698696e+00
7.249239620083041125e+00
4.961605482415916590e+00
7.397089115658484815e+00
7.028158157951160057e+00
1.269605823526931410e+00
3.332960709157803958e+00
4.701887295098524433e+00
1.976380710264910912e+00
3.363403534137519468e+00
1.670149864996831823e+00
5.283955217280283279e+00
1.593570385425370439e+00
3.532040858779218695e+00
6.096299995341163402e+00
6.447760196944843258e+00
2.008872211588434542e+00
1.980296940247596504e+00
1.325487543253036193e+00
2.522040494060048488e+00
6.122893647972704301e+00
5.952233738663074147e-01
2.832123993640633941e+00
6.234121818172853935e+00
2.474475785599832278e+00
3.449597493537642556e+00
6.753737266759333835e+00
5.904186133858564389e+00
5.326185404569501181e+00
3.283622218457753927e+00
1.800119332788072457e+00
4.379737579240407186e+00
2.499257760373533088e+00
6.026658465335255066e+00
2.806476190466353771e+00
6.969746373219805946e+00
6.376311941515281134e+00
5.666249697664653695e+00
2.627525718768274121e+00
3.355773371857003085e+00
1.753024739237081020e+00
5.596939587107234715e-01
3.456179324226124283e+00
3.234905937490345273e+00
3.490319906488671631e+00
5.423245650556678399e+00
5.710248896595315760e-01
3.819609712535048551e+00
1.048482835570902383e+00
3.737446114241403716e+00
1.355361470374364830e+00
6.794444319993471204e+00
6.405645714792907341e+00
9.347317040323357418e+00
2.118392935307393810e+00
2.229798875643245637e+00
7.856247311399530808e+00
1.462233091772052518e+00
3.682717580441783323e+00
1.410663270663025992e+00
1.061831661450290731e+00
2.331498632684021022e+00
4.573279949288012958e+00
2.342834507335769256e+00
2.165035888283415311e+00
4.098246531255736791e+00
9.365320271085437742e-01
6.739180461378064813e+00
6.328318106072258864e+00
8.122283729516764916e-01
2.148683154306485488e+00
4.236843114839231816e+00
1.160464658486883849e+00
8.112420944117887389e-01
6.562971210990606430e+00
6.051592498435795164e+00
7.534400338914368778e-01
5.027815621178746142e+00
2.281353854352620836e+00
5.229412553365156313e+00
1.693667105533231743e+00
1.961303524769868911e+00
2.736864815435571252e+00
4.534915086007850427e+00
1.980081110238272490e+00
2.938963054985423540e+00
8.383780218735872314e-01
7.076175862278850204e+00
1.905776711757422914e+00
1.708413145154471957e+00
5.469454244361088513e+00
5.282955244968816189e+00
2.086440818703767075e+00
6.524496757917089163e+00
1.284724722284583232e+00
2.290623597098771835e+00
9.433126464777257247e-01
4.525296860686294664e+00
6.433396041769559481e+00
4.438516341079593808e+00
5.965191936617179280e+00
3.869757353781575926e+00
5.013312125034570244e-01
2.996721008081989712e+00
2.154759967514582542e+00
7.386088286271735193e+00
5.277377248336326154e+00
6.349630276097227188e+00
4.230684345482551123e+00
1.996332370119040744e+00
6.740392962859611536e+00
6.051658009595210608e+00
2.125841791078449727e+00
6.684006662133334054e+00
2.143363745905397799e+00
4.348785902181788288e+00
4.116000723354031443e+00
1.676889355354355349e+00
9.426158008273352706e+00
5.144787410919359871e+00
6.240352963125851637e+00
2.269593950216964195e+00
7.377417471960820983e+00
2.606183105306309145e+00
2.120143589887757418e+00
2.064669249910740856e+00
3.390606379919098412e+00
5.059006160038228117e+00
5.905370768696907469e+00
3.434624354924104228e+00
1.765744709532475643e+00
6.140048399076061258e-01
6.385874632515169402e+00
9.067529384926303893e-01
1.867967482892426423e+00
1.129810822254132541e+00
2.574052792086538144e+00
7.027529180960867983e+00
6.084187630639605437e+00
2.779149268713517973e+00
5.178603672446364214e+00
1.636037975127741628e+00
6.288550602756785679e+00
1.155005187446913828e+00
4.153226225636766245e+00
7.270668364780490389e-01
2.484251454939038872e+00
1.802435371676063047e+00
4.052513076049996776e+00
8.990864628942201620e+00
2.204725240699994426e+00
6.525874427017440027e+00
3.670930877308423934e+00
6.176754893492073073e+00
2.262629098113382309e+00
3.025688378190031003e+00
9.573792428387593034e-01
1.637237696874237702e+00
1.097246784643095552e+00
3.291670149206496809e+00
1.637251754508047608e+00
5.842349564887815205e+00
3.087899178559009972e+00
2.348397418914556223e+00
8.141441651252409040e-01
2.737162065451471005e+00
2.633997790425269159e+00
1.114781894223525915e+00
6.116238760918505157e+00
1.028065745425470023e+00
1.330979645152490898e+00
2.526569607719701072e+00
6.158342108890681565e+00
1.396372833518411793e+00
4.041311145555596340e+00
1.439165825757879880e+00
2.487107255035586828e+00
3.465196477645748452e+00
1.923002053109836629e+00
1.486933210475815725e+00
6.403947739905165193e+00
3.683691022865813292e+00
2.470971907095698139e+00
1.937738645200375975e+00
8.292404579648573915e+00
2.656177415330793323e+00
3.219365095446417246e+00
1.279218188613322482e+01
7.792125621896425436e+00
5.092482817210654211e+00
1.698634676197649185e+00
3.298087396593936571e+00
2.364698697676653971e+00
4.108488018672106001e+00
3.280222715446434290e+00
7.368343396519875244e-01
9.496242533470817815e-01
2.081958871473959860e+00
2.297327176496694268e+00
8.124081319824332237e-01
6.609643789845324191e-01
5.868223737568128762e+00
1.413580926612479916e+00
4.639627883207927184e+00
5.189122058018080352e+00
2.964246209793248710e+00
4.508229467435385662e-01
2.390734681212720592e+00
4.146049908274350493e+00
5.349946177507992395e+00
5.730776984757898873e+00
8.481359708431963629e-01
2.515103439556094056e+00
3.350120190962207367e+00
6.321419556937422080e+00
5.264089590867230051e+00
4.955881345604688626e+00
1.664285521389716305e+00
2.875034213222624313e+00
5.043473513988015355e+00
3.702753035217039912e+00
2.605321955154397795e+00
3.457932614517380099e+00
1.900356018408615011e+00
2.590894292912195418e+00
2.666125373854676628e+00
5.482449130369879242e+00
1.948974930383557291e+00
2.900739118225956759e+00
7.698291495116332150e+00
1.671154073690588104e+00
1.535399601673872017e+00
3.680920065899994764e+00
3.572681554028801720e+00
3.466926851220754280e+00
3.637612892127612074e+00
2.971064905997645056e+00
5.243272268283405424e+00
3.864757923138847140e+00
9.987106017355678045e-01
5.909273112238466297e+00
4.259521703535844139e+00
2.464068464010634063e+00
3.685212639610170093e+00
3.691986494796848373e+00
1.230606722894679317e+00
5.142614637728641469e+00
4.607834156935576075e+00
5.759484724077811535e+00
3.240089308062565010e+00
1.542444308013702470e+00
6.232508520576691247e+00
1.926935089991942851e+00
2.307202445519399348e+00
9.315196519490365645e+00
1.569131604725847895e+00
2.286047329246145843e+00
1.940909113446671164e+00
6.604010350110430139e+00
3.383221998093039584e+00
9.784307562199749952e-01
1.710468220676492290e+00
2.861090173447094376e+00
6.108303571740256288e+00
5.647922146576208391e+00
1.541478543442973637e+00
3.048462095431246244e+00
3.045362459339121752e+00
6.647816844405477710e+00
4.776357665317815915e+00
6.402977444145384389e+00
6.408603960301297420e+00
1.279634449050123246e+00
8.102399002777803005e+00
6.415062026241886706e-01
3.303631229511119649e+00
7.493692844783644169e+00
5.159219129121463965e+00
1.511825989453693841e+00
6.350884744724090147e-01
6.196795079353053737e+00
4.621649494844503714e+00
5.010178398922861653e+00
5.433461279653215570e+00
1.144626674289302315e+00
1.903606233158500416e+00
2.195793006018955662e+00
1.780707348818785674e+00
7.465763642944209799e+00
1.828362803650138479e+00
5.208465008957643860e+00
4.296381246971604284e+00
9.965824184739530134e-01
1.363042314431201163e+00
3.924895140298450880e+00
3.205973345878884384e+00
4.083556413988652878e+00
5.359411391135799008e+00
1.701299136133443968e+00
4.178062143536489970e+00
2.681963061425647332e+00
2.779998117736275809e+00
5.927514323365923765e+00
1.585459647157051899e+00
1.327211360129867179e+00
4.475562324909414968e+00
4.557494653775579607e+00
4.434833767254666270e+00
2.705917936165176396e-01
1.367419695976004546e+00
1.697551009529767008e+00
9.073591150151715246e-01
1.507969093210414391e+00
1.678912648285815656e+00
9.783053640978915944e-01
3.262052368499222865e+00
1.714380130955883041e+00
4.563465981923046755e+00
1.688362536705480643e+00
5.896796059983998362e+00
2.724626902772371739e+00
3.342343188083481409e-01
5.412962380897782033e+00
5.232980583111056516e-01
6.486997805963483188e+00
2.807140406449442072e-01
5.122251246402068858e+00
2.458739888435413246e+00
1.659627201810436992e+00
4.065881577727981089e+00
1.374143055020468074e+00
2.022307217602210994e+00
1.990617630350912437e+00
1.224212015663952657e+00
9.449608298093375991e-01
4.378053816771185325e+00
2.271972641827823214e+00
7.622415696240161243e-01
7.993060918126456471e+00
3.880027225003993774e+00
1.233910176702257333e+00
7.010654825861613482e+00
1.617502140629069274e+00
6.049900804807592181e+00
7.161465215361565440e-01
1.030238475439166024e+00
1.719419680820264640e+00
1.734116967438615875e+00
1.862454172703086330e+00
1.729847709190396543e+00
6.762196855326662037e-01
1.486878910386873809e+00
8.246720770687328894e+00
5.233442547360536601e+00
1.686149719770941191e+00
6.138803078724162088e-01
9.305511138574564800e-01
2.453663141492012034e+00
6.113455991317701788e+00
6.293971850401552715e+00
1.822868340567307621e+00
3.297250677341148961e+00
1.431361629828493243e+00
6.250308547558844907e+00
6.113969724572093867e+00
2.412852478593199290e+00
2.120550698953623581e+00
5.355946378045358891e+00
5.691387483744183129e+00
6.119492416166680826e+00
1.095953753714768997e+00
4.291069993858139142e+00
2.019455187213489378e+00
1.833498033331674826e+00
1.595493115668160211e+00
5.523209083952840714e+00
2.703910356642113655e+00
1.876174829184099835e+00
1.643889563225422012e+00
8.895783113384090335e-01
2.166548878421598712e+00
2.762321623727034936e+00
6.358470027735194208e+00
3.577016261334925451e-01
2.647822976057179201e+00
2.806912614793133365e+00
2.435451036117439738e-01
1.282013453349988952e+00
6.556384499601320970e-01
7.339130459723006261e+00
2.992725438263500681e+00
6.248736860784909197e+00
2.996717282052906217e+00
2.676933285674321539e+00
2.040744598722985970e+00
3.303499039763944545e+00
4.689301834225738652e+00
1.644507856195166262e+00
7.708050681526074754e+00
1.212216528705721608e+00
6.480843441266554095e+00
6.460604180836377886e+00
7.303042811991208971e+00
6.153571390759698723e+00
5.049663039125859676e+00
4.643795279311982327e+00
6.069885356910376117e+00
5.840687667964706620e+00
1.412749543740821956e+00
3.908951682221502466e+00
1.263151483257560992e+00
2.062883182386707759e+00
3.416272202824571114e+00
5.559073298698984367e+00
9.175233016235400996e+00
3.400092628806672845e+00
1.046099306330594558e+00
7.639738015897757251e+00
1.593987011588473557e+00
7.529262573086338284e-01
7.351165919099692303e+00
7.907177492061921997e-01
3.901349863896267922e-01
2.678695699631365557e+00
3.219557946008425819e+00
1.637075249612791161e+00
2.057923083879774850e+00
8.279580525403465785e+00
1.931534800825309706e+00
4.458241589435867347e+00
3.689996232773848472e+00
1.140304791785024641e+00
1.986533388565905334e+00
2.446919993506661228e+00
3.824696594729320331e+00
6.266572331044378608e+00
3.682830832204389893e+00
2.682644258720140673e+00
5.562926871574488175e+00
4.845842732178111678e-01
5.398041123954874898e+00
3.451009799208605955e+00
5.599946497510316590e+00
5.771817788025884077e+00
4.160408791833393183e-01
6.354484319229255718e+00
5.851833184951614975e+00
4.624723414895225204e+00
2.079075956791394564e+00
9.835638298189862683e-01
2.294180289520891591e+00
1.709238731256669697e+00
3.216984568714019943e+00
2.862794597283623510e+00
3.548345793053314878e+00
1.330273754741335912e+00
2.591873555002187413e+00
1.732549071578475264e+00
2.289213748490089628e+00
1.867927195372508287e+00
2.280843122513578347e+00
2.511360727344795318e+00
5.504856545101383780e+00
2.447010459804966231e+00
1.339617030004851994e+00
7.465071933800513371e+00
4.714395969080011461e+00
2.751165153834296273e+00
6.375657717619326093e+00
1.431571343101210037e+00
2.564900859638531649e+00
6.185577886862444252e+00
4.431253025664743994e+00
7.100419066160684745e-01
3.217735945155201893e+00
4.949382328704937106e-01
3.884583268777830889e-01
7.762198555506461872e+00
6.644603172342609554e+00
3.000819485634018235e+00
3.009219520526208669e+00
5.729871401403997311e+00
1.716797795255017300e+00
6.793789916874065860e+00
5.821567955028813302e+00
5.402365944221100058e+00
5.187566454446915998e+00
1.260889727218488909e+00
2.015478094286400346e+00
1.960396618483330800e+00
9.026828033199212342e-01
1.494687968708641401e+00
5.222317367415292289e+00
4.869711917249768263e+00
4.683697413513103314e+00
2.338359758899258178e+00
2.220634162711975002e+00
5.803496919431233358e+00
2.488128473919029027e+00
3.601670779658976862e+00
5.186805536044739817e+00
8.516227551017165887e-01
7.743889589208110991e+00
8.243127581563464146e-01
5.390772894858727682e+00
2.530222145442461823e+00
1.322700835328303182e+00
5.330873371266759975e+00
2.445867839713081526e+00
9.496359740072508604e-01
1.702277650053780178e+00
2.858505710659732468e+00
1.482120565874500251e+00
5.180031967061224485e+00
3.506831550491200211e+00
6.200678028002598374e+00
1.714812553160965258e+00
3.147196210043825548e+00
7.962974189390806812e-01
1.655573401137462763e+00
2.849584060944017061e+00
1.388073014746044942e+00
4.661542119185486222e+00
1.892265022642864780e+00
1.669949129803874666e+00
6.794357042128187807e+00
9.467999875431097889e-01
2.598208540130066968e+00
1.813615676234813900e+00
7.297759030414732173e+00
6.583023700550277191e+00
5.878626406119247250e+00
4.762812955857093300e+00
3.274879129562108804e-01
2.002032700643362695e+00
2.503714200319900662e+00
2.413526710277111409e+00
9.365162918574713169e-01
2.428668560366877394e+00
2.148590238667351660e+00
1.075366019538030127e+00
6.079737480492516610e+00
5.023660996304062820e+00
2.241215361537781892e+00
6.656999950875849059e+00
2.267333821210668177e+00
9.953788867373069005e-01
5.105867601417042323e+00
4.437163831706889550e-01
4.314308631901764279e+00
5.200474759976072114e+00
1.729172018177485670e+00
2.230240805470541154e+00
2.346441901303755184e+00
1.757623087939609752e+00
3.583302610920644948e+00
8.148785897541007017e+00
6.174620662904823476e+00
1.379618535627392006e+00
5.176679259891212581e+00
8.913080675320668167e-01
3.364035699648780131e+00
6.101851405904541892e+00
2.348206242341987604e+00
2.215059734472891062e+00
4.777178546066623177e+00
2.483437983144330286e+00
7.326523507624744802e+00
3.437559214562004861e+00
2.392179425115644520e+00
2.840801941082335969e+00
1.416511916548288896e+00
6.377805132959758483e-01
1.174721566397309180e+00
4.474472748578018688e+00
9.413664484786526288e+00
3.702355167159629534e+00
3.413968566120228143e+00
6.697020953716739555e+00
1.966159418563967920e+00
6.209406093716121511e+00
1.147530186286783227e+01
8.726147425732233565e-01
5.829573097368247581e+00
6.428247857500787532e+00
1.406714746068542521e+00
1.122123787090302915e+00
4.253462917586737113e+00
5.416301820650024190e+00
9.925556195506960222e+00
8.573848078521115745e-01
5.845944551397110445e+00
2.086825100286079149e+00
2.271858582830111217e+00
2.709889095912269230e+00
6.510588931602814711e+00
2.614786141481859616e+00
2.056715519623598887e+00
2.360117131131445944e+00
2.827313246119227408e+00
2.376037730793312708e+00
6.604847663729035645e+00
9.957268690064385197e+00
1.629456950638037638e+00
9.614120444626458317e-01
2.261459373248106974e+00
3.505905364818256764e+00
1.696769977224821258e+00
6.396683343913282194e+00
4.966584434893514199e+00
1.063020874980625363e+00
3.430858352981980719e+00
5.053956204541727892e+00
6.119047908597196717e+00
7.284274772639279583e+00
1.593588569692297119e+00
5.689311343481735506e+00
2.364549617946472448e+00
3.139865859884786836e+00
8.452916372732514061e-01
2.582576091923554085e+00
1.363200365149623838e+00
2.450330024670665185e+00
6.561320837258410421e+00
3.057612103746964571e+00
1.410733386057269279e+00
1.839284227425632245e+00
4.409723752008960496e+00
5.191077284341069742e+00
3.359843313868812853e+00
6.350212170233301201e+00
1.904192793320790278e+00
1.861707079120851205e+00
4.653932691453013248e+00
4.288215705241642972e+00
3.183982163600524551e+00
2.607051292342569049e+00
1.328275519579837027e+00
1.308799874783260897e+01
3.807503728055999570e+00
3.878624793532087889e+00
5.575913621741685589e+00
1.680445768431927389e+00
1.494969428480501072e+00
6.496514462518095945e-01
5.454368969014976365e+00
3.906330412803230345e+00
7.501121377792544287e+00
1.481836935435187463e+00
5.171571580633629317e+00
6.381827042720858989e-01
7.544058511930613609e-01
2.703417952116310197e+00
5.690505726318228596e+00
5.060236445595469590e+00
3.167507910927156001e+00
5.346447157312303133e+00
6.527738818116775477e+00
1.574455799574598691e+00
3.339069849755217145e+00
3.806604737829176965e+00
6.270988255008167478e+00
1.043254002178119366e+00
1.005177212218317129e+00
4.306106363410171056e+00
5.890487384593955156e+00
2.185708857187206977e+00
3.167549464695503136e+00
3.180715958107037888e+00
2.617826811679688781e+00
1.340167211530938207e+00
8.499520864285722510e+00
5.379226596349046652e+00
1.969473121211054334e+00
3.780545316659308597e+00
1.916909733889441192e+00
7.081012834520411303e+00
3.837138216890251030e+00
4.710669115090798442e+00
2.566871331478664420e+00
4.012707310274162831e-01
2.480210730860785251e+00
3.188099898670726073e+00
6.873003554684096628e+00
1.584941610540631984e+00
5.196499515128056856e+00
8.885586556328139984e-01
3.608824586517115574e+00
3.218282254435086642e+00
4.823357047413378673e+00
4.263086082292221413e+00
5.942906630797639700e+00
1.528896851970249049e+00
2.274762018793496487e+00
3.308559140054073477e+00
9.244121358416028666e-01
2.839148951163439794e+00
4.518695376494845206e+00
6.106842897103960333e+00
6.724636470960155599e+00
3.599156708678195038e+00
5.336470007669031013e+00
1.231851297109810117e+00
7.587836632129375536e-01
2.929842037278728384e+00
1.353571688761454173e+00
5.320065707586913106e+00
1.089781340629617512e+00
9.468400289271835524e-01
1.887269669877162270e+00
2.207265018777177623e+00
7.019942853591014220e+00
7.029839943503662703e+00
6.878312651536369060e+00
1.213613529313050776e+00
1.884506767046260745e+00
1.890952292226039555e+00
2.651393218803724583e+00
1.393716031338539496e+00
4.806860567791241046e+00
7.076428189504513355e-01
1.280107723817858201e+00
4.494185110921338655e+00
1.810406411883763500e+00
1.658641835265202147e+00
5.757088749520888449e+00
1.907431542426985427e+00
2.377761977295765217e+00
3.042231795967968999e+00
2.190748929669254608e+00
2.928350628078935092e+00
4.239299338930718086e+00
1.563498276558829891e+00
3.777586086758073058e+00
6.591878506010785621e+00
1.474904993379673623e+00
1.681603703137430239e+00
2.699160176062628480e+00
3.718479727064322393e+00
2.373567733836774885e+00
5.871872074704056921e+00
4.450300170138486999e-01
4.351249206333410946e+00
5.250974424045367073e+00
3.278540105761054591e+00
4.875984726774563960e+00
4.723523168069677425e+00
6.648559997486488626e+00
2.956080979027513767e+00
3.103608960394432348e+00
5.895198585593233176e+00
2.909585665043655123e+00
3.361451057844217161e+00
7.096085638838503407e+00
1.456393786369238885e+00
3.482218386456860326e+00
1.590625336037577942e+00
6.070904266560975593e+00
5.783381783628940731e+00
6.267127386143261703e+00
3.350024156075858794e+00
5.707330970397931580e+00
2.831557395906316277e+00
3.617562702948613040e+00
3.963890981616879916e+00
4.005079833286672830e+00
1.149289145313193705e+00
4.189305865510558391e+00
8.717749900903526417e-01
2.149028536605627426e+00
2.164154217811515402e+00
3.199031666777195859e+00
4.507809308817942728e+00
6.262388438992543271e+00
5.480773493196195112e+00
4.862630217980018266e+00
4.238187390583976644e+00
3.300534357394249607e+00
2.571795177339164962e+00
3.082895998499946000e+00
2.428897776625918326e+00
4.501288886630837593e-01
1.061485797282780030e+00
1.079617250931680594e+00
2.737169337977445771e+00
1.807140280939644406e+00
3.599038243158379391e+00
4.987626275648555207e+00
3.389426307176337527e+00
4.663976321285313809e+00
6.886258768874356839e+00
2.129561754057692990e+00
5.043117479827945893e+00
7.061632178771877655e+00
3.641778930739631992e+00
8.317701561477699457e+00
7.768198965798748246e-01
1.522834662318626853e+00
7.785964768698795169e+00
1.803316687146017339e+00
1.135000443638231493e+00
9.252314972862727416e-01
2.111004459454728810e+00
2.624855933938098573e+00
4.779556957277053542e+00
1.484750566417782469e+00
2.562010344269455953e+00
2.978865255867704676e+00
7.300446394266061567e+00
3.192963142862133896e+00
3.091586903099245554e+00
6.716554117606407637e+00
5.430622607398785995e+00
2.703186030397334516e+00
3.123201722790480250e+00
6.820833183364772623e+00
1.458017756830341627e+00
3.939346213867260360e+00
9.847521759434902933e+00
5.513916824681858841e+00
6.963441842025638095e+00
1.275878877015736323e+00
2.144884152300647884e+00
4.566408750933575789e+00
1.008752237793247408e+00
3.871666943830064156e+00
7.457095884609675096e+00
2.367860544013509205e+00
5.468311855436808422e+00
1.287272344181698669e+00
2.787711395077510534e+00
3.395257830531800636e+00
6.045336460618481178e-01
3.166610111524678306e+00
4.981502841005675641e+00
6.806550068846623169e+00
2.300002582275221474e+00
3.427918113986180959e+00
7.417812287319507369e+00
5.002566162777425163e+00
5.036161316622087547e+00
3.461426522324896560e+00
1.514666665713890970e+00
2.766685937646419013e+00
1.849436011804884705e+00
1.628885171726182302e+00
3.238312040606369457e+00
2.497654480295730561e+00
3.331299181604746362e+00
6.011290409151983205e+00
4.157877771875975736e-01
1.285534333633647108e+00
2.895587439989356859e+00
4.378950557222451856e+00
3.866233488163042242e+00
7.705589404631750128e+00
3.142066477624431808e+00
8.161957654685957353e-01
5.774257217809098286e+00
3.037098499155494125e+00
6.303070492000646396e+00
3.582754813569293706e+00
7.791232068643389574e+00
1.909853081667958419e+00
1.597373908648473506e+00
6.067576681556604790e+00
1.547327692451585746e+00
3.451347902318926408e+00
2.503122738099540889e+00
3.500487047707156574e+00
1.248467339022945044e+00
4.894507380098715110e+00
1.022108130558373240e+00
1.505285293356671827e+00
3.856113837678027512e+00
5.472193363510356789e+00
4.629270654788813388e+00
2.718485129172708348e+00
2.116269119154642553e+00
8.093338339058204767e-01
1.565727717461226964e+00
1.551101290961697243e+00
8.167214051060333047e-01
3.019722918342380158e+00
4.613595693234561423e+00
3.427626507182308657e+00
4.319814738573816371e+00
7.519460864505935760e-01
5.563386390579027285e+00
5.779352944357114552e+00
6.539778227165621516e+00
2.447843519703037263e+00
9.173753107772851578e+00
7.537394337092222507e-01
6.229617013835725636e+00
2.452832424763447872e+00
1.498031312071583354e+00
3.274670976651125720e+00
6.217073360557530570e+00
1.515366216254493636e+00
6.895204948598021577e-01
2.298528910499811229e+00
1.163106133018016353e+00
5.011334791616065765e+00
4.633348517851948678e+00
2.373749421234005119e+00
4.474693764085206027e+00
1.926228332653777686e+00
1.173544550983398826e+00
2.844477001890725276e+00
8.590886496868717970e+00
5.463673986314065090e+00
6.198187237562109431e-01
1.582748077028942602e+00
2.574854105645239866e+00
2.427525407646669464e+00
2.651226821519225396e+00
5.983424287076396730e+00
3.756601014390720472e+00
1.281450020196610362e+00
2.972675230720708495e+00
1.523921949672996767e+00
3.418383924938486751e-01
1.288940802726314949e+00
4.218417161375571212e+00
7.157145436740193212e+00
1.981124556162385808e+00
8.712722017989470658e+00
7.333382014936722371e-01
3.255788033768854284e+00
5.351391189913336177e+00
2.617948537985487434e+00
3.510205913883459594e+00
2.935133118901553928e+00
5.336448298830907433e+00
5.995019934877618972e+00
1.690882062394202912e+00
4.208245279714566855e+00
2.456016913468027418e+00
6.109454603455397592e-01
5.559938987306632718e+00
5.643779070887166682e+00
2.200289056268545540e+00
2.322300661981150149e+00
1.952038216938315918e+00
6.654884518937425497e+00
6.999799214725305418e+00
5.772662937757822910e+00
2.741097614422319140e+00
2.454727916832894596e+00
7.885567959359603307e+00
1.484249229372462731e+00
3.499518412346672935e+00
7.168690701257048659e+00
6.133010724820637805e+00
9.069962792315178213e-01
5.129990449395018803e-01
1.327738803523279776e+00
2.843943145849090470e+00
3.543182727383474617e+00
1.777767576827090190e+00
2.074849402397798137e+00
1.708652630269856809e+00
7.539890723900785297e+00
5.924006352280078325e+00
1.588601373433239372e+00
9.133642731481931287e-01
4.914449664733010259e+00
2.611962052187473571e+00
1.215843883317383467e+00
2.996655060462134479e+00
9.352421104603823032e-01
1.173013362990020347e+00
4.148399171973018440e+00
2.657020628320547750e+00
2.552705634630247022e+00
3.939336321716814471e+00
1.514931022408861239e+00
5.498866652348080919e+00
1.629944265486106492e+00
4.153600356837402252e+00
2.201636201391700798e+00
1.919291795914427112e+00
2.079558582202408079e+00
1.290473347065820509e+00
2.096041368227893109e+00
1.730482054004222947e+00
4.248747956931517855e+00
5.288631171445066670e+00
2.056058796506576414e+00
2.134555401316989176e+00
6.789087771402156690e+00
7.083233190090152398e-01
1.433547298624685107e+00
3.248480083170766530e+00
8.499096774016564604e-01
1.483401634965548999e+00
3.143985390643615485e+00
1.289942496051335041e+00
6.497279584478798498e+00
2.474324414072791356e+00
8.853497238541183645e-01
1.789926495980302956e+00
3.588495160725711841e+00
4.049379481617895848e+00
1.526680935492876978e+00
1.829574203038624169e+00
7.846272319024897968e+00
5.431900844721857524e+00
9.365656679381146876e-01
3.463403248414279378e+00
1.378079083262897964e+00
1.987456877617035156e+00
3.547657932105519052e+00
2.303978734612962320e+00
3.284384484823019701e+00
2.675849814200651267e+00
7.209927369776512940e+00
1.245635163372034393e+00
8.204203032773968118e+00
4.455083259008264740e+00
5.697367019243644748e+00
1.054763549593487681e+01
4.113423550920078497e+00
3.472195417963183761e+00
1.027335119381139084e+00
1.174470413137158165e+00
5.261843598686654744e+00
3.004544687614957965e+00
4.097013162758751825e+00
1.375620676685618937e+00
5.163185157451923857e+00
5.991405133935001626e-01
5.892174737159434628e+00
5.775806724417564375e+00
1.376777967085163423e+00
2.269385581926364193e+00
3.011128344137151469e+00
5.827637787453233464e+00
1.850175312856034537e+00
1.824578464612243156e+00
1.044697514624533863e+00
6.519450860152415927e+00
2.048233344030088166e+00
2.611348712686492490e+00
4.764712748145596422e+00
7.612610190561623913e-01
1.415281378976382731e+00
2.490913065012402949e+00
1.464230416776415522e+00
5.993658190486001125e+00
7.687320913910103748e+00
6.082213494300227730e+00
5.619808063132553322e+00
3.973526014877110324e+00
6.686053998498616480e+00
6.349442959756304461e+00
2.495636168900019491e+00
6.154908711759054185e+00
3.214230983903687555e+00
2.972488617444024150e+00
4.639900465781204630e+00
2.284514542666152170e+00
6.187965496559627354e+00
6.530743312002943668e+00
9.512981884569207125e-01
2.405032903602049466e+00
7.952565178303523385e-01
3.184078757500609314e+00
1.023510589044606345e+00
1.418521389403528454e+00
7.873045925488496577e-01
3.348621346529584208e+00
4.802495648417820506e-01
2.057406154779349183e+00
4.043006642222448654e+00
3.539129770463834035e+00
5.718866929662016485e-01
3.447922680568353826e+00
2.330950638896011728e+00
1.442255284763141132e+00
1.519450868724541825e+00
4.875161154731935120e+00
5.810142744122535063e+00
2.790571783035680209e+00
4.716433096629065957e+00
2.812427270943849145e+00
2.074404954495918663e+00
6.737222225466569903e+00
3.745991527247447550e+00
1.565808873534113577e+00
6.233882746704106914e+00
1.365640950671071607e+00
1.958075931470953712e+00
4.750177537976314923e+00
6.559911927217232375e-01
1.497336681762205135e+00
2.625931607973106097e+00
4.544377930537889299e+00
2.729264921980999237e+00
4.993372113419828895e-01
1.061315074768934963e+01
5.713677234281131945e+00
3.237186744329560995e+00
6.653591507958475759e+00
1.447890521264971087e+00
5.856605611666056976e-01
4.668063503127936720e+00
8.592245114888211743e-01
1.917425856697332565e+00
3.084518211715668645e+00
1.231581482488849577e+00
1.910571841609823407e+00
2.045868615416071012e+00
7.011955733787033074e-01
2.939544875511754807e+00
4.070690480048450688e+00
6.762450954661578528e-01
2.612180327744273889e+00
1.726118355717926711e+00
2.153991937877512086e+00
5.496471886517792171e+00
3.111453188622807176e+00
1.542887722796136396e+00
6.635954907534462599e-01
8.251096785923193622e+00
1.550549635522964875e+00
9.574342768861794362e-01
2.308932311418959937e+00
7.386908237310723102e+00
2.888826767204139667e+00
9.200369678462864131e-01
4.110293004379820481e+00
4.541182658480169998e+00
6.640313874184312626e-01
4.409394411309765505e-01
1.867065555364327611e+00
2.892268759330893335e+00
6.794837765510156835e+00
3.608676613848267767e+00
5.470839324184994190e+00
4.172234342273084096e+00
6.280360524152619917e+00
6.034257059368486331e+00
6.195497532254219397e-01
2.045030700821920622e+00
1.706402849716770476e+00
4.856606009639310995e-01
1.347623167842589176e+00
1.648696820796566209e+00
1.041408572834588497e+01
4.905221695369321289e+00
1.467521176822709661e+00
1.861555924598559564e+00
2.039531929414673872e+00
4.397995957629778907e+00
4.450529093031928340e+00
1.264478345195901188e+00
2.746911707041198802e+00
1.311655369965126106e+00
2.458617373690498820e+00
4.361179663181375510e+00
4.765225140819396188e+00
9.958143378456876249e-01
4.763228567939682634e+00
3.003456420671427374e+00
3.043420727032453144e+00
4.700196174590693055e+00
3.599082231180429137e+00
9.234098353665840531e-01
1.846983184873479900e+00
3.318500411638747760e+00
6.301534436901818914e+00
2.534822394009605517e+00
3.220125425456483725e+00
5.673164144615816085e+00
5.591678500626868775e+00
1.663617975674304139e+00
3.031838265427612367e+00
4.424429328708098907e+00
5.931315380141041871e+00
4.549619104252530910e+00
3.960596333151169546e+00
2.173649928119864683e+00
2.863800414626015645e+00
6.289887865397980171e+00
5.537904922584605316e+00
2.768575037738480127e+00
6.516044888461033580e+00
6.569986664094948026e+00
2.261076466051747946e+00
3.175712276927285860e+00
2.582755510101073959e+00
3.724210808997561184e+00
2.443248215015271008e+00
5.730575772314038474e+00
4.977471737617604752e+00
2.473699999187146670e+00
1.950261835592666859e+00
3.079909498612261487e+00
4.426551607227123597e+00
2.574825656195403489e+00
2.222061392333398722e+00
5.348385350918425374e+00
2.804328480982602123e+00
3.442170492009416272e+00
3.010632611005019221e+00
1.552378376746118782e+00
5.772236454750356849e+00
4.326888784283593914e+00
6.746072317408920327e+00
1.006007963028144658e+00
4.696410267892990653e+00
9.461784058260925834e-01
3.536224835445921588e+00
6.085706897934515247e+00
3.545505708691995661e+00
1.941988426338673746e+00
5.625522932487136529e+00
5.969260092720301891e+00
8.300875693804803390e-01
2.145369047578297828e+00
1.544807314022223821e+00
1.480131941264539286e+00
2.043117635391897835e+00
3.447416845750089553e+00
1.981066178088529695e+00
2.089555372622579732e+00
7.772066789582384061e+00
7.867128105042990871e-01
9.936587087154832298e-01
8.775696559569441391e+00
3.646103031023790297e+00
1.338124926150060734e+00
8.263662392347860264e-01
5.201119467468319435e+00
2.712027404727539448e+00
9.767750683137453871e-01
6.694666912738313158e+00
2.066992868430890695e+00
2.073170141309908843e+00
5.310504081247271024e+00
8.595054931525483166e-01
2.332353063317980091e+00
2.344154889995777147e+00
1.554658846462265709e+00
3.693946020191139823e+00
1.510644833934767561e+00
7.362752221753736670e-01
5.306692332482998431e+00
3.467135873146503844e+00
2.574176578594436382e+00
5.062792905036365809e+00
6.758377978654497298e+00
1.227217344295421064e+00
4.145996304163544366e+00
6.449732999643092768e+00
6.062439615370217583e-01
2.587217384265494413e+00
4.861742847702734238e+00
1.580540019129261564e+00
1.647856335090009061e+00
1.484467890541231183e+00
3.306713390975923872e+00
3.754689520362831434e+00
2.056261078330612779e+00
5.421105686941083412e+00
1.228738622780078726e+00
6.032478541399572514e+00
1.726226598697508940e+00
2.589671099122708320e+00
2.719217893812932108e+00
4.441942970514277000e+00
1.082282304652847582e+00
2.507060017886168612e+00
2.863886593969095173e+00
4.840225810174275445e+00
2.903144298089654463e+00
5.089739596742866468e+00
1.973761744269848295e+00
1.491347481480626236e+00
5.495055540813480910e+00
2.018605193670408582e+00
7.752508746421352681e-01
1.786856096399960903e+00
2.088085415260566791e+00
4.730189540013156169e+00
8.272729720018732191e-01
3.440131325118838124e+00
4.544196423128104456e+00
1.511504187071892380e+00
6.643049520316111511e+00
8.280721048412434948e-01
1.834817322579286092e+00
1.858708366663780920e+00
7.477858984766623252e+00
4.626705251239015659e+00
9.095885583966951682e-01
3.648922026902138960e+00
2.704759670542026928e+00
5.084523431633110491e+00
1.435239522694137237e+00
5.075391811608046311e+00
1.347689274779485968e+00
2.961738492307917969e+00
1.159168702453082567e+00
7.703714227122666180e+00
2.267842194206558748e+00
1.510775870683853883e+00
3.593303102562276585e+00
5.997482010663418350e+00
2.795527151021868217e+00
5.885783578117211867e+00
9.604642635872769896e-01
1.192500143387587697e+00
3.079909903510440028e+00
1.033320403632732365e+01
5.156681013658439561e+00
4.604152706159663211e+00
2.695512976353962920e+00
3.056315210305818653e+00
2.196303527410105705e+00
3.035245924848563703e+00
2.642807686156518177e+00
4.488026229073442508e+00
6.575302949856622448e+00
3.561552522653623321e+00
5.654379328766928836e+00
5.495172144290807470e-01
4.247350834738374381e+00
3.314502992730739450e+00
2.576435056345559360e+00
6.855338932512167638e+00
5.786005418669117883e-01
4.862686060327190973e-01
5.723124039881989589e+00
7.019824017254345350e+00
1.778628750413195458e+00
1.937904965479857022e+00
1.910314811653810896e+00
6.827176170451617843e+00
1.611206390170113245e+00
3.859376393381770409e+00
6.491856249219413177e-01
6.809574067754675220e+00
2.830337431972681284e+00
7.783537473148585129e+00
5.979725010290533049e+00
1.375471589493345359e+00
3.179094188838614610e+00
8.293361222435066127e-01
2.139575760103486157e+00
5.190198503364046090e+00
2.162775727519296254e+00
2.323294466396558899e+00
3.569010607862999063e+00
1.666188709888439368e+00
2.873793039091799173e+00
6.145160231794372097e-01
6.180728584589483710e+00
6.445292834571047180e+00
3.986971106468993886e-01
2.630102357304052507e+00
5.629686391298199588e+00
6.447749484811494902e+00
4.166488515160879924e-01
3.198017030227532587e+00
1.187352513951401400e+00
6.369354447379441453e+00
4.611332909710997185e+00
5.497716510722345795e+00
5.353110690626308177e+00
8.867222367204272260e+00
6.710573154873146429e+00
2.079401719737676402e+00
6.361284153652694506e+00
8.524207099823680744e-01
4.575656966307777296e+00
6.354434367243428028e+00
4.704446960597056915e+00
2.330122512354065645e+00
2.838566174300604761e+00
6.633500576576147445e+00
4.557390423623498776e+00
2.145367680051608605e+00
1.918809606977999627e+00
1.115715675100192650e+00
2.852843713116629765e+00
3.622367132620521346e+00
1.478139708306963174e+00
6.028421242742236785e+00
9.999060051596477816e-01
2.171080688189503061e+00
1.687243765041197774e+00
3.634935191365197049e+00
2.720854774428207445e+00
2.786864376584262004e+00
3.345283273182646067e+00
5.955939752954678035e+00
6.938400761539929462e+00
3.667630222815202234e+00
6.422884694897046387e-01
3.247355865271443598e+00
9.409627162559822677e-01
2.313267292832721367e+00
4.732455654208837181e+00
4.804626354314350145e+00
1.785494845364857142e+00
3.245001142146449968e+00
1.767812369782694626e+00
6.031323956258172636e+00
4.293623404797884291e+00
5.703754296711518457e+00
3.843682300540345320e+00
5.591871288256730077e-01
1.515420991937175055e+00
6.225749145305721655e+00
1.230505880658649520e+00
4.627255870440520447e+00
1.501484579043788736e+00
1.405443530002188579e+00
6.392844150719678709e-01
2.689350322924531245e+00
9.086465670339449741e-01
4.204456462138449702e+00
6.634585250693009861e+00
6.718349986161433307e+00
6.550451398086498678e+00
3.389102522876672907e+00
7.540378402286343373e+00
3.212755417983694795e+00
1.328598984508751135e+00
3.275313535988341851e+00
3.287367665422514573e+00
3.548447070671810089e+00
2.977840893644555731e+00
4.478204857863899768e+00
5.526449783537509930e+00
5.342699737548978867e+00
4.808989192664618884e+00
2.708954306861403705e+00
5.296758213779647617e-01
3.136197706958912867e+00
5.750593181878445037e+00
5.701402728424396216e+00
1.812347892666222426e+00
7.007549755722582319e+00
5.950414518295739974e+00
5.296363570066601412e+00
4.349324698210729201e-01
1.392361708290822619e+00
2.028377885275705506e+00
2.165086326553750773e+00
3.562989585160148298e+00
5.269641238300079245e+00
1.191274068007366438e+01
3.439831214512656832e+00
2.393315587444749593e+00
1.286484011810467232e+00
1.306724799338300436e+00
2.232809443371440716e-01
1.066346045872821335e+00
1.515643170243681670e+00
8.701553059930010603e-01
2.827944470539844879e+00
1.192725608441170593e+01
2.644901203465898298e+00
5.534259691366393952e+00
6.443534858212951022e+00
1.282330325541609861e+00
1.897871177350926031e+00
5.831670373368540439e+00
1.906744709660733728e+00
2.637889854150964553e+00
1.156025944497716562e+00
4.684490376846012438e+00
1.731508970932881031e+00
4.167471433330663722e+00
1.723797982972062881e+00
1.928302856877014637e+00
6.666996899882247085e+00
4.327212174339988948e+00
6.700832167089095570e+00
2.037351159330018202e+00
3.355400068486687370e+00
7.853180859686902382e-01
4.844007895509699679e+00
1.661234684749069546e+00
1.823577688377794992e+00
2.473458433071451079e+00
1.022915753738736111e+00
1.970608932798787016e+00
2.944572098977686903e+00
7.259025754629296223e+00
1.414983325502707112e+00
3.246067775447482262e+00
4.290021168733381352e+00
4.262350829063755064e+00
3.425361377248554717e-01
1.263011131621301075e+01
6.064896745603082451e+00
1.803105260076129479e+00
3.938169284959307959e+00
5.269896550740081231e+00
5.363992739523103737e+00
4.125105199937551426e+00
1.748019186897830313e+00
3.024151926476409624e+00
2.517068076145431821e+00
1.888678900407906314e+00
8.047400399904171664e+00
1.955184963331382253e+00
5.698368931681614846e+00
5.951328778498274019e+00
1.045386566075443113e+00
5.160244295158343597e+00
6.295470248923959566e+00
3.283049140204659100e+00
2.569707658849821108e+00
6.725423618611302778e+00
1.813235236360345670e+00
1.684577763270736828e+00
7.176832747096117515e+00
8.659978591105003787e+00
1.148493907191231456e+00
3.714821856530481803e+00
5.474632547591689935e+00
6.807482525159300302e+00
1.406255895976817216e+00
3.259014378165098869e+00
3.415042073985831816e+00
7.919110237817091225e+00
4.623926798896367707e+00
6.033421129534892735e+00
1.955515620544367561e+00
2.921288042251284800e+00
2.267133504952850043e+00
3.068202489066952143e+00
1.522747499654177439e+00
1.383591708566457301e+00
4.889843992015467933e+00
2.058592115848993931e+00
6.604390374234098138e-01
1.126657038048110904e+00
4.870875659650866218e+00
4.545329731707953513e+00
1.078795092176585424e+00
1.729245508360304884e+00
5.781684849477309207e+00
6.871160012588173327e-01
1.935823505734652672e+00
3.130529450776516676e+00
5.322216195114765291e+00
3.584668514811668594e+00
5.887985460834876505e+00
3.091440252849736225e+00
1.856549686178304404e+00
4.985753967200642123e+00
3.760390649932666030e+00
2.215066234036399351e+00
2.979771946445185726e+00
2.899873043885171864e+00
5.360621753450636184e+00
4.170105199042343891e+00
1.548920836647888599e+00
7.440885580316559667e-01
6.189492092109684762e+00
5.130707397331745412e+00
5.288223824817125163e+00
2.034816018445972485e+00
2.339228538282008163e+00
1.405945645367373320e+00
3.367008128665585076e+00
5.003064899513695707e+00
6.592327961465644925e+00
2.188755877065362121e+00
7.579954256393943268e+00
4.120689154465143389e+00
1.329935988075364062e+00
6.860301445918813634e+00
1.551946534980431336e+00
1.720388457439770979e+00
6.881021546011476531e+00
5.168457917119296141e+00
1.302212973808147156e+00
6.576722934595252923e+00
3.189396414779166911e+00
7.151751707345212594e+00
5.608597199207133954e+00
6.185451636379672991e+00
1.567119547674409086e+00
1.123139201090522787e+00
6.582706446171513903e+00
2.318056567433235848e+00
2.278928792872559228e+00
1.229157185651216011e+00
2.515163264328845294e+00
4.599222542746854714e+00
5.789194639451656244e+00
2.913735072036977680e+00
5.107595697329965212e-01
4.120842752694999334e+00
1.942768679661050601e+00
1.779772815080329584e+00
1.425058698242377186e+00
1.309543126021106563e+00
4.353794584050535654e+00
6.043540783198213084e+00
4.375167505418046332e+00
6.839629933295817921e+00
6.520757497625584875e+00
6.778723228923972943e-01
1.827761849547479889e+00
2.458830186584302524e+00
3.287448192703825267e+00
5.263694342091302936e+00
1.504858500369131935e+00
2.115894513050816439e+00
6.253596870771092497e+00
6.082446004766159930e+00
7.216403393538981526e+00
4.770028168912765487e+00
6.830610143883886209e+00
5.430055177590761284e-01
8.682683189648184863e-01
3.470835508862466501e+00
5.031755939087693141e-01
5.681362565240588580e-01
2.608232027666368413e+00
1.725622560128564187e+00
5.669263109677343593e+00
6.121409859572040091e+00
7.998440128234429736e+00
6.865074948319979775e+00
2.492840434981182796e+00
9.706276165317745397e-01
2.161518541734512411e+00
2.447348677122157756e+00
2.094670487049143492e+00
7.392494248087338349e+00
1.940790970327236131e+00
5.697280196249757012e+00
1.252194002203444256e+01
7.544907837738671574e+00
1.604668054784284204e+00
5.627703029820075642e+00
6.033426069770433386e+00
1.114034644957534015e+00
3.416309734187063629e+00
3.693671133341693391e+00
6.347420825495995622e+00
1.528619158296248948e+00
4.579201812084947143e+00
9.309438977116314407e-01
3.485086926858507628e+00
2.298782752776157512e+00
4.834367364303111536e+00
5.005401023993946374e+00
5.697852426920305469e+00
1.644611452109044469e+00
3.212023922501118012e+00
1.762227352055814933e+00
6.797227557721595703e-01
2.382042954326115236e+00
6.245145909372928017e+00
4.910407635524928871e+00
2.845998039891957099e+00
7.029807851320461154e+00
8.890036875890903190e+00
1.132253325435913283e+00
5.893799262414370688e+00
2.687620634884761994e+00
7.246519016326639751e+00
3.973833543808095392e+00
1.058696432922320740e+00
3.184238723793252124e+00
3.500267824856382326e+00
5.164917876508291705e+00
5.875146702892986461e+00
5.489994984688857826e+00
9.235270178990829804e-01
5.520230471866868882e+00
3.107062124805447745e+00
2.017891613711785936e+00
3.264401662422813821e+00
1.924657254011966634e+00
7.029512184297723287e+00
4.503688067088863711e+00
2.454595590126797955e+00
1.798671787020809987e+00
3.402329409087294643e+00
2.086778547440836906e+00
1.614197215827744669e+00
1.363476233077602018e+00
8.854058320056319431e-01
3.782384781568713272e+00
5.645116550324377203e-01
5.780687673637720181e+00
9.206154972534921210e-01
5.180312689868251219e+00
4.375557029736919290e+00
3.623275113817816084e+00
1.562408365467242932e+00
1.095697750610112431e+00
4.859288325448512524e-01
1.035154505947186365e+01
7.619246350145800761e+00
2.219446528444654732e+00
1.522288175545553512e+00
2.114305764144722932e+00
6.461171226897355346e+00
4.807458247841201349e+00
5.875615258800764629e+00
1.157033103283652498e+00
3.166517529216421156e+00
1.354497206508988194e+00
6.080330898310648990e+00
2.745849456314137349e+00
7.668553700301896647e-01
1.239337122578596073e+00
2.821430971367572482e+00
1.996923068536966994e+00
4.591047026405628451e+00
7.814267786026730889e+00
5.200063232588067130e+00
3.563812197283681815e+00
3.527816743040507852e+00
3.897896892018652970e+00
7.999505971797443715e-01
1.112399128225939116e+00
4.347485678211462812e+00
2.551044440895759546e+00
4.975822561187765558e+00
2.616646365886791781e+00
5.017100660342567409e+00
4.542382800402287479e+00
2.113006275477732121e+00
5.177559691608472292e+00
5.530374438434416007e+00
6.964343236027215056e+00
1.033008856427700684e+00
1.401985021941398069e+00
6.316979742236512152e+00
4.689741883672668088e+00
8.292134774644651429e+00
4.988511764084476163e-01
1.936901822320144628e+00
9.628405140469119550e-01
1.023105684296789519e+01
6.276150603409132778e+00
8.584101746474929184e-01
3.258997587237712601e+00
8.432658133889290308e-01
4.075492605738134877e+00
1.504647889668086158e+00
1.472604914701179490e+00
3.859745857506814648e+00
3.275100405963149441e+00
1.651153004180386352e+00
2.023722154518847294e+00
2.370065330153289462e+00
1.635607014458251962e+00
9.567066270404808170e-01
7.016610009803130321e-01
6.630948666423643445e+00
6.378756795162569659e+00
3.239490838725946453e+00
2.939021120319033287e+00
5.696107645164149247e+00
7.266916872785332160e+00
1.290164328169035590e+00
2.047122334377958097e+00
8.119709125652734727e+00
2.329886830923355578e+00
3.107421781235956804e+00
1.247308738968542441e+00
2.642091302220543003e+00
5.051673117747475850e+00
1.867004389330070957e+00
1.207157719758382708e+00
4.420924609733081767e-01
2.403051014466377477e+00
2.387540155982922130e+00
2.504142981116904920e+00
8.054609869711464309e-01
2.354153051956700438e+00
4.459808731144231153e+00
1.598512698604352522e+00
4.064629349957209925e+00
3.949830999945617815e+00
2.135139093534352384e+00
3.396259592611141187e+00
3.085453914995311964e-01
7.142621752251979039e+00
1.551033437141481786e+00
8.047969896552091384e+00
3.287188924716997640e+00
1.700759029151861501e+00
5.428738589445421425e+00
5.370034156390500968e+00
1.308443827231424050e+00
7.616950910825136312e+00
1.548993463017372063e+00
4.173406215901628080e+00
1.001943464814138451e+01
2.249453910120657429e+00
9.924291298098971703e-01
2.185613688454703052e+00
5.600057051474422565e+00
2.506593917284206885e+00
3.828685872491278452e+00
9.195953422422691759e+00
1.162842226994565964e+00
3.594654660925110434e+00
1.274503640566436502e+00
5.986084331061371167e+00
3.995624668651899913e+00
1.765916766446270270e+00
1.985449778455355530e+00
3.401073817018682721e+00
7.864238819373395861e-01
5.142807543899331257e+00
1.431609414131137958e+00
7.009891196690440474e+00
3.367270624647868527e+00
2.158870573139831883e+00
1.845326784372967044e+00
1.716671041703726974e+00
3.218065397095302149e+00
1.401673797254301190e+00
1.272675705077079833e+00
5.391115413443379190e+00
1.064117501879497718e+00
6.435475851250020973e+00
1.298942748318968610e+00
6.317597222078017438e-01
1.819332276456708364e+00
3.482278044259364158e+00
6.741534083544395983e+00
6.314997096645957875e-01
3.929999404591292489e+00
2.005034322444143591e+00
6.884217049906617980e-01
8.256164325724499875e+00
2.713247591430500094e+00
4.902013740970937228e+00
2.382657245288266612e+00
1.227376072871861457e+00
5.984787420774942746e+00
1.713671233923969028e+00
3.040089809479303185e+00
1.228929199761461311e+00
1.299540111732776948e+00
7.816624179782260207e+00
2.326435144825719892e+00
7.155023821910087456e+00
1.213689300728942211e+00
2.689356674100092270e+00
1.665898858943776872e+00
2.206488987681214375e+00
3.228510905539306197e+00
5.514472574709576413e+00
2.025955332973236711e+00
3.775233329454032116e+00
1.756522263346250723e+00
3.678206680957846864e+00
2.642917065874687221e+00
3.987815676214079841e-01
9.925889876002594869e-01
2.258487047289772676e+00
5.661779794021955858e+00
5.354827445400199615e+00
5.579368249170896021e+00
6.437442902734010097e+00
1.626607584873608792e+00
1.061533301345998437e+00
3.509239851110886654e+00
4.794618629042936675e+00
4.792083443916715702e+00
5.867859858241501136e+00
2.813917693830183087e+00
6.279062850370807247e+00
3.556572197309113115e+00
6.424840206519879970e+00
5.179554502976278840e+00
5.501726954640795419e+00
2.308898523471098141e+00
5.081408268156157426e+00
3.105842788305048341e+00
1.267335658986464386e+00
3.942428323790842626e+00
6.593313971826964881e+00
2.932661687039888943e+00
5.359802424173766511e+00
1.442575065392177835e+00
6.711332108538146990e+00
3.049674559400820772e+00
4.238380457815199343e+00
2.302891969888253065e+00
5.090830947561630460e+00
3.200599420242711712e+00
2.660693117201227587e+00
9.694691917794178160e-01
5.586498825348346742e+00
7.520996877331583841e-01
3.997068454586465869e+00
7.378653792335261308e+00
2.976790944892520496e+00
1.186079071162998044e+00
1.327528127580894557e+00
3.377642421347979429e+00
1.679131813159866482e+00
1.618185477803272043e+00
8.239497792683440736e+00
3.414446985437475046e+00
5.349855194985513762e+00
3.387077770090184625e+00
4.004492711735627708e+00
8.976468897882493581e-01
6.353313881522639761e+00
9.125932764119406571e+00
6.012454306505071955e+00
2.762823489259206067e+00
2.356080168743315273e+00
1.876894157144499475e+00
2.727511716313884893e+00
2.074642835191842227e+00
4.295559691516576351e+00
9.121986272049630529e+00
1.434981308171020764e+00
2.850674939665683194e+00
5.465849174577812164e+00
2.966763792787083798e+00
3.322396870556623139e+00
6.272551858635057265e+00
5.190782756033404333e+00
8.375135228787723429e-01
6.982032377355259500e-01
1.470582811180817018e+00
2.727705556465486403e+00
1.894766727850211829e+00
1.557785471638199581e+00
5.582504496781364622e+00
3.111897876361735094e+00
7.638095036314907382e+00
5.547191796252363361e+00
1.007230673873907101e+01
2.363276326650030068e+00
9.195992504162574521e-01
5.433871052780864908e+00
2.533968584073223784e+00
1.652945087536459967e+00
2.843182134277315143e+00
6.527773482062582566e+00
2.091367476472704379e+00
3.665378685365131783e+00
2.214852615476300635e+00
6.327183765146170202e+00
4.667050895973702929e+00
2.860811461332957162e+00
3.721568033982800561e+00
3.408627689332337507e-01
1.414553435091053135e+00
4.636103440544185439e+00
5.960457494711621784e-01
1.766464597569311623e+00
1.568617938474217821e+00
4.766129409589828114e+00
8.893996606243479430e-01
3.726033499200596122e+00
3.260015462685891929e+00
2.167564983979346493e+00
1.815510166452268814e+00
1.037383290491397325e+00
5.429482867587265282e+00
4.198040257167180656e+00
2.777295799424468026e+00
1.060363760111580955e+00
2.401626300361333843e+00
7.271956909280574699e-01
3.098593211305473272e+00
5.670347557675174954e-01
3.771780711147421528e+00
3.341522716767351131e+00
5.395681621983792198e+00
5.031774562753196456e+00
6.414568575233839276e+00
6.711845633513179088e+00
7.159229370263414438e+00
5.123561164183585426e+00
2.811281411510271333e+00
4.934006322362722408e+00
1.403584137736008319e+00
2.150727349299668134e+00
3.151091500573659054e+00
2.408371497225554325e+00
8.756906772797268257e-01
2.587661982452621690e+00
2.473972008440403325e+00
3.383915862409746733e+00
1.812813928099124228e+00
7.467184944256739954e+00
1.955486469682943707e+00
6.899547628924307396e-01
3.697935592879513234e+00
3.108273464727137614e-01
5.305698384873812401e+00
5.288471899761225004e+00
1.703177970320265633e+00
2.329052073196100636e+00
3.100595655543548546e+00
2.855336305589791124e+00
2.938069033275523267e+00
2.303408163732374003e+00
1.145899896264086726e+00
1.223334095245892428e+00
2.610348831849624851e+00
4.028958134266465763e+00
3.573901247141804571e+00
1.386108036787206954e+00
7.211398002833351306e+00
1.067379916623709679e+00
4.839328580037822292e+00
3.841959513831926465e+00
6.479728730912276191e+00
9.825691817117025550e+00
1.103469741685696309e-01
2.376744850149774546e+00
7.556654779626581497e-01
5.342383154968089798e+00
3.126862208770411655e+00
2.656338697856365449e+00
1.896139534244864588e+00
3.171394977844552265e+00
4.617263641861052981e-01
3.417648161883531266e+00
1.081650051953505498e+00
4.963860674318521404e+00
6.741015647665876465e+00
9.451824630516051373e-01
1.411525517042857114e+00
2.784604590290956860e+00
1.640441943180218409e+00
1.396045481483243922e+00
7.728777320540393125e-01
2.847676617690926726e+00
5.454361579115749592e-01
6.876846934410807854e+00
3.118081075206105890e+00
1.710182753323912674e+00
3.003160242615347197e+00
2.189977043608339446e+00
6.517232835936508373e-01
5.468387378888355244e-01
1.676252644550216164e+00
2.314387386639273458e+00
6.807411014769922275e+00
4.489172564931990017e+00
1.517066898112467754e+00
5.899533467184194357e+00
8.710142530896721524e+00
3.425488366967602172e+00
1.389317800293393024e+00
2.238925379898515811e+00
3.267517958272685430e+00
3.329039899426105009e+00
3.103859651788529739e+00
4.797275227105668449e+00
1.152641462476825973e+00
2.522936073476226060e+00
5.873867103412371726e+00
1.332261995302090218e+00
7.268927144734631085e+00
2.309793996268705740e+00
2.531698426846844985e+00
3.895355573592852227e+00
5.941536106006535256e+00
1.173437524882734007e+00
2.193939995373998642e+00
9.521883739998864726e+00
2.167005294309703789e+00
1.871895026746950741e+00
5.227600968444058083e+00
2.074786538639747491e+00
7.555646101413343807e+00
4.329258600715908401e+00
1.483622412144049774e+00
3.669524768511986945e+00
5.366136598959061033e+00
1.871775057521200658e+00
3.188968944816418016e+00
6.767735677599562294e+00
2.607104330133908743e+00
1.641229536045712090e+00
5.966263341739238335e+00
2.581179103035405209e+00
1.830766228550934516e+00
7.653911159624379179e-01
1.057600835094384406e+00
1.842023888467134052e+00
1.535866367520314801e+00
9.802283543926038067e-01
6.610583846647342554e+00
2.145727061562734406e+00
1.125165782910113599e+00
6.277239632086581089e+00
3.593913768633547168e+00
6.430404770447185392e+00
2.045833789119541724e+00
3.578151911423226750e+00
7.940780753770553257e-01
3.153517228976730813e+00
1.374534071617752984e+00
1.330932510050806039e+00
1.279279895780369047e+00
1.254053740687897989e+00
9.617481615087414282e-01
1.533308041617013728e+00
6.953112408704384961e-01
2.414849752574191655e+00
1.749092365931192994e+00
2.451760227180826757e+00
1.741945320662845464e+00
6.879549032001169850e-01
3.532514522174666105e+00
3.476411220020254156e+00
2.353280746593206185e+00
6.946105745523922792e+00
3.700561220931061879e+00
5.226636778865834110e+00
5.964245112828526985e+00
5.913173009392508561e+00
2.494631712707050752e+00
2.065976328314540922e+00
2.078248484449634059e+00
6.311220299395722932e+00
8.493508009370351886e-01
4.736803249335564736e+00
4.599793538835512230e+00
1.293425122398121907e+00
1.889151822544729908e+00
2.448313832897786035e+00
4.006070452756647526e+00
5.428640646636546663e+00
1.846995527354246436e+00
8.378219166070618451e-01
5.696776528365577796e+00
2.530839853079314583e+00
9.673610902005295165e-01
1.825412787307252316e+00
2.176898498350606115e+00
1.104381883373346973e+00
3.070912378423447109e+00
6.368687746900643987e+00
9.906471635020349664e-01
3.336562106979315434e+00
1.256890172316934118e+00
1.836955830180578841e+00
5.501679497536942520e+00
1.766947174767416584e+00
5.607285697966210236e+00
2.650112354780860269e+00
1.078595079274930590e+00
9.149260031269664140e+00
6.169667707322350481e-01
5.242178848022203574e+00
2.942535096411864615e+00
2.927057039203472488e+00
1.470957058488017166e+00
6.491562068841948197e+00
1.982972888902658104e+00
1.199467607232445499e+00
5.064062681039981584e+00
5.646822164530304278e+00
3.528054368630521687e+00
4.874757531089664475e+00
7.350944159349690032e+00
4.051252144538971756e+00
1.338619400837624873e+00
4.992650271248185057e+00
6.200367936310432704e+00
1.916797608387457386e+00
2.006352746548282884e+00
1.298106821883608264e+00
1.374197938078994374e+00
2.554043067002683465e+00
4.826120309678108455e+00
5.905752143784645192e+00
1.869978581745939783e+00
4.123156000411469235e-01
6.199598145214440414e+00
6.464177368374100396e+00
6.249739673741304680e-01
6.210734324390487338e+00
2.624016104892348267e+00
9.552222387911153412e-01
4.370846616472441326e+00
1.771438314544483639e+00
1.299111037561104132e+00
4.444595274700574805e+00
1.266383688893678583e+00
3.347768705528658018e+00
1.854025751941859479e+00
3.036887430704738211e+00
2.851417314281265547e+00
6.389212977250940284e+00
6.803486041596291223e+00
3.692669430201278136e+00
1.219587377557443952e+00
1.547773376096650333e+00
3.250829929625552950e+00
4.850614434703350852e+00
9.631799736836554882e-01
3.904249218536343324e+00
1.341208185792315266e+00
7.475463755122721210e+00
8.890940836281876480e-01
2.715333812661595125e+00
1.273838464363535206e+00
7.701964809409036938e+00
3.879953952883547164e+00
2.556177626120423430e+00
1.575363590279144299e+00
1.262158290082865397e+00
5.187245771268317540e+00
1.231222418943799024e+00
1.390418887075506538e+00
4.428891746621684611e+00
5.987622070437753408e+00
1.982063461094168755e+00
3.664501819587200782e+00
4.835165555887488864e+00
4.579947487170061393e+00
3.089833571289537950e+00
1.090520765786330726e+00
3.238972662143814407e+00
1.585159624526367272e+00
1.104447948728714213e+00
6.663966625230765217e+00
2.453280384282210846e+00
1.212472316793244298e+00
7.017029948320337773e+00
1.239273887789748896e+00
8.348719029211597586e+00
1.080799595200553354e+00
1.142092891867689586e+00
6.566471451891710664e+00
1.146993290642485563e+00
5.836116748638170648e+00
1.690151462397399884e+00
7.400728665861009858e+00
1.027539432314123591e+00
5.607202125391499870e+00
8.403988853400925052e+00
1.414710447342113264e+00
3.345837743893870453e+00
4.766293241779099965e+00
9.250501829465295200e-01
4.178384066985060485e+00
5.428663868067764575e+00
1.827846657714164103e+00
1.632948546579722437e+00
7.141012945082913177e+00
4.535524870765990535e+00
2.945924547628272716e+00
5.026613613671201186e+00
2.941867231730823651e+00
6.994197680239610193e+00
7.773915019332021004e+00
2.435785005986019769e+00
1.508660560938559714e+00
1.483357546266836025e+00
1.971277766911617713e+00
4.833596038321461563e+00
4.010468975161108895e-01
1.584394481303350144e+00
4.696655865065433311e+00
6.792068621210685997e+00
9.003296427307027727e+00
8.868306727283907787e-01
3.928477751280064822e+00
6.922119847404644588e+00
1.493726870475372559e+00
3.960261302328961008e+00
6.206207040396761521e+00
1.360515433803850982e+00
9.886786310794328791e-01
1.321249977250479990e+00
1.428773071266602690e+00
6.229991872923724472e+00
1.240770536012477665e+00
1.304733985344592950e+00
2.323583291243683568e+00
2.288446818913154157e+00
1.897140367913340286e+00
1.724166832268735572e+00
3.816720481180523095e+00
2.803058834283471246e+00
2.498958023989918065e+00
6.553838665429331911e+00
4.077649111406031146e+00
1.224916651537312884e+00
2.409066034701601744e+00
3.109942712653915198e+00
2.690436944013500309e+00
6.153007536579728765e+00
1.011597722485839457e+00
1.331541491405674238e+00
6.074670847068588841e+00
3.880871159717113716e+00
7.283981180629338636e-01
3.439537774468306885e+00
7.744907542723761473e+00
4.647773466442720824e+00
1.318409994242747407e+00
2.090567562759429343e+00
3.030762414373890046e+00
8.514366963166475344e-01
1.399277442119807535e+00
2.254033972885939097e+00
4.846868128562556777e+00
1.449108593566091008e+00
2.672334891266771262e+00
3.122762879669356728e+00
3.151585010531812614e+00
6.571336725070727525e+00
4.529973182523370667e+00
5.982413179461725683e+00
7.522534000185260084e+00
6.647611555990940779e+00
5.907123414635622183e+00
3.402664810972808596e+00
1.373413209987938588e+00
1.469605585996535568e+00
3.208551608348310324e+00
2.928823593984762219e+00
2.907437701732233037e+00
1.098878269571219368e+00
4.221766605427161423e+00
5.471775016408731318e+00
3.470173836540455525e+00
4.299495374964268812e+00
2.876849715365673799e+00
3.490628995263901135e+00
1.217348674966534317e+00
1.122090637196460072e+00
2.002849848022298929e+00
2.776153760457985342e+00
1.791841844414057805e+00
5.137079587983436113e+00
4.370808551339684378e+00
2.569212697666803269e+00
1.700981365317976834e+00
1.945178399792771406e+00
1.246960810593051416e+00
7.901334985175051395e-01
8.303813161040038970e-01
5.684863355807807661e-01
5.151311298778007419e+00
1.068009445214875619e+00
3.211986369425804178e+00
1.820672089034490071e+00
6.206304020645906361e-01
5.901867969433300942e+00
7.339618005052405358e+00
5.048799896174723578e+00
5.481469565947284295e+00
6.008256465189857565e+00
1.018927162218785654e+00
2.985925046356544321e+00
2.701983407475065047e+00
5.947136837825129696e+00
9.935443583163756642e-01
1.998874284297404103e+00
6.019552329721602923e+00
8.899257328234103426e+00
1.507543807377491607e+00
1.326351125248948604e+00
1.876870056220965033e+00
4.648936105483555181e+00
3.340257084033437796e+00
1.252248993677125055e+00
1.862230411584925305e+00
1.683367973870583123e+00
2.941462215030423710e+00
1.386763252865954810e+00
4.799114904024698980e+00
5.066549458077250767e-01
1.065295082041789243e+00
1.891246305240468439e+00
2.164081360606465942e+00
1.799741737664210639e+00
3.884750551487704318e+00
1.613924400575013074e+00
9.226940264837786287e-01
1.373551884017289337e+00
2.209083268565162239e+00
1.991069778617278851e+00
1.551556659029240226e+00
1.931479115849757511e+00
9.250774839578178588e-01
2.103628944129957823e+00
6.538490321109816428e+00
4.363709973811353393e+00
1.434801849487967740e+00
4.192773149120423426e+00
6.097158571491652523e+00
3.624915567650540460e+00
2.420971227341332632e+00
5.913415489944645609e-01
2.975148002316210238e+00
3.969920620744219253e+00
4.741337005164865559e+00
2.166715868477442353e+00
2.595485926264261334e+00
9.317253091556707556e-01
3.785259691349427413e+00
5.665193996111945296e+00
1.046911734904048652e+00
6.289743176096560084e+00
1.401661908937356760e+00
2.778127202258050321e+00
5.043549588591678123e+00
1.655879798740057529e+00
8.597870717097633175e+00
7.930093336538800664e+00
5.476364710722513962e+00
5.952659730155159146e+00
1.751591586245143883e+00
9.385793925072199784e+00
1.614336254996955100e+00
2.455318132997225788e+00
1.481582711218175863e+00
3.055404709654955475e+00
9.870347075072967158e+00
4.415784895698130263e+00
4.619695603338999312e+00
3.226383125292148879e+00
1.764144526459556106e+00
3.298035466330924703e-01
3.757303819318968952e+00
1.721165178674394669e+00
1.039851974709703697e+00
5.479246925778663346e+00
5.079263288729780612e+00
2.988998265718056935e+00
5.117751266708355118e+00
3.869361682141688519e+00
4.296582662630524574e+00
2.333071195577140600e+00
3.825529639663754811e+00
4.186082112895943119e+00
1.276039224757355983e+00
6.303421254768016624e+00
3.930510351573213157e+00
2.180421058829097980e+00
2.510523234327572517e+00
2.137030611212005660e+00
5.510412583417806154e+00
2.094641779363839884e+00
4.275117355376624850e+00
7.546147206322941781e-01
3.085765308608572788e+00
2.823304766252283660e+00
1.360685303628045073e+00
3.376798526140587509e+00
6.194164908656349944e+00
2.077685882943019369e+00
1.547143345860041652e+00
4.291244736270803273e+00
7.651429530865409667e+00
1.248556417220375891e+01
3.230044573646237538e+00
1.139417794140186624e+00
3.453687038937393261e+00
6.091254759139274277e+00
2.863179338080034775e+00
9.589599019782422129e-01
5.785920275134292190e+00
6.259196831974831454e+00
6.719926951369376233e+00
2.526233327409783680e+00
9.997066578447679763e-01
6.802592252794745775e+00
5.920313448863436356e+00
1.295250435608380268e+00
5.817506840312952399e+00
1.247415923786073133e+00
2.311157144700956234e+00
4.108222109229085817e+00
5.285397739054120692e+00
1.182433255207155476e+00
8.547219353324530644e+00
7.755510945073210038e+00
1.095656599843430667e+00
1.101898740474430038e+00
4.941346117823847806e+00
1.567760158940731952e+00
6.062371871856826466e+00
6.091651368611491257e+00
4.546354552101686153e+00
5.654685525517830769e+00
2.972047548368228043e+00
2.446717118015392156e+00
3.067314294657494944e+00
2.945466688001741051e+00
1.098959729872080793e+00
4.415813580131130678e+00
2.666345454719676322e+00
1.324194606551119868e+00
1.497181291332650988e+00
1.702853309510394819e-01
5.656058927410491322e+00
4.350742346688734941e+00
1.502708399497926672e+00
1.436175887227887360e+00
4.146143154684549970e+00
1.134576104582695644e+00
3.325667144263692254e+00
1.822747628196332847e+00
1.676229551744438329e+00
5.868759954489892294e+00
7.619158782791825679e+00
1.733399901277341559e+00
6.720080617608569895e+00
6.583858355203482837e+00
6.838217601436764603e+00
1.239911740893534731e+00
7.860459070904690648e+00
1.826891917432696522e+00
9.275980266395489338e-01
2.987033397384801336e+00
6.502191228002793810e-01
8.350824256757450881e-01
4.906334547350879483e+00
1.603313564975192396e+00
6.395416555841872963e+00
5.517423629231503313e+00
2.796403061201654605e+00
6.402679703002972289e+00
8.329878907996114634e+00
2.941878501052270334e+00
5.394421192078703298e-01
1.433327409036081468e+00
1.365070082617953151e+00
2.896053290738505592e-01
2.000200774857260999e+00
3.285493592373436744e+00
3.472999347480184795e+00
2.751167839391801095e+00
8.048610496132122094e+00
3.404567949911138758e+00
1.852484083561974693e+00
2.374841925344109317e+00
1.754897194977274255e+00
1.885109942753967260e+00
1.869659545823019409e+00
7.602258809122165450e-01
2.666861638913652577e+00
1.537191924913273056e+00
6.528704461315212981e+00
4.689663087598079372e+00
5.649697396333439592e+00
2.745529180864773711e+00
2.662549729382003294e-01
1.481596447496132951e+00
1.968736324391084036e+00
2.444252410853959390e+00
2.217969094542653785e+00
6.046793119699190200e+00
2.102557811389526687e+00
9.582321979158958669e-01
2.074911550602390964e+00
1.295616286501124703e+00
6.505161463339602435e+00
3.588718666813434766e+00
7.129462321309167905e-01
6.092726470632046087e-01
6.031588479445633588e+00
6.233036206881215513e+00
3.295472340314857362e+00
2.176501185915946213e+00
7.114903315309100584e+00
1.872347622288413227e+00
3.220988350546568846e+00
9.225528839488840172e-01
6.373990761510270886e+00
8.185370253206180280e+00
3.480047001434692699e+00
6.072362704768591968e+00
2.526133371538982875e+00
4.179498298252758204e+00
1.939400532635958463e+00
2.504316285624200500e+00
1.414478827471829181e+00
3.484175684202130974e+00
1.224194746417561985e+00
8.169282148931189980e+00
5.256554255618771654e-01
1.093457911766190893e+00
1.858383748892390663e+00
1.226386054486103605e+00
8.550638479463867014e+00
2.614783687837122006e+00
4.270978619361077477e+00
9.420946736848893721e+00
6.645690979883074334e+00
8.143800573249303509e-01
2.832165719569621487e+00
4.954861425313472068e-01
1.859221834438463006e+00
3.829037453007105629e+00
1.195317056890002672e+00
5.326820639758205189e+00
5.220808669386168610e+00
1.655611227018411569e+00
1.784105337815016901e+00
5.755151064578125641e+00
4.000215151742515296e+00
2.881097804548853780e+00
1.653167938228583544e+00
6.914051412489568005e-01
6.125023005809631549e+00
8.832608946697419583e+00
1.131130227508523323e+00
6.876238744979842998e+00
2.591633068524818118e+00
4.909612068387179562e+00
4.573264207982156826e+00
3.017912000844341414e+00
8.148709799274395094e-01
2.692438649217438584e+00
7.840097595135269160e-01
3.140303151071167864e+00
3.204113439792885210e+00
2.709399189511085826e+00
2.405588009616854706e+00
1.812255055678982041e+00
3.674840142381712749e+00
3.947766583744369839e+00
5.555418303635022426e+00
6.114657876530479541e+00
5.043485733539040616e+00
9.942045185153707720e+00
5.436163540822609441e+00
1.156952565420656853e+01
5.769653770160101836e+00
1.071116791389771450e+00
1.009461094811050286e+00
9.349103310514966791e-01
1.009962592146575355e+00
3.810139524004507727e+00
5.429202160177222680e+00
1.534214079029319056e+00
8.333260559973780346e+00
6.027059738054650895e-01
2.220559480106776284e+00
7.661819669630566265e-01
5.606203906063598197e+00
2.416902766545771630e+00
4.063272770571003889e+00
5.318756012121722776e+00
1.306836339279500825e+00
5.495333433852439775e+00
8.806194786699814259e+00
3.676167336223473914e+00
1.037729193670301475e+00
8.371541740220239447e+00
1.842668082883272884e+00
1.820423400247097367e+00
4.502381903181237099e+00
6.699182139036165218e+00
2.244706194432977142e+00
2.133656485547095638e+00
4.004985195143812682e+00
1.203716382971645737e+00
6.943762307664108846e+00
3.428126195809542143e+00
1.488583317865233679e+00
6.170571377726718154e+00
2.378948839346880728e+00
5.303997139049030807e+00
2.805973173380436059e+00
1.133844440835703349e+00
5.306256852816649605e+00
2.601539053212881036e+00
1.752226573009269872e+00
1.786298388533304138e+00
1.898805360784637353e+00
2.340270497231901725e+00
2.956573821917455547e+00
2.206135264883007707e+00
1.422700092213210254e+00
4.264821183309059016e+00
3.728263174557127968e+00
3.992450621896143748e+00
6.017578632465168553e+00
5.885265241700853300e-01
2.980825824582091776e+00
6.284616945664826204e+00
4.197049891317554682e+00
4.231385384243873560e+00
4.756309993162566307e+00
7.612984187316382823e+00
6.072498979850729839e+00
1.784491772689872580e+00
5.365106282854242181e+00
1.385498190510978667e+00
2.272203524354751814e+00
2.683980315673147210e+00
4.400475155320598297e+00
1.395996941116768086e+00
7.779013924514537770e+00
4.811388254435420286e+00
2.111277569997271009e+00
6.400383655322796628e+00
2.747498527920927192e+00
3.064644649080519034e+00
1.461018045616290895e+00
8.829799453422811695e+00
2.047634085987394048e+00
2.377540656030331601e+00
3.571327327728581746e+00
1.515834052865455028e+00
5.737954292562126746e+00
5.558473215350422159e+00
9.610753885904785854e-01
8.621113068095481724e-01
3.697470143053518843e+00
3.499680493326117858e+00
6.507080120517306554e+00
3.228286643932066990e+00
7.970188144418573373e+00
6.246006547237489492e+00
3.141351620437268455e+00
8.438218325161337408e-01
5.089067244793686662e+00
6.177647366349497737e+00
2.039488337067243973e-01
1.290585225902735722e+00
3.606567372317626585e+00
7.429511778782108555e-01
4.559353172757185213e+00
1.836951128042257020e+00
4.124862604364953000e+00
9.911794755303708904e-01
5.235258405523438796e+00
8.678029289832202009e-01
3.258626159411231793e+00
3.207451758607606340e+00
1.729970689629886094e+00
2.527094736789031959e+00
2.078194463910282508e+00
8.112445797729549213e+00
8.288850586436673495e+00
3.358057916566765222e+00
1.802794437275319739e+00
2.010191137679635975e+00
4.243913057675024803e+00
2.859661983710725774e+00
2.606345772800421567e+00
5.360019835330679605e+00
3.328815470396580878e+00
6.073056947714620790e+00
2.142230189945210750e+00
3.209542882358808580e+00
5.346440646182140988e+00
3.345492317789093395e+00
1.414668130540411850e+00
5.837948400953346884e+00
1.436044041457212872e+00
1.361979883559222504e+00
4.091339276171134465e+00
2.160239053061344006e+00
1.504985925417057668e+00
5.085945994449643237e+00
3.210087113752051469e+00
2.861813810843049311e+00
1.632115510626884980e+00
1.705848532128852568e+00
6.287292085677417042e+00
1.093248751914279726e+00
3.161718373627772305e+00
3.908138717566968179e+00
2.578890244359783868e+00
9.836315960171631012e-01
5.291735749213668072e+00
6.357824546641532848e+00
6.221770909511705305e+00
9.529365840360198847e-01
2.351257235362574249e+00
1.630944110241461686e+00
6.858016526173894789e+00
3.343352449580364816e+00
5.504802325946504205e+00
4.208276912989640017e+00
5.666056971696462163e+00
2.294844756809487851e+00
5.871291005180339084e+00
5.145125088386977019e+00
4.325024987589171310e+00
1.468646935752535132e+00
4.927301317273879100e+00
6.980701073057711703e+00
1.286126941955504144e+00
6.096543543446594882e+00
5.305390494374835342e-01
2.087000447126938774e+00
1.382539241825260889e+00
1.343750183362633299e+00
1.740071931630213564e+00
3.451451528501219279e+00
7.931587285466861204e+00
2.535463043379548420e+00
5.079207769253222260e+00
6.140945263281873068e+00
6.465700978080206163e+00
4.895146223693098264e+00
3.765440166565327540e-01
4.961911311513170553e+00
2.156083303294512366e+00
3.713959598596609624e+00
4.583925692575737010e+00
9.924212192307594327e-01
5.813741076068252411e+00
1.157406904730554853e+00
5.011697116136776264e-01
2.681300443772516751e+00
1.098624993336815514e+00
4.722051035584968304e+00
4.653890201803009496e+00
1.379397138057748551e+00
4.537335153573219593e+00
3.912459241663943210e+00
4.921375781295733276e+00
4.079465350575312677e+00
7.470578821618917509e+00
3.251270285748409261e+00
3.952080367424728014e+00
3.616377071314111458e+00
6.030696063551987951e-01
3.348948370864712309e+00
2.651410172968515333e+00
1.626141593563375620e+00
3.169893075187864451e+00
7.304509259677716138e+00
7.098777949672607335e+00
5.182214162642619470e+00
1.233044439216731902e+00
2.687614506640430889e+00
3.356437075325475750e+00
1.192810774885197933e+00
1.902814948500887171e+00
5.010958574004820143e+00
5.799810682802843509e+00
7.821403995749623972e-01
4.567636511444756131e+00
7.124110154468001888e+00
7.150861624831352792e+00
6.020876826678908778e+00
8.352522239867980147e+00
4.357956212158274667e+00
3.416046689809955517e+00
2.961769452098475419e+00
1.465606136235523715e+00
2.403720587183767243e+00
4.392505918336754078e+00
6.049360096198220127e+00
5.929417007913442283e+00
1.873043674876203823e+00
2.215207705151037043e+00
1.507707419923445036e+00
4.691313878223414946e+00
2.249965684114347386e+00
3.581027975062263113e+00
1.551348298848456597e+00
4.199228941244895097e+00
5.405081464036440408e+00
7.138274956575637376e+00
2.001653431426618557e+00
6.594638632930541533e+00
5.339068409158797657e+00
3.731944423136424493e+00
2.921641098756193156e+00
7.535675444544109425e+00
7.094705179865506972e-01
5.790092617340256709e+00
6.774829220347978520e+00
3.739694018875482584e+00
3.170367803076659552e+00
2.953521553590007453e+00
2.694164584574677779e+00
7.011509730674630347e+00
1.979286101503553885e+00
9.137129785140930549e-01
4.828930133971340410e+00
4.275720506400663368e+00
4.990403961231983487e+00
3.908767259822025331e+00
3.803003195724749208e+00
5.519820170879843779e+00
4.728449211177132128e+00
5.858779148529971614e+00
1.271288128771453030e+00
1.530117537425855767e+00
6.160981225010225160e+00
3.258599824331503747e+00
1.009610514170386075e+01
2.260359674152187637e+00
2.178345753614384428e+00
3.088317074730830836e+00
3.314376431776269616e+00
3.321270418022184145e+00
6.138084692556235566e+00
1.764354731374379481e+00
2.534827498505443089e+00
1.466456495288432693e+00
5.225529646515941096e+00
1.388466607895497695e+00
9.923546762516906039e-01
2.595054594317115271e+00
2.728101873001731459e+00
2.449400777254544082e+00
2.323439016718326311e+00
1.146604416531983750e+00
7.606814962353291021e-01
5.242152214209623295e+00
5.950640348909079336e+00
1.628505385158317997e+00
1.580704248168466997e+00
4.458786538587360404e+00
2.066948213996697703e+00
2.203589342401979234e+00
1.391365486247866601e+00
4.106363158334812802e+00
8.855763622391854994e+00
7.861858417173218649e-01
4.934686481740011565e+00
6.206169136470158776e-01
3.200590611374763750e+00
1.219351860476056260e+00
4.868542189227723860e+00
6.556215746719764148e+00
3.728457079698249022e+00
6.041770778930360741e+00
4.103347966306685635e+00
1.796785880427355098e+00
6.133840101118502197e+00
2.461799928840936680e+00
1.838696873789814390e+00
3.159221318006294243e+00
5.608203911532219976e+00
8.740033330222953367e+00
1.986643259331142719e+00
3.038714052337162741e+00
1.065096677101541012e+01
3.003078345564187845e+00
5.812581686351213639e-01
4.334246842172072789e+00
4.955272013760326999e+00
5.852508297271771909e+00
5.956119752267955647e+00
3.148336182617946566e+00
5.183536445240229718e+00
1.679488439140904177e+00
3.565720781937598560e-01
1.227707401808140197e+00
6.582098213122430153e+00
5.890577632627847393e+00
1.012825550282570486e+00
2.798301381610574623e+00
5.878847352233173673e+00
6.848336608939616932e-01
5.852226559629308156e+00
5.066110879468936901e+00
2.610245457763945787e+00
4.427534040334567322e+00
5.196130208899544911e+00
4.014651502341876288e+00
1.458887273362486026e+00
3.074570744635456432e+00
8.909546456273417236e-01
3.997733186253177085e+00
4.737109936291603596e+00
2.120052125510398788e+00
1.810035591576494518e+00
3.477381623495104712e+00
5.655563623723073974e+00
3.445460157581495153e+00
1.388114004266642887e+00
2.304112638767922050e+00
1.253144474691995969e+00
8.061906770615093754e-01
1.140357497395131814e+00
6.388625915660241184e+00
2.978807119664183656e+00
1.985879236440379003e+00
2.024010577490039875e+00
1.086384569318275428e+00
2.899599456413013421e+00
6.600176418439818171e+00
2.501739132166630686e+00
2.935920404543510998e+00
5.835279743945721576e-01
1.048976079598660682e+00
8.561029217104688671e-01
2.921188018853733137e+00
2.657281931104782835e+00
2.211980351494418906e-01
6.481682734280461489e+00
3.773200724797796557e+00
2.159532115385991435e+00
2.606975098832823967e+00
1.359932772641387189e+01
2.815835383618944920e+00
5.379787562783165278e+00
2.490380921025715288e+00
3.041387921250722215e+00
4.637722828048080892e+00
1.853523803777285650e+00
6.026777124791642848e+00
1.879733583535254660e+00
5.148825972757682834e+00
5.267686909113481697e+00
6.758486459896145826e-01
2.657727540388437504e+00
6.154528060383406718e+00
6.433018043695311938e+00
1.654405893791702331e+00
3.529610731531139134e+00
1.324331800207018128e+00
5.390257352648722744e+00
1.106178106631890978e+00
6.264659537470077311e+00
5.171432968923681983e+00
2.757573350602521067e+00
3.303961777080173690e+00
2.990662367634386420e+00
1.503067861165622521e+00
2.519788820916425642e+00
3.165693551946745732e+00
1.075605016037336714e+00
6.804013311100512995e-01
1.500063978367163875e+00
6.339292058483146697e+00
1.772200073162646383e+00
3.992896179542887225e+00
6.075169657031874060e+00
1.563714666875662296e+00
4.901978029867314568e+00
3.503454688692908991e+00
6.498366598696257768e+00
2.373046045821490591e+00
7.758952500290696719e-01
6.451040284783730705e+00
6.660792500492910939e+00
1.797143447992500809e+00
2.515241973420610400e+00
2.667714172423028884e+00
7.926733549338661478e-01
2.579284904877686024e+00
1.367521389044947133e+00
2.467481039533331089e+00
2.593795479333242060e+00
2.511589235209053861e+00
3.595400114064807084e+00
4.879331740645165283e+00
2.282970948758359153e+00
5.301950335864275665e+00
5.817521408008511585e+00
2.074685085883087865e+00
1.435882028585649728e+00
2.701135955970727309e+00
2.193623173480536703e+00
1.879027746544672528e+00
5.559179461562909985e+00
6.979337445564074649e+00
2.692985812215056729e+00
9.054382914636855961e-01
2.545639883104146239e+00
2.088223967974032647e+00
3.407871175588532253e+00
1.684068714866732819e+00
4.546774293084472340e+00
7.504644959562803308e+00
1.570534787819707123e+00
2.569333043391707427e+00
5.042263584916097052e+00
1.842021229365101265e+00
4.711300946598760753e+00
3.141423912660332718e+00
3.466562889870094644e+00
2.148394758945435967e+00
1.347372099425176994e+00
3.390144307049812955e+00
2.871894383237864279e+00
2.230161213491225869e+00
6.390138486099036896e+00
5.438414721844360145e+00
1.061812864623469910e+00
5.098266486825285604e+00
4.764973564673316453e+00
5.188160127168447211e+00
5.643058810694493665e+00
9.640161425407427487e-01
1.180102888154843477e+01
6.489798927433128028e+00
1.634927555215285322e+00
1.991938580966657657e+00
2.015118050448990950e+00
4.192239114721462379e+00
4.427992918668679501e+00
9.199751356245895462e-01
1.633732194483119793e+00
4.651232651047374489e+00
2.273475170472583073e+00
2.574218620813356395e+00
3.133759520187349157e+00
4.116607743653079021e-01
2.567244118836342626e+00
5.771752662803454115e+00
4.371865489892265089e+00
3.213585937994273944e+00
1.605951915727396040e+00
6.154709491024072499e+00
1.750544963150177935e+00
5.960343057464238647e+00
5.600243748231900076e-01
2.513906308547203761e+00
1.651734355149996336e+00
2.168771575124161632e+00
1.641910348149006715e+00
1.091223696283632583e+00
2.194234008073461695e+00
6.077856306608342862e+00
6.592461002127397940e+00
2.270755587105188322e+00
4.101586552783448525e+00
2.763722090131836673e+00
1.392669823722447742e+00
1.695045151974389874e+00
6.205039260518096178e+00
1.841462372491826649e+00
3.788028951727143934e+00
1.797931557426212912e+00
6.558640104744055677e+00
5.586704772516556616e+00
5.833522483047026697e+00
4.953016953783522247e+00
4.686012848646941009e+00
1.118508122912182490e+00
1.339474915626469587e+00
8.888158763052378397e-01
6.837675921858687111e+00
2.061454691783364268e+00
5.450356039245628281e+00
8.909621419531260855e+00
1.660738350386948836e+00
3.365273423943636821e+00
1.028799653723970531e+00
1.927104969117244160e+00
2.334610263522826301e+00
3.005921494813115213e+00
1.991106223320555868e+00
3.035341862831453241e+00
1.715784280094254655e+00
3.717459739128017304e+00
7.778716606392975130e+00
2.824268762384548825e+00
3.142145906462032734e+00
3.112484729713877574e+00
1.902653370818955469e+00
3.780779007186235940e+00
1.526655225656701420e+00
3.416897971541218659e+00
6.651505651677124042e+00
1.893661227289827442e+00
1.653958611491507469e+00
6.399516858455372770e+00
5.892889915327890193e-01
3.246600794542249702e+00
1.744814777847169651e+00
1.318526963281903974e+01
3.805026701079130547e+00
9.650843305691344298e+00
1.235286874047712535e+00
5.354605056396192886e+00
2.585543415916124133e+00
1.167426301178659642e+00
2.421642801377926091e+00
2.936653221319102780e+00
2.323392221622552878e+00
3.178057162998135787e+00
1.877915966388018942e+00
1.485540783641906781e+00
1.636297847745630696e+00
4.723477957944497874e+00
2.266969001487736612e+00
2.441867282171672038e+00
2.168358391246589356e+00
1.007868778600258253e+00
7.313590647509691678e+00
2.032311164731166908e+00
4.964153454269367494e+00
2.514409701629006566e+00
6.224504180424936806e+00
2.703238583371671222e+00
6.395497359981731300e+00
2.644246108518220506e+00
1.746912440804910815e+00
1.305326169665937064e+00
2.844500398589568491e+00
3.236888269549766051e+00
5.416243954284349904e+00
4.241647940756637425e+00
2.550479475481854941e+00
7.971025945983337913e+00
5.707305230404328356e+00
5.674521209333653893e+00
2.782597957109956832e-01
1.512179578170103289e+00
2.476485912180330651e+00
5.345399123413232090e+00
7.822675273720065547e+00
7.297891628242344275e+00
3.246665120578796415e+00
1.027935939312941027e+00
5.216779410795945537e+00
5.609477144756835010e+00
1.648300766415188079e+00
1.908840275960056898e+00
6.565287150908736713e+00
6.505222433237141999e+00
5.054087290805175492e+00
4.462352766410679017e+00
7.608051563203872547e+00
3.429044664502379103e+00
1.564780634677874760e+00
3.448493829877798511e+00
6.284814054377243941e+00
9.278535617100402533e+00
5.889356124998299968e+00
5.514775667166535555e+00
4.771466858557309010e+00
1.561337451408270738e+00
2.993836076512997213e+00
6.490420135080730901e+00
6.544797004816194530e+00
7.440728416171387138e+00
1.899006318244757852e+00
6.041259246855047671e+00
7.156157991239218141e-01
4.010799861724189341e+00
2.272456462336612137e+00
7.233939099883365031e+00
1.621257966881126222e+00
2.161060015081433860e+00
9.081652632688090865e-01
8.719307801326047214e-01
1.730171546431795937e+00
5.116216688817364577e+00
1.151050463924794043e+00
3.134804417835956425e+00
5.311862262286722647e+00
1.907422401111052102e+00
3.643753677791500500e+00
3.269909347123327148e+00
5.839699247179069630e+00
1.213752219178167335e+00
1.030324117268160311e+00
6.484449846455723865e+00
6.498927631514294312e+00
1.328651285785679592e+00
1.731442861703687663e+00
2.363774010280018434e+00
4.637432076724826935e+00
4.833810701545705690e+00
5.870117216889233269e+00
5.981605786963519744e-01
1.089315701962356941e+00
3.202093300883628313e+00
5.090220534660131690e+00
3.658450085077847636e+00
5.397832266871157358e+00
4.751739169915225602e+00
1.971670077582988290e+00
3.150380205033597836e+00
6.655545397286066311e+00
6.223726997681683137e+00
7.325929577849461971e+00
4.870680806017181119e+00
1.817164812210073421e+00
2.493870899738879654e+00
4.542178978347170215e+00
2.233490673085995581e+00
5.780633386856613987e-01
1.573683095395379095e+00
1.846148100382196011e+00
5.733168972766848448e+00
1.256202846404662399e+00
5.515063553118254802e+00
2.037639286749707956e+00
1.571423436554932440e+00
2.420982952472344518e+00
5.482144921022492845e+00
5.239180384513723254e+00
3.443255586732743456e+00
1.427928859169586229e+00
5.367985123066967290e+00
4.900092202914311024e+00
2.762531718607202258e+00
1.417653318392114059e+00
1.348226735633253792e+00
1.045537919139101435e+00
3.168029924905049644e+00
1.869754990456971910e+00
3.851385716002444060e+00
2.778787640780264301e+00
3.033508139982168839e+00
5.385000650225300944e+00
7.095468006998108201e+00
1.379737597910001945e+00
6.596066451396040087e+00
3.267174551622274992e-01
3.942177927097697321e+00
5.905743896628669276e+00
6.708283640146756710e+00
5.496156268476328766e-01
2.232915388495336995e+00
5.260833790175041713e+00
9.817475608487801209e-01
4.638236396311280707e+00
3.112694004496291633e+00
1.920527810015645320e+00
2.596197937797262156e+00
1.063269183211757563e+00
1.945494236593893644e+00
1.637403806736956291e+00
4.607947590003973914e+00
6.908787257143586658e+00
5.680251466484429912e+00
2.833603780429973629e+00
1.901116607624057764e+00
1.563056153825070682e+00
1.240053151957866362e+00
1.000671799135086859e+00
5.492186829862791164e+00
5.483886748127283717e+00
6.575971170182903336e+00
5.853847722199677861e+00
4.440453563618146582e+00
4.708729017953121598e-01
2.948578187692996178e+00
4.487807734817874206e+00
9.056474478660467398e+00
1.172332082376753792e+00
7.018350842736388984e+00
9.106319237739987082e-01
2.732837782878793753e+00
3.163456250749366205e+00
2.928236853480058244e+00
2.453759789651927647e+00
5.378985880720533963e+00
1.014402681324108491e+00
4.167955204330849206e+00
2.788382104821237828e+00
3.967241443362844677e+00
2.275186978778580560e+00
5.946154011264992434e+00
2.502074873037038127e+00
1.619453646619801290e+00
1.859674702468236962e+00
5.302165765395915109e+00
1.813750710329367744e+00
4.084248637315287311e+00
5.698971926840831870e+00
2.037442153296437297e+00
6.876401843081403342e+00
4.132344901173137686e+00
6.471353521805050413e+00
5.549553721378501336e+00
6.233065706035736397e+00
6.726606193717601379e+00
1.781386056328972067e+00
4.017051454788527765e-01
7.485079453355387713e-01
2.495259263453533549e+00
5.469528333049617608e+00
1.998477154484917806e+00
9.360939596602058099e-01
7.744215795941419289e-01
5.079157338521746112e+00
2.547220375427007077e+00
1.575693874227392710e+00
3.268688880264034591e+00
1.880508331572271485e+00
7.131471461458386507e+00
4.616352135497143294e+00
1.134749299097639330e+00
1.924321391133175352e+00
3.445173420884267479e+00
2.279128107466816822e+00
1.624211205346825171e+00
1.554405582473376901e+00
6.838519260168502534e+00
2.522958048166124900e+00
1.509580467926292302e+00
6.011969960861206275e+00
2.879825820815136161e+00
5.425590254674286683e+00
1.122869232244957605e+00
3.911121853547798732e+00
7.952932347727296403e+00
2.048756689734050340e+00
3.236495530854131886e+00
6.497194457549447577e+00
5.189486679664405244e+00
1.592700589303689185e+00
3.283187827961765670e+00
6.520595962901284182e+00
5.903628013214569314e+00
4.339406360747533498e+00
1.791034495767848789e+00
1.502715405046246344e+00
1.788359058183521588e+00
5.515479653307934882e+00
2.169217509858826887e+00
4.246269830200093409e+00
2.806835508694111692e+00
1.180146182100810348e+00
1.074116961815183569e+00
4.499052683980072409e+00
3.307939600273765102e+00
6.053413846842486734e+00
7.133797945913530114e+00
1.923663234822011292e+00
2.593346577695769817e+00
2.380085618743345677e+00
6.099523620522604439e+00
4.917885942841413005e+00
2.471253455548592548e+00
6.378195767523943793e+00
2.334643988734659281e+00
3.947829022551155198e+00
1.857311930692565172e+00
1.642173006926432866e+00
3.209405271169439189e+00
3.435764087219370211e+00
5.260779362156079664e+00
4.492936920168080661e+00
1.113015222982146168e+00
3.230001351788612141e+00
9.197639350993529916e+00
1.481070787036631309e+00
1.888313430714448682e+00
2.337910426833358812e+00
3.249619535161952122e+00
5.176303932202540814e+00
2.540486964341239773e+00
5.877521388978331096e+00
5.642688986744269108e+00
4.409107065215737364e+00
8.472707064341179262e+00
1.372514840592919283e+00
4.588746534487807338e+00
3.672960085515127204e+00
2.146953385855475016e+00
2.605614692382450581e+00
1.893871704598833805e+00
1.491711375446543419e+00
2.038893378084427610e+00
1.505447756418281990e+00
2.179592212663006734e+00
1.177624197603947653e+00
1.538828005785884967e+00
2.590780165035530214e+00
5.609134129454845130e+00
1.883635650440110165e+00
5.766459945324048597e+00
7.527656825817130581e-01
1.655099367613730443e+00
5.070615650125139595e+00
6.863291420351917083e+00
7.918418181148827450e-01
5.831870376810639911e+00
3.214545345816402389e+00
2.636624842253024070e+00
1.949844895371269926e+00
2.223237167889866583e+00
5.985363206027323635e+00
7.874275634369270804e+00
5.180633845928640291e+00
7.902870265442756281e-01
4.108149557937372798e+00
1.189986554751823356e+00
6.929912093675214990e+00
2.257653214324637503e+00
4.605193855378566070e+00
2.768593815587741869e+00
4.711014704888258464e+00
2.869041530539448104e+00
1.149615551026650362e+00
7.161595539843138569e-01
1.141206100696214198e+00
2.532456947850865170e+00
3.687001256550369810e+00
2.224307142824422989e+00
6.284538113735901987e+00
5.499252760562556297e+00
3.898392595759300860e+00
2.757140456356413249e+00
3.008468489999655215e+00
7.536979956420035709e-01
2.109565006799534626e+00
6.654478483578080805e+00
1.358536587935210482e+00
3.791688609778330665e+00
3.835386061995240237e+00
1.789245744797425264e+00
1.875727505387236871e+00
1.654783800258715187e+00
4.554706764968371679e+00
1.933469981177956543e+00
3.766149937073013820e+00
1.809170649995514690e+00
1.291097823194322647e+00
3.562177229988642946e+00
2.045549668202030880e+00
2.400677096830194479e+00
4.902621694631408289e+00
1.165383046002978373e+00
5.908977916754968085e+00
3.278862963340472447e+00
9.771485747908430497e-01
2.742286090471248716e+00
1.518374340047614623e+00
1.188809424331529252e+00
7.340904431534188035e+00
2.728228314866867787e+00
2.538746863959521871e+00
2.484972513266367145e+00
1.447425842506751215e+00
6.055031870652962667e+00
2.969401839552331168e+00
1.328765462761755556e+00
4.219697586545205326e+00
4.723358434004681250e+00
1.409044216458604559e+00
7.422071838180022141e+00
3.869759678821947269e+00
2.597890394653667112e+00
3.091289985717268873e+00
3.707639157984243816e+00
1.010813301873742454e+01
6.800933237888791894e+00
8.012530237488831864e-01
9.110156631023681228e+00
1.251151511146890716e+00
9.276904304518561739e-01
4.146265159879851669e-01
7.324905571204268107e+00
4.685712979946663914e+00
1.757530826074707342e+00
1.713714141430231486e+00
2.168480605302646858e+00
3.237191725380273777e+00
4.931404281068851425e+00
1.228291134312031962e+00
8.112103634300186883e+00
6.148526265729382878e+00
3.761170197785381752e+00
1.608150642207445857e+00
2.289617280314038883e+00
6.641484679970549365e+00
4.106803193953104447e+00
3.365146308238836426e+00
2.621251226121819489e+00
1.997694438362237479e+00
5.176805024351309292e+00
4.517447911970573493e+00
3.170572814669953221e+00
9.611800476902148560e+00
7.574331225470452011e+00
1.284987333310008362e+00
2.086470361892936776e+00
6.686741801068468050e+00
3.983091469549182584e+00
4.991282977304936530e+00
5.018020492840183699e+00
6.267793792599752223e+00
2.347622173526052070e+00
3.888305054564809016e+00
1.029054821841337342e+00
1.612053253849319745e+00
2.376293794081812294e+00
1.029722968799673177e+00
1.982688858328018888e+00
1.995428205918804432e+00
3.057668005042159631e+00
2.650766280772404837e+00
4.934957604518517726e+00
4.475839274752372532e+00
4.114010226723890717e+00
1.633662750547901776e+00
6.039406271467575138e+00
4.010649711907815274e+00
3.439426431409289275e+00
5.484281654627620739e+00
1.953393250131318482e+00
2.349949708525735925e+00
1.699382106044331486e+00
2.815023157350399208e-01
1.574178238282363917e+00
1.182327154544076553e+00
4.599002863037969568e+00
1.366938492867391997e+00
5.849008860092522966e+00
1.401749019204798330e+00
3.351761595213055056e+00
1.203905015867222428e+00
4.527349981366499243e+00
2.690209776184253609e+00
1.428878715154598300e+00
2.117541019756940202e+00
1.948139168696987555e+00
5.129149704945658250e+00
1.846635463162122237e+00
7.069406891085287192e+00
1.355311841552977681e+00
1.872431536154838483e+00
7.800781140451757523e+00
1.902579330340530506e+00
1.865315068535505993e+00
2.398766011901114492e+00
6.528744355591599380e+00
3.156866076200612881e+00
1.111914142749420087e+01
1.050663551746144675e+00
1.950385779759839622e+00
3.582282345797173306e+00
6.753911680325305866e+00
3.773651069487713006e+00
2.791714378940755470e+00
6.021602842394659927e-01
3.161462695555237623e+00
1.387365351985904605e+00
1.478171184595384435e+00
8.252094031702724708e-01
5.061295642214753698e-01
6.307768082485806005e+00
6.245315939900112134e+00
2.000179229314854368e+00
2.186335672640385308e+00
2.019552668902880210e+00
1.237779684183822670e+00
3.830027437193785023e+00
5.542633495229185137e+00
5.645067154128458498e+00
2.170878533510308461e+00
2.300626653577417358e+00
2.599881464599855807e+00
2.863924616215737018e+00
1.673620385474673400e+00
1.657047519181902295e+00
2.212773555280106219e+00
2.588271625153913735e+00
6.070381217204387170e+00
6.386962622733225459e+00
3.078357062620796114e+00
3.916184296884532845e+00
5.788637979280006007e+00
9.170725252468810984e-01
1.574637988083690265e+00
1.385373879288794852e+00
2.763435346983567964e+00
2.111606933819644816e+00
2.317598853754224919e+00
5.068392054657236301e+00
1.274833794633020156e+00
6.432180056725671946e+00
7.365316253008319380e-01
8.359284445779250561e+00
6.554904541679018593e+00
3.743417515969227782e+00
1.971890724337267420e+00
3.328938769132614883e+00
2.230071220194922432e+00
2.104034346099986852e+00
6.432423920767909920e+00
2.542893147210389504e+00
9.693671027390411421e-01
1.022287688725995514e+00
2.155192703235933482e+00
5.938455620463151341e+00
6.216896203771801410e+00
5.728661209206231675e+00
5.868948927499233470e+00
3.448466404447291023e+00
1.002365035090458267e+00
6.680349769123304249e+00
4.384410362920839965e+00
2.488844094153501274e+00
9.346730153140424546e-01
1.874557719832493197e+00
5.795567762480561491e+00
5.985498362481247447e+00
1.163540173276246925e+00
1.643447850814586886e+00
1.887498104920245723e+00
5.637246164104183777e+00
1.357734237285221024e+00
1.818128646802060766e+00
2.039061909653610449e+00
6.384063332097434262e+00
2.137486322683489703e+00
1.252324580877570259e+00
4.152208401153189676e+00
1.806601978329237745e+00
5.876672883010471082e+00
4.236352328995016236e+00
4.701841571862444447e+00
2.341445293744135014e+00
6.283977067672592121e+00
1.555132745773330161e+00
3.190715279428855133e+00
8.749837857293959686e+00
2.554375562652852594e+00
1.773578246228335153e+00
2.315345692266826738e+00
5.943340815252572185e+00
1.467775903585412323e+00
5.324130045087978935e+00
4.219329633680747094e+00
7.913349214406528720e-01
4.887925726177910768e+00
3.273084733069892671e+00
6.896853592181819703e-01
1.891387743822356082e+00
2.018706754626134359e+00
2.107951286157569104e+00
1.185291255869262761e+00
6.889447537725008175e+00
9.500763158813054776e-01
2.650962555651161234e-01
5.624560903106871734e+00
7.666827275061600666e+00
2.047291679947122578e+00
1.439802031612759547e+00
7.565195957000594440e+00
3.068237728856666902e+00
2.774416775349528574e+00
3.202731741286581446e+00
5.694638209084358138e+00
1.610069448566763262e+00
3.873461342942532415e+00
3.792888178323357451e+00
3.758449477702701991e+00
4.261252489253662290e+00
1.108609526312853255e+00
1.605009861349515399e+00
2.370728015761984775e+00
7.173534442726778870e+00
4.496340267242432631e+00
4.012604991686341549e+00
1.102498276779307451e+00
2.816551238172421812e+00
1.138897791611586330e+00
3.012481022446024781e+00
2.319574596679209844e+00
1.438590987658681319e+00
1.055334769447350052e+00
3.719846333781223535e+00
2.315491330071389076e+00
3.863081384717417688e+00
1.518339469874805614e+00
4.676958077833726968e+00
6.595494629835492617e+00
1.668983405603799985e+00
1.561343391512185930e+00
1.651597742041801542e+00
4.778071931793032689e+00
3.117983788435445547e+00
7.023494474971057500e+00
5.950236146096817835e-01
2.361433304446636239e+00
1.629189605916642636e+00
7.302734096930990626e-01
6.208382270155731852e+00
5.581337358967992657e+00
2.112866745763454013e+00
2.738265394275722464e+00
4.061559384199528111e+00
1.786863015935087784e+00
3.178648632462246493e+00
2.988695371020441804e+00
5.306631495776816365e+00
2.362018873284899456e+00
5.253630498500843515e+00
1.598058568780106992e+00
3.443596445618350987e+00
1.260501695489238072e+00
2.864990081003640388e+00
6.364566472505027050e+00
2.004226587799596615e+00
2.847487503813236565e+00
2.195528355822828903e+00
7.628796905050176491e+00
2.043029506784757476e+00
1.992129450528221879e+00
4.139453570041219166e+00
1.482785159772628258e+00
8.994391228211181533e-01
2.578271002300635217e+00
1.052954418021198935e+00
5.660121232308689798e+00
5.926675281797559869e+00
3.446590757533369853e+00
1.509527725292119538e+00
2.752510274862717043e+00
5.383847845434715396e+00
2.862168901996986925e+00
4.402805015483452600e+00
4.014071377486623682e+00
1.341945187540700468e+00
1.110433152964221515e+00
3.711965631418665978e+00
3.513017351521177556e+00
2.153554729691102843e+00
7.706316348529035354e-01
5.760081592138527995e+00
5.452109423378555420e+00
2.617607489264036857e+00
2.740403873765080434e+00
2.430580824324555245e+00
9.907178350058131189e-01
1.966303535485971699e+00
7.693752730626984837e-01
7.192250874265645466e-01
1.303737310428622065e+00
4.603155977932906318e+00
3.109600175415323076e+00
6.051128897359278724e+00
2.648702984982009845e+00
6.070370395795011476e+00
4.027708063768512758e+00
1.438003612126316000e+00
6.828463443206372885e-01
1.852064330448317753e+00
3.446731433999051131e+00
5.661476684177546126e+00
6.312995131100082702e+00
1.235958242264692197e+00
2.033685223113947393e-01
6.311838960530888443e+00
3.844513800798084802e+00
1.831626712777255195e+00
6.925368934790198772e+00
3.415242755624119830e+00
7.947167051358643874e+00
4.111087208068747501e+00
1.140362928704135248e+00
4.896590192085883864e+00
2.243451619441079181e+00
2.070949069810915866e+00
1.486750887169848712e+00
2.146402989628876767e+00
5.916241204777703544e+00
1.312698180063903042e+00
1.063012481985360580e+00
5.917026725514885399e+00
1.617046588148822295e+00
2.146535726841873881e+00
6.925720041425085682e+00
4.876622841135697328e+00
2.801487114957598390e+00
2.268471182661310426e+00
7.624480257694684626e-01
3.126155949452453342e+00
2.286422482785353871e+00
8.083703382052838116e-01
8.341919957893028092e-01
1.188621947291702563e+00
1.821547815516189273e+00
4.733486149504128271e+00
5.681005817035381433e+00
5.991503953301095642e+00
7.377629869637653215e+00
3.757891051372116653e+00
5.275456847925385162e+00
3.728733861730158416e+00
1.604818550633016372e+00
2.138747561197540836e+00
1.820573558466349606e+00
6.101141511456145139e+00
4.087789483796341550e+00
1.076081239059393235e+00
3.675487814384225782e+00
4.561243623933411762e+00
5.410513477690739315e+00
9.216997189030022852e-01
4.385423093716456222e+00
1.905140625861774240e-01
2.667869257028514962e+00
5.159803222983025073e+00
1.901858083048755699e+00
6.150246791253469070e+00
6.682797009783807418e+00
8.591588228553113105e-01
5.811882015806213886e+00
3.594991774291285580e+00
1.896056516047015972e+00
1.579542555639339207e+00
2.979108540968166796e+00
5.728325904436484706e+00
2.990754162213839606e+00
3.858962296980803508e-01
4.342170878615589480e+00
3.264089841954413984e+00
1.234358743177254469e+00
1.826302070366471852e+00
3.791750026617652924e+00
2.519156889997218318e+00
1.046681410442821036e+00
5.804802334557860988e+00
3.378503232746159490e+00
1.896492550142720335e+00
3.667355592281795307e+00
3.300931988798812444e+00
9.389223418978718261e-01
2.369629953348032281e+00
3.457882610173339533e+00
5.793244850577502492e-01
5.093442394656495509e+00
2.985672672258759874e+00
6.428739598867843519e+00
1.349071505404862759e+00
9.927070835069584653e-01
1.703750169810935411e+00
4.213237587802844963e+00
5.114790626203462587e+00
2.134932086222820491e+00
3.367606378777087350e+00
2.194859631091586660e+00
4.651291903693467455e-01
1.116177568014686372e+00
8.078524634594465681e+00
1.107708165070844686e+00
6.926213521581890298e+00
2.236481697241547106e+00
6.882424483000344040e+00
2.650167757637786448e+00
7.987138320237573419e-01
3.858372732810748662e+00
3.795884094206452453e+00
1.181139799786161237e+00
5.572332437083278300e+00
1.319343933361117660e+00
5.815708397795893436e-01
5.962597930713865679e+00
1.033256535306557922e+01
6.705004717588746388e+00
1.028230590590374138e+00
2.095108561974031058e+00
7.568056450753789299e+00
9.549244286619877897e+00
4.904041823746901230e+00
2.905810941536675074e+00
2.473441031133852164e+00
2.869206273531718754e+00
3.121445607396739597e+00
5.784932768533231240e+00
3.887030946171362800e+00
1.148869159537112994e+00
1.903220412186073185e+00
5.127766869336189970e+00
2.270111422829675263e+00
5.099089588468023848e+00
9.872946298573468393e-01
3.694819163855875388e+00
6.262085602838745046e+00
1.288405910616953420e+00
2.802998850982099999e+00
1.812531153429395525e+00
7.323496537061293665e-01
6.263649128381660880e+00
2.856019543319095799e+00
5.732883249996893582e+00
6.505980552757208990e-01
2.657693341819225452e+00
4.724433367570320286e+00
1.590785129506611550e+00
1.569529291474833332e+00
1.646566044564558240e+00
1.543426800038579350e+00
6.101422763759410728e+00
7.327678729137192981e+00
7.365536032140287404e+00
1.506092452369698576e+00
1.900862873094872008e+00
2.457719827335819396e+00
1.462913438164683555e+00
1.766172107342895981e+00
2.460868622251883853e+00
5.235355173537636908e+00
2.140311679711814907e+00
3.227523818653544208e+00
5.041587933355946127e+00
5.768590595797721932e+00
5.491801194121493701e+00
1.829549292820986217e+00
3.773398547527341496e+00
1.204624059011576653e+00
1.290702677747441962e+00
9.800295476719690368e-01
8.551221253909432107e+00
1.629385805718599034e+00
5.902321944955302158e+00
3.515474407598111473e+00
6.154393607334898597e+00
6.156487407893714625e+00
1.017370603925393135e+00
3.541563900902600981e+00
7.104404700089645530e+00
2.128022602099480576e+00
2.847303625481210076e+00
3.579820965209050132e-01
1.103521514192356667e+00
6.174175780253483126e+00
1.516274226720944140e+00
7.346557204562392807e-01
3.307570181913121576e+00
4.358839862370122553e+00
1.995172987184567148e+00
2.973418083120559441e+00
1.742850442279757495e+00
1.167237543648837583e+00
4.663860431782814508e+00
4.698905125279826400e+00
5.292219668809984512e+00
1.782622094896073817e+00
5.911792048837324565e+00
2.847061565487983170e+00
5.526448569099736474e+00
2.477871044542048207e+00
7.329439102835978659e+00
1.122970027051735764e+00
3.849370770295609923e+00
6.845887496627175217e+00
3.664985110302518390e+00
3.522595474662520321e+00
6.944909623524500031e-01
6.441273232009188554e+00
1.554951091261481899e+00
1.187664644564887295e+00
1.817651691540330683e+00
6.163935361889523179e+00
1.328297261192969536e+00
1.428701023509154844e+00
7.538692973235906480e-01
6.918232042563541295e-01
1.419358106811637210e+00
6.169543735226991288e+00
5.068525271410215804e-01
1.830156852761107622e+00
3.024782002409367898e+00
1.503917589886784478e+00
3.667391793126185018e+00
5.254045270923115574e-01
2.683451723831366209e+00
1.637247341502414910e+00
7.164567751576164767e+00
4.480841376247668428e+00
3.725986144867145189e+00
1.958588475297203146e+00
2.205974860924803327e+00
5.648335700023547901e+00
6.020757183114932021e-01
2.761007766441454514e+00
3.616836953032541047e+00
6.616898340443190918e+00
1.092794031606468153e+00
2.495530519956946858e+00
6.854870602252124634e+00
1.209830719002229271e+00
2.736038539788161028e+00
3.564625887100730139e+00
1.415835480155365644e+00
4.825153524283649631e+00
1.161445822706201447e+00
3.361451775800534669e+00
2.972423271161456881e+00
4.200186268404187295e+00
5.951963622935756426e+00
9.169537272799875849e-01
4.876759526215521667e+00
2.366825255438532505e+00
2.577015481168845934e+00
5.931351481846626195e-01
2.591097630819214181e+00
2.201976819746799485e+00
2.757402430931103154e+00
3.502038780135919183e+00
2.582405497563956764e+00
3.862178635183225683e+00
1.002827917839417271e+00
8.451039715924737461e-01
1.745253116744963640e+00
3.705286918364886439e+00
1.763929821185857394e+00
3.352635829972838710e+00
8.658885192205419301e+00
9.840907746118378041e-01
3.594205763124115549e+00
7.094367911538009830e-01
1.814994645722492583e+00
3.858683478855042814e+00
3.794677746594040002e+00
4.260798091777466823e+00
2.214660691097823264e+00
1.844758985990064382e+00
5.429185137855560228e+00
3.267208915103668510e+00
1.062399160372850204e+00
3.835067125051519810e+00
4.576634403456603550e+00
3.758883055362256531e+00
3.023624979152755632e+00
6.993407556797006208e+00
5.605827563497595811e+00
6.415086949405265138e+00
3.150661381012328288e+00
1.274727807309526062e+00
2.703709727984841216e+00
6.353699214360515768e+00
4.636960026708775828e+00
6.860448399739638603e+00
6.415734476728712110e+00
7.230790814480660522e+00
7.385651307696144974e-01
3.334911920213660119e-01
3.861201289123736391e+00
1.204593468460712025e+00
2.594588239936297391e+00
6.666799669597686773e+00
4.525060288602814396e+00
1.732975916889919699e+00
2.643331386847455722e+00
6.106794120197224451e+00
3.794956056966276581e+00
2.811668385560424532e+00
6.206979043261897644e-01
3.059085875586162739e+00
5.175015765563188985e+00
1.108145696282590853e+00
3.826164971443947849e+00
4.281931432663887982e+00
5.559137666809763623e+00
2.880240243610966644e+00
7.111767300826645766e+00
4.748718519572808994e+00
3.137122593739478660e+00
2.247383405121991640e+00
1.456301228244654578e+00
1.280402749091168602e+01
5.509036065515620528e+00
1.605529914678451409e+00
7.447022877764822857e-01
1.283648740981726766e+00
1.818246475508111137e+00
5.357541191079145726e+00
1.919636523794275185e+00
1.476886528162804302e+00
6.597178512306452802e+00
4.730509619468175053e+00
2.072364430207661368e+00
2.075432505271983086e+00
1.691979319014963679e+00
1.377692899708579111e+00
2.878453424130128724e+00
1.957087645880969839e+00
1.811489462635071490e+00
2.915587999845065781e+00
4.769610729570983310e+00
2.334705138755106102e+00
3.376074843972818318e+00
2.084886821959455183e+00
7.439490986852372423e+00
1.613318371320269007e+00
2.664129605473408269e+00
3.327580233216915762e+00
1.597273474619233635e+00
2.637949496994087983e+00
8.622052674590799271e+00
3.394927192697875906e+00
4.057742458643023298e+00
4.633911584798605432e+00
4.582432788377831301e+00
7.391031226477167593e+00
1.350653989552983214e+00
3.920990808646209747e+00
1.905693864777493918e+00
4.304546384556286576e+00
3.408040824542684089e+00
2.749904644183795988e+00
3.941200791867162767e+00
2.740740347924111919e+00
4.360651468521238527e+00
1.701258444488642052e+00
8.633478531816806134e-01
1.261281808146736072e+00
2.826908716735143656e+00
1.357947467849486722e+00
1.946963795862603819e+00
6.134445298809069413e+00
7.488541714569585395e+00
8.605879713464656078e+00
2.080836805634528108e+00
1.519478239589011404e+00
7.431554646148927468e+00
5.494568091088487094e+00
1.845550507082496461e+00
3.114652565673519113e+00
1.142284514169314313e+00
5.784163005933486978e+00
5.924946769918959966e+00
2.729931796108012509e+00
5.486849485814395244e+00
1.738415069062394069e+00
6.500324316399382241e+00
1.074175036764884794e+00
5.509695713322966704e+00
4.544697517721451030e-01
1.383781692055008783e+00
1.612057997642243334e+00
4.473029012726671638e+00
3.584367161355393461e-01
7.716428849128790901e+00
2.608045787414752237e+00
5.324917487193020271e+00
5.181483096533984423e+00
6.586108398180614998e+00
9.456690130268516015e+00
4.479325574541056731e+00
7.053610983217308394e+00
3.277330157044438863e+00
1.802211800177310419e+00
2.060749021978931950e+00
3.024456692424115190e+00
5.549295039733110002e+00
2.524746737205782576e+00
7.067858512286998796e+00
3.819445774623559053e+00
4.960191894294275983e+00
1.509810363611504780e+00
1.667001951226806833e+00
4.465943667973309772e+00
1.525088666274363458e+00
3.203088400623553600e+00
6.145764930356171440e+00
1.687728237148960142e+00
4.272760680998563210e+00
6.740665056149320655e+00
5.357691554843064807e+00
7.642671414726490475e+00
9.500271386694853604e+00
2.248367806735406926e+00
2.825620330318894258e+00
2.834809887374632353e+00
5.485908962596417915e+00
1.041144296003305936e+00
4.158377548436104298e+00
1.962716118641222085e+00
4.595753787879578667e+00
7.640063244924518493e+00
1.075620674865830351e+00
1.793811521939139508e+00
1.056623755751701754e+00
2.817985741214741768e+00
2.771268812865746778e+00
1.112878980565815246e+00
3.828138518043444627e+00
5.345133211590860078e+00
5.525710804341140481e+00
9.500746782366885634e-01
5.067266396550904162e+00
4.475118752004076050e+00
2.789545539371992788e+00
2.205197076009939305e+00
3.417322141044475625e+00
7.679089577088448193e-01
8.281051865968532155e+00
3.487184638076363807e+00
4.049791529609485963e+00
4.312063131179533770e-01
4.728638797053476672e+00
1.308223950590659657e+00
6.429202498435822477e+00
1.452657554076521862e+00
8.582874830840450997e+00
5.645941020221166617e+00
1.309487316512747190e+00
4.062618416441719837e+00
6.973343489749244561e+00
6.765178916421746180e+00
1.392255825265156233e+00
6.726325921144660214e+00
1.825073878724313259e+00
6.498793379168083639e+00
2.418614534063686428e+00
3.528315110146142075e+00
1.314890970875127296e+00
3.823839019784401216e+00
2.673415387486002270e+00
8.078543486332508961e-01
2.374604862303262731e+00
2.034630897026842078e+00
1.862464799732922005e+00
1.980296218557476617e+00
4.007403295241927510e-01
3.945153514742508083e+00
1.924335594614143607e+00
3.265861447007900153e+00
2.088752767880583061e+00
5.893546990923607787e+00
2.056199229864506428e+00
1.492654163803757816e+00
1.974526268901513504e+00
8.987668950199729778e+00
2.043253389089293659e+00
2.764150785370390828e+00
9.108080195778486043e+00
8.988384070389491498e+00
1.321276102290342536e+00
1.578712386845623428e+00
5.509537792866730399e+00
6.870205402493766655e+00
5.603214728739428274e+00
6.456600920770286800e-01
1.333284483993258274e+00
5.297226163103361252e+00
3.444472890475035687e+00
1.196512718137691111e+00
2.745435481840059033e+00
4.433808226405965947e+00
4.329760667197982471e+00
1.384055109291234542e+00
1.762005892811806751e+00
1.701912555254951220e+00
4.329579097998712101e+00
3.366586650369129519e+00
1.822213390868656857e+00
6.121449436104940744e+00
5.139644851265812164e+00
3.888684435512846704e+00
2.960701808460635576e+00
1.513383599975712146e+00
2.100926357020240776e+00
1.736347615940838862e+00
1.546171570423447772e+00
7.629058832485673403e-01
1.636616868395077917e+00
2.050085832256121066e+00
5.077904672817783904e+00
5.878665759959933013e+00
3.798498233588816664e+00
1.914784839300075925e+00
5.708371789680082742e+00
3.064028213252546262e+00
2.943944922435134171e+00
6.333804589815777319e+00
3.697912008080974644e+00
2.627311734194517356e+00
2.834801453787565428e+00
1.473224394085361100e+00
2.364972294213012471e+00
5.806056602333150352e+00
9.579948955170908276e-01
1.100332139613448446e+00
5.887602329465074114e+00
2.006403002623529552e+00
2.363881078650763801e+00
6.074292849543226680e+00
8.308207648253400635e+00
3.520967440841219709e+00
5.089529335307406477e+00
5.354915249546531975e+00
5.831207778800193253e+00
5.891715863231663519e+00
1.933468713468213140e+00
6.067758583787298932e+00
3.732058964227096265e+00
1.677987514048481010e+00
1.311988021790184145e-01
7.174310528915510687e-01
2.549153115033289119e+00
1.456479046674218347e+00
1.501684557544335163e+00
5.635608266585086845e+00
2.877467900085540542e+00
7.121665467721451925e+00
5.591381483729841229e+00
7.661190611003169115e-01
8.185751215871896136e+00
1.363953545442571302e+00
3.048309975977580244e+00
4.826222376803991132e+00
2.811117823008979499e+00
5.733856238895720381e+00
6.573870646296460230e+00
2.691241176552811254e+00
1.236921484246155778e+00
5.965319854737145988e+00
2.634327771690263553e+00
1.309983981284968291e+00
5.074994294810450945e+00
7.880579851617420140e+00
4.852871594184283488e+00
3.428360371272881846e+00
3.009961507550004800e+00
2.924703244852059347e-01
2.455444911967150645e+00
5.414670566169871302e-01
9.537760742023018157e-01
4.622242988266263453e+00
1.915889606351000696e+00
2.060821488919339028e+00
2.852752231768951763e+00
2.981810466142941873e+00
1.060819912158509570e+00
8.683228728430079091e-01
7.603878456104556705e+00
3.750903208325311322e-01
4.118092906233726258e-01
4.053710873657438540e+00
3.529840077782438468e-01
3.774475523021369572e+00
1.824536241630917210e+00
1.736484919486662948e+00
5.705047003273001849e+00
7.107892921894087834e-01
5.852879236984361633e+00
4.693357508708385417e+00
2.773617682309495791e+00
4.615292308562846557e+00
4.527623638748283774e+00
9.861472280128320556e-01
3.725821136746641837e+00
6.492715875473705545e+00
9.098823865808212119e-01
8.174179856144571099e-01
9.243256788840176208e-01
8.634004608725950547e+00
2.156683896773090581e+00
1.351292077535952707e+00
1.756576184012614616e+00
2.412198914600804933e+00
3.931792935302785175e+00
1.331128988523022860e+00
5.457020912105688737e+00
2.231890228123897479e+00
1.909633757625796457e+00
3.645858164907578303e+00
4.113487252586648601e+00
4.623363588208782460e+00
6.232097017820773743e+00
3.666142942729934795e+00
5.851396828183963450e+00
7.777916516857662499e-01
5.603058548293712526e+00
2.439525967724855526e+00
2.471918416601035950e+00
5.494858030928170933e+00
1.909645562336685698e+00
5.731509278902378490e+00
5.455925202157557941e+00
1.756125635493266834e+00
6.171397192840246682e+00
2.166478997933769080e+00
1.156245470549319032e+00
3.651292313454740146e+00
5.474908087995357775e+00
2.795324624330812746e+00
5.616561250824366525e+00
1.965310614477363327e+00
6.805265932499730219e+00
1.006800852187932582e+00
5.629303987635790207e+00
4.121068016675480727e+00
1.157873464522303442e+00
2.411253751040788540e+00
1.641618871299988403e+00
6.650268996955628786e+00
5.225987829396986584e+00
1.795233881090565697e+00
4.119356006967755945e+00
1.992202660823443550e+00
2.528033119151456454e+00
1.429517591575805380e+00
5.760868645533327559e+00
1.914486216533490159e+00
6.185323988213128565e+00
9.500424292887219124e+00
4.259331305602263917e+00
1.498540958051450156e+00
3.125217472594036039e+00
6.666632790116214125e+00
5.512368176077166559e+00
3.900095454686067331e+00
2.661396183555313488e+00
7.197287108037511594e+00
2.158194080325348985e+00
3.275727926916489174e+00
3.727774624071098053e+00
2.234819509454306186e+00
7.170602601565634338e+00
5.266114670763127670e+00
7.406166688843347501e+00
6.182787453519878795e+00
1.895306198927953600e+00
6.833556536641181012e+00
2.575583159168183922e+00
9.369635848398242928e+00
3.043618321908181379e+00
4.763487892879830987e+00
3.724846052971898747e+00
2.229415905050931013e+00
2.957323924913389579e+00
1.334499571644716998e+00
1.351794575097317486e+00
5.533738000652622446e+00
2.714706589231105749e+00
6.191654487093245507e+00
4.362178657310852081e+00
1.820267124454671315e+00
2.436916171004134934e+00
6.327009049530703422e+00
5.866663590647659632e+00
2.416926186472993621e+00
5.832433337959881392e+00
5.457895854872005792e+00
2.549863250910958890e+00
5.403514161461547616e+00
1.212196955729013315e+00
1.974816217628780457e+00
4.041147220999393497e+00
3.710339225849833333e+00
3.578510046564952418e+00
2.801578253848947320e+00
5.636237298354483949e-01
4.280313573606167488e+00
1.765616849064493898e+00
7.005510715146565204e+00
5.491287165578779828e+00
2.932137223386136693e+00
5.861538085245678431e+00
4.821688300007534345e+00
8.401986264583463537e+00
2.363048681656930494e+00
2.096952008035716464e+00
4.888547262969962226e+00
3.864448088227737443e+00
6.458154663214313196e+00
2.164659630058651807e+00
3.654529921120416969e+00
5.209145004602913964e+00
5.526074264477665920e+00
1.941951409541238904e+00
1.280306959133860500e+00
1.251550885670885682e+00
9.324987085977032297e-01
3.684984368332129279e+00
5.524573876386197568e+00
1.467433215362877075e+00
1.220688512041074869e+00
1.420831869901320044e+00
1.288743973028147582e+00
3.963888634805655897e+00
1.763597020384759517e+00
1.607788355158682903e+00
9.497525617965063560e+00
5.765189213525330203e+00
5.344731942865091234e+00
5.848620662135248338e+00
6.038480288985831557e+00
8.492961301776945637e-01
5.134033899967184844e+00
1.941210317649048278e+00
4.463405411662270339e+00
3.526868965169950076e+00
5.464330312238732112e-01
6.010335662495812414e+00
8.828117258291618974e-01
1.256034651376850775e+00
3.919217860864423919e+00
2.297366141443643706e+00
7.392055364849943189e+00
6.758224007483774720e+00
2.477940083243200142e+00
5.596372793970695980e+00
6.513980418647449255e+00
4.481426387370261111e+00
6.771391375819987291e-01
6.154824906620947722e+00
4.390812121100657883e+00
2.807605672316225487e+00
1.298608173203242178e+00
2.381841686166145777e+00
2.030152070849639223e+00
1.582501985192404037e+00
2.680974851904251555e+00
1.947354024584007526e+00
3.539853339235200735e+00
5.069166523220385301e+00
1.944662033083369490e+00
2.207201384946003042e+00
2.504450415121699525e+00
1.088043115930078741e+00
5.726666694823783210e+00
5.743511904754512898e+00
1.630652010507214644e+00
3.011554610439989954e+00
5.449308351933274785e+00
4.879747570368368592e+00
3.054691057512251451e+00
2.667974549747301971e+00
9.386603527392579638e-01
2.033058909898783462e+00
3.244688803231363661e+00
1.739172047091467110e+00
7.454651303259603345e+00
9.126483049007141357e-01
5.925732983457324465e+00
1.786130011212576418e+00
3.843934234506272585e+00
2.621503492643311617e+00
6.848094204642989347e+00
2.750469099158734831e+00
5.846286007043527633e+00
8.021719580096945634e+00
2.336936498020576902e+00
2.161853712393096316e+00
1.764923942574185611e+00
1.420580026024489850e+00
4.697468781154246820e+00
3.312450233915721132e+00
3.075479930104452198e+00
7.869917264221423459e+00
7.283438238868467529e+00
2.492818000909936771e+00
4.003616866704622801e+00
2.934249046601149047e+00
1.314154383865734133e+00
1.730025244204924650e+00
2.801572772195657368e+00
6.276250772995987326e+00
7.505161343563734988e+00
2.286189359142960065e+00
2.210393728804017077e-01
1.616759866230424780e+00
4.640365145715366957e+00
6.785953161509046261e+00
1.790605398163332085e+00
1.739817318508970256e+00
2.388592999714124865e+00
2.092382452950445781e+00
4.954301661213567520e+00
9.703921892814471040e-01
3.076642130157495991e+00
4.933169134955919688e+00
1.176413742053828981e+00
1.744854982262955101e+00
5.991311887841070938e-01
7.556313899947604718e+00
6.493218786168300838e+00
5.398440355515763400e+00
4.779341028065425157e+00
3.160894113207657341e+00
5.222742275415448887e+00
3.252684369727508962e+00
2.062914793612117936e+00
1.648279553776327955e+00
1.727441140736277081e+00
2.175607875444800943e+00
1.194989395916848274e+00
6.052025754671017665e+00
7.049141759489077508e+00
3.123356568256624999e-01
4.067903349601003526e+00
1.660905557236298513e+00
3.993990906688680287e+00
5.314802961169744044e+00
5.151136820714883768e+00
2.446252576962272496e+00
7.029219950992128041e+00
1.566164421980183130e+00
2.888440542381098375e+00
3.881806724031685363e+00
2.528280557160900610e+00
4.834678802910444273e-01
5.789750233276897085e+00
6.285184361377149642e+00
4.271887756766287403e+00
2.369297022731332802e+00
1.861257112097683741e+00
5.244025955479366674e-01
3.051809995757579053e+00
6.247809320460316895e-01
9.844552888470894381e-01
2.898456623661035181e+00
2.665278200234560302e+00
3.963610588029522486e+00
5.372512694022574919e+00
3.101221468531911718e+00
3.762214138167791599e+00
3.630859453379846169e+00
6.992607084111845950e+00
3.772937517201430779e+00
3.798977598904947683e+00
3.165031988759344994e+00
5.646338406774342289e+00
6.669648672677152668e+00
2.102021633531172107e+00
1.895692844517740561e+00
5.571724942423982085e+00
8.209112518121374436e+00
1.659230998563383519e+00
1.306235331879710637e+00
4.774998567873577571e+00
1.442061818638324944e+00
3.932966864946140451e+00
5.252579975079012975e+00
1.978884981980914226e+00
5.727797787551896391e+00
8.671785781001166704e-01
4.001033259946734866e+00
4.647283929178109396e+00
4.020873022692037502e+00
4.435655955850082988e-01
3.171544706220152499e+00
3.852406696159147881e+00
3.597843766653278763e+00
3.162867548899387593e+00
4.285805909355653753e+00
6.928397862485690339e+00
5.391276960341752300e+00
9.265283286654619754e-01
1.882518092851467983e+00
1.084830844633462910e+00
1.618708877553884706e+00
1.671164240196338913e+00
4.166214954649702484e+00
8.808118215020082076e+00
1.889079050747807909e+00
2.937428143686152016e+00
4.637689200313093174e+00
1.794997628526166844e+00
5.896177705428842231e-01
1.576121534262795665e+00
5.374410395934491325e-01
5.046258118912984258e+00
1.714592139030895801e+00
4.434419135688945524e+00
5.662075079107146136e-01
6.139762440701805879e+00
3.657413146221424882e-01
2.888103563174993393e+00
5.093936041118472424e+00
2.049279610334776347e+00
6.559099318850288185e+00
2.580125704050299174e+00
5.443093329437370009e+00
7.096672682927709808e+00
5.560275718508574272e+00
8.193254044015426674e-01
1.334491224821654054e+00
5.664903474272703576e+00
9.067669500202892863e+00
1.438732999431796999e+00
2.602989347341158055e+00
6.235150670201174528e+00
3.389602118881501092e+00
5.372682571198857282e+00
1.832478022994411315e+00
3.017847188157953386e+00
1.626281007191052952e+00
6.628497253864424010e+00
1.124269900016954926e+00
6.266503227112596441e+00
2.461800630464642037e+00
2.163354675709064256e+00
6.522531315709938937e+00
3.470092039711509257e-01
5.320826994902347451e+00
5.467260942938059642e+00
1.612159071927862009e+00
1.526535467332312379e+00
2.031609849533347667e+00
2.203454445797840666e+00
1.901552228021495372e+00
1.466814559250733341e+00
1.509102700062233238e+00
2.751081492128749417e+00
3.675035372385190513e+00
5.299953220836948198e+00
4.437506884757590697e+00
3.869678203216512902e+00
1.796807311230578019e+00
1.252071195521729852e+00
1.469107997695043855e+00
5.857319549554608429e+00
3.156471862277987483e+00
3.253130963651302388e+00
7.495912360875046865e+00
4.176596574089221914e-01
5.862179105109168731e+00
8.193298525364079765e+00
1.492088028075545303e+00
2.602698297935403637e+00
4.083571074195159412e+00
7.177629705933305182e+00
4.947000450843792585e+00
2.539418845301159688e+00
3.351379160712152139e+00
2.285630542191013248e+00
3.092455163016146980e+00
2.812957188504404016e+00
5.389729766369760755e-01
3.082832068772165091e+00
3.629334460501627002e-01
3.639636464166712493e+00
2.156465480858559047e+00
7.683242314113706506e+00
6.340384551187216999e+00
3.163207822281652870e+00
5.592119613659058963e+00
3.439595228029362239e+00
3.393640856621974677e+00
5.722858442758943731e+00
1.366453336850341982e+00
3.103278505073196580e+00
1.842553035672012784e+00
5.492579928892620700e+00
6.498204503080694749e+00
4.017594111747102126e+00
2.367218151906968160e+00
3.466631722088087120e+00
3.818678120493453232e+00
1.525272036729759861e+00
5.468465905026528517e+00
2.587675816844187793e+00
3.181506907878708934e-01
4.552711487684582004e+00
6.135713818195682734e+00
1.088171298647141683e+00
1.628450388932664472e+00
9.762171309380723860e-01
4.582505604745095162e+00
2.475757229806735626e+00
3.649787280606910045e+00
2.214638716841982546e+00
2.832168258711636355e+00
7.450857918830492421e-01
2.576029802435315208e+00
8.636383794532235259e-01
2.096024174656457628e+00
5.811546433147276147e+00
3.562915106422265943e+00
1.924057688844488467e+00
3.018321838656743417e+00
3.103874378503535425e+00
4.665823305530448550e+00
1.088141903648925712e+00
6.951176380846567859e+00
8.745434656684100361e+00
2.056528394963635709e+00
4.876371028680648756e+00
3.118083474933090571e+00
4.219036805829439629e+00
7.698535501187567576e+00
3.010804923047104342e+00
9.992455071900416819e-01
5.957905710012661338e+00
6.528997179158642084e+00
4.486091031633953286e+00
1.151241998065756361e-01
2.892532016821773411e+00
6.110769737389239786e+00
3.862889089100610018e+00
1.173435056734233095e+00
6.147099700426680080e+00
3.522973272749548190e+00
1.034121784638996289e+00
2.344852216423651825e+00
1.573845986180721690e+00
2.429942800759871346e+00
7.632816174478298521e+00
2.192040995365755585e+00
2.351843337957889801e+00
8.852030427634085541e+00
6.907430247453499206e+00
4.664736267365463540e+00
5.697811453936527215e+00
5.007133618142766807e+00
1.778001075332899639e+00
5.381469435857932915e+00
2.643038650837479686e+00
2.873909116347860948e+00
4.492743130632909754e+00
4.662922897327316463e+00
6.330124345913928252e+00
4.545823970466196684e+00
3.698121429817491812e+00
5.009123177367559521e+00
5.420886942386342611e+00
2.495948368995009492e+00
2.851430696179849456e+00
3.137098245902682159e+00
5.500349094607900113e+00
5.179816150596248114e+00
2.791051196088015995e+00
5.253237081000143860e+00
5.301259198553570862e+00
4.575089881917311807e+00
1.473639298360432504e+00
2.007464466290596494e+00
4.042272029529447863e+00
2.015157720249437734e+00
3.930627774482443382e+00
4.971887641600059027e+00
5.784229349502930440e+00
3.109648699302032249e+00
2.823937090657789639e+00
2.389808856862368103e+00
4.700440786707645202e+00
4.852871371044731319e+00
1.186472506941129490e+00
9.427928372852800720e+00
3.078096751606826942e+00
5.554266246251050809e+00
1.536140762689154116e+00
3.610974697643789089e+00
1.895661679535448396e+00
8.099241302904429674e+00
6.508223589670861564e+00
2.799044417100936766e+00
8.241306134397682337e-01
4.168849257270164976e+00
5.735179180947581834e+00
1.777933891254556142e+00
2.498256470604761859e+00
2.175179716808850916e+00
2.828163135924476546e+00
5.415632314916881684e-01
9.320659195503516514e+00
4.135205319238155930e+00
5.893614379617645227e+00
3.262152683078103355e+00
3.401481010155154472e+00
1.179883223277466753e+00
3.492699242841309282e+00
4.206896001261599238e+00
1.946646742437538657e+00
1.805087775153991547e+00
1.638627793070710048e+00
4.465490711494927822e+00
3.734762151468991487e+00
1.096258181873956739e+00
2.493230883194809788e+00
5.978076867311322040e+00
3.768769097469151230e+00
5.635809135226905298e+00
2.620408145990833049e+00
4.521627249351828581e+00
2.144256775015124017e+00
2.697186856013996881e+00
7.899140859508477774e-01
9.103489692917074549e+00
2.132987447168177120e+00
5.529712555386809392e+00
1.544162999940952297e+00
3.108891388852885740e+00
3.876212761412511476e+00
6.732077734728202145e+00
1.855070278390869465e+00
3.455312087589616610e+00
3.368585690315268444e+00
5.083407188448190617e+00
2.013669503909299330e+00
4.269512752553827895e+00
3.515213381315302588e+00
5.610203108406458306e+00
5.787920881879595747e-01
5.494360394635085854e+00
3.251790398178894481e+00
4.148624554646135998e+00
6.569002103187711938e+00
9.268316951714191676e-01
2.422784183243390288e+00
5.640971660631107554e+00
6.765940438041856630e+00
5.759961161223476900e+00
5.821106239780367453e+00
3.616262253648867553e-01
1.703645941484029480e+00
6.325496135257817620e+00
9.598326523345919625e+00
1.792171734581077924e+00
6.091633350532156044e+00
1.002238162612862915e+00
1.372134091448315552e+00
5.316004751597168898e+00
6.058601204965167852e+00
7.104017215169423416e+00
1.111357178462260675e+00
3.873784347158725438e+00
2.708138091659913815e+00
2.755786573037359410e+00
3.632379291729059378e+00
6.530072904401317935e+00
6.778955603409726471e+00
3.328464900242455116e+00
3.489634026579123915e+00
4.969782855481120087e+00
4.744066330505520845e+00
5.530607620135718605e+00
9.997288078770562025e-01
3.412903205910412296e+00
4.986195917868672112e+00
1.660802198615317637e+00
4.213686646898746169e+00
7.529102909007698852e-01
4.544657821199415082e+00
2.690975266416800515e+00
4.166371341945843021e+00
1.895161083194065066e+00
2.275055914897998743e+00
1.445118464933392799e+00
2.142841779999832497e+00
1.313233230795286754e+00
5.799415894721830611e+00
2.611776530048455669e+00
1.100955717607541295e+00
5.743855026769143279e+00
6.805874413536747269e+00
3.420293893154308318e+00
1.801111809999025759e+00
5.174382698402364866e+00
5.829254786842754221e+00
3.789190923563872992e+00
3.064027522096939737e+00
4.441477068931952488e+00
1.944905746780766442e+00
5.339314528168325857e+00
5.233073239537381127e+00
1.207780027927986000e+00
2.195710147256992872e+00
6.927934123441009895e+00
6.883717237960250701e-01
2.982780152319949529e+00
3.368549619627385638e+00
3.094002455210290048e+00
2.309488434474436858e+00
1.101382763420275746e+00
4.336015667211433389e+00
5.744725741679395981e+00
2.065912143661528422e+00
6.245284123497254924e+00
1.068613057948716971e+00
2.039958149690387135e+00
3.052578601014979132e+00
7.438412531633235014e-01
2.361084058086002191e+00
4.250711080502983741e+00
9.341832479293570302e+00
2.073385793656849607e+00
2.811885310808685645e+00
2.201755196343208265e+00
7.120945670459893684e+00
5.083101343542327122e+00
4.320605565617944954e+00
5.735901813207846978e+00
5.630900123591304762e+00
7.232983142200210658e+00
5.976333379320833750e+00
1.909547863441673821e+00
8.669568749052781742e-01
9.609587979917787459e-01
2.129513741173445496e-01
2.737779196151810535e+00
3.064058348256041953e+00
1.860636317469568146e+00
5.450620550427601074e+00
4.721538777122066044e+00
9.267822083352585949e-01
3.181288748279654577e+00
7.931999037412482689e-01
2.889865689478852584e+00
8.560479203519422597e+00
4.690649979497568900e+00
4.500940321172788749e+00
3.159893355135673598e+00
3.414188963849710046e+00
1.178628665267162701e+00
1.483796236633686760e+00
8.167457657738621535e-01
5.909374992354103462e+00
3.707181783739283976e+00
3.483578376496303086e+00
1.057798209974297299e+00
2.192153024749592394e+00
5.441537440833240424e+00
9.633483837335177213e-01
2.733969801283315793e+00
3.533929621522409192e-01
6.773758491077501276e+00
8.001475943700757654e+00
2.321647195907132755e+00
4.608109209987892863e-01
1.350417773972053759e+00
1.337762664005350821e+00
1.736100708615549104e+00
2.110593602127414314e+00
5.392127527056837621e+00
1.834140937384316494e+00
4.206787188411884593e+00
5.062563833814376579e+00
5.062047163706151487e+00
2.058697887012074901e+00
7.524268967652234963e+00
5.114069895977924496e+00
2.760922442902234764e+00
5.020023025423481222e+00
1.792869768310355605e+00
2.905506300468728931e+00
5.545187350473891996e+00
1.199503290921430931e+00
6.392164435696129354e-01
2.535876204205352202e+00
3.438231312311968768e+00
5.847583193865884432e+00
9.111453665675007585e+00
4.379076050334531622e+00
5.701968151099025661e+00
2.296200301572960178e+00
4.449709254254535118e+00
3.511887030952421718e+00
1.380404111966538006e+00
1.753512756649858062e+00
3.180354715905845620e+00
8.156182509639021916e+00
7.816346925755573993e-01
1.203348434085077967e+00
1.790168280641843079e+00
4.859877393213897001e+00
2.467509201806964203e+00
2.298749717804354109e+00
3.111945194635931333e+00
6.373512197618431685e-01
8.409825357159855130e+00
5.426944773845056247e+00
2.895956250139606336e+00
5.581972153825079275e+00
3.243341243792704720e+00
7.461152595911935137e-01
5.330540028731633129e+00
6.558135784132811175e+00
4.656575349527193985e+00
1.083853662397764372e+00
6.070293790874681683e+00
2.500800781722753996e+00
4.990269925527128336e+00
8.184163038762779507e+00
1.564024403483832648e+00
2.135810413772365468e+00
8.673350810771107700e-01
5.853405539717258854e+00
5.562368247693822099e+00
3.821887579488681297e+00
5.826808050887962054e+00
1.613900218825603083e+00
1.462681517547221199e+00
3.195049888773947355e+00
1.660503988336122116e+00
1.690643989937117286e+00
4.858772546181168828e+00
1.645927177947028808e+00
3.907912652612537396e-01
6.051249936152171216e+00
7.780482302833126695e+00
7.910817860707654026e-01
2.218670744396279648e+00
4.615122796780186221e+00
1.717221017302670572e-01
1.395564423845569557e+00
2.883755897728696116e+00
1.826635605101903481e+00
2.901483202076073020e+00
2.754149360101955768e+00
8.262282860717220512e-01
2.981038142247756539e+00
2.808093903913048361e+00
3.892022773427593840e+00
2.116874115359888453e+00
3.024320344242319880e+00
2.172408880529036690e+00
1.756022085709284086e+00
5.325351297071925671e+00
1.510700835349322091e+00
2.218429537582067290e+00
1.044140467796368377e+01
6.704818822958722890e+00
7.635602718377605402e-01
1.370442895615614720e+00
6.593453691858349508e+00
4.249211293208130513e+00
4.716427841922682163e+00
1.870082145721990941e+00
3.192377499096028526e+00
9.771666147502193756e-01
2.061483961759316585e+00
3.572582902506113101e+00
6.582762364169942870e-01
6.910667795672680302e-01
5.689435587389092497e+00
4.698091383781956232e+00
5.613921457452718755e+00
2.177260885398980772e+00
1.387740322255220482e+00
1.051958690149975784e+00
4.154618663245093657e+00
1.314403720541389875e+00
1.867254980172494694e+00
1.180458535603292836e+00
5.311186227798164516e+00
3.910286359533993839e+00
2.902262262709855101e+00
6.543985819718248997e+00
2.097449248873260785e+00
6.785003829971254952e+00
2.452448327495769576e+00
1.867682745399952937e+00
3.358164624655467279e+00
5.500252567909380552e+00
2.931816950915402398e+00
1.270783153848269720e+01
4.172347257926176667e+00
3.887311396105303629e+00
3.602370263401477590e+00
5.002670330392859022e+00
1.789474285817148402e+00
2.156870172946061981e+00
7.693790269689427141e+00
6.901576422254798615e+00
3.882109042801798804e+00
2.846292973911435098e+00
3.219070700509111482e+00
5.528887261494029870e-01
5.969914259415530999e+00
8.891886566742918774e+00
1.416658894717126138e+00
1.963706858916547837e+00
3.357330967823905610e+00
1.960934468071610093e+00
6.018266007620676206e-01
2.309343821426816490e+00
4.080216583408742714e+00
7.319156263896909209e+00
5.455618678198635330e+00
1.432664041003625321e+00
2.020763885540722615e+00
2.617249742373480625e+00
5.557165979783466270e+00
1.797390814485760435e+00
3.665891158494775315e+00
2.288045001128446554e+00
1.976380547300031987e+00
1.944663806001101891e+00
1.039162420660822983e+00
1.975885660469065996e+00
2.028717473286156370e+00
2.128116641126705844e+00
1.060969891540107346e+00
3.128105070742722038e+00
5.890261091759037448e+00
3.960555313463333338e+00
6.726681273329703004e+00
1.584332366323235819e+00
5.570291206691994290e+00
7.899027452211903055e-01
9.196228328140319874e+00
2.090143302569432482e+00
2.705846690015695000e+00
1.169821275500849689e+00
1.487235901295283380e+00
2.226005082217916264e+00
3.218936612127246466e+00
7.195740845007334130e+00
1.709082578534277586e+00
5.746394243554449943e+00
1.985552886921419846e+00
7.277288006190540059e+00
5.265719596961849547e+00
1.673767328840484847e+00
2.332492828814974217e+00
3.752016987035637907e+00
4.200701019048560525e+00
5.040144694971427697e+00
7.688571093458592687e-01
5.984617694255224274e-01
3.433149907994384797e+00
4.539548873619199121e+00
5.526010546172857474e+00
3.382115311985134820e+00
2.095919907593629006e+00
5.149522048124691054e+00
1.168708682979244351e+00
5.951218625295965126e+00
2.949696206100975715e+00
5.876236623244365909e+00
4.619751999863860981e+00
6.057791329406454484e-01
5.229807599656379757e+00
3.058766604874171957e+00
7.283771660264171111e-01
6.286970103178193270e-01
1.363179749016840914e+00
1.809360376295282569e+00
1.062344187960857500e+00
6.571285129069377895e+00
1.573197456464679345e+00
3.766324770557552437e+00
5.506467370893535218e-01
4.053354642686429088e+00
7.760679864110171522e-01
1.588739785419468031e+00
1.369996217362708268e+00
5.681583073989393995e+00
2.430373482374568184e+00
2.828211316361077365e+00
5.489742006233758076e+00
1.153992463100258270e+00
2.530075631403135628e+00
7.876909335570437820e-01
6.233680941103423301e+00
2.797674156585413741e+00
7.168785636648439485e+00
4.908528839633966356e+00
2.278282497646429317e+00
4.541045292211254747e+00
8.797191602859212312e-01
2.617424707766327074e+00
2.360764644296943882e+00
1.548974717401370382e+00
4.417353279866305549e+00
1.460863085309038301e+00
1.446564607552937698e+00
4.494548084821031964e+00
1.002014073929946036e+01
3.069538927132453021e-01
3.399905784435497402e+00
1.157969870070685747e+00
4.872930555146580467e+00
5.717683651168407266e+00
2.506314115605334347e+00
4.786466561251506491e+00
4.946612315000286308e+00
4.901482189311158422e+00
2.612152697779061672e+00
2.037945934906417733e+00
6.609175537038207260e+00
5.189437322902070271e+00
5.004247867866808086e+00
5.004740167409130969e+00
7.037146511678270322e+00
3.377394598335681675e+00
6.880282625841705801e+00
6.385609436550353735e+00
1.648978387344247398e+00
1.872286406849439810e+00
2.264277109078100203e+00
1.435336109599831378e+00
3.358724622136195936e+00
2.154774955729743091e+00
1.784472038689041584e+00
3.331046780054083278e+00
1.146295965565674591e+00
2.755583583215034160e+00
2.211256853998637695e+00
3.780205726819595213e+00
6.245299341482947186e-01
1.872685853344185025e+00
3.195156541322801136e+00
1.457667453921806411e+00
1.161666734269243273e+00
2.687053779766928940e+00
2.945836872231982095e+00
2.663920056067277997e+00
5.690264569793942684e+00
2.683387709961685630e+00
5.516236649812599424e+00
3.253894580438603690e+00
5.114930954742090918e+00
5.276899090386082847e+00
1.817439771936588677e+00
1.980676750431413780e+00
1.725311168717907462e+00
2.490705313764165485e+00
2.793594693525524253e+00
5.157683731352162404e+00
1.347081021326993922e+00
1.390943704077384435e+00
8.472881744178956120e-01
4.204199647903283932e+00
8.065544422477685771e+00
2.290095858042504151e+00
2.829372015718244260e+00
1.429097739486290264e+00
4.102126216720811680e-01
4.151072927102094745e+00
2.457329810592306707e+00
4.839380181931274727e+00
2.463475439066747263e+00
4.580015869191836231e+00
6.188116378626739689e+00
1.694227320490051092e+00
1.830440289264076981e+00
3.121303736739659662e+00
2.741797986422625844e+00
5.993799965065209179e+00
8.311751637412666538e-01
4.216935404916940300e+00
8.372349463265075231e-01
8.940821646794154809e-01
7.682315294039219644e+00
2.377263578716687586e+00
2.208053970263386567e+00
6.368245548612653906e+00
9.923358991698659759e-01
1.096185389917440745e+00
6.245297829931500289e+00
1.804359520155210506e+00
4.988093852819903695e+00
5.258525535458598021e+00
9.160174029256795691e+00
2.319615771322421249e+00
2.196771071778216733e+00
6.085433503051651094e+00
4.206360247119079077e+00
2.192834671152295467e+00
4.305293738589771380e+00
4.219696706001354158e+00
3.257282863732636535e+00
3.171581540317463421e+00
5.972342306598937611e+00
7.194953244259129299e+00
4.014445791051229229e+00
6.720465460015999648e-01
4.464511483401113701e+00
2.053771775513550946e+00
2.055533850151442188e+00
6.409900098341617891e+00
2.128638056685417279e+00
3.148480514224654137e+00
1.680380855765899684e+00
6.649721063751791839e+00
3.861202540545248585e+00
6.278049477654150223e+00
1.821432579685317910e+00
4.260256008927504112e+00
3.872780911569576823e+00
4.540849690559391583e+00
2.773268985276042375e+00
2.203605269196823091e+00
5.576776459915027573e+00
5.393989644514898263e-01
3.117577595973110238e+00
2.302175278912748091e+00
2.250706156130162228e+00
1.502749308426681418e+00
2.995667856176168264e+00
1.366412197586307053e+00
2.188154890684411935e+00
2.912436954881601814e+00
3.073449052551314509e+00
3.657919352951364722e+00
3.074102434003749273e+00
2.324221251872730765e+00
3.365803719553843276e+00
1.660451286085122824e+00
3.698063338468884353e+00
4.413609666090168027e-01
7.424396697074358009e+00
2.596355582866880951e+00
4.125010446125969565e+00
6.059034663036927171e+00
6.371084816138577800e+00
6.829757522496931799e+00
7.265848168003944174e+00
8.531144376399115714e+00
2.828358022336884048e+00
1.135560948882648802e+01
2.480592229438582486e+00
1.602901166797730870e+00
5.072277333000137389e+00
1.506798770708676516e+00
3.871974190919793557e+00
2.928251292120431781e+00
2.142318928183855942e+00
5.731084339429655117e+00
1.404995256856318875e+00
4.807733645846038684e+00
4.801159919000050458e+00
6.308047213289355026e-01
8.057070932855416867e-01
3.573017230647290265e+00
2.171352225330231089e+00
2.185197252949120816e+00
3.542371908213970855e+00
5.483163198457591925e+00
2.213299370819825196e+00
9.638357470466146770e-01
4.032597131896308973e+00
2.538476518984253527e+00
4.929901949625384638e+00
5.472144938772435019e+00
1.128139336691066807e+00
7.895323767646885038e+00
1.779533579972987223e+00
8.979353400496963289e-01
1.412984628394196029e+00
3.682711409683429249e+00
5.227890157246219971e+00
6.644739116693833658e+00
5.683186838426363074e+00
5.525937099536273323e+00
1.711132628278468459e+00
1.720840522017474061e+00
1.703004225588283127e+00
2.644299245491819050e+00
5.483377483442291034e-01
2.352821188998795332e+00
1.431679175473120846e+00
2.147750680726456807e+00
3.088998564752194032e+00
6.797501632570354779e+00
1.774320652952518396e+00
3.126009232012321615e+00
6.087992821117514275e+00
5.594401312953288574e+00
6.511416538211786786e+00
1.255938493491731256e+00
5.896569415430122696e+00
5.820549858730621473e+00
5.661242281948561050e+00
2.893520188195992215e+00
1.814349221282632207e+00
2.246488092007827397e+00
3.233457780061949283e+00
3.800821255198287396e+00
1.715870333440025819e+00
1.042117010400377186e+00
4.303156529500252958e+00
2.692054642983026103e-01
1.025631807792158678e+00
1.689251890365467190e+00
1.007487136523197213e+00
2.842177193074600705e+00
4.373082474252698582e+00
1.659952496011186662e+00
8.078614191166998637e+00
1.382762843704946176e+00
7.007542096909840978e+00
9.516772860860370775e-01
5.078589551206770025e+00
3.011639117023097612e+00
6.360880233117534921e+00
1.878730259159646865e+00
2.385697598535381658e+00
7.129234934885996466e+00
1.637892889167929855e+00
9.743539060537346197e-01
7.574269817121435544e+00
3.281886967523561349e+00
5.752150556437040763e+00
3.367792660379140823e+00
2.769670024185669543e+00
2.684529397335241985e+00
2.874438409017750828e+00
5.110002266932667681e+00
5.086726106755105059e-01
2.782229092610563281e+00
1.107773275298343574e+00
3.317044565931181577e+00
2.195988204409935474e+00
1.742197868019567775e+00
3.824820236393589479e+00
1.231416365007057534e+00
5.900048924463556332e+00
2.583216645160617997e+00
7.339929975293554287e-01
2.215787587769490141e+00
2.601000824836264602e+00
7.009281839401118042e-01
2.558777462335747988e+00
2.871351242269598814e+00
2.999127477416759113e+00
5.386553544929759241e+00
4.965790068587721429e+00
2.275027329106675378e+00
5.344605043042498949e+00
9.765803547199181089e-01
5.653939492224034247e+00
6.002766711338597183e+00
5.531482813301810353e+00
6.994384292525185565e+00
1.773640206056616098e+00
8.558532689198076193e-01
5.600094606766643501e+00
5.543611272209155061e+00
2.016406591705709239e+00
2.647669225122790682e+00
3.195839229621335598e+00
5.544381618889988594e-01
6.422207570512465047e+00
5.993277155406346424e+00
5.541483153304493037e+00
2.537800231987340727e+00
1.756738266253420333e+00
5.942581850157687917e+00
1.830725491356885115e+00
2.723619382103656061e+00
1.503825702963716315e+00
2.684028425102342297e+00
4.003286293266877571e+00
7.912398888561704702e-01
1.794018042367691468e+00
1.045443509327037557e+00
2.541184123679513629e+00
5.623008291171041062e-01
1.862609187717188419e+00
1.300940130098249492e+00
1.471366115744023428e+00
2.838876138930722437e+00
6.776485621075295285e+00
3.835417889431042671e+00
1.328469072999836875e+01
3.872607458732156172e+00
4.265305437107090647e+00
7.722367208453246867e+00
1.723629641793284817e+00
5.477104650055773405e+00
3.155821309987441037e+00
1.066887903563298545e+00
7.843644476319326930e-01
1.824301561053002896e+00
2.385990283789208188e+00
1.881784778984746387e+00
2.703628251411585026e+00
4.393165729795349250e+00
3.740683359789918949e+00
1.972223227298077308e+00
7.426300979726264018e+00
2.684444172238559911e+00
2.252114641967670305e+00
1.959802036462608532e+00
2.349643765027007003e+00
1.164724819195801508e+00
2.251143687421819806e+00
1.048270241831987137e+00
4.118281449322054755e+00
2.225561089872952980e+00
3.300212242565417675e+00
2.530729146518395201e+00
5.879381310452676423e+00
1.933941718655386444e+00
4.184490392701941452e+00
1.133496631665441789e+00
6.546636022914377406e+00
3.873294060344578238e+00
1.744925572603925890e+00
2.304686898239438175e+00
6.101468347813813198e-01
6.501319871332045253e+00
3.062070144697708773e+00
4.836418670783995566e+00
3.683870093143641000e+00
5.195235764397805767e+00
7.388545214453990928e-01
5.905307966588926760e+00
3.735301880887150094e+00
9.433970343524566982e-01
1.480686278664484545e+00
1.752797730676150856e+00
1.860884249124457046e+00
7.551449244544829575e+00
2.242476749485045051e-01
7.807182940647086067e-01
5.793509011277826914e+00
1.984323361804036345e+00
2.916232160876954360e+00
1.123202945501305061e+00
2.899116021057796644e+00
2.959950874164428924e+00
1.423461780184961611e+00
3.570403596619984299e+00
6.377356619343503397e+00
1.611640121323402397e+00
2.901614547788594844e+00
2.815195040185343167e+00
5.970106769631095212e+00
2.437045764194014197e+00
2.707722282147158044e+00
2.449976236426296694e+00
5.740551993048653934e+00
5.893345192225940110e+00
1.157543722260948815e+00
3.216231392565222502e-01
6.064658458699232035e+00
1.285449899192549594e+00
2.031492068232396697e+00
3.557060826259453190e+00
2.473759904801544618e+00
4.658817657299412218e+00
4.391380737413271618e+00
2.928591524857297124e+00
9.610697344271402764e-01
1.010299032505414196e+00
3.164312243364429733e+00
2.395705999658072294e+00
1.283150947414022802e+00
3.315120649545923115e+00
1.524789420625129122e+00
3.365406569739469944e+00
2.396839532198796530e+00
1.396215111115792107e+00
2.149289423559483936e+00
1.670472160014474072e+00
6.306833324356991177e+00
6.884719802091225915e-01
3.726822181932329947e+00
3.446819950273174893e+00
1.654537696122852619e+00
4.721418379913457031e+00
3.894103304915984332e+00
6.379341139861128163e+00
5.534888447041756088e+00
1.540606641492807238e+00
1.793175106176728706e+00
2.917444603652536994e+00
3.531360276994002234e+00
7.620244695445457239e+00
1.054406140355681920e+00
5.999026939031338657e+00
7.054828646974654616e-01
3.326232293336370827e+00
1.736353961910819477e+00
5.154004179907279770e+00
1.037606583987019215e+00
1.272953722177997404e+00
2.618809363074033225e+00
1.987219153581666342e+00
5.180460636575175748e+00
3.129319879062245402e+00
7.334674298902207568e+00
1.638968255255316642e+00
6.221617708465286611e+00
6.248898933122860377e+00
1.636433582236179740e+00
5.094603587830011548e+00
6.394673015616476164e+00
6.498092034731907773e+00
7.399461744187046941e-01
1.040002396720837385e+00
3.472887105541763386e+00
2.975291188250555052e-01
4.816791707801933775e+00
3.165583867199521340e+00
1.551183008377532646e+00
1.836602130254528564e+00
1.444478610902368843e+00
1.780809658831282061e+00
1.493460143015278740e+00
2.737641702171194069e+00
5.338148658506878697e+00
3.237665025782626937e+00
9.686971335901093383e+00
7.108543096224769764e-01
2.151846163096959419e+00
1.794205389559588415e+00
5.487194371955708583e+00
2.858594758432459582e+00
4.499526705485166644e+00
9.918391829046280250e-01
5.237351063807312634e+00
8.092325062118636836e-02
8.969665818523944179e-01
1.085396919324301734e+01
5.807767892010926580e+00
1.499216451933580663e+00
2.920945333436299141e+00
1.905426407069107375e+00
7.673355812466480241e-01
6.599735558293331472e+00
1.403510197126317749e+00
1.329496876215754853e+00
2.338750321595969073e+00
4.471326066182012227e+00
4.424889378927416850e+00
1.439134951892407255e+00
2.164391636751550330e+00
4.681717853164255594e+00
3.462719265167867988e+00
4.952661604289530395e+00
7.896136468945186282e-01
1.857490994311686849e+00
9.529057993270143356e+00
3.595968632879799731e+00
2.230523639597479679e+00
3.037124012124170935e+00
4.669096216997582260e+00
2.254115406670290866e+00
5.208003463786731402e+00
6.330679447769362866e+00
2.497718849007419362e+00
6.523593939732996283e+00
6.421890688715134132e+00
5.558660801062624834e+00
4.115698228209481613e+00
5.076474974304804100e+00
7.875106065609687178e-01
3.150116862391409089e+00
1.033775913310583272e+00
6.496745641193048648e+00
6.195846049045306003e+00
3.043370604965297765e+00
2.195786751958080263e+00
5.271078694442667967e+00
1.895986789266960848e+00
3.310486831705026667e+00
4.301539672305549011e+00
5.186961631279205065e+00
2.246741149851161357e+00
3.219458375058907418e+00
6.838100705930602707e+00
2.031049237019641129e+00
4.527323577505195651e+00
4.249461181905886953e+00
1.760464105980069194e+00
7.658903832749170970e-01
3.760199006514969966e+00
1.403090540747942372e+00
5.483785710303298977e+00
4.653863789554065988e+00
2.567206946219708907e+00
6.226511635300226111e+00
1.126114450418653767e+00
2.693309756101631702e+00
1.090003287666266862e+00
2.365195824007651382e+00
2.616189292272173006e+00
2.404043431734629976e+00
2.022508538404338196e+00
6.274063382330055560e+00
4.893489998721022971e+00
5.001485573729127942e+00
4.102334571651292450e+00
5.088791212109737394e+00
4.680506749744734130e+00
1.605581289307552284e+00
5.432616534794698637e+00
1.305379311217158111e+00
2.492162922605065223e+00
3.630620096836532973e+00
2.816689134957051088e+00
6.192195034759722994e+00
4.276665862336632706e+00
1.439906938670821201e+00
4.391133129953546543e+00
3.574711779921165844e-01
6.629440908872004101e+00
2.925643120773340655e+00
5.674809052628430273e+00
2.326303928679631650e+00
5.488496379969455496e+00
1.824371547835726748e+00
6.592852155647298318e+00
1.376450892476203780e+00
2.516185572603157894e+00
5.198198755833217888e+00
1.329541054467139771e+00
4.564837279513644930e+00
4.410095037176915422e-01
1.346508304848865967e+00
6.148531227068884775e+00
4.014172302800066205e+00
2.625962463062349705e+00
6.314201115591643321e-01
7.349379939502129311e+00
9.074188833702081070e+00
1.897303484053358025e+00
4.929386560810765872e+00
1.773289241311255537e+00
5.564244851877043985e+00
1.489883483162322220e+00
1.597441684259097272e+00
6.455576353780487331e+00
4.696661113624969630e+00
1.341446458310540324e+00
2.532662270953807138e+00
3.037529962390583371e+00
1.889148549854680725e+00
2.154997279413906508e+00
1.114450049181678004e+00
6.382905308815852941e+00
4.876250805261889809e+00
1.029629532340217679e+01
7.036998927833488793e-01
3.358463762317117851e+00
5.337628898860606874e+00
2.631640003214078760e+00
2.550472041025227288e+00
1.959331868246054320e+00
9.077487572948129690e-01
3.943679329751241358e+00
3.835269534201456665e+00
8.135643782276517300e+00
2.096082065876426093e+00
4.417539638802455926e+00
7.012720682066560407e+00
6.291574149554385542e+00
5.215080390327573312e+00
1.918503068349240337e+00
4.249141125657023288e+00
1.673962772255609854e+00
8.431633948560087077e+00
2.403738172944419382e+00
1.825322506844056170e+00
1.897282549453654488e+00
5.599625935615647698e+00
3.269556031746816416e+00
3.220855894003313846e+00
3.522366053922030726e+00
3.438440636908814962e+00
4.116744662452803460e+00
3.581884034600431477e+00
2.549387879900907539e+00
8.229584095672036526e+00
4.975939391986368143e+00
5.986873278514549312e+00
2.139639668703118502e+00
5.599538247191495621e+00
6.531389380384228227e-01
6.044408138768869732e-01
4.996729616367886706e+00
3.698513643572677978e+00
4.467485597393119789e+00
2.990280037267772695e+00
1.385772162015224795e+00
4.174471533969770221e+00
1.285436846149939472e+00
4.569818113226469691e+00
2.501185951737671331e+00
5.407706900041784337e+00
3.341628938481144839e+00
2.713471299026792849e+00
3.186208826166021968e+00
3.515847304118761230e+00
2.514670348626538932e+00
3.458054498808071475e+00
7.693761063821941137e-01
5.630356799796802925e+00
7.034115840350581017e+00
4.454060880783816678e+00
1.285988819651646020e+00
5.222565951359732228e-01
5.605459486157151616e+00
4.735319928752645957e+00
2.194294175063407515e+00
2.092646491715266066e+00
1.534012701446593407e+00
6.414014809664252859e+00
1.363745879069319322e+00
6.272162593008391518e+00
1.167333281471864437e+00
1.273081144767149953e+00
2.719404445614417742e+00
1.796622113405466736e+00
4.408721694860154194e+00
2.993082250482749895e+00
2.866218415534555142e+00
4.684418442860125431e+00
2.812647305811278198e+00
1.989804529730223814e+00
5.088367029474500036e+00
3.292061483346460538e+00
6.134932552298306696e-01
5.483631955041043948e-01
1.152826886934031236e+00
2.998375551650027671e+00
3.185495746400833550e+00
2.984045944467795142e+00
2.084334929282267712e+00
1.161049253574105711e+00
8.027543054116945243e+00
4.882932779726197325e-01
4.360061037627938951e+00
9.831936919389131502e-01
2.791935714841649485e+00
4.897382366934589726e+00
1.438509338757975486e+00
8.035755813288627536e+00
3.881985519224147918e+00
1.825141935403442828e+00
1.094193860791403017e+00
3.441134968076272838e+00
3.348051035676029574e+00
1.697395399010954709e+00
2.291775402369665926e+00
2.994093949472425020e+00
5.549085117975837811e+00
6.768047678382402843e+00
6.189834419851848679e+00
2.093729663514353856e+00
6.815538260953058369e+00
2.241672800906385543e+00
1.192874131388597325e+00
1.724118547347386343e+00
3.259042397515064415e+00
3.972076423191535977e+00
2.552171860019853966e+00
5.258761298227180525e+00
1.057692993178835028e+00
6.188516517952509233e+00
5.305898974724903461e+00
3.117740005554860527e+00
1.452147339310807750e+00
5.555774143735020765e+00
5.694421996283617560e+00
1.724171894770764268e+00
5.181250787318567586e-01
1.021387017284894450e+00
1.969304070879229984e+00
1.180493050914651620e+00
1.094667198017467769e+01
6.338389439896764399e-01
1.341900473281687711e+00
5.037984505135444380e+00
8.201356566419939043e+00
5.134605593270016755e+00
2.180394682149145336e+00
5.000228027840614153e+00
6.038112469325308318e+00
3.158666697796939982e+00
7.589191395920066974e+00
5.284449197526898345e+00
3.571973613524864088e+00
3.706647215885219726e+00
5.574263211551979680e-01
5.436954769507838847e+00
2.937496229661593183e+00
1.873478364753502046e+00
4.640032733343306681e+00
2.586025127970420723e+00
2.452939688802293627e+00
3.759527682371198054e+00
1.871031727849820525e+00
2.537160859233333010e+00
2.180333287186664748e+00
7.216531949612873476e+00
6.414236276069386733e+00
3.127471489953344896e+00
3.150092837839485238e+00
3.774317531002551185e+00
1.687790526516165013e+00
2.270663847184029027e+00
8.426697727255294978e+00
3.221832327444680732e+00
1.476777176723652385e+00
4.220010502666825758e+00
5.388163891318945353e+00
3.549259909760000831e+00
5.992648466693323073e+00
4.002117032487154447e+00
5.735609779170644629e+00
1.046920473917614336e+00
6.285386352445986091e+00
6.671054062909544946e+00
6.156557930881249030e-01
1.104983161487281373e+00
2.122584605129203883e+00
3.130854861098082420e+00
4.149582808659173949e+00
1.059801409727576305e+00
3.806926865681431682e+00
3.135661932145269670e+00
4.200774723524681953e+00
3.824343928748056953e+00
1.892368585452400609e+00
2.695884996322237548e+00
2.839434263347231369e+00
2.902229814355193227e+00
1.234503096764053787e+00
9.225908026259850292e-01
3.875717208470305764e+00
4.881290333095364531e+00
5.627566419203906989e+00
4.742959610708920692e+00
3.711875901489341878e+00
5.234798779567503502e+00
5.000025473551534816e+00
2.391805917343386767e+00
3.865841498538086007e+00
3.135611174495104070e+00
1.728097391128448956e+00
4.126079734337475990e+00
1.166240502054329387e+00
7.894335965976986280e-01
6.786037265409841091e+00
1.808982764105009577e+00
3.476113199465693970e+00
1.894780629603447730e+00
7.354464845724805855e+00
1.712615352811325931e+00
2.531846172547490781e+00
1.571575135345768315e+00
6.123386348041374383e+00
8.224713583691553032e-01
5.738632997829628657e+00
7.572796219585467448e+00
3.830927326943938560e+00
5.208268654665686448e+00
1.922313788558398295e+00
2.339667996645408365e+00
5.155545029071232355e-01
4.744411294204568641e+00
2.920177047081931487e+00
5.096146738124421205e+00
6.959997615842931751e+00
2.034267450355037088e+00
4.030766776853910160e-01
1.372515173418325185e+00
1.201444737904886262e+00
1.348655564385775163e+00
8.857393223045016972e-01
1.163201014387304222e-01
5.973632089104703446e+00
2.709064074502612218e+00
4.594818544521687365e+00
2.282491474568901335e+00
7.406409007012904944e+00
1.016736541578468156e+00
1.244360073106820952e+00
3.409571467115473986e+00
1.691950321438605354e+00
2.082369848484498576e+00
3.702131381193905391e+00
6.187424945928622577e+00
8.549139769457857474e-01
3.151286948428476009e+00
1.017273265285712158e+00
4.618901481242338569e+00
2.947180318089425821e+00
6.568458377695198358e+00
5.572486061421406234e+00
1.143726731680418274e+00
1.637943855214266442e+00
3.947593070466917542e+00
2.518529537298282328e+00
2.701378256717744897e+00
6.344173738996652823e+00
2.668117422581455678e+00
2.630773704267419522e+00
8.454535276943790922e-01
5.293576859234693899e+00
2.852943454218282771e+00
5.547985535174387195e+00
8.632685598042245445e+00
4.304408070917832063e+00
2.351023556472580101e+00
2.222397992737179084e+00
6.446360763845381925e+00
4.370175466956951027e+00
6.114726872548846837e-01
2.587321840319398270e+00
1.431157962859093802e+00
1.312472689645473922e+00
4.427903611693136732e+00
1.580777608154137592e+00
2.440940334725828276e+00
1.122307925077043578e+00
8.406057369815715941e-01
2.929566122944472717e+00
1.893345230023940617e+00
2.784450273306111612e+00
4.148221927617917082e+00
4.966569504274144897e+00
2.027180939475393462e+00
2.001697774992713619e+00
1.015303997894687837e+00
1.120935558134710019e+00
5.821674877347214228e+00
5.543820115767434942e+00
1.674094933627665149e+00
3.201418587791359904e+00
1.112221919129659620e+00
1.004709019057647534e+00
6.292105244585104451e+00
3.187740416534427190e+00
3.279386667151040768e+00
1.321774873270255224e+00
2.516227680230245234e+00
2.591764969324488188e+00
4.997717069357543451e+00
4.777634076957375520e+00
2.551809141816507864e+00
5.542331721239797560e+00
1.693389545977782795e+00
1.538501021252517864e+00
1.607534916459911534e+00
5.150579293676906367e+00
1.344356942435565028e+00
4.643628030034871124e+00
3.196885628059806361e+00
6.119138315693274599e+00
3.002011958872371711e+00
2.310639004384724693e+00
1.844762740958683533e+00
3.378020485360112346e+00
1.057632442175544307e+00
1.403130430415281404e+00
5.162921006335661644e+00
7.336477078803055107e+00
2.270124090252347404e+00
5.781048733536581885e+00
3.098995241321090610e+00
4.430571163972480520e+00
2.981482497032306167e+00
6.683368538300268114e+00
1.761986019270818771e+00
2.694261623503707348e+00
1.349787514805902156e+01
2.832461978917982126e+00
6.137637467295016691e+00
1.945637789492088210e+00
6.681321076261261815e+00
6.057491247945004709e+00
6.602435113631330843e+00
4.166157600147572637e+00
7.206646754895437823e+00
2.075051922167403529e+00
3.818754022458742625e+00
4.710859938795253221e+00
5.278229622921088549e+00
4.138762801079171716e+00
6.294199407624662790e+00
3.581011774211535048e+00
1.697889396480986690e+00
1.813637963820324606e+00
1.535232739633536792e+00
5.790106816923281663e-01
3.317447954019573597e+00
3.722320863054116025e+00
2.103567582659115587e+00
4.375347509605689744e+00
5.114710048818003063e-01
1.643700142983429480e+00
3.921960280296980184e+00
2.365357932357117221e+00
2.686147608571892498e+00
2.047438298718855965e+00
1.111515338672529385e+00
4.813155168207009282e+00
3.612014278132483991e+00
3.720807432415048410e+00
1.365233204549852308e+00
3.649694976300676519e+00
3.663451896067331681e+00
4.094504637903628286e+00
2.122482208314137253e+00
1.649506147265791700e+00
1.119743912529116203e+00
3.269601344568279000e+00
4.712947644594022378e+00
1.151992329354713185e+00
1.979762363252515867e+00
4.610417945736609902e+00
1.297875829309681039e+00
1.085289084184151820e+00
1.409051309565219290e+00
3.113242680175795307e+00
1.510731771265484191e+00
6.468221869830560244e+00
2.620456143137609217e+00
1.007968894749444289e+00
6.429399768506661061e+00
7.040946230506826886e+00
1.130790135444827538e+00
2.377451285169723150e+00
4.686408599056177238e+00
1.381263375947396232e+00
3.704812970238654746e+00
5.148029293721828381e+00
4.144016239185919659e+00
1.863408142720562433e+00
1.456277531566618988e+00
9.750273106241762022e+00
2.720096600213624427e+00
4.790325310996915498e+00
6.632968029001580668e+00
5.509195823924966540e+00
1.408717167270179482e+00
6.597750355941744971e+00
5.935650783784253370e+00
5.787300144459338824e+00
1.706857503410673438e+00
7.337813650324099823e-01
4.610579785154592436e+00
3.918182041665698723e+00
8.357396024282673919e-01
7.388051857494610797e-01
1.895201087441910515e+00
3.796456188416199140e+00
3.329839962684602028e+00
3.875986236580522437e+00
3.942363625686368334e+00
1.612062498103667751e+00
8.866341533569990219e+00
6.465894627593121946e+00
3.188441788353184592e+00
5.925333669987919993e-01
2.029795715621005581e+00
8.612593655704773310e-01
4.353904974301638475e+00
2.722731825362083580e+00
6.358848072240398386e-01
2.042186418918392476e+00
4.585071153257875287e-01
3.294662036379729653e+00
2.417911269906301897e+00
5.381288577702730613e+00
7.168527964153978971e+00
3.596172012377533367e+00
2.154807279726751457e+00
6.008220984210649540e+00
2.028537545890923166e+00
3.150729333106784491e+00
7.019030049320545750e+00
7.173274623319105814e+00
2.957949093975822397e+00
9.212584513728603319e-01
1.726826152645488888e+00
2.498804304553587929e+00
3.010154429425500044e+00
7.681864421337404991e+00
8.247655848090003516e+00
4.729422845036017620e+00
3.132118450934032072e+00
3.669840139314404670e+00
6.242736788296460837e+00
1.348041642624488112e+00
1.410683260369952896e-01
5.032190880848035341e-01
2.487245737854075323e+00
2.413252239468915317e+00
1.942113456065108990e+00
2.553336889411269794e+00
5.284181088010529770e+00
1.852132890935707543e+00
4.263705202346032230e+00
3.851975955840002630e+00
8.036072687731612874e+00
3.537735491616821104e+00
2.713448245356230970e+00
9.015733474439829864e-01
6.124076446183973843e+00
2.246389453599710873e+00
5.391186967132488128e+00
4.290187888309696440e+00
2.883305721495865281e+00
1.911537644165011374e+00
1.576336465193971303e+00
2.483859540752888506e+00
5.356287230814750444e+00
1.757914295184969111e+00
1.582246479083985191e+00
1.486460159862628361e+00
2.093777300176443923e+00
1.250996239480079764e+00
7.160584585090687071e+00
4.703344423252221240e+00
4.785461036386187139e+00
2.810608514819608050e+00
1.924952061938693060e+00
5.932220151057531865e+00
3.268393310023852472e+00
1.934266253427594062e+00
5.544677252302475656e-01
4.290042092397373885e+00
4.831851937349992632e+00
5.695634732243317622e+00
3.047850272320641096e+00
1.265867352549975733e+00
1.734040080240809134e+00
2.641718286121951476e+00
3.429276361256780259e+00
2.249341082340321929e+00
1.985269649554955329e+00
2.512426702749247731e+00
5.229521053571505540e+00
4.246007760886028493e+00
5.297503028393475866e+00
2.547972372002544006e+00
5.554209569854180018e+00
2.179751286860323489e+00
6.534680964570648065e+00
5.755291419453145707e+00
7.882580086636145289e+00
6.207500017556525584e+00
3.012337416982738603e+00
5.406827971650728593e+00
1.394277358726764060e+00
4.836639346370201764e+00
5.309776738524244699e+00
2.542260390592611774e+00
2.153604492231384171e+00
1.436916171758729543e+00
3.291196414182970820e+00
7.085405706528460357e+00
1.305873483948191804e+00
5.689925039803710227e+00
2.465666014571581410e+00
2.479314081984720808e+00
6.033091324326762539e+00
4.954866278661268275e+00
5.193081455561270765e+00
1.808462030063257231e+00
2.530751546277469011e+00
5.523029647250112362e+00
3.529983741755243543e+00
4.097672524193503030e+00
3.623152684565445369e+00
2.023651752158889483e+00
4.169121355776757021e+00
1.581460560157220918e+00
5.215283135598671294e+00
1.465508920908524360e+00
1.160042634786054405e+00
1.968741792708061045e+00
1.636236617116487713e+00
1.260537947308769224e+00
6.187436798688008999e+00
2.842038332887129481e+00
5.291945089008038394e+00
5.057394178810986851e+00
1.290068020955534855e+00
2.240680984513909291e+00
6.683128825523178662e+00
6.204790072403263856e+00
3.562392150128476320e+00
6.640249672890570665e+00
1.859457757294946445e+00
7.298403724026961692e-01
1.464093561435784618e+00
1.526135182371168852e+00
5.254606806016755449e+00
5.765223976129682626e+00
5.466393055614291008e+00
2.512961945773295458e+00
1.656567467280158468e+00
1.948701090756961962e+00
2.865608265727177084e+00
4.057728544133277104e+00
2.471120496779365183e+00
2.358152662207118944e+00
3.491658008001238933e+00
1.253553091478860404e+00
3.486475539748483232e+00
4.883080415088264736e+00
8.527519120179680723e-01
6.025023322670878478e+00
3.257490268830888880e+00
1.958004834002950334e+00
6.792676490296333469e+00
1.206194792215447187e+01
4.382019041720798924e+00
1.736689299795569408e+00
7.904647420768912136e-01
2.287102369324983009e+00
1.864808134204808177e+00
8.064201122573988467e-01
4.945275212213870120e+00
5.195353242833276930e+00
5.540868571519848018e+00
1.258339451374272278e+00
2.241994556689485218e+00
1.781199151457023344e+00
1.325551765490444067e+00
1.482436212992285673e+00
6.168025244197792745e+00
1.821755089771114999e+00
5.071890741629236921e+00
2.881712881428610373e+00
2.965476947978765931e+00
6.993283233111410091e+00
3.498113605388950109e+00
3.934929427849176431e+00
6.678458855124531190e+00
3.108151756667443699e+00
2.204499717730180830e+00
1.662249538463546061e+00
6.616708066787154507e+00
2.357471458463536340e+00
3.639433289424212958e+00
8.032822125767142829e-01
1.964130281758440288e+00
6.040917666269542963e+00
3.716050291750448764e+00
2.987699995428444666e+00
3.097157701581823463e+00
3.375016735872877316e+00
1.964757421896510037e+00
4.886802402734186757e+00
2.755641483758109800e+00
2.585811804364236188e+00
4.952425577014052394e+00
2.320597363212665964e+00
4.646338008199989211e+00
2.435382755801633436e+00
1.404291842838585547e+00
4.233707682098318159e+00
8.875860854668959021e+00
1.360050484079968980e+00
3.273867977311752497e+00
1.620357834361955796e+00
2.169886606636393100e+00
3.258056211730193663e-01
6.372822995899305454e+00
2.195989512417237499e+00
6.798059826906931669e+00
3.062756862769522304e+00
3.569449336894008784e+00
3.930399122237774323e-01
4.354555190954827459e+00
5.855546478072032990e+00
2.134879409640678460e+00
7.446698072291065840e-01
5.253387611101021371e+00
1.051748289170040485e+00
2.296337903567555738e+00
2.341516305032427248e+00
8.634785959093996821e-01
6.927836559409106698e+00
1.390325049514459899e+00
4.563391504730367920e+00
1.635201694988649646e+00
5.841471793110079025e-01
1.485094803641058503e+00
2.926051154349014194e+00
5.162159250917405018e+00
5.076625411543039590e+00
5.830570407028892177e+00
7.231308674391043745e-01
1.876715601427086266e+00
7.644960580977330222e-01
8.988937985233853567e+00
1.919146942433838765e+00
5.216970473289613608e+00
1.551618924464533089e+00
2.745798545567010862e+00
2.459873042527105369e+00
3.206068608396686503e+00
3.376391415718656752e+00
1.545612576642705571e+00
1.228284475851236790e+00
1.535499424470461838e+00
1.700375194408983992e+00
8.192031518575221938e+00
1.728702861784455536e+00
5.716394568830854617e+00
1.213348488031680716e+00
4.196332742161335005e+00
1.353034966398101613e+00
4.964297575187582190e+00
1.777065252573171383e+00
2.751566014524461590e+00
1.630539826105642742e+00
3.941333204596621176e+00
6.499970713240198705e+00
3.597328306955432264e+00
1.343202047481872663e+00
2.337125231890251342e+00
3.734554137245220673e+00
1.469541825343142039e+00
1.515398542847967267e+00
5.145907200973427464e+00
1.770854010292585157e+00
2.597323658998745177e+00
6.505683010334768035e+00
3.089631260096565857e+00
1.341672644255179181e+00
5.951185743711365772e-01
5.505763172080931689e+00
5.375378532304082579e-01
4.181889535934629976e+00
2.682564187845822179e+00
6.034595589302591989e+00
1.496382430499084260e+00
6.526409556686929569e+00
1.430710260571344650e+00
1.872830672616488279e+00
4.047018859597112161e+00
3.339001969341170994e+00
2.696494390351237058e+00
5.062888743040395489e+00
1.510993641495526285e+00
2.440260405598510207e+00
6.720312823727349283e+00
4.449081449478882178e+00
2.068516936540805595e+00
7.669592649916970650e+00
2.777440576645545667e-01
9.382884030458166214e-01
2.891979383333863396e+00
7.234667119351253506e-01
4.229127666110606754e+00
4.145953958691455554e+00
8.606009925574484853e-01
2.310221526984471474e+00
2.681682648934742730e+00
1.478235636753684856e+00
1.506152069916271818e+00
5.041262175237733345e+00
1.351114146769826441e+00
6.283163227605200518e+00
7.539901543654842442e+00
3.571297951051889186e+00
1.127388321103678148e+00
7.318928355816501252e+00
3.629290703081397673e+00
1.703137213298129060e+00
5.312899445045422553e+00
4.428593914647973584e+00
5.634114230217049268e+00
6.226490344058424498e+00
6.773776317983949191e+00
2.698371972367135552e+00
6.423190361589178998e+00
1.544310607230598098e+00
1.892197161116770499e+00
2.543266359536600962e+00
1.041051633091207185e+00
5.168179084461326234e+00
2.236532910104035210e+00
2.529522808774176124e+00
3.832146542132202072e+00
6.288708850830999175e+00
8.087950824121829640e+00
5.868410134876292261e+00
3.351795354869575139e+00
1.795332429646024019e+00
6.814008971598261688e+00
2.196445623715951534e+00
1.481229941369611725e+00
3.930589254716123193e+00
2.327692896088172425e+00
5.807590045860106187e+00
8.093235393219110563e+00
5.629705820944646000e+00
1.821136872098740866e+00
5.134892730599422528e+00
9.423190330916034751e-01
1.775138024953852423e+00
6.486085805971725016e+00
6.274050033621260347e+00
4.367756480182542589e+00
7.461860814334282388e+00
1.802365611530552858e+00
3.239838246133408983e+00
7.080473767699364984e+00
6.613990467441278609e-01
1.639115487395858439e+00
4.925005999346336871e+00
4.812615281730582950e+00
5.127344360293336401e+00
1.210836349867412620e+00
2.184511840968523799e+00
2.199109968126318648e+00
2.882963931673196978e+00
1.352869685111494524e+00
5.385652650955348619e+00
2.304012962617664861e+00
5.455410254369345679e+00
3.338525403087686083e+00
3.455275007531827036e+00
3.348443821759910843e+00
2.772163642818287421e+00
6.978842711527912357e+00
4.773443174466475369e+00
2.571723703950615558e+00
6.438652738195217218e+00
1.694999577901784793e+00
3.265243999300810440e+00
1.551215227215809289e+00
4.654096463908398817e+00
2.366994266218203968e+00
5.502269754261738477e+00
2.137014929704290633e+00
1.905602292809079001e+00
5.494612216871036736e+00
5.424120804914031702e+00
1.091375924481571946e+00
4.822121185193611326e-01
4.251818594528836148e-01
5.347702062843591619e+00
5.382338631183761102e+00
2.686650397483500541e+00
9.126167145678740766e+00
6.581440504187509255e+00
2.253415704792841812e+00
5.657891558540172561e+00
5.650466472480441205e+00
3.400415619943554013e+00
5.947470179184167982e+00
5.220429082064727666e+00
1.284859801191098327e+00
2.678692038575105627e+00
3.389444858585645370e+00
4.384393758760967152e+00
5.129688703192236687e+00
1.783280531244246125e+00
7.415320395691266109e-01
6.126647650618364693e+00
7.631231920848241757e+00
8.137402813904309751e-01
2.763738001111248455e+00
3.520425589873426020e+00
6.802933152794680138e-01
1.320604524575523353e+00
6.537824208938380899e+00
1.603872574451210564e+00
4.862621521720146944e+00
5.633948751266264487e+00
1.455194633096574597e+00
1.572555247608227846e+00
5.019149524983910204e+00
9.995918109344322788e-01
5.903773466274269133e+00
1.268593399749728290e+00
2.757405388729485818e+00
2.029788439359050400e+00
1.989396618083730361e+00
1.977422951570011467e+00
3.309025854219138196e+00
2.683800405898920438e+00
2.738760540337452642e+00
5.769892933243939481e+00
9.353194212505372418e-01
8.236328205801134672e+00
2.253615454710541588e+00
3.886967956227605825e+00
2.468375005024733504e+00
2.528564859577072443e+00
3.418392030693965467e+00
4.639332683434955307e+00
5.748664238997125864e+00
1.034801803913110607e+00
1.064378691759132467e+00
4.797756567689851259e+00
2.638149842803178657e+00
3.751173483995703606e+00
9.214751490209379670e-01
6.988522668392109338e+00
2.751797713593095995e+00
6.919144363689926358e-01
4.560404281571153184e+00
1.032882955819990123e+00
5.172911437973599647e-01
6.744583757168525651e+00
2.992086915933840352e+00
5.324446919933405908e+00
5.556466449188717682e+00
9.709401112804834089e-01
1.826867725073087589e+00
1.963406010717428485e+00
1.162333675795498511e+00
1.655091776283399430e+00
5.549582361960400334e+00
1.841647884162477267e+00
2.248970629567693891e+00
3.217305931560201504e+00
4.420204509346381094e+00
1.401392109065883407e+00
1.111086201828331621e+00
2.100016318992102171e+00
2.078306948819304889e+00
2.341346010272956857e+00
3.491255423980822226e+00
4.628197925853606343e+00
5.219329378096563055e+00
1.129282486840303301e+00
1.127228240767764955e+00
5.452748663352123160e+00
6.511637446051405931e-01
5.998262202514314190e+00
5.873602456331305177e+00
8.027616773533482686e+00
2.355607741230634655e+00
3.250882547744080586e+00
4.108197544992249206e-01
4.022892037591793368e+00
6.750858959522268776e+00
1.283520302825758908e+00
2.716729217353143877e+00
1.968499419312152554e+00
8.116350477701591570e-01
3.110651698214345617e-01
1.148076992301828581e+00
2.264185318204035458e+00
4.235444003239923205e+00
2.643622435817736704e+00
1.130110701232228676e+00
4.746223078523320815e+00
8.034839713717479626e+00
4.893541687519442185e+00
5.928675131626818917e+00
2.407798771233825796e+00
5.829271996079861573e+00
5.536325065290392367e+00
1.969084974718541492e+00
2.854659612294923932e+00
3.622444270181084391e+00
5.162665138912806206e+00
8.063786953139050695e+00
3.587678620074081337e+00
9.426847437866765489e-01
4.449121356076854994e+00
1.368517579969236397e+00
7.349595013278854339e+00
7.546236612664611876e+00
5.982177922170618167e+00
9.518842273083941707e-01
8.916660359880179243e+00
2.257689758715965223e+00
4.853887768953241810e+00
2.514035072813710858e+00
3.009528093482451983e+00
1.523824882939357028e+00
6.407042041866805704e+00
4.468445779704873111e+00
3.403050257406134538e+00
1.487887852590308757e+00
2.463839804335010264e+00
2.399350835421053763e+00
9.701834708829224496e-01
3.639251253973473599e+00
3.425471730378714774e+00
3.360785185407020315e+00
2.675577933151743526e+00
1.567702101010371774e+00
3.641961777237922693e+00
2.920376274135374928e+00
3.685850849441345556e+00
1.704566845910399975e+00
2.581606565149349830e+00
5.700466549480104561e+00
3.776454103865379164e+00
5.859836085737404332e-01
4.489134118852661892e+00
5.364335012884025033e+00
1.616849944787986937e+00
3.264858797923257949e+00
6.512623438023616096e+00
6.682646649502352876e-01
5.400931365073705415e+00
5.511194551913223272e+00
6.278812799444952297e+00
7.179514163566460994e+00
1.797438287110611155e+00
1.816606224045512308e+00
5.215718815693539234e+00
3.769114079261642658e+00
1.520573345917157093e+00
1.971276860702825484e+00
4.100061830802212093e+00
3.733166820133861474e+00
5.775352932694812758e+00
2.413625863890433987e+00
3.883385548658555120e+00
6.071171543818367766e+00
4.908524875722100944e+00
7.094540816820493312e+00
5.808010386079015541e-01
5.948415540271223101e+00
3.062097592674812851e+00
7.743676263087150069e+00
5.910387302873867377e+00
1.765922453835727213e+00
4.907330090883528229e+00
4.472246658473058467e+00
6.419070982940784376e+00
2.629251751521795466e+00
4.947125037004891368e+00
3.017759752986583610e+00
2.254388170588438989e+00
3.837703446422038311e+00
4.579120562466780342e+00
6.192122347343508970e+00
2.426135790655417068e+00
1.989706275215740394e+00
2.783374828839921822e+00
4.127117691812517641e+00
4.092851287734216470e+00
9.228926727646070916e+00
7.644871739560058499e-01
2.395193798712739852e+00
2.792537752044068622e+00
9.364622595174380004e-01
1.211420613605859620e+00
5.032646592426935683e+00
1.146975830124210560e+00
3.076287052451716519e+00
6.463440613112327426e+00
5.774493497107827444e+00
2.518895575089187933e+00
9.818391440814286497e+00
1.179142712514172908e+00
3.236743501515932042e+00
1.241348066356031232e+00
1.793081207289351164e+00
2.308259465625627893e+00
5.818289231844392617e+00
3.860646496162195795e+00
2.250674470895606127e+00
1.763549216595448277e+00
6.694397802087746818e+00
5.422034950917665519e+00
2.464356799509420881e+00
1.226194313270497549e+00
6.423102929360141822e+00
3.220649279655086072e+00
3.495895256986512045e+00
1.034011118668410445e+00
6.562330976963820284e+00
1.930950463919339999e+00
1.440729505634527285e+00
2.367352969687522624e+00
3.141654014248364213e+00
5.306065708402812220e+00
7.122117626919131084e-01
5.892240121970703903e+00
3.031830783221571401e+00
2.642068582359995421e+00
1.019598181629256972e+00
1.693864883753482431e+00
2.930278802223604373e+00
6.389853299505884543e+00
2.901345738146543951e+00
2.810582489214960678e+00
4.277766109400958250e+00
2.658492528874042193e+00
6.978769100846918150e+00
1.280229803374954622e+00
3.876321294303247011e+00
1.332247028635028974e+00
5.821434252463779657e+00
1.006489909190491527e+00
2.142862669174135704e+00
1.504888949020626976e+00
5.983228878773428683e+00
4.529833802060606596e-01
1.506284541759379536e+00
1.042308607130212472e+01
2.039749760437357118e+00
3.755534735657028556e+00
6.117320814194387779e+00
1.774368852500346039e+00
1.718672881679273790e+00
2.143966917516035409e+00
3.985691854330899897e+00
1.615399487715856619e+00
6.577775425046098690e+00
2.375831447779908956e+00
2.008718516251248865e+00
1.976555725899303617e+00
4.769437631220953655e+00
1.221351217444690107e+00
2.429430722389343433e+00
1.730042629706009638e+00
1.153106303974354541e+00
7.142978046817219706e+00
6.465561741535180929e+00
1.323089272546172479e+00
2.056227537420943996e+00
1.707868862653795228e+00
2.026061282013232212e+00
5.543866252775688785e+00
1.281301274371369869e+00
3.041689901505686411e+00
8.874827312045233674e-01
2.402298631399013118e+00
1.091524636022106254e+00
2.242854677782486039e+00
2.913206429392436014e+00
3.364216492908310929e+00
2.621703203911018409e+00
5.019786794140065567e+00
5.996233017684946986e+00
7.442996988937546021e+00
4.098867112644225763e+00
1.754933299324532570e+00
6.045066104321858091e+00
1.075230526906817641e+00
2.237403201626474214e+00
1.087257799604848696e+00
4.773347860978507384e+00
1.434533139800542534e+00
6.584413226972052335e+00
1.692874538564937303e+00
5.478620701236403434e+00
1.919334337493167064e+00
1.711985839805328036e+00
1.439999894929549162e+00
1.332672839575531176e+00
5.709876567297732741e+00
6.979505438938321760e+00
1.948021791975143691e+00
6.201699543877936094e+00
2.329847182718192133e+00
7.371682246263466354e+00
3.283590013083950154e+00
2.203378125449099389e+00
1.921979924096907322e+00
1.238096981433009613e+00
2.060850364190789819e+00
1.343590740847456777e+00
4.155402140805839473e+00
3.035153210602368201e+00
2.494090870524907633e+00
3.153050558263821301e+00
2.597481309237897218e+00
1.385726327126247659e+00
1.535034985306013899e+00
6.452713589836486463e+00
5.895470741709082141e+00
6.976950206157269463e+00
5.738264081422515872e+00
2.984573739041501472e+00
2.610001581807968929e+00
5.518675406976001341e+00
2.288256276277595980e+00
3.547364682707258687e+00
1.748948162304778453e+00
2.845288840866415647e+00
4.358234650641114705e+00
2.409070790970162967e+00
3.130490850496574939e+00
7.089014607358320674e+00
6.119395037156418304e+00
3.477712876930502794e+00
6.525658795351402475e+00
3.271355018934378744e+00
1.459795067566168392e+00
1.360831676983848215e+00
2.931202247545102058e+00
6.631821930084790040e+00
1.365146272412533834e+00
5.791448652862596802e+00
1.406891864387716851e+00
3.138089784375200253e+00
5.866216915714621116e+00
3.113072631704284277e+00
3.218057403391806126e+00
1.084664417350101218e+00
1.812547109525151967e+00
4.495222088782414360e+00
1.075594199274461538e+01
4.501659961667625609e+00
5.634975719657902893e+00
1.877888495363622123e+00
1.830589937490212371e+00
1.962755056036012968e+00
6.231394091710986238e+00
1.817762485040310239e+00
5.272984929153678557e+00
1.958568191858906848e+00
1.598930546461579061e+00
7.222831848262654120e+00
6.458548479842006529e+00
3.246823115214212851e+00
1.797938921460984885e+00
1.201692789918674675e+00
2.235807805779671309e+00
3.087361313082544800e+00
2.413945510836491781e+00
4.006152606155151119e+00
1.103442566914388800e+00
9.449832371758107863e-01
3.511970384808622114e+00
1.494010917519516646e+00
2.526980291130897616e+00
1.434547590946640749e+00
5.049151407194616858e+00
7.161342126190350932e+00
3.785804733133213418e+00
3.699388632213567618e+00
3.533722232644147532e+00
1.458124287439960032e+00
4.135362433397413717e+00
1.659345878348627679e+00
6.791938571070375907e+00
1.985553518891394642e+00
8.562784930825788621e+00
2.237277697435360757e+00
2.359889889735289792e+00
2.243173896721774252e+00
3.246913406008466119e+00
3.357511267512482966e+00
2.214466219810153902e+00
5.282580457063131618e+00
1.730460308539003123e+00
1.626558446351413334e+00
6.281430784685986701e+00
1.565102218875411122e+00
4.336587941501295895e-01
5.692086851986037033e+00
6.385562299037866874e-01
2.243451635719258430e+00
3.413505414715897857e+00
4.434534992773114581e+00
2.391458411538816886e+00
4.163681372899496580e+00
3.601609607679786329e+00
1.070103478813193298e+01
5.847355228693874807e+00
3.456027389789833482e+00
3.279192560580363125e+00
1.711358659686732508e+00
7.211169038244794605e-01
9.226878463131516384e+00
4.883848189773546400e-01
2.367181571376222760e+00
7.422751834625848311e+00
8.352594132590507314e-01
2.886775294090841104e+00
4.756104433936126696e+00
4.612884185031786544e+00
5.989929228575078257e-01
1.085633503622220442e+00
3.798047875760882874e+00
9.108515018058872537e-01
4.511786103760179856e+00
1.257061261097326410e+00
1.424432320590608425e+00
2.598090757316758648e+00
1.627091860365021292e+00
6.301748863970705328e-01
5.685446239309499994e+00
1.495086891050046107e+00
5.816832432597651703e+00
5.052419267315967133e+00
4.099126716746919641e+00
9.061113883999336593e+00
1.530977579677212930e+00
3.213200321457204023e+00
9.130950489113380808e-01
5.758480278838391531e-01
6.317072753279479258e+00
5.191550521518502492e+00
4.466712015791061141e+00
2.140453422730062005e+00
2.102821010393120194e+00
6.694822988498031258e+00
1.421458453696779367e+00
1.802683855842093230e+00
8.080499743908891030e-01
3.419387261418254109e-01
5.433798789126810469e+00
5.593106711781518747e+00
6.649582724449625282e-01
2.217808138834179932e+00
1.287858630978892638e+00
1.767991649016125821e+00
1.189082726152793867e+00
6.028810049025680406e+00
5.921849088664414840e-01
2.329910632434462059e+00
1.548576350747368657e+00
2.431203341427979225e+00
4.080066438351929392e+00
2.030526482736757732e+00
5.007054561875863286e+00
3.903543605346490253e+00
3.423587886760244725e+00
5.782567513073191279e+00
2.041261585585044891e+00
1.010786621270455932e+00
3.002229799366502583e+00
9.538251203834784420e-01
1.636116759929383990e+00
2.173668335801395735e+00
4.435379831913256687e+00
1.402779011507877316e+00
8.465547069476768716e-01
3.012528688933628906e+00
6.454537936581796309e+00
3.940889456989069561e+00
9.969066247978489725e-01
2.716840744150347486e+00
9.562720209325086262e-01
1.064681966629261511e+00
2.252568335679955958e+00
3.463052794934316836e+00
6.097359446072443845e+00
8.159082925420946708e+00
3.345809478009742044e+00
5.149456860709745953e+00
2.494256779931615320e+00
2.718772665655253107e+00
6.130004851582125269e+00
3.811842299810051848e+00
7.669677740631711593e+00
2.920400219932981045e+00
2.266894219589217663e+00
1.400359043155889882e+00
6.666441894303608562e-01
1.596877041655087925e+00
1.101709845391682485e+00
9.893786730465982115e-01
2.184079978533751909e+00
5.295782209028039311e+00
2.738245759310664162e+00
2.209350150260943835e+00
1.221846995539177305e+00
2.676935311359454950e+00
3.686896314203946812e+00
6.639876571270225680e-01
2.744643696039124947e+00
3.885635197713131816e+00
4.100118555012563171e+00
8.673706072121460053e+00
1.497347560815633249e+00
2.503843057218273938e+00
1.210568696566987290e+00
5.028066514139702958e-01
2.483875716465123062e+00
3.510432807525070587e+00
1.438810196820923482e+00
3.085101556382538135e+00
2.444722970154636243e+00
3.819907138366636978e+00
7.997663161644159580e+00
5.133147179412905103e+00
1.586420398798542797e+00
1.237132086506945949e+00
9.695688845313378268e-01
5.564975328251841269e+00
5.893659555887499124e+00
1.439304156944053004e+00
3.437162928330365741e+00
1.399294383838772804e+00
5.924950573010431931e+00
2.660315841339336185e+00
5.452332847395743087e+00
7.587167592452598974e+00
2.139555515051065004e+00
3.433194194849436442e+00
7.164013516481226418e+00
6.304950704245893434e+00
8.304883861991758209e+00
3.154919337794217515e+00
3.300384645506182046e+00
2.130286047819572204e+00
1.433791270968285625e+00
1.517326235283720681e+00
1.127510074375375027e+01
2.472995667476170389e+00
5.930099303479312134e+00
4.238405527592959743e+00
2.901378023018298169e+00
4.325576747830441882e+00
2.239097007201086953e+00
2.819887078813040571e+00
4.831102388106619294e+00
1.630297315118911738e+00
1.920803528421410222e+00
3.417067904413536805e+00
3.150188341441500395e+00
8.210994553801281626e+00
2.400549914332713808e+00
6.410808889897223750e-01
3.511190546084768549e+00
6.300429008695888733e+00
2.599684880229827133e+00
2.148387692319101205e+00
2.489514056343678394e+00
2.320047952489278753e+00
1.816747800701820958e+00
8.046804251806301878e+00
3.085924512154643473e+00
2.574747347405814679e+00
5.831434351635644830e+00
3.257692072523324711e+00
1.426104128780472324e+00
1.772701649874305119e+00
2.216099342165424702e+00
2.875771696839825697e+00
2.877896408351805935e+00
5.830997380078445147e+00
7.516250394751216035e+00
5.013204640774154619e+00
5.533016839544016463e+00
3.325661427830998829e+00
1.592825556943521459e+00
5.479107047959551835e+00
5.522748531171877140e+00
3.701006295974851312e+00
1.514765097023424767e+00
5.981224140328205152e+00
7.803498075729928818e-01
3.374442007012837141e+00
1.692049857937972579e+00
1.699676205173851207e+00
5.670798311786548140e+00
8.823406666591695480e-01
5.761453645274738022e+00
2.287028477877186550e+00
1.434964431943992258e+00
2.084057911569720645e+00
2.275926952896139444e+00
2.627414811198439004e+00
6.825618531146666612e+00
1.354766503128507882e+00
2.939063414708027899e+00
4.245202523035126241e+00
2.809649981173890865e+00
3.895059651583204108e+00
2.504332104169378237e+00
1.515267498895101150e+00
6.687612035347235917e+00
6.169961981202739310e+00
5.094974518101263783e+00
4.682270332580174887e+00
1.343240725645754363e+00
7.000613642858192875e+00
6.171396811779936264e+00
3.630935111950013283e-01
4.844305042321165544e+00
4.971803085475655415e+00
2.147677095677217984e+00
2.858442359640398056e+00
1.910392687229256703e+00
2.112837562521267643e+00
4.693421209892826518e+00
4.331421903264254247e+00
1.642065478717052995e+00
5.723238905106462049e+00
1.782029267889357227e+00
5.635015598350995525e+00
1.875993833863831117e+00
7.380228876100242141e-01
4.116761023748076731e+00
1.278982775064060107e+00
4.557628682615566973e+00
1.050417737239881522e+00
8.441179332354867171e+00
2.425119790784111551e+00
1.340377663004393316e+00
2.679501720310383472e+00
6.318965363571952487e+00
4.892649735291189295e+00
2.049218193437132296e+00
4.645571964953806976e+00
1.378651169392471942e+01
7.767823507770198477e-01
2.343807640875736897e+00
1.956231058444354076e+00
1.193202500588410153e+00
1.626987323427852683e+00
1.287988694287308444e+00
2.116863701711337864e+00
4.009525940433885438e+00
3.257718629186783232e+00
1.572686884674157071e+00
4.684758386045626111e+00
4.406118951870385825e-01
2.129294683639690433e+00
5.786220905073425236e+00
2.763783262239259741e+00
2.118985108271121298e+00
7.042007329051696018e+00
3.032894684041009814e+00
4.211307080128535496e+00
5.703297751630195478e+00
1.578664895230693199e+00
6.669672881594148173e+00
3.166068792505811746e+00
2.958954043283580582e+00
1.509468321077018782e+00
1.620205647259016279e+00
4.578617236888828934e+00
7.179688900055168688e+00
2.908133225788082310e+00
2.159371965590588527e+00
3.937848503405793732e+00
5.862955277354232386e+00
2.557593919697987328e+00
1.391109945734877229e+00
4.749993392770853085e+00
6.018568366503026290e+00
2.605557037938833087e+00
1.550900303478522702e+00
5.189850399477190734e+00
5.675815033820202693e+00
6.561444506659316112e+00
2.065280737211015349e+00
8.310407189841660269e+00
5.846607809483888474e+00
5.769234726121063694e+00
2.220167547205473380e+00
7.204187879325738564e+00
3.644383244017890267e+00
3.998301659463026625e-01
5.117680842166030253e+00
2.577956660813542467e+00
1.925273363429435225e+00
6.453233554378541292e+00
2.509597450644165839e+00
6.665892554362491396e+00
5.510499415380773591e+00
2.066763365294692179e+00
6.085693138922249723e+00
1.531162369166748416e+00
5.432082396240391908e+00
3.900651819997054570e+00
2.226664221372212094e+00
6.316652944919916024e+00
2.317493174216441076e+00
9.819851348554700099e-01
7.125732587371234050e-01
9.108994636254080790e-01
4.229784087796936376e+00
1.781497670508676689e+00
5.946722700788732219e+00
3.042875383556268853e-01
2.763350293803241264e+00
1.050525052427248029e+00
3.206815059482282404e+00
5.266535119892612471e+00
9.503525285340840290e-01
8.814321030224109066e+00
3.143296313794306851e+00
8.833297135388050947e+00
5.340900302857090054e+00
2.762982522697007060e+00
1.591763899911450952e+00
1.937847066256056294e+00
1.115915925875724080e+00
6.107857676053505713e+00
1.111789953069568959e+00
3.530026007534035504e+00
3.359235895286686979e+00
1.004651713457664242e+00
1.055473218579003891e+00
6.205701739892848678e+00
1.220516222459446576e+00
2.449560937966516416e+00
2.331258450715449015e+00
4.427257700408604002e+00
6.845551061209811827e+00
1.281707050179302199e+00
4.332240016060302956e+00
2.514421307003962713e+00
7.963483496704328424e+00
3.310509770658800033e+00
1.019054368692245305e+00
2.262022151800530789e+00
1.925400431416905089e+00
9.458003802753829348e-01
1.108507963153221532e+00
7.159021631415622089e+00
4.764565429585895018e+00
3.241676613938266005e+00
9.871756414446959393e-01
6.270657880172985088e+00
6.457241091025580637e-01
7.635277078925533090e+00
3.610499845726343082e+00
1.655220217057017829e+00
1.475427718661504572e+00
2.911442809621090255e+00
1.755881471030977359e+00
1.781462048617413307e+00
4.895369699742592728e-01
1.587464946544240973e+00
1.212153681239803049e+00
1.862008524756995520e+00
2.148067814008212117e+00
7.985669102850350143e-01
1.921978531955673031e+00
2.925538024778003621e+00
1.114492282938767609e+01
3.771892419625983983e+00
4.900317337372947613e+00
3.183864830152488778e+00
2.519996021598938096e+00
2.520560009830768333e+00
5.677053423481521754e-01
1.578047009345326712e+00
6.985491292799307139e+00
1.347203868061364052e+00
5.830513854430179332e-01
1.158030466495977517e+00
1.100654005534809521e+00
7.049505688236151535e+00
3.218508057413735468e+00
1.656638995264527958e+00
2.758698046450386521e+00
8.980969257515625248e-01
1.120453950901430629e+00
1.670505975779733809e+00
3.813072632292650255e+00
9.359206499389902234e+00
6.604813778453108020e-01
2.553652585656094320e+00
2.983200523727618680e+00
1.915449772805247974e+00
1.435607471605047314e+00
6.461712829642499045e+00
5.659886708150602352e+00
5.768106299888709820e+00
2.185892579547194181e+00
1.577523928144917376e+00
1.885587360060427597e+00
5.446356200605902309e+00
7.300320719911923106e+00
1.527667880537221912e+00
2.467235792059185862e+00
4.470458773628386062e+00
2.036119354206116672e+00
3.056940713353693440e+00
1.533701610215725708e+00
5.577764604129183290e+00
1.195504913647776002e+00
4.201959137910311171e+00
1.952081023322177256e+00
2.072282397825935263e+00
7.632185344477679045e+00
1.636968622241327553e+00
4.298345283616453294e+00
7.350227764613428416e-01
7.258353833786165055e+00
5.948125137396998774e+00
1.501465372889254191e+00
3.129749354614810297e+00
4.963464428109536364e-01
2.160025137452154187e+00
5.075153351475692354e+00
2.718463292644904605e+00
1.976669771552778121e+00
6.501067124734308811e-01
2.283389358484221976e+00
5.994657913853893128e+00
1.856999194465592806e+00
1.975749916285209018e+00
1.289690087913985872e+00
1.045889545016698063e+00
1.183790490370991710e+00
9.727687146664610873e-01
2.794350204758034195e+00
6.793362371593169691e+00
6.295624779197222409e+00
1.199065210877393373e+00
5.726948597624008208e+00
1.899976292776293540e+00
1.319181200076734006e+00
3.348398231974047512e+00
5.929538051080982086e+00
6.273456447955669368e+00
4.102342006267072350e+00
5.368413150844658865e+00
3.296461526949729492e+00
3.770467109358969893e+00
4.027781097174355729e+00
1.436587439109560771e+00
6.082968863723653641e+00
4.610535624619714667e+00
4.733890747297517798e+00
2.544220221815547855e+00
1.292226202487778419e+00
1.270749349139022932e+00
3.010339423901922995e+00
5.279012426202233321e+00
5.522569558673884771e+00
5.786836184160477181e+00
3.792727395234686050e+00
1.309341261380920551e+00
2.196689894900623496e+00
3.796243309685412903e+00
1.871486267712885176e+00
8.162472661244063454e-01
4.945021315293632647e+00
4.242836254033504062e+00
6.345934529773293420e+00
4.224380982242842641e+00
1.253048874237802757e+00
2.799313072420151816e+00
5.579299509330842843e-01
5.729788784771355559e+00
2.412943765295641807e+00
6.076385270613736012e+00
1.489115335842017052e+00
7.670321751159588919e-01
3.440519844748012979e+00
1.849206093158276110e+00
9.885787967541419530e-01
5.192428231569174102e+00
5.264974733853780897e+00
1.961071391196899549e+00
1.011805812076965161e+01
6.723899001457748881e+00
9.580050297450526386e-01
1.334244822145610021e+00
7.413252528560442478e+00
2.368955731135357290e+00
2.290817652469327559e+00
2.242099250461351723e+00
4.820097216307377863e+00
1.547276072590576090e+00
1.664808418059147144e+00
1.655570148526978480e+00
5.830398916598630521e+00
7.747674229759361708e+00
5.446814736603308837e+00
4.512967206698105471e+00
3.144901781713270505e+00
2.874006813492851364e+00
5.047223115137396299e+00
5.490516408380949898e+00
3.133850352985087184e+00
3.161022551048744411e+00
2.775690245506626574e+00
4.163600184264298676e+00
5.586020993758085140e+00
2.218402916402344438e+00
5.433990553114581346e+00
1.005105102640525772e+00
3.716758753725516673e+00
3.123351510084259264e+00
3.645170145505247206e+00
1.336435872268617819e+00
8.284679926816956197e+00
3.070244010996749928e-01
6.018660235669033298e+00
1.346830933052627133e+00
7.502767186961653012e-01
2.264643923464944031e+00
1.749740605312011033e+00
5.960630462510534411e-01
1.569615708003607502e+00
8.267891096660590078e-01
2.024975852640265916e+00
6.181974280988654868e+00
1.153086275075456912e+00
1.873201621930533411e+00
1.286820931837375115e+00
3.057861618674655002e+00
6.563402534798446375e+00
6.034421288071469824e+00
3.971042611682924051e+00
1.509554594760245561e+00
7.081601599877414444e+00
7.894193081357633979e+00
2.545388753784306513e+00
4.129780777162997296e+00
4.984873190814070654e+00
2.762252641982399393e+00
6.091940819452994482e+00
5.960071649294182983e+00
6.457919616208911862e+00
6.851427297250058501e+00
1.732388494044966309e+00
2.757398310319389978e+00
8.276970675348634954e-01
5.194375097802266694e+00
1.573424738691501235e+00
2.016152839055151080e+00
1.448043156628885830e+00
9.303565307664620754e-01
3.833831293330386192e+00
9.275224275825365572e-01
4.578059691390460095e+00
2.069486977064594502e+00
1.205115609425174661e+01
2.637865280089597864e+00
1.230143011935763919e+00
3.606957446823932933e+00
7.363209043384262742e+00
5.736281155870476489e+00
1.068399118414553595e+00
1.573682467394472706e+00
6.201866519766118913e+00
6.463660305839630027e+00
7.789331523419539272e-01
2.161156064404922361e+00
2.293412774427563861e+00
4.099076714451903136e+00
3.671570759625532254e+00
5.224726451157725826e+00
1.266841002716672548e+01
1.237904907361089268e+00
1.375546578708294887e-01
2.227602217520200600e+00
4.678029138252660424e+00
3.304263236563359740e+00
7.479673756456653999e-01
1.732600856940572198e+00
4.285795366931028916e+00
7.778665688042528892e+00
2.624814872550759848e+00
6.487283149246565017e+00
4.874947091437738855e+00
3.283685883109858761e+00
3.733839361376780186e+00
2.760619020142820901e+00
6.936232279016433466e+00
3.497151695826556494e+00
6.837606925565887117e+00
2.249344384133225905e+00
3.704985528920995197e+00
2.616538763769109099e+00
1.170929277210033037e+00
2.268287785640931808e+00
2.355102196128182168e+00
3.511399734836603836e-01
2.001129255526933548e+00
5.691360369033020561e-01
4.458674775955896230e+00
4.183680218469618239e+00
2.251014888304069927e+00
4.355906239601216257e+00
3.048457490550400273e+00
2.766937354738459032e+00
2.555737627216014829e+00
6.928936030170976146e+00
3.859712984615252918e+00
9.553518491699074744e+00
2.109334422137414400e-01
1.243728262943570861e+00
6.157354028222008502e+00
5.271105202121304956e+00
6.360255406504952802e+00
2.919249126890254509e+00
3.564802548582822084e+00
1.282409865820279160e+00
1.719756694603082225e+00
2.116588206823313278e+00
5.622602599169741922e+00
9.574259705000913723e-01
5.513297077507667288e-01
5.389101952912889182e+00
6.071848944518238866e+00
2.005225195881627620e+00
8.547259267284927908e-01
8.452721504284554044e+00
4.975952025172852289e-01
1.777899639663729658e+00
2.027536671102384780e+00
6.344903347395757898e+00
1.136559137299831379e+00
1.383003541468759812e+00
3.292688683151200113e+00
2.804238587704358743e+00
1.826722600717733958e+00
2.572843419302127899e+00
4.065019778747127610e+00
2.248560633168489031e-01
4.706742258450809402e+00
7.790486139193467663e-01
1.092120182247819704e+00
1.397572536720473657e+00
1.016736897410755347e+00
1.380022208566447972e+00
5.882846142357178287e+00
2.169351797878571464e+00
3.407513468944824098e+00
5.628866610396332071e+00
2.538966525945733022e+00
2.530858506545144770e+00
4.027126617737228464e+00
5.335908517919096816e+00
5.517584958841522003e+00
6.454532390645540296e+00
1.683892706900284475e+00
2.943844502873104840e+00
4.115711563137782747e+00
6.720522999365851291e+00
8.184355134683453104e-01
2.466866351169696436e+00
4.234183460008444921e-01
1.156072976166766075e+00
5.648283082001102073e+00
2.330010421726455672e+00
1.905986494162899891e+00
2.803260541791224636e+00
4.389898999277376035e+00
3.715025637299746553e+00
1.382661443479513030e+00
3.252496378584671111e-01
4.255547830237015994e+00
2.723596089245804208e+00
1.048520955474700145e+00
6.908472764544185685e-01
3.204186849442701934e+00
3.194995599948223131e+00
2.113110825689378025e+00
5.552490528337689746e+00
1.581206751966526047e+00
5.357516811864660999e-01
1.103211520302239457e+00
7.632867886923424550e-01
1.323473335755344538e+00
5.718993991168000335e+00
2.224160527911238194e+00
1.546792321003622295e+00
7.408693031625219305e+00
3.060679340195789688e+00
4.973506642855888948e+00
2.381464606936080752e+00
1.416140288273753489e+00
4.129314426930948301e+00
5.557322740196210198e+00
1.655600999243084015e+00
3.714987699638241381e+00
2.895223341596929512e+00
3.782500964582110381e+00
3.599803339190896234e-01
2.867975708258822198e+00
2.990867090663424488e+00
2.327074978991354737e+00
3.275455152118115776e-01
2.643710089982548528e+00
1.292075176327935226e+00
3.834258838155156113e+00
2.063001303849126611e+00
2.041164612503947762e+00
5.707090507633874488e+00
2.587225959957455412e+00
1.388143510543450088e+00
1.206780167954322636e+00
4.235832189478330179e+00
2.757805095756094449e+00
7.006632865867016946e+00
3.624321932157260839e+00
4.272679656909578405e+00
4.978997786279393267e+00
2.520130264004126985e+00
1.755027457709952721e+00
3.664316818215937577e+00
6.033312466869082513e+00
7.359529043386682901e+00
9.829327516002703824e-01
1.739204273972312587e+00
6.506376607971161796e+00
5.464040858431371106e+00
3.143473655846688253e+00
3.042334308617902217e+00
3.856360308785457658e+00
8.437719107068286650e-01
2.967978600431382397e+00
3.249810498062769337e+00
2.223555282150667001e+00
3.386757447571593360e+00
1.041887208894547667e+00
9.717949465576473100e-01
2.707666012102202480e+00
5.203843922245717124e+00
2.551004482452935651e+00
1.699725737593765551e+00
3.829873069187844425e+00
5.261835022907038528e+00
2.420216923876189696e+00
2.067095260847218618e+00
1.647087945814185606e+00
2.939863869155416420e+00
6.201784554094794011e+00
7.126042999657832278e-01
4.092077559255181129e-01
5.986707068798109432e-01
6.909930042052764954e+00
1.834350812574259804e+00
1.143320701262378725e+00
1.907215251821753998e+00
1.918653009044252455e-01
1.523395063210649880e+00
2.008810082371550454e+00
9.451791873103027042e-01
2.802626921412473937e+00
9.455298779032406120e-01
3.745399311811580478e+00
1.962050330985128932e+00
5.274954866633675188e+00
4.446409874514645755e-01
1.854041203793533876e+00
2.405314311506289826e+00
1.886916608896888947e+00
2.607844643271011176e+00
1.405374163138364052e+00
1.241991476423329299e+00
7.086364806044167075e+00
1.598367423336109816e+00
5.591281176595044755e+00
1.792253917730183277e+00
1.174867300792959979e+00
5.789523709864045742e+00
3.759134735586888709e+00
1.924984162037891799e+00
1.687888856868952736e+00
2.927993226143839056e+00
3.120290088467551293e+00
4.470702345669288924e+00
3.762343113421196428e+00
1.541111442042413016e+00
4.231085595839875424e+00
3.311883954175282252e+00
3.617016991407854931e+00
2.601021412480606365e+00
2.101910381235765346e+00
2.305167863718424304e+00
3.194856286421779767e+00
3.600475055739822405e+00
6.599089047876907976e+00
1.708108597996721434e+00
6.266504685620290616e+00
1.395189364304139534e+00
5.228912185693926240e+00
2.121358885094858593e+00
7.081678380507027804e+00
1.077435545752201351e+00
2.668026183039213350e+00
3.498969825317592708e+00
2.787732560065601106e+00
2.490867854575661955e+00
2.248799106598186270e+00
8.242722670277505159e+00
1.241384556961502295e+00
2.518726125240184022e+00
4.993829834845356253e+00
5.484298219968699151e+00
5.076368208140134008e+00
1.045392040211812379e+01
3.500018018091709315e+00
2.725352875996835955e+00
9.400574023784148414e-01
9.892666427041469923e-01
1.047429931436150152e+00
2.443798528025556305e+00
5.904970548144300224e+00
3.992812958939432111e+00
2.710461576194862943e+00
3.268924291570940444e+00
2.522316460674538963e+00
4.114368837164367854e+00
1.323487055055736272e+00
3.177151594237610954e+00
7.542668560326700522e+00
2.536401916282444158e-01
1.255421529675681436e+00
2.236229331806766751e+00
9.720492552348698467e-01
3.842592010301620675e+00
6.605922007357997394e+00
1.229274525990490474e+00
1.667286566671788872e+00
7.948095873223153696e+00
1.052112498258125139e+00
3.384716164941485417e+00
5.463400056990106890e+00
6.402164624226147183e+00
7.395187529110044622e+00
2.477265485453661764e+00
5.300123246324814907e+00
3.160254790192593699e+00
3.190210085929799266e+00
7.201542240696311659e+00
5.259234496911467716e+00
5.940756556115907028e-01
2.570911741914240434e+00
5.041861763335960589e+00
1.826910199158958470e+00
4.880826518783838885e+00
2.453936967519076084e+00
3.121998605383421665e+00
6.492199687135648212e+00
5.959491417355121001e+00
4.020985085807548209e+00
3.347189163614919583e+00
5.238477435358533718e+00
4.077936979813074458e+00
5.027723747999012893e+00
6.221387388392559004e+00
1.155781876897223226e+00
3.139951463180342905e+00
1.864986331931346886e+00
2.407251738933320340e+00
5.639633963540701345e+00
2.547842577227889649e+00
4.900066675728135479e+00
1.005540594604705973e+01
2.505962353926639352e+00
6.513176440913568399e+00
5.669242276639261391e+00
9.818027945631913056e+00
8.336937734943736800e+00
1.850740112021038275e+00
4.728319023716052727e-01
2.697828673598991589e+00
1.272562244275877053e+00
3.857318023995910394e+00
3.002615590216915376e+00
1.801687830040754168e+00
7.022146078899741184e+00
1.863282391581666309e+00
2.354163162566191403e+00
2.254179727534167732e+00
2.199117691820833276e+00
7.001986215956579329e-01
2.706516352040438722e+00
5.791028704877065891e+00
2.617443199965693523e+00
6.070821162087236544e+00
6.327560220637542976e+00
3.788198458041864392e+00
2.606142920443574429e+00
3.537077869810448139e+00
2.749863154625440398e+00
3.111222232024504653e+00
4.471082172110151909e+00
2.815953341040005498e+00
5.936401001303242886e+00
8.002612541771142673e+00
4.224576211008820081e+00
6.160989749562178375e+00
1.426269532830538367e+00
2.221049491335507220e+00
4.575442956638442915e+00
1.964336097627625177e+00
3.097990485951103601e+00
6.914570584425451472e+00
1.805871807358819248e-01
6.335202686218468493e+00
1.525174582650720145e+00
6.963713469306301640e+00
2.205758652142797871e+00
8.170995462886867955e+00
3.875560203166466877e+00
4.404295877043510998e+00
7.619777830896198090e+00
3.892058946903036443e+00
1.220692151629269251e+00
1.663372344632822131e+00
1.530078361965373279e+00
3.648030300233088052e+00
1.266318797057518042e+00
2.273771234402814478e+00
1.633916146285325999e+00
5.269358031996688174e-01
2.381363484233534500e+00
3.675178857140636079e+00
2.640789482982604852e+00
5.517574365147641657e+00
5.707066093966350451e+00
1.221564185069854647e+00
4.990035448050278433e+00
5.599322446745612858e+00
2.750564882771556974e+00
1.759714999061675389e+00
6.124833138688018153e+00
2.401683428502998652e+00
1.576575625710605388e+00
4.048622140447007745e+00
1.181739272348095948e+00
3.942468231758426089e+00
1.755566419122167821e+00
1.140779604983166884e+00
2.984905919828765963e+00
1.015180926909452053e+00
1.415695029612055844e+00
6.241801505282221108e+00
5.919349752044802848e+00
8.916202511886001103e-01
9.847073856122793956e+00
6.196290043962338956e+00
2.995007342785382942e+00
7.494097929916389011e-01
3.221083932546877637e+00
2.032750131717065312e+00
3.188431138735428938e+00
7.719109807390011291e+00
3.218873186032738865e+00
1.897190316351895056e+00
5.717067911466603647e+00
2.931744025749909000e+00
5.955843281105067888e+00
8.117244088047113948e+00
6.192958715884130605e+00
1.663805205560945577e+00
1.441238440581823044e+00
6.283916723612991362e+00
5.298710885166602935e+00
1.025841466441897998e+00
1.904729203563277240e+00
5.771364925870071438e+00
6.331898197553694985e+00
5.553160484332392066e+00
4.883271209294350435e+00
2.493636819803285665e+00
9.626343587628319876e-01
2.070666680803693982e+00
2.215606249453788923e+00
6.758943596421882027e+00
4.771156574048600163e+00
1.889074362146785813e+00
2.568168713943885351e+00
2.255246062413193808e+00
2.490335542056746565e+00
2.311988362190075197e+00
1.829341343617571169e+00
5.208354529161633550e+00
2.134165237005009264e+00
2.210799752798958462e+00
2.042910490126753409e+00
4.013992159911415669e+00
4.011414368038165534e+00
4.704072858352899011e+00
9.752865889237088970e-01
4.966119083812551516e+00
1.531186672008096661e+00
2.541066477049454431e+00
1.359337489124402998e+00
2.610701053491613077e+00
7.285983490942065544e+00
5.754556473464949029e-01
4.159092868565863910e+00
2.060913718978859777e+00
7.065058887623892225e+00
1.224060450996630856e+00
6.924418967567372185e+00
5.813417887261874029e+00
5.710783791418313271e+00
4.224581521763950853e+00
1.185851893535342150e+01
1.037068209606853753e+00
1.354546398562355147e+00
4.468320701658940131e+00
2.000872616951736571e+00
5.291140953059922047e+00
2.462107504673523017e+00
7.248440492051973827e+00
2.245191830134939615e+00
8.352231740473355259e+00
1.465816910686577712e+00
7.744763130676428631e-01
3.976142106920299568e+00
1.497188371081800140e+00
4.199221018871383548e-01
3.241446799621164665e+00
6.804466404238546318e+00
2.712478725680142144e+00
3.403783963704514193e+00
8.899450642901080011e-01
1.054964761862939415e+00
9.941091430252133598e-01
2.206145764571658674e+00
2.910927322100212322e+00
1.245599910357343854e+00
5.738239952229908347e+00
7.239596831440620939e+00
4.120457593319777345e+00
2.230345176885419889e+00
6.970245456543842089e+00
2.479234722486269415e+00
1.962076519610137515e+00
1.158068823884591314e+00
1.365154292235674749e+00
3.440756346234831398e+00
5.387321991093338980e+00
6.419246501460884602e+00
2.922613585502328082e+00
6.398783428536204632e+00
2.265365963909937275e+00
5.643080016759557616e+00
5.477334490812506118e+00
5.448698833496609772e+00
2.684568587223508107e+00
6.818118706587764422e+00
1.186254463225043132e+00
9.982691106048430241e-01
5.707165595480502951e+00
3.123418435798900106e+00
7.209175096001602112e-01
3.881157964327296206e+00
2.635595644260499970e+00
2.601019078215066838e+00
1.620498950649365000e+00
5.906924498245746946e+00
5.512789806339565502e+00
4.838853698000563419e+00
6.366813473449220773e+00
1.375153063114608887e-01
9.366685814230807372e-01
1.288156373334796045e+00
5.237937038014163882e+00
2.472761837343464553e+00
1.509055052424125742e+00
1.162152122011874233e+00
5.212342747094446338e+00
3.409997161846803237e+00
7.057958470829544417e+00
2.776542515569789149e+00
1.753084177120835419e+00
3.019529959251775697e+00
3.305137750144687914e+00
4.348301635449066005e+00
4.778000361967514209e+00
1.834045898801044627e+00
4.218720454533229969e+00
7.654191774829566697e+00
3.954728520903694644e+00
1.575465842443086961e+00
2.382516123412828257e+00
2.109750027761049029e+00
1.317931685825073140e+00
6.220017753296808394e+00
3.024014418739305876e-01
3.407689091775292223e+00
5.786670602136655184e+00
2.552274017647802484e+00
2.141721447711888437e+00
2.197771174898167867e+00
5.013047066145988495e+00
5.364531436310902457e+00
6.795011892765804085e+00
3.422694733653124377e+00
2.828274552263821739e+00
6.341020724776638140e+00
5.485454325342954185e+00
4.056889331350510552e+00
9.155089572940033893e-01
5.135931045038063303e+00
1.592775070421413641e+00
4.783017498551364710e+00
5.729101209272117856e+00
4.753724812878780348e+00
6.589166152318371772e+00
3.480309180678430536e+00
7.352417094722544455e+00
2.722070071935399405e+00
3.063724424075644936e+00
1.889941921044200113e+00
8.005361147935621702e+00
4.362947049810058431e+00
5.433116627368871354e-01
3.035321250994274411e+00
3.199685491435117601e+00
8.119418578487049842e-01
3.050700511553273486e+00
8.119887507564326867e+00
4.930918956969747136e+00
1.556484410066215407e+00
1.665137549120804250e+00
5.473950981618931344e+00
4.946053973426259631e+00
1.934512954596839140e+00
4.661794484812777029e+00
5.126818733478417656e+00
4.739971351044514947e+00
4.776403937338825401e+00
5.177549833971897275e-01
4.009517031712004353e+00
9.413784200738499308e+00
4.092038293298739582e+00
1.850467386465903363e+00
5.812036019459513980e+00
2.910262466060104636e+00
7.049695382147019629e+00
7.770767829917438974e+00
2.322386411161491360e+00
1.824003239778975383e+00
5.028800085412010290e+00
2.303571730340830293e+00
3.324015663297149370e+00
5.978812334648803350e+00
1.851558934732769668e+00
5.392501047661774294e+00
6.908021031555698910e-01
2.840022396084338041e+00
3.983843290143198601e+00
8.820223219182284913e-01
5.424532297509548684e+00
2.111472432780353348e+00
3.838678139772983222e+00
7.295642939217913403e-01
1.219659373075620001e+00
2.269695099875018940e+00
2.087007172454614423e+00
4.593043176328812649e+00
4.984737398223521687e+00
5.422717945926598837e+00
1.042236510778066672e+00
5.717725066107365528e+00
7.108307714139301403e+00
2.011193789294885903e+00
2.326868499757383191e+00
1.560272316170150830e+00
3.399782393596133101e+00
4.373391936982838679e+00
1.871531532176632373e+00
7.788412861354247596e+00
2.541945032885556621e+00
1.047985661939149216e+00
5.259750470200062367e+00
3.453786858173064633e+00
3.360511325551921669e+00
1.786989391644181246e+00
5.552388553186619058e-01
2.348175927194710244e+00
5.017168178662740452e+00
5.473889201254895198e+00
5.996964037902356104e+00
4.225696071339836712e-01
3.863749464507706843e+00
1.422219407818467118e+00
3.982971688887980033e+00
8.304000517740359744e-01
8.474970254509178957e+00
1.142774844573276605e+00
6.420561495872658675e+00
1.167475251739219066e+00
6.102066029263964353e+00
6.303429419603383543e+00
3.958040627710276205e+00
1.562602814357724856e+00
4.744087607371701765e+00
4.449783156317297816e+00
9.374963487410372664e-01
6.533443727329230732e+00
1.892149590121691149e+00
5.886997163184724435e+00
4.959697396584789253e+00
2.008028314513605750e+00
4.619881233026871037e+00
8.434300228017114209e-01
2.562562107556405788e+00
2.371998623371510462e+00
3.487365854035405555e+00
5.636097045586065057e+00
6.392127556263284660e+00
3.660894194491960185e+00
5.566497953267555587e+00
2.856415944847591426e+00
7.720265347041201931e-01
2.894282904888136887e+00
3.904799078232637832e+00
5.815207334895895031e+00
2.699712311074299986e+00
2.132140048574137303e+00
3.828415074284100328e+00
2.635673757297069653e+00
3.228535101560011000e+00
1.125809162590011603e+01
1.800544354048076334e+00
6.364712398540828708e+00
4.012342213262301449e+00
2.086640812298077297e+00
2.299574281299146428e+00
1.003937463620004245e+00
1.445828401038258937e+00
6.926207723181517117e+00
6.053765367001142650e+00
7.188276311725617873e+00
4.269178027556447930e+00
1.291730351714927894e+00
2.150425409610731808e+00
4.086352073556412279e+00
5.422183471208232852e+00
6.093114398965115086e+00
1.439679643353461991e+00
6.183724938439885577e+00
6.096707197486050944e+00
5.639129704383228692e+00
4.456765523959984598e+00
4.712317386306381195e+00
2.306908247267250633e+00
7.815190804296755722e+00
2.748840932879691668e+00
5.622865301622412382e+00
2.692331618984642461e+00
7.189338699207638683e+00
5.206288900409095532e+00
3.801701331121018157e+00
1.567814132949728823e+00
4.885069255513725395e+00
1.810447959422239794e+00
3.236576778628761364e+00
4.425557987138009963e+00
7.911594242124501797e+00
1.314261188710995398e+00
5.514382572528959692e+00
7.071658601184548587e+00
3.165720787973868688e+00
5.145262170611187180e+00
6.296211853793049151e+00
4.015089352471448159e+00
3.713123919131813278e+00
2.498893876636134603e+00
4.384258452118914740e+00
4.656810007935582973e+00
5.247776301947469690e+00
3.646195250228738693e+00
6.117208330366839419e+00
1.167562087239942370e+00
5.003073656756821919e+00
1.896460872991118318e+00
1.905889768518996163e+00
7.271267322747131168e+00
2.905638625361394389e+00
1.061078697577625629e+00
1.105540063675386087e+01
1.581159802545931026e+00
7.991653640742271136e+00
4.965529406943639756e+00
3.926367891247716901e+00
5.644386877868116770e+00
3.283215656509609559e+00
1.412085879878698380e+00
5.547443376534917370e+00
2.569289472312704437e+00
2.397751826719353385e+00
3.607760689752021133e+00
5.287673533427880379e+00
9.930145085557862128e-01
5.957243189349345158e+00
1.933223397469953309e+00
1.176592927097902308e+00
2.049864065719427586e+00
1.117150547196257060e+00
2.889694685065261393e+00
1.332898169990088144e+00
6.942836578709519202e+00
5.336942998496391199e-01
1.686399957793922599e+00
6.430921468876173108e+00
3.072352159578295883e+00
2.607969011348930888e+00
5.915311606978510106e+00
2.923863726982727229e+00
5.558761496810657121e+00
1.433042327354685286e+00
5.655954900967626209e+00
2.337645351755964551e+00
6.065993859686818368e+00
6.668354560453697566e+00
2.741903068754843353e+00
3.498223066402623260e+00
3.124078290231384614e+00
3.903410808889108630e+00
4.723722468897155302e+00
1.837296128491133329e+00
2.210599292367865676e+00
3.538153899455325213e+00
2.163454614492706707e+00
2.084194936188491276e+00
2.332776937441697118e+00
6.964303708045533892e-01
1.400852463833543560e+00
5.040608727292135605e+00
4.462553644281975207e-01
7.487955715332142992e-01
2.391132266240358017e+00
6.514445885361704214e+00
3.089381626692486282e+00
1.525306555231940919e+00
3.541755132882943080e+00
7.180472314557689195e+00
5.867332487572498589e-01
1.832452287452370321e+00
3.553912987542826585e+00
1.454873613151993705e+00
1.016251897993758257e+00
1.987040629588066043e+00
1.227479056113903733e+00
1.467927355727510541e+00
1.750058381128494434e+00
1.276690480012555584e+00
2.412788226363659749e+00
2.268698180342652471e+00
2.342147591330480783e+00
3.138449569650465509e+00
3.221337082944118801e+00
6.954883835283157012e+00
4.469308746944240518e+00
1.663826258883707387e+00
1.633064814351397498e+00
1.818208151442121112e+00
1.177351145917903352e+00
2.298884742258490377e+00
4.001031972017814908e+00
1.766797902257932096e+00
4.632874044003067127e+00
1.531971257932533526e+00
8.631144892689214032e+00
2.197867503400221523e+00
4.031880456655104195e-01
2.928703856276170914e+00
3.629712358668834238e+00
3.819984147438322264e+00
7.014108145648506820e+00
6.068619457588508848e-01
2.305019574497905843e+00
5.189017416504243307e+00
3.370475635271308779e+00
7.518728579570372883e-01
5.293719386382943703e+00
1.794878564345291361e+00
3.456975941877351133e+00
6.590444048305604596e+00
1.768937475188797626e+00
3.794559058797247530e+00
6.631704448983776423e+00
5.263615310755283438e+00
8.267071386348790796e+00
2.819236191967343874e+00
4.564408413105742746e+00
5.495566463203660490e+00
5.783670522277255976e+00
2.037749382352947780e+00
3.625303721848505134e-01
2.587327283169101655e+00
1.042665803014774406e+00
5.138073576413412447e+00
4.875486019137428073e+00
1.760886516744168739e+00
9.866011385040168724e-01
1.976020320594001234e+00
3.293180808436712237e+00
1.562562481942140868e+00
1.721518851595399635e+00
2.554252953915126412e+00
2.024193192176136247e+00
1.692623316098027964e+00
1.573200852641375880e+00
1.516261781308783974e+00
4.156093547389070331e+00
3.252797582063397641e+00
4.674792980381930363e+00
5.765468925984695403e+00
9.101765595349468052e-01
3.359651867742679876e+00
1.471111260877388860e+00
5.869089730224300361e+00
2.526925655146767813e+00
1.882985452776960278e+00
5.228773259197581069e+00
6.252664230674980672e+00
6.049486370123680956e+00
8.165834071159103758e+00
4.733915514482930575e+00
1.502703843938140604e+00
6.545549516019661951e+00
1.695355652798130386e+00
2.119897303457198845e+00
9.097794920392616724e-01
4.469016737941887030e+00
3.079364922621547151e+00
8.360628681923783390e+00
3.001408601020643663e-01
6.248026210100659839e+00
2.495839848310895892e+00
4.148565544046866727e+00
3.498068489703772599e+00
6.483142154390518774e-01
1.838357600753392163e+00
2.572811576666767852e+00
2.035211379293544010e+00
6.356218956522187158e-01
2.951124880141794193e+00
1.905387321996790728e+00
5.826996128352066151e+00
8.923062885331353167e-01
5.726577445282825529e+00
5.564490018541752292e+00
1.657248855489328543e+00
3.057024615714818871e+00
2.036209353408816813e+00
1.106250294718568838e+00
2.178706096279088289e+00
5.482896610257348868e+00
9.124050627224857823e-01
2.971010874858818429e+00
6.743761347633787651e-01
1.523076047839613256e+00
1.692082678938431561e+00
1.242753947646365820e+00
2.161244474900377188e+00
5.603936084268974938e+00
7.795232469229482319e+00
7.592517579799143990e-01
2.803395053009343219e+00
5.617011760842625989e+00
1.833002483603224597e+00
7.935684389303187203e+00
2.597080527148341922e+00
3.938554961148405198e+00
4.367612275006746536e+00
2.256766491896600613e+00
1.406327898601724913e+00
1.328172651934500959e+00
7.424611290942568331e+00
3.408008041502518459e+00
1.815682022184682554e+00
8.362915589378170367e-01
7.545404478456874120e-01
3.882404414767034323e-02
1.611318977258307639e+00
6.114015742296948774e-01
6.117180985113067848e+00
1.422250275649094453e+00
2.017676358197974196e+00
6.855113387154956328e+00
2.390035386394389949e+00
4.077808448966650623e+00
4.875812913727236797e+00
7.035902657592761678e+00
4.478359767264404212e+00
5.231454703468429557e+00
2.949725678161607689e+00
2.757328566103752099e+00
1.408019458036961602e+00
3.517798069729342614e-01
1.489846051074799282e+00
5.134578855407747611e+00
1.207388379107994014e+00
1.068928267129547027e+00
2.181478957514511041e+00
6.060036949579718168e+00
4.457276935864069145e+00
8.654416590065372006e+00
3.973316328576117495e+00
3.357818764340279039e+00
5.325228408294349514e+00
1.093113752010264728e+00
2.791661067302223742e+00
5.511766354177346727e+00
1.287718711726456577e+00
5.953336860444620626e+00
3.802608710274987924e+00
4.717324992775420611e+00
2.563440697508423405e+00
3.312735757466741759e+00
4.591603334838485928e+00
5.069073316912109384e+00
1.111533069617081759e+00
5.037785145198666825e+00
2.246582652549422132e+00
5.377331995118050045e+00
1.814066678760909435e+00
2.140764656166442403e+00
1.836885443296377263e+00
2.527557173671450386e+00
6.414835236763246407e+00
5.663938734961201149e+00
7.275110223200094151e-01
2.176249853772674214e+00
4.471590716085387385e+00
5.027209154840091898e+00
6.615530173669217362e-01
8.962896644414160008e-01
2.595096981081065568e+00
4.466371270833590756e+00
1.128576546108191359e+01
6.806917890981969421e-01
2.308182851609451358e+00
1.690324264985329838e+00
4.304080523114253154e+00
5.208820663677555807e+00
4.720928647919350851e+00
3.093680362785200977e+00
3.200070584496257364e+00
1.150510255281075533e+00
8.694327724349439901e-01
5.501547534218497404e+00
3.159087494716688482e+00
1.615281829806947123e+00
1.743711146385412025e+00
3.552125643749892259e+00
1.494688683764098247e+00
1.796637482315810441e+00
1.344236925777960057e+00
5.527540931084518050e+00
4.447191304384723765e+00
1.995985334237413422e+00
3.755028846436214707e+00
2.866067844043243884e+00
1.726613152387559413e+00
9.200432808851287447e+00
8.926358571220305294e+00
9.636542869546818935e+00
3.977432834439667886e+00
4.923167902292825637e+00
2.848186497251029792e+00
1.341787326151228754e+00
2.846278577438512869e+00
2.660425711453359821e+00
2.069566767843428412e+00
1.425416724005747149e+00
1.722770618203975479e+00
1.158194939369732612e+00
2.654892844699727750e+00
6.413734151619021162e+00
6.568151179175854004e+00
7.582866228828711863e-01
5.764728982464006002e+00
1.599202342709503899e+00
5.016682743562819624e+00
3.302618182081646037e+00
2.654733994968109023e+00
1.562249493863854477e+00
4.839022223947150536e+00
2.297921561978575333e+00
2.748286115608706393e+00
3.594940720472885154e+00
1.501043560649346409e+00
1.920848416458710961e+00
6.301015289610927717e+00
2.228267607300526976e+00
3.272560095426765958e+00
7.654102693486243503e+00
2.918771953731017277e+00
1.844079125375612360e+00
5.335721706646570972e+00
2.204454982556327991e+00
1.462481993253961443e+00
2.121672737449017632e+00
1.391828555571361425e+00
5.304378550845457951e+00
5.929253900427976731e+00
1.529012995424805510e+00
5.801580603708829109e+00
3.092594179450823155e+00
7.576763622072123283e+00
1.756557782824119451e+00
4.954200384814285485e+00
8.211525872016127714e-01
6.930277097999411495e+00
3.268934006965244166e+00
6.553716275101162836e+00
3.255127196778056398e+00
6.466367555646551857e+00
4.184720760957445940e+00
4.597758987081613569e+00
3.896063211058149456e+00
2.133842878465580739e+00
2.765392299424780820e+00
6.829441581160900832e+00
5.308421494710833244e-01
5.829174051745930063e-01
2.439915672101784505e+00
4.005559946471947796e+00
1.439375729858619613e+00
2.298795099046551993e+00
4.248145374904223281e+00
2.268440037087911421e+00
1.368780737352519816e+00
1.803906756272246170e+00
2.900074691578470087e+00
9.068795401721920779e-01
2.284039810415903649e+00
3.820518165450736081e+00
1.744127592673393234e+00
1.236940121306170592e+00
6.333354886676214157e+00
2.406598823995881986e+00
1.430151905473866503e+00
1.049475488630285946e+00
7.759223528676113535e-01
4.019901073042940531e+00
7.200672332470010595e+00
2.105980795826038143e+00
5.587209144248403092e+00
7.401284023296350156e+00
6.230565264947550475e+00
2.577809687590546517e+00
2.603626219976879597e+00
5.447521601755314080e+00
1.992399566322325732e+00
6.786613535550373832e+00
1.593960830862209521e+00
3.343472856240647495e+00
2.960824147745212631e+00
3.033103854168730074e+00
3.667496589272330798e+00
2.796022463054270712e+00
5.156009525328828502e+00
6.419772839019524113e+00
1.094113988183899977e+01
2.242484523684223241e+00
1.762774062354496962e+00
1.224164415896097369e+00
1.047066974855564547e+00
1.247342850988211405e+00
4.568057180985289456e+00
7.957600556515030954e-01
3.516330880604856546e+00
9.975582172876932274e-01
8.015612291132298006e-01
4.890010470686644295e-01
1.507554316347273993e+00
7.759540872080791907e+00
8.528002736769025871e-01
4.618046136879299546e+00
2.560050007496729174e-01
3.278670791151937269e+00
1.161491983972963826e+00
6.759737673464214502e-01
2.551770450612200758e+00
2.567960048474328349e+00
6.391976688457658984e-01
3.526382566228641879e-01
1.579410950409453340e+00
6.061541253909984661e+00
7.493418185689120214e-01
5.867362821344524804e+00
1.742899030175080854e+00
2.557829438646254339e+00
1.530771019468157634e+00
5.370923426911183185e+00
1.750163352997459398e+00
5.133289182475796686e+00
1.804930009364114740e+00
1.678674677739349752e+00
8.365485585449792261e-01
1.125173569934586837e+00
3.081213654088970966e+00
1.823035992483314160e+00
2.538681470771535498e-01
3.569668418403113996e+00
5.707385489475749196e+00
4.181243784174787592e+00
5.468750997741570252e+00
4.356679916692059784e+00
7.130840483029510235e-01
6.399785324683310073e+00
7.493736308628901277e+00
5.374981051359913664e+00
1.766342341949497685e+00
2.825032933482718001e+00
3.567219207355958321e+00
7.847260258445859726e+00
8.480036977097354933e-01
9.218668257829913948e-01
1.319203166345686906e+00
2.352455260650846203e+00
2.621850818218303569e+00
1.447237471187549973e+00
2.154836903854694174e+00
2.853911211634029499e+00
2.594373563603108668e+00
6.681667060465307451e+00
2.175932466418723621e+00
6.681526182585845852e+00
6.232540473459302177e+00
5.244764590211783428e+00
8.027546838462244594e+00
3.455961227708120642e+00
1.720393833000546824e+00
1.712608386197272070e+00
5.293110070646134702e+00
1.453524511546962383e+00
2.820466533555897826e+00
5.163266440610113861e+00
1.313333701160842359e+00
2.755264577265875037e+00
6.183705965248442737e+00
2.069295972225032365e+00
3.977853776176230038e+00
8.078709174382490588e+00
3.316876645934834222e+00
2.073771154156684560e+00
7.482748518525272896e-01
6.652717370338052660e-01
4.609067775602266437e+00
4.491800672677226380e+00
2.721626676343290807e+00
4.331889883172832967e+00
1.800164031280860888e+00
5.803276735636970329e+00
2.634124523469099088e+00
1.678331533452189328e+00
8.316193778332062081e+00
1.521693847357868945e+00
1.323765753170309978e+00
5.540029733091855313e+00
2.015851430263902344e+00
2.980704896309637864e+00
6.691476630303917261e+00
8.594194838651361579e+00
1.292397857359266711e+00
2.969662048854365688e-01
1.800179882202958215e+00
5.568785032317278727e+00
5.122097155106404287e+00
3.186676406249981941e+00
2.685604021898772675e+00
6.678851022418588634e+00
3.723321976836652336e+00
6.065792603013473006e+00
1.862315478335712093e+00
2.140275292178943634e+00
7.437569460077991801e-01
1.370970540911156110e+00
1.081287087148899095e+00
1.916924872598391838e+00
2.796290563448307953e+00
2.461753683393563819e+00
2.997648554698148171e+00
1.369030778698939299e+00
5.829158368279444780e+00
2.154443030662925196e+00
5.788562468685467977e+00
2.317207350154446566e+00
2.430207341276952260e+00
2.272516954472056039e+00
2.344143270439071003e+00
4.485528878179130707e+00
2.538365180078360872e+00
2.762017642575434362e+00
2.947415056885470008e+00
8.552622590829376037e+00
1.217135120785637792e+00
6.940327066463595429e+00
4.046187736538182200e+00
1.614403003223739752e+00
7.317411442484837991e+00
2.000185421781575545e+00
2.971762286793503627e+00
1.459508353000738889e+00
1.737443338449903285e+00
6.943911770265779104e+00
2.099067776047767175e+00
5.173845496849716952e+00
4.833212380619467119e+00
7.069695657343626483e-01
1.134161977360336637e+00
2.700666605463153402e+00
3.310156431190645510e+00
5.986430783965404068e+00
2.123301848727277452e+00
2.327513818283801328e+00
9.248271246358977793e-01
3.537421707104849933e+00
3.279813874183981515e+00
6.418260934257630446e+00
9.934366451002778486e-01
1.606278111970756761e+00
3.422181047236075191e+00
1.677973219556318396e+00
5.619514829772009890e-01
5.988699169194231509e+00
4.498827850529312222e+00
1.873394421327155390e+00
1.792842073468120523e+00
5.866238032158171301e+00
2.162904999681898754e+00
5.691022794555263609e+00
2.867422021275501720e+00
1.391107936391288380e+00
2.032935943140511625e+00
1.954526823484970643e+00
8.262008810032942518e-01
2.216877558113642621e+00
3.509193577331072955e+00
5.894366663987820942e+00
1.347570046728595017e+01
1.454519593656297793e+00
4.859876117775623783e+00
3.839441013154457849e+00
3.847587640258288477e+00
9.358788585656116155e+00
1.400575806612546659e+00
8.184077712618852418e-01
9.076738429591437729e-01
5.315986197971142246e+00
1.886860579139272964e+00
3.226266966385086032e+00
5.861249567908228819e+00
3.544464289752683239e+00
5.911479318239035941e+00
1.992907563281717032e+00
1.249071686560515371e+00
2.872724059661488916e+00
3.956169574940394451e+00
1.449365203717662309e+00
4.593022648733154689e+00
3.460930637053096337e+00
6.788094713974955674e+00
1.609172088398534761e+00
6.320780454679193028e+00
2.981064317495459637e+00
1.759692569391158035e+00
8.014740714946926303e+00
1.033443133780036938e+00
6.799345765075072379e+00
2.746642671562012250e+00
1.007087885239072023e+01
2.614857627455697830e+00
3.459743884642627165e+00
5.182799674226121311e+00
5.770614712118047329e+00
3.343742387212745304e-01
1.384409229033073840e+00
2.228147351140739918e+00
2.688581558653603043e+00
3.074109671241072927e+00
3.024145600175319082e+00
4.048808340787028115e+00
8.599745716782972726e-01
1.438272657876962901e+00
2.590158532648935363e+00
4.327107571047312362e+00
1.665075886666120608e+00
2.829918102695115678e+00
2.891302105024401659e+00
2.067542124371343881e+00
1.083781703147297826e+00
4.960104809327890329e+00
5.380396811261272116e-01
6.339306948243798034e-01
3.640367109066018347e+00
2.243837413840949591e+00
9.888443502405969143e-01
5.750138926461329625e+00
9.353855705031415280e-01
1.341674383257748904e+00
2.888448688746147575e+00
1.744741454453076601e+00
1.721428922869554956e+00
2.643414112312943764e+00
1.336312318747606254e+00
2.069095490784693236e+00
2.205054761770847360e+00
7.361944253877468647e+00
4.205341595250979836e+00
7.265538249230855783e+00
6.525355766752174880e+00
1.872948893869729181e+00
3.638719025362364246e+00
2.980304717408671422e+00
5.825251453171310878e+00
4.121777957589221941e+00
1.642211699799972280e+00
6.754127939109771717e+00
3.323099576605594407e+00
2.771810959371545202e+00
4.382322200177312110e-01
8.645139790805691504e-01
2.838393701069370056e+00
2.325416096265076504e+00
9.780627293123316246e-01
5.869847982347631721e+00
1.895718173027319375e+00
2.237257613989684035e+00
5.361955176208365259e+00
1.261761124223032438e+00
2.070179596946237321e+00
6.885112101473065405e-01
3.002775198859254147e+00
5.052574709302704470e+00
6.200193348342465605e+00
7.182284958993706780e+00
5.693378331295891215e+00
1.619521029241293819e+00
2.195500297753963714e+00
8.760682174424195834e-01
5.976240955861218396e+00
2.476605882512139090e+00
5.219232537589898691e+00
1.629992582200474605e+00
1.569251130571085728e-01
6.013915064562049828e+00
1.044838057980655988e+00
3.407001793680553003e+00
6.397662414614931237e+00
4.084368896094463963e+00
1.391416004999228573e+00
6.526301084817047737e+00
2.636298214234152226e+00
2.416878061284498447e+00
1.319331207464618849e+00
6.351446878322779988e+00
5.007035297555743725e+00
2.051481880380347511e-01
4.301609880995628465e+00
5.811116244380709617e+00
5.361857983869502853e+00
3.479825523746900462e+00
5.514474857983739930e+00
1.457963132868744349e+00
6.774759630603874871e-01
5.853137891288314520e+00
5.843116258175402145e+00
1.917028088274062458e+00
5.477996144749152307e+00
6.264490231415612342e+00
2.685184140623264160e+00
3.541397414229355611e+00
1.000938261759848125e+00
8.433310978313567352e-01
3.311665448235380005e+00
1.692814482170554413e+00
4.249002914842766820e+00
2.335903729068093071e+00
6.521794015773880737e+00
1.577972256789290428e+00
6.499161080982955863e-01
9.242666651991536142e+00
1.268388967172060955e+00
3.113351396844927788e+00
1.392367764675844333e+00
5.146756345563410662e+00
3.439814984191558178e+00
3.081101767910769063e+00
1.201511789005876629e+00
1.103349585379975295e+00
2.748383838212181907e+00
1.824262931986393443e+00
9.571535632780136638e+00
6.080798154985392223e+00
1.810964484583149625e+00
4.897386224262056942e-01
1.560884785665310082e+00
3.354118153275871261e+00
4.710278371382155882e+00
1.059690865385295000e+00
6.503681256730348359e+00
4.098145810556329316e+00
1.833187664021369345e+00
5.376466047903714074e-01
7.285122200950262972e+00
1.813542257758798515e+00
3.998738722414913460e-01
4.930457609624804505e+00
2.156426407156593505e+00
5.538767669215855172e+00
5.941272871604107664e+00
2.054857445788329517e+00
1.521183588175053503e+00
3.808248796818400450e+00
3.333093961551870876e+00
6.225075607057224403e+00
8.352011443400363389e-01
3.365909015630499379e+00
3.812481023839084493e+00
3.875893319019277694e+00
6.160103515220334280e-01
9.254650043689919059e+00
5.745519464421052547e+00
3.371099418715092000e+00
7.846761302049726439e+00
1.959430466846114216e+00
4.905949941515243218e+00
4.024288278605725466e+00
9.271806226851562194e-01
1.832111607560617417e+00
4.503670646434196456e+00
7.595788294391932816e+00
1.101131352551323550e+00
5.047890138178138919e+00
2.662850663484709113e+00
7.471947449810492081e-01
3.338323024854529031e+00
9.323642926980072465e-01
4.168007014777616703e+00
5.048103898175461346e+00
2.438630533446779936e+00
5.448474766057973540e+00
1.996997333353623949e+00
4.085462449220140790e+00
6.760619458321944109e+00
1.298655610006870464e+00
5.057205292265808616e+00
3.649756824622220286e+00
3.924852174096229440e+00
1.230363366452534857e+00
2.544573135186718460e+00
7.015384742543056440e+00
1.522660022234093136e+00
1.249190187051812506e+00
6.849639168930564459e+00
1.560402026883984217e+00
2.314994184101379471e+00
8.012438280769258014e+00
1.712155466958357408e+00
2.274301633993049965e+00
3.840730696233852548e+00
7.912082394331304558e-01
4.997797419113615192e+00
2.526240102590585401e+00
5.906159640144547751e+00
1.541848967336013621e+00
2.470391661958499796e+00
5.340799092287392469e+00
3.585536946397652969e+00
4.489391230238581443e+00
1.827483502789562175e+00
2.841753630472784398e+00
5.710195143950391738e+00
5.482175658199984092e+00
2.747441025358941857e+00
1.321820764302473750e+00
5.468919323904217755e+00
4.946179010481188687e-01
2.441273355852121796e+00
9.032504592248381314e+00
2.855627360418512062e+00
6.010702633489039215e+00
5.329919543212213284e+00
3.503049146057733765e+00
2.758094224802959626e+00
6.567498987950443068e-01
9.953114162686835797e-01
3.968868934791880410e+00
5.344486712819449536e-01
3.975439793372788078e+00
4.533858725503288944e+00
1.934085517002345211e+00
6.487497842442382812e+00
3.976920995577830631e+00
1.542927736129227956e+00
3.337185519944384282e+00
3.753130878178929208e+00
3.715279037096025139e+00
1.109268889869457819e+00
2.799314000467379326e+00
2.884380709745612226e+00
2.926332835922104358e+00
6.078387491909035489e+00
4.033172359638181881e+00
5.726000456499843239e+00
3.652211777567866857e+00
3.415880817993314000e+00
5.323670859938297362e+00
6.144910835181729425e+00
4.980428539540011634e+00
1.317628760508296137e+00
1.209998377482791820e+00
7.504365322709968922e+00
4.572929372962110328e+00
3.018739163205079290e+00
5.996188229753404819e+00
1.263862182454246863e+00
3.310520767492513894e+00
1.555220337750225390e+00
3.089889083778092349e+00
6.967312800912665693e+00
5.193568915788222995e+00
5.921228138418156206e+00
5.603267868431726306e+00
1.649549458223932508e+00
1.962816250319326050e+00
1.546837004445550834e+00
6.900713212603911906e+00
3.473483064337627546e+00
3.441765317353278508e+00
1.741209440880252313e+00
1.172568025366389932e+00
3.104107542762406968e+00
5.849166547986139442e+00
1.827081596877719427e+00
3.316325034479287392e+00
1.387379928315183752e+00
1.967428927616551082e+00
5.083768816585400252e+00
2.524226860265545547e+00
2.341206962850792550e+00
1.415565546060121749e+00
3.479324460970240285e+00
8.195579323655790560e+00
1.597594337173055212e+00
1.915739594474849428e+00
4.729569934723358848e+00
6.590358405265758002e+00
2.823095932088405036e+00
4.741955416460429618e+00
1.132672012324753563e+00
2.597217072277128391e+00
7.941865170555112430e-01
2.916236885643230803e+00
3.168183264887777018e+00
1.930111134512370930e+00
2.795180508853501777e+00
2.149591118107204490e+00
6.356151166424687027e+00
6.138341515001156878e+00
2.345599317390032912e+00
8.196904945912197871e-01
1.593259003654919015e+00
1.735810393169342936e+00
5.084080989273116913e+00
7.001385966115676318e+00
6.759237236265354554e+00
5.697357674031753305e+00
3.989778181003271307e+00
1.887287734813922091e+00
6.095867375509338437e+00
5.791887349461358525e+00
2.436834782742804073e+00
2.438831520542328768e+00
1.821396256188163143e+00
5.554749717095823769e+00
2.474327258732470725e+00
5.161531336110762425e+00
2.479699694627427675e+00
2.292142407623941391e+00
1.584969241411513075e+00
2.872434812921025760e+00
4.492559962256842176e+00
5.332109284038382135e+00
1.749606292189335388e+00
3.464032599068157747e+00
2.820844617348698513e+00
3.303181211380992188e+00
8.881364340689920089e-01
4.857436832875432486e+00
1.049728044789966397e+00
5.607765010692574492e+00
1.141273397341887819e+00
1.831349836261814579e+00
4.918130502148488681e+00
4.859075764543664633e+00
8.470004649510656236e+00
3.373636871642279544e+00
6.680107143114755175e-01
5.671482910923767662e+00
2.941589831516850495e+00
5.562655363692506683e+00
5.718789611139124318e+00
6.096520383975573054e+00
6.804694718086487626e+00
4.376266126063009132e+00
9.465936225134595761e-01
3.362099001284030386e+00
1.052787187113779499e+00
5.958978303101663876e+00
3.080264645833902470e+00
5.646718783766688787e+00
1.332034464737081425e+00
2.639321451410160613e+00
2.013683219539383451e+00
1.860209107320540234e+00
1.434089175789007742e+00
4.510783035760969284e+00
9.350853576921606125e-01
3.192858760595693735e+00
6.948903889524808974e+00
2.558487012617174816e+00
3.249177428842297655e+00
2.767155076329103736e+00
2.574215028603340283e+00
3.187354108990014812e+00
1.312748681375699888e+00
2.192741764768661117e+00
1.867155110299280940e+00
9.304453292847549850e-01
5.045961047871251992e+00
3.243836281244308228e+00
1.798937545139096317e+00
1.641484369614287564e+00
1.332493508253938641e+00
1.487254459729798972e+00
9.062296981379973637e-01
7.804777468196124612e-01
1.502026194782070778e+00
2.031426116410762539e+00
2.451885641297865348e+00
3.054876758044647644e+00
3.256808881139809486e+00
6.334819791363577757e+00
3.675967865805449097e+00
4.350502856208728453e+00
2.453992388635619193e+00
3.182942992582662445e+00
1.783493164310791190e+00
5.555928262152389330e+00
6.731965463506339731e+00
7.468428556960947873e+00
6.712055174727558082e+00
5.841332110180388781e+00
6.055183773422189830e+00
5.438697904412764572e+00
3.580694511384614476e+00
6.834868967761825731e-01
1.681472169081394297e+00
4.295433140831407925e+00
2.572220612033841558e+00
4.484910214302061604e+00
7.389243909069906024e+00
6.699252499789256632e+00
1.602788647587278126e+00
3.137617045088222145e+00
3.194372010285619012e+00
1.206759384851724182e+00
3.198777815368957445e+00
5.002070304857899607e+00
3.319249186550520037e+00
3.825991796174072146e+00
3.781567775375794138e+00
1.513729859928993893e+00
9.411080019968112609e+00
6.505984034107950009e+00
6.912077826486635601e+00
2.678883351466478047e+00
2.521110321428142065e+00
1.931959414766839078e+00
1.064408088407121200e+00
6.844592967368000380e+00
7.916994460320960769e-01
2.091495808600190909e+00
4.289756491296559116e-01
2.959957644558655510e+00
6.546848108723688497e+00
2.156643040988222459e+00
4.940742589137021135e+00
3.673080014762201362e+00
2.405826822480495508e+00
4.815048636062438270e+00
2.044495797581377783e+00
6.793118884243853906e-01
1.233702052057554344e+00
1.194738911672987181e+00
8.229345347171673763e-01
9.944641956362788582e-01
3.002727880915823100e+00
9.137504024869587127e+00
7.422943561903289300e+00
4.561248839702280122e+00
4.494809576132515083e+00
1.081631247357366155e+00
2.981317951328874116e+00
1.796869362259608360e+00
2.037391057676694928e+00
5.624601693347450748e+00
3.107792033636062712e+00
1.355635768905564253e+00
1.063648910625894395e+00
1.810224782330305260e+00
5.330626115318668035e+00
2.275702728616967541e+00
4.648980159788284716e+00
2.602552915304090053e+00
3.489423770863872232e+00
5.658812439434014463e-01
4.112746370960335796e+00
1.967426323698965307e+00
9.458345931930968176e-01
3.208529184365704001e+00
6.196916247437013858e+00
5.827179435812153585e+00
5.707226450898385650e+00
5.562431091572153097e-01
3.035672813953107951e+00
2.929606380855276360e+00
1.403272090215372581e+00
3.872749033022677256e+00
6.020675097631760231e+00
2.397691900242727936e+00
2.981475306818642146e+00
4.640360127370549925e+00
3.170031266919604906e+00
7.786548045684035912e+00
8.144032014309294798e-01
2.688702746389288301e+00
1.836557749045391486e+00
5.135926134290198952e+00
2.987065343330915557e+00
4.415590012864443192e-01
5.148995940994519849e+00
5.690780181444329067e+00
5.924967998252562040e+00
1.015258114493171604e+00
1.111747313532917225e+01
2.778369624160645479e+00
2.357273661391400932e+00
9.666883226776455951e-01
2.093192730601649565e+00
3.200455193663684472e+00
4.303941446901569989e+00
5.991641627570364337e-01
3.896329492168304487e+00
5.919929972351423153e+00
8.479166757524358999e-01
1.335113523495917054e+00
1.375282239429027831e+00
7.079862713042853528e+00
2.531711685454725025e+00
8.980236997344762884e+00
7.909849507057640672e+00
5.681478006286763360e+00
1.968355757186800448e+00
5.541324430446013416e+00
8.810183827289835845e-01
5.675967353793578418e+00
2.929885837825206618e+00
1.475785811151139493e+00
2.650667365652473517e+00
5.673283656245368789e+00
2.481037074224670569e+00
2.994984672297449801e+00
2.825633248131838915e+00
5.698279123311715821e-01
6.518155831519824694e+00
1.429424802410997897e+00
2.790835692635684762e+00
6.942964172979091408e+00
3.836045209909944909e+00
3.101795717972639199e+00
5.495494997449580588e+00
1.123514251379470918e+00
8.963389473348954972e-01
3.328775943406042437e+00
9.491167422610317095e-01
1.216589866176362333e+00
3.322292874622939429e+00
4.809172136971494815e+00
2.193924119994175914e+00
5.374061352108524758e+00
1.136599954056011219e+00
4.477270486116668557e+00
2.143921459564047449e+00
2.600107924296283457e+00
5.407515650360444681e+00
5.530421475802336673e+00
1.748480428899926720e+00
4.228518706899325075e+00
1.845269505741423899e+00
1.074639274372902520e+00
5.698140816511782170e+00
3.579673724626005527e+00
3.875472154016164072e+00
4.335124960074477229e+00
5.572521234806204760e+00
5.790583095324654650e+00
1.188405247349113347e+00
1.395153105240897196e-01
2.779401241048991000e+00
3.456473522087413652e+00
1.603194660554863260e+00
1.044620203051048080e+00
1.303276459128821507e+00
6.065328616988439947e+00
1.592075403754995788e+00
3.095349733060049680e+00
2.710161396144703527e+00
5.565301155818209722e+00
2.647689206694504804e+00
1.474589657838357715e+00
2.084935360619978972e+00
4.778851478925555618e+00
4.754289512186777422e+00
2.201635761833256488e+00
5.910240962225067562e+00
5.747319460469543451e+00
3.183756341642342669e+00
3.654753932353122181e+00
2.043621621947391720e+00
2.983939572144323815e+00
2.928772817185912647e+00
5.665448237849775914e+00
4.070606552509747900e+00
3.738149815594062897e+00
2.653166770702867883e+00
4.599417915015136415e+00
3.704076597755213918e+00
2.582976952296134332e+00
1.865490754113408256e+00
6.168339089791298413e+00
3.094929288448168947e+00
5.256211830479016633e+00
2.179640626022811833e+00
1.405346470955641358e+00
3.028105422786713241e+00
5.189675961270751259e+00
1.271744187753219180e+00
6.623425508691253683e+00
7.540540228633265230e+00
2.673256587440417054e+00
7.253723247847115863e-01
2.109425299463877579e+00
1.870006750069941548e+00
6.055986384480795515e+00
5.720410139089807444e+00
9.463933064425747332e+00
3.589317090601190419e+00
3.683702500017193682e+00
4.609649049123585307e+00
1.080912152820148187e+00
3.235087743859491383e+00
8.439477113341176118e-01
4.479340634728343318e+00
4.247308473108897253e+00
2.980130426121903486e+00
5.693485201744825197e+00
1.244076323207152779e+00
4.980810705337519018e+00
7.353710597046312358e+00
2.893167656243083030e+00
5.861449806978535015e+00
2.942569939217968500e+00
1.312743356384501014e+00
2.930474383810950378e-01
2.288101556192213337e+00
1.934558085300641661e+00
1.257359000599429066e+00
2.125964665951522115e+00
1.269802060879382299e+00
1.469364973123197471e+00
4.603691587256000695e+00
8.756600145690757842e+00
1.206382317587745945e+00
1.129274603362272700e+00
4.514197191864506742e+00
4.781036810112665236e+00
2.374461959504556408e+00
2.236925069317051484e+00
5.368348114165136131e+00
6.491763367438637466e+00
3.269092159964276156e+00
1.337962603525387983e+00
2.160100815733894120e+00
7.238078503963056853e+00
5.062550098756968708e+00
1.679146480746789294e+00
4.092423582319996811e+00
1.992816708752918053e+00
1.193946797385316838e+00
7.211918322263214165e+00
3.932261895559989728e+00
3.786490626550496508e+00
6.368578896217257146e+00
2.595945337967042299e+00
1.823143292837449803e+00
3.080809211928634550e+00
7.053975329330950395e+00
3.273424197442236228e+00
2.172641881568578626e+00
8.653603074748895452e+00
2.076973567449340585e+00
3.980645307619060880e+00
6.125173070766455119e+00
4.699928057969654738e+00
2.963797638770055975e+00
2.103626460982313429e+00
2.078379463219185208e+00
2.672717518003123960e+00
3.022958068769731277e+00
1.786724568822456449e+00
2.026919478321448587e+00
4.919066704731085871e+00
1.525523456816042067e+00
4.147713708725684789e+00
3.374763446364782205e+00
4.762287653454094993e+00
2.370593246150655808e+00
3.318871061515995091e+00
4.815234529674749631e+00
7.048788064828764632e+00
1.129153025377376940e+00
1.206157080688509575e+00
1.360463850883619097e+00
2.383730313895704445e+00
2.581859612493966338e+00
3.352997306887772755e+00
1.764702659052566736e+00
5.811884528323186139e+00
5.498800771146205024e-01
8.003389571346065878e+00
6.255524474619421404e+00
1.987207336220029319e+00
3.531797984018873127e+00
4.318053920733577300e+00
1.505875884667700726e+00
1.241689660569970322e+01
1.416708708015501861e+00
9.693971042365165935e-01
4.948876012254127765e+00
5.646196765445011145e+00
1.383202596830515940e+00
1.373839269887903169e+00
1.633317585424669760e+00
3.578407097146472093e+00
3.253396823557862749e+00
3.382973018014526101e+00
8.751476009743096585e-01
4.484740623180106134e+00
1.930452280939300547e+00
2.690076911843755969e+00
1.443150220723090849e+00
3.006751765258728337e+00
1.791224560623885687e+00
3.728445533769253029e+00
1.536359399918716173e+00
9.622796166287239661e-01
5.777789423271060265e+00
2.743018004670510823e+00
1.739991262980658870e+00
6.323332634570920874e+00
4.366889811988124315e+00
3.399756803952488582e+00
2.121670640460478374e+00
3.788212867961744834e+00
7.856589516145416896e-01
6.719660183166022982e+00
3.113050595124339903e+00
5.062167172756718792e+00
7.987826335507469899e+00
1.295393526676918317e+00
1.723737986536959088e+00
1.547814215759681922e+00
5.941121531136190903e-01
2.017373417461874929e+00
4.619177826165882017e+00
1.980386140898143799e+00
5.740764824195130345e+00
5.647636137887264596e+00
2.895023482064417397e+00
9.368316362364500494e-01
2.254443550586593847e+00
2.562280697055085099e+00
4.175164254145658838e+00
6.370201098854409771e+00
9.494581279627798409e-01
3.378856522795237183e+00
2.387288843358133406e+00
1.349232046425733467e+00
6.670912810566318463e+00
6.230271418851994980e+00
2.867855269152057129e+00
2.139573016395826865e+00
1.046657452232836905e+00
2.784633539969774585e+00
2.230053882745859362e+00
4.974262579599599832e+00
3.148454019933826231e+00
2.260242587102601064e+00
2.242904419290714824e+00
6.910636875702168780e+00
3.378401744994738998e+00
2.453855850981998543e+00
6.135671051063159354e+00
8.603660612061119650e+00
2.751500774930101478e+00
4.700667239055251301e+00
6.781005661018898678e+00
1.613368957305971518e+00
4.979063707762942492e+00
5.810211885206891580e+00
2.574870758279771188e+00
4.753756211492288664e+00
6.351024333964007118e-01
4.047309118390491456e+00
3.774367278468399256e+00
7.638703418880544715e-01
4.175850095917147620e+00
2.392724308991548199e+00
1.455123043395443183e+00
2.947057725150524110e+00
2.085930497473331258e+00
3.748490666448145436e+00
2.106234291254009072e+00
4.280404315287824057e-01
9.995089867321876875e-01
2.763786451304417913e+00
1.087398786989881128e+00
6.458268658000234197e+00
3.715187467204480676e+00
4.533341926884553175e+00
1.577687770331407613e+00
2.707298537479912781e+00
2.049842860481151607e+00
4.282856625438573595e+00
3.544822457662001880e-01
6.950224892420024947e-01
2.049587488395584245e+00
1.467368393324968601e+00
3.592850615030787509e+00
1.561624517594203621e+00
8.238966215737429266e+00
8.396976768072910602e+00
5.533874273873714777e+00
6.125725821059382348e+00
5.946514012372628999e-01
5.555678047882205206e+00
4.352579181325075375e+00
5.744285975090213547e+00
2.847861771044115642e+00
4.311277565549936241e+00
5.222258994512901431e+00
4.226904211882933637e+00
2.853498820146376236e+00
9.113439211022196229e-01
3.982948075761830964e+00
4.484336395285911658e-01
1.037505077992848523e+00
2.637712067966127005e+00
3.740677569259711621e+00
5.273892658240563414e+00
1.141471346455443792e+00
2.053263736876551615e+00
2.156618333425144751e+00
4.751903440624606567e+00
2.760402282485272973e+00
3.796681378605108570e+00
5.036249000083816263e+00
1.699195823458896193e+00
6.272298137207966917e+00
3.192561758572194375e+00
3.700757291921786152e+00
2.179116527051987440e+00
4.246693464109534411e+00
2.532907146822046318e+00
2.554870793064750512e+00
5.780353735365233447e+00
3.995067204770633928e+00
7.952585227220800412e+00
2.749969042914015116e+00
2.337164653879236997e+00
5.948195776426933534e+00
6.115892733849040974e-01
5.623485418680934878e+00
9.108860785652994618e-01
6.002306002138032781e+00
7.399436585782052100e-01
2.139780741404588849e+00
1.655918260652065044e+00
6.752945719600099039e+00
3.832486022218654309e+00
3.115013591277595584e+00
2.031557183857888749e+00
2.956505161675194060e+00
5.564464722814920883e+00
2.039661887994983491e+00
4.603186476616744294e+00
1.962005685494917495e+00
4.950695937182104878e+00
3.202255191935097223e+00
5.808352682440684589e+00
4.603264953849553476e-01
3.051314586737547518e+00
1.718912110776217750e+00
7.303420514106395700e+00
1.727500014038437559e+00
1.392994976307818877e+00
1.849448987429744395e+00
3.063742835881113180e+00
7.544691942346380742e+00
4.951054021199623456e+00
7.026478061277564358e+00
1.069527065657896348e+00
7.661697856129690010e+00
4.766482022270444041e+00
3.794503667686775827e+00
2.483580503474755563e+00
1.278195021111065754e+00
1.015339003800955098e+00
6.364804427101595774e-01
6.764877580965706905e+00
1.447471332153394519e+00
1.132675249362063319e+00
2.629564751759882579e+00
1.725125246057274797e+00
1.494227713410774649e+00
1.039642791681838707e+00
4.756812330679908718e-01
6.236439355922721361e+00
3.706755307470447569e+00
3.093505297561460310e+00
3.571327858922659360e+00
2.088775501148385949e+00
1.314093226564444938e+00
6.057775588453913507e+00
3.385199777474901861e+00
5.460604079643102793e+00
5.401214849018488806e+00
1.115572197160505485e+00
5.208053400048995307e+00
3.333500317627168918e+00
3.824623714913139239e+00
3.362370691009272772e+00
8.973244495178255287e-01
5.731370015842943921e+00
2.086807766842245115e+00
1.366242634099551045e+00
5.218420741443091870e+00
9.662716309213672972e+00
1.412666977631792609e+00
3.840394459426783591e-01
3.814033532171056340e+00
4.221529216420144337e+00
6.964545683882727545e+00
2.405248158615135523e+00
2.486316941917158463e+00
4.744982780400217592e+00
2.485768304820049401e+00
4.055959465344293191e-01
6.525964568468716642e+00
3.652669292016879066e+00
3.309202571647090974e+00
2.946222393165139231e+00
5.135922015215478531e+00
5.464194093912462691e+00
3.385857229862670348e+00
2.170887674410325818e+00
1.304506893900543973e+00
8.383582242819382913e+00
4.916888130617675934e+00
3.237654644686125405e-01
3.762368802445370530e+00
5.808370380193572657e-01
1.236940680109570811e+00
3.428192189090863984e+00
5.653060166291068889e+00
3.930294205524585305e+00
4.096066859064852572e+00
4.707319460800686528e+00
2.998680626842228580e+00
4.710548468446564385e+00
6.582434855182069278e+00
5.960554000946585163e+00
3.949884666895304708e+00
4.849437819440160169e+00
9.096120035100268453e+00
3.657750747087298748e+00
5.813960472653350031e+00
1.814191422856145541e+00
2.112329955345137122e+00
2.968972923747087211e+00
2.665222610044740925e+00
1.203645197730514704e+00
7.426523972432522491e+00
1.949774909212117047e+00
2.771211747224025856e+00
3.626355292191839830e+00
1.580643224772071864e+00
6.047756566769762365e+00
1.451532618988722545e+00
2.722202304754019586e+00
4.647206369112851121e+00
5.684168622549739425e+00
1.353818997959657100e+00
3.391663584136691334e+00
6.980091105901504278e+00
9.767581984706514842e-01
1.856331854964795802e+00
3.748395130849970336e+00
4.093722562521759478e+00
6.703365857270834560e+00
1.042893835762857879e+00
5.480466664616336914e+00
6.140200395981705306e+00
7.934562716991440112e-01
1.243296160674907114e+00
2.652151205210535601e+00
2.939826063517031240e+00
1.850036445068306890e+00
4.526819281723960309e+00
2.717884711067242609e+00
4.266550044715973655e+00
6.638355061593286699e+00
3.905317108564018369e+00
6.331306140060466880e+00
2.686495272894367403e+00
4.844137270689309993e+00
3.564451373367406806e+00
6.484375555158305993e+00
2.703568206917920769e+00
2.133300452094221811e+00
2.260553251341317793e+00
4.983860851783119550e+00
1.027587755012931092e+00
7.607027737634215470e+00
2.650744129802900417e+00
1.927112984601013324e+00
3.464665653230351250e+00
2.538876916781041437e+00
2.277030115832094914e+00
1.541356278741877972e+00
8.351095017844953894e-01
2.886568463962507103e+00
4.440885677315159485e-01
2.224164247079782886e+00
1.699792924781500014e+00
2.285680019066058666e+00
2.856825452066221960e+00
6.126760602262758759e+00
8.051437368198897104e+00
5.201561756013094673e+00
1.329465484801949593e+00
7.322215099123603466e+00
1.399004105270323484e+00
2.288934077107491749e+00
1.473799680991313199e+00
2.564418496589065288e+00
3.578375383368355145e+00
4.453245636307928912e+00
4.323584059340425334e+00
5.990201652361308859e-01
6.894775886923086183e+00
2.806267858465628873e+00
4.006093171348247273e-01
1.021793277521912069e+00
5.538520226957134085e+00
2.588605285942155998e+00
4.291982411127523100e+00
2.299596355174112094e+00
1.924833692651064743e+00
2.919324175813198252e+00
2.115740240895715996e+00
2.268583124521767580e+00
3.235332622002477176e+00
6.152715135126463508e+00
4.261163344059880065e-01
3.334032049188075053e+00
1.167023768494092284e+00
3.349636823536209729e+00
5.619851004954360185e+00
3.635727153924832145e+00
1.389676696343997708e+00
6.368123459463127745e+00
1.089764342188701551e+00
5.394024583466134892e+00
4.766314941933104343e+00
7.272972991019463151e+00
4.854447753581644598e+00
5.384557501065866170e+00
6.347086372549955335e+00
1.972412287121583674e+00
4.784651865984798746e+00
5.629475326407028746e+00
1.636466647058368862e+00
6.321312455386256524e+00
6.003337974801903343e+00
3.445228711307067204e+00
8.595815525759605835e-01
5.756945493106660372e+00
2.374440562904577501e+00
1.845790437564478914e+00
8.988057581222639314e+00
1.299691484312332612e+00
6.997813660600632479e-01
2.715265525910411704e+00
1.232597115106250252e+00
1.796449648868261972e+00
3.978171110348568629e+00
1.365630357564970421e+00
1.861213241329291224e+00
2.721087672538561986e+00
4.670897009181153692e+00
1.498166702644563975e+00
1.910336056900376223e+00
2.014626704147985059e+00
3.721827791049676648e+00
1.933374305271529758e+00
2.439600068369583319e+00
1.488961679118281145e+00
6.015416408078718691e-01
1.720463649446500209e+00
2.023298134820112004e+00
4.776703990530243971e+00
6.047964620863631957e+00
1.556091179785939582e+00
5.749519737394029661e+00
5.423148756441142027e+00
6.175458104791291092e+00
8.347769957604905811e-01
7.647199186552229300e+00
2.029225073899918019e+00
3.251856962846750410e+00
2.961066035507503358e+00
2.441497071092359583e+00
6.509571263421843668e+00
8.482768693146373051e-01
2.332040760064021168e+00
4.122213282733041773e+00
2.372764563829993456e+00
3.176273067821885121e+00
7.545443865722803345e+00
3.847627011964339871e+00
8.359503347978569643e-01
6.473484341847433932e+00
6.823907843426187725e+00
4.604375750808443080e+00
4.083516094448583544e+00
6.180202042025610965e+00
1.219032193151012411e+00
1.480336740061718670e+00
2.109975036476782861e+00
3.394938285024580615e+00
6.746678936548585526e+00
3.262761832065633527e+00
1.978787900960016222e+00
5.112837484608008687e+00
1.365677645334306689e+00
6.854662796451816753e+00
7.144858393251204198e+00
6.211161587780265059e+00
1.208255695664275375e+00
4.004353719675372569e-01
1.111361396201241192e+00
3.990837174149176381e+00
1.916878587953099844e+00
5.966691407580509754e+00
6.637690968564686322e+00
3.288292447566519172e+00
2.474927794297475003e+00
8.553416207918433045e+00
4.885003598317337214e+00
2.676501238474309208e+00
9.000161103796215922e-01
7.346592916435054077e-01
1.470671542875901183e+00
3.405931733213385826e+00
1.344015697228184703e+00
5.223703078478326489e+00
6.596528324471734095e+00
1.185312942156910188e+00
2.848963719682065521e-01
4.651948256325163733e+00
1.154086135591318341e+00
1.991265775241930491e+00
2.411760492121375776e+00
2.876451393275204715e+00
4.290073864569529327e+00
1.450413315132936587e+00
9.099233888157028716e+00
2.301025874329609255e+00
3.117727204256925511e+00
2.317761120567044308e+00
7.723255956426320346e+00
2.171580508942647203e+00
6.092320784382851961e+00
3.194072467688521488e+00
5.745852589621138762e+00
6.042733013225887184e-01
4.601572100860207293e+00
2.436559112747238576e+00
6.023454350686699321e+00
1.201474554873025680e+00
4.513621853389265581e+00
6.850855158657111588e+00
6.425964340925106377e+00
2.094153519663991325e+00
1.087440044502228309e+00
5.936435997744132997e+00
1.608451925683297645e+00
3.527976844675930757e+00
1.888454882517618172e+00
6.052240434183143059e+00
2.998836472861866831e+00
2.722078524035889124e+00
8.760463771547187806e-01
5.461224548649132871e+00
1.518692452534392556e+00
8.215461048482653794e+00
5.174492854694570099e+00
1.119608475354983312e+00
2.863736983599150854e+00
1.891588665905989730e+00
3.124242123486206779e+00
3.441637443662547202e+00
1.853637873515331602e+00
5.574499189340246019e+00
1.771487257470112153e+00
5.952528750634472843e+00
1.448450346495796515e+00
1.111889698723542486e+00
3.341343605207898193e+00
4.515172561490778946e+00
1.065080663692879126e+00
1.207484291481573990e+00
1.343463096464916129e+00
7.264856635399320695e+00
2.082817089851692227e+00
1.554163679559197098e+00
2.054011534679578421e+00
1.901904965912518897e+00
1.251700751964702540e+00
1.754641779319166650e+00
2.463036469632095660e+00
9.173241119875493510e+00
1.586434879621716476e+00
2.105923094902744097e+00
2.578295047527936479e+00
3.218050634695018175e+00
2.214231272784247917e+00
6.639827046628996143e+00
5.481563834005401148e+00
1.531591590504594258e+00
4.977838481466980269e+00
2.365516094582228668e+00
2.800494671769627519e+00
6.484051503087712165e-01
8.005487172167817800e-01
6.352674240434321717e-01
3.837798201770012074e+00
6.619211560289345542e+00
4.614130965273774976e+00
2.182814316431855861e+00
1.276339759485051184e+00
4.635090804194157421e+00
1.189897344661569489e+00
5.943020424945839153e+00
2.103812933659412909e+00
1.281695552213222955e+00
2.371095465664042834e+00
3.934833453496094702e+00
6.925845090886763700e+00
1.767501129936331905e+00
3.158939941161478249e+00
2.272112899917014150e+00
5.323543504161757589e+00
5.135857312852352585e+00
1.572991011691179386e+00
1.655254111567451059e+00
2.093275845870256724e+00
3.118299437662563012e+00
1.974226122983168352e+00
7.128521686110371736e-01
5.225932451739156548e+00
1.364613174845699772e+00
6.925768055418132896e+00
6.472139423837641736e+00
5.964232648368384737e+00
3.482880455043451118e+00
6.923608818299848977e+00
5.754491456946514205e+00
6.436548700947588575e-01
3.195388140568113489e+00
2.513643078505923611e+00
1.654416410862875608e+00
4.663923530954401819e+00
1.535361157848676106e+00
3.402783435617090291e+00
3.117964582568293341e+00
6.751481678124977570e+00
1.633087692468937480e+00
5.536666386713583243e+00
2.396017122583823600e+00
2.603389960815661208e+00
3.304510691864947614e+00
2.336496010381881039e+00
1.996921482042153029e+00
7.736643204615040181e-01
4.975849110550053744e+00
5.069882722684989851e+00
1.028893017663784271e+00
5.384912767076650120e+00
2.388641162821790509e+00
2.579012460990429023e+00
5.638094683612855818e+00
6.095501468044094651e+00
4.659924504063989836e+00
6.664353902411943587e+00
7.589436570687954076e-01
6.270555125099798177e-01
3.239155890662190895e+00
3.189439404340748130e+00
3.102121495078692170e+00
1.100543379792825904e+00
7.662506253593051042e-01
3.079795312882414482e+00
2.115682406852256836e+00
9.615508343003772440e-01
1.217224732675603827e+00
2.706201574735415338e+00
6.139481847373661871e+00
1.455911896793403493e+00
8.328927430022917688e-01
6.320505424583406473e+00
2.661903657658891031e+00
1.317723226124945413e+00
2.925238320742353348e+00
3.023919127688623476e+00
6.599794008935941925e+00
4.188906203923877136e+00
3.306889622901385550e+00
4.962106050476126740e+00
2.934268430755585744e+00
8.378997895185501532e-01
1.747485030672941919e+00
2.813485119167161930e+00
2.661744768354576074e+00
3.074471381313749418e+00
1.215550938244906787e+00
1.622295640991965993e+00
4.817343117753933868e+00
1.891820870689330691e+00
1.944643545309289179e+00
2.719796378861413011e+00
7.546779259314443600e+00
7.262515372120939894e+00
5.485258275477033152e+00
3.951472376357263006e+00
3.417666709079385079e+00
1.510560689931646383e+00
2.812174482845469559e+00
2.720844595204549243e+00
3.599857560055042427e+00
4.089596865382071122e+00
2.744644994093728307e+00
1.368747091687962714e+00
4.237102506000537616e+00
2.640702918494434837e+00
6.059623743114841865e+00
2.155338688042949702e+00
6.222181721685397626e+00
2.896670328670422734e+00
3.368909595176705629e+00
2.733833761585170219e+00
2.202265962674320843e+00
1.410471575949898249e+00
1.708189210380990808e+00
3.940432354119357772e+00
1.400880868171123783e+00
2.255662359220645286e+00
2.618302552095201463e+00
2.611867173809182319e+00
1.618607909917324283e+00
6.242477746212958145e+00
2.982083788121757895e+00
6.335241136196809286e+00
1.102174129938659819e+00
1.027221187303597283e+01
5.922370074406080320e+00
6.447355940831892340e+00
2.379963682558977389e+00
5.750476913729547945e+00
1.870306174384468667e+00
1.718296169188242351e+00
2.226732065909132086e+00
1.114494039631553690e+00
4.651563060557842633e+00
5.243531167152755579e+00
1.836718216094416656e+00
2.196281400750835555e+00
1.250878804944106193e+00
5.504082091762179552e+00
6.584665103200634917e+00
2.713694279913402951e+00
2.706420539949846216e+00
4.395064196475437335e+00
3.187781597497884256e+00
6.938092583377819089e+00
2.659059672228666571e+00
6.408262536232275153e+00
1.962308539427268350e+00
6.124721926632626712e+00
3.662841747672816783e+00
4.815246963119316881e+00
2.724290582523335225e+00
3.397637894290843175e+00
3.605582682662985761e+00
6.112703556648829917e+00
2.635173702158985609e+00
2.654056142650495165e+00
5.826390145230704753e+00
2.005145118401344906e+00
1.699434667343911576e+00
6.115725813299493829e+00
4.314582181426754870e-01
1.986165931564194187e+00
7.317436857015859886e-01
1.670874644058806036e+00
4.362453053646849210e-01
5.807933134297172728e+00
2.843556624912972897e+00
2.477535428837370546e+00
1.457260779063114686e+00
6.155062808756128767e+00
1.483930172234525946e+00
1.650430291220801760e+00
1.096157594825920789e+00
7.327901732324981765e-01
7.241018986316021255e+00
3.642221681899191044e+00
1.599971153056535700e+00
4.839856411743943987e+00
3.013653829853455424e+00
1.913284116894395925e+00
3.771969725777304827e+00
2.746508188746172863e+00
1.559016065728654477e+00
8.138846442432963180e-01
1.347019403751366751e+00
6.158257268516972083e+00
1.014813594085131321e+01
6.191038243370956984e+00
3.210205155291714352e+00
2.354958587074849508e+00
6.355932364016693370e+00
3.867424416243262275e+00
2.084218561505108092e+00
2.633420744259414192e+00
3.580104236345357904e+00
5.156452132650292342e+00
3.257274740746871622e+00
1.260617093595990168e+00
4.956003659406586159e+00
6.149823567996699936e+00
2.234296987126973555e+00
4.056621359847166985e+00
5.371132433997871658e+00
3.694114425701615634e+00
5.827094473029428734e+00
4.743460428615658309e+00
1.267506118663728198e+00
3.442756515622807711e+00
5.294059326876450200e+00
4.229552525388402984e+00
5.257772072884282721e+00
3.830332961409148140e+00
5.721446851351505103e+00
1.089200768024534138e+00
6.050262653270444879e+00
2.304048220757730192e+00
1.488880983520211920e+00
1.395964623792761650e+00
1.886787560423859311e+00
2.471594358875905062e+00
6.161585688984174247e+00
2.586133582067078329e+00
3.416796053583981863e+00
8.628206507790825430e-01
1.591567217495180486e+00
6.129334960043574254e-01
3.964387774886442006e+00
4.797557159623953460e+00
6.245070769750808104e+00
2.205920980874338078e+00
1.447461747263140364e+00
8.618038756773155340e-01
2.129829880744391613e+00
3.267191579701671955e+00
3.739940176442918762e+00
1.892974887565509468e+00
6.703483149935780538e+00
2.857920020475970713e+00
6.188108320183434152e+00
2.131713663591304098e+00
2.530073378707029086e+00
2.035941706619116331e+00
3.452882792872349782e+00
2.064975198034531001e+00
5.800256781845054554e+00
7.600730024919963412e+00
1.554783554863470529e+00
4.760579368793358412e+00
1.151546291225286289e+00
4.338684034677013912e+00
3.684237882490551286e+00
4.010523296594547205e+00
1.123027255302535110e+00
6.565249331568161040e+00
7.773531639773286983e+00
1.424707037788378594e+00
7.621888782089499159e+00
4.175779558127215907e+00
4.755608854910684968e+00
2.467659326392090513e+00
4.642298553414284434e+00
2.804112575264325891e+00
6.659020776545431231e-01
6.154669956713629375e+00
3.251022550354401908e+00
1.317575641353154747e+00
5.158614545138823893e+00
5.644326294470483951e+00
1.882846471401261823e+00
1.279893123013573275e+00
1.562486836441348892e+00
1.122465679564027763e+00
1.782705106514865356e+00
3.874039606562543980e+00
2.283347585360719467e+00
7.131421140268261460e-01
5.360568537116876975e+00
1.983202692253696053e+00
2.455007894067958940e+00
1.671560022301215032e+00
8.108432804850707054e-01
6.292540428497686023e+00
4.978592420896799986e+00
7.867592208825288091e-01
6.055960734646578913e+00
2.512592494322864578e+00
1.189077585460862840e+00
3.175687227227672160e+00
4.040561221613147680e+00
4.973594955024726261e+00
4.635623605850470064e+00
2.272188771672840168e+00
1.690957734194391326e+00
4.835122378276680344e+00
1.453660342324735177e+00
2.575656304728445978e+00
1.852632876718671717e+00
7.353759031142871327e-01
1.602208222286669148e+00
2.612044544053027550e+00
1.063749337772071230e-01
1.845974407089981950e+00
3.776938294954160114e+00
4.443845358753830688e+00
1.318352821141173337e+01
1.210937410246851531e+00
2.575134812405458717e+00
2.348724444988053772e+00
2.374051800795013101e+00
5.750811459713696117e+00
1.162632297312163443e+00
6.037140409386540618e+00
1.180653869690949431e+00
2.712471530022904975e+00
1.084643180759927050e+00
1.164311655027892245e+00
2.193482959720742809e+00
2.949351166987705941e+00
1.888481063358989909e+00
7.155479813011217161e+00
5.908932206117259334e+00
1.389724868394865309e+00
2.273944063832100237e+00
1.265855581699440346e+00
4.747601530530957348e+00
7.421585108582283041e+00
3.241471076759403935e+00
5.698912706474820844e+00
9.146053967476129865e-01
5.368595767044555878e+00
2.111461664511693037e+00
6.471057345889429158e+00
2.159812537816741873e+00
2.391433657333859930e+00
3.088025148230136185e+00
5.158129259948544210e+00
2.976666598815197684e+00
5.633549187494315547e+00
1.662334912632745354e+00
3.794946790289454697e+00
3.929510497392810997e+00
1.705536170881218228e+00
4.090451789630221491e+00
2.332885919629262617e+00
1.628031309771504453e+00
6.245141279777780774e+00
9.051850983883088730e+00
2.260038768359219574e+00
3.304562088910794504e+00
3.251675789054042198e+00
6.549060825860323121e+00
1.725285703448734553e+00
1.656904474548151374e+00
3.212237742801621887e-01
2.653359091826159144e+00
3.462097382408179769e+00
3.118053761318928974e+00
2.578137843177282118e+00
2.660007635237319423e+00
1.328109282684569514e+00
5.466519937778574700e+00
9.145462042358631916e-01
2.804917713550097336e+00
9.217663823496465625e+00
9.288040484035592348e-01
1.798520425265805800e+00
5.291684389920572329e+00
3.724356652627339948e+00
1.717587030321947150e+00
5.785843461979323976e+00
1.628017488560465909e+00
5.876047972477522308e+00
2.146692023998239218e+00
1.135364959300480425e+00
7.117155229506584302e-01
1.778801116152982420e+00
3.068255891535602853e+00
2.189488357062625123e+00
1.644305405714367341e+00
3.483580479197734281e-01
2.002636119973262296e+00
7.343603762400364054e+00
4.515235971611211596e+00
5.214370481141898939e-01
6.066382269164155794e+00
2.304619932803775306e+00
4.985828149150759891e+00
6.177452797477703150e+00
9.200651166827455540e+00
4.652962297392366331e+00
8.365219496958168577e+00
6.172043420349059062e+00
2.696986906639481596e+00
1.495061404855325460e+00
3.900950242266482348e+00
1.566522908063171515e+00
2.203979070845067056e+00
2.480904120147828795e+00
6.054403476835232389e+00
9.578488799009423627e-01
2.255349333066037243e+00
1.438658562269185426e+00
2.590394996233642555e+00
1.554814047847921987e+00
1.866891074097213332e+00
3.444900033669274553e+00
6.222911308998960500e+00
2.495815235064148929e+00
6.536299827633995640e+00
7.920218421360341488e+00
1.841238321061513528e+00
3.423778548207243588e+00
4.547949929631951882e+00
6.824280354970984952e+00
2.752507769161866680e+00
2.007551067282408841e+00
3.547822000101599205e+00
2.360456455871707160e+00
2.724516817427070858e+00
3.323340369843886588e+00
1.428443351651084603e+00
2.653574344365839277e+00
6.036206592651742753e+00
1.170902914247559501e+01
6.464113801097510326e+00
1.680972923412850095e+00
3.773948478943236040e+00
1.108204035187948744e+00
1.806068883508356260e+00
2.861673936680634078e+00
2.665946159866622978e+00
6.997919213269378602e+00
5.957377906130549405e+00
6.040071211469464352e+00
5.425885218885444949e+00
5.206809727904404994e+00
3.731515940826086730e+00
2.371483701630249907e+00
3.584119874531000449e-01
1.154462623061828230e+00
7.114344262107276107e-01
5.699105374620593523e+00
2.930940153596026221e+00
4.494678112844804119e+00
1.605003767580074570e+00
9.126482342744592913e-01
2.763021129525217834e+00
8.932913509444270206e-01
2.430262100222593702e+00
1.890680337527381960e+00
1.672305654862347168e+00
2.191574218848122868e+00
3.288545484935509133e+00
1.702747997909256572e+00
5.360922683240926467e+00
1.979098379799054230e+00
4.700886370737920927e+00
6.097831397813639143e+00
1.611307510986495606e+00
3.637349892834436105e+00
2.577939867698311183e+00
2.528240643145049926e+00
6.572900035764345006e+00
3.008578011296143551e+00
2.476542386048989020e+00
4.539991916039590514e+00
4.135177527044113788e+00
5.423892791876038011e+00
1.550993317210164868e+00
7.151493705193077588e+00
1.591082184569310387e+00
1.283549619758362681e+00
3.576829031387817270e+00
4.540346678395453139e+00
1.668107843917884692e+00
3.587796797929931003e+00
1.786796451580999090e+00
2.739430873720787307e+00
7.641005277502291193e+00
3.316000523007823109e+00
2.911953885708339129e+00
5.338297107171950273e+00
5.202968905617320061e+00
5.302583690607004741e+00
2.330627845640679041e+00
4.785788504284678169e+00
4.275342932894801606e+00
9.486285354604653275e-01
1.870924209553497475e+00
4.425113448488825263e+00
4.924361181903444518e+00
7.327614505318550409e-01
9.965658249730111606e-01
2.910047916336572893e+00
2.824691509624850383e+00
9.947654213077353758e-01
1.654148539225242853e+00
2.344831385683306735e+00
1.625862012709200943e+00
1.510344911614988073e+00
5.304910449215276103e+00
1.386896135742378133e+00
4.744691283850362318e+00
1.310126259421383388e+00
1.105436115117859330e+00
3.589057507042000772e+00
5.410368136489015711e+00
2.541008785635674005e+00
1.838061766404217590e+00
6.372152219245223570e+00
6.575859118403223569e+00
8.119636155133476141e-01
2.123373071227459885e+00
3.264260508364859259e+00
1.970313143690135105e+00
5.974805918745929034e+00
3.596366928590211565e+00
1.380869543653423515e+00
4.003778778963091867e+00
1.487615056510516398e+00
6.079225934102246320e+00
3.131810602272547595e+00
2.251817546789071756e+00
6.083320137902952673e+00
8.204039840845349651e-01
4.286163300638393459e+00
8.732946216734115419e-01
9.406262497701980863e+00
1.261942840561899093e+00
5.292434374538639297e+00
2.355211743971311389e+00
3.012990952517991872e+00
2.988184125479424136e+00
2.978939278970774929e+00
5.400762693769094014e+00
5.436028968357515367e+00
5.042448252275858245e+00
3.049256142824070093e+00
6.253374549026002427e+00
2.054148503756021427e+00
3.775423055399704353e+00
2.864710542811584215e+00
1.278106627027036879e+01
3.604931839100422586e+00
2.389500365540349502e+00
5.990601750611689091e+00
4.999391948414559472e+00
1.295802398360914820e+00
4.187056586335283548e+00
3.958161724055251796e+00
5.827063463006981081e+00
5.184723616781999667e+00
3.119583236320164321e+00
2.845295084519504414e+00
1.611411627754999909e+00
3.034098443715727011e+00
5.646352304166347480e+00
3.989841833058357601e+00
1.127867829275227995e+00
1.979897292236668660e+00
1.592662456803998206e+00
3.929922510534415991e+00
1.402703163861994007e+00
1.831083989478899499e+00
1.302635164698192849e+00
1.360502546786410694e+00
1.885828118945118481e+00
5.198657956760421861e+00
1.286322744151846775e+00
4.512236482212229838e+00
6.292348754073704420e+00
6.222073369107554264e+00
4.394149481053731821e-01
2.205785796294416734e+00
2.385146835101901619e+00
2.941114887644224574e+00
6.788040660062944376e+00
6.304748062892073790e-01
5.107804758718776483e+00
1.677561695182565815e+00
3.639644420737941921e+00
3.338488017818052711e+00
1.507533286984275911e+00
9.427715540558672114e-01
4.012302046845876546e+00
1.095164638235517351e+00
5.561582973495378113e-01
5.753680327227798763e+00
1.112047027731902782e+00
6.860476316966168220e+00
2.427047231772673452e+00
5.884189076321005629e+00
5.929601842470889395e+00
1.749706068002093273e+00
9.918286021884171744e-01
1.604075122421018129e+00
5.007220935211253554e+00
3.857553629201624368e+00
5.325732272974240011e+00
2.385622425758222587e+00
4.414208118784448409e+00
6.363314953448816702e+00
1.110553924671439541e+00
3.563651156489603622e+00
1.078284753392175999e+00
7.102249800241509092e+00
1.777373121436827796e+00
1.243639802535928096e+00
4.597795979477721784e-01
4.142004496036230776e+00
2.054362344765474191e+00
2.319608379471487680e+00
2.128334608272289596e+00
2.620021092126192386e+00
2.795270286063679332e+00
1.354543899294042841e+00
1.812357806156202678e+00
1.213424607347640682e+00
6.320716871411689475e+00
1.882193854366209784e+00
1.622675483489927739e+00
7.510581939345391866e+00
4.773530724957991134e-01
4.644986759749654581e+00
5.864137802061832883e-01
5.648503793780744964e+00
8.672802460003982361e+00
7.140704267872875377e+00
5.683503482679653551e+00
1.276194661410560371e+00
6.366485917136425421e+00
1.515336841461964346e+00
5.530067794792268288e+00
7.336341942254439807e+00
2.487579946315086055e+00
9.025735642678134329e-01
3.638649245688029055e+00
6.706686623813612691e+00
3.898554464591225788e+00
1.565397390682592205e+00
1.713535414660963818e+00
6.013015597743229357e+00
1.766720694628774790e+00
7.431065308023903526e+00
5.081006317967797337e+00
5.702661852695820599e+00
2.632908795294714999e+00
6.107503232369464463e+00
8.774080151785654813e-01
6.035342248683560840e+00
1.005689272282500601e+00
3.975550765752119187e+00
2.368114030622638921e+00
6.207681873559665497e+00
1.233054890144827942e+00
2.503703237869049136e+00
1.307315159526459825e+00
3.233763719255700497e+00
4.640042688237028479e+00
2.639130611645716051e+00
6.840389524803441645e+00
4.655409260564718821e+00
7.158256509158672509e-01
2.087618504164634459e+00
2.463018344098574453e+00
5.307092601972312806e+00
2.476280206291688213e+00
1.651511531665935673e+00
4.223119133976329209e+00
6.269005708447267899e+00
3.947444988185325521e+00
2.620994882520076175e+00
3.523292031927263146e+00
1.782578911038700531e-01
4.930541432209895270e+00
3.405283110564587545e+00
2.680640134928495399e+00
1.720911409910652612e+00
4.117039150119595092e+00
2.055973665419538854e+00
3.263364595287987946e+00
1.755576649421594970e+00
2.071180879090414872e-01
1.672390574665596041e+00
5.234326296221819774e+00
2.265925671522917462e+00
2.770741240134142469e+00
2.140888461494610429e+00
3.187198553175396132e+00
2.555587003549268932e+00
4.291846162124944297e-01
3.592267236179928158e+00
2.690019024081337307e+00
2.231404483360744262e+00
1.579221121810205686e+00
5.145938717633670834e+00
5.006829564478701755e+00
2.878260821455154161e+00
3.645382742711996471e+00
3.214603212992911185e+00
1.851905675311664279e+00
5.086333028644329346e+00
1.508034985263683181e+00
7.103180093113598659e+00
8.191449884241997381e+00
2.590475950977472408e+00
2.200446287555219094e+00
2.243863576595642062e+00
3.585354272026408662e+00
2.102726892340926135e+00
1.356926631320948706e+00
1.858141064592120140e+00
7.870068605579326748e-01
1.887992405433067455e+00
1.844373174090785827e+00
4.758789301839146724e+00
3.075698670857869743e+00
3.586045760097008372e+00
6.968922364108753875e+00
1.641825337557869746e+00
1.821293664467165785e+00
4.332953382628690342e+00
2.500076916880269007e+00
5.627127399775476491e+00
6.734888354695896417e+00
5.236618047095682016e+00
2.252876935851946705e+00
2.139713464747572846e+00
2.755155245249124807e+00
3.333841632626179941e+00
3.055591322535982979e+00
2.965098172585538983e+00
7.960410907264496849e+00
1.762351355104193384e+00
3.031368288095835251e+00
1.720135025185123068e+00
3.217438765851494242e+00
4.381321452653126336e+00
1.658070199238893760e+00
1.387062478059223780e+00
1.796732740548434126e+00
2.584613971712836022e+00
5.558572644142892649e+00
6.535755165705620762e+00
1.418516926707314552e+00
1.873031584694063723e+00
3.263803311963330511e+00
3.117336507059395689e+00
1.865235002098116324e+00
2.251527891010221882e+00
1.436186473563251464e+00
3.749779944302498169e+00
1.679861486877393562e+00
6.373660735269822908e+00
4.771827449659607367e+00
4.288817028992375491e+00
2.582675245232872729e+00
4.680764706250047702e+00
2.224515387556420087e+00
3.965933128954463260e+00
2.419384591620864722e+00
2.600085898706170795e+00
7.759275877859619364e-01
1.593484572857945647e+00
2.251787395281588111e+00
3.478063522789576645e+00
3.607942528293895279e+00
1.184418340990742058e+00
4.345677247717188330e+00
1.690891677405509608e+00
2.557189293804830399e+00
5.465966991043913481e+00
1.954113148476138706e+00
3.538187806038392225e+00
5.281689412589194887e+00
4.615038766629934841e+00
2.235190843682265172e+00
5.266356898601174841e+00
4.244098615884911441e-01
4.665673656003619385e+00
1.342244610457127951e+00
1.409547495611864099e+00
1.199783413363190610e+00
4.146854169615036056e+00
5.975589699902492669e+00
1.681881497389888347e+00
2.516888630001236749e+00
2.112621546365545555e+00
3.391071977856848552e+00
2.307182628268956037e+00
1.356683764549816873e+00
5.418726893318582150e+00
2.946836358330980232e+00
2.182396759650922391e+00
5.135831045405375939e+00
2.803219609053825501e+00
6.347730313588142437e+00
2.345788402794164007e+00
2.372798713870093223e+00
2.220413765549939633e+00
1.270542957703177489e+00
6.541766066159816484e-01
2.240584773090024573e+00
5.998648728077886183e+00
8.001515609564741061e-01
2.012048737023402811e+00
1.124066296474751869e+00
6.648049709453515810e+00
1.197468631063242750e+00
2.217610806441764115e+00
4.713686364784634542e+00
2.392026526654015051e+00
4.384235880710386724e+00
1.408640582060080471e+00
1.983092332622347520e+00
8.281743872500875625e+00
4.229052831570643711e+00
3.569936147277343430e+00
1.183860117311229532e+00
2.794160658178135748e+00
8.998255254567736339e-01
3.418504967518396054e+00
4.727747296139845012e+00
6.517350641643546716e+00
2.148743458819231122e+00
5.374358621588876117e-01
7.675406823116221133e+00
3.231465011668725573e+00
1.848144796541060453e+00
7.378859684889482295e+00
6.968988784849530660e+00
5.630829597332923875e+00
2.616359704781897388e+00
6.373371896963547556e+00
6.210313751067542576e+00
1.041354728297964494e+00
5.678037490920810448e+00
1.912963321900842839e+00
3.652275468940902492e+00
5.878319544609395209e+00
4.520524886922250296e-01
5.117506782158835144e+00
1.826074811158659106e+00
1.319627252622081803e+00
7.634117750514382017e-01
1.189299593723145643e+00
3.116602419913866218e+00
2.766058395291332239e+00
7.235016048378251519e+00
2.007424741574469262e+00
2.496963343772959032e+00
2.786550341080280102e+00
2.209542004599720055e+00
5.025475080393255745e+00
6.927553952668499271e+00
5.845568920234138766e+00
2.939471055392181675e+00
2.645326466422590173e+00
3.323180281477244868e+00
7.580175722516686143e+00
2.023274807631585404e+00
1.974782679770464400e+00
3.259623446914269085e+00
1.278488315768300465e+00
5.662793022841267288e+00
1.953241250580195931e+00
4.782015274970422003e-01
1.010536314907578115e+00
3.842369698092213071e+00
6.546945267805349467e+00
6.060360054844012856e-01
1.445393739311844783e+00
4.250577340220679901e+00
3.430914062848231527e+00
2.218224207258815639e+00
3.930860737527214432e+00
1.282892848110060102e+00
6.606165907915997337e+00
4.648793631848049834e+00
1.035057693658850697e+00
1.420393816464071701e+00
5.750461047044849394e+00
1.647578314471311645e+00
1.002400221832361993e+00
1.346731098673344729e+00
1.778403379527074391e+00
6.090368069671397322e+00
5.264303844429064405e+00
5.856114838966783864e+00
5.911487731995827666e+00
1.699901239833339073e+00
2.302318222605341358e+00
3.208540037931437716e+00
5.422948180640463356e+00
1.154737008710598145e+00
6.195331013561148126e+00
4.755260097853084567e+00
3.733598343928070662e+00
1.455998793629264432e+00
4.312607448672424404e+00
1.226605946666750935e+00
2.035861651069764411e-01
1.479548285679560760e+00
8.113030650752199868e-01
3.840434625648257327e+00
5.439848503545253067e+00
6.601771970864654726e+00
2.898882961932960356e+00
2.788301431094898142e+00
1.259554502217780314e+00
4.065906343176631133e+00
2.804997892865507936e+00
1.627566406720702741e+00
7.640670627113418378e-01
7.053804352051877835e+00
5.051860240167414418e+00
6.416313102868250517e+00
2.971133815647662768e+00
1.044448416082841824e+01
5.812129122585679930e+00
5.826426467579475243e-01
6.146276841713269157e+00
5.337213279293966828e+00
2.327594121234103586e+00
7.169532499354985156e+00
5.250391205409870032e+00
3.085909537024244198e+00
5.979343350497403620e+00
4.998148105802261654e+00
2.133262109134052231e+00
2.163966986217455535e+00
1.084716871023883478e+00
4.485813253745057239e+00
6.789176118174935048e+00
1.828574839402335783e+00
1.379446916960932690e+00
4.406971781874677419e+00
4.329209945609055588e+00
2.541701227906133731e+00
1.915475298311621222e+00
1.355010253819874055e+00
6.638251820660995506e+00
1.753296742130047159e+00
2.825367863680375180e+00
3.520386229636931930e+00
2.421441656070656201e+00
2.322104337175135980e-01
2.657311321855180708e+00
1.716757321017139626e+00
3.437104117764904654e+00
3.193122105210709716e+00
1.206099656404556519e+00
7.331048507814266202e-01
8.898314604238661829e-01
1.323873221823228086e+00
4.714053008998072003e-01
1.048024948341965912e+00
1.643814631474068255e+00
1.477185855787491287e+00
6.476789310581573034e+00
5.635408419617370157e+00
1.255025731049478788e+00
6.745207157986688351e+00
5.213062291416418859e+00
4.989675262021801672e+00
6.268356592588519405e+00
5.188019212366473454e+00
2.596890867295837957e+00
4.273333443867040060e+00
6.882793374381950269e-01
1.435248288052952015e+00
3.258010252717537192e+00
1.623086301749569804e+00
6.329419755933997749e+00
2.238155607139618031e+00
1.962936291886962170e+00
4.386164624701749837e+00
2.409617540906200173e+00
5.506781776741725309e+00
4.627750474824044780e+00
3.993059734149334794e+00
3.679834244505551410e+00
6.653802420194508294e+00
6.215795883669970046e+00
2.193841537724564361e+00
9.532956804649419524e+00
6.569119567352583289e+00
3.935630323026048316e+00
7.461259410671200243e+00
6.777729890796498902e-01
1.857365859071615111e+00
1.482850574164346735e+00
4.980831490000397821e+00
3.097235973111639229e+00
1.814877665546565488e+00
5.139254387594315077e+00
6.298975479645272380e-01
5.139419105816068090e+00
4.899400793486171857e+00
3.673013117416314977e+00
2.737384629016148541e+00
3.085906316813274319e+00
6.576372693337682485e+00
2.367449877769132183e+00
1.600454928515471220e+00
1.511846138014382834e+00
1.396407611126971871e+00
5.159298245862466104e+00
3.727917155633968527e-01
6.028204829228275052e+00
7.079577596531883010e+00
5.383068209446498109e+00
2.041727318038960792e+00
2.039931332308492440e+00
1.488812301404067728e+00
5.336622554175904476e+00
2.283920863081566832e+00
6.859824531071899933e+00
2.740970134709960870e+00
1.504889904035725090e+00
1.809986448169260465e+00
2.891321199380821660e+00
5.163790073556758564e+00
1.560914026209692995e+00
1.807327382260379922e+00
3.504027548248183077e+00
6.572342330911941310e+00
5.990908937034238768e+00
2.439834449307208164e+00
6.487332585079865765e+00
7.513577853045920740e+00
2.306496405405533245e+00
1.016223143091328218e+00
2.582839139358629854e+00
2.797448293301049826e+00
1.104411686653811175e+00
5.736262763509635931e+00
2.010829768103413517e+00
3.476936115104969804e+00
1.019462476896632719e+00
5.731764806702656756e+00
2.782271061856480543e+00
7.454872449544730273e+00
6.920734013626515413e+00
3.314273546550536853e+00
6.347601111588957679e+00
7.839475506678544647e+00
1.521841347492993490e+00
2.733585574698654153e+00
1.224580132556978063e+00
6.293718857410719458e-01
6.405952884618699272e+00
1.663211193877614846e+00
8.910043403051475241e-01
5.268220740768619237e+00
1.548477044247532408e+00
3.023688879341688729e+00
6.200862848760475998e+00
1.927184722674013306e+00
8.036610098966740168e+00
2.556115057595390816e+00
2.211366954816492481e+00
5.763010508665697529e+00
2.263632752286262928e+00
6.569130189512037976e-01
5.823492960560842313e+00
1.072472610369235912e+00
5.371058246170263395e+00
9.821703207697688454e-01
3.896890225944378727e+00
4.619509850426425146e+00
7.798544573460222118e+00
4.957200046927560777e+00
4.697234428525973726e-01
1.775624511011494100e+00
1.929488705869558229e+00
2.065323793573659472e+00
3.551138630192139711e+00
3.210042168491586523e+00
2.667442238855976200e+00
2.263339832286769493e+00
1.863633841076849595e+00
7.893808753686982760e-01
1.138636793267470360e+00
1.375733447091129324e+00
5.416938426084133340e+00
3.695034356698871036e+00
1.613410759383797632e+00
8.965372305163303857e-01
1.915903383956989448e+00
5.324711774121423602e+00
1.336050575260468332e+00
2.428425299466056675e+00
1.735040813885243116e+00
5.501948811827789276e-01
3.382080913502235830e+00
6.362254409827526658e+00
2.165979578590008447e+00
2.188346040043585017e+00
3.705056502641162375e+00
1.416746326928740141e+00
3.751486996201529589e+00
6.429482782901993154e+00
5.428092556909930977e+00
1.215742162631323620e+00
2.902642983914249353e+00
1.992172428675370144e+00
1.944348546492635110e+00
5.571826078668339122e+00
5.043446452800548485e+00
5.596050775940786259e+00
9.357040034380450066e+00
1.318937318203967868e+00
2.512568641698460059e+00
2.215492941417586792e+00
5.284104079967810286e+00
2.192091268234170442e+00
2.719595891173912428e+00
2.724112835310895875e+00
4.422537309510675141e-01
1.577986480588384532e+00
5.508155966414024718e+00
2.974195177200537277e+00
2.179212867501709727e+00
4.580524155243405282e+00
6.480071680646922516e+00
4.870627300333993936e+00
1.923385161540058563e+00
1.330368894874684793e+00
8.672789663747421329e+00
4.337236543443665937e+00
1.451831313901186471e+00
2.566121041699458871e+00
2.176083530400533927e+00
1.313283749544884582e+00
4.604930821401228336e+00
1.166840511727288421e+00
5.625996308902976750e+00
1.850997184382005445e+00
2.854985832038086535e+00
1.770413226993798439e+00
1.772152131492966909e+00
2.687770639937992811e+00
1.610416583183391204e+00
1.164910464746016228e+00
9.379780994686802709e-01
4.851372505149305958e+00
6.230369132229257367e+00
1.936054364832321850e+00
5.619522656211721312e+00
3.385200960329177278e+00
1.390040889617883524e+00
6.131299713973342058e+00
5.099141502787998270e-01
5.088095379104398575e+00
4.251701540063942630e+00
1.816814155339288694e+00
2.105791643110339173e+00
3.141355515942650278e+00
3.147664944254332742e+00
8.246345364731723748e+00
5.335224853469478390e+00
2.078932023600370993e+00
3.436878370145756367e+00
5.910183375016095919e-01
3.551014507869886483e+00
5.536745689746079613e+00
7.605724745797144415e+00
1.832899961279481182e+00
6.114734219001747739e+00
2.105032479839699100e+00
2.534593868324943600e+00
5.944829075976686639e+00
6.390547851298819637e+00
3.637946384293873958e+00
4.504216058214778329e+00
1.186298568819303734e+00
2.714364732412467784e+00
1.076199025619604566e+00
2.668332739215786287e+00
4.932810959639538417e+00
3.311184885368441133e+00
6.278059120972768525e+00
2.646508611244086762e+00
2.675022329103541541e+00
1.477317836232997283e+00
3.627404666478383444e+00
6.243447010642433348e+00
2.497248234032213077e+00
1.914297375927500156e+00
1.144779096608964153e+00
1.084145554525578925e+00
3.733397220685455320e+00
5.019045041953924091e+00
1.355657395883339111e+00
3.245393209338164109e+00
6.744478156688776593e+00
3.571675368192587907e+00
2.693775310761457931e+00
2.222152039708447546e+00
5.141751354990947931e+00
1.946715841872324937e+00
4.596108461091339970e-01
6.600155526214746438e+00
2.341537041881066372e+00
1.074205730823132754e+00
1.539600481879898730e+00
6.108710343820445976e-01
5.445826466352311712e+00
1.562599598809846890e+00
1.509766336505492523e+00
1.892979625062385374e+00
2.971953183620585914e+00
4.392631971324013840e+00
4.086765287909100430e-01
5.155659113212375466e+00
5.579260949418433313e+00
4.255035636506884877e+00
2.562130405097218677e+00
2.132469574374678434e+00
1.935228222565912093e+00
2.243664900034801235e+00
1.285645158337058502e+00
6.822925683013226106e+00
5.855459889593532807e+00
9.599888560810513338e-01
1.007099746145731167e+00
1.072523303411014206e+00
1.610202725719598993e+00
1.283250769366866662e+00
6.375719153975138553e+00
5.671223827320161170e+00
2.165677705760599814e+00
1.994534702493635514e+00
1.334315293568590466e+00
9.091759494800882857e-01
4.415709954619573274e+00
6.006294338716670289e+00
1.539806912231440394e+00
1.014448459312496054e+00
3.779839928099892443e+00
2.886694143410532654e+00
2.708929820068033401e-01
7.724984335216079634e-01
1.751337244464422405e+00
9.998293525116020986e-01
9.408382044656904419e-01
1.505443117359091199e+00
2.256783520506377094e+00
2.334865634932327794e+00
3.909026560165509867e+00
3.821677662529173958e+00
4.660704367436120599e+00
3.358780239185110705e+00
8.418104994541797392e-01
1.187978158747675650e+00
7.454612779085143526e-01
4.260437527667012003e-01
2.915165337289443936e+00
9.297999993576611999e+00
2.180031936261937364e+00
5.582501918140054809e-01
2.609807988645877153e+00
4.269324673966480854e-01
6.715300494864249181e+00
1.127204090290137906e+00
3.026381478779180956e+00
4.061219186866971143e+00
3.920256595924403786e+00
1.584559563004428684e+00
6.287418182303531111e+00
1.309563467617943289e+00
5.124351287836407032e+00
2.672027962533641166e+00
1.914072835103890480e+00
4.032587328169169538e+00
1.820572791872615115e+00
4.613931903527292100e+00
4.127648625744766875e+00
1.548361041806448846e+00
1.501017864604840435e+00
6.243427539266336979e+00
6.081552300826569279e+00
1.812642196823472052e+00
4.266824118298950808e+00
4.203367257473815677e+00
3.438785028015692191e+00
5.422899910085392072e+00
2.997612655170584617e+00
6.074373088060464276e+00
6.247515679353884188e+00
1.673930397413084137e+00
4.495176200329766836e+00
1.486175923913501062e+00
3.089833540029042869e+00
1.642654847050954769e+00
5.847248936747571513e+00
5.335891985657508663e+00
2.439117832767843552e+00
1.917184085561750129e+00
1.022501836456042756e+00
4.733798686382846732e+00
8.129822731029324734e-01
6.844815288000529740e+00
3.068412552069376353e+00
6.177112952226231357e+00
8.505084231796493199e+00
5.373396590457918620e+00
1.555892223443652300e+00
8.336278629540121443e+00
1.671555801319825951e+00
1.702162213352631071e+00
1.613768319114549765e+00
5.828021646921909493e+00
5.201601052666648073e+00
2.390034175857419729e+00
4.258347014902813754e+00
5.541637320170308634e+00
9.022796468776109746e-01
4.868845664242458682e+00
7.065613756503446474e+00
1.337329433241537746e+00
2.152851795929716872e+00
1.384051254800660269e+00
8.337025282768939505e+00
4.231581847132670937e+00
2.614556809618597821e+00
2.644897707591038927e+00
2.432956443046203177e+00
1.309422961788340389e+00
1.189943824797490501e+00
8.066652773269811227e-01
4.305635206841318841e+00
1.965561708399558682e+00
4.702232556696840149e+00
4.612414490046734983e+00
2.727999485921142497e+00
6.810119569016314323e+00
3.191742709754087137e+00
6.968983123512172639e+00
2.247561890017260477e+00
1.000925097500488192e+00
8.162609664880235982e+00
4.506282281030177472e+00
1.886653119247784671e+00
3.000754730688942828e+00
8.823158785431898465e+00
3.635543357186900248e+00
9.974543514373414022e-01
9.115860742781030979e+00
5.091524714920954153e+00
9.556289222080037726e-01
6.899648784703096283e+00
1.315257865010208471e+00
4.888504606248671891e+00
6.429466973438654698e+00
2.020876039795262091e+00
2.744526320385474616e+00
2.781556053539122164e+00
3.052272936465154629e+00
2.251600789206990694e+00
6.587492359499281136e+00
1.660173972629408468e+00
1.000306522638636730e+00
3.866360724447321040e+00
1.793936982996460205e+00
5.806811979552452208e+00
7.526763905786078013e+00
3.224631436384078675e+00
1.045767736102871659e+00
1.212187165862312810e+01
4.553319775261268632e+00
8.047675958973220744e+00
7.839846099745386709e+00
2.911661686050508902e+00
5.225166022916321928e+00
5.925848818312393185e+00
5.224011098596058389e+00
1.461377545328769179e+00
1.691382316961713483e+00
2.680972133066802154e+00
2.911071294126415410e+00
3.671607530666190833e+00
5.632117565209684429e+00
1.116521670773601871e+00
3.119747513368438252e+00
6.995348212737357407e+00
3.208187431792211441e+00
7.195431287771657303e+00
2.895800887496291498e+00
6.142290904707887300e+00
1.335638959899242417e+00
5.547914206247464897e+00
1.019803045225216698e+00
2.967310990886460331e+00
9.621757748236251517e-01
5.136266820171329073e+00
1.892275280269986704e+00
1.394537013842674922e+00
3.889132851494140564e+00
2.128575447631396056e+00
6.187983319211256550e+00
1.463499694995264111e+00
4.303968157326568011e+00
5.962078840088151033e+00
1.137042815856396771e+00
2.240711587866995202e+00
4.469027411071819778e+00
1.499563683325052299e+00
3.162068711189975012e+00
1.085391932782252322e+00
7.545161119216076129e-01
1.713888498834661656e+00
8.224937391062772107e+00
1.354442311311818692e+00
1.530232826659389200e+00
1.319198637958926446e+00
2.986646431888381858e+00
1.682349315016931968e+00
6.803843521928398808e+00
1.819155354286356774e+00
7.104786486103499499e+00
5.997883657756639231e+00
9.412457506840963273e-01
1.930686646291122077e+00
2.420473486201894175e+00
5.681039568179591548e+00
8.452504486553352736e-01
4.811815657638338628e+00
1.230440181256278187e+00
7.108418304335077931e-01
5.273944298707485601e+00
1.376067976753017286e+00
3.156410684527909183e+00
3.093142415783820542e+00
7.188527106866814398e-01
6.074588775170724375e+00
2.297364138546647894e+00
2.119245598313606482e+00
3.590382225897369217e+00
6.004315548318660767e+00
2.474087550683485848e+00
2.019600184245213814e+00
1.813566663090749875e+00
5.430047945205954463e+00
2.152640836514116529e+00
6.443968313996763619e+00
1.891169655213392531e+00
5.276414551886507986e+00
3.579923672846093030e+00
3.242224434243030196e+00
1.855051728385287424e+00
1.553761874427743495e+00
2.341506659496741083e+00
2.943305457107047385e+00
3.077256988386923298e-01
1.614281453983573922e+00
5.934312550798574115e+00
8.222505070605747868e-01
3.196194308144463481e+00
1.322261920164673699e+00
1.533197454591203490e+00
2.413101067606537420e+00
1.450838450632838006e+00
1.527830883044364985e+00
6.624265161235172172e+00
3.522234689365783211e+00
2.252967330867530649e+00
1.995830456271843412e+00
4.501254721323665331e-01
3.918006481511099870e-01
1.720006139608564188e+00
9.497615667022889507e-01
2.928769679706310081e-01
4.850733962335238125e+00
2.761074609911401634e+00
4.414511701322480164e+00
2.210495334812334622e+00
1.373586891886144246e+00
8.311066756734505345e-01
3.141268945044316308e+00
6.392159098594540900e+00
5.144950978896629223e+00
7.335854315352527522e+00
1.488588618010506570e+00
7.824213898985399318e-01
7.120029441314022378e+00
5.860676122637780594e+00
3.576723710650923760e+00
3.515989204105561150e+00
1.254479254302502733e+00
7.723969829336239101e+00
6.104333878270735703e+00
2.622243899530982136e-01
2.139025985304623401e+00
3.507821347151988789e+00
3.986523268491802163e+00
1.616391624238166402e+00
9.432111461433765331e-01
2.852004742104035540e+00
4.719299601755653661e+00
2.953047337043783305e+00
7.279310954176949622e-01
6.453001137730270953e-01
3.151314309502674771e+00
9.867200323715573651e-01
5.551341775548613633e+00
1.433491843930849940e+00
1.609270230872940965e+00
2.457032447447963897e+00
1.799775693466109994e+00
1.246581786757021471e+00
5.650995194472681504e+00
3.989428857505665338e+00
1.203704583301308473e+00
6.169107361019722013e+00
1.543128741240528123e+00
4.115793987316599178e+00
2.530553156166689632e+00
6.279991312742329690e+00
1.003432395526741683e+00
2.396758432517781312e+00
2.943271972813078730e+00
5.073691007764065120e-01
2.125947195992764716e+00
5.568655311439630218e+00
1.528537893887159882e+00
4.940696707134675236e+00
5.465285183529605462e+00
1.415171065734341260e+00
3.421582472979571854e+00
5.440112777424138457e+00
6.496115532632382283e+00
2.771099314494273713e+00
3.444280138553385662e+00
1.603735129766770573e+00
3.887049157872116023e+00
6.732653498692942051e+00
6.037236685685222426e+00
9.775034769946832069e-01
2.914939564182820408e+00
3.286778932349052607e+00
5.010862526440305942e+00
1.573754135698922196e+00
2.204283379306075652e+00
4.077014730070816384e+00
1.633297913194378337e+00
1.970330075854641150e+00
6.912361668011298477e+00
2.775928380607725732e+00
1.218511586668782565e+00
1.290586534033544730e+00
4.686007193183848507e+00
4.666133357045433305e-01
3.713152478472269813e+00
2.128446249681021918e+00
6.170881654471633837e-01
6.229953587871625231e+00
9.554681665679572999e-01
1.910072412261082819e+00
9.212100819044234390e-01
1.593890888784015747e+00
1.731276773727336016e+00
2.159336644075989575e+00
3.329934314880143909e+00
5.173153004796592569e+00
6.796482873911886102e+00
6.497471727664838603e+00
4.652379288570689830e+00
1.076291504034987634e+00
4.591253851784677487e+00
3.631854320449450224e+00
5.713620302020107067e-01
3.509818178473877559e+00
2.787718825725209904e+00
3.772426944983319430e+00
4.474982302742700924e+00
5.935148239325983788e+00
5.302991382495632955e+00
3.414604225980589547e+00
2.332801391125348456e+00
5.233048025274753989e+00
1.620723861407932898e+00
1.639154977025152338e+00
6.124579732383554465e+00
5.121734282816235329e+00
1.148744259277079749e+01
5.560666429123435783e+00
3.855266487242262841e+00
6.643260715485222789e+00
1.314794006293714190e+01
3.784038544381599589e+00
2.599572344341388508e+00
1.766245815424918320e+00
8.379069244402428396e-01
1.587384447601220883e+00
9.927324167901894203e-01
7.288107158144734754e+00
4.900854032261545257e+00
3.051931733132812852e+00
3.415688679626086799e+00
2.067388386375308418e+00
6.663767832776131605e+00
3.751052776075929351e+00
2.623458412759963387e+00
1.105434182340352844e+00
5.110410465838119087e+00
1.629838834184216045e+00
8.286412023598018761e-01
2.628790500228598948e+00
1.998576334636292362e+00
1.302933736546568078e+00
1.738148208160863462e+00
2.381568388649756063e+00
2.897918326128582578e+00
2.123726864772947032e+00
1.680095442097382152e+00
3.058285852653605197e+00
5.359347165048308881e+00
1.214026501892680354e+00
1.177400082182954444e+00
1.930691178023072885e+00
2.314179306916084755e+00
3.161429856464744503e+00
7.437559572601352365e+00
1.308277434482692181e+00
4.845833095458885964e+00
2.163052288194311501e+00
2.948637460300705726e+00
5.038918437409235729e+00
5.762970222613866156e+00
5.377772731790939176e+00
5.257559080269363250e+00
6.800498745607284068e-01
2.502286562958859761e+00
3.158840225620991315e+00
3.228513811732014460e+00
2.499774996565069518e+00
4.689356096225926862e+00
5.847574127259626664e+00
7.463160646202584569e-01
3.195571191670815825e+00
3.606643955676166247e+00
5.222920415502286140e+00
5.528843599960469923e+00
1.808926426876043214e+00
3.144972203720986847e+00
1.071259987651245638e+00
3.266170181294761221e+00
1.317050290428274817e+00
2.433752543486770836e+00
1.625313332921503040e+00
3.909107408639225678e+00
1.374888154778259430e+00
8.237981374770980025e+00
2.160846570085998231e+00
7.244960993490031420e+00
6.434079718215563126e+00
4.746818029299666009e+00
6.435706131456608858e+00
1.660301923854210937e+00
2.780957929892445168e+00
2.078638085653884637e+00
4.141792793383879956e-01
2.675780868270464019e+00
3.826455951297318858e+00
2.249943185891780217e+00
8.374761421168519515e-01
1.940653152430125816e+00
3.666375248268372466e+00
3.325007427008566552e+00
2.797228935442987563e+00
2.914250874110226874e+00
3.951367244016936286e+00
1.560190755855811240e+00
6.697934473854468607e+00
2.247448351701148983e+00
3.222671799206544563e+00
6.656919711306946930e+00
3.337214927845916890e+00
8.370709533459584906e-01
5.122540012432439838e+00
5.985981537040324874e+00
5.027863871694272291e+00
1.099270997374355963e+00
4.880588820570395114e+00
5.663487019686185953e+00
7.423111348095499551e+00
8.449496815712938869e+00
5.386466522183487093e+00
2.052175543989704032e+00
1.801320471258913702e+00
5.946133516044902478e+00
1.860708931970247892e+00
4.643961315519851141e+00
7.263815801159335672e-01
2.260760181856576345e+00
2.724109231538228482e+00
4.926264015399012486e+00
2.300425418550703593e+00
5.181160009291892798e+00
2.941835256468924076e+00
1.526941769616519284e+00
2.260931043250339112e+00
6.582642260597022066e+00
2.355749795416736792e+00
4.708058705436628522e+00
1.776802913179535093e+00
1.662015160467604780e+00
3.606358748494524313e+00
5.414040173075479245e+00
5.057222973079935180e+00
7.517603459113333386e-01
6.234746596608736091e+00
6.292443704258888992e+00
2.274865056673569974e+00
2.309756380161514855e+00
6.192206686001980875e-01
9.275332071647801158e+00
1.873044679530064593e+00
1.818417351912472890e+00
1.056253729081098935e+00
5.280927690017080955e+00
5.847637177509204420e+00
3.268185697386548405e+00
9.504812800206066115e+00
6.493255386813850727e+00
6.657527596820919769e+00
2.211974513116508056e+00
1.482170853807262878e+00
4.914077446053063625e+00
2.147009894258761431e+00
6.387891205634141478e+00
6.181330894589598834e+00
2.452387051949139085e+00
3.051339409684273640e+00
1.778027152732855942e+00
3.557758786177402488e+00
2.501316388366728649e+00
6.913922387786251456e+00
6.847051071724465920e+00
5.895918189283974264e+00
2.017259907511942618e+00
9.379537636835939551e+00
4.257296014361882541e+00
1.753103073840794224e+00
5.986023712597800639e+00
1.753215695632298621e+00
5.276624896500953454e+00
1.446451651318995779e+00
1.568863950475859026e+00
7.953495418493756741e-01
1.080091910023149637e+00
3.005301758939044277e+00
7.288570576692239733e+00
8.699190635692704010e-01
3.715396651464743183e+00
3.548515662080691246e-01
3.302714585312969575e+00
1.639724024292234406e+00
3.879767783917849044e+00
4.140958302653630518e+00
3.250961655112833970e+00
1.068668637544604838e+00
1.684957170435779750e+00
1.627757389468935001e+00
3.179861862166729392e+00
3.148309599093972011e+00
2.341966238629813901e+00
6.138707434269257135e+00
3.340581982076105572e+00
2.684053549652274384e-01
6.808999494210016046e+00
1.032115595756359383e+01
5.680982277474432962e+00
8.083658366805520856e+00
5.724413056638453234e+00
3.390112165036612168e+00
9.823869168750685166e-01
5.049400557338217688e+00
1.203630706493804770e+00
1.548137741974691561e+00
1.689216944463456382e+00
1.117832387480467426e+00
6.588944087339482003e+00
5.088546531698704634e+00
8.042335772031831809e+00
2.945671766258145308e+00
4.494514765668306544e-01
1.692799204158266457e+00
5.313801861941981342e-01
2.363946276160594273e+00
6.429682764815954910e-01
9.058024042000264453e-01
4.073471094378453117e+00
4.456497113297983148e+00
9.950741747151378158e-01
6.803981812941840346e+00
3.229874821079286029e+00
5.946976584691285872e-01
5.217267304800631500e+00
2.809931690474136712e+00
1.647081409352138648e+00
1.014158885780438002e+00
2.765830395053539892e+00
5.456102420809722631e+00
7.219547310476527535e+00
9.376636861443056858e+00
1.483380480529529422e+00
7.136140734197180535e+00
3.956848629833811692e+00
2.777415033846331038e+00
1.342879151210138566e+00
1.322980438716145457e+00
2.172766296624088156e+00
3.346075254320011183e+00
9.665924577368103954e+00
2.166625136590894396e+00
1.927369531872943798e+00
1.178976736271969017e+01
9.325254815270549447e-01
8.338181215496522469e+00
2.688949300661731101e+00
2.131380379877636955e+00
2.514458428985120175e+00
5.208483490117480130e+00
2.776767981447356259e+00
1.033825397315235506e+01
5.584417574174524113e+00
2.372324316585045167e+00
6.221115492140294023e+00
2.266131498395172805e+00
2.526987678701485329e+00
2.628127611570330480e+00
2.051142622710493413e+00
1.300203129687560688e+00
1.025573685167759308e+01
4.552698935943800151e+00
5.937388312284241465e+00
3.418324110811663541e+00
3.650262216437739848e+00
6.056510258884503450e+00
6.133734848504814430e+00
2.232159465635827456e+00
4.294843580633002311e+00
6.544810854824896218e-01
1.706140658236440011e+00
7.760683956370508785e-01
1.895551964609476947e+00
3.553854015313915315e+00
7.132196615353348923e-01
7.126631096215430894e+00
5.747569297110576292e-01
2.764202973179986422e+00
1.243647996814984724e+00
3.314473608825651230e+00
1.447435214798915792e+00
2.505089441792212490e+00
6.272078511577264592e+00
4.145374398287138829e-01
2.328566305126939184e+00
1.043512110550984362e+00
3.237443074979962532e+00
2.732953661509354149e+00
1.320952195436617238e+00
1.841094455951786557e+00
5.968266727382889769e+00
2.820443575741761411e+00
1.721930202785746378e+00
2.065692696920751192e+00
3.686950998514653133e+00
2.715129893925368076e+00
4.682866599959505938e-01
2.288468784658641564e+00
1.036215766510752090e+00
5.890956766114734400e+00
5.327784156240867652e+00
3.932600083447247652e+00
5.321522314212927540e+00
3.033758193556767235e+00
3.427276743771759726e+00
4.542375315931378665e+00
5.365943282773222300e+00
3.322705343279982237e+00
5.037742804860578794e+00
1.205435398462272767e+00
1.779711076160549688e+00
1.839979408218349377e+00
1.588356054198560852e+00
3.240077948247802375e+00
8.176091541307048960e-01
2.672531645701523129e+00
1.205925376385061032e+00
2.296363372910712464e+00
2.679122639598448874e+00
2.966016756576662861e+00
1.321086689572062323e+00
1.000494958220204467e+01
3.308120877010048755e+00
2.212212048568126921e+00
7.651022647503048724e+00
2.510004732982698439e+00
9.474369623826467190e+00
7.563961039138297870e+00
1.505927212395311576e+00
3.403685044981575647e+00
3.714174900584044980e+00
4.922177103148386301e+00
2.662875126659524749e+00
1.362152860839891177e+00
3.326610700940516363e+00
1.804788491452912425e+00
8.228514675482923035e-01
2.940686598119443218e+00
3.502766023766636039e+00
7.660687582994394340e+00
3.525205622281930129e+00
2.584753089065995102e+00
1.600974981026149102e+00
7.606460607364249338e-01
2.291640310633932476e+00
1.806612582556642588e+00
6.601581501292510090e+00
4.258375923407474062e+00
5.834424404157823041e-01
1.304161376083698309e+00
4.054293926705365259e+00
5.302372637046704362e+00
4.206244877010168359e+00
2.642448717211844489e+00
8.594578585097789158e+00
9.292306060196385831e-01
6.166707291910229483e-01
5.819964699096224159e+00
5.159036311778407935e+00
1.902850984348513963e+00
1.490340638090491554e+00
6.042720585545634293e+00
4.629406696246874731e+00
4.304699184316162608e+00
2.512076798653270160e+00
1.255551554597672315e+00
6.378168017339305607e+00
3.649596703187064417e+00
1.266369605736821446e+00
5.534477347898083543e+00
1.510828404837385897e+00
6.201601370092970633e+00
9.085148788047051616e-01
1.578582479441887010e+00
7.245937231027360426e+00
1.767651072585984418e+00
1.508897032628263357e+00
6.989809657179134383e+00
2.526862132673096450e+00
1.884508683477544855e+00
1.779646404515696778e+00
4.346611877800057755e+00
4.552207486315165141e+00
4.904024942717348345e+00
1.116901464382240583e+00
8.282613014036204646e+00
9.460305340625400072e-01
3.111480242112378392e+00
4.728032307470972029e+00
5.933704170384297427e-01
2.648984549669164856e+00
4.560559497587702182e+00
1.620850034847001409e+00
5.535010801330916053e+00
3.825429999688061411e+00
2.205152014175094433e+00
1.368214013299219323e+00
5.973316112777295572e+00
2.864598451770447696e+00
8.013700003631813118e+00
3.774428968552708596e+00
1.350879199951179555e+00
1.155737214675777391e+00
1.333511246900665803e+00
3.404327563093184850e+00
2.052561520826418295e+00
6.146393650867458813e-01
7.885725310835565161e-01
1.645431137594808080e+00
2.226986239024749015e+00
1.801472212918546090e+00
1.604825802874975560e+00
4.810436375900223105e+00
2.462715257257917845e+00
2.869853634632157924e+00
1.075391459992450782e+00
5.953344149436037291e+00
2.174805498774609713e+00
6.020214687090641448e+00
6.730395725141391061e+00
2.676684652425725286e+00
5.820805905099721400e+00
2.066898672848935803e+00
5.900993612276508316e+00
3.304905039414022472e+00
6.538119633441979772e+00
1.798847183439711062e+00
6.046361491961009804e+00
3.398045387489635250e+00
6.781488520048325697e+00
2.926357762914994609e+00
1.005809267996104817e+00
4.726210742598161652e+00
4.893330866930299727e+00
1.879845607932890017e+00
2.944031569009707416e-01
2.673186825917124754e+00
3.767131356231819606e+00
6.372235321453936230e+00
9.360031429442319251e-01
5.485003624196574945e-01
1.420041271446060183e+00
2.042773743702152700e+00
2.664102571816126197e+00
1.343160604158465832e+00
2.428224199691175311e+00
3.255749876895776662e+00
3.389332353938717457e+00
2.598236669656508901e+00
5.637574508602023471e+00
5.966900895573158614e+00
7.897675606714282814e-01
1.968948525582188358e+00
6.163267601801916129e+00
1.240969113504277521e+00
2.921355326824923715e+00
3.090947299644651203e+00
2.848268337418855545e+00
1.134309554692847444e+00
5.550871862526079781e+00
2.656174721790475424e+00
6.514279500077927665e+00
4.284823580599372850e-01
2.120340860508659997e+00
1.720951603911134997e+00
8.072442247009714578e+00
1.706079063027431619e+00
2.329206298382652918e+00
5.901524588729238019e+00
1.155768371569447339e+00
4.783964116610918360e+00
1.725339021065599665e+00
3.575277928055133003e+00
8.859989303889764800e-01
1.977428879434226738e+00
2.016819791694890451e+00
2.603220191924348725e+00
9.582297723112399579e-01
8.637639003610290800e+00
1.364334226106134862e+00
2.061152248594208647e+00
4.471236946709558069e+00
6.738203528383655438e+00
2.262614550142860281e+00
3.393394908260080278e+00
1.370510894069442820e+00
2.758061421221263743e+00
4.026590206740515931e+00
2.235015355617715027e+00
4.064188760493050445e+00
4.246707980159324380e-01
1.450743130672382364e+00
2.109308397372873678e+00
3.323744939755239880e+00
5.988467576933946823e+00
1.687659627956000552e+00
6.008240310107265669e-01
1.517805236330933338e+00
3.604288009905796564e+00
2.149120506018075805e+00
1.618951014156449819e+00
6.469144818434128474e+00
1.582926581425415646e+00
1.471465982539475137e+00
7.858804923732531478e+00
1.998793883825030537e+00
2.107107399477162524e+00
2.049615186441811066e+00
2.199587952905961874e+00
1.907166726804682577e+00
6.900364751524246998e+00
4.506688444506804281e+00
6.955356519750150568e+00
3.674542147984068752e+00
1.684205635496226039e+00
1.610801433292297302e+00
5.498438223497514876e+00
1.788248762260156832e+00
1.044835728751624560e+00
5.096524355330911416e-01
5.443398507814326770e+00
4.739489390115373624e+00
1.728542666322937293e+00
2.106197574868407418e+00
4.074881215531097389e+00
4.709400020317805691e+00
2.195805752625592078e+00
2.663918733153602947e+00
2.093543447726318618e+00
2.630922360631563706e+00
1.154046479768008560e+00
6.076496268134898848e+00
6.139129712485106083e+00
6.816032951754254832e+00
2.505486968811798665e+00
7.183208380984905439e+00
1.215280174001036828e+00
1.877494487816973923e+00
2.976833146601078894e+00
2.174916095255186921e+00
3.417722159804117421e+00
2.245728263320379892e+00
2.348651017486235837e+00
1.115557106582025115e+00
3.891301711636847127e+00
9.999086592677082219e-01
9.024757908206643364e+00
1.117730088541011746e+00
3.435702767725009821e+00
6.016232404310242643e+00
1.986234893041314509e+00
1.198348737563876609e+00
6.259381401933456601e+00
2.502439477432961024e+00
3.034115087069544803e+00
3.424916697329245530e+00
5.930912007849348910e+00
1.959024792117598501e+00
8.458507139589906743e+00
1.036219245285844526e+00
1.059947283342953073e+00
6.609540061100751096e+00
3.419575457127730367e+00
1.605803956052349601e+00
2.971601877040832562e+00
4.873688824139098763e+00
2.738225059632217295e+00
5.792388224240086814e+00
1.790452589915906279e+00
9.855777299159491633e-01
4.045185503718863984e+00
3.087916897412386952e+00
1.081598676711897911e+00
3.298845696208379863e+00
3.198493528838540545e+00
3.086417111335671426e-01
1.468293334678668627e+00
3.186450247910890710e+00
6.985688968381891684e+00
3.174451167135865948e+00
8.521090740678414210e-01
4.248004854061550595e-01
5.501042832187990506e+00
1.005117606272445840e+00
1.618992724778951287e+00
4.118532850761428499e+00
7.099544219128170575e+00
1.354290263145109474e+00
2.789948108926007198e+00
4.295777975530571169e+00
8.180984930674145561e-01
2.532063899184046729e+00
2.441116138599539021e+00
1.497572149350397730e+00
1.090020651737795720e+00
9.035238460448828945e+00
1.871658504679620139e+00
5.008414642234630954e+00
2.582124668662410194e+00
3.590463420686881069e+00
1.410986408039020201e+00
2.778894239035018643e+00
6.522911265317168805e+00
2.732836561340680426e+00
9.202470533439198519e+00
3.760982842546319649e+00
3.650842074306876128e+00
3.193481143754981044e+00
1.733883084907177130e+00
5.258849794888861950e+00
3.350634848593478932e+00
9.711495536484509028e-01
3.428668004154526106e+00
5.414609572715717078e+00
2.435999471094029811e+00
3.517086854226125769e+00
3.543926355159240149e+00
4.988820036490456133e-01
1.456639855755010871e+00
1.112431815563113879e+00
1.459142214127611137e+00
1.344143487420556227e+00
2.670486955478061919e+00
3.980516329927008101e+00
6.256725792877576575e-01
5.839393225155469658e+00
1.404848849654199983e+00
2.366955731586273259e+00
5.175848337864236370e+00
5.739819289351939524e+00
1.761539532666193564e+00
2.102843224972017477e+00
6.011386206299969892e+00
7.956120746777985531e+00
1.305558894465282727e+00
3.734740394229112415e+00
8.540443980896512688e-01
1.662517467531897442e+00
2.658170306544991313e+00
5.502671557501213506e+00
1.388555224982259917e+00
3.388591248618302298e+00
2.143026121630210667e+00
5.666971789793192826e+00
1.796804858704988739e+00
2.741690077773627721e+00
3.219336949611104171e+00
3.126609552352118460e+00
1.409905794949618540e+00
2.713720925756732516e+00
3.746186860419891573e+00
2.443018793806073230e+00
1.214722463219031212e+00
6.181030578888835336e+00
2.006790072912281175e+00
1.932762331576336035e+00
1.368866954037481376e+00
1.493233443380108660e+00
1.245515106890795476e+00
2.708454398949367459e+00
1.903035579418018486e+00
8.109970016218999156e-01
2.488432027458530982e+00
3.253927838256319927e+00
3.879144489879608582e+00
5.761774266381595844e+00
1.547847685199182699e+00
3.049337674730315584e+00
3.260978261088968377e+00
1.325714087068566416e+00
6.273181149984736749e+00
1.185812551469934251e+00
4.144027666604268134e+00
3.453010984148753959e+00
2.560496345874406998e+00
5.384427780302083910e+00
5.382966845948097045e+00
4.473068036121158997e+00
6.848592965452531267e+00
6.351480588611699396e+00
2.436662221167590126e+00
6.419426159435343004e-01
5.113918796225199737e-01
3.251406875822419273e+00
6.467010883057149329e+00
9.395323253635444516e+00
2.736865891869502576e+00
2.047531759600322854e+00
4.879968712691177046e+00
2.873904955996140043e+00
3.103175501215067911e+00
1.641283264824579202e+00
3.155800285488593371e+00
1.349591282972225637e+00
1.623814103024407984e+00
1.201652752042233541e+00
3.166689911352209008e-01
1.839629761962785715e+00
3.026536902132740625e+00
4.423474031422938602e+00
5.275652046803516626e+00
3.428576659103048652e-01
6.996581753581414098e+00
2.656309184488585551e+00
4.093322264700909763e+00
6.808931110409957910e+00
2.365929905631094954e+00
3.581026234425535026e+00
2.898937804679744268e+00
5.636363676803499700e+00
2.176038693639456678e+00
5.066915894599087089e+00
5.264166949051198863e-01
3.468457191313532029e+00
2.816656943573845773e+00
5.597176471129563957e+00
5.310000627422868824e+00
3.360320652096528971e+00
1.885057406580167072e+00
1.001111210483198732e+00
6.842235233642881553e+00
2.702052842493631868e+00
5.497950854322922964e+00
2.468442682250204800e+00
3.340771565274029076e+00
1.133178310784430654e+00
8.684124306627984957e-01
2.532961318131202511e+00
1.096719055340228621e+00
5.721060852393767604e+00
1.714892381452878922e+00
3.229636387737431669e+00
3.691110855459760920e+00
6.804984354046393236e+00
2.845114509180261209e+00
6.711792827005435669e+00
2.921036192936696363e+00
2.603866003121200645e+00
8.194602792119882295e+00
1.717113205751817917e+00
2.810496345061022527e+00
5.641834790067543182e+00
1.926956851548019767e+00
2.852479644789656099e+00
6.346991883864767203e+00
8.016080556837771320e-01
3.195964438625404913e+00
1.224838919628439493e+00
3.910124496967027241e+00
2.628404239709843271e+00
6.265195359782548934e+00
5.956903974596952978e+00
3.292113178799229711e+00
4.700962371898839365e+00
2.486235141096516443e+00
1.496308170458183540e+00
7.833389430512404772e+00
1.949562139376488812e+00
5.371990561776109896e-01
3.015440541919979012e+00
6.125487751972499950e+00
1.955926815067460467e+00
9.313434412482790581e-01
1.882838099904481810e+00
2.935903071857030255e+00
5.054284495374124830e+00
2.976543452229598596e+00
5.454836406851699238e+00
2.662560787278104968e+00
1.620271681824986709e+00
1.959955113467410470e+00
1.884519945518952078e+00
8.452435002101418959e+00
9.716063174216925447e+00
4.083603591929625409e+00
6.636959122057612070e+00
6.686276897107582329e+00
5.858985807891810893e+00
3.494372987477393000e+00
1.441849884061453313e+00
1.515051715084662076e+00
2.012457228305915002e+00
3.653467230611451733e+00
6.734894014194881429e+00
4.743353952075776370e+00
3.131982937934025379e+00
2.386050948001185112e+00
4.310796996348037702e+00
2.012723400961617948e+00
5.318964140273844343e+00
5.656473537119799389e+00
7.625389973048879888e+00
2.616873558700523628e+00
6.017949034533340402e+00
5.918717181514598025e+00
3.119620027765728221e+00
2.365100440801275017e+00
3.631530706470917469e+00
1.106265208251527632e+00
5.658642620291357339e+00
4.601231927187766857e+00
5.342781544652246417e+00
1.565517734092662705e+00
2.855179605727399483e+00
3.812626135749622058e+00
3.669623010891767567e+00
1.097097499947615074e+00
2.995888885569240934e+00
1.192738451865647420e+00
3.366843380360351912e+00
3.340949088689730839e+00
2.782740382232114840e+00
1.460788654687165566e+00
4.226922997888412858e+00
2.800637183355834114e+00
1.738164598211059120e-01
6.193414450434149288e-01
6.011670033498344168e+00
9.687966793126338017e-01
9.284796693786065980e-01
2.883767441345526539e+00
2.828584649755523817e+00
2.897012107325471764e+00
7.787012155703258998e+00
3.529409165729038289e+00
5.442160956834690033e+00
1.138656284142030684e+00
3.592803366699131584e-01
1.606764778773112967e+00
1.419772991782388916e+00
6.494318254982120564e+00
6.052901893706611247e+00
1.709332784498795776e+00
5.554813834147778628e+00
1.189560077489973944e+00
4.101175177614940992e+00
2.556389875573514825e+00
2.235242626225934170e+00
5.560233711300139881e-01
2.569610069685761999e+00
1.492056758203736289e+00
1.403047216457758317e+00
4.317110006756537999e+00
7.044557826027540770e+00
2.168356022874571298e+00
1.271547703594047674e+00
1.521344879438055075e+00
6.810007494245995829e+00
2.421927751675919449e+00
2.376062251442033091e+00
3.844963882110475684e+00
1.013900305121943823e+01
1.988268005033726249e+00
6.198636551762671587e+00
1.740069061031854103e+00
3.079499975173994208e+00
3.471943194846158764e+00
1.996862944080500801e+00
3.938601739468238438e+00
5.840150359088872811e+00
2.969616235936362703e+00
5.352782776769605455e+00
2.883478759315776685e+00
2.068368830899315558e+00
6.438670505829644952e+00
2.315148714781897876e+00
9.000603430949682959e+00
2.519076562498121508e+00
1.405138088964716925e+00
3.709050432286588705e+00
1.285718682140643221e+00
1.760761318029587130e+00
1.394920109070391767e+00
4.582797915869137206e+00
5.260893793503861104e+00
1.155099137133530185e+00
5.079631054160192782e+00
1.570208419886797158e+00
9.884539715827149742e-01
2.598497355898129690e+00
1.007283313092325328e+00
6.455119160851651827e+00
7.500905325838873594e+00
1.471481257269699361e+00
4.489444010918111516e+00
1.655516738766139584e+00
1.460380423075998024e+00
5.283603655388147580e+00
8.134250337257947550e+00
2.130541082981362688e+00
5.390373491291540198e+00
1.661937051577688340e+00
1.382458863887274125e+00
7.838932569312991205e+00
1.621704269372451712e+00
2.955851398403062991e+00
4.009623811344104283e+00
6.582549040096780324e+00
9.112889250867771906e+00
6.451246085577583278e-01
2.083793022264056827e+00
5.759625142634031469e+00
2.044487786575257982e+00
1.665200941724136685e+00
1.772191347776393089e+00
1.998424897124999378e+00
5.312056130508729268e+00
1.848888751250676421e+00
6.103366354751600831e+00
1.204482526115383534e+00
5.152499596448977037e+00
2.117690877963206209e+00
2.075529923516252317e+00
7.184367210389971170e+00
2.930865118262130586e+00
5.973953225600533656e+00
2.459250274831410010e+00
2.110179986558865739e+00
1.838885654516670742e+00
4.529090652526211791e+00
2.534862567056030080e+00
3.582737746835795711e+00
1.922651949118527215e+00
9.236336613853557420e-01
1.287009440167536933e+00
1.000937416267467572e+00
2.750524339600522783e+00
5.252175611186521209e+00
1.928055918055255225e+00
2.056906126541126589e+00
3.865491388919652493e+00
6.945724731768067040e-01
1.472301257116763962e+00
5.169338139053075487e+00
2.709103470855110274e+00
1.302032470110372264e+00
5.906112422776369719e+00
1.875145209860192175e+00
3.924734498148839901e+00
3.861442139256683337e-01
5.155049773477592190e+00
2.294921718566908631e+00
1.573046472453107025e+00
4.826405112852306445e+00
1.600001493084418858e+00
1.698619481907286621e+00
2.201624014232501647e+00
1.971089552149403401e+00
1.250907765786534398e+00
2.285518282590558226e+00
3.175488703394079959e+00
8.847069852029221249e-01
7.253625877160293278e+00
5.309582853548548087e+00
1.241610752399780138e+00
1.484617931163455973e+00
1.691477933350583385e+00
5.518482777171026532e-01
6.578982386333778187e+00
2.121633177301902595e+00
5.833774169071475058e+00
1.645467801116568873e+00
7.707240808569066459e+00
4.605617316710864273e+00
1.296526286525062410e+00
3.939255707766375458e+00
6.186342637604868244e+00
3.305622797532507651e+00
6.643691503822780398e+00
5.514730062608398375e-01
4.067514377360789801e+00
5.338974955171376102e-01
1.000125086891775927e+00
2.533666600759993059e+00
1.487144687155652401e+00
1.955069330574288777e+00
2.027664837246773377e+00
3.497637548960008225e+00
3.626859416827449500e+00
4.139930934597485290e+00
2.780931801000999570e+00
1.146169502948380936e+00
2.523792083494605709e+00
2.982374149606497049e+00
1.994366841400713852e+00
7.274473284589147326e+00
1.975520750204749820e+00
1.333087184305550732e+00
1.107733682131151420e+00
1.128962756335897932e+00
1.076171729139629996e+00
9.439088976101579487e-01
2.149773783892014123e+00
1.795469934355186092e+00
2.639015592641507535e+00
2.215170728739765948e+00
2.106652211818419662e+00
3.415913960807092309e+00
3.573902667951379897e+00
6.000261549905550496e+00
1.170671685297155484e+00
3.071425766040594585e+00
1.442599272467697924e+00
7.851931917921025850e+00
5.294494792865718225e+00
7.876205612336538486e+00
1.157006986164999640e+00
4.527475868934567771e+00
6.007934771140089225e+00
1.052011805378650910e+00
3.221052001790987163e+00
2.644972078693982098e+00
3.240599593676769530e+00
2.329965704774701329e+00
1.317501085172997133e+00
5.452886665405228150e+00
7.321012847329965156e-01
9.444693146795255512e-01
1.581825392192246493e+00
4.347346456727732900e+00
2.519820242807421895e+00
2.170493496617682538e+00
2.228630824396578891e+00
3.244343759145182915e+00
6.709311397765290508e+00
1.640019828600720819e+00
1.821887688214175016e+00
1.170873307426327115e+00
2.324635919452743504e+00
4.762774489530221089e+00
1.616942538780647087e+00
1.532771223189064891e+00
6.632543268713054774e-01
2.710709881700596124e+00
7.769093543721756756e-01
6.989264602627764056e+00
2.670028751444141424e+00
1.412834960814736807e+00
2.370151417184089393e+00
5.223568536875670354e+00
2.928207675461399262e+00
6.158156805215146967e+00
2.340198004329407055e+00
2.896382075781933185e+00
1.720944259296125045e+00
1.274682356948190254e+01
5.968155965766618110e+00
1.017147198744334879e+01
9.293862543480690519e+00
7.294326378346031703e+00
2.868325202048976674e+00
4.755427335852392190e+00
1.063145411206907420e+00
2.603463574392309354e+00
6.207128418441533846e+00
2.603425415418233246e+00
1.807242793385517743e+00
3.947381548175059596e+00
4.667330637105370883e+00
1.695838897114928079e+00
2.222511190209891740e+00
2.351581095028990820e+00
5.445041371370023420e+00
1.665225715344291757e+00
6.101260539311263109e+00
1.479519544093858885e+00
5.013382279248316920e+00
2.210602007416355708e+00
2.302294796026568058e+00
6.211721545559009350e+00
2.209526070474429726e+00
4.043012649331314989e+00
1.446189837207381146e+00
6.404169167850711553e+00
7.142833272305761483e+00
2.436404581902982702e+00
2.801895928138806724e+00
1.536747568100945482e+00
5.589675794951084242e+00
1.843627356798742234e+00
5.513053041709415680e+00
1.733448068373361739e+00
1.426037540789353963e+00
8.554954152550083180e+00
4.216510055436907045e+00
2.496649944106668517e+00
2.322406921609382557e+00
3.134317653425562344e+00
4.665191183480802195e+00
2.066012469651772765e+00
2.715622064814304348e+00
3.685364635670567601e+00
3.194870389918154086e+00
5.819427762690556172e+00
6.936988821932184024e+00
3.567396958767782067e+00
5.331339298449263353e+00
7.130631235739578244e+00
4.010607348928119542e+00
2.870036611228877099e+00
1.027442704894816261e+00
7.156698013570084171e+00
6.996085025611628261e+00
1.733835391144658677e+00
9.203680822496885794e-01
3.549937853621237593e+00
5.879323489184923091e+00
3.082792998577477128e+00
4.668910709877700072e+00
1.395323567338967230e+00
4.539373240121198361e-01
1.291908586488339283e+00
6.697769245774348512e+00
1.738448456490143235e+00
1.802338028828732952e+00
5.781799053354567342e+00
1.984465546103277411e+00
3.861101276968969209e+00
1.625239806396664877e+00
2.290065712027132161e+00
2.673648531554058572e+00
1.877606157371750406e+00
7.874589737894122088e-01
1.021688418341398341e+00
4.346050022164337001e+00
2.682707631212100097e+00
6.681443516587113329e+00
6.710054792533312273e+00
2.487400184051444363e+00
2.679190943464707875e+00
2.366302129750494032e+00
1.757083625030267049e+00
1.852182872364905863e+00
6.303317793519989110e-01
2.157219811099460482e+00
3.854411659664339407e+00
4.643400320320966834e+00
8.373354079671250227e-01
5.988091090757023949e+00
3.083772474488021942e+00
1.948778512130719953e+00
1.385509982855380740e+00
1.380060558866427423e+00
4.085159975984269387e+00
6.355190687940748262e+00
1.552553642670676082e+00
2.304942325839030470e+00
3.067994960552776096e+00
4.961767336544459894e+00
2.548481396806679733e+00
6.956825405032665444e+00
4.315883610638463708e+00
2.154110147243251117e+00
2.194226026003645469e+00
6.587963551293905873e+00
3.193548767350116169e+00
1.957111369178603733e+00
7.005330610015499282e+00
2.556131143664066130e+00
2.678526388035685102e+00
7.093641131173336944e+00
6.229008238911593942e+00
6.484657719858669012e+00
6.218325635003073337e+00
5.825831744902189691e+00
1.773640267959940120e+00
1.026543894289762227e+00
5.096805016921710507e-01
5.148549381882979503e+00
6.661334420933854972e+00
2.126926239975158506e+00
1.195012817311572828e+00
3.242099090225474267e-01
2.465731271407454184e+00
2.555029353366520262e+00
6.039672746297291894e+00
2.119010825376825835e+00
1.323111032093318151e+00
1.366184747525660104e+00
1.352332926482381126e+00
1.555090881913032019e+00
1.358349823752475816e+00
7.665779695219806733e+00
3.280778749593571852e+00
2.188116963379667546e+00
2.253698229139133868e+00
6.924802988563586226e+00
4.555627588321633503e+00
3.200775898285568744e+00
1.263678190460554518e+00
2.581454569844628733e+00
7.359795250214403950e+00
6.124183745351328589e+00
2.391232566337499588e+00
1.876754084939600054e+00
8.157273545224773770e+00
4.004975564501312313e+00
1.421947180695411372e+00
8.075043941480345211e+00
1.768994520623773825e+00
1.026361142661116110e+00
1.720778826052917765e+00
5.288934786271803468e+00
2.394189522119873015e+00
3.082669397595861227e+00
2.102615016646872004e+00
1.159317692794463106e+01
5.313946422082143961e+00
2.605282975327633199e+00
1.150929043151722286e+00
5.634105857290160557e+00
5.841069445637551816e+00
4.058856357559800898e+00
4.650514276961171589e+00
1.298059070927170433e+00
3.395394084030565196e+00
2.939039673341145242e+00
1.358392253340546141e+00
5.941496223775140528e+00
4.174016285021076911e+00
5.910367621890259215e+00
4.747369240389621936e+00
7.097948199543346881e-01
2.190284269032269027e+00
2.475868532352801576e+00
4.538708378564470181e+00
2.292654396581942589e+00
1.840188992959738812e+00
1.672447047160342759e+00
2.211593270081954277e+00
1.525378262027563769e+00
2.700519941859243378e+00
5.955274777350084037e+00
1.689758229261008271e+00
5.711985182041346754e+00
6.769371640679161750e+00
3.516019071062775669e+00
7.289481361419944072e+00
2.304671476991634549e+00
2.282421330842002050e+00
1.546893588930631003e+00
5.172137615206753303e+00
1.570025137635094881e+00
3.857923719987238709e+00
2.055780887395930900e+00
3.356237910303536687e+00
5.184768063148373685e+00
5.744385791990185730e+00
4.015735121719266942e+00
3.298645994875059717e+00
1.512150435110995117e+00
6.229376987247785991e+00
6.928658897942913342e+00
6.015172876048288764e+00
2.038320933193761508e+00
5.030028699763700040e+00
1.882630147203808058e+00
6.825111614629499890e+00
3.799347871227814810e+00
5.789022024962831914e+00
8.198906736927391137e+00
1.993110545772731390e+00
3.319464113338004729e+00
2.918771977294236208e+00
1.726118016943831490e+00
1.170628647419222901e+00
6.130501694189132156e-01
3.650824916447234170e+00
8.106944953092944939e-01
8.093039941279933647e-01
5.049128667255261327e+00
3.656759834330512327e+00
2.740389120430629433e+00
6.048521007100350566e+00
9.952553849091969607e-01
4.530527749811911420e+00
1.571810639099122664e+00
6.369524653188321395e+00
1.590106713687704287e+00
3.095788046333174837e+00
4.208637632509486970e+00
5.420532703162048271e+00
1.836477758937616001e+00
7.962065159812010684e-01
2.281492955103175291e+00
1.692401571415112160e+00
2.905375628956607059e+00
2.645533652658682122e+00
2.916485327398904204e+00
2.078964090586574276e+00
6.045994234630512665e+00
1.463334730823252272e+00
3.757498336392309124e+00
3.247544489771030829e+00
5.525141474445355527e+00
8.575000075602635663e-01
2.891942058631231216e+00
7.181687380439429447e+00
2.370341177192504034e+00
4.871680004276673692e+00
6.256694770627565738e+00
5.422781569617894704e+00
1.725079671939889314e+00
9.329725656495033714e-01
4.830007110858529629e+00
2.013964705621566154e+00
5.707540283560662564e-01
2.491690329069019771e+00
6.641356315071720751e+00
7.090426499612602074e-01
2.470421275176712061e+00
3.015497030168689641e+00
3.010353239241044587e+00
9.104986059953681377e+00
5.360994459109822863e+00
4.229701111213811870e+00
1.089218942692208092e+00
4.729689159379879548e+00
6.532142648100769833e+00
3.221525606960236043e+00
5.274589264416406076e-01
8.589510337804465934e+00
1.499609396801006911e+00
8.609278796742035889e-01
2.259420530095843649e+00
4.667059814902701831e+00
5.390224203265742808e+00
7.000126409575873510e+00
3.455517131242258788e+00
7.644821975587206886e+00
2.163193293892002877e+00
1.750704772505894180e+00
2.260020786256454195e-01
4.387114455837278548e+00
1.441799674526096808e+00
2.282509777029964493e+00
6.928861846239294131e+00
7.541680561031631758e-01
2.496136996213811798e+00
5.933643135400180846e+00
6.408974619975039033e+00
3.319219360396294505e+00
3.152058719993116043e+00
6.345931110406976217e+00
2.501863094017788391e+00
5.119857856858992529e-01
1.880968835644648784e+00
2.842617725983657806e+00
5.370560695842558907e+00
9.829949828428249603e+00
2.979411878661071267e+00
3.217922252655465165e+00
4.893358475353128401e-01
3.658271791387991190e+00
1.738911250176189194e+00
5.846851472763426649e+00
3.961399131281983621e+00
2.472908212778099912e+00
1.974392986104574366e+00
3.722758105255204342e+00
1.198970431362868005e+01
3.196624873029068503e+00
9.735336446288734846e-01
3.639341884307937924e+00
2.636404706533648223e+00
4.100102060389152925e+00
3.257141238925553850e+00
1.204965918380285661e+00
4.049704230300442021e+00
1.414695559183112072e+00
4.283697684163148445e+00
6.250749528548785960e+00
4.527065288306692636e+00
5.122363001726700560e+00
3.330875693902626278e+00
4.950184107508524001e+00
2.445631728300988961e+00
2.827363380497277312e+00
4.820354971525236287e+00
2.441644156695970569e+00
1.718779796010982075e+00
3.360223760320137920e+00
6.581434595365339035e+00
6.310150211352599570e+00
1.673609129922136951e+00
8.681698108183695251e-01
1.555360792500459777e+00
3.140133652139959430e+00
2.915432394713864728e+00
2.419712244452597805e+00
1.079364759347308800e+00
1.773557914045828188e+00
3.047314557747951014e+00
2.590271704146406506e+00
5.831043058008932078e+00
5.697014788576690414e+00
4.219368877279370822e-01
1.342683787630098546e+00
1.139055126765522674e+00
6.158703074520123444e+00
4.711304167414936295e+00
1.539129376221910483e+00
4.674509060761894652e+00
2.844093992294718820e+00
3.840031730139638277e+00
7.845865278260427678e-01
2.829963471714336709e+00
5.126474148480512305e+00
3.246309887397483163e+00
5.695947888263548364e+00
2.596592550398022503e+00
5.082229652001124087e+00
1.109624187197083778e+01
6.617814945699752371e+00
1.162760564381585038e+00
1.402473474700855594e+00
5.319277165707398503e+00
1.430634757702715198e+00
4.769213665442308958e+00
3.056700142603727688e+00
2.503908451022668125e+00
1.552036631325503846e+00
8.871562342945578550e+00
3.554712383564185174e+00
1.814536800824100071e+00
6.060220212503927506e+00
5.890268713988731974e+00
1.475186386900567470e+00
6.825563246589022803e+00
5.327290497122104007e+00
1.379693939097378586e+00
2.862030947052136121e+00
8.839075985894079279e-01
1.177135061754361667e+00
4.190092006965299376e+00
3.043006897224091567e+00
3.037601737483080377e+00
2.075898975827409121e+00
2.552852039946918783e+00
1.624922624676219618e+00
6.672851985093321225e+00
7.287679634670874762e+00
6.640598163903020934e-01
2.158110290131065145e+00
1.449538938065594529e+00
8.050014701006153572e+00
6.431338624543743165e+00
6.217799126313746427e+00
1.041210446567308878e+01
3.863781620828226959e+00
5.359483662999106279e+00
2.263747394133896140e+00
6.216106884499827956e+00
3.005066416265550711e+00
2.757983636370358038e+00
2.966817258731438756e+00
2.712111423200437521e+00
4.302831405420612931e+00
1.899004777294333257e+00
5.640050619543815813e+00
6.108319284842820274e+00
2.101292981752768352e+00
7.287466478726799757e+00
4.200171934819240782e+00
1.314244638701826062e+01
1.090686079601625558e+00
8.293916301770085653e+00
4.566723510171110334e+00
1.160650768962381729e+00
3.303189342712273380e+00
7.306503232842875839e+00
3.194071361840986167e+00
3.595568640856648290e+00
5.503354647661440335e-01
2.201056066752902218e+00
2.742570529842188520e+00
3.744326950920383368e+00
6.633792395944213993e+00
7.579876541597632134e+00
6.026831328710406055e+00
1.280125145107573248e+00
1.012984808874333620e+00
4.173948939512578171e+00
2.055769161767215358e+00
5.759493718799438611e+00
2.919238152531944408e+00
1.688765753168314232e+00
3.164085535904135771e+00
2.927745192342457337e+00
7.958163519817916587e+00
2.795694755802021980e+00
3.461522624625852806e+00
7.233526554914362361e-01
4.846148464747117579e+00
3.672626459242397612e+00
1.871429129643238820e+00
8.696765974246233100e+00
3.916007827891891502e+00
2.239584062602646419e+00
2.289695061373107521e+00
3.478920956715807478e+00
8.746643658256015863e-01
8.949108055341028489e+00
3.047077035206357198e+00
2.686350242110272291e+00
1.900796524898619388e+00
2.099731548561918792e+00
2.079556127150015143e+00
7.337775160392619789e+00
2.068838293520878224e+00
4.719137124773003400e+00
3.053747952644622288e+00
1.293384280114522777e+00
2.868822588975820320e+00
9.256768996148000417e-01
3.306815541303671946e+00
4.609215498756761953e+00
2.196320425044770985e+00
2.152634381021166554e+00
8.828892302840153361e-01
1.927461341010727969e+00
2.076063727924938096e+00
1.833942431464740563e+00
3.776886007387326050e+00
1.502618221845094526e+00
6.077148041279499147e+00
1.583197027489572140e+00
2.878638389363869177e+00
6.834174129309904977e+00
5.668010731336415198e+00
3.028326342600745846e+00
2.907935212319279650e+00
9.656293411499170531e-01
7.130201110259760000e+00
1.013924025951955743e+00
4.325558017444070202e+00
4.744496753930359745e+00
6.538035146891004068e+00
9.234676373596772958e-01
8.753684113287654611e+00
1.674222866169313262e+00
9.893282834272592030e-01
8.798951285273487466e-01
1.629152466454817816e+00
1.399392837427856140e+00
2.799717168765104791e+00
2.930240238679041820e+00
1.386302689729265847e+00
9.884012509991357831e-01
4.152667628846837822e+00
2.419865582127814996e+00
1.012615865952402494e+00
7.400907523708251112e+00
4.680780668356423035e+00
1.481148867962013727e+00
1.293404394743057795e+00
1.054015191046098643e+00
3.963383898475342448e+00
3.372874729380637149e+00
6.052620957709780036e+00
2.655113574699024426e+00
2.399431249145467682e+00
1.745438645844599401e+00
2.877393671256599728e+00
4.536841234316228544e+00
3.966562729538693599e+00
3.856926712082375808e+00
3.171144441446713813e+00
1.813515171446578700e+00
2.504185542625767535e+00
6.622433843893815286e+00
3.945241240698470264e+00
4.014535633312092955e+00
2.773659075916887318e+00
4.408357719055470803e+00
2.696212417538920381e+00
5.334357224584048929e+00
1.020351991739264941e+00
6.660054979466520031e+00
3.482634030869070862e+00
6.910219392949665806e-01
7.369072189421973507e-01
4.558004379749613477e+00
1.135889151882533810e+00
2.096249747866322455e+00
7.351545670237487062e-01
4.733216562928962645e+00
5.307173794829608937e+00
1.071628546350605893e+00
3.148517769128393873e+00
2.774515275960635297e+00
4.837826772506517159e+00
2.118460269789575356e+00
6.216531861183507424e+00
4.420196354488344248e+00
3.161215532790648375e+00
2.067656690182588797e+00
6.235540132561624205e+00
2.102793054612820622e+00
3.466627801334091430e+00
4.529696210421123581e+00
2.600103385801168177e+00
4.836694144536441087e+00
1.235311460276080409e+00
9.731954923152647652e+00
2.516424941099799195e+00
4.357971176184148199e+00
4.547739085641760326e+00
2.919255162767257161e+00
2.028324403336865256e+00
1.673738943062034856e+00
2.294978154637905554e+00
1.496181873821705866e+00
1.435493761457870665e+00
5.365753637139406784e+00
5.978220567399110230e+00
2.182199272409735880e+00
2.428730504461043882e+00
3.240004707960999930e+00
2.964909130729719067e+00
3.712733280656493218e+00
2.877309992805973771e+00
2.098653724018851641e+00
3.342965587542738870e+00
2.364154336046869087e+00
5.681463150940194495e+00
1.627598374967331729e+00
3.044246986044920611e+00
5.541216287164020926e+00
8.095204789409232715e-01
6.596599060817966986e+00
1.722622697188755936e+00
7.928271724213376892e+00
8.200742463621757405e-01
2.615817371951818071e+00
3.133600299210882234e+00
1.899230221130153717e+00
5.847133218464477977e+00
1.231672284565413777e+00
1.376929496983105849e+00
9.071897602027337859e-01
1.545308808683895752e+00
3.950641919365841748e+00
1.599803440259287335e+00
1.315417001613358616e+00
7.975464046096624182e-01
1.878843654219664483e+00
2.009737983534923611e+00
5.883081198139379353e+00
1.116744653678495292e+00
5.672799393580072014e+00
2.506782677271480519e+00
2.276076037544246145e+00
3.231961595120912190e+00
6.373354440620033756e+00
6.629250816137304270e+00
6.198345697594519699e+00
4.720029325730431324e+00
3.376616941473565614e+00
4.778564607028060074e+00
1.194588308735475835e+00
9.405001332644813417e-01
2.454664636819749113e+00
2.179137846202982676e+00
4.320574072789105990e+00
4.085530630216773318e+00
5.883991878127405872e-01
5.491803540252593763e+00
2.556261183381653090e+00
3.213095649270552912e+00
5.810264866090914637e+00
7.140168650259403726e+00
4.135644218406514305e+00
1.912657805873506423e+00
4.607077274089259156e+00
5.661816653679496270e+00
1.994069189744314130e+00
5.150703669829955755e-01
2.685246272778529342e+00
2.240489946909870245e+00
5.161095129524379210e+00
3.440474514757223545e+00
1.308543197702265459e+00
1.533226250284478231e+00
3.667536587187037789e+00
4.912161809912538146e+00
3.682216832893927538e+00
2.395325606002871144e+00
4.455792491955744339e+00
6.917409647649032323e+00
4.763435423534102320e+00
6.098319203014814782e+00
7.393449263998508769e+00
4.603087337732152839e+00
5.422276455013941288e+00
1.164202984366597748e+00
5.989359294423778124e+00
2.374912815028079383e+00
2.998155411692374983e+00
2.035279753176223672e+00
1.493565656643452977e+00
6.450564596855698163e+00
7.606882292826433911e+00
4.242971884926648229e+00
1.072262774138308616e+00
2.439698217755483345e+00
1.791452902028065841e+00
5.872626155581761154e+00
3.392613760733449890e+00
1.728402215785362017e+00
3.685513532128963821e+00
4.080236609659787739e+00
3.680951194987013508e+00
3.567933891301995342e+00
1.571000126398828245e+00
1.317337795510266307e+00
2.017867276295640000e+00
7.144211665370003850e-01
1.445090323816042188e+00
7.633003409116668969e+00
7.040558642507912523e-01
4.097265069283849925e+00
2.460900915595087390e+00
1.428083890681686396e+00
3.599193898434152938e+00
2.707935139357858567e+00
6.145339689332913302e+00
3.026358114060247129e+00
1.302663645244794832e+00
5.042280073453016875e+00
9.004526055030616760e+00
5.691005319953702291e+00
1.676400598878605930e+00
1.865566430458708513e+00
6.775854383692818672e-01
2.650145754979012391e+00
2.245990913735898431e+00
5.342908186337892218e+00
7.573835549878781270e-01
1.827808825715008911e+00
1.136350530809788539e+00
2.285395261199432149e+00
2.371093769274287499e+00
2.458955107815013807e+00
6.322331743943755633e+00
2.854145035608329550e+00
3.808652767169759201e+00
1.580044024471577657e+00
1.609992721257186288e+00
5.444287547851254239e+00
9.060059004009142214e-01
6.670280127652756796e+00
7.420164326868053273e+00
6.477139131868777655e-01
1.722775690590861108e+00
4.436216620999172133e-01
2.448435592320015175e+00
5.501407367998950804e+00
1.580783076904558326e+00
2.558674181711222406e+00
1.223479229065732365e+00
1.313412600490449833e+00
1.748003068546783556e+00
2.353559823990993394e+00
1.111000672014110568e+00
1.135927509411658543e+00
1.266594872253923976e+00
4.379555103850679920e+00
3.222035183024988925e+00
6.051130056755708253e+00
3.801819238006724166e+00
6.491501920366916423e+00
3.803065286185724148e+00
5.709343656950231605e+00
2.687818219370966322e+00
4.255480563254402604e+00
6.902120475842911773e+00
5.920489555013593863e-01
5.269952419700646429e-01
2.139135029957305534e+00
4.244363105166575778e+00
1.531990565316570407e+00
3.140503768244664151e+00
3.171947986187391155e+00
2.438910502958477888e+00
2.715885206764692139e+00
2.943205575309946198e+00
6.926428947247277534e+00
5.068522876821863754e+00
3.330722931915555574e+00
5.132172089954385008e+00
8.303169390637332725e+00
2.170295597713447489e+00
6.840276063206116142e+00
6.808224180581452956e+00
1.672774998721689332e+00
7.795518389956197502e+00
5.189664436839040107e+00
3.543633229025256348e+00
2.197659579646042083e+00
6.381421120870157004e+00
3.761541526402921054e+00
4.406112795918794234e+00
3.341086506545573265e+00
1.260749945846599296e+01
2.862909155223235302e+00
2.011902305437065053e+00
1.251785955049313337e+00
2.961678318739447313e+00
1.849342258543467565e+00
1.264545008797984371e+00
5.411181426802832206e+00
6.575341007644223801e+00
6.238142515239823993e+00
3.260212343591712969e+00
1.412279428385365687e+00
1.815335955847650951e+00
2.981907995201188655e+00
8.108167176633305218e-01
2.216293772462231360e+00
4.456715430475451711e+00
8.041685098228718687e+00
1.146956202874954422e-01
2.106364465592281299e+00
5.748173085719402664e+00
7.626271131983255458e+00
7.080563950541308715e-01
1.719112159866434508e+00
1.146283458825785084e+00
6.193113011472141771e+00
4.401972918493253673e+00
5.615727173732995681e+00
1.784856652421918488e+00
6.406878262824006853e+00
4.676787946031795151e+00
3.495002247688998143e+00
1.727156293130643672e+00
2.377265813722168719e+00
2.691764808790494623e+00
2.793926074696273076e+00
2.151963585348291907e+00
6.077597140194977321e+00
1.268298569828467448e+00
7.345787766652590589e-01
7.582271308365562845e+00
5.743447312173287855e+00
6.150844939811211276e+00
3.171007227232173431e+00
5.683795445802466872e+00
1.004908831281767867e+01
5.113835172885033309e+00
6.249870694069419308e+00
3.111067141535425851e+00
1.454162576197444823e+00
1.284338192950355229e+00
1.873768218834659161e+00
6.317628377787608329e+00
7.245493632228981795e+00
6.292507623687167317e+00
3.631656339291068125e+00
2.067199944680336188e+00
5.679386679572602681e+00
6.900433633146302093e+00
2.317627492199035633e+00
6.792770232686556220e+00
2.675088694195880912e+00
5.000399301964398191e+00
6.665503727741591611e+00
2.422541040567095738e+00
6.095174652592923792e+00
2.482388263190584254e+00
3.208748406014027665e+00
5.735366664064134312e+00
6.244969995210519542e+00
6.321788838153279855e+00
7.448011188393083515e+00
5.458600053186115630e+00
9.436805618813135510e+00
5.443163090010918026e+00
4.053652681081950426e+00
5.019596083635002870e+00
4.683835809742559420e+00
1.185132248249339271e-01
7.853730731311610036e-01
1.570934849208992956e+00
2.827308830741718459e+00
5.335168067129745673e+00
4.438423543200666010e+00
1.726273037580375647e+00
5.735589887167954259e+00
5.807663041592651787e+00
6.651617622077155900e+00
2.615248459255855362e+00
3.208151312289563073e+00
5.836327047974505966e+00
9.484359280451801766e+00
2.561375960010221053e+00
8.033173259694386559e+00
6.546606539543922132e+00
7.361321220172460933e-01
1.510479696105621494e+00
1.578893217688756456e+00
6.110901945699011018e-01
2.938960646927414544e+00
9.260247025112501307e-01
1.718891872753991912e+00
1.869251587130722925e+00
3.560436931933228522e+00
7.345413641454648257e+00
8.688126616890916587e-01
3.319176474376974717e+00
6.752873702192060179e+00
8.844005350881397831e+00
1.789413936270786820e+00
1.768982090051669065e+00
1.652822242205321146e+00
1.442668257242907259e+00
3.061590558180680599e+00
1.798757264084576368e+00
2.870175146264456689e+00
1.216465423206287255e+00
5.869056435987356046e+00
1.748665136209395010e+00
5.373389446581901652e+00
1.068852697443252175e+00
2.819717508544555606e+00
5.999573704919622941e+00
9.025663561589473138e-01
2.610599345483492595e+00
3.957640876616979497e+00
5.283220499897849365e+00
3.839224247154627623e+00
2.177883096556056053e+00
2.013351951867502265e+00
5.379812311751236642e+00
1.313637810068593481e+00
1.023091204138883548e+00
1.823378139088311478e+00
4.594689941027875868e+00
4.410614921332994598e+00
3.293190019814931535e+00
1.687890402289135894e+00
1.818242336131884462e+00
3.467488662146513967e+00
8.680811900050269259e-01
6.890002688958305477e+00
6.846849399203230213e+00
8.897766802735718183e-01
6.670381978045419658e+00
2.473530549161397030e+00
2.900263214352265528e+00
2.965584474664453740e+00
4.590321801244521716e+00
8.188367741113294684e+00
3.195155511833867479e+00
3.171490572907874395e+00
6.968150855140916811e+00
4.040212428490705499e+00
1.358792339637007185e+00
7.134591742866398967e+00
1.032451203679793927e+00
7.576966823503189730e+00
6.042068045862123427e+00
1.483150440901370715e+00
1.198328620546281975e+00
3.345697727104377073e+00
6.916004662908808776e+00
2.792767198368704129e+00
4.259097098665762360e+00
1.409680358980093917e+00
7.635826978905174700e-01
2.411045374872132996e+00
1.312954364050124889e+00
6.988106173936560195e-01
3.899175484334032049e-01
2.517271749826778482e+00
2.286637637140347401e+00
4.454748191443861138e+00
3.943990166884555837e+00
3.739856629222579443e+00
3.769756538689215564e+00
1.563431154976721249e+00
5.825500067474652433e+00
4.971084490141656209e-01
2.057756451473460313e+00
1.278740930017908228e+00
4.982636178448406561e+00
2.928061504180703878e+00
1.446726895222789411e+00
1.538549099984640955e+00
2.559267440317517739e+00
1.632528957899841204e+00
1.787813712844235958e+00
6.266955510319656142e+00
2.261658919109382104e+00
1.306798267100980793e+00
2.169709996381615991e+00
6.457428616358383167e+00
2.118888810186653870e+00
2.834288926719391366e+00
1.096857938710174007e+00
9.063155023527559306e-01
2.441879912890967841e+00
6.308711120680032813e-01
6.959347866736762533e+00
6.850878089171933416e-01
2.860849832559622996e+00
2.169891803515159534e+00
9.003847341660806691e-01
2.756689331457400804e+00
1.672600162063007989e+00
4.103421423630831733e+00
4.299117872486849512e-01
5.270506497156624448e+00
1.255216136110449465e+00
3.814261835341423712e+00
7.649934471169874683e+00
3.806542025494526360e+00
3.148163518570637809e+00
2.753142376174299244e+00
3.156146496313429139e+00
2.623570366601542414e+00
3.409513085888311590e+00
4.122402377350296909e+00
1.081676117529366987e+00
8.630224508832291974e+00
4.761061757903833680e+00
4.698983314084378193e+00
2.760080430441460564e+00
1.776663700070952423e+00
8.169488354149020415e-01
3.184960367554064309e+00
1.302426566998012181e+00
8.632982890730866998e-01
6.905047387612124332e+00
6.832538133487850551e+00
3.359114304891046121e+00
2.414559718013661094e+00
2.265620886296525249e+00
2.045851591739198838e+00
3.011162893464307100e+00
1.771936810602240175e+00
2.015026178727989059e+00
5.208151930176033950e+00
5.645473139761866044e+00
5.641806692436728277e+00
9.507841120217294106e-01
6.833902094050205989e+00
8.474380957909970480e-01
2.631889206470467535e+00
3.370137544708716737e-01
5.947128921572814031e-01
2.467721473681165456e+00
4.161616903603940543e+00
6.818941944964443280e+00
7.118404807464585593e-01
1.434447662318705685e+00
3.791436597586269830e+00
6.959589620751870598e+00
5.874619768169241141e+00
1.559320234845591679e+00
2.122953805759801860e+00
3.066599574448951593e+00
1.960942149695790837e+00
1.129101779445997877e-01
1.650539094844747146e+00
5.365540125424022477e+00
3.978340977202240225e+00
7.009864528347404367e+00
6.208758887871578258e-01
8.856880628803134314e+00
1.058524477264808805e+00
6.979508013476769523e-01
1.734255003549316942e+00
4.906120301174242138e-01
1.417252435649529962e+00
1.856362890961751333e+00
4.119317949232252474e+00
2.793505146920665094e+00
6.800808041308643581e+00
1.655319047103860131e+00
3.313835366723530296e+00
3.734913003075891247e+00
5.143534585657858038e+00
2.635944327497188766e+00
6.360114492810968301e+00
4.714316011020412422e-01
1.452623633632610378e+00
4.549702370367564086e+00
6.908762068436143267e+00
5.942834658458262531e+00
6.623404722234088382e+00
2.546410354034262635e+00
9.259667063809933651e+00
2.791455576180785769e+00
1.092460329672159558e+00
5.526998791996190263e+00
2.537306322125912672e+00
4.268120054064166724e-01
1.130520493403040838e+00
5.478645385135035184e+00
5.329924303931870000e+00
3.796914453753692076e+00
7.039273929704321642e-01
1.679333643468051029e+00
8.965450469003911627e-01
2.261286501991173647e+00
4.271229456095175792e+00
1.563144229767282400e+00
5.965020587292597654e+00
1.865180918274070399e+00
8.998833129074885306e+00
6.416226403951983848e+00
1.700924873920539371e+00
2.079611427138184698e+00
2.389926756980720768e+00
3.782801789150206595e+00
1.642731493205851434e+00
9.889815564625880739e+00
4.760327181618943193e+00
1.671446121495181680e+00
4.373813666377824205e+00
5.530079315591022393e+00
3.779115532812682421e+00
1.621359151435590285e+00
5.057300746902360977e+00
3.167356545175386007e+00
1.002317640261864762e+00
2.530580163562924145e+00
5.707463765658012944e-01
6.780279324904664229e+00
3.973425609631516142e+00
5.485597531182012432e+00
4.884345396294784258e+00
4.131274101532135923e+00
6.807792433074965288e+00
6.295026159683377642e+00
4.101446877281694547e+00
2.774056601319281334e+00
6.021832505034665495e+00
8.298473947477718049e-01
3.935279849396528196e+00
3.240969416695424599e+00
1.779007348590417203e+00
6.464711126832857202e-01
2.972725283393342188e+00
6.434818688858136682e+00
1.478887827075224370e+00
3.612218981695143771e+00
5.438483311532149145e+00
2.008753563920307794e+00
3.623488364328597555e+00
8.300832659803205615e+00
6.452103594241574980e-01
4.510271667212221836e+00
5.121991273410833934e+00
4.797536783969989393e+00
2.113751207439368063e+00
2.642605852356811447e+00
1.979890849875264980e+00
1.187693299347511333e+00
6.627649586125463621e+00
5.653523351246212414e+00
3.454615514135184196e+00
3.286141041956504694e+00
5.964739830161986056e+00
5.889841801573611590e+00
6.548657618153046478e+00
2.654404794658665523e+00
4.518923217849897811e-01
1.215691696869413585e+00
6.281177140531619685e-01
2.940879764506763028e+00
5.684708657707416846e-01
1.049150234630594092e+00
3.681926068222420856e+00
1.896109373405131526e+00
1.248885425054641507e+00
1.676052157991322122e+00
8.448535524027119825e-01
5.556200971219423579e+00
2.209644995179606219e+00
3.748225027355747141e+00
8.227261809291518402e-01
5.962978823584177412e+00
6.184994233722337142e+00
1.794965360030684076e+00
1.755060159808575992e+00
2.762283808202860236e+00
5.417226212972813926e+00
5.664444206118466774e+00
2.080371384814107660e+00
1.333951919948874076e+00
3.965961643185114571e+00
7.171428550927747558e+00
2.611862917266214001e+00
6.328078426248938904e+00
2.237019286169226628e+00
6.152332324024585297e+00
2.907176489174521095e+00
3.654072611283244232e+00
2.597711774199024326e+00
3.633216350332419964e+00
1.173658685264663104e+00
2.420739157028938049e+00
3.369184955833735895e+00
4.408108979889406420e+00
7.470339344741875109e+00
1.909170141565864620e+00
6.353043541522943372e+00
7.598077167055459213e+00
3.045464469489088888e+00
3.331716666373392588e+00
5.062500638330698521e+00
4.507184573814228656e+00
2.763086567694578388e+00
4.930529863284407455e+00
6.820432491699187416e+00
3.966647925966986676e+00
4.822096384513367084e+00
5.801861252466472330e+00
2.619844455973252106e+00
2.116028194303972931e+00
6.450486939749029425e+00
3.520160804927253029e+00
3.952795794085998349e+00
2.363736321893877612e+00
2.087012513911068012e+00
1.361123235955975286e+00
2.315160687184760757e+00
2.727048487301794832e+00
1.009301610549072947e+01
1.992538069929214339e+00
8.557040377391119890e+00
5.735201869333572233e+00
2.779222846552555470e+00
1.577000354711287189e+00
1.015210306144165520e+00
6.290422179722170881e+00
2.156635478545831486e+00
1.518823354596013253e+00
3.901211206684907395e+00
1.121185652055858961e+00
6.465944419877546423e+00
4.946048616966796097e+00
5.270527369148513941e+00
8.033604066789523657e+00
4.152115438002841330e+00
3.972642285493876102e+00
6.878272753410531237e+00
3.860891106793394201e+00
4.496092366474967683e+00
8.430320714985898300e-01
4.236676339537058134e+00
2.906521266802106318e+00
1.552003195505545774e+00
5.782017372579104197e+00
2.376164425067889496e+00
2.613051011332363949e+00
3.175961364972986978e+00
5.941050388417311368e+00
1.728800798193719013e+00
3.743057868601074034e+00
6.356574601363626620e+00
3.321074019663684762e+00
1.546564082039821209e+00
3.400960706319402949e+00
2.964142914820669272e+00
5.279962795779207241e+00
5.325879839916421332e+00
4.042132855702323724e+00
2.307182584655007584e+00
5.011671343365370568e+00
1.516342621963046033e+00
1.021293826663078663e+00
9.838755239891200377e-01
5.186752552745209854e+00
1.650736015069411255e+00
1.368312207262882607e+00
1.942481329468950024e+00
5.434542664577570292e+00
6.749527032522769865e+00
3.450974323833901014e+00
7.711984681270010356e+00
1.657925609112605114e+00
9.451504289744928622e-01
3.167387123130760429e+00
9.793451909691212043e-01
2.454707227460390495e+00
2.183809424002774335e+00
2.790875630658057105e+00
8.521445718558835480e-01
5.917623940441349539e+00
1.652295570501249644e+00
2.369632097134887871e+00
1.364767192635499393e+00
1.594376870142577118e+00
2.666279795326243374e+00
5.732360316691148761e+00
7.244549023799653931e+00
3.103804556537079318e+00
4.612913520096578068e+00
3.817586268943334193e+00
1.315134971146423748e+00
3.004488491763467550e+00
1.945866650787491992e+00
1.379508388107120842e+00
4.734831972953379875e+00
6.527084576562981688e+00
5.137490322586041991e+00
3.762130941878293999e+00
5.590424828415266667e+00
2.506657376822430283e+00
5.859912791026490986e+00
4.047640700831443006e+00
1.350327997911204614e+00
4.900640430425251104e+00
6.620664295058984017e+00
4.822747046773514512e+00
3.226800812572393262e+00
1.804408150830060231e+00
3.047678965763022774e+00
6.657907214656759720e-01
2.416703883997629809e+00
4.032956025096325448e+00
1.225858788980418224e+00
1.085376472345427112e+00
2.190716656574076993e+00
1.175877376038728883e+00
7.169427666475010952e+00
9.826019804355798914e-01
6.646007332080084984e-01
2.688549305661058320e+00
6.298910591123625835e+00
1.126120134041130649e+00
2.051618634573551869e+00
1.883109753786678553e+00
1.414921648447953872e+00
5.782861858353235185e+00
5.249091628202876558e-01
1.125729317509885252e+00
2.125024495045134021e+00
1.288898297294732931e+00
3.705855921672172038e+00
6.146577656498271480e+00
2.452588089059804854e+00
6.819418042895153853e+00
5.792866604453494439e+00
5.643201813789934462e+00
1.497687708889056779e+00
2.415401268908318855e+00
4.677246663489760259e+00
3.899580875755740639e+00
6.188180643499291200e+00
4.938478420288547888e+00
5.324236078610821821e+00
5.871868473746324035e+00
5.137885036289530305e+00
2.852899622273543212e+00
6.656136944438674874e+00
5.198123558060695260e+00
3.236836679560186614e+00
7.171220283362028880e+00
1.628343889720215820e+00
2.997242818045323887e+00
1.832474822006525228e+00
2.594495660353208777e+00
2.646503553043960677e-01
3.148457416971467193e+00
6.706564134881528361e+00
7.919159935039360443e-01
2.077330115434000035e+00
1.317757310439863883e+00
3.426938985980439778e+00
3.094042972413266757e+00
3.116179547925838289e+00
6.164696905877549149e+00
1.767353047244932140e+00
2.051273527988925149e+00
1.215894711406883433e+00
2.747210445824191716e+00
7.846811931299148002e-01
4.232789671844752633e+00
1.407839597193891956e+00
9.212356180015508489e-01
5.850267494222452846e+00
2.649819362890866170e+00
1.526558441034109093e+00
2.575266864229746488e+00
2.283187339629363155e+00
3.529515019339900750e+00
6.501336272105983083e-01
3.056269246304416765e+00
3.270130393712404437e+00
2.336920579565053835e+00
4.260790843778213599e+00
1.031858057739676093e+00
4.721023482467141541e+00
2.739521625577483466e+00
3.285762587705011395e+00
2.812008216838121744e+00
1.874534152652943764e+00
3.684853196028573752e+00
4.683232322447405060e+00
3.644009655973045714e+00
5.961294355364400666e+00
6.674717195378725432e-01
2.604434242319135784e+00
3.710641377466758151e+00
6.298210465158524229e+00
3.192085699728381076e+00
4.980118944645899326e+00
8.874609453838885997e+00
1.198479205826011196e+01
2.447835739809602451e+00
2.580654053556906025e+00
1.192126768201841047e+00
5.683638715177477430e+00
7.727327000839546933e+00
2.983475538118276482e+00
6.277633807028044632e-01
2.008690551610547992e+00
2.879867875722004644e+00
5.128459449160000183e+00
5.631242603906308375e+00
5.980982371947055398e+00
1.800382704986465354e+00
1.355159356535616366e+00
6.051902139885680043e+00
5.465605655722904466e+00
5.245854200010609425e+00
1.663341834618193404e+00
3.429625487091034763e+00
3.105976585495834996e+00
6.726973751974205662e-01
6.858808055157439298e+00
4.997870193383750603e+00
4.030585412662595957e+00
3.994499086905604290e+00
3.391180340848562569e+00
6.830275031691813048e+00
1.884110881075252930e+00
3.136622956262895112e+00
2.289787852927024581e+00
2.580795682947053749e+00
1.273696424486682632e+00
8.545299809725287465e-01
2.656484069965021622e+00
1.628490268114826112e+00
2.701976350659092585e+00
1.962699047692956444e+00
1.734779011585111608e+00
6.949708071105415996e-01
1.261185936940622421e+00
5.548056612752053418e+00
1.601515628834689231e+00
1.025213585786517445e+00
6.225149282561185160e+00
1.225651636511694731e+00
3.381537983606018649e+00
1.672035983602241371e+00
6.392812641370535509e+00
6.973032740563670728e+00
4.982095039039353246e+00
2.923698517644834904e+00
3.974679598605364905e+00
2.155131737777178813e+00
7.293812954945132709e+00
7.094559879109086920e-01
1.424091964745708649e+00
2.651896472768940693e+00
3.284602593182603503e+00
6.635133314638321345e+00
7.852657966783431753e+00
3.931562778258838708e+00
4.169038269422274290e+00
1.318268824306925380e+00
6.099149066642425510e+00
5.429148576430909756e+00
9.776922519431152647e-01
1.479728014635836697e+00
5.173848990345341292e+00
