1.451116650019891985e+00
2.892162071807158785e+00
2.469301962041705156e+00
2.356917808492465127e+00
2.398000813093889239e+00
8.422068909399502701e-01
1.900763972159307702e+00
8.096501179164286022e-01
5.226308632931083054e+00
2.551057998348118083e+00
2.012356182659603476e+00
5.103263092173491167e+00
2.809765634221947028e+00
1.473339432762994061e+00
2.453910738117264234e+00
9.432885796511602194e+00
3.418171858625568493e+00
3.595476351236334800e+00
4.605648318929048024e+00
1.688183458815798899e+00
3.144729543658346227e+00
8.193533810075335211e-01
7.612050980423120450e+00
1.002127325175687922e+01
3.650973595166937979e+00
5.844496340351744479e+00
1.528189601589688751e+00
4.090405125008386378e+00
8.964301160218923314e+00
1.498640476058975768e+00
6.068297860784439557e-01
9.921096967649681853e-01
2.892259200132301533e+00
8.287567813028344332e+00
3.003195166494240453e+00
2.370886471701893594e+00
3.326327980714347987e+00
5.633235206371431936e+00
2.161335173735861037e+00
4.735302729715436421e+00
6.041854052101827577e+00
7.953632986400880789e+00
1.280639459353182463e+00
1.299095143551984854e+00
2.537818469581646919e-01
3.924394094620397677e+00
2.068342058928769767e+00
5.376986151311240469e+00
1.819953068583910039e+00
4.355003989046898560e+00
2.690024225323027540e+00
2.610676825670048107e+00
1.863816140188267134e+00
1.924835528841963184e+00
1.808777397010856269e+00
2.546815056319221338e+00
1.885908552774467672e+00
9.646769021490105844e-01
6.852489860468211624e+00
1.971827503841112161e+00
2.637167102506977390e+00
6.060823998852284511e+00
3.357995136127246205e+00
4.789200210655206291e+00
3.425167844545416784e+00
1.480984291388051766e+00
1.658805005359768270e+00
9.921070893805563617e-01
1.709442754421845123e+00
7.630679802199758832e+00
9.026628290904573859e+00
1.391531448221451805e+00
4.389063460661564164e+00
1.098774430385772716e+00
6.063604956629351506e+00
6.207753840863576400e+00
2.215890853124183213e+00
9.434436994280503974e-01
2.871175549594220389e+00
1.173972961407304894e+00
7.214174851427079815e+00
6.779181792591050026e+00
1.908355112993880054e+00
2.551412575311355901e+00
2.629753159988950539e+00
2.616313687849200598e+00
8.944561340194185917e-01
2.267052619226948007e+00
4.255803478086190306e-01
3.756995766241670864e+00
1.943235375403089771e+00
3.077477921547028927e+00
3.407883818785704566e+00
1.711003336701573785e+00
1.774107313326958257e+00
2.585289043445680779e+00
5.877915922026129891e+00
2.091697916052916550e+00
4.095939187405087445e+00
5.889905273960014398e+00
4.919851493036058621e+00
2.773539452882606504e+00
6.495702831842216085e+00
2.239701654681114373e+00
3.751571232882341178e+00
3.609865374953109107e+00
6.276349849891383670e+00
1.211426099687506808e+00
2.651613963050207357e+00
3.137797304940509235e+00
7.956510921980031625e+00
1.735629244981959918e+00
5.892654459928080790e+00
3.874479740450692322e+00
3.420525015957617043e+00
5.981950739493817615e+00
6.537646537506387467e+00
2.041692297634248199e+00
9.542882390224527001e+00
2.183578064323813628e+00
1.992142003053822386e+00
2.618299068945367125e+00
2.092722637845398026e+00
5.509729476942764492e+00
2.466662234098647932e+00
2.484891223217439382e+00
1.779614535832224620e+00
3.347153180930134031e+00
5.328801811664357402e+00
1.528275111070370285e+00
1.424750093276633045e+00
2.035863921488977102e+00
1.478034903775652831e+00
1.029424591401134403e+00
2.005021529708897354e+00
3.437352742098340741e+00
5.006427928964531926e-01
3.245068021670256542e+00
1.932939171089986807e+00
5.257562722085039830e+00
3.203304427495892170e+00
2.274891131418744994e+00
7.595118516717219492e+00
1.950778614284155221e+00
5.104911425648399614e+00
6.220401861272112143e+00
4.084262364697753611e+00
1.331774340188449424e+00
2.255358480749749983e+00
2.698917880425598881e+00
2.967221806924154048e+00
7.964510535815605419e-01
3.572470663948643654e+00
2.919579310975723541e+00
3.991481479746689764e+00
5.505432655481484971e+00
1.779346412896959384e+00
1.332757663508287838e+00
7.048395099596794999e+00
1.401682620777438215e+00
6.182014481908209014e+00
4.208210537224578829e+00
9.084672256075835506e+00
1.866085017584275141e+00
2.447462123505426579e+00
4.561549533724328143e+00
9.537797305750673971e+00
5.578895316912940494e+00
2.308074464395514447e+00
3.704422936448704462e+00
5.848902358191284456e+00
4.665896226904875377e+00
5.566312856259449049e+00
1.834424494249927706e+00
1.717824039363733402e+00
3.199963883803849551e+00
6.690128949753245458e+00
3.209030566758438230e+00
8.236565126289073779e-01
1.009374577108832050e+00
1.971913599387850047e+00
4.410096362260522262e+00
3.026926276298379292e+00
2.122784313147044966e+00
4.557888246598014170e+00
4.667184884568223779e+00
3.261086230027308908e+00
1.370557212893757093e+00
8.659385485028732177e+00
2.143287340524060891e+00
9.038233360775497216e-01
2.665158050732581607e+00
1.423847548698218057e+00
5.393509393388304929e+00
1.441659395583880787e+00
1.767103659386894066e+00
1.192128410682947948e+00
2.947614978714041989e+00
8.325455352569631984e+00
2.148127431846921898e+00
1.486885580150991482e+00
3.731444700761012090e+00
3.186021699006204688e+00
1.676403398176585124e+00
3.082394941171394454e+00
7.466245309658059881e+00
2.414048314617657898e+00
1.604650840175053883e+00
1.523031695760950655e+00
3.156844985841311235e+00
1.400551687758639474e+00
5.583595187839052620e+00
1.097913605046552110e+00
4.840749223951982927e+00
3.068357481256926533e+00
1.309569675987574566e+00
4.036922189564006835e+00
8.365462143103294945e-01
1.048245611153609858e+01
1.661024099227543127e+00
6.193703538443965151e+00
1.373138835908936262e+00
3.419485871238503449e-01
1.924124860768724465e+00
6.222344420451879188e+00
4.259256169130329006e+00
3.146211118141683194e+00
6.114494881908377089e+00
1.474326680767094500e+00
3.226678978626856598e+00
1.928673516973330226e+00
5.434338820406545700e+00
3.922097278341000859e+00
2.387517142885392740e+00
3.953192771869963984e+00
2.614843071751670411e+00
4.229011109163181459e+00
4.049992467272051755e+00
2.680688345420980223e+00
2.532866996514651969e+00
3.328377600523218405e+00
1.924277199461860155e+00
1.092554314332851773e+00
1.812020588264462662e+00
3.538975814360288741e+00
2.464450946080668725e+00
2.813908515551572620e+00
2.688240532332022426e+00
1.686499500820694442e+00
5.381843695125355431e+00
2.254546043426013391e+00
3.082644321234643048e+00
1.499779993004769718e+00
6.022040695258077392e+00
6.526661063995962131e+00
6.509000868246994642e+00
1.896577360355426123e+00
2.343466684929830013e+00
3.444759422336493571e-01
2.138485621500292311e+00
2.361017076294926298e+00
9.339032462576883020e+00
6.117282909361825283e+00
4.345090814894004616e+00
6.474753412976391731e-01
2.585417294526426435e+00
5.580657275629415714e+00
1.740021002487814439e+00
6.087594802200913868e+00
3.011128076544169918e+00
6.263140044009156249e+00
1.707443016046395812e+00
1.181228380598366101e+00
3.114108044008348397e+00
1.932970499210409976e+00
3.515481528955936685e+00
3.771222188183171120e+00
6.177182990613693470e+00
3.976929117065542751e+00
6.011637269329651367e+00
5.978147482575336902e+00
3.496894491316471232e+00
3.527014836622206051e+00
3.682618973114712091e+00
2.524505615707124395e+00
9.303750389946845445e+00
6.277474084253832132e+00
1.480920964527997929e+00
4.652939017142146305e+00
4.138945290333488458e+00
2.685276371726884381e+00
9.394372191370176095e-01
6.424543258904679810e+00
1.988744215250098479e+00
3.004077265257318885e+00
2.709830565209770281e+00
8.472239520924031986e-01
3.730695523924449031e+00
7.484170730972039554e-01
7.379310574228735709e-01
3.843316486786200858e+00
3.946764888569915364e+00
1.034376341705650626e+00
2.178331570867253042e+00
2.439932284926141115e+00
2.467494041645450498e+00
3.176892032702921753e+00
3.559161058755524021e+00
6.372638475173196149e+00
1.269399598991447942e+00
1.579501503858736333e+00
3.322322488233708349e+00
3.305830582391575234e+00
2.618003278468894912e+00
1.568609938179302388e+00
4.772027870631990965e+00
6.055295973315708125e+00
1.527143126918092397e+00
8.250960082655017791e-01
2.394661804458045218e+00
5.897035555037560606e+00
3.195782744796976438e+00
2.415571203771955222e+00
2.050643766857877637e+00
1.318011716203397743e+00
1.745791844713846519e+00
2.947672245675033498e+00
6.157055284970245346e+00
2.535648075700121851e+00
1.035685452311738608e+01
2.640297746193643214e+00
2.907631438724070705e+00
1.982020575279620056e+00
3.216225050901769134e+00
1.521985627445967104e+00
3.593345969100274928e+00
2.521792666711462072e+00
2.425757615112020815e+00
3.499055293957238355e+00
1.897968531460263231e+00
4.749640518766785391e+00
2.301056575925219061e+00
1.578616184319565408e+00
1.573506195921781092e+00
2.395185802390262353e+00
2.879002515931022188e+00
3.358619386638157955e+00
7.190410822243016309e-01
2.022507288995774477e+00
2.880175739884633490e+00
2.142639906244434123e+00
6.078837758532140256e+00
1.294378305044113553e+00
5.990360680850286279e+00
6.190114281618660286e+00
2.616813848850369162e+00
4.891288760774321065e-01
2.378869518479005685e-01
6.274309421540102960e+00
6.576049711007200260e-01
3.108259971641973873e+00
1.296113910146557746e+00
4.299894883266937029e+00
3.420543394955193328e+00
3.533066277083632301e+00
1.556148598671034611e+00
1.644207163036295993e+00
2.780373423128690735e+00
1.546617361167708982e+00
7.621008106823897954e+00
6.451572573908281427e+00
2.035747173387347786e+00
3.125948734601434520e+00
1.004226904088334926e+00
6.492451990253044869e+00
3.661741881141368449e+00
6.698655359454328106e+00
6.580819158867843299e-01
1.158986825191449244e+00
5.138312101246255814e+00
1.039849587495191408e+00
1.021622802236807681e+00
9.133665855544370604e-01
2.239083654687866964e+00
2.057495872147771632e+00
1.877314556334908069e+00
4.287768716104337408e+00
2.366086428180267376e+00
3.432133475234683040e+00
9.461076696520223095e+00
5.048972952727877939e+00
2.808364677554100464e+00
8.689390581729700136e-01
8.489650552719789189e+00
1.419009299861447637e+00
3.050806984048762160e+00
2.312729904589367447e+00
5.804758425168489389e+00
3.398817450937636764e+00
2.677059011427726176e+00
2.620639035237725789e+00
2.879162107920090197e+00
6.375076843358439049e+00
1.217481849398575511e+00
8.693815628434462539e-01
8.703660358975376932e-01
3.679514669007087235e+00
6.577500022394569434e+00
2.410063413360340689e+00
2.457467918604232082e+00
4.605272413153144839e+00
2.042537080835738816e+00
5.838877921716399300e+00
1.254755909539973624e+00
4.188798670130882584e+00
5.168684135632972243e+00
3.509255675501697258e+00
9.216171668576993437e-01
6.520893583193387855e+00
1.596147669137534919e+00
5.906370328776238132e+00
5.881310880624889492e+00
4.212980177680881511e+00
2.442878212427789908e+00
2.784179120475711144e+00
1.019780235500010734e+00
1.017552872952444565e+00
4.221223363586370958e+00
4.010629815148778476e+00
6.183357623176334528e+00
2.216637099943956635e+00
4.805832056253533047e+00
5.251205587478320780e+00
8.892170361237097254e+00
3.364237236362352945e+00
2.541131236228960422e+00
2.184241087516944901e+00
3.137183035213430671e+00
9.494594857751579298e-01
7.748821715396801757e+00
2.187278431419394042e+00
4.151467883927353775e+00
2.139538162162108126e+00
1.379952220206289493e+00
9.180898826046824723e+00
2.013552718189369095e+00
4.596358841489805336e+00
5.804303471202378439e+00
5.329086795272143462e+00
6.644483937348046432e+00
5.612154357208998245e-01
4.364946380350723132e+00
3.800994918876104744e+00
1.581919543944782403e+00
3.861051581279625999e+00
3.267137183156341163e+00
3.159206075639056532e+00
5.828666387112150460e+00
1.601940770513888834e+00
5.419550130813811428e+00
3.206822314885347858e+00
4.319934071812396859e+00
3.348110393670799212e+00
4.019649562203612803e+00
1.884100936351005062e+00
9.045053367313664605e-01
1.423000662210045952e+00
2.785650453622535938e+00
1.138027677650776281e+00
1.335693313360083900e+00
1.148317279298024740e+00
8.365456957848447672e+00
1.933137512149126103e+00
1.733741396319571804e+00
3.258068769411529786e+00
9.670292424908386586e-01
2.881790729708809451e+00
4.853309955545869414e+00
2.948452454652140897e+00
1.826591212082818494e+00
4.180788107593652825e+00
4.134252636500290734e+00
6.522587801840825428e+00
1.864187811403352546e+00
1.099798680259505890e+00
5.338121602915158803e+00
1.167907954190922304e+00
3.294248416616845532e+00
4.149258323553274508e+00
5.433543347957042080e+00
4.622662829688595210e+00
1.483054821704805182e+00
1.260439480685002778e+00
3.251339958261451279e+00
3.671511358643840151e+00
5.427675439609102037e-01
3.934442254195243294e+00
5.218048923857963928e+00
1.806822681971881117e+00
7.792222295555565337e-01
1.292326252552405963e+00
1.262115321958862335e+00
1.765636163524144875e+00
5.084066621640996431e+00
1.610281419358508881e+00
4.242825229564105349e+00
3.276832317251172189e+00
3.592177561833199473e+00
1.740396002671786624e+00
1.538587226597148305e+00
6.480433376247877186e-01
5.234281982709973136e+00
1.165880728552618928e+00
3.587405624943308613e+00
2.860922025206785069e+00
2.315113453044034486e+00
1.616091054343412159e+00
2.163152119298086706e+00
4.532010434839778945e+00
5.711981470180774956e+00
5.081935910368594378e+00
1.149381692384691434e+01
6.698276466276831265e+00
1.099194128724517272e+00
5.537511076743346194e+00
1.496706366222795737e+00
2.777832921973132585e+00
1.403005703191840370e+00
2.233013864723936148e+00
2.251942750776050772e+00
6.549570180038999823e+00
7.871280553096853261e-01
1.659483065419524950e+00
3.184587141361056251e+00
4.381433513909198219e+00
1.742457809938193991e+00
1.780196673376360561e+00
1.545497068779153604e+00
2.277494982578587734e+00
1.936310819515467907e+00
4.871031722933348185e+00
2.714859565449037948e+00
2.060770666846192700e+00
3.600780806616965535e+00
4.700661661550039838e+00
3.966270589621870624e+00
1.625918447973412118e+00
3.709871723496662721e+00
5.516224468596072406e+00
7.938626175609251767e+00
3.200562570765622894e+00
2.131022659614987713e+00
1.468760833884383388e+00
3.661391331931758586e+00
5.548653429046614072e+00
5.808282239489675369e+00
2.042522234242870827e+00
5.012009262787538333e+00
1.803148220907050181e+00
8.476503697363119150e-01
9.112395523007817966e-01
5.952404844777862358e+00
9.573113272393373174e-01
1.166501988820843660e+00
2.083978100675436984e+00
8.553608880553598137e-01
1.825821946283115782e+00
6.298532040527474507e+00
1.823758230899534372e+00
5.193410346714598447e+00
7.035719303281080528e+00
2.313459130521377638e+00
4.072589854565650036e+00
4.692672757556779040e+00
1.839051441753789540e-01
3.872341951946001615e+00
7.139527399503758254e+00
5.929386814296782937e+00
2.361712257132207782e+00
7.970791213804107933e+00
2.482600197306586765e+00
2.599127562222038001e+00
2.994229992777230898e+00
1.980334945537230773e+00
2.656751184352105000e+00
2.110757474282519031e+00
2.361415670738034489e+00
2.281382246804297687e+00
2.710120727872129098e+00
4.605186253059450507e+00
7.341156543876912188e+00
7.596130939769160761e+00
3.126688305154199821e+00
1.742865022259527885e+00
5.740465303419099108e+00
5.048247672579350365e+00
1.333027531924147802e+00
6.310224260584899270e+00
1.568359781795817254e+00
5.666589214286048559e-01
2.651533160023892055e+00
2.218623224979094033e+00
2.265853657942257460e+00
4.370589048340455918e+00
2.948140180173588032e+00
4.946611127726005641e+00
1.175749082529299550e+01
2.119850733010630428e+00
6.597168205666700480e+00
2.438086642605009846e+00
1.644240294371811517e+00
2.621118769566904483e+00
1.005626376974732006e+00
1.691867587644988014e+00
1.061675492325090842e+00
2.950073123518321960e+00
2.463149445700674178e+00
3.306441307669150564e+00
2.102155758164216071e+00
4.140112138934888275e-01
7.179574552603694038e+00
2.064304432567410252e+00
3.078404175709177792e+00
3.244005105001217526e+00
2.292711192026616551e+00
4.530851123232845779e-01
8.899156986323332186e-01
1.818087278441669286e+00
3.517155954145795960e+00
1.303326390980286797e+00
6.579148184722521719e+00
2.051431916057337101e+00
3.866655269634856396e+00
1.562814883145063893e+00
2.447103199989551392e+00
5.257647944539317386e+00
1.825384311328556830e+00
3.543667336900569786e+00
2.813576615931705049e+00
5.091175118859718296e+00
1.991150990555864420e+00
3.084746440057571260e+00
2.010484371026302508e+00
6.851480171308104161e+00
5.059231702476937542e+00
8.062866305849185622e-01
2.440144481044293379e+00
2.409710546672901632e+00
3.425674671006218475e+00
1.686078728517163450e+00
8.731681021706041435e+00
1.719229684481283771e+00
1.654057452616497059e+00
2.463487682537643941e+00
7.647798658954796380e-01
3.361229492328988933e+00
2.975904033890488520e+00
1.536887809400072191e+00
2.016396516745347256e+00
1.789467548397091212e+00
2.359096626710077249e+00
5.282784980513581807e+00
8.734931337275737562e+00
4.654601405070413200e+00
1.139640413870231850e+00
1.210169427487369331e+00
2.138713539915728656e+00
1.736934809487381548e+00
3.911372277578722745e+00
3.409472422659319601e+00
2.850943769911005177e+00
1.925962844103125349e+00
1.016992936862294972e+00
2.538955888334161859e+00
1.579679825559847428e+00
4.920856558795895452e+00
6.763473699096651082e+00
5.314049556892659787e+00
2.612856063848699506e+00
4.442084890613871906e+00
5.970073365717802005e+00
2.631690168209911196e+00
3.213713979248927544e+00
6.240408985684144483e+00
4.462199199568556374e+00
3.108513151521342444e+00
3.125235157219141691e+00
4.234158433457086090e+00
3.156385115492531757e+00
2.963929191461819990e+00
2.017773043159063473e+00
2.756024591039456073e+00
3.311206335609769291e-01
4.503154461993055691e+00
3.979244588781163827e+00
1.372346188551376578e+00
2.703682940366744170e+00
2.650436717143240806e+00
2.194400354137511666e+00
1.519641083295526718e+00
2.224060745800315875e+00
3.140801204350832876e+00
3.237950445626670781e+00
3.436861310476928555e+00
2.397201180845764057e+00
1.413839396166847173e+00
7.704425158597725254e-01
3.156925084799955705e+00
1.220674899756784448e+00
6.802100285722186612e+00
5.890834197683316731e+00
1.635164677737892980e+00
8.680678059424423054e+00
5.411322922510525935e+00
4.438091034186619765e+00
6.195456928082079706e+00
5.624673409103747801e+00
1.319250665213303364e+00
5.206255920259902581e+00
1.834330731648967650e+00
8.492215131567164565e-01
1.774721385232210791e+00
3.502610263021993298e+00
2.376948546368286230e+00
6.409151169595936004e+00
3.233781962733215831e+00
1.567637813268180746e+00
2.769687707231073936e+00
3.406626472704527231e+00
1.412741584071751433e+00
3.134252540388778208e+00
1.392289328965953699e+00
2.297060672647816215e+00
2.216698090524992448e+00
2.545015688219325778e+00
4.022800878913019851e+00
5.383442172648784663e+00
1.728913592384804021e+00
1.103569318438680336e+00
2.747090633140592431e+00
1.210695861564840659e+00
5.466126473894631133e+00
1.262787618035605908e+00
2.559885815708911050e+00
3.680134589369775888e+00
1.214534558093172789e+00
2.488326557489242585e+00
8.837356975657738589e-01
2.766817294891935397e+00
2.726623963797943251e+00
6.219258529923760159e-01
2.863995863558605137e+00
4.606451483802172397e+00
3.113990711077526008e+00
1.387687022999177566e+00
2.342384881587635359e+00
2.842966116720842873e+00
3.276099025372896545e+00
3.059280977397031087e+00
1.037235657733327265e+00
1.038418224741375351e+00
1.599402741415864915e+00
1.465278250249538727e+00
2.219523996840562674e+00
4.665805506406022651e+00
1.619790175134236954e+00
2.256083107919770292e+00
2.964208663543468791e+00
1.355446560274746970e+00
1.467969232007736879e+00
5.559539931500999010e+00
2.870897057590362511e+00
2.914037550025862622e+00
2.976774395788477801e+00
9.475184574686402739e-01
2.746044000297835463e+00
1.793834689051496456e+00
3.864048826642161316e+00
4.984563725963676584e-01
3.266112631518818699e+00
3.432636365222762276e+00
4.219956382180948040e+00
2.662130236948042850e+00
3.017844483807607059e+00
2.856838911980867035e+00
2.850931010882294725e+00
1.370764198999097960e+00
2.602182721788843800e+00
3.641242505857999134e+00
9.821441572900475592e+00
1.520099276051286585e+00
3.584506870374915888e+00
6.892826665210513015e-01
3.742456014774068862e+00
3.938266212514418108e+00
1.701690050331163606e+00
2.922894136139988053e+00
4.947561248565198966e+00
5.892332066172210503e+00
4.907402988876724770e+00
4.710979681320029755e+00
2.526047566489101559e+00
9.878801321868970753e-01
8.549890407089327127e+00
3.478198622285857411e+00
4.316824931351725403e-01
1.673659180703194416e+00
1.772573770183995201e+00
2.601741360541060644e+00
5.290975193220080364e+00
8.450129027685077121e-01
2.916207640439680837e+00
1.877628875118470875e+00
5.281594107385489956e+00
3.314904373850322994e+00
4.404823751925076358e+00
8.983514327723113979e+00
6.721583182397884215e+00
1.151118543452235299e+00
3.478646502017406217e+00
6.052243713995044239e+00
2.856922376762992322e+00
2.822315394436628821e+00
1.487205268951462545e+00
2.567125623761178588e+00
1.549129277171855001e+00
1.158637067978374846e+00
2.329503049308782270e+00
2.751238351488122458e+00
2.629269354150823634e+00
1.427074427442150961e+00
4.237822874467467749e+00
5.756480811137682174e+00
7.637920164702680204e+00
2.520092271138290485e+00
2.222125954386954039e+00
5.083601111953179874e-01
3.074267493897602233e+00
3.177040504344005534e+00
6.091075799228147680e+00
2.602896411288302847e+00
1.327467650511226616e+00
2.942704058899894282e+00
2.841397967833128035e+00
4.465070942618972083e+00
4.936558207079872140e+00
7.044640135803384773e+00
1.597419153613354181e+00
1.796357597565360509e+00
8.818939025517127384e-01
3.538712245321814276e+00
8.315264605342894910e+00
4.544326433436710388e+00
2.558330081790464838e+00
1.546894770147661191e+00
5.532702776593602101e-01
6.381572512676977560e+00
5.683680473115133580e+00
1.823226721728475885e+00
4.740071315258803430e+00
1.165506949919719260e+00
2.480041100500273377e+00
1.767165062494738370e+00
1.528062347308708935e+00
6.960568301792954493e+00
4.807017019434405292e+00
1.686709149464688196e+00
3.366232313733777293e+00
5.595456041790878743e+00
6.766719056072510341e+00
1.259097420618813912e+00
3.365152577831724390e+00
2.700029606766155332e+00
2.979506848229399374e+00
3.174700329318453473e+00
4.834907085543414418e+00
2.699368315321880818e+00
1.483442674246221893e+00
7.446212367225893303e+00
2.694660235220992739e+00
5.464188111606807396e+00
2.474569009797025654e+00
3.130768171799557464e+00
1.609878888964593191e+00
2.559065281976182771e+00
5.330985195105424346e+00
2.847611548714021890e+00
6.053276338429258274e+00
2.867429018204801672e+00
2.725551733183403602e+00
2.025103145255285231e+00
2.363991595030917825e+00
1.691581313235156703e+00
2.378244484179234064e+00
2.111850956164331272e+00
5.704011808092036340e+00
3.828510989365897732e+00
5.020722810585023232e+00
1.336700958448842957e+00
1.409990625997708857e+00
4.451238270330586388e+00
1.273004702836415536e+00
2.518164783195103951e+00
7.798206680970966254e+00
1.090823632639263963e+00
7.965429912790245037e-01
6.946407480905152809e+00
4.112817659195121323e+00
2.127910621095629118e+00
1.125099844171191021e+00
1.432652284315319990e+00
7.461929044646764098e+00
3.785260102887787248e+00
5.334355242984475609e+00
1.624817326868535972e+00
9.060817270831225123e-01
9.139643547680675439e+00
2.292994795882499215e+00
8.040353955045707934e+00
3.962898889010339154e+00
1.135838710103861393e+00
5.684134201501578332e-01
1.308206487378609895e+00
1.829371625084739605e+00
1.699029517032411896e+00
2.731311701567394223e+00
2.414543410192393935e+00
1.310064082056155543e+00
2.087348144150508844e+00
2.655162826368574702e+00
1.727895796143364748e+00
1.925586955958514590e+00
5.580899522606847185e+00
5.812244754984711825e+00
3.573548237253438398e+00
9.408950648344373002e-01
3.177086252035017377e+00
1.988130843564884787e+00
3.361050840767668024e+00
2.630609919637814098e+00
2.950812120609340727e+00
3.327972634313116629e+00
4.438614492408612833e+00
1.493042817068459316e+00
2.931161174392626023e+00
3.708934410041906826e+00
2.764605821258681484e+00
1.644944104370727800e+00
2.866155916716138119e+00
3.124057153845894330e+00
5.684717363787076039e+00
5.592818876483966584e+00
4.828329421468628979e-01
2.045124997148813240e+00
3.480943745360342234e+00
4.189412275016383802e+00
9.250957540608842899e-01
6.641551183583506379e+00
6.012118891329770953e+00
3.453011980969492800e+00
5.273361981660431574e+00
1.930110723986807608e+00
6.028281814497209901e+00
7.073466431560244683e-01
5.082947808513865517e+00
1.960728382110538348e+00
1.012687431965255902e+00
6.522519079706933454e+00
4.409352763546239728e+00
6.793229997430320743e+00
4.314971904775520173e+00
8.369236903055126131e-01
4.186767527658568966e+00
2.814444765436173945e+00
2.920360492645092343e+00
3.605468125979903515e+00
3.242469808860653391e+00
2.125361170212529238e+00
6.631499996016470888e+00
2.144405884866356526e+00
2.727051013534049773e+00
6.511601846744033972e-01
8.335137794223955510e+00
1.948722139149256849e+00
3.082868467887434960e+00
6.172437586950522359e+00
4.071611012720430800e+00
1.145426959029355096e+01
5.927033063455138695e+00
5.624834463508788795e-01
9.914868117600230679e-01
3.192845415318859903e+00
2.747870272871692610e+00
1.435517103343355583e+00
3.016700623416830762e+00
4.666529273757311636e+00
5.809086495244007331e+00
6.570173312119278464e+00
5.772234544517714783e-01
1.120625584581445455e+00
8.753165194072539679e-01
5.645204305540501899e+00
1.702284942710598825e+00
2.858285386633656611e+00
1.234329507876180188e+01
1.564226634634197088e+00
2.331883557411190466e+00
5.168688928735201138e+00
3.676809620138312251e+00
7.016670138996052408e+00
5.724310975492846509e+00
1.801138109318352942e+00
3.151288496365219238e+00
7.847969313033274830e+00
1.070796468409395352e+00
1.438854091284133663e+00
6.022503871782642015e+00
2.382283356186839729e+00
2.818134804959980588e+00
1.097265985725047299e+00
7.470346653635888678e-01
2.297950014838193056e+00
9.738989142879299621e-01
6.341317954894250875e+00
3.501564658060706936e+00
6.288278352831166096e+00
1.986058438060051223e+00
2.691334764320489459e+00
2.830932046064457808e+00
7.429911512867762191e+00
6.271163339031088135e+00
2.001994240553657711e+00
2.887890345570468309e+00
3.631106166317400463e-01
1.942198287557137970e+00
4.739571768380706374e+00
2.149071472671603367e+00
2.129301162818662441e+00
3.020976955088947591e+00
2.655564379810702924e+00
2.242843304473947974e+00
1.709389332695107955e+00
1.953342867499683999e+00
1.884473794457445006e+00
3.224696117096859993e+00
6.206796254373178279e+00
4.573061280243739368e+00
2.741402079083037790e+00
6.970032210925741545e+00
3.131922484361125747e+00
2.131720721083744774e+00
7.810823841828645975e+00
1.002816756620005689e+00
1.106486384150014768e+00
2.206558057640699122e+00
1.437961032899100600e+00
4.507744072058318174e+00
3.241696438069439967e+00
2.081261476674420852e+00
3.580684141008955379e+00
2.222539137602517201e+00
1.350537357654668646e+00
3.252776510218843065e+00
7.367008518047389209e+00
1.066802252842003362e+00
1.437118605071702859e+00
3.738522740929667521e+00
5.113418321517836596e+00
4.253625748036641951e+00
6.711031699897087144e+00
2.360443225884084395e+00
2.594310187178544780e+00
1.968277793618077975e+00
6.815823593147734449e+00
4.664699163590172226e+00
3.075914144655909954e+00
1.680970099173630494e+00
1.182792351756287941e+00
7.787545470148575788e-01
6.345478722045367448e+00
7.300270146350442246e+00
8.590829512678670454e-01
2.440538811942546626e+00
1.849811965582123463e+00
3.174571970085104944e+00
4.389889970981288414e+00
3.874486456829704384e+00
2.837696938380235068e+00
4.290806377367926139e-01
3.430697624349742902e+00
3.214321645195011179e+00
5.710820693472527410e+00
2.430232221425335126e+00
3.267657823268510953e+00
1.793153363336553729e+00
2.821395936228424439e+00
3.244820804331426611e+00
4.830429245153477602e+00
3.929017822360764689e-01
3.178518246530358748e+00
5.284914498375504976e+00
1.229306595898638443e+00
5.959604536896621063e+00
1.886179581250975623e+00
4.826383321417856642e+00
2.870875333477383329e+00
1.810940164872589353e+00
6.890535547061166888e+00
3.105785295709780236e+00
4.708946376178076321e+00
3.358786157088957669e+00
2.495881359766702001e+00
4.092691018821640547e+00
7.746429756538205424e+00
1.858380701388729461e+00
1.245275244188989383e+00
5.284386755455591889e+00
2.758389375063055038e+00
4.509694316444697648e+00
2.435279188104503501e+00
1.544071477983278040e+00
8.238922652566933458e-01
1.890518682515701432e+00
1.691499450742190547e+00
4.927812689708635396e+00
2.435178141250525563e+00
2.089578897530158574e+00
2.724366537784994158e+00
1.126652929930944902e+00
2.526450176376282108e+00
3.281001937272112201e+00
8.900019591760500726e-01
1.922778736525830645e+00
3.347723801657609854e+00
1.341258390605118089e+00
6.592997482520884134e+00
4.712849372635764311e+00
3.389622087285173446e+00
1.983515129347702910e+00
2.845874019781031272e+00
5.884570970280043944e+00
3.417259785773474778e+00
2.896147162694485910e+00
4.898787691142429956e+00
2.053418108197162084e+00
5.818227899789197188e+00
7.153001172340148095e+00
8.655147967656725783e+00
2.320222516908502008e+00
1.881871870573978756e+00
1.808736259835159288e+00
2.100806134988466578e+00
4.277858424864272813e+00
3.187838898934930221e+00
1.450049989348247914e+00
5.127879629337793510e+00
2.885015194795936377e+00
5.435737365271497978e+00
3.201540046030288078e+00
1.130867965001961295e+01
6.052554206002034753e+00
2.839778737303308986e+00
2.182037387931976102e+00
3.414477173329163229e+00
2.575821939805943206e+00
3.095191289269753288e+00
1.502488363784406200e+00
6.783047021132492027e+00
2.817498123712838254e+00
5.382786824451379459e+00
2.171186628876756952e+00
1.554625087345877121e+00
1.904901881940673558e+00
5.823498410552106819e+00
1.662856416927961600e+00
1.310916698738791464e+00
3.795857880611372970e+00
4.368046869832264978e-01
1.826524188429395235e+00
4.898862351568615381e+00
1.040419418222290782e+00
7.652596001070606668e+00
2.798721359051256741e+00
1.173542264832348136e+00
4.898880654404005774e+00
8.199038155285787610e+00
1.527885067145606346e+00
2.545892235673747450e+00
5.285765069825028029e+00
1.066817203404561099e+00
8.153540586652805899e+00
2.037458599497365075e+00
7.838434510753804929e+00
7.718707792024276593e+00
3.468850407255967827e+00
2.369335649591143067e+00
3.612094812160382418e+00
2.940767721265651780e+00
2.784060352736610788e+00
1.679893776497703994e+00
1.552469558647495695e+00
2.002633606949097089e+00
2.468660797969994380e+00
3.477869853212898210e+00
2.201560820019413889e+00
8.439829417041352366e-01
9.058863550172754131e+00
1.474582234671544256e+00
1.508652589651499287e+00
1.197259973361464613e+00
7.369468839061095622e+00
8.236020092375690993e+00
4.282757844331379182e+00
1.704742041744012893e+00
1.876840383336774387e+00
9.639364213310867013e-01
2.847160321531955862e+00
3.028399178847184459e+00
3.934867001325081048e+00
2.631874290763870139e+00
7.730775329832797027e+00
4.138826625832313866e+00
1.894813723232900093e+00
4.231876192326603503e-01
3.654129537507888603e+00
5.451569179473247040e+00
3.482980712045337768e+00
3.697802858641071833e+00
3.558708727185426746e+00
2.684969605568453321e+00
4.393212107109948583e+00
4.381356792857346250e+00
8.146944465637998789e+00
6.658356553392886568e+00
1.485838371896405885e+00
2.229041654492052160e+00
3.994245371316524462e+00
1.639020938688656726e+00
3.004846989934683688e+00
5.158461883832888617e+00
2.924092715247625041e+00
5.795498934815922709e+00
2.810593163827763696e+00
1.845969293049261051e+00
4.706918854444814393e+00
1.849346458263491533e+00
2.027005422573798565e+00
2.644939667258029203e+00
2.449247133546211153e+00
2.514333114324147633e+00
2.060514600417718167e+00
3.091670119880479017e+00
1.912666733610601355e+00
2.902700998563346513e+00
4.685861366201538480e+00
6.181649203163805062e+00
5.506476503995494376e+00
5.717322144568023568e+00
5.075938034941524180e+00
2.270749891081249583e+00
1.757598353421439219e+00
2.144713593366544657e+00
1.062726594282553894e+00
4.484764995998611337e-01
5.874996151223728091e+00
6.237844757532042372e+00
2.161147604590474280e+00
6.949876111884850438e+00
2.602051163280629797e+00
4.856559589706345825e+00
2.191597632684587182e+00
7.759071467119061261e+00
1.522864625274500616e+00
3.922985045376290891e+00
3.336975910642393739e+00
2.780358329410048679e+00
1.676287025639400241e+00
5.928116714904581919e+00
5.150616658021047733e+00
6.536929739138548356e+00
2.059150178053394065e+00
2.778330506225709762e+00
1.571947942057692726e+00
2.183304514984620415e+00
4.437080426504994790e+00
3.464695796747041090e+00
2.701830578369977420e+00
2.588648456753227300e+00
3.631913420434420114e+00
3.684704255405353734e+00
1.941858628685361188e-01
6.347535097275629035e+00
3.709983210410005672e+00
7.204827702192200256e+00
2.650321278749092624e+00
2.323837125483285249e+00
5.599288252307906610e+00
3.390214805255505670e+00
1.763628338823026942e+00
5.360859390665119406e+00
2.377231615033847056e+00
1.253271242682914455e+00
2.444571982534292864e+00
1.431601523941951726e+00
1.096187604867506415e+01
2.647910784845148857e+00
3.584307909971351069e+00
1.501488715005476537e+00
2.543065878404892288e+00
2.022492321865549503e+00
6.340018166085664930e+00
4.283979605536449853e+00
9.648572048345975816e-01
1.722097010890894841e+00
1.937899128394107606e+00
2.495491532268620194e+00
2.184597839986821111e+00
2.853395503556808155e+00
6.141378050751376882e+00
3.027737137485481345e+00
5.768502549256786516e+00
2.838070743683039243e+00
6.492225020719416761e+00
5.517353448945644390e-01
9.436379121721932606e+00
4.888071776462987295e+00
2.634760562447908683e+00
4.414316822560135023e+00
1.761585670003727566e+00
2.153452995980819740e+00
4.304318067711832896e+00
1.948724900164376939e+00
5.524086551716206550e+00
1.477326150267764149e+00
1.869335140236773496e+00
2.066612547360874075e+00
1.533646215222792542e+00
2.792523286292399654e+00
2.906287027749110408e+00
4.372960339531010376e+00
6.302137977114733225e+00
2.279420014672378869e+00
1.980365763940070245e+00
7.637437752965841931e+00
2.194572371415763445e+00
2.385434639275679558e+00
5.787410962158208605e+00
1.772093590154284026e+00
3.117847997176605102e+00
2.969105282495605014e+00
2.328720818200539444e+00
5.660737156885651267e+00
1.980704937182572900e+00
2.596558786603959224e+00
3.701718331729191735e+00
2.237052180467839602e+00
2.122216058470499878e+00
5.215376218880233949e+00
2.018125892751800432e+00
1.979849613843464251e+00
4.345994876411440444e+00
1.700324262625550142e+00
3.528288201185254547e+00
2.912677782424485606e+00
9.607618728863601021e+00
2.575113074649460376e+00
5.149948948347359057e+00
4.998895470230753979e+00
5.134452424586294361e-01
6.229902622716391392e+00
2.838076475940459087e+00
2.738279141820752383e+00
2.134857714045065080e+00
6.157314007319637739e+00
1.364381041413258222e+00
1.173386130364658220e+00
4.775110086956193101e+00
2.263212514602903624e+00
2.557296217657890391e+00
4.509118736181952691e+00
3.311679283818758979e+00
2.699523295086645014e+00
4.222941780005825763e+00
1.482655677637686908e+00
1.710909294796752800e+00
2.219706507575441634e+00
1.947658849759531074e+00
2.619053479523447248e+00
1.420532932245084368e+00
3.778483325813864813e+00
2.113783884585974437e+00
5.544657317399042995e+00
1.892160010031988859e+00
3.554873090670418012e+00
7.994997854002209969e+00
1.064190667245005884e+01
2.757576626949797660e+00
9.331155346901303105e-01
6.395928167572565215e+00
2.046833468991483773e+00
2.550143683036339315e+00
3.728762447641988054e+00
5.020858148307246971e+00
2.128842354496463862e+00
4.326645451986034452e+00
4.686521213623006332e+00
2.284543039752654714e+00
2.288939838283511996e+00
3.168560805907920663e+00
1.510341585611099546e+00
4.069480576715891473e+00
1.785633072407239119e+00
5.574224422804840096e+00
6.893268572997599541e+00
6.744614858107383926e-01
7.717398818311221875e-01
5.883319519765858097e+00
8.200559695180816178e+00
6.595928103651157670e+00
6.097806841783945941e-01
5.711067011822694717e+00
1.653597180270710565e+00
3.329390847028225409e+00
1.918877036067855535e+00
3.459049736206631920e-01
3.039775517693180884e+00
6.418669364204952821e+00
1.009194447343052969e+00
7.404912003836342516e-01
5.838525327163405443e+00
1.618112141660523751e+00
2.111772821031126401e+00
2.332503022051272357e+00
1.877169507891998101e+00
4.213611429203049319e+00
1.108084356636657386e+00
3.960216602580284295e+00
3.090531219440824096e+00
3.460003090954618443e+00
2.852508793854162672e+00
6.685254935856370651e+00
1.521592844768503872e+00
3.847762862181385746e+00
2.712338091101695436e+00
1.027808759773873204e+00
6.978600621873786158e-01
2.418313839210857630e+00
4.383013827282325359e+00
2.022285547267212547e+00
6.689479041649139646e+00
3.975160048490618436e+00
4.812559713505165426e+00
4.777071124248250200e+00
1.979284561606160286e+00
2.017424115915159799e+00
2.576112784567044400e+00
5.266785991811717693e+00
5.373918084500222569e+00
1.530582810844281827e+00
5.768325607487791995e-01
5.569162792712216259e+00
1.548403452679665948e+00
2.176884913075293415e+00
2.457717803217274621e+00
1.495585513565873326e+00
4.655845665706880077e+00
5.338926142543567011e+00
2.544563395005139395e+00
2.290878845918676632e+00
2.217422966860755906e+00
2.208794834046641675e+00
1.644691431799106596e+00
4.953107495284199580e+00
1.178439136616453720e+00
1.987272463752468132e+00
4.439135821737085763e+00
3.393914311493055891e+00
2.390082290587923541e+00
4.642832300766309039e+00
4.082421392763357026e+00
2.191714164281648003e+00
1.968096968813235037e+00
5.510544963320539225e+00
5.332375357802156657e+00
2.836649102220419216e+00
5.867318356351248987e+00
1.443740434064224587e+00
6.819432484465714595e+00
1.448690910851557101e+00
1.872149227042591235e+00
5.205249712720607214e+00
7.647394439542774869e+00
4.683139365802817977e+00
4.461623632537147444e+00
3.926409331728851093e+00
2.737002198916908657e+00
5.330948818521466848e+00
1.989693144878773134e+00
3.564960326591501971e+00
3.287942109262089296e+00
2.592669351558696711e+00
5.193534083400231260e+00
3.536950579161779018e+00
2.433091287485861898e+00
2.031928846530603572e+00
2.465146184499483528e+00
2.772451485805849991e+00
3.528569297967842910e+00
1.298104831235436629e+00
4.254094207913876602e+00
2.607911495033250482e+00
3.749039279127345470e+00
3.167787463411309012e+00
3.284575241809129853e+00
1.676157700049180965e+00
6.783739152678650797e+00
2.087826626794418328e+00
2.678785282996413830e+00
2.518603257779534310e+00
1.591216774946780488e+00
1.230896900637584723e+00
2.343686707377812262e+00
8.447850247985396521e+00
1.068442069182491627e+00
4.389090694838492901e+00
3.302409761844960379e+00
3.625084761470931394e+00
4.408511612100800114e+00
2.533273132705083697e+00
1.237674924511524832e+00
4.159806717258141440e+00
7.078189158161956485e+00
3.170480968251196963e+00
8.704897787208449866e-01
6.518979378101860789e+00
1.887431838154149277e+00
3.422413827776864981e+00
2.213307540630422121e+00
5.680671241195427434e+00
1.695715043027512081e+00
7.059815445398018863e-01
1.375902814928753326e+00
3.142106941247500451e+00
2.288000645408271527e+00
4.052942849081032861e+00
6.445685569036587736e+00
2.510314255172917175e+00
2.459613941613113308e+00
1.032353901700401089e+00
2.171518165470649020e+00
3.831986472781621522e+00
1.746273404593804202e+00
1.150498527377801672e+00
2.881312479037599683e+00
6.934577456578631782e+00
7.157367179476737284e+00
1.026666192587576409e+00
1.587793651688726770e+00
2.107829747482418359e+00
4.618001992127568123e+00
3.828445846547670062e+00
9.095825072322593741e+00
5.547662060267432693e+00
7.813472041490140185e+00
2.263572891595086567e+00
4.644490468751993895e+00
2.651448791161194585e+00
2.434784241500134172e+00
7.924288720680344511e+00
2.306004970748877447e+00
3.931192955488744811e+00
3.090931173553991940e+00
6.637901879142654060e+00
3.443304889370628175e+00
5.632631794973279149e+00
2.163118183486843371e+00
1.546867709055553597e+00
2.540628866483025217e+00
1.710433003888534031e+00
1.595777040458711049e+00
6.816457072204291201e+00
1.399641492997397041e+00
2.842628835840919521e+00
1.564339087387323302e+00
8.981059738554693084e+00
3.089339084104271382e+00
1.973910515335873139e+00
4.399541246385593851e+00
3.701150179245690008e+00
1.493247515979047257e+00
1.035387661183230001e+00
1.175781435512488260e+00
9.292717080156915443e+00
2.448073963059598235e+00
3.679464031616880515e+00
1.824233647506415368e+00
3.526391948841963941e+00
3.356019859366394353e+00
6.522574880246920337e+00
7.494430366617627293e+00
1.274109542863985034e+00
1.086731357563688327e+00
1.642578726538668654e+00
2.939853334370943649e+00
2.618221338900703632e+00
2.606579787388085379e+00
1.916002413799231974e+00
3.333171316625864744e+00
1.871333369200086416e+00
1.903307188148563478e+00
2.495411249340863336e+00
2.152327541040270020e+00
2.184806595898691750e+00
2.728884084707046576e+00
2.704660909782151901e+00
3.051349050684315944e+00
1.266736922840653534e+00
2.671788899986032639e+00
2.710187179634224730e+00
1.297862020918524761e+00
4.137308089469497574e+00
2.729895259948294850e+00
1.808572053628437093e+00
2.331268889815297118e+00
7.306920007098248737e-01
2.127964879938788467e+00
1.428925713678606435e+00
2.895625703644125526e+00
2.159250390195082581e+00
3.950038975948492848e+00
1.123434444085319228e+00
4.706768013735810885e-01
1.030218096592025567e+00
8.909001010813623056e-01
2.079895217959851994e+00
5.407118329970041160e+00
3.251216298449913111e+00
1.630333408958737351e+00
4.657028423822037411e+00
2.060731344099071105e+00
6.439413317731675690e+00
5.915288190593958717e+00
2.916468037834970328e+00
3.029488986447822718e+00
1.316116634796615337e+00
2.453525607989276658e+00
2.559114947496504922e+00
3.803708778771520915e+00
3.249920043790924584e+00
3.557835052810511822e+00
2.645952755139944657e+00
2.705792732799687794e+00
6.017012519694086237e+00
2.496822590079114335e+00
3.059646662931203132e+00
1.994791181951875547e+00
5.614002538597143044e+00
8.882628770840131915e-01
1.202542341470324772e+01
8.768305504106313819e+00
2.146899778002673287e+00
2.404896982636107960e+00
4.952317134189237358e+00
1.199278598262702999e+00
4.518422260694103798e+00
8.493994466086141060e+00
2.524289372384004970e+00
3.021168022815698073e+00
1.827538131117055320e+00
2.031640262817405063e+00
6.114741382951825344e+00
7.432465725774545229e-01
3.795852801794662224e+00
1.049401224869272786e+00
1.655815100229669490e+00
1.058161259341516747e+01
2.104936508961365860e+00
2.150133259943417752e+00
2.777095286700535404e+00
1.143860854535971416e+00
3.329290112450193462e+00
7.832521499051686931e+00
1.021382085763824321e+01
1.905950597018322590e+00
1.905260450055758614e+00
3.858622024123212757e+00
1.062987714897338698e+01
8.918894559981593861e-01
2.390514976237358535e+00
2.283685941823045074e+00
9.768559534185120796e+00
5.080325403042277088e+00
5.512648067722917489e+00
2.488050012585185211e+00
5.676133134381913692e+00
2.765699920871703021e+00
5.574249862804356859e+00
3.000309723490340641e+00
7.839125334551761526e+00
6.888753188308922581e+00
5.785328157427595208e+00
3.463985699047916977e+00
7.189913260567047937e-01
5.538724868884433050e+00
7.467315748489625982e+00
3.484060852538218178e+00
2.401058660141476508e+00
7.826660694837130450e+00
1.510529376737792084e+00
4.300453279598022149e+00
1.277159178669332373e+00
2.857374967392886767e+00
2.769507474701812910e+00
2.752510069130490233e+00
1.806167226110866331e+00
3.767791005704333784e+00
5.583513625136460767e+00
1.046470601710324244e+00
1.043957141658044652e+00
4.231764081810017508e+00
4.835579468926097135e+00
5.417144766828480229e+00
1.660221756779566293e+00
1.285894549103165918e+00
4.709035208915062221e+00
2.223140977237560545e+00
1.113512366494530337e+00
3.504275330613169981e+00
2.045873676149781328e+00
9.734966930686994591e-01
7.623845989615494201e-01
1.974247215312761039e+00
1.089727421071405855e+00
1.955331757268105264e+00
3.798515564490710261e+00
2.208025936402265632e+00
5.496870472769667337e+00
5.603797541465330490e+00
1.620849870639077706e+00
2.279047985921932362e+00
3.745906645241833921e+00
6.141651275061263071e+00
2.553024415030901717e-01
2.632661643700007215e+00
1.785055697382844864e+00
1.137734872266370934e+00
2.447389953569954812e+00
4.946418106137147053e-01
3.771640842985930941e+00
7.976486378564521473e+00
6.887223269656947977e+00
6.311103971695398052e+00
1.680299317399467585e+00
1.341222102339347799e+00
1.920468531676456037e+00
3.238519896441481194e+00
5.330544546225630675e+00
2.424880403424305442e+00
3.371862667201567909e+00
6.236116117751675958e+00
3.112298010348447885e+00
5.780734254209357381e+00
3.207253651568421571e+00
3.285502306664200844e+00
2.879221302181708797e+00
3.866890198261470069e+00
3.354335900899112488e-01
2.012626793302024986e+00
1.761603349742075997e+00
6.614956905018454236e+00
4.031669470407241440e-01
1.388345574055793286e+00
3.277056190138508462e+00
6.640589942981629967e+00
3.261189552260408409e+00
4.696934319849032313e+00
6.543965120733221674e-01
2.497529159006258936e+00
2.048747461504903722e+00
4.543082755431214537e+00
3.647166420669795350e+00
2.075399907762499829e+00
6.812835573819880253e+00
2.517153346781551893e+00
3.746405162803465139e+00
1.293584222335158573e+00
6.104559515267794723e+00
7.888256981893168041e-01
1.994181284462863468e+00
7.371402955294637849e+00
1.295402479556521325e+00
6.194702935564950330e+00
5.514489773775294701e+00
4.045184901736738503e+00
1.976366686105492709e+00
2.130337438459959820e+00
1.538553792842268120e+00
2.819007679962799440e+00
1.378628353804195017e+00
2.708048380784559672e+00
5.456274242301124566e+00
2.562977915267814932e+00
2.559981930904188463e+00
1.796955982083688896e+00
2.629060908784213613e+00
2.932639228092398298e+00
4.482870290371664623e+00
1.065599351288328611e+00
2.477652631150866647e+00
5.500068305386465184e+00
2.089567345187426373e+00
9.242404105284732552e+00
2.454212064628129131e+00
1.026235174166578945e+00
2.223619286636125292e+00
4.656936326941239379e+00
4.573077065370624084e+00
6.043349812019753742e+00
8.107140446897309616e-01
2.142163239800057628e+00
6.432591904296879548e+00
1.484454070931784386e+00
3.310160273307259260e+00
1.787424257544037332e+00
2.706592845087274934e+00
3.802655920361961428e+00
5.832865963022593192e+00
5.254573434492372463e+00
4.868875404792097683e+00
7.823355181746084241e+00
8.496255936356577054e-01
4.493955522666218450e+00
3.089693512638074235e+00
6.746383433122622009e+00
2.241917171718639246e+00
1.958762262497770967e+00
2.488861150160599056e+00
2.446803281932734997e+00
3.570260639838803041e+00
2.243955544751285114e+00
1.501479854588008145e+00
3.443642025057434886e+00
4.284346342809362440e+00
1.924299333478861618e+00
4.681984637257098902e-01
3.389790514544249511e+00
3.082596498091063619e+00
2.921363265470521497e+00
2.508226545761856663e+00
4.409717115163314993e+00
4.005007119174479158e+00
1.301960311147333016e+01
4.200534240481379022e+00
2.710065745266278636e+00
7.024028093728223787e+00
8.131137426028756110e+00
5.524565921882421904e+00
3.721351964769192389e+00
7.289934044518947553e-01
1.058231992543321009e+00
5.075522794098556112e+00
3.795486392182364721e+00
1.262316499642395007e+00
8.886145770890554019e+00
1.665635855398481580e+00
1.682371925508000521e+00
2.503952776017699833e+00
1.445622758384242923e+00
8.153923431757986506e+00
2.782534471619502736e-01
1.754374112358209947e+00
4.575451571009610419e+00
1.639270597434663745e+00
3.517959676836861505e+00
2.255881394798880279e+00
1.578665149681582447e+00
2.364450062816243481e+00
1.829226401931696833e+00
5.440350622184295659e+00
5.263540764196053878e+00
2.167326711740102940e+00
1.663130329132676000e+00
2.530435180261496164e+00
2.495135390420919030e+00
3.808758610608501627e+00
1.903887588228923677e+00
1.880697398216512939e+00
4.555780100041123326e+00
6.120323632288109827e+00
1.105675763390483191e+01
4.743500814493116557e+00
3.355488126049935182e+00
5.731385035963821650e+00
3.806695219001780650e+00
7.918208331731430016e-01
2.172891987161536420e+00
1.628949778777345925e+00
2.965435654364033002e+00
4.237517042885390772e+00
1.421911477487037612e+00
5.820772775556906531e+00
2.006289843260544270e+00
2.010227285253124663e+00
4.011545519899242684e+00
4.360214531766500201e+00
5.559889126187039565e+00
5.730278027312733613e+00
1.099830218030894091e+00
3.668007354629954531e+00
2.925196866921677685e+00
5.177494601908371408e+00
1.900802632888402233e+00
2.530270304640116485e+00
2.174622317959939988e+00
1.855337052154004240e+00
1.657592945227653214e+00
2.618363552657323456e+00
6.865699598802597059e-01
5.445856879556972174e+00
4.599805334032696646e-01
1.012462063225769482e+00
1.526667876463322804e+00
2.824711512803313784e+00
4.157837369730631671e+00
6.612148191946194409e+00
1.923215523229733215e+00
2.312263042202021612e+00
1.028515723412281480e+00
5.717623266743795618e+00
5.281125081288937650e-01
3.124363372569438635e+00
2.322353578265769602e+00
1.822062416159307419e-01
7.583376794038517943e+00
3.819314815812734354e-01
6.624635161580370024e+00
5.802065204397885978e+00
2.007847157053060272e+00
4.128133344433043916e+00
1.541771757148215016e+00
3.430410886268170589e+00
7.240739346356769524e+00
4.054018108256354225e+00
1.502502214118772494e+00
2.039925946900586151e+00
6.521399874251427420e+00
3.833402986536132317e+00
1.694320947432387037e+00
2.652023850085063028e+00
2.246889660623397678e+00
2.199544160848236896e+00
7.049347699411425694e+00
1.550242976223749070e+00
1.974724296296376469e+00
2.339492143413889114e+00
4.849119223111907573e+00
2.583808541887912202e+00
3.409052131334362468e+00
4.033241287314688783e+00
1.884289199831078010e+00
1.201311405263684184e+00
2.330063048540357507e+00
2.169662855763896392e+00
1.100498326536738958e+00
1.887246313803732534e+00
7.162462601895288827e+00
4.326909135455553113e+00
2.527043663952238006e+00
1.328098589770401849e+00
2.880121683261042342e+00
1.719165069323030703e+00
3.256391917149416226e+00
2.149945267137384430e+00
3.667437763392880967e+00
1.970110922649628060e+00
2.836513094632946874e+00
4.776662177989025260e+00
5.127146322866634520e+00
1.161661296561225853e+00
1.877043924151445831e+00
2.579838281020758739e+00
1.970018726365912132e+00
4.856870497470252346e+00
1.478350939655211249e+00
2.314376938225739089e+00
3.421406315582785407e+00
3.084116721659292182e+00
6.972258484134946643e-01
2.734632669342738964e+00
2.027886661860546447e+00
2.524292751421735037e+00
9.212129237661329739e+00
1.589357527693916250e+00
2.942877435295263133e+00
1.909206420277625771e+00
6.470438492937323538e+00
1.185720894869667363e+00
7.637131799346647654e+00
2.973999731762858811e+00
1.635830653224006559e+00
2.770632979155504660e+00
3.848612642316541876e+00
1.166035567025433650e+00
5.423963131692515205e+00
1.438545004159851315e+00
5.934287337999932355e+00
3.575761407135822356e+00
1.229258045333900817e+00
1.466031032818592816e+00
3.849712443990021882e+00
2.025275694918077463e+00
3.002272957697566635e+00
9.499356388421228425e-01
7.847323661924151317e+00
2.004727487931960539e+00
1.677370758700919007e+00
2.845065965474628200e+00
1.748408442560608345e+00
5.958144400331747192e+00
2.591526288802230127e+00
2.782725421319612646e+00
3.148043876165943722e+00
5.298978112711581367e+00
2.026511112170349627e+00
1.307080531128208323e+00
3.122232476519085420e+00
6.135599647915609189e+00
2.218523187296930654e+00
1.000438553108687678e+00
1.368700677038823699e+00
2.288174034922112021e+00
6.689741548851515063e+00
2.771312468256494022e+00
2.077220689106837881e+00
1.964227983741480443e+00
5.691813287630516083e-01
1.041318274016510781e+00
1.135147382978582531e+00
3.065234173984540345e+00
1.004322367858121456e+00
2.126704405950462284e+00
4.439994426317131371e+00
6.383397659973692129e+00
7.477481953166276618e+00
1.900596330215320151e+00
1.063422481893469040e+01
3.153537340533962396e+00
1.628836598497044541e+00
4.246472612420346238e+00
4.976316361698840396e+00
1.032243066959511069e+00
5.544717397956903326e+00
1.497982941648741573e+00
2.463117774851958153e+00
1.864798340946485444e+00
7.316710396735773836e-01
5.780141369285936470e+00
2.787811983429694163e+00
6.204938023157163585e+00
2.037446174306388968e+00
5.189908272884356855e+00
1.133055761264386163e+01
1.765372425169979609e+00
4.582793469472895787e+00
3.578617782798744429e+00
1.050900784481422079e+01
1.240222986224551294e+00
7.941502796014066057e+00
2.357879879944569268e+00
1.837908066183533862e+00
1.729606177705774295e+00
4.855736323140568800e+00
2.716364512649001473e+00
6.327939105925414864e+00
2.286387640882428851e+00
6.861853407315588349e+00
2.963886692907896414e+00
2.447530573782051633e+00
2.859884974467497010e+00
2.977627717002714114e+00
7.298354628706452907e+00
1.886975465092729509e+00
3.271977098367573777e+00
9.454670972048807798e+00
1.160958682784397400e+00
6.033190087602382512e+00
5.178329365110728055e+00
2.251883005333028986e+00
6.121261194517701121e+00
4.094581712441474508e+00
2.352331626233965967e+00
3.410613796979457657e+00
3.629426703904915286e+00
3.688605374942283799e+00
2.623605426449408196e+00
2.094433035647806030e+00
1.321684019225639384e+00
1.676108179304871770e+00
7.436020780441994660e+00
1.455275938551096049e+00
3.979306411917632236e+00
1.582427317595745064e+00
3.948988956412975426e+00
2.717876537836855011e+00
2.036047846229670721e+00
2.470856093552777910e+00
2.009281207315601669e+00
5.213063509133648576e-01
2.879384677707890194e+00
2.857752267509633182e+00
1.503631068751351663e+00
4.797178545893674873e+00
6.733934192016990394e+00
4.289694340599318423e+00
4.674451449150194726e+00
3.092303323384197888e+00
1.675900405840297758e+00
1.196930458395738750e+00
8.013206635509869002e+00
4.793228354472803154e+00
3.989414045946240162e+00
1.456043844663682085e+00
3.848489445156275668e+00
6.487799190005649308e+00
2.599440028295972649e+00
2.212373105751372027e+00
3.195581550684804206e+00
5.836940198472741592e+00
5.985969779358042864e+00
3.610691989244025457e+00
7.695363851136659550e-01
2.285447673666197499e+00
2.805249492573669734e+00
2.669988701771101702e+00
9.720105031960322606e+00
5.258539737971697825e+00
9.539358980213643591e+00
1.584117338977496736e+00
1.829667913108199651e+00
1.130154823219752025e+01
1.843197832960667082e+00
2.312360479904752797e+00
1.271441223230525663e+00
2.108520401152938817e+00
4.177958582232967011e+00
3.693732988426812192e+00
4.183692648051698271e+00
1.956933171264622073e+00
1.155420041396862274e+01
3.076143003475031001e+00
1.735201343156702380e+00
3.053399045556371760e+00
1.023826690493476965e+00
7.536499960716522395e+00
2.769333359748963996e+00
2.217180640182367490e+00
5.069941307654266538e+00
2.519854141860943919e+00
2.081694725360686338e+00
2.225826641639675252e+00
2.468325148350360543e+00
2.848621849097239700e+00
4.687298733048372301e-01
2.477686187457167399e+00
5.725354249461866551e+00
2.563476419162132203e+00
5.807398996769996380e+00
2.336879080361828454e+00
2.233761061020333560e+00
3.604725561952839552e+00
2.965245035615428737e+00
5.917271635031563726e+00
9.632225382814921799e-01
2.490749304249002094e+00
6.400613112545045169e+00
4.059741191590036991e+00
2.698277503597528604e+00
2.092034945979411642e+00
7.558041332160450487e+00
4.497133408728836379e+00
2.783634806975828102e+00
3.779948463797545344e+00
2.444764709305526917e+00
7.532422214108065894e+00
2.503399713848958097e+00
4.336063396012648674e+00
1.546041858914533940e+00
6.913095226211308564e+00
1.471623740669887770e+00
1.527643122513047347e+00
7.881354179179506092e-01
3.291598926378399792e+00
4.627192875372631242e+00
3.490381529457559751e+00
1.767419575573898172e+00
4.083077613429693997e+00
3.891436752104790120e+00
3.904390490733876895e+00
4.361787864829015149e+00
3.496002128893437977e+00
6.757453769815723099e+00
1.780615758563715012e+00
2.613084253363928688e+00
6.834396601543006433e+00
1.992428179591883008e+00
4.062750979013589614e+00
6.049321319226775628e+00
1.684801283889940660e-01
2.152493584056012210e+00
4.538151594150086510e+00
3.850257706190718388e+00
1.246545957458205045e+01
6.377528737217875054e+00
2.723559531558384261e+00
3.271764628271150332e+00
1.398698326102904899e+00
7.963333719613617134e+00
1.919483576946837022e+00
6.014375091111515026e+00
5.008822407730878723e+00
2.896835033559316042e+00
1.474033549823806188e+00
7.316841329991273568e+00
3.425122285566144953e+00
2.906507381972030402e+00
1.641534443542492561e+00
6.626146335686251554e+00
1.038831498615557125e+00
4.553045813032800204e+00
5.897502286905211832e+00
3.158181367344137791e-01
1.759622143514286030e+00
1.699302373223089857e+00
5.244443981689665080e+00
5.535167900609626379e+00
1.334091650179254129e+00
1.718153195787539556e+00
4.696593816231263929e+00
3.406157531663848381e+00
1.561085677424703722e+00
2.470152937480391664e+00
2.660646769829810410e+00
1.492855141866790802e+00
2.157808757465475846e+00
3.418099555477723595e+00
7.035996864595870370e+00
6.721407476121685320e+00
1.828193507282410479e+00
1.420830899774637501e+00
6.824788901674034847e+00
5.321700167270876136e+00
1.511643971631134509e+00
3.493814312297673474e+00
3.101161592644980924e+00
2.868099125025669771e+00
1.612395487569093122e+00
2.330766358063867560e+00
1.723153858898792246e+00
7.731890346624527011e-01
3.991305279363591474e+00
7.029828216246467143e+00
3.611296248218272886e+00
8.257904003809656501e+00
3.710046521345659043e-01
6.096756911086012920e+00
2.248556725957409075e+00
1.279651669677848602e+00
2.542708748418510023e+00
2.948413516788371602e+00
3.549682722702629079e+00
4.534533337395379782e+00
1.460133809727556908e+00
1.926050581860731414e+00
3.321575012232508950e+00
8.995749760658572569e+00
6.281515460669274686e-01
2.443084256158656764e+00
1.148125563465702115e+01
1.165771051521785617e+00
2.237814957618343481e+00
3.046920948942745788e+00
3.233826535180082118e+00
3.297779940726893066e+00
2.284964912935584458e+00
1.914537490340763704e+00
2.534970245332382355e+00
3.867738117121990005e+00
1.240616054574311233e+00
4.320395671261824333e+00
5.722563281038169691e+00
1.817678422213386824e+00
6.768263775450847675e+00
1.687137446943135943e+00
5.400491318172446764e-01
5.341798610481905740e+00
1.975048031814445215e+00
3.977836135875401968e+00
2.693892060158193047e+00
1.832627885980806726e+00
2.145267700758992646e+00
3.037859402492635752e+00
3.222723657391360241e+00
1.741146929632004348e+00
1.511003993412767921e+00
4.456411880717081608e+00
4.630389054107975966e+00
2.846131736919680133e+00
1.455249336433948493e+00
1.215083999860196995e+00
7.662223008563850968e-01
7.798992577786437730e-01
3.661051859344464976e+00
5.149870324848901504e+00
9.409719475282443124e-01
1.250308927185741270e+00
6.991697068711340002e+00
1.074108226663838650e+00
1.841018262590910837e+00
2.848187175668693616e+00
4.515212324089212359e+00
3.394974734056699361e+00
4.968599029720242477e+00
3.816310699389696914e+00
1.469674127235842898e+00
6.129948098050664873e-01
2.443904532975998301e+00
3.750175262352087202e+00
9.438111385080611981e-01
2.979635839679240839e+00
4.946112516199201892e+00
5.051157610140878162e+00
1.239610001518722138e+00
1.085058351639709429e+00
3.520982830646600892e+00
1.157928330624497404e+00
6.028803441913839212e-01
4.594576425536842201e+00
3.082285858017963953e+00
2.802934019138174637e+00
4.931920158317244507e+00
4.931241609669004156e+00
4.270621995999412390e-01
1.596858852553728836e+00
7.206738805027946837e-01
7.662639319313072406e+00
1.544495914471431419e+00
3.329441909594686777e+00
2.399851206726618003e+00
3.690885851293117970e+00
3.551547338316683788e+00
2.194042666772275219e+00
1.102153094558129487e+00
2.988996920456969963e+00
2.425572390980430093e+00
1.542474255424969520e+00
4.264738718270679740e-01
2.937987192937277836e+00
2.157721976494678007e+00
5.447956887744072052e-01
1.840638765597405024e+00
7.515237878078674383e-01
3.453094165209233513e+00
4.853351545620387952e+00
2.780609602455932361e+00
2.395566430867188235e+00
5.219254714551360586e+00
2.905935085576300647e+00
1.077690012012974208e+00
6.574972578789229694e+00
3.581833012171929731e+00
3.634380899229561646e+00
1.456269440669334614e+00
7.199393105836663365e-01
8.227393570940861878e-01
2.078880332615937743e+00
2.242349706811858745e+00
1.760181860087297601e+00
6.448750169610097949e+00
7.998386990097003491e+00
1.038849392075120059e+00
3.756970741378101497e+00
6.549963051305923711e-01
2.739559897363426644e-01
3.338247395818822127e+00
7.868896245753656871e+00
5.319179321195764309e+00
2.289017200603135738e+00
2.300226621154418893e+00
1.170383571444132365e+01
3.585465839658862119e+00
3.625938320387690261e+00
1.066549892263436883e+00
1.262064561008171770e+00
2.350889670850982771e+00
1.560908052019019943e+00
4.792029707699791530e+00
6.640724118990937619e+00
3.064508875340048899e+00
2.011383597551172908e+00
2.250500969430119902e+00
7.650851179898137122e-01
3.973954961548247233e+00
2.838293779357081270e+00
3.035742369583902978e+00
2.595096608501408664e+00
5.589435848346495206e+00
1.517618486256249399e+00
4.437054268672371293e+00
2.651412471200503163e+00
3.665590529913144824e+00
1.272742997273716092e+00
2.683745228906819325e+00
1.615373736305937946e+00
5.602031005334197289e+00
2.287667369365411929e+00
6.853353399911928712e+00
2.850983440798148028e+00
5.653661337032850120e+00
1.137976835419368449e+00
4.862321183517163803e+00
8.405201944069402131e+00
2.708110161996915455e+00
3.901451560114807204e+00
2.105888200324983472e+00
6.631733836617224931e+00
3.440066770330593826e+00
2.158014603247005336e+00
3.045631321884227471e+00
4.504728074452381215e+00
1.090223287849824363e+00
3.193368099048853992e+00
2.548694014094031957e+00
3.072284031427380047e+00
3.324436404832407987e+00
3.386781938946831438e+00
1.751149892929125373e+00
5.838280874926406128e+00
2.528730715947544283e+00
1.503178442533351422e+00
1.718624080814958877e+00
5.576409556860864924e+00
1.847991609284053149e+00
7.044693362771472955e+00
1.870531496699666674e+00
1.257902572503931227e+00
4.325506234319981047e+00
3.559009340864430548e+00
4.924628202504705676e+00
7.257546083515791224e-01
1.887883012729734133e+00
1.528643443252277079e+00
3.929272626013800895e+00
3.001306837530109295e+00
1.251989629057820075e+00
4.844081425010696940e+00
2.384865213280461305e+00
1.659233630860589059e+00
4.731245104795923417e+00
1.819472996993404035e+00
3.356000267492583067e+00
2.078309254890680524e+00
1.924546070886673732e+00
1.539758275064226245e+00
2.374511125887294849e+00
2.027559799152161890e+00
1.905921527723738462e+00
6.063880969490535122e+00
2.364462469571573244e+00
3.055596201730210737e+00
7.358618447494000847e+00
3.362921804450256680e+00
5.787547859685548524e+00
2.959396404059929875e+00
2.499688817380632866e+00
2.489683047106393321e+00
1.995343317076389233e+00
2.299626940406009012e+00
1.142597190606944046e+01
1.527391380924820297e+00
4.147413579106510539e+00
2.326323865452985196e+00
5.874708710418405921e+00
7.327771260062296843e-01
4.799298550167415911e+00
2.766868766043062422e+00
1.961269926317689150e+00
2.267601599399095225e+00
2.630402608658749308e+00
3.243417341847423696e+00
5.100788433789495979e-01
1.534121331658310217e+00
6.309272162013827234e+00
2.804052948605043394e+00
4.804265466877304824e+00
6.859803922796183784e+00
2.001655780611907520e+00
2.264814325517094939e+00
4.398580629790385110e+00
3.266874018763813226e+00
3.468033171391847969e+00
5.295337392647376795e-01
1.839405584582430198e+00
1.834932164034386304e+00
1.208948008114948180e+00
2.758632231230267351e+00
3.870417361266597744e+00
9.544300304524171441e-01
1.468248639798981792e+00
3.528533030625548683e+00
2.051819269648195387e+00
3.730341929273207402e+00
2.536918653658593037e+00
1.961980773513068099e+00
1.514026829028527255e+00
1.551060506287082807e+00
1.136301495294596897e+00
3.963143562355849081e+00
4.741637255322906697e+00
4.879720106439534355e+00
4.560838334738237521e+00
2.329527063378709961e+00
3.191201861633583992e+00
6.106417546937928265e+00
4.400379121921040415e+00
8.428138457400289330e-01
2.210255746810530830e+00
2.387286791091624671e+00
9.226676331167485978e-01
3.277751599100824809e+00
3.383759551884395034e+00
1.222431373956552214e+00
4.527056233477111391e+00
2.628767958095492130e+00
1.651757710785292987e+00
4.584234400769497952e+00
2.203438665403727015e+00
3.183727625300274866e+00
5.156628361512347603e+00
4.297767146508783220e+00
6.762853661851144338e+00
6.469829648483394813e+00
1.044683045720742776e+00
1.991506799802301497e+00
9.732871131575629775e+00
1.308267783148957308e+00
6.826042933113421363e+00
2.947499962742945012e+00
1.723265176174092028e+00
4.733094584251282377e+00
4.962554360519570551e+00
4.206009273667757897e-01
1.548796837292719886e+00
2.796648740280839984e+00
2.130409010246919088e+00
3.933483256281605223e-01
5.060645503451136840e+00
5.746234011720474655e+00
3.904314233843468873e-01
7.370642025515098616e+00
9.175501821508905698e-01
1.898659330943558654e+00
4.123459629122391945e+00
5.852746822719701036e+00
6.502450679985402715e+00
1.941044693073563865e+00
6.993031391305281730e+00
9.726851700784630239e+00
2.241660367156862232e+00
4.488728231467673524e+00
5.601828561189293731e-01
5.968113394987405229e+00
4.656023555580079076e+00
6.192549109844125432e+00
1.520151157094425276e+00
1.847777193187675859e+00
3.952182947662588486e+00
3.353158043981489200e+00
6.747465443100159055e-01
4.731780779933472125e+00
3.116742474357843573e+00
2.892068110726589758e+00
1.277449208986941365e+00
2.883408242190442561e+00
6.168794242690857743e+00
2.883303354816493247e+00
2.170380883276003647e+00
2.715965252442801514e+00
6.032563353250743887e+00
2.155432724099907826e+00
1.918182568097927199e+00
1.658546190673836573e+00
1.472232131582329240e+00
5.434140656756450305e+00
2.218653439342216593e+00
4.141228128902297634e+00
4.834032990929980400e+00
3.302633479453026766e+00
5.619940784313737225e+00
1.910586052751835684e+00
1.206945522683300132e+00
3.045431768279380780e+00
2.498433817550499203e+00
3.552680246422242227e+00
4.199138628309915688e+00
2.799262169042383785e+00
4.035558058909415990e+00
3.724914706757156857e+00
1.785476601538838581e+00
2.916697736214247438e+00
2.676215376658221956e+00
6.790992046981623176e-01
3.669986534562210689e+00
2.738256902762944645e+00
5.494616409593774620e+00
2.443759157660961856e-01
1.506054991679835808e+00
2.839335270948018408e+00
2.659397006306010169e+00
6.044493937746810097e+00
1.265510608347040877e+00
1.573063580286386598e+00
1.260848542857109233e+00
2.256161110700264150e+00
2.678819253078850160e+00
6.421433003457287292e+00
4.436912252416182589e+00
1.914736949208640349e+00
1.126130136904082768e+01
2.366651254024957574e+00
2.502279533659846678e+00
4.774470946362682433e+00
2.712347531943334999e+00
5.755164970165053129e-01
5.014177922504033269e+00
2.028303908047930371e+00
2.114694442503380234e+00
2.392601129701124041e+00
2.662305058431015947e+00
1.034071484960897180e+01
3.584615158805184887e+00
5.495342741998034519e+00
1.514441490375876498e+00
2.545548618785590023e+00
5.073247783735210348e+00
2.353204470565268380e+00
3.450476178585599296e+00
6.409922664599051245e+00
5.954401949815838480e-01
2.008183577565417988e+00
5.755309027684448075e+00
1.124899930671430237e+00
6.234464696333650302e+00
3.926226685039967190e+00
5.156218372606347522e+00
6.189444168031450921e+00
8.247134688102487843e+00
4.927981228111688594e+00
5.952795294549122040e+00
4.329362043914764868e+00
4.386911284358998131e+00
1.925422286597177957e+00
5.506393196367574738e+00
7.128238131954007351e+00
2.518061848947324322e+00
2.971999828035758018e+00
1.668299318995704050e+00
4.230434934871884600e+00
5.448312811927329413e+00
1.551582300326858510e+00
1.190407561429418726e+00
4.769297661214737971e+00
6.023634977540154978e+00
1.152847700304705736e+00
1.031843660236758886e+00
1.886323611499907793e+00
1.489834486349252085e+00
1.821019815134268693e+00
1.315264135804155687e+00
3.626480108031910454e+00
2.871091375965274306e+00
2.674987987555861313e+00
7.968955382034239143e+00
5.966692653441513450e+00
3.652747774891158095e+00
8.161768016467229714e+00
1.637285922571268593e+00
2.178932745159742890e+00
3.428359484865325602e+00
7.442749750342435355e+00
1.439769717008244632e+00
3.408039288378071685e+00
5.974452913990702996e+00
6.086374743155915645e+00
9.942094054160174332e-01
2.336800707023710455e+00
7.803763090218979182e-01
6.055592380862679036e+00
3.176579705796160003e+00
1.237445955403133180e+00
1.097889963970411609e+00
5.241703930234057118e+00
1.705985240456717511e+00
2.630849887574059576e+00
1.861908823955032766e+00
1.928200375958140755e+00
2.716144507392098451e+00
3.073271450119134940e+00
5.064413049508460496e+00
1.371180785864307694e+00
1.112222710411151061e+00
6.878122502405454419e+00
3.981983555354291493e+00
3.289144888662424826e+00
4.061204338227494937e+00
6.106280034010701740e+00
6.341293834719355260e+00
2.954604998324669385e+00
2.088425209943434169e+00
1.365577497482556524e+00
3.797491188173735210e+00
4.014413236389174244e+00
1.729277632551778909e+00
2.932298970580514919e+00
3.249313426075789213e+00
3.377283825438773590e+00
2.870260413679383671e+00
4.134488751111680571e+00
2.248844224866534347e+00
2.639667520267183765e+00
1.100931933576432264e+01
2.448236383907450797e+00
7.471592761615182710e+00
2.999055450567985837e+00
4.766639873699061170e+00
2.699005000397445730e+00
3.744661933074060922e+00
6.517124177224047799e+00
2.876191890426097686e+00
1.428547162593295505e+00
7.401874184363911091e+00
2.108433593857120147e+00
5.815958353902531464e+00
2.659919030664008144e+00
2.552278065164418575e+00
5.462651978469204472e+00
1.005876787490745494e+00
7.613671005867866270e+00
5.503264485837328301e+00
3.295703224375194473e+00
6.337241296787547107e+00
4.228520229185068757e+00
3.379907280647637791e+00
1.074993240188461563e+01
3.573309996024597535e+00
4.062705712232522082e+00
4.980674156598418278e+00
2.757057079175354808e+00
3.116255762971468002e+00
4.875358966600549238e+00
4.961107304054700684e+00
5.889964524880022090e+00
3.751956377599193981e+00
6.229554290290908902e+00
1.433335645698163185e+00
9.510121180189110568e-01
6.130326576253489534e+00
9.832773045662952516e-01
2.636101130764576528e+00
5.948837364413178008e+00
5.911130619298067268e-01
6.139508619505133602e+00
1.836216115893633871e+00
2.434040306122080555e+00
3.169470744147480978e+00
1.032172233276205553e+00
6.670602703848514281e+00
6.024092216117479026e+00
3.858164814504931428e+00
9.853457501843703170e-01
2.482051749906518001e+00
4.655331616375513626e+00
8.160314641231776633e+00
1.692385665710289144e+00
2.320684348681986364e+00
1.798690083811409213e-01
1.986241868308907144e+00
4.740758210195929578e+00
2.644194055574661029e+00
5.506414306618543364e+00
5.889139765972704943e+00
3.523677562024192245e+00
1.811874305830785792e+00
2.663313408989230080e+00
2.798012220159298291e+00
2.202380610302943964e+00
5.392178308923115004e+00
1.031591752675722562e+00
2.437720377960665541e+00
3.950745352458377990e+00
2.493479639508871415e+00
1.989170784355151822e+00
2.722363757475901203e+00
2.509448241595756635e+00
3.115783733604839956e+00
6.703546724421128866e-01
5.357343372194789399e-01
1.887744686667637950e+00
5.122359827535048815e+00
5.246287797391382846e+00
3.918149452721418680e+00
2.172490388988274734e+00
3.832896821538390064e+00
9.301955781723224348e+00
4.265470826182024666e+00
2.814054088928457098e+00
2.290036403249961605e+00
2.593616244576843144e+00
2.481348845735918296e+00
2.500294629298965177e+00
1.496001900698940235e+00
1.529478989921629006e+00
2.306081432646094775e+00
1.529244014285444875e+00
3.642003284105558070e+00
1.499746053821562786e+00
5.697638093269516979e+00
4.870130355142241463e+00
3.648091389213687918e+00
7.450640088430399821e+00
2.140810072445497703e+00
2.563332069249537604e+00
3.549434618296529287e+00
3.041252903503002702e+00
5.364411213977416715e+00
4.146583943571575226e+00
1.052444086756266106e+00
2.038831315129471022e+00
1.567124996991575925e+00
3.366451980593766713e+00
1.136543632058105491e+00
1.468683723344677894e+00
5.556099703107978627e+00
2.843819398554487510e+00
1.215664723347495979e+00
1.640673820757353019e+00
4.904903602161066800e+00
2.887103006141266803e+00
7.101278949120039208e+00
5.646989963977876670e+00
4.396480555556030012e+00
4.715736029245595873e+00
2.546072940683373087e+00
5.993473537070710400e+00
1.765573381032975231e+00
2.284906535290569085e+00
1.707408231179478930e+00
2.599090612007958434e+00
1.277827621985313522e+00
3.166567909098055633e+00
1.812702400950834791e+00
3.171992311360329442e+00
1.965487275320265459e+00
6.377318056758619846e+00
3.394539022517761850e+00
3.707701124731280107e+00
1.953729796303465660e+00
1.660329805540079251e+00
9.523151789609102247e-01
2.294272858087766043e+00
2.680738696854501057e+00
5.922944383384992406e+00
8.013502256543931779e+00
5.461941592558552827e+00
1.959185369918462039e+00
8.938107166870787879e-01
3.152822755921949049e+00
2.835748751484032493e+00
3.177270249635482102e+00
2.090367735460802567e+00
1.744571729098380874e+00
1.716347742343008687e+00
3.614131273024461688e+00
4.815991299120412350e+00
1.621342039693825621e+00
7.528486941951608280e+00
4.242135974921070307e+00
1.680759245779165800e+00
1.011864658603761180e+00
1.863500672701290606e+00
4.494104133425006253e+00
7.416537515854737528e+00
3.545227143966392269e+00
2.719842264011057775e+00
3.685274999372003091e+00
3.363347966112321341e+00
3.419677428600992997e+00
1.787386705810151799e+00
9.354398281986462393e+00
2.549508022267430007e+00
1.706309341714235428e+00
7.094428253460196565e+00
2.332359456073297199e+00
1.384354889534506805e+00
1.557825187366570274e+00
1.957133888039297442e+00
2.518219240739028475e+00
2.033510762041677467e+00
7.376634144404403237e+00
3.820177527955120222e+00
3.345478660860875531e-01
1.024200169769184710e+00
9.729636496063207574e+00
1.321625907184031279e+00
8.141323078525195100e+00
8.139612835349301356e-01
2.695910379882868746e+00
1.575509035878305486e+00
7.397193740634897097e+00
1.608898432650973653e+00
2.050236464905979439e+00
4.626106584705505398e+00
3.423666061148296524e+00
3.450154666495039990e+00
6.718131547484056831e+00
8.592551598783018107e+00
1.640032587765876348e+00
1.277634623431364469e+00
1.060388044353966386e+00
6.418752839054951309e+00
5.460152453921971016e+00
4.073165767866505860e+00
7.603946070715493777e-01
5.061541989908912242e+00
1.521879132433758830e+00
1.041206116205679821e+00
3.161670543718253512e+00
2.327972490794267379e+00
2.781688817394160296e+00
6.870032979530253492e+00
2.146145998673574695e+00
4.094599112997772572e+00
7.014388080391965596e-01
1.278922795465059492e+00
1.398166167564233842e+00
4.092427495424499462e+00
1.478118538995262243e+00
9.843717258464089737e-01
1.707764512839176962e+00
4.996798244992035620e+00
4.331813625769496134e+00
5.655548763576578430e+00
2.002049241000121160e+00
5.207095089356615247e+00
5.746261324577985885e-01
1.538312943087923657e+00
5.495638296213103402e+00
1.582211213053849486e+00
3.421655375124432297e+00
4.997774769365496361e+00
2.230989832985674770e+00
3.149287405003980300e+00
8.942411480074474284e+00
1.923785116816840279e+00
1.272339540621785003e+00
4.039114633303348079e+00
1.232939959329042212e+00
3.117303100818231698e+00
2.737477224805798581e+00
2.232240574120878840e+00
3.811925874399902714e+00
3.318814710695698000e+00
2.767381447674694517e+00
1.334701809548923368e+00
1.688977392044819004e+00
7.049124912669253007e+00
2.148135183453105057e+00
5.007185280584089071e+00
4.566125855874661355e+00
4.679021999179013847e+00
2.714293285632622066e+00
3.733574680262355727e+00
5.379406898056168451e+00
5.577900472699209189e+00
4.115140208247431097e+00
2.461981122345183071e+00
6.340551084555115402e+00
3.893957146953074488e+00
5.533431295595566901e+00
4.231734626820349732e+00
1.341155060372723362e+00
1.612483679309444140e+00
2.141825757760698945e+00
2.742999177571604719e+00
4.039754876294271213e+00
3.113192523738828932e+00
1.984990660475754787e+00
3.047610161643750537e+00
2.517555745434967740e+00
6.172634255130060588e+00
1.469820738176630615e+00
3.012243565785826416e+00
3.071923031862104914e+00
6.335191101084822751e-01
3.963426273297525615e+00
3.347787335076014337e+00
9.973858200595135948e-01
2.191667160568449901e+00
1.758512877680554087e+00
5.498114473733075158e+00
8.984944643158352395e-01
4.920611736308564410e+00
1.138577088261449433e+00
2.387343226795302531e+00
3.817759837061896366e+00
2.753487613460129158e+00
9.102148787128446772e-01
1.761664679480365647e+00
3.362078858101873013e+00
4.488106472647239720e+00
2.420580651298983310e-01
1.635433247670556645e+00
7.537987607360703279e+00
9.095497192536609044e-01
6.707543896222631918e-01
3.779728100406091418e+00
1.929735798548451564e+00
2.687539987478737569e+00
9.841757500385778235e-01
2.702425965724704504e+00
1.854342993498519165e+00
2.844585943650544291e+00
5.348008597137341447e+00
6.864603677422896899e-01
1.366549322823796153e+00
8.405809738390200181e+00
1.397693633744659714e+00
3.901976754955016169e+00
2.145555154989706281e+00
5.544853938608968136e+00
3.170174051982551422e+00
6.982356400272109020e+00
5.125657486369904703e+00
5.128423201215877469e+00
4.023961494334208133e+00
3.106724826976837051e+00
2.383410433991680843e+00
1.428912405440932787e+00
2.805529096974923142e+00
4.068995202259375610e+00
4.651072791032138554e+00
5.564408784539079944e-01
8.224648008150567957e-01
7.384976775107774394e+00
1.125930689341119395e+00
2.266500773252805079e+00
7.273072919208740661e-01
4.697480875980081017e+00
3.305836953908532827e+00
7.434808506349406265e+00
4.161794609940751677e+00
5.816428630278839940e+00
1.788113750842441174e+00
3.053399115336241643e+00
6.173309327673094593e+00
3.324747144199758253e+00
1.545745085805405594e+00
8.209923222988573244e-01
2.398836554977703983e+00
2.561369452597221930e+00
2.619644326659630984e+00
7.014850991459798735e+00
1.639995051279274696e+00
1.734032149268289968e+00
6.597114787086807652e+00
2.433973639857499371e+00
5.297396314912032889e-01
2.384820842456924606e+00
8.370176377531537426e+00
3.385485030683253349e+00
2.440821038843934865e+00
1.905528408443826649e+00
2.394579642288298782e+00
2.249976706209612765e+00
5.030868223246169002e+00
3.040014289495948319e+00
2.583323958975945356e+00
4.081469146989958219e+00
2.182379772327833312e+00
2.260754471450570957e+00
1.574956830990198897e+00
6.574436770579040079e+00
6.896022268816477840e+00
8.077243067549892075e+00
1.700080318975845550e+00
4.635620480566257307e+00
2.616452310958869987e+00
1.099138040012246975e+01
1.895419634561593902e+00
6.102413417634893200e+00
1.397360059294787127e-01
1.885779455049382269e+00
3.468626156723775278e+00
4.296528714221935275e+00
1.159503195804868714e+00
1.803898246667109406e+00
5.857973818714024894e+00
4.900642285114057195e+00
2.048771313315634668e+00
6.550348120248425055e+00
1.384126405271837612e+00
8.517212450134210577e-01
2.592097707810905760e+00
1.205451586166206290e+00
3.562188541519240914e+00
6.788718719858827910e+00
1.626315695737084788e+00
2.584346462760095164e+00
1.350632397427544262e+00
2.010082768279328302e+00
2.361668966583502893e+00
2.305798197902398261e+00
3.984326916708384569e+00
2.669128617479260779e+00
5.908032488010024785e+00
7.254896988612880904e+00
8.652129117370158662e-01
2.953236636412110538e+00
2.503638694596790337e+00
1.548800022072169824e+00
2.409703822002040141e+00
7.765209989880218266e+00
2.376067732608351246e+00
1.507738437844823753e+00
4.486919192141836099e+00
7.679352899324163317e+00
2.831659515155350970e+00
3.469265999945713719e-01
1.178414110651492486e+00
2.386290330942002491e+00
1.811134051662304234e+00
6.510682675994618585e+00
6.529943225386276140e+00
6.296988726954463544e+00
1.583470617883359743e+00
2.941139047196660972e+00
5.739956945808193822e+00
3.599380503005974230e+00
2.747648099095660879e+00
6.902485255745721027e+00
3.592589839176941080e+00
4.613320797366184500e+00
4.582530565927228072e-01
3.893802243504676852e+00
4.675903534353540003e+00
7.379459697665468054e-01
2.074251604609273603e+00
2.246205239866379877e+00
3.842253415928615468e+00
3.018363289666246896e+00
4.772123168002427640e+00
1.236251752301006146e+00
2.086727911141868841e+00
1.234286683701346199e+00
1.346754160510184928e+00
4.676171576927724560e-01
5.812885219576633844e+00
6.608944687486501657e+00
2.711232593887498599e+00
6.054535833503209119e+00
5.227382194494126999e+00
9.119777496180269338e+00
6.647881397019330230e+00
5.231675726256297843e+00
2.949784836122093079e+00
2.088126582928177211e+00
5.770542717376422104e+00
6.481169823158293930e+00
2.045010457650463298e+00
3.005167863634899295e+00
1.001427254702622838e+00
6.264010712166101058e+00
8.400501696388088746e+00
1.379094619017148249e+00
1.755977627213803238e+00
2.988924507780391870e+00
5.285818677507328367e+00
2.619878954990495501e+00
3.278889525338098299e+00
2.970114445066240449e+00
1.664015827630107802e+00
1.657076452188504856e+00
2.632087516697421137e+00
1.180500531880089632e+00
1.810523277753600224e+00
5.247591968375147964e+00
6.619609346824616436e-01
5.826914626689526422e+00
3.176145936113919710e+00
1.379790722353005483e+00
5.327764444313218384e+00
1.108622921308349829e+00
3.542910768968544399e+00
6.575524838731966248e+00
2.157850762663534816e+00
3.538336036185276257e+00
9.726545430817289173e+00
5.384031724033752297e+00
2.290986633656335592e+00
3.431902320516249549e+00
1.145289481824094402e+00
6.739713099590941559e-01
1.872012284461649578e+00
5.490426595760326656e+00
8.310532669853321508e+00
2.970386076309786905e+00
5.855689950204355121e+00
1.417296545642699357e+00
3.408542047373288586e+00
1.554022156207173433e+00
6.777454265177952353e-01
2.565209751504563318e+00
1.381577720909865414e+00
1.998477425635591720e+00
7.739685772717495915e+00
1.181999289977800016e+00
1.773915137696553401e+00
1.032276783310879464e+00
1.166642480101748980e+00
6.733015210532105055e-01
1.853438662111944968e+00
2.226773976875439320e+00
1.105416091673846246e+00
4.407543118706189311e+00
2.434685557379684173e+00
1.492964846735703288e+00
2.609114170646701591e+00
5.055343880623296648e+00
8.591356137151013872e-01
1.676544289128214738e+00
6.886707545605347924e+00
2.135726704992047864e+00
2.153050038982548653e+00
4.609479163511932320e+00
6.305563304105556988e+00
2.668575361670106005e+00
3.702920730646677150e+00
6.632508294773018065e+00
5.262960826912001622e+00
2.864677832363490939e+00
1.988530596148267771e+00
2.186414558310535217e+00
1.363455317330809491e+00
3.344783109382724273e+00
3.642320382393274159e+00
4.475063098916115534e-01
1.057847419088557039e+01
6.960874104395842643e+00
1.078709018457735702e+00
1.567449061129028598e+00
4.131343737491167012e+00
2.133605572093673519e+00
2.414355825022560520e+00
2.507011679124540482e+00
5.264217530628505060e+00
4.590107411808483917e+00
2.172537433645910454e+00
4.179080025310483393e+00
2.841783380126807312e+00
3.016929210382426341e+00
2.770231456994714847e+00
4.198966258842439458e+00
6.337917517662385869e+00
2.686847609788798774e+00
1.976732945801695562e+00
5.050117403057651444e+00
6.922494276113026146e+00
3.130403172998636574e+00
2.646626396257399705e+00
2.293311314129259593e+00
3.419390619776241369e+00
1.146182461082288606e+00
4.793411229712969401e+00
4.262188984734531338e+00
2.531165010732506992e+00
1.914684956602734189e+00
8.572158223542853506e+00
3.569024737471711006e+00
1.885012097437607226e+00
4.353037227396785447e+00
1.461718570191713473e+00
2.193002824953599994e+00
5.709493487958069435e-01
2.058395724881534328e+00
1.809724972555769140e+00
4.884259543044422003e+00
1.818672523018311171e+00
6.564825114788809257e-01
6.635117905713217024e-01
2.905072104752108419e+00
3.192950143310217648e+00
2.538869111997656081e+00
6.353586631838018306e+00
1.686034515267262446e+00
5.972874830331343254e+00
1.567692797150740835e+00
3.043027352967094146e+00
4.892530814266681793e-01
2.801909368914729193e+00
5.262870931491512749e+00
3.152178624852536970e+00
1.815135366896743374e+00
1.992292326304871075e+00
3.163578164311195540e+00
2.440834053860609920e+00
5.684508548413307771e+00
5.131049629153196179e+00
6.471257930567303696e+00
4.134816336725868346e+00
6.569598274152743222e+00
2.473435155030934585e+00
5.062257670974764423e+00
1.971202466047900170e+00
1.208645446566357862e+00
5.303087179096897863e+00
4.232697348382584934e+00
8.313464149509153245e+00
3.024804345777079906e+00
5.337225541012388774e+00
4.272496419130935585e+00
1.907391852142718669e+00
1.794729594464708144e+00
2.094183241657332051e+00
9.909335256072582254e-01
1.469297908488294002e+00
2.399189911302213485e+00
2.271860499402710509e+00
2.728372833997185776e+00
6.733575649353760184e+00
3.149645870270717740e+00
3.371203641610910129e+00
1.974551060971133642e+00
2.998158044804971389e+00
3.779089271951853846e+00
2.180906755578381873e+00
2.664698287211836991e+00
1.154261517953639293e+00
5.023015499582102805e+00
1.933514032602591248e+00
5.760763541481164207e-01
4.793989203561338286e+00
4.378049001632771109e+00
7.021854260208418630e+00
2.463654470633780846e+00
3.181275573563769221e+00
2.579436094158531922e+00
3.286824046784655451e+00
1.117474119783568920e+00
2.740204443689805647e+00
4.359865411495166931e+00
1.291069162860249531e+00
8.426421523660306834e-01
2.896704326714217181e+00
9.348453646169043729e-01
7.399528146172256182e-01
3.208541189528764548e+00
1.354901613281037198e+00
8.680421286740189757e+00
2.332504847268990655e+00
1.666803023011913076e+00
5.592951358597249012e+00
1.941179461876850088e+00
1.870766493382445717e+00
3.599766113486668750e+00
3.639607266663917873e+00
1.833852887655647912e+00
1.381073479237028057e+00
1.475176580748259525e+00
4.214994120490732854e+00
3.899509363650887295e+00
3.232711512321550185e+00
2.100147853192175340e+00
2.031628123491518778e+00
7.021288401409079505e+00
1.473880012151369767e+00
4.041298802799059509e+00
6.429311672782239917e+00
1.640657472408157513e+00
5.661100000536514187e+00
3.922040103109599052e+00
1.644097214906250715e+00
1.017756907789807874e+00
1.559867692982683129e+00
7.135483520097503529e+00
6.559252421361961183e+00
4.794747184275427010e+00
4.950252318223751224e+00
2.608997032999891275e+00
7.240265403367996733e+00
6.616342376730919739e+00
1.602286987296760667e+00
1.239834153319414600e+00
4.696505668521214538e+00
1.955205141484668285e+00
3.375201017203156795e+00
4.484448314335201857e+00
2.756292133169346403e+00
4.584174871369814497e+00
4.134588102080485328e+00
9.135826509184481026e+00
2.687684424899371205e+00
1.487190635689395801e+00
4.466905383733464241e+00
5.864494646837512093e+00
2.772762943240909106e+00
6.168126234557426812e+00
1.893477012984101426e+00
2.695679574877597240e+00
1.492001201581539371e+00
5.075096282717526108e+00
9.739844141579391490e+00
1.078746801176745818e+00
2.638876416765326471e+00
1.422214616294600775e+00
2.762153289436131587e+00
2.427123601005304110e+00
2.830765160137961090e+00
5.869766793519941572e+00
4.131559890039820715e+00
1.390831216893752220e+00
3.042651459923508828e+00
1.685652699223185946e+00
9.868040066687344680e-01
1.178988485304725664e+00
4.449265437231745501e+00
6.047695683671375555e+00
6.272267225166075377e+00
5.659225508013138395e+00
3.566705686646152618e+00
1.337822767881434727e+00
1.480959266963560728e+00
5.865555735848323238e+00
4.004775287353706581e+00
5.944598140726913726e+00
5.343705275566998480e+00
1.987279408193639574e+00
2.709975451306130267e+00
3.979873615671519538e+00
1.625939317750464186e+00
1.258147150885755128e+00
3.460878284808848626e+00
1.897360285558886694e+00
6.809083239300073309e+00
3.997531852463540147e+00
1.531589582868927213e+00
2.542453760419117526e+00
2.302523066311402467e+00
7.764572911298974756e-01
3.419935837727882788e+00
3.633525605664410740e+00
1.190615125412816333e+00
3.272638185541887790e+00
8.164618190468984071e-01
1.802358350226263894e+00
1.195056592307857279e+01
2.521003776631904447e+00
4.448993158500424983e+00
4.795825112187827699e+00
6.839334507077344583e+00
1.023850565437266935e+00
1.595474238220253582e+00
4.412722483333292089e+00
9.236824221296834336e-01
5.744486493599356258e+00
6.650681578938566041e+00
7.421698661729452695e+00
2.043115387259957672e+00
5.645171903866575747e+00
6.266042167698004484e+00
5.002712792442919110e+00
7.031984062428690230e+00
1.057130739530969255e+00
5.662320649779596593e+00
5.532703327324418829e+00
1.132725131647689620e+00
3.390315987296945721e+00
3.619983200103790377e+00
2.858378710170691672e+00
1.704354030055958313e+00
4.225287898081365512e+00
2.880939661303824728e+00
2.728508011587423177e+00
3.552985254989983854e+00
9.326317328866878809e-01
1.676025990342683070e+00
1.921232177095916649e+00
2.198524238755671600e+00
3.213924463143377874e+00
3.803242675380065663e+00
8.815839274503959322e-01
1.698650535240863846e+00
4.066178129510339190e+00
7.970386952260593016e-01
4.304278105012031119e+00
6.894867056057716326e+00
8.292161977919243476e-01
1.212974975896969454e+00
4.010829170462478110e+00
3.525040225953605333e+00
1.794649239709120048e+00
8.525448176782964849e-01
3.123998264994543472e+00
5.313572209084894027e+00
4.138108641180838099e+00
1.360364787333977921e+00
2.991830142159325856e+00
2.679070455855633526e+00
2.594481264683108801e+00
1.980260281232462782e+00
6.446430485887412409e+00
1.488347098269911628e+00
2.228204864856083045e+00
3.348128170719649965e+00
3.276706153813431666e+00
2.061630782476282508e+00
7.095005492990942297e-01
1.760296708363812801e+00
5.538098904890259355e+00
6.266329004929232838e+00
1.397614325538852231e+00
4.769146293342024556e+00
1.606446422286176290e+00
3.469404362500474459e+00
7.770790660574309783e+00
6.238152673321368802e+00
7.120216339975139697e+00
1.832108309751401487e+00
4.761208804078530754e+00
6.944905842588539713e+00
1.343171411079732591e+00
1.821788686245963129e+00
1.416221278542590278e+00
6.409660883965839773e+00
3.493947417313940207e+00
9.113668971332491431e-01
5.409462846295520322e+00
3.377844624576706867e+00
6.414819217204176915e+00
4.798720601101450711e+00
5.219847130312952110e+00
2.234337559300632048e+00
2.375697276792076984e+00
6.040275900452840574e+00
3.077618005918318911e+00
9.039676730473880539e+00
1.419461392950227774e+00
6.188200455649586651e+00
8.405481783190839051e-01
6.677680647644418377e-01
3.575974528018480036e+00
8.187615516776096669e-01
7.739992568671270057e-01
4.383434945085422640e+00
1.344711231940260321e+00
3.824298163564353814e+00
7.494360601353773355e+00
1.268053368337870968e+00
2.630024297436538649e+00
2.300693013494089278e+00
2.306816845206431044e+00
1.671952234481716371e+00
1.516961398569318220e+00
1.108289565970583146e+00
4.777746573893746351e+00
1.788331382516388013e+00
1.217662262612632773e+01
2.977717138164851729e+00
2.050710507184983822e+00
1.119616438268410397e+00
2.057681098532339270e+00
8.527570434704783153e+00
5.175059242406431004e+00
2.581769817468321904e+00
7.901453285609217225e+00
9.667097154617562138e-01
5.333606863767800910e+00
4.217015996401392464e+00
3.367187641331270687e+00
6.562110301527434686e+00
8.927325873833108494e-01
3.093126924620511975e+00
6.225814189986257352e-01
2.713060996649642398e+00
5.468906281461821450e+00
4.917898946264112503e+00
1.710826160310742639e+00
3.304104775803729854e+00
3.879298557339483366e+00
4.089663788765289354e+00
6.054106854274564853e+00
6.265255636262550887e+00
3.991086656660010945e+00
3.981736252564286538e+00
1.206759626527448725e+00
5.189195576161997892e+00
3.281751355454754826e+00
3.357606116639659355e+00
1.311907101291531319e+00
5.260907812984113363e+00
5.016207896679574230e-01
2.420298936726390959e+00
4.770692928073229311e+00
4.181678586326471603e+00
2.872436718947734224e+00
1.377721611734898266e+00
5.338022162791810743e+00
7.001231334430416453e+00
4.857791986822129537e+00
6.216023565573286724e+00
1.608906661398470606e+00
6.840868023880850579e+00
4.277102940074634319e+00
1.527973998272682099e+00
1.889290499133556178e+00
1.488723462698487765e+00
7.685502150258259668e+00
4.664342964921597279e+00
3.907418285523917012e-01
1.508010019562531001e+00
5.651689331979842024e+00
3.673694003381846596e+00
5.064071976737024805e+00
1.407714482156909863e+00
7.371208924375056704e-01
6.119308312763546809e+00
7.851592170565123041e+00
1.049746868418625745e+00
6.475035242323485818e+00
7.088202115941496517e-01
3.069771375219169318e+00
4.103898760876754537e+00
5.917776009611380950e+00
2.032615491058129997e+00
3.773095279678935654e+00
7.850894037472091469e-01
4.615738930810959317e+00
1.761472695919685139e+00
1.054896557966320314e+00
7.143580967353502231e+00
9.212843196944847435e+00
4.758918588978119146e+00
7.165952500281868254e+00
5.218069163982178793e+00
3.411859570305209477e+00
1.017719202896051112e+00
2.590296837816512543e+00
1.920830914904939624e+00
1.579021764052103594e+00
6.681302469050303117e+00
2.214779415032803289e+00
1.270793522736172410e+00
6.336789244648948660e+00
1.888061995767249757e+00
7.156717914464493902e+00
4.137783480039929351e+00
3.969071670590120782e+00
1.980920938944287224e+00
3.393124379765651621e+00
3.756044268062799230e+00
3.378541738392573546e+00
3.011440369262005756e+00
2.919903744972645931e+00
5.604658034277993472e+00
2.505819318579269428e+00
2.394894603426623192e+00
8.658211019619654891e+00
3.380000079942067526e+00
1.816249731317726379e+00
2.600170924816863849e+00
5.593882713700891962e+00
4.615050171194288176e+00
3.026874316102922791e+00
1.513192796652287342e+00
2.660912285478584938e+00
1.521292355525367457e+00
5.203390101417894265e+00
1.601595438757558165e+00
7.590824186136522655e+00
2.109542246376192587e+00
5.012756723792380908e-01
3.440220359322621047e+00
2.148101759898261687e+00
4.005459531952829444e+00
6.209545487037692268e+00
4.055349170153803584e-01
8.732425216184908079e-01
2.746061389490355609e+00
2.705269424345481344e+00
8.733333946676273385e+00
4.655377578142945616e+00
1.196067118035084365e+00
5.311699587151935020e+00
2.231367744558709898e+00
8.239071322025405264e-01
3.451333723432166600e+00
2.502577886868166068e+00
1.766981596851155079e+00
3.006353010678749715e+00
1.142234820489939962e+00
9.457725474831530921e-01
1.590503876690783525e+00
1.630991790533804053e+00
5.899124342558439871e+00
5.563393630050059713e+00
5.004943044462335067e+00
2.753539612380675017e+00
3.279175650729557301e+00
1.570003344617265872e+00
3.179414040972122102e+00
5.143796221043577255e+00
5.857968200998346475e+00
1.974303420196523495e+00
2.158797636696697442e+00
1.898851231277649321e+00
5.082777855245387499e+00
1.140859812299634513e+00
3.454145011474994309e+00
2.546501078400912998e+00
1.050034173951273964e+00
2.646118850899686681e+00
3.418469838396783089e+00
6.260805581305759482e+00
2.543335490735298965e+00
1.592721209717540276e+00
1.907737194435475070e+00
1.985972181338260256e+00
4.322283576176960906e+00
6.027152678389896323e+00
5.253133777295195372e+00
1.085556929018531180e+00
7.604889803620022981e+00
5.528924687864407161e+00
3.605837546079681211e+00
3.182481228265257922e+00
3.040082918932852873e+00
2.147141039554172348e+00
3.884573639068108264e+00
3.785850466975901440e+00
2.638662067846881509e+00
5.812343538674664245e+00
3.373721888516071132e+00
3.249251300578058999e+00
1.045715067572636325e+00
1.721261389701173705e+00
1.720087528688939660e+00
1.810590478271582038e+00
1.190334591889792071e+00
2.829196468421994570e+00
2.616692084206763802e+00
5.244747372164400900e+00
4.122330357617134844e+00
2.599065324327570981e+00
3.690193844209349816e+00
2.696345473227205414e+00
5.630313373249655307e+00
1.942351579064480527e+00
4.638489913274820964e+00
1.931291023722435218e+00
3.348156032557708439e+00
2.747987052991233692e-01
2.927296222794978586e+00
2.310986905434198047e+00
1.001828326551067017e+00
5.235909941810096946e+00
5.727262352296685677e+00
6.483347025654793150e+00
4.267364860420870820e-01
6.009793944291760281e-01
7.058487825671514670e+00
7.039174288247401989e+00
1.633452851479293422e+00
4.714497849566721577e+00
4.008763611543422201e+00
2.410378062589560333e+00
3.368365364197193124e+00
1.581067574450114810e+00
5.080692077904967796e+00
7.301166499424941669e+00
2.914230457166901544e+00
1.304456929863452297e+00
1.406593832688610934e+00
6.309092942642916535e-01
1.089683233789537020e+00
2.714866116080435265e+00
2.679276541320915861e+00
2.062640248642924945e+00
1.260428612000393578e+00
1.764047419759994018e+00
6.387771117925486131e+00
2.058383311760213275e+00
1.598513094664711698e+00
1.566055081696998252e+00
2.939217217769354296e+00
1.564668772000063601e+00
3.541426670915403196e+00
3.561683804543566811e+00
1.619067806635728912e+00
2.062721905820263935e+00
1.499785442054474949e+00
2.438531149625905670e+00
1.790889194327806466e+00
5.168213412180972632e+00
5.981566033218383538e+00
5.807674212472173636e+00
1.478983888793198753e+00
2.250891166858565828e+00
1.408348344146012510e+00
8.673308264317178384e+00
2.080039714117879690e+00
1.205979295732316992e+00
2.716803934221151628e+00
2.532462253994099299e+00
3.411035234341332156e+00
3.790840535953471147e+00
3.430594424475363891e+00
2.730715550320080620e+00
1.441015161972972081e+00
1.449336542332055888e+00
4.389974052708772057e+00
6.826466103400893992e+00
6.674199132469115447e+00
2.222665327734029361e+00
2.367840311051372382e+00
4.703399444643683758e+00
2.586646990272835289e+00
5.131794911856930597e+00
2.024016589298066826e+00
1.648407531496002276e+00
5.377681856520098336e+00
7.980545029992629047e+00
4.191160207726649212e+00
5.116887163090955148e+00
2.667890727881742752e+00
2.530115955440109587e+00
5.303268808107416632e+00
3.146732295567996385e+00
1.770279023627428172e+00
1.870443909747354860e+00
4.200819123642369313e+00
2.893188313722358629e+00
1.447725498991820459e+00
1.276785160859380985e+00
4.945280342440955934e+00
9.279772136496481361e-01
1.375993532752737947e+00
3.638076314005525003e+00
7.369206657744256539e+00
2.714226476337500582e+00
1.324252630049348234e+00
2.510953905647513196e+00
7.719395126630198556e-01
2.103420074146592711e+00
1.485030542821854427e+00
5.342701989219807324e+00
8.405755646545520765e-01
2.178060895802555130e+00
1.082827764777591684e+00
4.657660413062222560e+00
7.733329568726644565e-01
4.396686697681364109e+00
2.319570036420023129e+00
2.648301730646538843e+00
2.619373976900749135e+00
4.644594152756040373e+00
5.624455075276899585e+00
1.668366506471480326e+00
2.607501499930790612e+00
1.527303902765539956e+00
1.022771285373913841e+01
1.779602542542668475e+00
4.753552065440754149e+00
1.168952870333181737e+00
5.910152025739511039e+00
2.506254468089201382e+00
3.151639142936214721e+00
8.229112658566343441e+00
1.606577502399531454e+00
6.085694848444330951e+00
6.644710587735604967e-01
6.532708840195251554e+00
2.104054621702386108e+00
2.769899710441736662e-01
5.773193786345799161e+00
5.953897822413514618e+00
5.622344339114958345e+00
4.845778523590747788e+00
5.418037564751387869e+00
2.096403071776299587e+00
5.526229707100487332e+00
7.200585729818700820e+00
5.406455174052559043e-01
1.820847560552221633e+00
2.983821370423328734e+00
6.370921682226411420e+00
3.056428727330716022e+00
3.221085939462440262e+00
3.345129074141988568e+00
5.402834714239947544e+00
1.521620920162921609e+00
5.680785183300630869e+00
3.435753405557593343e+00
5.025414084026690098e+00
3.853659860237214296e+00
4.314271207540991249e+00
7.705619262498621946e-01
4.162591125487964838e+00
5.105896859553684664e+00
3.661512078868097930e+00
3.166068752252699792e-01
2.538410107275946181e+00
1.456965760274890664e+00
5.919628170266622469e+00
2.754146172397898606e+00
5.345414319764014266e+00
2.923418041068101658e+00
2.558291644420760402e+00
2.266225357325017953e+00
6.465487346017423143e+00
4.144734036114593678e+00
5.077499416781015462e+00
5.159442260145117309e+00
2.258785022582594060e+00
6.489796547511193836e+00
3.172489151894153814e+00
2.222355106817795356e+00
2.489155988434731182e+00
8.515093613108319914e+00
5.610848286351136416e+00
2.208757198068177274e+00
1.187140678683006101e+00
1.473395632104133046e+00
1.111487549237178518e+00
2.029796717788330707e+00
3.152297868176100692e+00
1.196953610318468586e+00
6.778310338291594128e+00
6.545762016846810027e+00
6.519399682972374599e+00
3.190161707049613327e+00
1.959345605423293391e+00
4.011370371725229589e+00
1.894768391152298781e+00
1.633367364524460852e+00
2.802905323523374292e+00
6.799418173490561657e+00
1.893631099812604912e+00
2.401004078660281760e+00
5.753434552308770655e+00
5.534018832965906798e-01
7.974057200725545691e+00
5.055315487238387639e+00
4.441889904314925808e+00
3.178235230457525429e+00
5.406824017288671236e+00
6.078683894997639392e+00
1.876294360277445339e+00
9.608287371570376489e-01
6.917754498537882490e+00
4.139842995826764849e+00
1.581720923883255026e+00
3.246497811022195368e+00
6.637537070138897377e+00
5.479583564130028339e-01
3.281455624878674815e+00
1.342588647932314494e+01
1.381211301310323547e+00
2.172604975561956753e+00
3.555778458266375175e+00
1.081276535666302108e+00
5.637478755069016856e+00
5.470234108151539765e+00
3.134107727121840270e+00
2.065099982435026238e+00
7.929919010736430351e-01
2.679639093807864469e+00
2.205073584810068876e+00
3.418532396331297019e+00
5.911465838083740820e+00
3.720999706564477538e+00
6.481164541830584547e+00
6.604792486088026493e+00
4.031941922944294987e+00
8.197319154996788315e-01
2.616329540537263298e+00
1.347873024670044995e+00
2.558888723195674952e+00
6.623606945182225481e+00
1.105826267067416824e+00
2.252615456530540961e+00
1.678365343778437602e+00
2.454251873459272648e+00
6.690807112639439502e+00
2.670544848163603380e+00
1.795902308805763514e+00
2.234816983701056525e+00
1.471025421972130154e+00
4.125214790160476319e+00
5.175848866738799181e+00
2.043732458575519217e+00
4.625916637657589980e+00
3.626953441305946768e+00
4.402345688913499089e+00
4.116062284345385791e+00
3.647450548982801521e+00
6.504040117290616152e+00
1.444178421357225961e+00
3.484991154684631276e+00
2.009767039153186552e+00
3.070169092064339189e+00
3.851656502603384435e+00
3.867629887790570820e+00
1.963655022126017169e+00
1.845890927133218007e+00
1.307900924644980867e+00
2.700353913433388264e+00
2.695840988441931430e+00
5.911794174397271284e+00
4.500279807064562210e-01
1.702825935996597817e+00
1.670987928290162960e+00
1.645481525339191009e+00
1.939168962952793729e+00
1.065080880915166839e+00
5.693936256307273069e+00
7.932654537726934407e+00
8.658180747275451283e-01
2.383555985762376928e+00
3.534911067670981843e+00
2.250059864541376076e+00
4.902906230341181448e+00
4.971701967797037547e+00
2.633956002838428123e+00
2.648992702079221662e+00
2.322710299481784979e+00
4.311916719087993677e+00
1.828262879658187900e+00
6.367732965731804029e+00
4.247670746866189617e+00
4.383484187645282582e+00
2.142804309002874330e+00
2.421029086310675371e+00
1.668679637764025392e+00
2.859709064266599654e+00
5.249945084652881455e+00
1.151236244811044784e+01
5.958509478821589767e+00
6.166496791768846464e+00
7.141508870571123602e+00
3.603047274328007976e+00
2.021167460597827148e+00
1.441640315537534578e+00
8.114156559306790584e+00
2.434875333302958911e+00
8.794320429202809208e+00
4.678443365212611837e+00
2.003737953689131768e+00
9.430626387256992871e+00
3.519672220643547789e+00
5.288147956422449170e+00
1.138212232674840507e+00
1.879532751045129180e+00
1.183405761226070885e+00
8.760470921374261533e-01
1.008657019869041438e+00
3.641328469661336609e+00
2.565113986769340659e+00
8.023293832894677902e-01
9.711301205579863094e-01
4.677332203878642680e+00
5.052838604549216406e+00
1.083792937842395254e+01
2.695124287832901366e+00
1.458002248381353061e+00
5.598998806919910365e+00
2.015790681699534126e+00
2.406914678354180381e+00
6.240511039683235284e-01
6.118043885407709048e+00
1.816389915689300194e+00
4.635359141838327091e+00
1.132932385539799691e+00
1.711134320807881304e+00
2.946677267321344829e+00
4.694503769577681673e+00
4.558222078090550244e-01
3.376442609892744251e+00
2.054172697370978629e+00
1.059551155583260318e+01
2.028703956561233479e+00
3.096652421920939702e+00
2.414672613650493904e+00
2.312127631871635725e+00
2.097708149411122047e+00
5.063559095509619468e+00
3.372260748924511997e+00
6.126396756068750449e-01
2.374827260977995902e+00
1.782470126390895304e+00
2.612298716065532656e+00
3.792746578417100611e+00
1.532415734806824581e+00
2.863418566714870384e+00
5.036072275479660298e+00
5.918635776032073359e+00
3.346620631996783501e+00
1.679349124880445965e+00
1.772989498659067742e+00
6.801840266907269061e+00
2.488711012197670325e+00
1.855948452223148193e+00
6.448996384174081609e-01
6.530387717338759224e+00
1.851647438888121888e+00
2.499349030680071415e+00
4.260582385762263335e+00
2.656193161962067784e+00
1.316063441181109184e+00
2.536864507284519732e+00
5.472945417793519951e+00
4.616286262299821308e-01
5.741578701205635404e+00
4.368955290694517046e+00
2.433789013466953310e+00
7.159031979419977709e+00
7.246665342696529066e+00
1.481543481744726165e+00
1.614999436808797206e+00
8.204688881835557890e-01
5.306927265310738662e+00
6.663166883155059672e+00
2.145346443301187733e+00
2.216918011801345401e+00
5.771838858050982957e+00
5.413981974876646674e+00
4.298012996589218204e+00
2.685280087756479084e+00
3.153242595939393933e+00
5.900916043053927140e+00
3.534760357471935066e+00
7.557963862929550913e+00
4.116747210490709352e-01
1.731059136225301609e+00
5.112063462476291953e+00
3.423027922476507445e+00
1.169205963446551921e+00
4.403975191430634872e+00
5.281723707600916029e-01
2.261757935596513391e+00
2.189966097124317557e+00
1.826347828168541687e+00
5.211547024560767127e+00
4.266155190007825837e+00
1.459809595613579258e+00
2.106697973619374498e+00
3.686428042107172232e+00
1.105223697329874577e+00
3.301612335161057121e+00
3.641950597266518930e+00
6.887196777155827343e-01
8.329554066039689175e+00
1.549745626856296354e+00
1.380721345719447601e+00
5.346051312315307946e+00
2.286641253357045489e+00
2.538557547697466443e+00
7.531635536652726337e+00
6.261079991474979289e-01
9.171548344732061153e-01
1.771352483691273294e+00
2.778920059312445456e+00
2.976751445327790790e+00
2.173720050219976496e+00
2.383007848481449642e+00
1.814898295521806038e+00
7.637699154952320990e-01
4.062389668951405852e+00
3.996007939915295459e+00
2.080720062804952697e+00
3.936578084955256962e+00
5.323476945478027300e-01
5.285937678575670873e+00
7.256470286537306968e+00
2.119736135177690439e+00
3.864837315490050162e+00
1.815743217175468383e+00
1.788666009122283462e+00
2.932417102282362187e+00
5.141947317209143442e+00
1.739638428210585674e+00
6.824232223034723432e+00
5.734827448352391777e+00
5.691544281706689690e-01
1.741304681602477089e+00
3.641584598042614918e+00
2.887774027013343847e+00
6.348324489247437086e+00
1.713027179329900118e+00
5.732196734425806461e+00
6.656349584177879697e-01
4.739075196738612661e+00
1.762297755007473876e+00
1.138742002157857813e+00
3.278530980598206579e+00
1.826087760288735318e+00
2.219345493085083554e+00
1.814677528519632155e+00
2.228954931627261438e+00
6.153397377036702309e+00
2.343996357679149156e+00
2.703109465780557663e+00
2.139238860868595271e+00
7.692013781975725051e-01
4.109633321835501896e+00
2.251469980418374650e+00
2.864634609955341471e+00
1.978758968132378948e+00
5.524828559928891103e+00
2.458297638057193701e+00
2.039148849809060415e+00
2.487025606552905277e+00
1.430599856668617109e+00
1.319965960935168603e+01
4.175200681159519367e-01
2.084604676480601881e+00
7.391053176859013973e+00
2.508877953953802198e+00
6.422600234916862938e+00
3.454728596732590695e+00
8.215874408139082208e-01
1.488576791075407302e+00
2.999122539761090334e+00
2.740783719167592558e+00
3.739551893822746109e+00
1.218540365304413120e+00
2.599049159260772068e+00
1.835659545786505475e+00
2.684341451843363924e+00
2.310793588943488963e+00
3.276124233929498253e+00
2.919227028895213572e+00
3.116842907557877407e+00
5.537324497712417859e+00
2.435164295390082057e+00
1.828017045548183006e+00
2.496494311597647453e+00
2.315044213809050344e+00
9.050030539475674152e-01
1.491873055034468099e+00
3.425941457389920064e+00
1.780476561743307373e+00
5.056686378078909527e+00
5.773914788348600169e+00
5.099645475678478590e+00
2.246001558295444678e+00
7.542646258417566862e-01
5.606441719990344907e+00
8.543300789961330466e+00
5.591746569181768933e+00
6.459525030671982027e-01
8.469099605646347229e+00
5.815143893549182152e+00
1.263765957061311340e+01
8.470949200974577931e-01
1.851089376611867898e+00
8.955969778645248569e-01
1.804306370955752525e+00
4.010682973322877487e+00
1.194652078476349821e+01
5.928362970866180248e+00
7.901907142867357070e-01
1.994880900791151657e+00
1.122877033250009093e+00
1.885079246437240785e+00
2.098062583793419034e+00
2.789450689256466553e+00
7.374797574726975391e+00
2.972455919111927969e+00
1.099077037572284476e+00
6.588806417226402701e-01
1.293348456193087026e+00
2.416311347834346535e+00
6.059675919736822181e+00
3.574175556595399428e+00
2.944222022749537704e+00
4.044677544338566300e+00
1.654895384008650883e+00
7.483511376811099680e+00
7.800645508667732209e+00
2.505485702544256732e+00
1.172329886758743944e+00
4.011881683864978676e+00
2.905316516465115573e+00
4.164668521839350213e+00
7.376294228352922921e+00
2.281637184157180975e+00
4.825391550402475360e+00
1.185900620608412837e+00
2.586966806479759740e+00
4.417534237465947200e+00
4.071400281084595063e-01
7.415468075525598612e-01
7.425374764961799601e-01
2.413967376000475618e+00
4.270569411536424553e+00
9.292733197540006262e-01
6.655383602641639307e+00
3.415782862200557268e+00
1.604497081862129582e+00
9.015835233938128690e-01
1.681278534305104877e+00
1.103503001552268881e+00
5.720083274520690875e-01
2.655128242730121269e+00
4.648392654648263012e+00
4.663284082092383542e+00
6.865645187842638997e+00
1.825857115668115149e+00
7.382960496131990347e+00
6.988421165304812277e+00
1.640383309028556669e+00
2.353754103653717067e+00
1.023595086081543037e+00
2.175584024155825968e+00
1.374229309636059160e+00
3.837555139232974977e+00
2.746015848599478559e+00
6.681970998183427213e+00
1.258021727311778859e-01
1.313486990809834998e+00
1.986540213261675625e+00
6.516163062239838766e+00
1.382715455505352686e+00
6.553773099957566295e+00
5.292191989941298580e+00
1.248166516249631153e+00
4.159479511079915426e+00
5.215694713244459768e-01
1.507515933644421713e+00
4.724532636306399414e-01
2.671811482630293888e+00
3.108238024036694469e+00
4.033274632995425435e+00
2.273817762081860039e+00
1.585559122046418246e+00
1.499942789794403319e+00
3.747877838760976577e+00
1.276164435709489009e+00
3.894791606560146224e+00
1.090709786050131358e+00
2.020016778722511397e+00
6.521627699726725957e+00
1.180459139345115593e+00
5.100804298614955989e+00
5.595101821302558065e+00
3.264096909182405248e+00
2.963434102378923019e+00
4.516820599250764623e+00
1.320370969285827645e+00
5.779864213575686804e+00
5.637141133101907231e-01
9.904212218289109027e-01
2.258814720930497622e+00
2.204424995336615456e-01
1.553625968107163136e+00
2.057337241438691233e+00
2.583909763467054255e+00
3.154422386852192783e+00
3.360102389221575780e+00
1.414852994381399665e+00
1.963413788433750806e+00
1.358661552292982222e+01
5.795362669931832578e+00
1.925756206452536423e+00
8.251940647214024427e-01
3.351542179062916293e+00
4.578792277062915694e+00
4.130020059717535830e+00
8.607800585397269444e+00
2.958428151024014685e+00
6.282380236290833864e+00
3.209244348460305485e+00
1.375429876628134540e+00
6.672612542811716452e+00
5.625181629990167131e+00
2.539399063262405498e+00
3.151257195557476187e+00
1.350477248230252503e+00
7.288626369622269507e+00
2.867003861287071853e+00
1.996227191035596205e+00
1.706538096395314952e+00
4.092528191233278934e-01
2.011105418556627278e+00
3.384041362834594224e+00
5.798493383497353548e+00
3.652833735669299475e+00
4.827947198977182275e+00
3.166519358413382168e+00
5.163201045741347528e+00
2.490398053589500282e+00
2.146531031537562750e+00
6.095029664218822418e+00
1.538431792001385690e+00
1.006014789469514170e+00
9.572237250263514241e+00
1.192962872636369465e+00
4.872783019832499285e+00
4.170272274139919411e+00
5.383672132338695349e+00
5.659683109865168760e+00
1.709968285903615159e+00
2.408960064050152283e+00
1.195316829513846324e+00
2.242817067270485687e+00
4.328753370439489601e+00
9.078262973742862174e-01
3.053939770245452046e+00
5.841368503806523282e-01
2.527439606314130227e+00
5.025228883462616203e+00
1.854708212657199207e+00
3.781069224268354567e+00
1.366155297755053288e+00
2.310928344533853540e+00
5.043403581913875833e+00
4.197590082796821775e+00
6.584731430961031862e+00
5.828638989272808324e+00
2.246363480235652244e+00
5.267051792762196705e+00
1.412212935824151527e+00
3.464303607489344294e+00
5.557316288049481301e+00
4.936305497669016162e+00
2.341957885628934033e+00
6.247720569064294516e+00
5.988038800222521552e+00
2.539489426008298079e+00
3.798499802922727486e+00
1.040543649691401340e+00
6.148470202261600015e+00
2.859537830071222864e+00
1.858852123433613279e+00
6.694030000407150460e+00
7.568194680898134852e-01
3.278054037501791029e+00
6.866206796358516051e+00
6.565935990849431469e+00
3.149275086749989239e+00
3.938876731228423189e+00
1.932652289238593113e+00
2.605249967204535277e+00
1.669152693842226531e+00
3.918279946658798529e+00
2.549486199491556304e-01
1.504405796610790658e+00
2.192227284055735304e+00
1.473663836684734330e+00
1.093302371869001144e+00
3.464700528706857963e+00
7.780749409065679245e-01
1.858092937137609146e+00
1.854127921096968112e+00
2.836729572266492916e+00
1.911536596896005635e+00
1.993759844291551397e+00
1.891008956249323303e+00
6.207495735970143258e+00
2.047908871755005134e+00
3.471348564797166691e+00
3.396512198506114188e+00
4.825874325403057163e+00
6.019935846456587747e+00
3.294319579978905566e+00
4.320788536142933900e+00
1.543108557847341356e+00
2.106484926781941436e+00
2.657987217243889866e+00
2.595401593402633544e+00
8.614407196493997221e-01
3.595700761969304438e+00
1.699541957910240431e+00
1.770507387747839223e+00
1.680122422565693441e+00
1.111155836695571830e+00
6.206376393749955866e+00
3.520079404583976945e+00
2.624770037268325584e+00
2.368515618269383616e+00
4.745260807317079887e+00
5.676751378509364621e+00
4.833364091015117658e+00
2.636868711004963561e+00
2.616163567857399119e+00
2.605470863763626355e+00
5.584042831577277433e+00
6.208802002290210176e-01
2.959499670257841775e+00
3.870933255628858483e+00
4.758644632098127936e+00
1.776309918469545224e+00
3.331620305677898575e+00
6.301817129055962141e+00
1.099650812767943409e+00
1.918577184829433957e+00
1.211394568711711583e+00
1.583381555732614299e+00
2.033531950865456128e+00
2.376120540931684122e+00
1.958125145513138765e+00
2.196375852224002223e+00
7.428162569185697173e+00
1.389999835093508551e+00
3.709720594641186864e+00
5.581226416562011572e+00
8.800826854036859492e-01
6.244091020006807824e+00
2.534096203212894860e+00
3.284773158952118965e+00
2.526494209689485348e+00
2.603423848111614980e+00
6.551799293467584384e+00
7.243438435294804023e+00
1.536037208130199172e+00
2.415122004269482758e+00
3.029532094243191587e+00
4.717588338124709124e-01
2.978596158359475776e+00
1.851419109765007454e+00
7.473036524757844745e+00
1.089296781951375026e+00
1.120157632720460761e+00
4.162679500002002264e+00
2.425468301771846136e+00
1.730072143437038079e+00
2.751177730872857996e+00
1.553934725492828184e+00
3.017372605254656115e+00
2.267422697570698809e+00
1.964567453005392927e+00
2.988690262145519583e+00
1.328127606733126465e+00
6.906212038769764305e+00
2.169880496528363345e+00
4.647169794973998513e+00
2.282134946008543164e+00
4.761902760420269054e+00
5.912625661284452994e-01
5.573077962599103152e+00
5.919982038691143922e-01
1.801279867637153309e+00
2.039801308509979982e+00
1.672159141380758163e+00
6.645889668315382082e+00
5.674484919958498352e+00
1.145013738460429753e+00
2.690805360684531244e+00
9.028984327996958825e+00
4.604607810411101454e+00
3.140203623827127366e+00
1.633517338746203862e+00
5.354179598695617770e+00
3.301859742828069155e+00
3.926994422994444234e-01
1.528271276679987523e+00
3.700254818399929757e+00
2.863989102542177978e+00
4.980196962975209196e+00
2.373566433940444309e+00
2.145231527823942663e+00
2.243001898455219134e+00
3.286956144736790986e+00
1.463891475905336526e+00
2.961539449161489923e+00
4.542344320796567025e+00
2.790167300201914724e+00
2.043517895446969934e+00
3.545615997026391408e+00
1.987126426388402090e+00
3.959699611510965500e+00
5.512444805720385865e+00
1.957653250215234175e+00
1.553030961746060923e+00
5.613333820001246366e+00
6.194943401645476300e+00
5.097686210177486466e+00
1.543807016405425836e+00
1.994552825094265902e+00
1.976023025992182713e+00
6.626097680764410747e+00
7.338296205074622769e+00
1.091823477508321316e+00
3.144743688540614812e+00
1.051559451053566629e+00
4.331928269025904221e+00
3.056817182950821721e+00
2.343653014787194788e+00
1.168772790710905118e+00
9.372879030127501565e+00
8.262114996704876813e-01
3.061320634719291167e+00
2.534059985786368596e+00
5.448852260649810653e+00
2.842006344400768381e+00
4.013223865196111184e+00
5.039477068879297583e+00
5.310196799598185358e+00
1.706449700663708047e+00
3.530904669952007691e+00
5.604470804695887765e+00
5.455330468276827105e+00
2.190420854636355941e+00
1.952006374714126080e+00
2.355163716721965006e+00
5.081164138061602387e+00
1.855815485440960977e+00
1.372890729100535889e+00
3.095108811231000345e+00
2.095780859246402006e+00
6.826826196032820704e+00
5.707389767459646990e+00
9.243215339601450253e+00
2.244436661891700435e+00
1.842612937117614758e+00
5.172491827466865644e+00
3.929295465968904999e+00
3.106031362340646584e+00
2.225287582064006564e+00
4.764014874968117930e+00
5.746451089612255814e+00
3.023364525767603617e+00
8.407440188368214606e+00
5.835307176985004673e+00
4.089110019309863731e+00
6.891663073116081506e+00
2.530768817728710207e+00
2.500954993353127431e+00
1.536138715467525451e+00
1.134877766166414670e+00
7.787101669918865987e+00
6.081656331821061912e+00
1.826034836585028964e+00
6.095962122883131329e+00
2.721080267058842317e+00
7.717818920475771449e+00
1.549129229970634736e+00
2.813530538717003537e+00
5.982718440655439451e+00
2.401348125275724943e+00
2.351288997711857842e+00
6.700048109609243241e+00
2.463447966091941943e+00
2.232783674033424148e+00
1.814943270669981734e+00
1.358326207476058700e+00
2.281116500571225281e+00
2.508584166352751943e+00
9.537506720947470651e-01
3.321310474737456886e+00
3.129665337113767709e+00
6.615221968047202417e+00
6.480873767873322144e+00
5.237586512741035705e+00
2.489859484411173884e+00
1.268832252974732677e+00
8.836838321560267495e-01
1.541406042123889542e+00
4.822646504954119173e+00
3.459384867939095276e+00
5.282460686435589636e+00
2.565616746745259746e+00
1.861959255827024373e+00
4.572488871807905753e+00
6.314371322939574149e+00
2.963325645731367697e+00
1.572644074687538973e+00
5.477202080144802920e+00
5.334890338593084813e+00
6.024187659841871323e+00
7.679397139641792158e+00
1.031004540819165038e+00
2.205779358074470231e+00
1.234838591915811801e+00
2.286059246255571775e+00
1.811299530189785623e+00
7.299102151673403149e+00
1.115283641002322801e+00
3.727536153465534685e+00
5.522392201629374497e+00
4.493739833664354144e+00
1.753143627795846982e+00
8.556728496779187898e-01
1.985134396339549134e+00
4.787705098363065126e+00
3.273037263825611554e+00
2.946142219036998355e+00
5.219951880267387878e+00
2.034992138385010918e+00
1.837198115580179314e+00
5.584186943003945913e+00
3.847046243404064203e+00
2.849324557590474871e+00
7.249758324474174565e+00
3.793232485783091246e+00
2.067096253516860216e+00
2.663485105389218344e+00
5.609720220775021637e+00
1.634168524520144050e+00
1.306257676488549180e+00
1.793830795355952912e+00
1.353148837747350397e+00
2.775358213635275018e+00
2.470027279884734916e+00
2.632650657065940702e+00
3.256153018644899255e+00
4.947880321555317096e+00
4.430337583027688986e+00
4.151289987806368487e+00
2.281048861079008283e+00
1.889841916371945763e+00
8.463692367939747996e+00
3.679507340349530864e+00
1.922036818999810270e+00
5.705059824934391344e+00
2.066278772674040809e+00
5.256995042567375043e-01
2.831878922757996353e+00
2.368668929376864352e+00
3.454801040531443768e+00
6.128606263251007435e-01
1.578153516040948778e+00
6.431340857724587856e-01
1.828218186987343952e+00
6.824851433713606808e-01
2.208067737611673298e+00
2.984047525304906134e+00
4.142754068674341816e+00
5.424193316696714007e+00
7.415903655593691468e+00
4.587414208700552720e+00
2.154956595933112062e+00
7.403089466752984293e+00
2.740376154857222524e+00
2.818076909008261133e+00
5.408980525142941254e+00
3.955147451554257731e+00
1.298146688285561900e+00
1.458089673577541490e+00
7.492046537477824231e+00
1.422775071036320060e+00
1.901668481439809932e+00
6.219628442638492238e+00
2.434874434975284885e+00
1.999073189614923418e+00
1.889506855807352004e+00
1.345446222142207215e+00
5.312883496428866259e-01
5.944540375955571498e+00
2.501108836084091624e+00
1.342919342188537257e+00
3.278542669333925463e+00
1.885594747042735442e+00
1.092439128359592893e+00
1.978608296215692341e+00
6.277569444334676341e+00
4.402201722276086748e+00
2.302385388668963362e+00
6.764353763182492152e+00
5.868356279387373142e+00
1.574083594859230661e+00
1.574692931283667940e+00
5.826359941639109863e+00
2.304232726283108157e+00
1.786520538344638975e+00
5.724879826062484689e+00
2.048579591124163546e+00
3.268232270661573402e+00
1.567398213946930907e+00
8.626430191859858709e+00
3.576254026720988133e+00
3.401772798464203440e+00
6.127530504611213846e-01
1.721422074067133323e+00
3.747016602047861689e+00
5.793757810253771900e+00
8.409739022212349369e+00
3.642081146795963065e+00
1.262361095393648602e+00
3.462190014840122121e+00
5.225329818865580123e+00
2.182780870943250573e+00
2.864074857821401476e+00
2.203529918436502477e+00
6.541706927216323741e+00
3.664044688008610162e+00
3.691993968261583436e+00
3.353802951017564649e+00
4.954164914232907613e+00
1.961456862877554164e+00
2.217495421123153676e+00
4.363462499982399545e-01
4.393342574634469422e+00
5.222868745406478830e+00
4.269475990541720556e+00
4.149662899075197586e+00
3.803473832590593684e+00
6.033259123131908375e+00
3.413589256482127077e+00
2.747036209421715558e+00
2.064822512473960536e+00
5.997158825919972180e+00
8.420077290528710234e-01
2.251115957408246437e+00
1.422636765800501246e+00
3.374671737614097999e+00
3.107228317768788273e+00
2.633074658750563568e+00
2.458312554303300423e+00
2.828344874883907512e+00
6.642200111856215727e+00
5.797316210973100681e+00
7.319734380314028011e-01
8.763302612135642988e+00
6.263085705786010315e+00
3.898216371198807817e+00
1.843129782071694978e+00
5.842760238545833040e+00
1.407155546894500509e+00
1.714779752581105710e+00
1.429477605619189573e+00
8.063349181524585019e-01
2.217092027879285165e+00
2.328289593104711841e+00
2.388708506444221780e-01
2.428948503474408938e+00
1.245608746756892371e+00
2.861395869765028799e+00
5.429176248934155957e+00
2.102200962865798051e+00
2.999271598488301827e+00
2.023419612264757195e+00
9.358878292270766952e-01
1.252367884056553571e+01
2.593624986567440338e+00
8.573541678240836905e-01
1.741820873745199449e+00
7.597014162561063877e+00
7.287327269453144574e+00
1.797750803770814976e+00
3.312704699821716225e+00
1.528200908556177628e+00
2.499897479752579255e+00
1.680227379376694419e+00
1.871502898958386174e+00
7.076484166008917276e-01
3.416270115326204948e+00
7.981038913773886634e+00
1.402842938569748510e+00
2.736254779122007541e+00
7.030215180895527993e+00
3.798920057715859944e+00
7.448944205274485864e-01
1.945398836118149122e+00
3.099025316502385774e+00
1.804609995957216828e+00
1.346825409876451829e+00
4.269060220029987640e+00
2.047497462373421673e+00
9.454470259980377600e-01
1.003776244859941658e+00
4.445048901170183697e+00
5.442729721578817070e+00
3.351758265588961283e+00
3.352229461298400714e+00
3.332246205288144303e+00
3.492947514149622457e+00
7.251420120042383566e+00
2.176037480636548782e+00
9.957065583895495564e+00
1.287594718543907613e+00
7.851306265366465809e+00
3.873459572332747847e+00
1.948173067938243408e+00
1.504251399653204979e+00
1.571354723032240885e+00
2.465423804144333708e+00
4.127919518139966826e+00
2.252865073339376689e+00
1.500059063763355738e+00
8.091275494935910029e-01
9.357189201297387848e-01
1.717349498157079823e+00
2.791070996038816254e+00
2.963953667867861075e+00
1.020525388234775299e+01
2.803520322056225922e+00
4.693825563173581017e+00
3.127962600620244338e+00
3.808792768310049315e+00
5.364774753682635122e+00
4.226541450285751900e+00
2.629971389265768345e+00
6.253520810934506180e+00
4.663589337974798354e+00
2.249133851110331594e+00
5.120855174880495575e+00
1.275583827382622104e+00
2.025018949706014482e+00
2.497118125148459100e+00
2.061793283291905254e+00
1.376795381763951331e+00
7.829945170832766088e-01
6.003019520914683049e+00
1.569198020771335189e+00
2.030942691869378702e+00
5.104603329973614656e+00
6.887803816374623800e+00
6.590078909700982202e+00
7.097566359118106405e+00
4.668084216778255247e+00
2.152477100968686052e+00
8.809364061407908508e+00
1.026877861429819960e+00
6.046481224804245436e+00
3.689843611092013198e+00
2.390536709493515488e+00
1.349939918337477618e+00
1.948835360948558471e+00
1.368744742877642695e+00
1.280998614048798334e+00
4.453163911741591541e+00
3.610887651028602541e+00
5.917728519268802279e-01
2.827598665567046421e+00
5.315312234685599435e+00
4.473687316630251765e+00
9.750241160196354784e+00
2.622187230208399278e+00
1.309902900132001280e+00
1.929255295985702334e+00
3.993747598319071113e+00
1.416044271224675910e+00
1.666624564248428086e+00
3.935088376469325855e+00
1.074438179567992702e+00
3.645115360775655677e+00
6.580270520559095004e-01
1.095113957262991544e+00
6.596131847167921336e+00
1.558397968491958663e+00
4.670798886165380637e+00
4.736833774386657758e+00
4.646525043669505806e+00
9.100979202359036346e-01
1.374480159520923728e+00
2.777752970157044921e+00
3.877275193223871153e+00
4.788327678132340282e+00
3.678821629306586516e+00
2.039513166874366235e+00
1.602216992741215096e+00
5.598488813175082512e+00
1.903630805843809837e+00
2.759484088947234515e+00
1.092207396225244986e+00
1.943517911199233561e+00
2.398139130455089418e+00
1.573183096078968113e+00
1.134853063982859567e+00
2.432162095049374528e+00
2.762647360102957084e+00
4.495625491003982788e+00
3.959194381414241182e+00
3.597419311360623428e+00
2.917155081396793026e+00
3.338931752845739176e+00
1.320799335631285709e+00
9.537051509169697239e-01
3.023261734502113107e+00
2.300234005339021781e+00
4.205276885058968794e+00
4.626548918545015709e+00
4.041366741557442799e-01
1.271094209772558159e+00
2.749267041226147068e+00
6.385479017651499056e+00
1.033782467173668174e+00
3.460127561387562611e+00
3.072750850940265455e+00
6.753497407540709041e+00
3.530210631604211446e+00
1.861219078150035067e+00
8.236838680902139886e-01
2.517480120492146867e+00
1.679609158804934887e+00
1.141327152166137449e+00
1.946363153662947543e+00
9.290789132333630462e+00
2.113711500712566416e+00
6.012962915414029830e+00
3.658831758350279628e+00
1.344360989206135226e+00
4.054781052730248803e+00
4.178456185517526400e+00
2.294653668066725327e+00
1.795332753670464632e+00
5.567898657760445680e+00
5.194963925081929723e+00
3.738055961448692344e+00
2.399224160164304731e+00
1.626579286619620257e+00
5.762617608833608074e+00
2.913178085873360246e+00
2.322053691849256474e+00
2.057861213428386016e+00
4.995110678700006801e+00
5.346458696406567235e+00
3.696135659392182138e+00
1.533164413060528641e+00
1.672390262891215285e+00
4.722598914553802096e+00
1.411763222662771877e+00
1.025665668836716504e+00
2.952421170852985277e+00
2.735056611329766074e+00
1.982378089696472445e+00
8.055150261980453807e-01
3.370355395264325260e+00
2.089949998673660936e+00
2.143342753304367410e+00
1.844956666035292736e+00
1.936940455173760789e+00
5.444241079620678825e+00
2.843429644117809296e+00
2.874121740200428654e+00
8.927336423024527789e-01
1.606235469395204341e+00
4.102758066634544676e+00
3.846038281660952407e+00
1.006644124289767994e+01
4.413809492730261574e+00
5.277098916230658965e+00
2.706643169583624609e+00
2.716083351794525758e+00
1.140926438278686117e+00
2.447600603931179730e+00
1.349698880841242454e+00
4.211204166066212728e+00
9.955206973247534563e-01
2.878362608352542207e+00
3.235658469076628130e+00
4.851163097247527922e+00
3.941872730106508627e+00
1.300873116152192921e+00
3.600252985335425482e+00
2.921658687658762243e+00
5.315564025017055272e+00
6.980451797766644262e+00
1.031594604396048442e+00
2.500808487818908077e+00
1.267611410857231613e+00
6.211301631083434138e+00
2.405421446310513911e+00
2.849131003276089036e+00
8.088290668124315630e+00
3.149327231463414645e+00
1.145406263238096134e+00
4.049740102728111246e+00
8.520648805366038303e+00
2.331937005927319895e+00
5.317473487055362824e+00
1.745026092203956436e+00
6.933314605428411603e+00
3.574538942625079763e+00
6.306577380475425265e+00
6.890366094324174462e+00
3.532204053428436463e+00
2.515601094917959024e+00
1.599921305423650519e+00
2.957229766830676176e+00
7.212315037333912882e-01
3.604809716899207928e+00
7.126438242927742195e+00
3.570249485037044757e+00
6.860965880565643715e+00
2.226687578630005326e+00
5.522222529917227840e-01
3.142571829887845780e+00
6.031532776839977572e+00
1.335154984462206817e+00
4.735661934659899153e+00
2.393235917611546526e+00
1.995078474183211714e+00
3.319436607365729763e+00
2.786739757977703125e+00
3.251886909722852881e+00
2.086267907374612651e+00
3.378362194043484923e+00
1.260851021822129603e+00
2.103615712930413828e+00
1.905538149094077927e+00
1.121888259130654264e+00
1.330684186619438103e+00
5.317254935180659281e+00
3.171322851339960724e+00
3.320726300165485867e+00
3.062182099715501149e+00
2.772162720651962342e+00
3.208893652543225006e+00
2.573339376431210912e+00
6.735144226590614736e+00
2.087819608013471218e+00
2.219871657750634331e+00
6.377801598949085715e+00
1.260283512398557626e+00
6.678308657788631919e+00
2.091355418979838454e+00
2.025500774843919771e+00
2.736331893923627412e+00
2.744516820669871571e+00
3.317529997977067602e+00
1.231320715381492903e+00
1.200898676322359471e+00
1.366985840873124136e+00
1.345031227236751947e+00
6.898358347082022002e-01
4.895304724836256227e+00
7.813032185700262922e+00
5.968138873825951096e-01
2.672213204482999371e-01
6.916666100745949564e+00
2.383904842538750124e+00
2.765960352460100857e+00
2.300961311297897272e+00
6.979791960834453413e+00
4.772955543295282155e+00
6.552635525050897414e+00
1.702862064426837962e+00
1.231446770587104611e+00
6.223581480580193670e+00
5.131764964221964043e+00
2.139759125413281726e+00
2.738628761787511579e+00
2.156631825849010475e+00
3.159876494336691266e+00
1.291315773362639252e+00
6.280675983075367341e+00
6.143393604117568962e+00
2.510816833118591607e+00
6.396624846648595764e+00
2.282947816306934996e+00
8.808044860736522708e+00
2.108652832630879104e+00
4.344464587842476355e+00
1.301516788589375251e+00
2.662665163464731588e+00
4.969342951902786965e+00
1.729134902144900732e+00
1.242045256811567855e+00
5.871966997345568373e+00
1.796801905698135471e+00
5.844746356862089876e+00
9.960388762233969295e-01
3.959683586020887436e+00
2.631748800770125740e+00
4.308073278205916345e+00
1.324359197911335384e+00
6.097141532862335289e+00
2.709051324595578070e+00
7.523599495531115622e+00
6.716691315205802759e+00
2.175879822936430230e+00
2.056535911195396249e+00
2.312214731469387274e+00
1.733526285142972911e+00
6.988207008369609063e+00
1.590610654832823379e+00
3.769159023838204448e-01
2.278647479621422445e+00
6.254064793005860601e+00
8.909120323468326941e-01
2.460023451586502485e+00
9.987046465659745742e-01
8.782856685395575624e+00
4.138946038528737326e+00
2.324414278860361893e+00
3.561854462902838581e+00
7.382785140749073882e+00
3.291507939301347552e+00
3.927504397145713977e+00
2.090508739981380426e+00
2.715757545606076739e+00
4.465253551643033170e+00
3.158344449557625833e+00
7.988685936385043540e+00
7.215720519407941680e+00
1.403598747817912162e+00
3.859862824948046445e+00
1.404999279609355156e+01
4.247696779006460588e+00
2.048781983630691528e+00
4.326918406979336496e+00
5.880002254740107404e+00
2.220146476672580249e+00
4.688356383527658267e+00
2.206444932188467156e+00
2.512321091285524499e+00
1.955238465537838088e+00
6.655341612135692309e+00
2.073832196102800562e+00
2.038028760850373988e+00
2.586807251986724232e+00
2.058198894370742327e+00
7.216433145083922973e+00
4.888539378099467925e+00
2.590855325094894912e+00
3.085952875991055500e+00
1.751755395980916230e+00
3.220201674313421414e+00
1.990157665887176908e+00
2.320121444341648242e+00
2.532867205967380020e+00
5.637942366083340318e+00
4.254283214080821551e+00
4.676547226290225789e-01
2.600473924739266529e+00
8.665037721596590137e-01
1.475711843841173154e+00
3.151840924194672322e+00
5.226275667042433071e+00
3.372987700499199271e+00
1.783169456866699365e+00
3.559125038020347631e+00
2.029604994609292667e+00
3.694708626085650316e+00
2.184538072896604621e+00
1.450939765892873545e+00
7.779748108630530012e+00
2.620826085707880004e+00
2.703217208445306774e+00
2.985533644195465186e+00
4.069207050115323021e+00
3.492481401141833697e-01
7.341047100380566626e-01
1.055782888106034179e+01
2.364372636563804697e+00
5.909662104716358222e+00
1.976976476783340431e+00
1.895742037009947145e+00
5.048451424881185368e+00
1.717586344079314875e+00
3.083096263149420313e+00
3.728280997241873340e+00
2.674258904761312117e+00
2.634954903732698472e+00
1.516380873554007191e+00
4.649529632739549889e+00
2.249898458459975714e+00
3.039926335515923839e+00
1.161275996172955294e+00
4.961575115545313608e+00
5.442448694164084833e-01
1.456692817062511081e+00
3.013221257385623630e+00
4.421470676181924020e+00
7.967731607399517912e+00
2.726599320795930925e+00
2.702871140390389115e+00
2.158421989939908858e+00
4.691947577796143243e+00
5.489227649379805563e+00
1.606293378686290074e+00
4.814231842237221559e-01
9.759564671125582347e-01
5.256369409763894218e+00
3.611343356609256983e+00
9.746950098753424996e+00
1.053999222064108210e+01
1.649121080257697658e+00
3.478833560266924696e+00
1.142804483399812998e+00
2.691048463075305097e+00
3.935428432228823326e+00
1.118727558248761689e+00
5.003956259717941890e+00
2.576362494268356063e+00
1.362117094850367582e+00
1.261353854926885232e+00
7.303110850124671094e-01
3.085505775710337240e+00
6.449889212060798904e+00
5.175441958582179147e+00
9.224072157896822111e-01
1.729564905177580103e+00
2.504491539932637068e+00
5.410144218471853783e+00
3.518276045839316524e+00
3.947429273083177481e+00
6.476445138208179131e+00
1.530309622980152717e+00
2.889993377965323518e+00
4.132723932158531177e+00
3.882867026161978874e+00
2.772615335098774558e+00
3.111865526032183027e+00
6.302864140549589322e+00
7.001069587110446690e-01
2.399178652067329942e+00
3.884588669786066539e+00
4.641573877504375223e-01
6.319439228614577297e-01
6.956867266966370700e+00
2.068590819920672619e+00
2.425943574515253331e+00
4.911341197954128823e-01
3.174927812190007081e+00
1.194125477524224266e+00
5.986875195488618573e+00
7.507201949993673740e-01
2.440342312414448322e+00
2.090261277234703119e+00
2.449113319251658538e+00
6.626092563612224318e+00
1.044318757184180324e+00
1.730079148565191183e+00
1.365010964256072601e+00
2.738686310953782677e+00
5.897762454896483320e+00
1.841707730881506855e+00
3.668047991849906264e+00
8.044195836833100799e+00
1.949473711725783209e+00
2.436502244012194840e+00
1.303842117150221691e+00
6.076506708285307035e+00
2.323225454535269296e+00
6.073892400170281647e+00
2.636681621756859162e+00
1.767889344992625400e+00
2.797900804639213312e+00
2.352395064623387988e+00
5.294009555282105595e+00
2.566261879127666568e+00
1.705767662530827122e+00
1.407291135928601333e+00
5.610508064185958155e+00
5.468398923463221983e+00
4.632162962627135450e+00
2.990886887001177108e+00
2.785280383795276204e+00
6.569204517454006798e+00
2.116400139100584443e+00
1.024999654485699629e+00
1.227955475599646240e+00
1.493521533311795491e+00
1.821336348207211575e+00
1.905165372495756237e+00
2.417501000761788532e+00
1.867319737505947819e+00
1.217657670184800534e+00
2.961106404031120576e+00
1.596549251177896256e+00
4.529965871182416670e+00
3.817339257612807124e+00
4.964069604489851351e+00
3.458624745517940191e+00
6.575112696846216132e+00
1.790055234815633556e+00
2.854464384461335325e+00
1.733329761805737723e+00
2.591135232445812342e+00
4.283806440980408858e+00
7.431241680871317756e-01
1.042779016576294460e+00
1.286678449796917256e+00
1.964602809571407205e+00
5.441510994139497903e+00
1.857407492722419784e+00
5.208457002767653776e+00
8.602893271761619332e+00
2.336301073901224434e+00
3.015097634624223755e+00
2.577515320678262611e+00
2.650452646524361189e+00
1.312471168797247678e+00
3.560201216498851018e+00
6.830413753739643656e-01
1.691574312527091006e+00
4.294384121867876658e+00
3.150365691990840489e+00
5.931216154462231493e+00
4.306019536427380778e+00
1.808724693563523500e+00
1.800962606937339006e+00
6.898577458481734759e+00
1.682214881076793400e+00
4.828679108130688569e+00
3.485603876839759252e+00
1.960181668909931396e+00
4.624757253727564965e+00
1.485620872816245663e+00
1.685986896670192747e+00
1.457485513846361158e+00
6.382726289787092888e+00
1.823174023069198624e+00
2.069357537584412210e+00
5.891202402507020430e+00
1.608514879326554903e+00
2.836922676127756393e+00
1.908042910741479137e+00
5.354436912296841378e+00
2.868762906655974110e+00
1.174203925073139976e+00
2.865839313040541292e+00
1.654064535583079421e+00
3.497083648459661021e+00
3.508960195915930225e+00
1.061185889751941946e+00
5.064568849893666957e+00
5.397574365071196922e+00
8.829684437407481212e-01
5.173815862838467616e+00
7.414268670838726649e+00
8.550940398168774825e-01
4.125467954989379571e+00
2.596584068804637990e+00
2.444088315616654850e+00
2.021602528833110313e+00
6.304530132080204297e+00
2.581802821799250136e+00
6.202638005589736991e+00
1.575606587167428074e+00
1.050973311296673263e+00
2.102470518693243307e+00
5.270594924084003097e+00
2.344182542415821136e+00
5.271219249215117308e+00
4.325061316361101582e+00
3.905835894442969192e+00
3.509260992764624110e+00
1.496600298594957357e+00
1.820140725815214466e+00
4.573351438233245858e+00
3.905584134560862175e+00
3.764680431049065135e+00
7.545828940455328926e+00
1.277551980622777528e+00
3.676715579772558140e+00
3.373017653813428662e+00
3.800499278469428255e+00
3.998911243131063831e+00
1.634668178420840334e+00
3.515027259809203386e+00
6.312814225832942050e+00
3.107664572498646471e+00
3.717312899409149995e+00
1.319829539266205831e+00
1.616613473782908539e+00
2.834115971224780761e+00
5.839147371501383077e+00
2.757363260605014688e+00
9.955577375267455897e-01
6.001506338287782683e+00
1.537280953238244985e+00
1.542188954880401530e+00
3.932298029459238009e+00
3.671418731967631910e+00
5.394807187121223535e+00
4.323738741277665554e+00
5.243557704465445113e+00
5.853276728093011805e+00
6.202750814247421474e+00
2.590341878117931262e+00
3.521889982110395501e+00
9.552850996578943210e-01
2.578860916079909416e+00
2.448982140392612195e+00
4.514184069594208815e+00
4.774862118097557229e+00
1.032648897032792723e+00
4.240130978035590914e+00
5.047472723894786739e+00
4.023259122004005484e+00
7.001489025599420657e+00
5.178666205358904984e-01
3.454552634890710738e+00
7.266210940131931917e-01
2.333450909131763673e+00
7.272999816364150050e+00
3.331587491997348049e+00
4.549709747173305452e+00
5.070859458236960826e+00
1.461501512398679425e+00
1.307889095312346983e+00
4.337993346126543415e+00
1.954527947825212220e+00
1.594949105424431357e+00
1.104246260727580475e+00
3.738477416923683627e+00
6.098655923640180276e+00
4.669014282467047749e+00
2.910234671229996462e+00
1.930085294020378317e+00
2.152174529395916469e+00
2.026791582451524576e+00
1.648104190871112040e+00
6.889444741355846835e-01
3.170203947022790292e+00
2.421548342742404270e+00
1.244624070566298757e+00
2.049057052246014976e+00
1.889703045711518925e+00
5.353153963743181976e+00
2.534777782491774101e+00
1.616341837634117651e+00
1.745418964831139563e+00
1.742628315651564286e+00
4.568461634565349705e+00
1.187062771836665309e+00
2.873578258384961615e+00
5.376154385885002718e+00
5.442626656966966792e+00
1.186339520099183753e+00
5.310452289948444093e-01
6.285095159188469616e+00
5.881156156297254078e+00
7.987275797994066728e-01
1.718453667201218948e+00
3.366251222926652353e+00
7.310803663392366758e-01
7.047347294504368698e+00
4.048243084464640873e+00
4.268171392323155899e+00
4.767304548556261068e+00
1.582682742452776736e+00
3.620299741640261360e+00
2.844744911666885923e+00
1.469009359044859853e+00
6.680349340746892572e+00
3.866426670970854573e+00
3.740858633522506249e+00
8.830196363988010333e+00
5.531465281427127678e+00
1.411389110568202376e+00
1.234437073305169497e+00
1.270226000378398057e+00
7.027043659135465248e+00
6.051964596526293150e+00
4.018945655411206630e+00
1.335876140602956896e+00
2.170016159681639856e+00
2.452456806317882432e+00
4.182094383593932818e+00
7.862514974461598527e-01
1.129884023007487803e+00
2.476397368329571247e+00
3.397755826104832622e+00
3.818312180485280649e+00
2.899525342935522332e+00
2.153967755311737786e+00
1.262951721483422496e+00
5.555041521139871818e+00
6.240370363526423603e+00
5.507162328700736520e-01
2.671869282401011958e+00
4.829392296835278486e+00
3.657405491882398607e+00
5.915856017979195691e+00
1.843981070310071191e+00
2.026647222421965822e+00
2.831062304346687597e+00
7.842184255106579016e-01
2.579039252033144880e+00
2.760408297816023815e+00
3.225461210128389933e+00
1.893482123978047271e+00
2.684565576164823497e+00
1.106080870772979452e+00
5.845248376279403857e+00
2.171923296796902658e+00
5.468197275412485681e+00
1.799195172122870279e+00
1.061289197436737775e+00
1.806701110765809526e+00
8.319598371903867973e-01
1.221927737439534756e+00
5.975759935249231880e-01
6.871061091672460819e+00
7.198552569967302972e+00
1.930220032177407674e+00
1.137354049887088214e+00
1.559319389819221691e+00
3.200370575526625405e+00
2.100585792943276520e+00
3.962393059416387864e+00
6.180515664558915434e-01
3.381086553325386657e+00
1.284931999641123923e+00
1.894547573323511536e+00
1.180740581981664761e+01
5.704902562435441027e+00
2.466325942474115518e+00
2.935289308431153099e+00
5.430397299914899278e+00
2.505553295461218521e+00
2.933167573877232925e+00
1.532153689248530792e+00
4.831616147047498977e+00
2.370772115069552655e+00
6.249727250707429738e-01
6.482886930064213349e-01
3.129886798454215135e+00
6.411864515155442312e+00
6.092510253415198029e+00
2.999764434260609125e+00
3.574296359617730179e+00
3.481361206336322844e+00
4.862778801707294818e+00
4.912421837963714566e+00
4.377822693778013807e+00
1.547719537720771088e+00
1.714244377093021354e+00
1.422505930109215555e+00
1.508635022736179332e+00
1.795732237188039315e+00
2.166095239411732543e+00
3.103069469256948487e+00
5.908551577072142180e+00
2.321336716969629066e+00
6.152925509113219782e+00
5.713815679709638218e+00
1.094131466809549202e+00
2.656967636280337164e+00
1.138557974223515457e+00
2.161496048373706458e+00
1.344906678458170468e+00
2.865715912795044673e+00
7.612564672339743321e-01
2.197494953907560333e+00
2.672187235503233893e+00
4.701095095427141324e+00
1.579771256356249376e+00
5.020082391621247808e+00
3.498654369844645728e+00
3.033751143157267904e+00
3.006861249408895542e+00
5.302593221978530558e+00
2.804226739589869566e-01
1.884599818357177492e+00
2.052553259733037871e-01
1.793913708840656041e+00
9.992816002497758587e-01
4.113077357946552937e+00
7.737637432293152706e+00
2.756220512095997943e+00
1.241090821905299846e+00
1.976934038854533338e+00
1.330586541639014353e+00
1.405575737496802313e+00
1.448013574325342168e+00
2.844356228440228840e+00
5.239141428107290110e+00
5.400240055475465262e+00
1.454907312997908875e+00
3.712637704190357990e+00
5.125214369833085648e+00
2.094121914918978256e+00
3.628686887044995091e-01
3.465651730168368250e+00
1.989883992222944764e+00
9.087639238514164219e+00
2.263300241544752733e+00
3.061499184841298682e+00
3.640344964888468482e+00
1.284494742157354041e+00
5.927351408929695253e+00
1.921322780804045172e+00
2.130674631769061911e+00
4.453340790304149976e-01
6.100304861766432829e+00
2.198521661480434375e+00
6.749994055516163272e+00
1.439580802858849928e+00
4.013653030473507854e+00
1.533342788835149406e+00
7.977074536889701584e+00
2.133495207558635087e+00
5.904211977791020693e+00
3.421691813436168239e+00
1.552867754998828120e+00
2.035112416966064153e+00
5.649722045274589988e+00
3.156179134121078089e+00
1.664228812042111150e+00
2.961942345316106451e+00
1.047649503791345360e+00
6.364298158462506905e+00
3.138675350025883937e+00
5.240693799597730518e+00
2.400424816189972166e+00
2.982523751382159638e+00
4.301123592465294188e+00
1.084484445365115901e+00
3.064843110214903632e+00
1.221765620464192681e+00
5.018321511137453506e+00
3.217571460192137689e+00
6.302922276293917436e-01
9.135231703131003300e+00
2.625265742742954878e-01
2.330127739761115979e+00
2.097462852578634074e+00
6.541305146981919449e+00
3.063923673946965298e+00
2.999485283862697749e+00
1.706188678463071984e+00
2.211574815956515838e+00
2.061411626930487184e+00
1.931127278462559493e+00
1.545571051808676266e+00
4.369559290523149286e+00
1.027398756511032962e+00
5.798493924790990128e+00
4.039423389007093412e+00
3.730173723103003880e+00
6.153699834694887905e+00
2.828091104310360926e+00
3.609684685296361550e+00
1.618628324819159081e+00
3.764611804401573725e+00
1.753953263566645937e+00
4.845791403903255912e+00
2.571984568187335896e+00
2.831461098714241675e+00
7.439543812469425532e+00
2.849961901566725686e+00
3.658782040996881424e+00
2.655975173265231248e+00
5.702584691133365524e+00
5.718660387862179562e+00
1.184158956112688621e+00
2.572560786826371348e+00
3.535196892379329547e+00
3.412617258530966868e+00
2.523223698639311063e+00
1.908911118510459470e+00
2.704045307014089516e+00
8.475367267419111172e+00
5.558199170207357653e+00
4.618964817000013490e+00
1.988479409841657830e+00
7.044224444485647219e+00
7.242055790012000394e+00
8.605690252444340160e+00
2.547877825756637460e+00
2.374796652376828909e+00
1.777135538989981667e+00
7.985637568692179888e-01
5.445075705159262425e-01
3.058638813655994326e+00
1.152052886238621898e+00
6.679216322326828603e+00
2.478294453798180363e+00
5.824839004543179044e+00
2.406498687418090920e+00
2.234238663819942516e+00
1.673149060048280345e+00
2.863441946237672564e+00
2.745491964945533603e+00
6.795494107402962669e+00
8.033162011456049356e+00
5.463427087567148455e+00
7.179547699719583065e+00
1.775163334571191243e+00
4.999350840267734242e+00
5.447515021005096436e+00
4.214803472241031024e+00
2.013456206729377307e+00
2.187939449314578955e+00
5.182645071983023044e+00
1.300454886750581407e+00
1.820943053287964020e+00
7.661161470540136520e+00
3.023418817976736062e+00
6.389918175457196980e+00
1.668859409178366615e+00
1.269659522641847227e+00
3.863521743901425332e+00
5.516971895884040578e+00
2.371431981698240765e+00
3.358236646377891876e+00
6.567663907589628813e+00
4.091220244457161925e+00
6.853784853945664501e+00
5.684632758316967127e+00
2.321253223371384511e+00
8.055056484113350734e+00
4.694195184386148689e+00
2.337715048146298713e+00
4.057766498351853102e+00
4.025758873907916424e+00
4.203155184961618218e+00
1.587723929802853373e+00
4.319901415065426242e+00
2.939353468863352248e+00
4.144225446137538071e+00
3.620026570788647646e+00
6.165744128436611016e-01
8.239527368660393591e+00
5.401223023975958881e+00
7.720820777285892333e+00
3.738836613299213685e+00
6.856225490819860546e+00
2.552688584567825547e+00
1.464883595158742891e+00
2.843906739577426901e+00
2.154840787286985027e+00
5.324070360565814397e+00
4.860654290831979196e+00
7.303721450661244674e+00
9.348905115233524299e+00
5.732828454061304591e+00
4.670122118749585383e+00
9.436359046141410412e-01
1.920792989689153796e+00
8.300695262280656905e+00
3.908824088648605866e+00
4.974433594510310641e+00
8.360045131326803158e+00
1.185340948765622793e+00
2.327670745675285424e+00
4.869341973493010123e+00
2.290696480336214869e+00
3.316298486188551831e+00
5.212862927707643479e+00
7.133281606340547754e+00
2.693080094039731698e+00
3.836878230686108893e+00
3.271652280149472070e+00
3.292110791360314703e+00
5.298243521818897683e+00
2.108531227572355782e+00
2.490616403368122178e+00
2.418391583857424809e+00
4.589265817698376715e+00
6.366466110777751375e+00
4.078447011155550861e+00
5.675425562755790132e+00
4.768425783061027268e+00
1.876377927812274526e+00
2.498080839396238595e+00
3.507880732251011935e+00
3.117844715484826335e+00
2.292377075145936693e+00
4.559441866217320283e-01
3.620839317548601333e+00
3.313462439727785203e+00
2.893729869840896196e+00
3.967196607871155134e+00
2.820587044560045609e+00
5.265803233822237139e+00
4.408978628117011134e+00
5.356499096050299613e+00
2.712635693190291963e+00
1.063868087040596766e+00
3.664331903436557347e+00
9.446279067635437343e+00
4.948201130166799189e+00
8.047047052860557770e+00
9.073506268770678673e+00
3.315546077623817478e+00
7.018255702639319082e+00
9.319839768145357084e-01
3.489170495031200581e+00
5.099542855990679691e+00
3.455607143200606135e+00
1.134848271324287783e+00
2.431280382408705698e+00
9.457403631234088115e-01
5.537166445190631059e+00
2.338801620481120391e+00
2.385145352473806213e+00
3.079498894072835835e+00
1.951032063811751538e+00
5.916215172816863266e+00
1.852890539774657119e+00
5.943209823159683936e+00
2.069295728963018721e+00
2.735223647210740516e+00
4.076018109991195182e+00
7.651306418987245728e+00
5.307816972757962937e+00
7.676239777560835975e+00
4.054546494774404763e+00
1.546581245664317317e+00
4.321844271304826179e+00
2.856539002519277837e+00
3.615712420928478110e+00
7.513324351928321931e+00
4.680947091029228901e-01
6.198758137287142311e+00
2.304063969443611581e-01
5.264280637180846156e+00
2.185287791729308093e+00
5.229591252030992621e+00
1.931658874799819348e+00
3.119135239679821314e+00
2.546822486177821254e+00
5.946648348248337435e+00
1.772717364356079628e+00
3.551730206813152879e+00
3.444681141236243693e+00
1.983761604290538383e+00
4.535862386424135195e+00
2.298315815008210361e+00
4.740939428530636768e+00
6.928339742406515178e-01
3.661837009291456724e+00
2.466411682551339801e+00
7.563958884543366068e+00
1.006038842642202447e+00
6.844422150885155487e-01
4.097691288446755564e+00
9.200016819931883916e+00
1.597440948203521005e+00
1.745442909582671565e+00
7.123398260901309120e-01
1.565358171903458162e+00
3.313744706350095104e+00
6.228051453733879583e+00
1.173783493881557227e+00
2.062720891693493819e+00
8.485360349865667118e+00
1.764902728946100341e+00
3.599859724655182447e+00
1.723129417517535344e+00
5.441387005089323159e-01
6.586683131762811616e-01
2.612803883059254151e+00
6.027985442567496577e+00
5.460113459333409969e-01
2.266576200268634711e+00
9.454661947061224758e-01
1.888100688855960829e+00
2.735598981134204077e+00
2.389771953890253098e+00
1.478627494142843002e+00
1.251584686879770381e+01
3.805613501919478114e+00
1.601963798679899353e+00
2.819949199920176675e+00
4.299325662614545074e+00
2.287324447010917972e+00
6.986203641316589774e+00
1.846058519815754639e+00
4.308500930274373530e+00
2.576719330515495621e+00
2.992961878113019836e+00
3.385541202898865620e+00
4.384446851058601879e+00
2.971671759133616586e+00
5.050970369554708128e+00
1.907867471848911256e+00
5.273550402428479167e+00
5.644184582762303393e+00
1.458633524631332001e+00
2.310078806021921949e+00
8.180894323605951257e+00
1.890085767838935560e+00
3.057118903131532672e+00
2.470358998722556265e+00
2.156866152712048734e+00
5.901834449864342247e+00
8.714396532429041775e-01
6.154522990797285154e+00
1.115029012378335516e+00
2.140547656004331945e+00
6.319241823865011654e+00
1.379896588930890733e+00
3.446596676164301876e+00
1.201272980863292039e+00
1.428725379694009812e+00
1.345966496096857812e+00
8.669321025531639080e+00
1.378357249505277382e+00
2.900984758961298482e+00
1.598021846215000208e+00
1.445150206363970513e+00
7.699088036827640424e-01
6.082428478146134410e+00
7.982285901375107073e+00
2.191021404455085531e+00
5.811479576801092506e+00
6.743083123706547610e+00
3.270773384768451919e+00
5.283593045224570517e+00
4.100775501947543589e+00
6.250014460808929861e+00
1.017429070072448871e+00
3.649909223383435819e+00
6.016152517530069410e+00
1.448050626398521112e+00
5.343038788953351492e+00
2.074347977856430880e+00
1.955623329589773585e+00
7.686037548792227225e-01
2.395373098584035354e+00
5.258745782784759015e+00
3.422470790456897838e+00
1.653755586699693136e+00
2.242524948449856392e+00
5.661602329732231986e+00
1.157059919198418108e+00
2.730806731165382750e+00
5.704670658336839395e+00
6.261429961374719078e+00
5.507044981485944568e+00
5.027840876381689306e+00
4.300767028474481890e+00
7.268969561158760140e-01
1.702628490875963463e+00
2.811756731336461090e+00
2.678927002882466990e+00
6.080462834291646246e+00
3.647551986376404543e+00
3.754238102112899433e+00
2.160205831243419805e+00
9.377788013707467618e-01
3.260945272188919830e+00
5.851799537614745361e+00
1.919261257835191747e+00
1.792568336624507541e+00
4.469914006299731568e+00
4.861979460139104425e+00
3.517311264328231601e+00
3.057379536706744894e+00
7.843677452165256803e+00
2.592037465014119579e+00
2.228712504376526571e+00
2.464061447159424656e+00
3.996643729234982345e+00
2.410711827210089364e+00
1.013506050780171197e+00
1.722176619957037857e+00
2.674700959267921618e+00
3.503707846741430654e+00
1.684707076286224625e+00
1.856305946437649013e+00
2.816257296902945129e+00
2.908466114317875828e+00
2.494372902894126831e+00
8.952930021248243220e-01
1.218572382995444903e+00
1.340712721693146925e+00
9.662559307577092138e-01
6.323751465797744054e+00
6.432098579380274295e+00
2.304422408267680300e+00
1.034346901716157063e+01
2.276912789743427812e+00
2.109629814550058935e+00
6.775043752163953936e-01
1.493624154354807665e+00
1.854416785816657143e+00
2.333008292806936890e+00
6.575338991322726478e+00
6.678474779485106261e+00
2.898285529734504262e+00
2.908303574948035486e+00
4.261185915631046761e+00
2.434620978491059518e+00
3.379173995655318841e+00
2.208662009410304439e+00
1.857042548870774468e+00
3.916337664934329776e+00
2.347654767384554475e+00
9.728054286748895052e+00
5.470060091813761183e+00
1.248344319676088610e+00
5.569250662975730570e+00
1.170461974485099921e+00
2.089802693006876488e+00
2.527128342503904168e+00
6.496334198966814633e+00
2.869986262597782556e+00
1.316744374442663901e+00
2.168407838892198569e+00
3.610739498888729582e+00
2.989538566750592707e+00
6.391484644823266947e+00
3.524873326930625161e+00
1.979871040328292864e+00
2.068992426139503849e+00
5.472532212743081992e+00
2.616461061959231227e+00
8.243783521016380789e+00
7.097479901572509853e+00
2.869626651482549029e+00
2.817611786619490299e+00
2.123263050395336027e+00
5.643350646951807548e+00
2.846706521356049624e+00
4.300709334969323727e+00
6.127692584871799575e+00
1.939262628871192717e+00
8.169121178240814629e-01
1.216913617638598177e+00
1.785793059493592683e+00
5.534114859902370398e+00
2.135588610249508079e+00
7.116196558138012662e+00
3.324945581952031937e+00
2.703300193701883902e+00
1.546559159900471103e+00
3.963897026831999515e+00
1.692911312346005337e+00
1.834095368621754041e+00
5.464674697580067075e+00
4.189265589588799799e+00
2.658973839132707795e+00
7.979608799484952719e+00
5.281506950083099561e+00
1.241791842005379065e+00
3.897758711977843404e+00
3.484700690474131779e+00
8.403230218014015040e-01
3.286621095847040763e+00
5.480597043370814880e+00
3.573379963594348396e+00
3.252270577730358436e+00
3.190383298668047818e+00
9.962890696020736403e-01
3.302422450835638568e+00
6.748233040910266434e-01
2.072567248230238857e+00
2.538928310934152499e+00
2.187392353301015557e+00
2.504607104584341215e+00
6.260706864136785121e+00
2.315482832596828189e+00
3.076078884083548459e+00
5.609899964360041125e+00
3.414791577404253431e+00
4.954831740576699950e+00
3.624998404154685883e+00
1.968298656366396449e+00
3.807958655940687720e+00
1.680888207703492121e+00
2.000771735453273248e+00
4.256736298357731485e+00
6.768582123877797230e+00
2.162822171421681539e+00
2.519978902790923847e+00
3.297723478192775559e+00
2.179760941304612398e+00
1.858547305184277576e+00
1.734577191813769570e+00
5.398723431842528342e+00
5.395269267939342583e+00
2.034059971096881636e+00
1.612203947584233577e+00
5.653862716044655734e+00
5.649408746943869630e+00
1.258704670155867067e+00
6.135134701923693257e+00
3.677136017252454092e+00
4.837508620583781394e+00
4.492505483307629888e+00
2.042873910811797700e+00
2.981347182562937626e+00
1.346353433879289296e+00
6.056121049924100497e+00
1.518056738754013590e+00
5.507387240772285253e+00
1.266715831088136346e+00
2.363374309272287643e+00
2.487587333699597281e+00
2.732569720992369611e+00
5.626900502149807082e+00
5.031340825439309050e+00
1.160270060026335814e+00
1.797215972577227205e+00
1.995091484732205656e+00
2.001824409480066791e+00
1.936591558624237985e-01
1.654618598182238332e+00
1.444886943045047278e+00
2.395675811068229244e+00
1.740470441902502552e+00
6.601003939103981644e+00
8.154160494412243665e+00
2.704826858514714605e+00
2.202037339643954539e+00
1.975398603878418147e+00
3.409764388278142988e+00
5.404771530487212594e+00
2.854530152869005466e+00
3.871800243529520902e+00
1.797544515372495599e+00
2.914076939728165172e+00
2.200705652299111748e+00
7.106843372374783030e+00
7.283673257704422532e+00
2.031765129389307756e+00
7.814953449129831142e-01
1.320308684557065293e+00
2.208702039949585583e+00
2.538287847249455442e+00
2.503690258200054419e+00
6.414023901881225065e+00
2.673986315020734139e+00
3.751038930833914264e+00
5.460082339846014321e+00
2.109992874822005593e+00
2.386042898424501235e+00
4.353709755858436559e+00
2.865517053006819914e+00
1.217887607367291025e+01
6.057736715344221423e+00
5.991897078889575567e+00
2.417208633397495365e+00
3.424122954554511988e+00
5.730460029534524935e+00
1.590834715981525482e+00
8.379326978401094195e+00
4.852758428842873784e+00
6.583600444335553803e+00
4.421509745491900567e+00
4.253300307424638049e+00
5.215580124821501684e+00
6.622174482769690451e-01
2.395220093692844276e+00
3.497381826749147216e+00
1.318008060195975606e+00
2.151527836822984874e+00
1.762291626158530411e+00
3.852611409099879314e+00
2.475595399660330820e+00
7.804654063979023171e+00
7.958788938453689177e-01
1.983015245265752347e+00
3.635955022263114067e+00
4.613925438391219380e+00
2.345210850123212509e+00
1.458195126192199265e+00
4.866370906388330475e+00
1.181465808093916436e+00
4.798030037369173328e+00
1.809834129719107620e+00
3.054186254462752714e+00
1.822909511342598154e+00
2.952403106264273713e+00
1.506169478021283314e+00
1.749771855898656137e+00
3.619176943661422285e+00
2.707401619234163004e+00
3.648414728809173280e+00
5.801797806671777913e-01
2.071567866380553014e+00
5.554761515799164329e+00
2.812929351197854366e+00
2.065469224445363849e+00
7.655763502447660018e-01
1.252707251371748765e+00
3.242425762711776738e+00
6.183429349825072308e+00
1.175828980719642702e+00
5.127011085731064455e+00
6.277600283105439161e+00
4.440281448427740862e+00
1.511641666811777807e+00
5.740738901364523805e+00
4.221075824515576613e+00
1.675176841683521101e+00
1.641839569840532365e+00
2.699737351637391480e+00
2.847054351137378259e+00
6.428548394820250422e+00
7.302325182860700536e-01
2.632300795027675999e+00
7.812593618702750931e+00
9.230011256912342699e-01
3.672729515486054641e+00
1.440764408678914643e+00
2.408531602473455990e+00
6.291207539201630894e+00
1.975827558581148224e+00
7.293118430192411239e+00
5.854804531040652016e+00
3.881508526923675984e+00
2.162637386372163295e+00
4.614160746269926783e+00
3.492308498526927263e+00
5.246059532246399648e+00
1.059083427313942893e+00
1.943319113945225496e+00
2.950831218677150147e+00
2.724720238600261357e+00
1.561090984374185586e+00
4.291263762697944628e+00
5.036736241925174440e+00
2.904572673417637585e+00
2.913748835675127768e+00
2.909655386014880829e+00
2.105937253128418618e+00
5.429872466117113383e+00
3.647027038359952122e+00
2.682701046185385518e+00
5.940490810916052133e+00
2.363726561981165819e+00
5.374496768125725410e+00
3.240264260298897359e+00
6.585250105559304679e+00
3.092975250403110277e+00
2.619937357273689926e+00
6.689551273574908530e-01
2.823821617644199478e+00
5.692135099163164291e+00
4.491864603181383586e+00
6.447199905114534779e+00
8.886591735907943823e-01
4.146012759073856913e+00
2.652563806500527477e+00
1.822506796835014375e+00
6.320164528303909179e+00
2.788742818331174433e+00
3.273337768886376065e+00
3.505107363784663921e+00
1.974005558767120139e+00
1.681189778540588931e+00
4.104793847267797169e+00
2.759107941337503700e+00
2.689994498982267501e+00
1.962687040531723603e+00
5.199860424083413868e+00
2.474110063247796809e+00
8.201347139344619119e-01
6.844350465676854789e+00
7.924806132611185383e+00
4.008026901183161961e+00
4.908432823289523128e+00
6.736117433444726466e+00
2.877003399498540670e+00
2.124189033460906373e+00
2.217354921899632902e+00
1.885912631581891707e+00
5.235902609898117177e+00
2.606070571322318230e+00
3.973520452940398684e+00
3.838158033281366066e+00
6.208232525165957583e+00
1.016978397840379911e+00
2.059041381873244703e+00
1.561880731499589503e+00
3.804663039069164920e+00
5.102129120168956256e+00
3.316856184498994775e+00
2.008358370516101665e+00
2.239500493790100855e+00
2.325247180277147052e+00
1.728230176728211998e+00
6.163844962399645411e+00
4.266882781446120987e+00
6.028590570822332850e+00
1.712817230014252345e+00
2.581178421345210694e+00
1.000345393535379879e+00
5.176418753003741102e+00
3.757935840724516474e+00
4.821684490420744318e+00
9.731809360180574409e-01
2.066358007696204258e+00
1.797103026757712385e+00
2.575469924270732847e+00
7.025802419206819138e+00
4.141236380165266517e+00
5.312009558293970812e-01
2.512611293443788085e+00
1.230000175650645122e+00
1.678621696533169949e+00
1.104976441454797564e+00
3.574286186640978524e+00
5.143239510242646695e+00
6.027253065557276024e+00
1.727149154320897884e+00
1.544122425287626221e+00
3.581104420807787125e+00
4.459154906944156949e+00
1.795624361455484319e+00
2.600953409328619514e+00
7.976156116896271797e+00
3.843232271635750319e+00
2.179966012156014266e+00
5.508022803873618756e+00
1.153098911548513072e+00
4.930339318835089024e+00
4.109259728116598787e+00
1.850942307443169454e+00
1.899393763774091193e+00
5.427495928357292776e+00
3.637628776237657569e+00
2.879579781985175391e+00
3.297305730910056187e-01
2.407721814888196477e+00
4.751642839357820058e+00
1.221683063974282613e+00
9.140586747127477096e+00
1.828713711553732191e+00
8.173750167104573805e+00
2.039600014258000193e+00
4.500704859946013769e+00
6.489391538020976569e+00
9.542569470713576640e-01
2.626446136638106665e+00
3.482573920079746532e+00
1.213147360231316307e+00
1.507646588419448541e+00
2.467365356490533568e+00
2.107065342803718710e+00
2.926899676820965190e+00
3.252281141527490149e+00
4.001382766736519159e+00
1.806874041736128422e+00
1.667624447111268893e+00
2.545949614407881256e+00
1.929280400724209921e+00
3.740496652829989443e+00
2.367348035235127490e+00
3.110309519161398306e+00
2.719451973129928035e+00
1.469643714518420241e+00
4.121879510177191008e+00
2.129338903078705325e+00
2.887307798100072098e+00
5.489393287861821236e+00
1.090492227690521787e+00
5.004574744103873485e+00
1.752435444918228891e+00
7.348488370649786994e+00
1.249637733137366702e+00
2.661643870025269809e-01
9.686461759213751410e-01
6.757316056318996900e+00
6.788990194857200677e+00
3.413553056280423714e+00
3.246728917311584528e+00
6.749968183243650444e+00
1.108418212082942222e+00
8.774778079852081802e+00
1.759996419871049822e+00
2.275695390781244498e+00
5.895217692768535578e+00
2.208359741697065282e+00
5.607153555601974482e+00
5.440558474711306047e+00
3.019497940289236126e+00
6.235209376061670916e+00
3.080892121608069800e+00
1.680980063000691915e+00
1.060889410253447407e+00
1.682236089080852981e+00
4.185669149434105840e+00
4.470266826443107355e+00
8.342897306151076720e+00
3.142319537862030998e+00
1.939568806896789122e+00
5.496673875248395902e+00
2.177199887480539164e+00
3.225543408693432035e+00
5.998313014408724442e+00
1.351085432616648152e+00
4.917376343139785000e+00
3.182735386099915242e+00
1.037449081682271013e+00
1.711241912082720695e+00
3.522196181021747474e+00
5.378846105117673915e+00
1.875834612979746518e+00
3.064701353689826213e+00
6.986112974508819740e+00
5.880552371324227146e+00
3.829917437786719780e+00
2.370905414169981906e+00
3.226085562389256367e+00
2.322375060636485689e+00
1.702610696181458438e+00
2.488754203836321288e+00
2.405649406416734859e+00
1.018389936741849944e+01
3.273756513668268364e-01
8.357655640362643412e-01
3.379221647603360079e+00
3.634259101156830596e+00
1.025317409009845582e+00
2.695983476417957991e+00
4.462907598478077276e+00
2.760102005936602154e+00
1.217912445470788363e+00
2.019790221388249485e+00
2.391692712666605658e+00
4.135165573363249969e+00
2.115941217185443701e+00
1.952207648056704103e+00
3.004927991881956473e+00
1.635583990886259054e+00
1.204726230477712656e+00
3.702936133949281228e+00
2.281973215368684471e+00
3.297254992361927428e+00
3.361278416796323665e+00
1.746739493190975656e+00
5.527778551186607991e+00
2.614575219225560687e+00
2.839936863796199251e+00
4.914353346594819705e+00
6.349756693581316114e+00
3.511057789269793616e+00
2.325809266707242529e+00
1.852953821290534986e+00
8.420008784352983611e+00
1.176099400753365609e+00
5.173485778322510775e+00
1.198756519226735096e+00
9.488709324831801073e-01
5.060513664379270971e+00
7.411631405377331339e-01
1.093156269074752274e+00
7.047970999127845637e+00
5.248768560518368709e+00
2.425852693453729003e+00
1.400915744612019287e+00
3.177410398259309599e+00
1.259683018079224892e+00
5.214245115669687181e+00
3.040115732798654324e+00
4.118953784172453503e+00
2.654746107309808423e+00
5.535425738403787044e+00
3.178103907611565582e+00
1.929424176918654865e+00
1.820588121720364327e+00
1.151182215463222303e+00
4.263666895120109324e+00
2.140307493511372616e+00
4.308654597669731245e+00
2.882194128042717018e+00
3.398265881065420935e+00
1.365495469267612227e+00
6.902777406492057288e+00
5.303437138625746172e+00
1.456452677349038494e+00
4.095392451977447834e+00
1.478524090019778026e+00
3.710431735424513100e+00
4.819213689949926938e+00
1.618688098071846770e+00
5.248037779359550292e+00
9.337129782967977576e+00
3.114727563484522843e+00
7.164681039364064752e+00
6.463126501017320891e+00
3.741845750319770847e+00
4.493232020198287380e+00
3.913464815648418860e+00
3.114141989770295993e+00
3.956264397693773471e+00
4.024907008592907509e+00
9.723306119879106646e+00
5.342308201424518010e+00
2.676771841281746056e+00
4.495466676058807565e+00
5.235717170057756498e+00
4.849291829618050720e+00
2.400089676780753134e+00
5.328103005302994077e+00
4.127497354142805719e+00
7.743001868231168539e-01
3.719498265029442585e+00
6.839812675019119048e+00
2.202613632340040262e+00
3.501703770127270410e+00
7.205338455898202099e+00
2.608818195483205038e+00
7.108595737457848784e+00
1.473734724557204778e+00
1.755942778502855406e+00
9.970890511642020115e+00
5.322673031147660438e+00
6.233293138484249596e+00
1.805552308102033265e+00
1.952607711276435509e+00
3.943902434557533976e+00
2.290486498175400065e+00
5.466897529437463099e+00
1.103550932857558786e+00
3.091349635512427252e+00
6.840387031763786041e+00
5.613471454295305918e+00
5.278095417859998140e-01
6.839958331515714196e-01
1.125166600693860097e+00
6.072543749467650409e-01
5.082006378477212039e+00
3.933585289306158028e+00
1.790701556396110616e+00
6.146080111677473035e+00
5.947394581522998935e-01
3.194197907365161626e+00
3.782326926410549017e+00
6.623477849905072823e+00
5.410499921903010545e+00
2.026647056178099593e+00
6.217638606262142709e+00
8.938699726466005080e-01
4.792811452205164358e+00
4.341455897078739135e+00
2.357224317004653180e+00
4.558956641646400243e+00
3.477606479371871284e+00
5.107279857410444102e+00
2.091297442163668752e+00
1.941420671798970821e+00
2.288965002300599849e+00
2.369479964716725284e+00
4.039207022140753445e+00
3.803713166657849865e+00
1.678262375146238439e+00
9.779485870110046219e-01
1.082077071290360415e+01
3.102296918485543120e+00
6.811374235490070816e+00
3.136944066497223904e+00
5.278315597785311120e+00
1.718926476566102091e+00
3.780503114804413922e+00
4.839530966463143180e+00
3.250015263120605624e+00
3.670734598242672231e+00
6.117737605969931103e+00
5.881859589493446450e+00
2.088868257688888175e+00
2.136392762181615446e+00
9.094875552049641598e+00
9.087225943583463472e-01
1.793351953454060732e+00
2.925575087729896051e+00
3.114716799137153824e+00
2.622068669921425066e+00
3.828904665259520446e+00
1.695819055624117500e+00
1.198116880084163505e+00
7.917138014500892940e-01
3.448805896963346385e+00
2.101193379153626584e+00
1.540957741561149064e+00
2.527091601999063908e+00
2.790109328690019375e+00
2.435798738922457574e+00
1.314093670950839288e+00
1.079272449153556135e+00
3.187810942159957417e+00
2.396942051960172293e+00
1.775264965890820834e+00
8.742253649378487479e-01
1.939406861960180528e+00
1.661453501987249837e+00
2.001934719466994750e+00
1.592793187862207249e+00
9.659369647197003639e-01
3.497480522394763813e+00
2.512539830012580300e+00
7.264799288699731461e-01
2.108978951629110643e+00
4.299560634556107708e+00
5.440245525081587097e+00
1.102150899401812767e+00
2.199562064607770040e+00
4.058972115208914211e+00
8.816780792507046272e-01
4.502108576667693818e+00
2.453541902616243497e+00
5.349146692012374249e-01
3.519145672530007651e+00
6.079157301631434862e+00
4.537142305253421881e+00
6.168650344836906996e+00
5.082948831450780247e+00
1.212320926564611101e+00
3.944987556861478062e+00
2.742731217646388941e+00
3.389873684075540794e+00
3.032992535590242067e+00
4.389237511155689830e+00
5.995828331039511738e+00
6.768682925828767294e-01
3.155450298264431908e+00
5.297131100469500531e+00
6.816791305827209158e+00
2.370412950724726020e+00
1.770404654511796183e+00
2.461521327459740505e+00
5.241705754496861047e+00
3.188292719079345527e+00
8.747165451037530737e-01
3.267175920266584210e+00
3.958395836160450987e-01
1.954627622274642595e+00
6.569531180399127201e+00
1.966147255952523043e+00
2.061749031992834880e+00
2.770055225446577563e+00
2.486020285887901249e+00
6.384224203235275841e-01
3.775673038691181649e+00
6.337821055213701094e+00
3.138253999726104304e+00
2.277991659197958541e+00
5.835827523287751895e+00
2.144881113906190961e+00
1.087288804604932713e+00
5.752442282389202077e+00
6.414526369686637253e+00
7.507268124599868031e+00
5.398501652040092580e+00
1.890924346566602132e+00
2.952174599956623346e+00
2.807499601661473498e+00
3.580708788912994045e+00
2.138410350931037041e+00
1.834398397307411166e+00
6.278963132879607834e+00
4.494715316294032093e+00
1.846009004667443998e+00
2.337745730444779735e+00
7.217239860714455446e+00
2.434078956534659444e+00
3.640300717783227835e+00
2.284137986207011917e+00
1.967576560487152459e+00
3.565742056234552315e+00
2.468075376585624259e+00
5.316601293593018696e+00
4.841140389821625867e+00
5.342576169643231676e-01
1.717407822586783039e+00
1.790005069211283217e+00
1.940411154139295657e+00
6.522196892580368832e+00
2.093319251267834247e+00
1.483629982030270078e+00
5.341490346740500605e+00
2.026265126561556773e+00
4.286197019538874109e+00
5.567451513639354310e+00
2.297113915294467290e+00
6.682946793463941937e+00
2.708219209367527913e+00
2.398058649385677477e+00
3.085456516597277599e+00
8.317022269182288596e+00
6.395342033505233559e+00
1.776377803974765301e+00
3.184409685632727527e+00
2.398688715217971890e+00
2.818661180814076683e+00
2.620943893546645143e+00
1.356791956212619832e+00
1.991304060132109255e+00
7.193792621712659097e-01
3.828269176678969377e+00
5.160082700759362595e+00
4.299578994179580782e+00
1.516283700499509779e+00
7.305433224110302604e-01
7.164932422228290632e-01
2.011754575842566783e+00
4.689879681081080776e+00
1.406725872757006224e+00
3.131874168053705443e+00
2.220600280823181727e+00
5.532669193264279528e+00
1.895069097288377247e+00
2.710261168572264179e+00
1.976222282696554311e+00
2.528073711632813581e+00
3.131151603520768045e+00
2.757129693041991736e+00
1.725932357206875212e+00
2.119531014919452172e+00
4.430878467188564152e+00
1.793452890022847690e+00
3.889158930309326134e+00
1.146200209765814160e+00
5.568794328660849224e+00
1.963672530513868919e+00
1.893973864690149389e+00
2.985989279019220177e+00
2.277908424544143884e+00
4.290190437520344346e+00
2.828102739338930860e+00
4.995795308565504911e+00
5.249330389190156598e-01
1.736142782054614919e+00
2.567142559327240559e+00
4.118723982541398598e+00
1.437486241111336049e+00
2.494346790497602662e+00
1.498531879350749385e+00
1.008630544873879931e+00
4.277845838078895291e+00
2.785300321158044934e+00
1.042813689725205073e+01
3.382885757323498943e+00
4.590619321697529287e+00
5.895649453079297997e-01
6.289813723813302282e+00
3.326929415499403131e+00
2.371490436394338541e+00
3.759830141841057127e+00
6.881163527179229966e+00
1.884846158558724838e+00
2.415380502793754047e+00
7.334803479813720717e-01
5.884374908210837640e-01
2.557910189527877076e+00
5.847905656019092291e+00
6.661648699225104053e+00
1.292129919658055126e+00
6.155124522326062220e+00
5.925403300763075753e-01
1.760242326769232202e+00
5.987640955089896799e+00
1.860163334595037465e+00
3.741225794042263075e+00
3.543594221858943794e+00
8.481819991709249607e+00
2.942172932547771236e+00
5.092756094867296746e+00
5.023572617887952063e+00
1.724787109917741867e+00
5.290017047357689961e+00
2.621551435464472224e+00
2.448844954567298338e+00
2.781181745755063606e+00
5.315221077439720609e+00
2.240546739826403844e+00
4.178410911072953482e+00
1.371970776733072883e+00
4.934717732370710763e+00
5.774627004951496723e+00
1.574894176153516234e+00
9.516372155623671336e-01
2.731215721568273302e+00
3.631315571825705302e+00
9.477850912724660182e-01
5.242964951179328814e+00
6.131551432670457658e+00
2.064207934631875574e+00
5.070481470330151730e+00
9.760659696538326102e+00
4.077098112431546184e+00
4.574545416346327720e+00
1.506396554126003817e+00
4.657012057656909065e-01
4.306111545639070393e+00
1.321465150537653122e+00
2.945029007732089976e+00
4.867203615059812805e+00
2.191026542134930644e+00
2.222456813983617607e+00
7.844340421580302092e+00
7.395232385579741496e+00
2.167144727936501258e+00
2.740460026671998062e+00
2.742018116988876653e+00
6.081027178131870325e-01
1.795896419296748370e+00
1.497034583181520606e+00
4.935040956430600367e+00
4.218848412986549334e+00
4.513465691868686847e+00
3.247115033844493404e+00
3.098903481203951316e+00
5.808056982546277780e+00
2.071230743797396023e+00
4.488979015795474758e+00
5.776409095079736211e+00
1.676830163532152751e+00
1.891707998643657129e+00
5.286851334386080126e+00
2.424209424653443357e+00
5.691404247965235363e+00
4.415011299935861722e+00
1.780810093605194266e+00
8.439582218428058891e-01
1.622804128364579102e+00
6.029468900270323672e+00
1.935665212828750370e+00
9.587114047130999017e-01
5.009942640550014481e+00
4.351388350600328359e+00
4.550129935844339890e+00
7.009702612086694096e+00
3.193677171572248508e+00
9.746329672127290733e-01
2.651757174978657705e+00
5.783290866729970503e+00
2.394111762442089120e+00
1.924464514521612379e+00
1.407161991185312599e+00
1.837569250893501982e+00
1.216654559374823474e+00
5.155349946786050630e+00
4.966070462000414132e+00
8.562200929307877573e+00
1.015420555264011959e+01
1.799602283879931708e+00
3.042566024165619165e+00
2.752297366930540168e+00
2.312400827692784766e+00
4.666976535213372301e+00
6.232871999939039176e-01
5.685841892544966081e-01
2.790543577752790938e+00
7.383820546773680604e-01
3.130829442996604595e+00
4.050190262572802347e+00
6.886294116101490559e+00
2.641355657698924997e+00
2.133604346116108275e+00
5.964716164990697678e+00
3.650666362936082709e+00
8.308432533982808010e+00
3.201935580336922715e+00
2.498280395477450178e+00
2.456544570763324220e+00
3.048411842066316435e+00
3.417533335980813547e+00
2.016240113451124749e+00
1.434579600829243073e+00
3.703033762940592055e+00
2.220247413768569711e+00
1.852038560015627500e+00
2.069736308409415582e+00
1.613716568071157376e+00
5.588918127514813428e+00
2.185710001044046003e+00
4.244115233575127100e+00
3.451225163419089803e+00
2.832929601212851090e+00
6.548710448469202916e+00
4.631189368063600931e+00
1.301811487980992110e+00
2.118455276120934982e+00
5.680215058214667101e-01
6.449696166538714692e+00
2.509206923223198604e+00
1.634399076418843633e+00
9.172047110830815475e-01
2.129174704222235981e+00
3.581229874419447068e+00
3.445349354502156736e+00
3.170865989750298208e+00
3.641564011802516099e+00
2.801830812378085511e+00
1.443359105164859324e+00
4.841537951720408017e+00
3.078202918439759461e+00
3.529340162280622195e+00
2.140532801534214435e+00
5.278380616006451476e+00
5.763011148650566184e+00
6.396877279083195589e+00
3.034263911447275142e+00
5.030431107620264797e+00
6.545931515593651717e+00
4.933013784052500128e+00
5.465890026400552770e+00
1.918675179178736423e+00
4.148758613387296457e+00
3.116725347854314432e+00
5.606870453001440602e+00
5.755047393174645975e+00
3.744017355323367990e+00
1.119249200493386720e+00
5.593702553247634768e+00
4.144673427978990965e+00
1.441287508701651232e+00
2.104244785628982761e+00
6.651519906018132922e-01
2.788704065247766373e+00
1.509223646783630413e+00
7.515906755145797646e+00
2.780374385077483801e+00
7.796377872394603115e-01
2.468559796998424538e+00
4.878940316653395115e+00
3.913782599962374320e+00
4.841940806676714892e+00
1.883128064320315209e+00
1.586401515801417750e+00
3.126774079222202740e+00
9.164455901489492184e-01
6.262532618838334564e+00
3.240013664340756883e+00
1.643754522903868143e+00
2.015998958543430586e+00
7.252897478637682083e-01
5.489059964396134639e+00
1.352654797436444012e+00
2.754671857068211605e+00
1.277615851034944017e+00
6.005961127147660505e+00
1.748187821774652484e+00
8.467135679933323056e-01
3.410629004923078966e+00
5.818623263714652438e+00
8.157062168764189991e+00
2.804608624004712780e+00
6.337406844566365827e+00
4.040457770602849941e+00
1.304381710092536117e+00
4.619397597015577617e+00
1.562234193439449692e+00
5.400726382699579942e-01
3.288546013042393135e+00
1.111031938271358710e+00
5.280801464830273240e+00
1.893158735884239663e+00
5.588262146926492591e+00
4.534684982461506308e+00
4.101625463642368352e+00
2.777898927129906603e+00
9.581145193256302983e-01
4.296000990744593295e+00
3.072457695717731418e+00
4.772258338902722663e+00
1.119666908723102416e+01
5.179324259721681756e+00
3.265983734518721260e+00
4.168869359013582798e-01
2.094913662123958353e+00
3.932707931763142817e+00
8.492720131042357679e+00
7.075965637482944937e-01
2.416600186141197870e+00
4.993346674054483181e+00
2.401739883794682839e+00
2.501931924359666937e+00
4.032974077549842384e+00
2.184695748027007056e+00
1.283827512669967641e+00
2.019492459588022815e+00
4.831032484438678942e+00
5.859232524197695025e-01
1.034579397167973536e+00
3.135133350156106058e+00
6.690623273512509073e+00
4.366936548841177768e+00
2.038165874568103053e+00
1.344296293972375933e+00
4.139873011327778407e+00
3.060898507994765261e+00
5.508900430385275548e+00
5.025392926773606384e+00
1.123587579309745621e+00
7.784096024466750308e+00
2.966760135504535878e+00
3.931855884732327944e+00
1.008192563901359584e+00
5.022222460304059055e+00
8.311276864474378412e-01
2.332632416069976067e+00
4.926811420272934505e+00
1.284606454605550452e+00
2.526819988338200762e+00
8.461226611363272809e+00
2.358140702371312347e+00
1.311506042870350663e+00
3.958295537268037734e+00
5.998379588879218183e+00
1.632062147374144567e+00
1.942247356831284799e+00
1.612859027905305664e+00
5.666886569362938886e+00
1.845909850964890353e+00
4.645548031541599343e+00
6.381551543357951717e-01
2.723078110346831782e+00
8.219886083709758040e+00
5.180151145700308213e+00
3.527791520571232908e+00
9.999853109130671935e-01
2.406157806403885324e+00
4.660130968450297395e+00
3.023745617207388658e+00
4.430509598297708962e+00
7.797302719493597323e-01
1.208163268421279524e+00
2.670285958173088670e+00
2.652071145444382161e+00
6.472313470334750463e+00
2.458493345399967556e+00
1.729751946183406552e+00
5.804310384070050510e+00
2.852392668526282371e+00
3.452597143326184170e+00
1.429442802904641985e+00
5.598854628811059442e+00
6.623678559023177925e+00
3.721354164076914106e+00
8.559036773135929366e+00
3.738481551656036128e+00
1.472301580821938627e+00
6.924189451410085461e+00
5.890782202778284571e+00
1.287051331467674808e+00
4.624165720902984056e+00
4.867690244107395259e+00
1.953657408054172429e+00
5.430098897152806359e-01
7.340675052883005591e-01
7.172253456574031460e+00
4.576378605863610005e+00
1.992026961656307549e+00
1.239668808711794634e+00
5.483954976522126934e+00
3.488657978470583121e+00
6.062592403306104494e+00
5.716739871909832793e+00
5.428546856631037976e+00
3.834886197350392933e+00
3.906356718234584857e+00
1.388734892323519654e+00
2.133404883837169308e+00
6.429038301485823226e+00
1.768277290234218979e+00
1.940081764083280813e+00
4.016700773649656497e+00
6.620327484652610117e+00
7.105192874048510632e+00
3.541574268802660796e+00
1.166188578205386683e+00
5.321001505711723034e+00
1.321610436818144718e+00
1.301458479337685548e+00
6.420829262899576229e+00
1.814948713674314984e+00
5.991396970620800344e-01
6.780315318220259124e-01
5.540203353358502447e+00
1.529645661264822598e+00
6.234055070211207195e+00
5.994400868088860967e+00
3.329394056530448065e+00
6.397872598118435228e+00
5.389971419034688793e+00
1.573500302067897705e+00
3.832235072442671253e+00
2.872694763119396200e+00
2.412373317458286870e+00
1.049341907348187108e+00
9.627891974096268513e+00
3.276330308086008003e+00
1.633839188880581439e+00
7.106094979355333408e+00
6.816501824795206055e+00
4.805530891840135155e+00
4.181122526057829525e+00
3.461630367561288946e+00
4.922997286649545501e+00
2.999806256848263519e+00
4.444143634930062703e+00
6.492935277345075029e+00
1.749895803895989310e+00
4.430749702486207475e+00
1.351635153453234928e+00
2.784692619515449774e+00
3.614450603356340164e+00
4.776761564733313037e+00
1.282088916395667244e+00
4.556516719142174487e+00
7.651658491126059225e+00
3.890845154896910962e+00
5.748469378817548048e+00
6.778137241636377208e-01
2.513703447810045954e+00
5.868124731436791919e+00
7.613158564088181812e+00
1.397031790378863603e+00
5.283591512330780837e+00
3.867679146641968657e+00
6.131570670412561652e-01
3.414061931075445422e+00
3.148033359395514541e+00
3.798437902441448966e+00
4.025688371376787700e+00
1.837328582840366709e+00
1.676981222674710281e+00
7.865131887894062146e+00
1.158675398853691307e+00
1.109062700582706729e+00
3.143570408867992327e+00
6.201640739221216947e+00
4.308505140703373648e+00
3.389041721441852228e+00
4.630334059795162993e+00
1.871296792745705595e+00
1.536349328214310583e+00
5.174221894138555378e+00
4.524108145156448657e+00
1.651351329494596065e+00
1.463577683799716089e+00
3.789962145130670645e+00
4.681078671053912288e+00
9.082466291384645452e-01
2.089986847063236119e+00
5.138594319496680995e+00
2.703075370605735550e+00
2.801922090955995870e+00
2.075465512919849598e+00
4.279092524672430287e+00
6.658322916075068321e+00
2.246637029406454378e+00
3.941153167157128934e+00
3.202552057992002599e+00
2.063500618889368088e+00
5.852231014220611982e+00
2.513405955707028294e+00
4.596564476237317898e+00
2.855240457594685477e+00
1.232596314353524791e+00
2.538333308850358794e+00
1.915097305073564904e+00
3.400613945768480750e+00
3.375767605420769701e+00
2.011118619046910361e+00
1.369361511388518915e+00
1.785914056471262557e+00
4.250027372212247023e+00
2.528324544524445550e+00
5.045717586371128327e+00
1.593637034247188611e+00
4.571573809404772426e+00
1.622341891048950435e+00
7.543833536892509350e+00
6.279884652064028572e+00
6.206069101662011533e+00
2.049969988160475598e+00
2.102386411820454271e+00
4.918393813049656949e+00
3.502158057299039395e+00
5.721719760962777457e+00
1.090025928523524534e+00
6.006934299874697736e+00
2.701067803838177905e+00
2.607767466298106296e+00
2.640326068076702892e+00
1.529892341239420306e+00
7.055212307625176926e+00
6.343031802010616893e+00
2.596848176994685620e+00
7.519593876229657248e+00
3.567902999232585692e+00
1.060663485184059951e+00
2.084300662959554629e+00
4.965584544482075202e+00
1.778489901711817422e+00
2.289179546930406151e+00
7.121816324754527416e-01
3.359756345870769323e+00
6.711957349040204690e+00
5.914232470465529801e+00
2.226923759460380126e+00
8.930494740971428591e-01
3.421970158653459659e+00
1.676228797339295529e+00
3.377410193854537557e+00
1.351276467011190974e+00
5.005715833543765925e+00
1.975509824715501628e+00
2.311536305171832506e+00
6.988356781204505097e+00
5.856970375595681455e-01
2.650740210215789538e+00
2.217928542849570306e+00
4.811482222793689978e+00
4.957069461360724461e+00
9.873995104282797808e-01
4.405039244340313687e+00
1.382270197523230104e+00
3.036371247673369744e+00
1.644591915976054475e+00
6.476194472774812638e+00
5.037153224895575043e+00
1.698174092529350920e+00
5.784067496294023947e+00
1.027955207866384724e+00
5.667579900408429516e+00
3.641117461704801439e+00
2.632762731792044786e+00
5.754058087039279457e+00
2.201381277443766660e+00
5.550588589234353165e+00
1.811969892798326986e+00
5.218008726293161814e-01
2.504299667380560646e+00
2.620717755019278172e+00
1.635680455287036095e+00
1.002267944456810511e+01
2.626866321825199968e+00
4.989383290097022972e+00
1.323905035520192452e+00
2.182715690765907990e+00
1.552723004243308669e+00
2.922321814036013876e+00
3.900821449129914242e+00
8.024799464162047258e+00
2.583126645915661879e+00
1.229849560647821249e+00
3.553766136275948728e+00
5.049236571716031463e+00
3.340697786995723728e+00
3.358317471506666152e+00
6.861919843646333561e+00
2.528321608233791373e+00
3.714840694403567234e+00
2.348490585411082243e+00
2.754500853069108857e+00
7.396812423991886432e-01
4.312033779459820693e+00
1.777034179911734846e+00
2.576412571496531356e+00
1.838549329154231193e+00
6.470540695921129348e+00
3.732186908097617550e+00
3.290318130019576515e+00
8.075331395420759506e-01
6.708948078814390925e+00
4.057025327301333029e+00
5.688323177131754171e+00
3.560347896525849709e+00
2.009813563406775749e+00
1.211630480489945372e+00
2.409248051899999687e+00
5.186185842694889914e+00
6.441200485386224805e-01
1.320634896494792487e+00
1.889905091084484345e+00
2.172630142080179461e+00
1.741168288459893576e+00
2.252097361823105270e+00
1.115207562044000333e+01
3.709081834799009325e+00
5.648181045194402117e+00
8.245189431447677464e+00
1.781153014047371030e+00
2.244436313234591474e+00
8.294000829140386610e-01
2.246969506365096514e+00
2.863970834621127892e+00
2.582727537753715996e+00
1.830056008873460538e+00
6.221030948054312226e+00
2.304387698506202842e+00
4.274241395804184940e+00
6.821253020808956125e-01
1.485033996945322121e+00
1.729422334081159196e+00
1.095859443465571914e+01
1.398650998867495998e+00
2.676459895786613696e+00
8.984229978652251702e+00
4.362585637932434035e-01
2.381007323990849134e+00
1.500367790981536942e+00
4.046033747200663555e+00
1.724901929055514538e+00
5.163145501778137358e+00
1.277949965037189273e+00
2.156266377059715911e+00
5.963922891367962720e+00
4.331140918317069932e+00
1.839614267918361135e+00
2.231759945158211078e+00
4.407214331169973853e+00
5.111697164805368843e+00
2.862265359096590966e+00
3.371738229930027142e+00
1.664864111770447241e+00
3.863414236422619830e+00
2.756303072153198475e+00
1.153029055626218824e+00
4.321209807252509805e+00
8.293422093539540851e-01
1.219862699247824978e+00
2.682372149277384654e+00
3.164676711915853868e+00
1.963184512641334756e+00
2.395567122339264277e+00
2.993494193610004128e+00
5.918488261937317141e+00
3.566950324947127271e+00
2.093135282313117962e+00
1.762112796980872309e+00
9.027648605627447864e+00
2.703971254522723022e+00
8.849130832868706831e-01
2.160663817629483230e+00
2.532395605449178522e+00
3.203311217512310627e+00
1.084415875825430753e+00
3.138615806857483204e+00
4.931154426548545189e+00
3.564790920791645501e+00
1.158703061048754179e+01
1.310177125643564144e+00
6.060894473162906415e+00
1.379304363495580388e+00
3.267416865296094652e+00
3.926281301481056030e+00
3.067839933070888314e+00
3.228588079977984915e+00
1.416609067815286727e+00
5.117658214428135288e+00
7.314599205834854123e-01
2.545555180692555819e+00
2.427618972072238535e+00
6.101788201188502292e+00
8.399563262163360022e+00
4.492963885707647265e+00
2.307863031125812370e+00
6.620085442696082900e+00
7.918240986146714011e-01
2.699319123522066821e+00
1.056955980858195510e+01
4.494322451037863431e+00
5.919945294467645169e+00
5.426819721183171907e+00
1.755500373151140936e+00
7.736716266008444309e-01
4.066692892626065259e+00
2.046022083158536731e+00
9.145894427234642077e-01
8.008761931474852602e+00
2.893511224276796856e+00
1.835377649972611325e+00
1.418833960741272326e+00
2.083574017652572774e+00
5.810716949584181279e+00
2.470190471056208370e+00
4.737963190899337818e+00
1.123963440209160725e+00
8.614913051672909106e+00
3.531843926537399980e+00
3.590514521882204768e+00
1.233119897104343998e+00
7.498830268286854839e+00
2.184816458311724663e+00
3.272415491536476484e+00
1.809284023188110657e+00
1.958659703307174427e+00
5.714905008683628829e+00
1.231645838563587958e+01
4.732222435169004982e+00
1.234795458523703093e+00
5.041602366405045998e+00
3.512121514898450148e+00
2.988260823920163567e+00
1.413938719696970159e+00
3.313804697688452094e+00
2.695535648163559728e+00
1.605882298235177807e-01
8.814547028494701397e-01
3.872399254784716582e+00
1.225185899141739254e+00
7.338363611782680040e-01
1.681422549455221960e+00
1.339335454227897459e+00
1.043775431119089525e+01
1.249073187467152568e+00
2.767351487886981598e+00
6.527564839075961522e+00
1.407913445151627529e+00
6.536820385504886310e+00
2.089398281851765571e+00
2.572872160839460687e+00
9.048587758428370265e+00
1.928567420885671790e+00
5.975745257395393750e+00
3.096125778654532201e+00
3.409538944074747668e+00
4.111889426304800033e+00
5.074695870941979159e+00
1.142283498746156978e+00
3.587186236283665952e+00
2.951820556149067354e+00
3.266723136568976837e+00
2.949943339632049799e+00
1.078270736852718770e+01
5.807319372725776585e-01
2.330831875102179929e+00
2.406536759462325925e+00
1.283431563872648562e+00
6.012373981098605213e+00
2.914481933434577510e+00
1.686404978142243882e+00
1.585357935385484085e+00
3.386692866342619901e+00
6.587711743116837493e-01
5.152454986511039614e+00
3.961345824468677002e+00
6.696030300504961730e+00
1.695162328728277767e+00
2.531367017545401943e+00
3.665305698629452547e+00
3.533232608945151121e+00
3.654087525488214361e+00
3.849732418259206757e+00
1.007630658158343451e+01
2.791818608523946477e+00
8.457532421351848129e+00
2.414436941576205697e+00
2.370201450874194649e+00
1.849831493083634815e+00
2.925560336893353042e-01
1.072311472490996342e+00
1.986216071853093235e+00
1.357957228166373653e+00
2.672662410378455089e+00
2.609029537937339605e+00
2.143949250865576417e+00
2.979502988950325726e+00
2.660922212878334303e+00
2.491370778371073236e+00
6.041818954945178399e-01
1.182001109934848859e+00
3.942165206280031864e+00
8.737752815357753278e+00
1.680899545120099425e+00
7.833430930442137896e-01
1.818712610843807198e+00
8.910445491156297138e+00
6.375794134530950785e+00
3.412898798728005723e+00
3.545266412095936293e+00
4.112561669665775632e+00
2.004765011709706446e+00
2.113950138465013673e+00
7.049150591591921255e+00
5.035379559338977629e+00
4.797277313410093669e+00
1.310012656406523979e+00
1.881566199703097464e+00
1.729946686251687238e+00
3.559439022613553938e+00
6.655181464673644243e+00
5.541517206162783538e+00
4.885949706152453054e+00
2.674910957066154893e+00
2.310905255360653499e+00
6.170269322510070431e+00
8.022771774991198868e+00
2.078345771556142640e+00
2.081340104342044306e+00
1.811052887717966575e+00
1.432992318548924615e+00
1.426545477970902143e+00
3.925789495750388269e+00
1.612013979586149004e+00
2.367241157391984263e+00
2.419226411519121989e+00
1.115629466994527474e+00
3.868414271942662630e+00
2.139628173692521784e+00
1.370113357367556572e+00
2.963952963936631768e+00
4.922985659559507177e+00
2.877846575592793776e+00
1.043936083574223295e+00
6.871223928837849826e+00
1.972185588678040613e+00
6.951985719370864736e+00
9.071364477022346717e-01
6.002051083013471455e+00
2.891407318258438774e+00
1.277751219992656617e+00
3.407023875779192856e+00
1.702892157318325550e+00
2.363422835381534526e+00
2.532277995431333029e+00
1.434153905871079493e+00
4.995371503664536306e+00
3.636415276407526154e+00
6.393838001463841181e+00
3.049184268972122691e+00
2.065803004611199700e+00
7.668107376352910620e+00
2.735706275468330340e+00
3.762228013814405525e+00
2.862014707076864450e+00
6.379428731051643986e+00
9.249796403423070634e-01
1.763111734226995519e+00
5.479185502347011294e+00
2.401022410771964211e+00
2.628390407492928293e+00
2.670498172657262081e+00
2.104225581438958770e+00
3.336611718172814545e+00
1.936011456945655906e+00
1.033488934391720404e+00
4.670283648831704326e+00
6.536432432976654106e+00
2.384089434504276017e+00
3.320385078720477168e+00
6.495180194865458390e+00
4.862325924683987388e+00
8.552743484319459411e-01
5.675719420433906315e+00
2.992315831521269676e+00
8.985575899126310162e+00
1.548539704673321138e+00
1.786597585395157894e+00
5.420895119928616168e+00
2.105360571730731323e+00
4.055711293431858877e+00
6.946340154843515968e+00
4.973466321108272581e+00
1.689320289420651156e+00
1.639469933107661426e+00
2.255571688252262508e+00
2.597201643426522821e+00
6.360820890669447003e+00
5.137618597023992706e+00
2.194072392750304079e+00
1.054977256741757907e+00
4.846827839282342509e+00
1.834528981002794490e+00
3.666526564337495575e+00
3.910415024916807702e+00
6.364785870787756927e-01
1.808368662195317000e+00
2.401699340934123850e+00
4.647295925348501555e+00
1.482541874000241400e+00
3.857225263370869239e+00
1.802787183494858780e+00
2.272837914238250434e+00
2.160211906950908034e+00
2.973090407683358638e+00
2.266985553360295835e+00
1.835502430109130945e+00
2.402730822157126411e+00
4.515912541539299774e+00
5.198366358670980958e+00
1.378887599539186049e+00
3.139815308078345968e+00
3.709072332726007115e+00
3.294295405204699545e+00
7.625488566061929596e+00
1.705905364759912279e+00
1.084805125096321987e+01
1.599854697684135241e+00
1.445500778008428799e+00
9.663468157598761321e-01
1.848246502263765967e+00
4.260448156042263790e+00
3.618809765379896071e+00
2.703545625782295403e+00
4.411798587199842747e-01
1.940077152530590432e+00
2.202674914163500919e+00
4.693450631610383006e-01
1.496769456596415804e+00
1.020630159209452259e+01
9.256435623625304032e+00
2.430976118443475276e+00
3.587085992429690062e+00
6.599729617349315625e+00
9.865413588998419581e-01
2.267838220181848996e+00
2.629153829435744605e+00
1.136646158301688025e+01
1.877159419002257135e+00
6.180222956601671314e+00
4.449100508952475330e+00
3.901109653462935256e+00
1.822086483317453931e+00
3.479403846757195495e+00
2.696446095244823482e+00
3.439873510881594765e+00
4.426316947131549107e+00
5.921277155793948310e+00
4.899303893603736526e+00
4.538639262866612789e+00
1.746832199829090104e+00
1.921653561662707954e+00
2.699587602381364526e+00
6.363789168609342184e+00
2.628842193125088933e+00
3.890960964421584123e+00
1.900837452415452544e+00
1.338669276328784630e+00
5.212079356459202728e+00
3.327680582272063869e+00
2.106891427445882758e+00
2.706216330170865270e+00
9.664282192233709878e+00
1.705234486944471550e+00
6.601014136960578149e+00
2.779185416982599133e+00
6.233543463930327100e+00
2.283972671626420592e+00
8.790513022480438421e-01
7.891873974194334451e+00
2.170782062205394158e+00
4.797762027590023237e+00
4.414676642687533903e-01
2.871218700140220292e+00
1.039740450409393224e+00
3.083200453237471717e+00
3.333257613407702991e+00
4.095570055999376180e+00
4.513992442100751568e+00
2.988598196806335761e+00
2.371656160311511385e+00
4.656825749287325955e+00
3.234281116301890968e+00
2.813201259917790686e+00
2.882869567229179086e+00
5.817643209424672612e+00
4.607519912774380444e+00
1.199518262091456178e+00
1.917872444804677112e+00
1.946449514376389356e+00
1.834613325803950090e+00
6.709243433477661833e-01
2.998165206368439861e+00
5.282789196137161802e+00
3.182265775477498337e+00
1.740348733340265852e+00
1.294224901651989112e+00
2.233077448281523214e+00
2.781218407344927535e+00
5.149906673518257705e+00
2.506909360643986950e+00
1.974773150093539931e+00
1.038181450560160979e+00
1.569519439906102098e+00
8.817956075864369581e+00
2.941448767012957877e+00
1.483132723218789861e+00
1.482620930398194314e+00
1.634722077917514893e+00
2.926958794635321492e+00
2.322228437054837613e+00
6.875479031803976682e+00
2.509528085720970747e+00
3.653431357004749636e+00
3.503936213351685147e+00
2.873547794573724001e+00
3.595676018448341171e+00
1.038672484611874225e+01
2.042710349800454850e+00
7.222895590322124804e+00
7.722157924600803192e-01
2.460655503530922328e+00
5.199662576874254372e-01
2.682363332178658855e+00
5.558928982255039841e+00
3.083687396187698493e+00
4.604930060195361330e-01
2.997677475819225279e+00
2.814488143112673590e+00
1.804742148038386285e+00
2.141787340532202766e+00
3.872304530165814995e+00
1.607323965337445593e+00
1.503918271312157273e+00
2.057569359541593368e+00
2.929221018194459347e+00
5.941082459933045179e+00
1.316014415902081680e+00
2.935800297520869684e+00
2.823088590818766619e+00
4.009385610542041789e+00
4.093746569770535970e+00
1.944699233599517685e+00
2.217271321675721829e+00
4.709923980207746830e+00
6.828521156126323710e+00
3.683971057844244168e+00
1.807908242397286758e+00
4.379140684962519181e+00
5.918838554268090135e+00
3.025934571680110041e-01
1.314356729652629063e+00
1.206247258975073011e+00
2.611258653766903137e+00
2.348839979771656594e+00
1.668914116730481512e+00
2.775500857807933208e+00
5.657848337455503085e+00
4.004916557772656205e+00
2.281666162269979203e+00
1.304626550704956589e+00
2.966051620671581457e+00
3.044135565253727638e+00
5.487467123068835662e+00
5.872241188680232149e+00
1.647664866835179209e+00
5.423882305145806271e+00
1.962689361490814965e+00
7.491678215064381696e+00
3.011124933323179320e+00
8.839983102873585352e+00
1.885808559124147576e+00
7.765128870312172360e-01
2.596020319566919365e+00
9.809442496643494991e+00
3.633870245951347222e+00
3.800509343034933263e+00
1.641277546953217481e+00
5.427239967496762851e+00
5.767390466944253724e+00
5.918135380314344829e+00
1.872238097925058131e+00
6.537977753994363983e-01
6.094379143213531691e+00
1.427119649762278453e+00
7.277972417256865612e+00
2.267974224516181359e+00
1.713719165510532605e+00
4.536817313406530938e-01
1.560447922949053101e+00
2.878829472307384396e+00
1.554321930916558792e+00
3.733018240108743946e+00
1.010847540534176137e+00
1.786091331799630755e+00
2.542962971312209497e+00
4.664496432339547916e+00
4.201301081514172253e+00
2.330621391680419485e+00
4.972966690098476583e+00
3.270082262956606645e+00
2.180790194209517807e+00
4.075367794909001695e+00
1.740832802898859555e+00
2.338845595879496031e+00
1.393476529627518667e+00
2.268736265165945287e+00
3.098958316112324862e+00
7.655834670170731826e+00
1.392692224622231301e+00
5.389103187729155309e+00
3.630591764139337929e+00
6.715613893289905434e+00
5.909029824194964142e+00
5.560019006493768678e+00
3.068752875084014065e+00
1.650485743172839914e+00
5.987144574107271744e+00
6.383873612423121457e+00
1.697515489192914506e+00
2.796408149372036078e+00
9.908585824839529765e-01
6.553831780455446676e+00
5.426584520264158051e+00
4.482922126628431592e+00
1.228637501597322323e+00
1.473255136942885013e+00
1.079915744235972808e+00
1.478935292370514798e+00
8.786993772035147643e-01
2.865769460916146372e+00
1.629275771441787146e+00
3.811680404942004774e+00
3.172443119934505784e+00
1.308790420801489329e+00
5.884407767657745758e+00
7.432517663863078994e+00
7.399986654464465907e+00
1.151856605520780841e+00
3.754065914969330731e+00
5.298990244794111071e+00
1.124581437260723238e+00
1.991750208149728696e+00
1.632298018743254087e+00
1.435944909003197489e+00
1.718274473879566999e+00
2.999708711185598897e+00
2.440988139195516826e+00
3.415091714363844844e+00
1.604227005034216891e+00
7.669681019155314416e+00
3.117574248132444659e+00
2.285102250483914244e+00
7.745016104357715925e+00
1.159171654066739166e+01
1.621429265313066415e+00
3.100776841373484860e+00
1.291691518289846075e+00
2.273473102185501027e+00
2.822259426662114823e+00
4.185351818290176773e+00
1.677310978752504234e+00
6.985160094590271207e+00
1.605919403626459907e+00
9.576359690214992781e-01
6.012509885514070618e+00
5.465457158707077712e-01
3.319499550222926754e+00
2.443895311555299710e+00
2.241892710232948893e+00
5.988431774766817206e+00
1.873144987792239924e+00
1.127328893626197370e+01
7.644836206574987081e+00
8.434923605452742112e-01
4.863163958055362279e+00
1.595693961759321988e+00
5.738361022162417058e+00
3.138480139042141737e+00
4.235574174202244357e+00
5.074970562067535162e+00
1.208577193237450942e+00
3.919236321174024429e+00
9.985119211208461909e-01
3.861954451996184368e+00
7.900325025245523491e+00
2.855806778014625014e+00
3.148050555991270816e+00
5.373764577644027263e+00
4.978725429461202667e-01
6.350591142053243487e+00
5.619134602854640725e+00
2.743947145998023807e+00
3.001750228676335563e+00
9.221283855633723547e+00
3.231312686282321600e+00
3.782902709547194764e+00
6.794998212163246620e+00
6.009776091059162439e-01
1.098325900386500686e+00
7.748781091748640826e+00
3.142444607954723690e+00
3.910664632389989404e+00
1.285999299448548516e+00
6.671382615881557676e+00
1.399634772004128447e+00
2.230006243587907555e+00
1.510636755621455496e+00
1.690123720425890763e+00
1.886264787772536033e+00
1.882879169641543227e+00
4.244333833829153413e+00
4.566001920451268958e+00
6.410399562483922731e-01
1.902759825809572147e+00
5.020771115963647446e+00
3.831407585297395446e+00
2.238573826988865978e+00
1.726246789928689518e+00
3.289388762716447090e+00
4.536086955384772135e-01
1.005497651089667777e+01
3.070207331591431110e+00
5.053130360545868172e+00
4.762775450648492281e+00
2.255310346352758177e+00
4.119851901013650064e+00
1.460965128453456385e+00
2.176473232217108755e+00
3.271768946459077121e+00
3.060782964772964299e+00
1.367267901877275094e+00
3.496971070021414718e+00
2.742870131238147380e+00
2.663265285424697204e+00
1.680261397869722728e+00
2.735502179588455984e+00
1.031486178808300203e+01
1.402010345087992826e+00
2.166890006139680747e+00
1.736289998872778462e+00
5.662521571895076100e+00
1.117323862106597288e+00
2.462383748247301440e+00
4.487309533510054571e+00
5.358572861007117716e+00
5.032947336301523578e+00
2.678854731632405173e+00
6.347819349294403501e+00
5.686650743105764683e+00
1.433141213648820633e+00
6.108822284371415279e+00
3.418246788376818390e+00
2.335826231800991692e+00
1.424980612892081666e+00
7.269197341415282843e+00
5.954394320588324518e+00
3.204541349818014861e+00
5.324275869654858440e+00
2.327037142380115053e+00
1.767514630214115812e+00
1.799521145245212894e+00
6.993427819903393683e+00
2.908462859644986853e+00
2.946700445675179747e+00
6.551563833789196600e+00
1.739599478733864446e+00
1.621656599414901923e+00
3.944804159043266090e+00
1.255983970876247247e+00
2.346944210640841799e+00
3.491693392929887008e+00
3.062281788015955630e+00
3.941973185005427371e+00
2.127656083880936411e+00
7.010604670226020296e+00
4.503612381633554484e+00
2.221692629692439080e+00
1.645615773123965120e+00
2.382664418677901796e+00
3.955988865203663440e+00
4.984670909902389369e+00
3.257323729831187453e+00
3.469175341862092754e+00
5.803636886986492271e+00
9.312042714754437123e-01
1.359656209465700316e+00
1.811823762324840548e+00
5.723242132248254066e+00
4.482389590593295559e+00
2.670545862418693961e+00
3.240336524719104716e+00
1.253806176009387263e+00
3.325080793749851438e+00
2.515747707518584342e+00
9.556489018496222565e-01
1.195968355112488268e+01
1.115146919633179134e+00
2.916403430948272479e+00
2.165016752567639369e+00
5.729021037370606528e+00
8.430310615722005352e+00
2.043834917770143367e+00
2.821074965475909746e+00
3.974278334957014103e+00
6.481399945800752072e+00
1.033512542163555370e+00
2.757076431196050059e+00
1.670402756587546111e+00
2.121248551232215451e+00
6.252283541798523636e+00
1.482912442432599009e+00
2.327356565454569370e+00
4.404659905471889125e+00
5.045495348090108578e+00
1.092614298589899446e+00
3.088257000532990570e+00
2.456891707701222227e+00
4.930178234514254854e+00
1.525234388500278149e+00
2.016092622705521364e+00
4.981025207835592994e+00
2.550894581032198793e+00
5.842052455647590570e+00
3.630924713985972385e+00
3.996251664557731953e+00
2.728342979930409307e+00
2.167084900949936888e+00
5.663357814635533671e+00
6.116168385838039789e+00
4.941710396716358034e+00
1.565995040239647640e+00
4.455974842003241676e+00
3.668265684153221073e+00
1.154214629445052376e+00
6.218583151274313936e-01
4.084851115130756938e+00
5.150229700979726211e+00
1.311992808380108677e+00
3.299655796622155801e+00
4.130995592696204533e+00
4.931543176964518160e+00
9.287172914971613125e-01
2.753341696815186701e+00
3.524958013934540446e+00
1.177644359622258108e+00
6.111814549231703531e+00
2.809056194797895145e+00
9.805984740859422510e-01
1.628499812941436753e+00
1.644458332958607549e+00
3.520139496898203824e+00
2.448197946127124158e+00
2.793064876586796697e+00
3.779908664639985538e+00
1.884465999771174127e+00
2.825644107859460519e+00
6.101444880489208522e+00
6.161739417301280719e-01
3.975544981451400783e+00
6.842167868721483082e+00
4.009097647404441744e+00
1.293906526204498864e+00
1.316816336995439984e+00
8.137280276394028178e+00
9.264099735823346782e-01
1.219215177875898393e+00
1.290746266179227275e+00
2.313605757226470327e+00
2.948920366544116156e+00
3.623759554137340189e+00
8.976824629305436787e+00
1.209248461798358987e+00
2.738855649387864410e+00
1.631674793687093894e+00
1.560375223199339745e+00
5.768849215551776766e+00
2.043056709438417773e+00
5.621451458936483014e+00
5.633681824222698253e+00
4.616107365946811925e+00
2.661140217296979582e+00
9.006580919257910489e-01
4.685862455609806965e+00
5.353189428188644072e+00
2.061330033407794193e+00
8.009334031340092253e+00
1.397658959379527888e+00
3.854020322985532765e+00
3.566625513124638047e+00
1.966073661553548124e+00
2.515599495973463107e+00
2.333584519882256902e+00
1.693000246312938550e+00
4.692673341644670870e+00
4.559984039774224840e+00
3.735070336648177225e+00
3.887143299055773049e+00
4.361689105398010469e+00
1.414498563036808987e+00
1.624824568596911822e+00
6.627327063526011308e+00
1.608998913111285844e+00
2.855973831696585474e+00
2.236092147783851569e+00
2.459513555064975154e+00
2.664522286938442175e+00
6.136388715954674389e+00
9.214150879055855725e+00
3.168528824647020681e+00
2.119748765742482277e+00
2.621760955666494919e+00
1.993260076012407733e+00
5.577174283053209614e+00
7.273363466417941403e+00
3.400146514804802678e+00
2.540174744465044210e+00
5.997268710344757281e+00
3.513434994717377968e+00
3.740767967120903759e+00
5.640995876878167614e+00
3.798390160424871986e+00
2.906353351316713685e+00
3.421435150890238752e+00
2.618528604983710650e+00
5.676034793713007787e+00
2.449369253587894146e+00
5.986874379189783824e+00
1.789636578079182083e+00
5.110883927710875518e+00
4.061425362102307091e+00
7.473559805240221898e+00
1.262120874653065439e+00
7.276647621320717629e-01
6.279299222865775576e+00
1.421753482390137213e+00
4.383069161298056571e-01
4.093924095466260127e+00
3.320101954270870959e+00
1.643343987370722958e+00
2.094079772183659927e+00
3.514760499627702650e+00
7.020840639176472164e-01
2.889207168718495478e+00
2.742441678125159044e+00
3.794765227358939175e+00
8.784223643337426779e+00
1.355426531573835192e+00
2.058736872217277192e+00
6.129929072250995148e+00
2.114267231407099157e+00
2.474881473123646369e+00
2.760695094433882613e+00
1.104568278390122726e+00
3.540706853820540179e+00
4.550695398606780628e+00
7.186710073646608521e+00
2.209227260679924143e+00
9.608061829342361193e+00
3.039687069144901610e+00
3.786630442103230632e+00
4.627777317765239928e+00
2.154939092650115295e+00
5.199014133984316111e+00
4.083084936350839023e+00
2.744925893008138829e+00
9.910252684519619493e+00
3.595282603696512425e+00
1.859067492304821601e+00
2.038513428323414534e+00
1.808159318702589946e+00
1.558103403830042977e+00
1.398636890117623377e+00
3.267501490048123181e+00
4.643727344754406516e+00
1.981355032364352731e+00
9.800602758616502319e-01
1.443425141164600189e+00
1.825328920901272856e+00
5.092711483348526524e-01
1.299683550546211208e+00
5.380175630003907195e+00
2.168307611052890937e+00
4.432109458646952049e+00
5.740866280431306201e+00
3.334886747436490939e+00
1.604153810618286435e+00
2.296694555733806542e+00
1.659990138459845443e+00
4.786369922527898169e+00
1.366444562014418329e+00
1.706175660168744557e+00
3.426174200529934044e+00
2.023527394203332719e+00
2.994999568780029264e+00
3.045705156377465528e+00
3.828025754570886008e+00
8.002900817749249995e-01
2.828126290142944033e+00
6.195658585960443610e+00
7.852670105183306326e+00
2.587306859697453110e+00
2.374500745169848326e+00
8.959631597333178599e-01
2.451842899227910433e+00
3.120580826448281719e+00
1.329821270388285681e+00
2.705472042436688707e+00
5.899101908374327907e-01
3.324582977222191538e+00
8.080067297098008083e-01
2.081078766904891797e+00
4.065854286504892556e+00
1.628391596677908115e+00
2.642044825391317797e+00
2.613830740338652703e+00
3.651577134151867465e+00
7.170625717681725630e-01
3.516568582956204114e+00
6.557401097229067055e+00
2.719379174289110690e+00
1.746921206018934747e+00
5.919353878895267762e+00
2.927180006202317220e+00
6.480105983268845016e+00
2.502941014824599630e+00
4.501895653037115252e+00
3.323309390647597006e+00
1.737577725970205655e+00
3.349895989402377872e+00
8.313751947614232973e-01
3.162462256142787531e+00
1.075850698267028394e+00
6.829492167728957952e+00
3.620251046671214556e+00
1.676941683478402778e+00
5.390061760043812100e+00
6.767893662061070792e-01
3.642658083326424379e+00
3.041512251424150826e+00
8.689451432597776304e+00
3.121276310467360204e+00
1.760578291222934855e+00
5.142417069687132525e+00
1.514053031243758562e+00
5.968926024752248871e+00
4.770567070860946224e+00
2.374555067469361180e+00
2.722637261917684182e+00
3.194138940485074407e+00
6.605986771786414913e+00
1.964924247941790769e+00
5.516221591622343379e-01
1.997536802690882407e+00
6.761299122023355368e-01
1.934041453780715125e+00
2.797075473968801074e+00
9.786961163128355068e+00
1.616525996687844469e+00
2.518618519699846292e+00
1.579316880868605555e+00
4.397763093292927472e+00
7.238289688582272285e-01
7.063736819606197592e+00
4.205798262057386161e+00
9.888917757473897341e-01
3.246648905662731899e+00
4.635146672695882764e+00
2.482216782566056157e+00
4.292679273479307334e-01
5.874680240514975615e+00
6.516131161152669549e+00
1.329028046821328246e+00
2.460349761990318740e+00
1.823169487927748245e+00
1.663813107147768200e+00
2.693749133694260500e+00
1.297063264224823875e+00
2.593525617608017253e+00
1.976463893132209826e+00
4.821235232700225026e+00
1.750838185832170213e+00
1.502003883440042653e+00
4.464089874092691979e+00
6.170143920614011179e+00
5.297161325411241517e-01
2.265153601516591397e+00
2.629310097070656216e+00
3.050861945798468255e+00
1.253183367389526559e+01
3.154680266555195622e+00
6.761418181589170295e+00
9.299918252872694246e-01
2.813658421531118226e+00
5.268484467223343293e-01
4.296335633517855079e+00
9.012844855979711411e-01
4.237860203182465035e+00
4.809397381258255777e+00
4.048130583299741403e+00
2.908497833117876130e+00
1.109000848266415096e+00
4.270628141337827977e+00
2.243775563429288411e+00
1.231254842929646154e+00
2.400728930393897897e+00
3.966742389025680549e+00
2.405905281992346101e+00
2.674637070047704679e+00
4.564448873457172873e+00
2.043838317456060150e+00
1.808153968621312391e+00
1.414606939742929281e+00
1.825820498830058147e+00
4.807426759346951073e+00
2.293879701604077059e+00
8.976061920353199941e-01
5.731272321362738786e+00
1.944454522981326372e+00
1.698164193950560286e+00
1.962871720921297802e+00
2.372398721169700853e+00
3.762904777232463083e+00
1.713577787351482140e+00
3.575127623516955566e+00
1.433786629255818346e+00
7.793471064895933775e-01
1.496397237498207966e+00
1.244608748469200776e+00
9.654394328805725678e+00
1.981464222599256919e+00
4.173240149101833829e+00
2.919921121085783167e+00
5.850285220659892538e+00
4.206626715624653734e+00
3.073876636318123357e+00
3.072147738242050341e+00
2.546291210549175510e+00
5.175526755136737656e+00
4.713797081369869524e+00
8.859668207600069900e-01
8.461378673010377938e+00
5.294524865374001799e+00
1.205705779242364661e+00
6.767519706703456706e+00
1.675590644833045317e+00
2.477814006764207377e+00
5.998081269479163424e+00
4.849001562465216075e+00
3.377093975003996107e+00
2.064187324068366802e+00
4.954382080762349538e+00
3.204597310207169425e+00
5.113044415746654359e+00
8.597887885818845666e-01
2.857626155023798020e+00
7.245568837569398291e+00
1.557990302535201543e+00
6.704923289638964334e+00
6.262819161632581455e+00
6.345639267401865347e+00
2.870572741224189262e+00
4.037842421925759595e+00
5.703299229241618917e+00
7.707923912098861408e+00
4.684779593638682016e+00
2.553317054394733443e+00
1.395313777505397868e+00
6.000796243201705238e+00
1.686126377383430297e+00
2.046970162155859363e+00
1.901372012372203990e+00
2.436359711020060104e+00
5.480802696004670516e+00
2.800004534524380695e+00
3.414721617483152727e+00
6.739538661479273607e+00
6.597475481715706636e+00
2.898848969157834521e+00
1.673423223864292764e+00
2.170729531473245821e-01
1.564465073527937289e+00
1.658285799112105829e+00
5.759801751072877174e+00
6.185883040832917956e+00
5.322599924645031066e+00
3.508740803453920698e+00
6.873338744889901264e+00
5.433237016724508095e+00
2.381881330407705999e+00
6.192070517599036705e+00
5.155511897700219670e+00
1.791597283738403323e+00
5.045694705917955325e+00
4.619611124431879823e+00
9.597328111836711528e-01
1.454591845202255262e+00
1.281025273583058288e+00
2.220790979180750302e+00
1.777821514018544047e+00
2.560599694836017903e+00
2.730420993585071177e+00
5.023985140856376042e+00
1.799834398205540920e+00
1.180279100578121909e+00
6.037656940193025790e+00
3.403348442259614082e+00
4.945899387978585082e+00
3.862744622677881878e+00
2.139498903034401600e+00
8.634928860574373033e+00
6.898643964344233215e-01
2.681149238055427819e+00
2.319173345809830700e+00
1.553228052355055899e+00
4.231107736236129568e+00
4.949308931738720219e+00
4.902923540760400378e+00
4.051319656031047600e+00
3.575516948624345659e+00
2.349003942521306509e+00
6.370675294160085045e+00
4.403064748133029838e+00
2.005643563900462389e+00
1.364341827095959969e+00
2.020248604973129858e+00
8.260200570396648345e+00
5.891672439312324094e+00
1.053539884336842203e+00
1.684361988997328918e+00
2.952291805944759595e+00
6.228268354773996762e+00
5.082114013723371571e+00
2.458727181614528856e+00
5.583096223569306460e+00
7.443279937000691904e-01
3.499120450488418133e+00
1.475545831012339049e+00
7.154225005922256742e+00
1.320503898277138211e+00
1.028295665735637066e+01
3.866890145014933999e+00
4.092228919879397964e+00
2.474330495346133141e+00
7.401156434237414317e+00
1.693170761359769738e+00
2.809500246982649774e+00
1.608857000592691655e+00
6.099759749931271458e+00
1.688433440705917832e+00
1.046396511345115776e+01
2.659589762158407034e+00
5.316079368021079610e+00
1.631031402393770646e+00
2.465157448435858711e+00
4.054385070128972757e+00
3.414416417256351366e+00
4.703638360506345428e+00
2.354043545638043522e+00
2.323293249381163772e+00
6.308147308368628359e+00
2.377354666200565403e-01
3.928990933155255938e+00
2.848279066891826972e+00
2.219857395178955528e+00
3.056537877643516143e+00
2.721918519974769524e+00
6.896633542480541834e+00
6.473442969347184217e+00
3.571474663670824334e+00
2.009734077707023392e+00
2.532201994761935637e+00
2.102085678719727735e+00
1.537165937983005604e+00
6.307059377784000276e+00
2.363617513598855080e+00
1.918210704472852468e+00
8.257679444938371915e+00
8.546090407402108013e+00
1.869102124443879465e+00
1.566598402776068433e+00
1.523243050637514528e+00
1.845865570237983144e+00
6.453408217871173136e+00
5.615337605629928674e+00
5.998850930074708820e+00
2.780576774336715573e+00
2.271293891400964604e+00
6.210316789648291369e+00
1.225837483653277937e+00
2.413337571502173873e+00
2.225782256052878605e+00
1.280507615187498782e+00
1.829888018184756326e+00
1.273472133322514965e+00
2.350162059579272711e+00
3.424812429375788447e+00
2.759592963809391453e+00
5.720211702081262617e-01
6.018818927956969489e+00
5.568545853044163607e+00
1.312081566270518751e+00
1.509812427659265266e+00
2.404906722573713740e+00
3.023474311812834880e+00
1.458033634182221094e+00
2.364506541198091227e+00
1.072824148728608318e+00
5.625150351646577285e+00
2.315589107412056702e+00
1.068605503329847295e+01
2.041346668260108910e+00
6.273056784435540045e+00
2.256041819791743119e+00
4.666903377706607792e+00
9.438481399862533872e-01
5.634441544942903946e+00
4.392563373438887808e+00
3.181359862888100132e+00
3.730612919841295838e+00
4.210461614940074426e+00
1.667023419434853881e+00
3.233399943198471682e+00
4.119712067459047056e+00
6.434277933884622769e+00
4.593549095331815657e+00
2.158589772442686794e+00
2.312618408472823184e+00
6.212819919229522370e+00
3.793388435879812448e+00
1.301132666943905569e+01
2.588907768732658266e+00
1.189192552180609486e+00
1.654343737106870771e+00
5.847455112546334988e+00
5.283227588334664659e+00
2.396078315189348995e+00
2.052304632069308354e+00
2.668840490883165550e+00
1.586572047375427452e+00
7.835867704342547313e+00
1.561909080358513835e+00
2.283701589402787668e+00
2.771777430277046483e-01
2.443289615960154482e+00
1.855231409170555512e+00
4.418008414752013557e+00
7.351364224544969517e+00
3.618851414492538332e+00
1.068608432663218588e+00
8.355073836125576747e+00
2.724877862186453115e+00
2.380557995041312935e+00
3.331517544542504261e+00
3.406807416339394212e+00
4.985608285206056145e+00
2.063207287091222586e+00
8.902936755156456883e+00
1.292480373886275347e+00
7.980983389985548904e+00
1.368766821480925877e+00
3.901337056711741358e+00
3.785265596389967069e+00
1.536088603867586944e+00
3.978156279188216349e+00
1.655006159760673778e+00
2.490448402995923072e+00
7.215258446947644622e+00
5.206249703825457154e+00
3.265663500840083167e+00
2.523817776208696184e+00
6.761098681911589914e+00
2.917396139169198044e+00
2.064693496016805074e+00
5.847932910246762539e+00
7.503736688060989479e+00
3.919009543302521603e+00
3.546798366338872910e+00
2.569534286377393784e+00
1.382705672222823701e+00
4.707846661370702179e+00
2.846115580812034640e+00
1.827029476819300946e+00
4.204321046254074545e+00
2.004496101036657763e+00
1.041161842388831360e+00
1.531036730258242384e+00
7.564486035247717233e+00
1.475414048416485047e+00
3.889457639378346876e+00
1.357454723047066825e+00
4.609261161712522537e+00
1.714135868077625968e+00
5.638221501297433491e+00
5.723053732879569644e+00
1.540642612834386638e+00
5.459993760885416769e+00
5.686048462365221212e+00
1.735138724490430162e+00
1.562839008348830383e+00
1.994527996460537134e+00
5.021065275376009218e+00
2.274212533235209666e+00
5.437758363031074182e+00
3.734199173262083171e+00
3.121378040912664797e+00
8.393401489019635120e-01
2.828524314670425532e+00
8.244474014001155204e-01
6.035531969905091998e+00
9.310155686229798500e-01
1.170494143597157644e+00
3.138335946231530116e+00
1.547723270552788577e+00
1.581134325847467492e+00
2.391712997438406152e+00
5.774143783354832582e-01
5.356795196100469170e+00
2.316540578271123696e+00
1.130433517268541577e+00
1.091711212123608554e+00
2.564137219562926173e+00
3.234897970155516056e+00
1.316263392436777480e+00
5.445052414994006051e-01
1.641697238986286500e+00
2.017959168399504843e+00
2.179286687918881582e-01
3.533008572400090586e+00
6.413684889383876708e+00
1.845085494499326462e+00
1.711474368093055753e+00
1.043600730752856087e+00
1.951248323122705575e+00
3.784812805086386955e+00
1.078899808855646114e+01
5.099791827538007638e+00
5.737754063605627231e+00
3.228360162733910244e+00
1.507632150555842543e+00
2.203190288341037917e+00
6.013274755878866173e+00
2.795803075221718448e+00
1.785668379792198612e+00
2.875359722731918311e+00
3.800751051483372667e+00
3.308101548916943635e+00
2.280281287591662931e+00
6.501194718436683395e+00
5.650010975239484701e+00
4.508114961865143933e+00
5.216204362560839414e+00
2.142708173458012677e+00
1.623274319654297360e+00
3.531160677976029838e+00
5.054906649514390171e-01
4.357475874129086435e+00
3.780944506171089348e+00
4.976681528678865263e+00
3.691247574422379163e+00
8.538265669841363703e+00
3.552588016659376624e+00
1.364105742454605696e+00
1.453524971357531115e+00
4.931935885482645610e+00
4.393264632228881972e+00
1.862983381649554016e+00
1.553675505287138270e+00
2.844568235101065490e+00
5.812090620974817767e+00
3.878073526543826421e+00
7.869889707118431943e+00
1.725040987504187440e+00
1.794196177179822049e+00
2.762013313964546413e+00
2.678607302902304532e+00
4.060104978447909296e+00
7.790630481204432911e+00
6.014042288823118199e-01
3.264898457209217231e+00
1.343003353670209732e+00
1.629998999131108572e+00
6.772389495648074131e+00
9.649943452225188123e-01
1.133997199748009166e+00
2.740199810154181126e+00
8.017561894416209700e-01
4.860524524631024690e+00
5.751110183753537219e-01
3.113778583100989650e+00
6.054244963356030240e+00
4.287660852465505990e+00
1.205970928088171190e+00
1.484284581126143809e+00
1.463972522596089565e+00
1.393047367095132216e+00
1.085579519055904774e+00
1.977677875520808648e+00
3.961456302879247993e+00
4.524153664948893372e+00
2.759993286969563364e+00
2.175437280672274820e+00
1.441986880359477308e+00
4.830020732904447556e+00
1.582562117302102722e+00
2.180632669957145442e+00
1.379576885173458001e+00
2.418899008094288483e+00
1.495306127341094138e+00
3.746941509508917356e+00
7.380044054132410380e+00
1.506724700793017790e+00
1.841797662472938413e+00
3.252462798326799742e+00
1.056860349117774689e+01
6.507653697535241699e-01
3.567508642301639998e+00
5.707266740376501168e+00
9.308163388213587908e+00
6.812868228217071609e-01
2.941621659076839368e+00
2.130210325133552018e+00
1.099193964441989690e+00
2.790365118630125707e+00
2.415009295338199635e+00
3.183411251783271556e+00
1.771901271778685061e+00
1.287495260850390011e+00
2.726462798747126381e+00
1.963778420561355764e+00
1.233551146628760753e+00
2.316718780690512958e+00
2.566438163069450162e+00
1.968199802862589332e+00
9.281380294871215852e+00
1.149974995657670807e+00
7.890656288291993115e-02
4.019864802957989980e+00
2.592207356301466703e+00
1.722617615200465080e+00
4.375857074391785062e+00
1.870904210326721717e+00
6.154901641809401802e+00
2.383037359945441303e+00
1.725229784412266598e+00
3.757154833163729890e+00
4.285233377228966134e+00
2.501736568313934317e+00
5.608687294244241173e+00
2.760689347964005336e+00
7.635082696781009481e+00
5.301264734105649801e+00
9.280570096373569333e-01
2.876252156570228813e+00
5.536873978486837267e+00
2.358804310368884494e+00
3.136403706790006574e+00
9.901753901455601081e-01
2.986183150001956665e+00
2.196720142649724039e+00
3.479448747219945126e+00
4.355374353843465940e+00
2.615176656701008628e+00
1.709149407532136955e+00
3.419089707006023104e+00
3.859317316261136277e+00
3.137180330637135306e+00
3.582944467308231573e+00
6.256732367467154887e+00
2.223516348760637307e+00
8.407423977899330936e+00
1.986709523212756512e+00
4.340335678595469204e+00
3.228468228914915361e+00
3.936901153159781952e+00
1.106304515105979824e+00
1.461851258606056581e+00
1.991196726324419242e+00
2.543224498418674706e+00
3.971048338909094255e+00
4.044566141427060835e+00
7.351774257957949033e+00
1.744507657836045666e+00
7.781501791315448280e-01
1.342233740121197227e+00
2.094676084070388633e+00
3.799905283892438312e+00
6.077952748108497616e+00
1.036501984240492291e+01
1.579969075587350336e+00
7.691528515188226223e+00
3.577716034442691484e+00
3.215576517638702114e+00
3.943789902190033558e+00
5.050572309264449444e-01
6.214476901972281198e+00
2.898038733029955516e+00
4.238158755271829392e+00
2.850713913093719576e+00
7.436700577087782094e+00
1.619068777356851063e+00
3.297803385205060778e+00
6.216927395490671415e+00
2.589265695129833400e+00
2.489590304294157619e+00
1.737142739814557357e+00
4.671320400261359751e+00
1.051589821942168435e+00
5.615259019903620086e+00
3.561377748481668437e+00
2.010297048344449333e+00
1.952934448378899068e+00
1.496115561806268923e+00
6.544520446906753719e+00
2.092922137050775788e+00
2.561586681732819226e+00
4.171022011715541211e+00
3.579347002944160749e+00
2.710736395046480229e+00
2.823168274622851914e+00
5.899901588544606668e+00
8.318568785578713820e-01
5.171295515889322125e+00
1.011550784625386168e+00
4.767225749713029259e+00
4.338042488821296949e+00
7.538165013339936937e-01
2.622559953658195386e+00
9.964085225095067333e-01
1.039903997376357525e+00
2.850608210364894202e+00
1.766493500077747969e+00
1.301598363552253224e+00
6.585726370569568111e+00
4.702632587121118313e+00
9.795566705522410489e-01
3.827066596358367878e+00
1.556610142662021135e+00
4.586364738990889478e+00
6.254688504309963371e+00
4.300168749897610887e+00
5.034782485535227892e+00
8.044450457873461247e+00
5.913921303904358773e+00
7.816884079046479972e-01
4.241248308947799472e+00
6.716142283801839197e-01
3.168138438623804287e+00
1.598110832963652417e+00
8.893203759334789016e-01
5.461683421692763218e+00
1.134761678141693375e+00
7.727328912700517360e-01
1.357669080097659409e+00
3.422002237481944320e+00
2.872651356114495957e+00
3.800441332189623989e+00
2.521588327792111617e+00
1.766089256625139159e+00
1.629404750949835057e+00
3.801613793858258372e+00
2.218994846784061892e+00
1.365893977743753096e+00
5.860794997570531351e+00
1.883914246234452250e+00
4.113244872273849495e+00
5.631814959386445274e+00
7.805058680099683066e+00
4.348369279319067360e+00
9.941134776439666254e+00
1.501622668065052180e+00
1.356354921209541819e+00
1.206337263576598096e+00
7.207556629650433422e+00
5.166474091604154495e+00
1.572040142361445181e+00
2.743544343310500011e+00
5.684258006877033864e+00
6.576598238551727427e-01
2.291357460942264446e+00
1.713401562403548128e+00
2.794609952471931891e+00
3.225426039859576655e+00
3.727788912420860079e+00
6.961824619679797266e+00
8.609929063576787556e+00
2.004367339660294789e+00
2.787944661291424264e+00
4.691854121127214228e+00
2.542549821433765178e+00
2.288975455147592708e+00
4.968865548977936086e+00
2.003551052460768478e+00
4.579891560600970024e+00
2.775905009422548808e+00
5.217498427260010452e+00
3.374836744091020413e-01
1.553676531637798508e+00
1.494033135466684481e+00
6.175357528108763816e+00
7.207179296398387613e+00
3.489976422088559627e+00
5.614080497019981131e+00
2.291837353795386889e+00
2.471859999238999794e+00
1.950703142067462981e+00
6.679509825153464142e+00
4.648941979844280148e+00
6.275439818054026064e-01
4.084994347156690075e+00
2.245751747351666605e+00
1.770261676856557775e+00
3.366588556795121701e+00
4.321387623594622696e+00
1.736761414746840870e+00
2.709680542247956403e+00
9.098211541981293671e-01
7.528508307650240816e+00
1.598186778106603700e+00
5.033076177522397998e+00
8.894414192750950576e+00
3.453382193196866456e+00
5.147125116534701839e+00
2.689340571215365738e+00
5.729127621789966263e+00
3.787686445457283835e+00
5.707676889803967590e+00
2.192135710827746387e+00
4.417111072093205415e+00
2.401603251019914786e+00
2.129570002282330066e+00
6.078097343609781156e+00
2.321150391586699779e+00
2.413825460705605330e+00
5.486406564367604766e+00
4.228996976469129088e+00
1.577085760144960158e+00
3.903542068089862926e+00
1.370471368954971680e+00
2.592118650836503058e+00
3.751009567652034415e-01
3.500449614834822309e+00
2.967039857040579598e+00
1.142513329878290573e+00
3.539872178069768172e+00
1.189399561516198744e+00
7.269378376108626139e-01
3.249539583658675124e+00
2.101116865140676637e+00
5.053868179558004492e+00
5.211812193367647339e+00
8.143791878282833352e+00
2.618467025710217833e+00
5.630944769359109259e+00
4.204166145005396871e+00
1.160323606741152425e+00
5.269033516979488851e+00
1.946669332025715571e+00
3.195463783061900376e+00
6.436081510556816099e+00
5.951485884339514421e+00
4.646904641400334768e+00
4.654571525606632676e+00
8.193460012795062752e+00
1.236719387288857774e+00
2.951136557639817415e+00
5.796277764601580174e+00
7.327388699358127866e+00
2.347493107483558106e+00
6.372530296725160248e+00
2.062783593268746607e+00
5.189354389155147018e+00
1.195066418702263267e+00
4.200438029540151774e+00
2.745834678770180393e+00
2.910819542118559422e+00
6.161677078062005819e+00
7.340307555439060216e+00
6.385953719743188373e+00
2.880375197973901624e+00
3.139683237924744574e+00
2.744531850165117692e+00
1.427473661420915363e+00
1.957197342437097198e+00
3.081257749662142942e+00
7.327948462879586344e+00
6.258402739781936397e+00
1.584275179848578574e+00
6.221030043851505376e-01
5.961240674408137430e+00
1.169149833427792329e+00
4.723926110686446300e+00
4.187042516338150833e+00
7.567035395538370679e+00
2.247461820053253678e+00
2.213003015221379322e+00
4.443215825666151808e+00
5.091200483520807119e+00
2.686017796416022119e+00
2.095255376052300278e+00
2.975976156604309697e+00
7.937383176667417217e+00
2.698989892412278824e+00
7.055114624641670495e+00
1.084541167972230014e+01
4.909800633696987049e+00
2.534799433766686150e+00
5.595978661542430288e+00
4.434863222321897780e+00
1.137743406200453444e+00
6.021796679815251352e+00
8.445365234716504244e-01
1.589505784656817022e+00
1.267929373992543685e+00
5.070265267550433386e+00
5.928489189084784172e+00
2.177604581561662034e+00
7.028650237268172507e-01
1.473492815700333747e+00
3.002336604650438723e+00
5.744660126737010764e+00
5.209050232034647010e+00
6.359776684150070025e+00
3.140386413293695611e+00
4.661274723776694384e-01
2.211575494795449792e+00
5.006485764766910762e+00
5.906964326430483858e+00
8.625929632154729632e+00
3.400061187475091451e+00
4.156396974582356130e+00
1.937589199061343859e+00
3.283992409534254975e+00
3.482170661471614803e+00
1.664688852129393881e+00
2.954428510694153243e+00
4.614942085137785810e+00
3.746968346267674388e+00
3.960268527013643958e+00
1.899875708902521110e+00
1.586256790270852424e+00
4.347414804271486410e+00
2.880643135843983682e+00
1.307227691175678608e+00
6.001571280942396669e+00
4.257723442680847903e+00
7.617446546130103080e+00
1.909997047794454117e+00
4.346948153013374117e-01
6.309608471348692404e+00
4.661260376632929692e+00
2.587326302080218188e+00
4.772780176281719022e+00
1.811140229254706080e+00
4.393197825115253252e+00
3.134868787684345737e+00
5.361647130016208074e+00
1.649627578927852500e+00
2.077529447014106800e+00
6.534279784029410010e+00
1.282226795528862429e+00
4.688578847655374915e+00
1.666030887156719320e+00
3.873924748960637210e+00
1.970341746751080203e+00
4.301963728525923791e+00
2.967574356773948541e+00
6.061037886800559882e+00
1.602783718459291018e+00
4.705047260798240316e+00
2.204900085924829334e+00
1.535727259770646613e+00
5.765117816897002534e+00
2.694447536847244695e+00
5.563444104018567593e+00
1.155133981603710502e+00
3.763212483307094125e+00
1.888558062842208507e+00
3.135360475727094087e+00
1.762842449684980828e+00
5.706535560762253212e+00
5.352234245834781134e+00
4.162305537920421905e+00
1.024582433788145952e+00
4.414725953271747549e+00
2.202599525178165596e+00
1.050094251658180156e+00
3.889572694317139590e+00
5.027736741192689429e+00
5.263507131930322380e+00
6.122521999485865507e+00
3.261702071170748507e+00
5.822547618249595658e+00
1.103366207729915782e+00
4.744761601965924669e+00
1.412941524714516728e+00
5.768695687166677466e+00
1.651388683103979016e+00
2.492957093218656439e+00
3.478613422662558463e+00
2.538025902312697646e+00
1.057497235639225375e+00
4.917611453610632566e+00
3.500503699817969050e+00
1.610498539410319285e+00
6.679615262858050961e+00
5.211049435484300218e+00
2.448477387229844204e+00
2.291518144682551217e+00
4.477942249910016770e+00
1.556161501418902304e+00
2.548818954507288570e+00
1.412130902995333503e+00
1.556212791290716213e+00
1.753291842311930804e+00
1.792733034675985326e+00
2.538623050091608491e+00
5.498500956829914799e+00
1.134568851813625656e+00
6.244215392900318129e+00
1.653805327989461116e+00
3.718009901515599847e+00
1.756397150984715383e+00
4.666453838195713466e+00
2.422916617467627098e+00
1.123877358318937203e+00
2.332130962876353575e+00
6.198698228953802847e+00
2.755236244078231866e+00
1.002307478523156803e+01
2.656424366217505995e+00
2.677889229157997875e+00
8.017089173672300451e-01
2.974637364988833799e+00
1.337786577218600614e+00
6.356419433742635405e+00
1.452043606567142930e+00
3.432507885482825039e-01
6.399110938766530587e+00
1.746004890032491152e+00
3.234224712526575729e+00
1.681226473086365525e+00
2.845634906885712745e+00
6.516587366639630119e+00
7.405792444138072916e+00
4.013012757579698331e+00
1.385972687532665448e+00
3.243682314362236419e+00
2.783141881821492802e+00
1.538387466167545181e+00
3.148013685802129480e+00
3.043742276847798855e+00
7.380454683192660958e+00
1.478760401493292465e+00
8.361357405414497901e-01
1.188879314617643734e+00
6.610890629348563863e+00
2.601108943494914616e+00
1.170144119125117932e+01
2.048653392689711694e+00
1.213877141554592143e+00
5.120333465465387590e+00
9.215371160189780753e+00
2.400464382598487045e+00
2.080114505448623419e+00
1.154649927931411302e+00
6.207693585738074837e+00
5.832098979062963373e+00
3.082471899251583380e+00
9.368399579998346383e+00
6.500819600855745506e+00
5.115132202659172123e+00
4.341991977613147924e+00
5.787709402358222732e+00
2.381119922086609275e+00
2.944869390727195668e+00
1.611275291564894907e+00
3.411055250788737059e+00
7.542412970712279119e+00
2.262421826681050518e+00
3.529848266636339993e+00
3.841538116230925670e+00
2.527366583680547230e+00
3.563062036056835691e+00
2.043713040684379312e+00
8.602673334519352011e+00
5.286857707182296195e+00
4.510386642513134703e+00
2.119609720294839850e+00
1.010383202457298513e+00
5.214621302016320126e-01
4.075667153161496969e+00
1.778796314988450034e+00
2.083578055494846204e+00
2.697188730892627895e+00
4.069980881955162388e+00
3.986931087811268704e+00
1.435195337629615819e+00
2.448953164852984088e+00
3.055259023572319599e+00
9.932264524521561277e-01
2.507443563719258250e+00
1.123411773871591857e+00
4.046936109767276801e-01
6.916050142758872754e-01
6.014789105613303377e+00
3.007841005520111910e+00
3.504606723726241935e+00
4.418339676548336925e+00
6.245658803001661319e-01
1.392599916814629690e+00
1.478960375797207405e+00
2.348958884463375085e+00
3.073016774602521206e+00
6.322597714417052650e+00
2.067461283693069252e+00
1.987059250254734843e+00
1.687391783909208964e+00
9.380146546018558240e+00
5.946489597681511974e+00
6.338917318273586510e+00
3.219583311612822740e+00
3.621720500595019931e+00
1.991591275029644725e+00
7.585014906299283322e-01
6.458737112862892316e-01
2.572962015641999223e+00
4.903345810960780149e+00
4.095348985765134842e+00
9.623971644446229767e-01
3.879599604567074866e+00
7.042492135631275296e+00
5.977893832883357739e+00
3.399522583687057509e+00
2.434065318985464632e+00
3.531792602729614927e+00
2.427356539592318452e+00
6.497156211832557204e+00
1.824290086920438370e+00
3.288741784353309772e+00
6.083159096878254068e+00
9.124086454633893339e+00
4.377917537360816347e+00
5.807948019992815070e+00
2.088905407063271102e+00
4.421393367812660458e+00
8.586698339766447585e-01
4.669250974121151643e+00
1.508286470379857969e+00
1.130184373712042056e+00
1.301587755674981084e+00
5.979661957021744634e+00
6.225401679515325526e+00
2.664775100897242677e+00
1.852568433897522793e+00
6.035641377967861487e+00
1.618626253972001328e+00
4.864339083028155764e-01
2.442291879363975848e+00
2.802683531984511145e+00
2.426777561184843890e+00
4.206680168019192756e+00
7.343079020899146769e+00
7.444451107907717358e+00
2.304704820066530324e+00
2.961723001927125676e+00
3.703161879991562877e+00
7.627149212840024228e-01
1.270734477632393888e+00
6.703545079027179554e+00
2.572758396298501449e+00
2.621510316250015737e+00
1.071407443439746920e+00
2.684708367881045277e+00
4.354996060750178977e+00
1.721972901836152925e+00
1.547991667217679668e+00
6.377129400307679497e+00
2.176079479633076907e+00
3.342279854956872853e+00
1.235209540505197490e+00
4.817668854617267904e+00
3.022674406140127612e+00
2.456594094542146056e+00
1.086267978851120697e+00
2.247026776656070535e+00
2.867475774191078131e+00
5.796700766131135829e+00
3.640079983125436236e+00
9.879572890490722514e+00
6.650952570572052025e+00
1.120281061116070287e+00
1.180589606554071302e+00
2.336053643645942035e+00
2.078133452026159400e+00
3.649118625611330380e+00
3.051836107225593064e+00
1.819655527319991029e+00
2.670473202605665008e+00
1.002770748592734185e+00
2.468047375669780941e+00
2.639118287952958219e+00
3.780605564494603943e+00
7.207488208344140501e-01
3.970823460538868588e+00
3.834104572809307054e+00
5.960184516867852444e-01
2.219719377422041173e+00
2.223743452850967639e+00
2.443113956445454704e+00
3.687257688319375948e+00
2.223431142376166569e+00
6.085533344207711970e+00
5.764865040636999005e+00
3.594243852180267762e+00
1.864181473172001891e+00
3.593663937461894164e+00
3.908984622726899172e+00
2.101173474540563024e+00
2.278219967302557158e+00
2.332327365501015937e+00
1.007217920530548483e+01
7.465389919633459437e-01
1.146284592587204720e+00
3.346459491854921975e+00
3.792635636985640435e+00
5.072889920283266463e+00
1.124064970630217353e+01
2.179805100520187278e+00
5.221878481449122589e+00
2.452577282242678791e+00
2.356869519067640084e+00
5.736851679176380614e+00
7.743060252908620988e+00
8.554420485877166414e+00
2.385470818696199036e+00
2.217932329149140624e+00
2.019065801576853669e+00
4.955055532570614041e+00
3.448613946912690853e+00
3.749501021955731872e+00
5.494715573253321494e+00
7.667227987221263419e+00
4.051223823059500795e+00
7.457341041618803068e+00
1.297537888683625518e+00
6.851465801933398492e-01
3.302411018990215386e+00
2.562286438999655580e+00
1.841178246847819056e+00
4.272934476535822590e+00
4.436716726369094310e+00
4.051472172027502872e+00
1.441991021522371685e+00
5.429231892764395440e+00
4.580584657588119946e+00
3.055935202627392044e+00
7.608953706572984643e+00
2.254036150814579198e+00
5.709797634340257666e+00
2.350445694820107345e+00
1.161316390910406726e+00
8.318643910471096303e-01
1.590164492107754457e+00
4.475744383990546638e+00
4.095721873204052343e+00
6.649968456825356533e+00
1.415429478589505186e+00
7.749936046122578581e+00
1.783461576134564242e+00
1.316961441549775236e+00
4.446520393515043246e+00
3.381754485137912880e+00
6.290231982416172762e+00
6.028895955873385226e+00
6.764890229507087405e+00
2.398159916374143830e+00
4.694609962680888593e+00
1.562867020991626443e+00
3.062390809678439130e+00
5.300957409586914082e+00
1.982486258633788800e+00
6.996610286363766917e+00
1.518655412859041487e+00
2.705148316404002440e+00
1.116989620613821899e+00
3.027959687882967543e+00
1.762580634304703464e+00
1.827275327855981457e+00
6.006068752673440758e-02
5.870810955612832061e+00
8.241612040924561455e+00
2.923105358312318991e+00
2.134921651707570867e+00
6.192247302194730629e+00
3.383857672814287287e+00
3.814813316111396624e+00
2.869323653487857229e+00
6.781943381752888467e-01
3.233539839201705401e+00
1.368135741834586305e+00
6.572107575740912644e+00
1.366783628858191824e+00
3.580862786856665370e+00
6.719784480585254904e+00
3.200331925688003842e+00
8.356129238328554365e+00
1.796075029432488979e+00
2.441761720286325321e+00
4.886314218041338364e+00
4.180815293429215096e+00
4.987277175516243055e+00
3.800490706003754493e+00
1.783885714078045304e+00
3.105465875763454786e+00
3.274763163547349976e+00
1.726224802484959353e+00
1.472781571627514330e+00
6.456503504284579975e+00
3.449192348045108769e+00
9.176338654955166207e-01
1.551286481217925006e+00
1.614917642181209034e+00
8.590784234465852265e+00
2.184604248456908149e+00
1.610699436115868854e+00
4.296396516274596955e+00
5.671106492705763058e-01
5.732653199574223812e+00
6.580531116577986062e+00
3.847925607579915752e+00
3.411094577209338397e+00
1.432475558398411675e+00
2.882319332545090873e+00
1.225384000406680718e+00
6.006475814918299072e+00
2.177695574127655131e+00
5.918277082372272346e+00
4.244085319838511339e+00
2.122415476231926501e+00
2.539335387329551441e+00
2.022889056630557292e+00
5.404023917716714642e+00
5.148685430115379269e+00
1.358098575397529650e+00
6.115658075576304142e+00
1.152459664259156247e+00
3.262327265723603986e+00
8.541280154249053513e-01
1.241431857316474874e+00
5.098641146455819007e-01
2.792996236946660105e+00
5.570233173879565847e+00
3.912278106334914352e+00
2.133283273366742616e+00
2.063943093575527410e+00
1.556422008658516543e+00
2.143038793047047363e+00
4.749720515178020297e-01
1.636550310058399349e+00
2.493674145732082792e+00
3.245452334604808087e+00
9.365974355312434163e-01
1.425887286559856193e+00
6.865349548661373369e+00
1.845575923496175497e+00
4.740158707135083027e+00
6.714202678003982960e+00
2.410611804478550724e+00
2.155358853889969950e+00
6.135783339083115351e+00
6.937648943291988557e-01
2.675211044561728091e+00
2.766888205479043794e+00
1.231105029623323022e+00
2.356728433573835879e+00
2.847505249475760447e+00
2.780802302092631795e+00
7.291423729424129974e+00
3.252851461320036108e+00
6.263562991574794125e+00
4.768386688249108829e+00
1.553110432161680876e+00
2.321037446775085389e+00
1.761967890135213599e+00
4.551097516860656889e+00
2.124721521952171344e+00
7.749815221465505388e+00
1.405492223430653054e+00
1.910443655742682489e+00
4.386677523708455873e+00
1.888272276748837353e+00
1.057386248496837489e+00
1.319146605537001360e+00
4.099540401708845039e+00
2.152340425792501399e+00
8.726373540571636056e+00
1.899081633393862045e+00
3.047508746845954963e+00
2.229169663179165539e+00
1.643208846647831178e+00
1.357684850368358731e+01
7.336160841006666544e+00
2.312878527971129028e+00
7.995854716876555912e-01
3.285526962320223898e+00
2.177861267768038456e+00
1.113856610181542806e+00
5.262399620031097847e+00
9.117630698019931756e+00
1.003105774668662065e+01
6.853042663587428862e+00
4.317052808178144296e+00
8.039944740483626617e+00
1.902889780621809246e+00
3.209801573373300076e+00
1.904956630501074999e+00
5.510267843549324640e-01
5.113559126517880138e+00
4.580701598933241137e+00
2.050528123585501294e+00
4.986279385713393353e+00
2.283256639377389430e+00
1.064243889076081917e+00
5.957263613318331430e+00
1.951025949716537644e+00
3.840504997461441139e+00
2.788309517256355896e+00
1.034334845984857942e+01
5.370376780625431223e+00
7.743139706833324087e-01
3.357338547698422992e+00
8.430696235748353473e+00
2.267237892307201630e+00
5.534351095524360220e-01
5.085685426329903613e+00
1.972137550567987896e+00
2.016784849467192942e+00
2.075871932414258492e+00
2.938810838617571974e+00
8.119646018011353661e+00
3.607162764996770576e+00
1.744468153266767185e+00
1.848894064752404587e+00
1.235847651093521682e+00
4.889135351658372208e+00
4.413008771527984209e+00
1.036685960672929729e+00
7.203552142164419969e-01
1.838845830331555797e+00
5.959906942032650257e+00
6.566810059529126775e+00
2.353984133347887475e+00
4.281749921327753228e+00
1.514880027282319297e+00
1.109951088012230302e+00
5.985413581842530029e+00
4.770368695710373252e+00
6.347457551116912455e+00
7.758246215936352996e-01
6.102343244048080706e+00
4.521520606056233405e+00
3.019299238308239097e+00
9.458852555885535196e-01
2.811738267018804471e+00
2.678525945138071407e+00
2.705036391373358384e+00
1.098183665340163762e+00
5.305333470533219575e+00
7.713903550106206097e+00
7.084359413704651720e-01
4.401640382065898471e+00
5.068387558188020670e+00
3.731233200651487003e+00
4.442073285874386102e+00
6.761093137464332159e+00
5.694917709045053122e+00
1.000789592592412403e+00
3.190461255933691564e+00
1.541504453193815571e+00
2.683812030450591468e+00
2.806284328261666516e+00
2.251707706169939094e+00
1.021075309284535493e+00
1.161397356108636592e+00
1.803653628157721345e+00
4.832245737931708973e+00
3.547288265761461279e+00
1.965595173861756972e+00
7.911966427311520000e+00
2.294114460800071420e+00
4.796058396143037861e+00
2.588161454776603865e+00
5.485325592407731321e+00
1.585473877581558666e+00
4.090966619849679908e+00
1.423464221767274385e+00
7.376158431937460236e+00
1.731203650529217875e+00
2.046374454949364985e+00
2.092910031589918063e+00
1.471202712276801439e+00
3.225796078822659396e+00
1.321878345340449901e+00
7.972614801251806327e+00
5.327057260707339204e+00
6.518027523463008954e+00
2.128782886590579349e+00
6.309644428106396141e+00
1.399618970401988571e+00
8.152282499720043818e-01
3.169980330958572790e+00
8.853252306563462737e-01
4.425138367671078043e+00
1.606430564317544052e+00
4.756818409275379800e+00
3.314615907141169604e+00
1.982478492392088176e+00
7.585107528477979422e+00
4.404400140741645764e+00
2.085233828860148186e+00
1.030243120123565559e+00
2.520436302432720765e+00
4.125700024280466671e+00
6.338236114549679279e+00
4.308641102844509518e+00
4.492746771576098475e+00
2.494806306266792451e+00
2.552450966830944967e+00
1.039751672004222360e+00
5.171482879842371760e-01
3.882712227728639220e+00
1.849348116417878884e+00
2.974977259851018019e+00
1.402042086639523788e+00
2.070549192769343794e+00
1.912903578516487180e+00
8.032698582211953209e+00
6.667617947997341865e+00
2.342911778282757318e+00
3.157672756981537709e+00
1.987665198660982124e+00
4.838712897395321733e+00
5.984613246688816446e+00
1.952629235646820449e+00
2.190747488245750052e+00
3.945649782346589252e+00
4.374240458878567495e+00
2.096522965677526162e+00
1.021709086131788347e+00
2.009081919591296117e+00
1.861254410820333050e+00
5.466238924846606118e+00
5.292892430105194279e+00
1.346705466589588118e+00
4.692975166415400246e+00
9.909076946118609897e+00
5.786192687459245754e+00
2.066397796078622395e+00
5.570532188945864327e+00
3.366785075712491082e+00
3.486183956207493662e+00
7.816658144374809325e+00
2.113310069188058193e+00
4.446099819127871555e+00
2.915717507871462111e+00
6.049292412863387369e+00
3.213996877112344386e+00
6.128351448221185827e+00
9.288510014648118096e-01
3.754203483222650739e+00
2.279897177479861536e+00
8.022600177789707132e+00
1.673046524427040938e+00
1.453897603168280872e+00
2.297384441290590829e+00
6.410505795849472221e+00
2.234907420958759161e+00
9.445468226120187438e+00
2.671640461668720157e+00
3.280105479880155883e+00
5.893045466394466914e+00
2.155648174658830296e+00
5.995210922132740095e+00
9.219226416679521918e+00
2.697749637489958552e+00
1.567508431130199664e+00
7.778935387526736411e-01
4.749499141007412106e+00
1.505415164937160544e+00
1.962178939721023196e+00
5.173010783657716605e-01
5.082528233494434389e+00
1.878650698395152752e+00
1.746163863659421445e+00
2.366921840278954026e+00
2.109197503156992060e+00
1.174862514490419230e+00
1.713427499997482117e+00
4.694643523675934738e+00
6.301507802766806776e+00
3.606327433230041457e+00
5.927342789883476293e+00
6.115945310947194180e+00
4.964270116016770706e-01
4.461893250646936870e+00
5.813712707377693079e+00
2.340365544384882313e+00
1.704460447099131359e+00
3.340247659068621200e+00
6.746557633221133443e+00
1.154017968691094076e+00
1.687445686892942609e+00
6.581431240906569613e+00
3.418033306771558699e+00
1.976658210915985148e+00
2.206583272299492915e+00
2.654460246353490316e+00
3.064203499676146691e+00
2.004735603101433838e+00
6.340536420195653555e+00
4.660215456633669540e+00
2.503310288875403522e+00
4.810866926639103092e+00
1.504110341102089521e+00
6.878953492993122865e+00
5.737344610201241757e+00
5.522025106190922017e+00
4.770832629720447748e+00
2.056479577559583216e+00
2.633780370729347009e+00
1.420511414802193340e+00
4.170368746722369124e+00
4.259520824551812801e+00
1.879405635761345561e+00
3.548042029089433225e+00
5.194273012929014222e+00
2.104047780732005712e+00
5.315883134996800763e+00
1.895895810051865471e+00
6.816293960781510952e-01
7.324642477829569343e-01
3.343340679232806423e+00
3.428700333313599025e+00
1.392698883633208595e+00
2.924143426409726576e+00
4.242482310478249197e+00
4.593267930084981465e+00
4.312674594330795586e+00
2.585476956913264956e+00
1.893286200793298235e+00
2.402995625547634795e+00
3.597038985915752107e+00
2.555778785177970747e+00
5.229246294336901357e+00
1.983775810163368680e+00
5.069954989266491019e+00
1.591738492365500024e+00
4.374183514679442553e+00
1.690632850206822413e+00
1.656243737363705781e+00
4.365371191221492531e+00
4.084328949888862859e+00
6.263755101559863370e+00
2.256355452230507819e+00
2.474563588627811672e+00
6.503865898222177533e-01
1.474880579470419617e+00
2.975443008713301918e+00
2.107296680920360821e+00
2.906700119779716207e+00
3.616727677654404616e+00
3.369644975913763219e+00
4.273587140812159291e+00
2.864713491802811873e+00
2.219447705210812138e+00
4.845088518098553010e+00
8.503701121806334084e-01
8.505385610802363772e+00
1.366642929953303165e+00
3.326191733708314224e+00
6.318454206934187134e+00
4.409422421976605833e+00
2.496951949164480045e+00
2.328757114633336123e+00
2.128839612418215399e+00
2.025317761253182525e+00
6.661933190043229480e+00
3.355787349934119312e+00
7.955429401587313265e+00
1.199094586200192047e+00
7.681188016963833576e+00
1.526376303367455334e+00
1.946143104587187311e+00
1.451343813726762022e+00
1.681369269915994114e+00
1.656806639499127209e+00
2.935059536856380547e+00
2.392586419894771943e+00
1.518549877722661812e+00
5.697722042654300267e+00
4.716821191535371049e+00
4.549306025018654331e+00
2.131571276208349186e+00
8.688027981747531214e+00
3.305296328820326313e+00
1.807371947751837071e+00
4.977786584065470699e+00
2.829846134719584683e+00
6.331660577277659741e+00
6.420541712456777184e+00
4.263761122769639478e+00
5.694028077462098381e+00
1.621487739747730528e+00
2.416283347341253052e+00
1.420254999381399097e+00
4.900363346327724301e+00
2.911960076959972721e+00
2.852367699416483049e+00
1.116240952510175743e+00
8.291127885657090246e-01
3.843910095406517513e+00
2.026346494842506285e+00
3.576304968934618689e+00
6.980342921503537745e+00
6.284873266261673308e+00
1.707581379856718984e+00
2.616614739921230282e+00
1.174766874215369628e+00
8.349751764122274267e+00
1.990019546289003793e+00
4.920104444280655187e+00
1.908568411236855722e+00
1.898171114039965079e+00
2.068558802607591396e+00
2.477366887291524655e+00
1.987992438675519891e+00
2.416266222202278602e+00
2.271628366186212666e+00
2.007371456719569736e+00
4.135069472805490420e+00
9.547187436167980934e-01
6.435204470738172589e+00
5.925014898864374047e+00
1.229461971199697690e+00
1.892858768466183284e+00
9.122611712572533449e+00
2.767067351977611001e+00
1.219118524483213672e+00
1.958484522829253116e+00
9.105517986915980799e+00
3.170449903846873418e+00
2.142380552862516385e+00
1.728224662146134794e+00
6.751769523460159350e-01
4.976568605332803763e+00
4.543517358368762693e+00
2.369864124787762982e+00
9.522419886963856550e-01
1.107619104862663795e+00
9.774146096979714926e+00
1.647240021351716877e+00
5.304477775793306371e+00
5.696988380964486787e+00
3.284851040667756461e+00
2.115044868969235825e+00
2.707116167672704243e+00
4.518063887954447466e+00
9.248949026214190461e-01
7.206184291234122297e-01
1.009445900376662930e+00
4.747289424243970934e+00
4.773499347933566561e+00
3.804619244784620324e+00
8.366442803320600641e-01
4.524672184684968457e+00
3.444343942386268065e+00
2.775137427661482636e+00
4.197625688383840092e+00
1.308865861791632446e+00
1.466833179914289520e+00
8.491594625511179828e+00
1.674508782845737231e+00
1.494954934626229637e+00
8.022362825781890194e-01
1.228246947593383265e+00
2.643622106156735541e+00
2.322678299113426714e+00
1.570371855814296058e+00
3.094085199569545974e+00
2.583154736329852152e+00
1.271851474829368112e+00
3.028400236878980856e+00
5.680042492756208539e+00
8.104024936802545653e+00
5.891075112971011940e+00
6.720085718099845451e+00
7.292149136657181785e+00
3.455015531036870868e+00
3.238391506943371745e+00
4.747402363134303194e+00
2.767615324207796323e+00
3.082790097761235693e+00
3.522126736726558072e+00
1.556004005520756017e+00
2.913696120085312646e+00
2.186390409584712202e+00
4.386337425245641519e+00
1.874043020775057133e+00
2.193053544635143126e+00
1.657042531812470632e+00
5.061353530671634182e+00
1.122321577937594572e+00
2.048303977951229982e+00
1.536989277299789292e+00
1.987650163085751931e+00
1.480176118800820673e+00
6.658271804595525367e+00
3.933635715916895759e+00
3.969914537222930306e+00
1.124962207910966683e+00
2.294351039668400372e+00
2.296222294843311307e+00
8.622583833344185322e+00
1.284703501643312595e+00
6.632125634172782114e+00
1.389011255965133307e+00
5.795656149274265090e+00
2.763496414214396513e+00
1.646259156175627458e+00
1.171756051434134527e+00
1.070533464154036496e+00
1.879191417802545949e+00
4.187002962332340594e+00
5.426619581067245512e+00
5.922450824491177102e+00
1.045821661918753920e+00
8.329644892237507037e+00
2.263623697920771338e+00
1.916645882889491004e+00
1.558199978903743510e+00
1.810454203597315903e+00
7.831934440413796938e-01
4.805568852236380195e+00
1.228922117415990556e+00
2.716462403571755502e+00
5.145539830098281087e+00
3.474479740549032858e+00
3.989304761201734717e+00
2.165353843515736010e+00
3.630267005056388108e+00
8.523110028834807173e-01
8.146850476636511296e-01
1.707908823310138713e+00
8.887622724642762151e+00
7.390073436045010435e-01
3.593237583615513042e+00
3.966472299818005975e+00
2.020948172098666618e+00
4.586715220928055947e-01
1.561121132893414920e+00
6.199265968994707166e+00
2.362629157211657116e+00
2.299298262271465276e+00
4.929615702421194179e+00
1.716696530101380125e+00
1.964783339372860205e+00
2.381436922159268388e+00
2.647984035775190481e+00
7.195716248871601550e+00
5.333280982425255168e+00
1.919843840911518384e+00
1.486211673822494861e+00
1.470590652940460208e+00
1.433495037641577818e+00
2.604463839585891449e+00
1.690062898993381024e+00
2.328767204958543946e+00
5.240595784276985469e+00
1.882841888984561285e+00
2.412823060393125552e+00
7.874258275098402038e+00
4.304799951713126127e+00
4.083163831524546872e+00
9.090973694206357925e-01
1.209516627714979808e+00
6.588322112580510925e+00
3.472270327448450988e+00
1.563070146727252752e+00
1.311897645091298026e+00
3.667572915937209910e+00
2.090519103785897226e+00
8.476551467064441070e+00
3.046102668548833048e+00
1.838596810262002057e+00
2.556791651824144918e+00
1.883297998702201381e+00
2.162348307306222406e+00
2.674679675215608565e+00
1.825447825677871894e+00
2.482027223963314544e+00
4.595172034075852174e+00
5.339178665665291312e+00
2.213104664203776828e+00
2.438786787658220323e+00
1.057267702302766565e+00
1.045225315860677462e+00
7.523658340040308090e+00
4.179613788507295702e+00
1.864988941459226446e+00
7.898969220931862267e+00
2.119906820154333182e+00
5.322830621711800880e+00
2.536430225710804898e+00
2.479743194892019886e+00
5.324142143207867051e+00
9.648559084766741734e+00
1.563110294880202922e+00
2.156522460111070405e+00
3.872329714957328584e+00
2.584544850573072594e+00
1.948490875268737321e+00
1.926172902067612824e+00
3.470656960401436564e+00
3.339974381994613939e+00
3.359091459190093776e+00
6.515103210010471102e-01
2.819761817524327974e+00
6.931147143148443490e+00
1.553485454023605605e+00
3.242334550534897164e-01
3.919477593357745260e+00
2.926313149944632652e+00
1.729079517442947633e+00
3.135807944193260255e+00
5.846356486561612442e+00
3.582300022606912382e+00
5.009436435054904990e+00
5.114464138660610892e+00
2.301220225394494001e+00
3.854147647612792826e-01
1.456893822747928224e+00
3.013540038917946529e+00
1.083520302115741130e+00
1.462916702283526771e+00
3.315900631158273715e+00
3.934445321119885097e+00
4.820753078370796807e+00
6.496951575766779285e+00
3.242147088664580679e+00
6.580331382556254383e+00
2.566386780843916693e+00
7.746062864882380161e+00
1.519190829139082766e+00
1.461465940117548268e+00
2.791957589827989583e+00
3.358083399134965674e+00
1.408420928180183829e+00
1.766281817618864824e+00
4.314819968229176794e+00
3.568882106597420556e+00
2.895536173665338886e+00
9.526714464232297175e+00
2.887266675734459831e+00
2.879337500308527975e+00
3.704385136718582938e+00
3.461434290349070686e+00
6.381536091275190614e-01
4.160024706328011135e+00
3.128319465760993179e+00
6.299833379036843262e+00
6.577231537820168450e-01
6.650007158004386909e+00
7.925693495935332011e-01
4.624497977628429624e+00
4.189477419636622457e+00
1.621689370436202760e+00
5.165190175426001673e+00
1.748019425462583154e+00
2.517598698694980985e+00
2.961095065443726693e+00
1.986775707657670198e+00
3.527112465548329912e+00
3.020738473171442173e+00
1.373777588573197317e+00
1.710037502520687314e+00
3.293594258494192850e+00
4.349212169051722476e+00
1.470204178114797200e+00
5.921253680792475826e+00
1.984943047587677478e+00
2.704304489097137942e+00
1.660122881383773619e+00
5.526307535443734098e-01
6.239620826425954725e+00
5.851276781041754305e+00
9.011439506011331702e+00
7.232980761003486414e+00
6.625156191885735346e+00
1.421874519581374230e+00
2.633568163341207580e+00
9.109719883030633625e-01
4.896064545514314581e+00
2.722943727371469613e+00
2.902739415616221397e+00
3.848410040996270265e+00
3.852812800148996075e+00
4.119885894083131994e+00
1.438825016037984961e+00
2.914378686775784821e+00
1.519719329365887717e+00
2.636308605455643495e+00
4.041870152124663385e+00
1.484627591561889837e+00
2.523432863375296265e+00
2.755507384258269354e+00
2.842205647404218549e+00
2.287467957584759848e+00
1.939560334881383907e+00
7.518048875066358328e+00
3.184693959079084813e+00
3.816940959975251513e+00
7.032934286037955118e+00
3.868986786322138993e+00
4.463493108442170509e+00
4.425785997754346113e+00
1.539653820302423037e+00
4.104901083257533223e+00
1.840436066698818651e+00
2.599001772396012377e+00
4.260796285086743573e+00
2.695121126933093247e+00
5.878567241356632778e+00
3.107378162054105886e+00
6.689458111601002344e+00
2.326021772263518805e+00
2.820198118345949023e+00
3.018761189381089505e+00
4.818663075308943888e+00
4.869722768020135817e+00
7.027293619128711200e+00
2.061763908963756720e+00
6.568865661822675506e+00
1.651867110825873564e+00
4.952224667968057936e+00
2.448340053689179729e+00
4.886660390279449651e+00
5.913525251679262240e+00
5.943412378716676159e+00
2.965158048613094177e+00
9.669446766171284624e-01
2.923161295177648888e+00
7.647347616864052178e+00
5.879559869165589703e+00
3.727542532934509545e+00
1.323743208133481897e+00
1.508471268923521791e+00
1.219606638096098816e+00
4.274588215088140686e+00
2.260564745726349578e+00
1.870511201579823979e+00
3.998920932462682654e+00
9.543172485669079164e-01
6.638909442154277585e+00
4.743508692092171408e+00
5.753195309199268692e+00
1.629453214552222917e+00
1.007495666528720246e+00
5.916198005448716657e+00
5.386937191724167073e-01
1.125395174271245136e+00
5.628810929057793011e+00
2.403363395890903309e+00
1.353879132038426913e+00
3.103173957144318429e-01
7.619144547390322986e-01
4.169722388033890503e+00
2.036921236233633081e+00
2.804188363743725265e+00
5.072053584169055718e+00
2.475106483127462287e+00
8.039927358343085473e+00
1.102561007897102874e+00
2.213963106160718119e+00
4.398122835265834141e+00
2.956239864653129046e-01
7.970770757905095039e+00
1.050331915434661090e+00
3.172027855460276768e+00
4.833444008596601726e+00
1.916547636625127504e+00
2.819528137435200588e+00
2.673560300528103895e+00
2.723842413847838984e+00
3.079707866372459524e+00
5.961568750731185418e-01
4.011939310832478789e+00
2.117347994356161944e+00
1.891228099698755827e+00
2.474537464935184783e+00
1.352608056410848469e+00
4.657468538176942729e+00
5.178173655710037515e+00
1.640553824700288654e+00
7.002243256440541685e+00
2.934227292944175502e+00
1.396272801928330143e+00
4.026927861172620027e+00
2.115730772992945763e+00
4.611264503845756479e+00
5.061743189133220078e+00
2.924836988979723440e+00
4.367388680086883745e+00
1.038796456188669337e+00
3.676331390249232722e+00
2.466846564529882269e+00
6.494947685983093244e+00
3.165759847382692449e+00
1.941983571070157844e+00
3.792286973649249493e+00
5.022436484288650860e+00
3.930720582578271394e+00
9.494886956788863852e-01
1.531233118981667030e+00
1.878724696591652643e+00
2.309772614830201576e+00
1.004709154331837162e+00
3.809928863628741613e+00
1.583135226620951297e+00
7.983380260401345963e-01
4.784561065882045661e+00
2.277459300553160482e+00
1.820342475191629950e+00
1.611296615415025446e+00
3.455060135719771441e+00
2.529169459115563789e+00
7.769420603590913466e+00
5.980143376409260192e+00
2.569063715580942819e+00
2.307761109186902360e+00
8.807978303175375556e-01
1.293858499641238113e+00
3.104602927497449372e+00
2.391566229381981490e+00
3.648846015884259053e+00
7.280280510376541114e-01
6.208067898740559087e-01
1.938465370607232563e+00
8.757454438099466998e+00
2.084192212820384693e+00
3.057849407150738053e+00
3.207291095510195422e+00
1.232105190997522914e+00
2.087534776513367607e+00
4.017196395191188429e+00
5.580127774252067852e+00
7.058444979654656670e+00
1.953078023860535639e+00
2.015063683239905146e+00
5.133880575406091218e+00
4.663984864267005648e+00
3.707478567625944521e+00
2.817246962813598543e+00
2.262356442237448917e+00
3.766376889356210622e+00
9.439719791469064702e+00
4.742623776382969836e-01
3.287045776239208017e+00
2.588722478087284617e+00
4.159783493076554706e+00
1.580579185886655802e+00
2.471721543825891043e+00
1.907570814924658409e+00
6.424438801782236474e+00
2.542019242758145392e+00
4.307439413183886678e+00
9.204292052850863826e+00
4.839075434329442871e+00
2.383511433296731319e+00
4.247213665823029949e+00
4.699037273002990567e+00
1.591108654314963955e+00
2.480786000664855440e+00
3.993915454793952602e+00
3.903175641047831324e+00
7.452603992217097240e-01
1.340850468999567502e+00
6.211107208868105189e-01
1.870134992140357610e+00
1.096474872930864031e+01
7.524002763758820933e+00
5.484155256644665855e+00
5.134737764888266831e+00
1.441393977003204707e+00
2.432963667825738252e+00
1.089514581611564781e+00
2.618381557065520227e+00
1.251805782703336867e+00
1.558290997557181923e+00
1.251465205018247984e+00
4.903907465475203509e+00
2.077785979387994697e+00
1.554676849042070375e+00
9.487721748702400149e+00
1.210766767836973790e+00
2.120579652334428467e+00
1.203272642448738550e+00
3.676010921970839451e+00
6.531488692035251731e+00
6.083158355129784312e+00
1.617317536841671233e+00
2.467044612184610131e+00
9.947279576865565076e+00
2.861006779631725561e+00
7.441045646295391336e+00
6.669828047712470287e+00
3.621590298780586803e+00
2.145489429483366184e+00
4.559334073940286558e+00
2.780699399892919921e+00
2.300587145751908036e+00
2.690203476686812589e+00
1.213010174504242755e+00
2.258660188857608553e+00
5.832897542029395588e+00
2.197720192822447238e+00
6.459130242211320372e+00
2.043525491599498256e+00
1.013209120647383443e+00
2.411851252727931882e+00
8.356774012314396316e+00
4.521462782374513267e+00
5.432639059982362184e+00
3.651668809356384493e+00
1.143866444511722813e+00
2.625952858198174589e+00
2.526127793172580294e+00
1.565645624084087473e+00
1.534066137394176188e+00
9.241980907908667220e+00
3.109725183455518405e+00
6.742005377963424806e-01
2.751420853383939491e+00
2.557983115609216096e+00
1.633384005709058284e+00
2.692300775581994543e+00
1.575059351724712231e+00
6.069249903908586319e+00
3.463231670160928921e+00
2.391104011497074744e+00
1.025280837471221451e+00
5.453025821587937472e+00
6.433755527642980532e+00
3.607513830212502270e+00
2.703398140316771947e+00
3.386987442443122331e-01
2.914202542399428886e+00
2.217733092806030815e+00
2.535704390977584488e+00
5.627839163665139033e+00
3.239945622039197115e+00
3.400151234148524271e+00
1.171876144743129844e+00
2.313797779931326737e+00
1.565400306017331378e+00
1.438689858965017443e+00
6.417601992647760101e-01
4.233519539836336776e+00
2.899159191942741298e+00
6.290766555325705944e+00
5.012032810984244691e+00
6.703918613926740377e-01
2.026757236657708905e+00
2.168723530082091955e+00
2.533898375472736220e+00
2.588190775479951355e+00
2.403242390674130924e+00
7.391707382021422967e-01
2.956690027679478305e+00
8.246187323668598523e+00
1.728803002145230083e+00
4.840705545633120721e+00
6.184092923562530819e-01
2.848214594737538352e+00
4.837186736355266525e+00
1.909839923402609330e+00
2.821637138684199186e+00
3.109725509776602337e+00
5.049691690464752192e+00
4.884657255821655220e+00
8.989319159764768141e-01
3.359953390968434483e+00
1.874960166756515445e+00
3.508871854791773437e+00
9.544043293270807027e+00
2.667084224860719832e+00
2.327414141836747774e+00
1.828597259244461037e+00
3.875025971686924198e+00
1.766568510983392848e+00
1.521076062097422854e+00
4.332922956261750613e+00
5.284192539549894541e+00
1.436682494478003447e+00
3.256802044206387414e+00
4.386176144705351554e+00
2.281009311520606264e+00
1.663474460306172631e+00
2.466744205375866805e+00
1.847410960527539725e+00
7.683324807791476196e+00
7.866475149854970539e+00
1.029156767189883359e+00
3.085909675880948555e+00
1.278816263599469760e+00
1.563431326390452458e+00
5.344048352700598414e+00
2.525717358037523397e+00
4.203351350270960296e+00
2.230834320220336675e+00
1.598949960238988943e+00
2.505963338137893182e+00
6.333428771038438043e+00
8.000748202846432733e+00
4.431455143538428842e+00
3.971736047272830472e+00
1.154992398131353681e+00
8.924836410251094643e-01
1.103008690367722977e+00
3.408755995410453821e+00
3.002790223667368252e+00
6.189234768886166194e+00
1.682674456176262989e+00
1.765747580511619841e+00
3.712188972169234713e+00
1.116340030664199956e+00
7.409886224382017161e+00
2.283293750773058406e+00
4.147953170409557799e+00
2.006713338039636252e+00
1.355593722844496973e+00
3.079019622902158915e+00
3.174472837069456155e+00
6.101517896760431547e+00
1.323874365755892679e+00
2.436133147800831455e+00
8.707303251262890065e-01
3.865202161806436276e+00
6.853915160668285544e+00
1.134117504457232029e+00
1.561035272212811575e+00
1.732013349946660119e+00
5.543917005296509437e+00
3.649587852504061480e+00
7.512107977960098548e-01
6.182320411533524407e+00
1.285356960841007590e+00
1.500691055376456307e+00
3.627207803200645841e+00
5.206453718285168897e+00
2.476219720808613634e+00
2.191033006331157829e+00
1.847281159493589620e+00
7.514346174789682031e+00
1.103174809952757407e+01
3.297774907738096672e+00
5.901360880097201722e+00
4.703269079629448512e+00
1.676448073740545830e+00
6.403690390872620597e+00
3.211654513475512118e+00
4.144423871006076787e+00
4.741154519325225358e+00
3.746541514176464638e+00
2.371356308360840881e+00
2.255745698569557423e+00
1.007244548592214572e+00
1.106887225218089688e+00
5.188841308928752838e+00
2.257907548882239102e+00
1.446570903134421604e+00
8.068598832933616904e+00
6.621003966734245516e+00
5.295365770416283979e+00
1.765077197621274241e+00
1.903114600566595760e+00
2.052840395952896468e+00
3.030053551920738997e+00
6.327366788298482092e+00
6.290904417128005299e+00
1.006610533467994673e+00
2.122391030776280996e+00
1.815997154324759721e+00
6.501858579371481817e+00
1.529175866354715252e+00
1.869810007229423476e+00
5.453000545383486219e+00
3.205325885686547416e+00
3.504813112102521444e+00
1.035932984755709052e+00
4.573783930652149721e+00
5.761337732495087849e+00
1.914426181929348880e+00
1.713988460200558173e+00
1.555412472093373522e+00
2.591358918905687592e+00
8.205068865688282642e+00
8.147886715497488552e+00
4.066558071891603454e+00
2.043288529258260322e+00
5.968274051475245479e+00
2.318025501893373530e+00
2.951547694455678883e+00
4.326719444338458231e+00
5.324854975227815146e+00
6.803503789461923468e+00
1.713072913485441884e+00
1.488756466967694259e+00
6.731228929544499362e-01
6.825528880938112941e+00
3.210473027602875451e+00
2.246483501438541364e+00
1.765515434510763537e+00
2.403262344830184194e+00
4.643085016539052923e+00
4.941959704069580184e+00
1.119217491928305552e+00
4.202542995675976556e+00
3.301792123076173979e+00
2.458228661069355336e+00
1.874641583960341418e+00
6.269897466072581471e-01
1.173938647127742874e+00
2.612917281414277593e+00
2.817125147468659385e+00
2.175433962788410280e+00
4.980883280865529450e+00
4.613888849848987839e+00
2.157130360061692897e+00
7.211710224200667874e+00
4.395364444570414086e+00
6.591287286046646265e+00
4.194283144185855683e+00
9.821397726986283994e-01
3.036964674656177365e+00
3.565476145544913766e+00
1.590240277296850246e+00
5.153688993219772030e+00
3.552526651637543775e+00
2.177286905934904926e+00
1.795805726709978067e+00
3.470318401767541250e+00
2.434916531659420347e+00
1.729420064790084144e+00
2.858538693061955183e+00
3.750307883841212941e+00
5.695743484533094758e+00
6.210742970455826573e+00
4.760135350427582956e+00
2.654286265480825691e+00
2.125500238153044119e+00
1.540797684692676972e+00
3.434024447986570916e+00
3.387396229710065043e+00
3.300779745794286235e+00
4.557398840104451843e+00
1.988687809290512698e+00
2.949774758790152163e+00
2.270736500670945457e+00
1.399067658974253670e+00
6.356158622982889028e+00
4.718392471002348820e+00
2.485151260658244876e+00
2.507836715647767445e+00
3.517359665215885833e+00
1.463174105296871419e+00
1.793200716739150824e+00
1.934813346010319624e+00
2.068631516689158456e+00
6.897085687109787422e+00
8.050842766611604473e-01
6.284697478099628754e+00
6.618494366341841406e+00
7.549783210679364309e+00
1.049354328911091194e+01
1.018729633883597430e+01
1.817414704508258705e+00
6.963616157896375114e+00
2.828300468174799409e+00
2.031972843047256116e+00
2.335200211879690180e+00
1.714781607940750296e+00
7.173015646497572284e+00
1.229175722234984836e+00
4.868488772020835853e+00
3.117151845744273064e+00
1.792847095795379930e+00
9.966205385406767814e-01
3.133609766904680072e+00
4.628055353756955981e+00
1.887258584102641912e+00
3.105135404549948852e+00
1.870658598329685729e+00
3.481311638067658532e+00
2.162628038217692783e+00
4.434092563215856764e+00
1.503150871709234115e+00
1.045054016097580085e+00
2.634895709230401728e+00
2.743880151554323188e+00
2.669789209875938596e+00
8.745687391777267061e-01
3.585909069081735456e+00
1.918525923204033701e+00
5.320459669499066457e+00
2.386250616183954065e+00
4.867688988758928303e+00
1.595728883491434047e+00
4.558381167941552903e+00
9.997271014907362918e-01
1.004919111732436310e+00
1.149847684337774067e+00
7.440127629583198621e-01
7.458102763645351629e+00
6.770451100102317099e+00
1.586946765335900622e+00
3.842381257613363132e+00
5.751488800053597750e+00
3.194495963697481677e+00
4.069347070042720560e+00
1.933028425255350902e+00
2.220445553593525911e+00
2.631237635363882443e+00
1.705966622871462279e+00
1.571571535003465581e+00
1.876902910339308450e+00
2.006599744786108364e+00
3.583861621907176165e+00
5.523473016659043111e+00
4.668617116895759978e+00
5.161546087288044760e+00
2.022449937738253212e+00
1.853413490851989254e+00
2.538907983755916753e+00
7.231367634037086933e-01
4.553859413037953274e+00
4.530761107081461958e+00
3.244563844949073683e+00
2.732490542467170158e+00
3.335837279226228524e+00
5.506751180117385402e+00
5.746857673328027438e+00
1.541110695157827060e+00
1.255554544976677400e+00
6.908084985832251057e+00
7.526520018446607452e+00
1.068454166737799138e+00
2.257358055114737638e+00
9.412499971976073798e-01
2.341540147949373374e+00
5.943376270765652336e+00
4.938420654292094092e+00
3.376176261202390005e+00
9.797863957106036636e-01
2.907857701693313590e+00
2.141800833409448490e+00
1.556228174317556334e+00
3.220828390033021016e+00
9.187326999829994456e-01
4.675345774724569914e+00
2.863053331235763110e+00
1.233049850547730086e+00
2.357262122272175464e+00
2.437500381524823290e+00
7.116424840063060309e-01
2.331375790355458388e+00
1.537258150253008493e+00
1.640780314558557329e+00
5.951298292596265860e+00
1.288658546509931391e+00
2.580451273878508367e+00
1.809861493562193280e+00
3.516334302177591908e+00
1.814367281910254093e+00
2.374458162459728960e+00
2.219425438828364516e+00
2.877787311485330513e+00
9.521380951152512706e-01
6.021633161485421937e+00
1.750961917965398795e+00
3.150035653737798480e+00
2.051190192629516407e+00
5.618272498940451776e+00
6.683655735597225700e+00
4.203760103899633727e+00
6.946805266557543490e+00
1.181624443501592125e+00
3.379026131881807782e+00
2.613257536185201957e+00
3.978878265033981787e+00
5.133392596695192545e+00
3.772033849516586379e+00
1.757293821456007210e+00
2.019935407767758040e+00
2.277862804978818989e+00
1.061831675490076066e+00
6.478138946584844682e+00
3.034052606846698197e+00
1.946836722335115732e+00
1.842581015684250811e+00
4.177950165047779940e+00
2.003654109950102402e+00
1.800678518755901791e+00
3.764237175850928097e+00
3.592168177790357575e+00
3.795050485139417340e+00
3.365325290559971982e+00
2.096242173682853149e+00
3.636930486180546929e+00
2.329934870833438865e+00
1.235942012219637176e+00
1.267404172880158830e+00
6.747749948341128956e+00
2.033265215610165821e+00
6.145102623260367380e+00
6.067777252137684485e+00
1.462297908059875695e+00
3.011860700490233356e+00
3.409561398366973695e+00
2.698370698008482282e+00
2.658920057939325954e+00
5.600833043813760348e+00
1.994036275471277930e+00
8.106647406148254076e-01
2.058818998187452731e+00
3.190240834746782550e+00
5.771779523747116336e+00
3.370975228704845783e+00
5.724570404060612461e+00
1.664286308398345460e+00
1.201788746582833411e+00
1.119550710262251281e+00
1.065996860702226101e+00
5.833910434534459455e+00
2.832055138489953272e+00
1.651127932731648151e+00
5.986415687892981730e+00
2.480859989818223976e+00
4.938898565267552776e+00
3.773005048285950735e+00
2.150927465994846521e+00
4.184013588250872218e+00
6.754411905652708548e+00
7.399321378036317398e+00
4.828664415173760993e+00
8.290174231248110814e+00
1.007914155350521312e+00
6.475014577995505505e+00
3.823668224407076988e+00
5.893561622543194822e+00
2.486348095341117226e+00
2.379847101178115487e+00
2.824082617310767596e+00
2.907519161508522187e-01
1.879711859575065702e+00
2.117127804497731081e+00
7.133101583589827932e+00
2.190705707666941393e+00
1.181916804873725857e+00
6.668270133478081618e+00
9.575659355483562285e-01
1.899101808015080994e+00
5.752016743377123653e+00
4.534832040624309002e+00
3.207907671803066574e+00
5.879955382986282508e+00
1.996224114692130680e+00
9.306563718860760837e-01
2.951495531598688604e+00
2.051699898580956472e+00
1.300469911722805794e+00
2.945868304122869930e+00
5.997916224396671048e+00
5.458058520546739345e+00
5.427903607429680477e+00
1.151050361811457368e+00
5.234316913057727838e+00
5.517295597207868774e+00
8.786541278101485108e-01
3.054381604135112838e+00
1.970557196570563496e+00
2.073934707918003717e+00
4.780782410603696242e+00
3.204233846452756662e+00
3.253647312637450995e+00
1.564523153664559407e+00
5.049573592870311600e+00
3.695600107687770919e+00
8.666939557728183807e-01
1.820058893969479952e+00
3.099066848836760979e+00
5.593495100271956844e+00
1.916552020660548639e+00
2.813101004520220716e+00
2.399402630672130776e+00
5.620314473196107663e+00
5.631753038237866882e+00
3.466967102572075188e+00
3.073843807358785263e+00
1.187189639351885040e+00
8.256864042733937925e-01
5.097498173785971254e+00
2.860394096868220437e+00
9.307125752608570446e-01
8.753141420606455725e+00
1.827959643501671616e+00
4.798721067502591531e+00
3.296530176926114386e+00
2.207858863920937331e+00
2.741634355827386571e+00
3.435262542256506180e+00
4.024921420138000805e+00
2.733336736790364263e+00
1.196246504226837715e+01
2.058663615420814885e+00
3.245243780152343493e+00
5.243718916622244208e+00
2.484918127923630315e+00
3.268235062353971099e+00
2.785980084062368523e+00
3.017963038144033661e+00
1.427539510254240973e+00
5.088309072042196846e+00
1.653988292516047842e+00
2.364649797873621395e+00
6.297984959770042579e+00
4.219911830053493240e+00
7.297096100277293829e+00
3.407476712284704945e+00
2.183231780194271998e+00
2.927338885860133466e+00
6.262752182453094285e+00
5.275094934066173025e+00
3.624967447058458081e+00
1.896245695696259226e+00
1.894153986765327868e+00
1.053639855435238104e+01
6.055846973740708350e-01
1.396093929708461800e+00
5.925084779899401077e+00
2.782109534367285697e+00
6.851163561767525501e+00
1.541067725218279172e+00
1.952381661287841741e+00
4.247131900809169025e+00
3.217038045526205980e+00
2.340751067670759689e+00
1.709865759373088601e+00
2.335660275392671625e+00
2.927510354704137008e+00
2.804370189127645574e+00
9.026609201702886498e-01
3.073789541928208191e+00
2.830020455053505302e+00
2.750405172810987953e+00
1.693307863089818843e+00
5.410468225306004797e+00
1.634073347882698313e+00
7.383537343217969173e+00
2.569354516379704023e+00
4.791202990440179832e+00
3.428676297922095273e+00
5.683079547274209276e+00
2.653691738929245147e+00
8.419034932494293688e-01
5.465958910992428699e+00
3.497466726362780776e+00
7.771776292814747578e+00
2.147397503264482754e+00
1.502602572792760327e+00
5.100990501533011034e+00
2.215087001665773325e+00
4.703714410727109829e+00
2.508943319358403201e+00
2.252181830219868175e+00
9.285469168146743835e-01
6.335333217631187175e+00
6.934511330752807012e+00
6.343491100864655508e+00
1.086130222610004026e+00
1.427630506697216584e+00
2.709772684795218822e+00
1.836276969980283669e+00
2.674857914682228444e+00
2.515046873544612982e+00
2.176947593427425609e+00
5.501115690903558786e+00
1.560478289278113717e+00
2.232718335366178086e-01
5.471254683355437187e+00
1.123631776692240258e+01
5.968464157745824394e+00
5.234962317330690951e+00
1.320760220610146529e+00
1.094247752536440688e+00
4.004226405998459803e+00
2.737217989846608024e+00
2.608786377639522147e+00
2.149394739068876348e+00
2.472940682885418795e+00
8.426244180734357991e-01
8.322419481077096393e+00
3.450391601331041613e+00
3.361565614170298755e+00
8.927182562731724502e+00
6.230038282458073562e-01
4.315905059017992151e+00
1.716636104213023595e+00
2.036261744136008911e+00
2.984109539884861828e+00
1.393528453180872928e+00
2.545833996724679693e+00
5.444998493026683484e+00
1.948928262274430390e+00
1.278758271421698511e+00
2.427153665348883660e+00
1.900987859035233596e+00
6.978253004678770743e+00
1.388182050126755440e+00
3.205886351536537671e+00
2.677966606185926413e+00
1.222661826539903185e+00
1.533352214315160555e+00
1.809857259706373789e+00
1.631386006827154844e+00
6.973223372618445604e-01
7.597349385475867578e+00
3.206486230379866242e+00
4.013101338881166491e+00
1.044453585668643436e+00
5.109137690075490568e+00
3.327836954978661943e+00
5.349685382060124006e+00
6.607035314629515099e+00
2.842556607176439432e+00
8.144174289410134548e+00
4.736497478485633295e+00
5.425052656379763860e+00
6.739610959126658862e+00
2.337557058318211922e+00
6.812779865442133875e+00
5.306728893814072201e-01
5.823095409224904095e+00
1.181273401332715522e+00
1.785325472687683934e+00
3.697828394116120521e+00
7.661300614395507580e+00
4.223756364511129568e+00
4.848956097658492226e+00
1.165084076863543316e+00
6.322669270367572203e+00
3.672792598531160468e+00
2.845448745455022799e+00
2.822534209777658010e+00
4.120255249237508188e+00
3.626094728890832730e+00
2.694023562125772653e+00
2.610337167300159411e+00
5.202082256026338003e-01
8.139982183493261747e-01
3.282361075364810254e+00
3.637856779845052291e+00
1.824421483547080447e+00
3.172857700729839525e+00
2.922197618345589110e+00
1.460903916225978261e+00
5.386290503822168674e+00
2.068446745954736432e+00
1.794515299307106959e+00
4.287836074609059800e+00
3.413448541954052562e+00
5.664604335305915228e+00
1.695214378243396602e+00
1.648065757621292482e+00
5.738085385654507320e+00
1.730321669765778170e+00
1.523814243141479174e+00
6.245271036751002036e+00
2.303380552478540899e+00
1.331681844707206075e+00
1.867429112144950221e+00
1.182847595909525706e+00
6.230593046892910714e+00
1.154323360329238213e+00
1.808211126312752048e+00
1.519942874885308326e+00
7.108536094953559648e+00
2.852508651928409744e+00
3.887702558363621108e+00
4.490621155707853696e+00
1.667475368292330895e+00
2.378957860244752087e+00
1.587168839198218606e+00
5.312385602829540865e+00
3.475235765791707898e+00
5.708857307822958749e-01
6.803296154623222902e-01
8.646953354478204012e-01
9.801133645275024175e-01
1.553528639939123268e+00
9.766418556137684837e-01
5.604735720374919516e+00
2.161232591774353562e+00
4.876131523637982745e+00
3.627400851381681779e+00
2.206410208595643407e+00
4.060958343027394335e+00
7.334553259486260579e+00
2.850970356867335909e+00
6.314316840326616997e+00
4.718510840796535710e+00
3.482293869487957050e+00
3.977026310448182223e+00
3.479308250142529424e+00
3.968755274177587111e+00
6.351879351836063670e+00
4.110353737946737418e+00
8.805394676487997785e+00
1.060348458205652822e+00
4.527555455691454789e+00
1.526858432286159584e+00
5.557476762937620052e+00
2.228037881626223182e+00
2.163119888528758583e+00
2.911951217124696178e+00
6.764906563330971956e+00
1.964321281236263594e+00
3.068048895623146421e+00
1.677717697869536728e+00
5.143772193802894854e+00
1.261531164930722149e+00
1.423332206486147333e+00
1.516835532926766872e+00
1.920443006072318770e+00
3.656979612324089413e+00
6.463358793065912877e+00
4.997459431688070275e+00
5.067954620347891570e+00
5.283429999118344433e+00
3.415721136735565988e+00
4.974653823410235987e+00
2.480837924585425736e+00
6.462055448737539010e+00
1.629942069228261792e+00
4.060437284407866443e+00
6.285898406507632430e+00
7.701899474862603512e-01
3.787935749630237492e+00
3.441566911145222729e+00
1.720709427297375527e+00
2.122466872818731254e+00
1.766415389292402160e+00
6.314357133795965638e+00
4.561396198014744385e+00
1.341663078981446988e+00
4.664488309626730889e+00
3.277615917829688197e+00
3.966651341395603492e+00
1.347585452752425583e+00
2.839676588670241753e+00
5.552728150166955423e+00
1.597278238545321027e+00
1.029973416308417455e+01
9.021790452880500411e+00
6.677751341113061123e+00
6.150261979878345109e+00
3.069450324750280679e+00
2.450552440027025103e+00
6.514207745179176889e+00
1.782104453076566619e+00
3.547060529937085871e+00
5.220803300989048878e+00
5.132053748515015279e+00
3.242360124577212233e+00
6.688562172416125051e+00
2.186344411372912244e+00
4.614047388567130703e+00
5.541427131713386522e+00
5.615539636845460869e+00
6.172997495625926589e+00
3.589935290503618592e+00
3.518027001795168918e+00
3.893082135399357213e+00
2.380833070006739494e+00
2.176946611080898819e+00
1.360742995370405106e+00
4.210588765852111948e+00
1.578811253320022701e+00
4.730093215432886744e+00
6.616499063889667021e+00
2.018805849707005162e+00
7.572591421070540285e+00
1.434331429174002803e+00
5.956600513553839349e+00
3.592085291421957649e+00
4.968964105240825546e+00
1.469677413258789755e+00
2.310811182730748925e+00
2.496315423518724597e+00
2.451276922013980286e+00
1.132682181305459723e+00
4.139270098197848746e+00
7.024832417266128282e+00
4.411533357067075833e+00
3.142041174724492070e+00
5.461340468083581978e-01
1.536617620236731874e+00
1.898340665043021458e+00
1.353244688005828422e+00
2.125053288176381283e+00
3.790801379539217919e+00
2.588919251918533337e+00
1.478433710405812507e+00
3.483053935174320159e+00
3.166114982871698569e+00
1.457491856665957597e+00
4.628271033055359140e+00
1.842707025382667840e+00
2.199022003055166152e+00
5.761239205901483196e+00
1.291737065159350939e+00
5.431004952211805126e+00
1.979526481719270592e+00
3.359375309048815872e+00
1.335194488204779040e+00
1.136831325149029404e+00
9.050163883688738808e-01
7.842647360960135927e+00
2.934184366003725231e+00
7.383988132194054366e+00
4.408045750911702143e+00
2.808385343332670647e+00
4.836535388669520152e+00
4.800057033023920283e+00
5.178178499075749563e-01
2.693702165685709637e-01
2.065587085236034515e+00
4.665519598089561626e+00
4.754721203057775014e+00
7.329040921155293375e+00
3.360973101255851248e+00
2.764741420896252411e+00
2.651496302801146232e+00
1.169689635710456477e+00
1.637324770142982722e+00
3.262239467160837680e+00
3.242915751816242587e+00
1.163269079579911880e+00
2.476402691389109734e+00
1.141134435874585851e+00
1.564146901562780689e+00
4.690423976392547267e+00
4.210138658379486643e+00
3.500510601253458365e+00
3.782272809127633195e+00
1.517070128446003530e+00
2.581296041826546261e+00
1.520954358284807739e+00
3.053243872481387733e+00
7.971887900198274757e+00
2.644075838624659891e+00
6.167079764828923949e+00
3.034139483190978037e+00
1.759678373171171595e+00
3.172685266786260172e+00
4.250848534556369351e+00
1.417832896275496024e+00
2.168918281691266881e+00
3.435401878270748721e+00
4.358282901672307474e+00
3.604082316929249075e+00
6.059143963018197354e+00
2.169906019524311613e+00
1.799161263716026360e+00
5.070241657101552946e+00
8.670352624300060596e-01
2.561941877893531672e+00
1.904977094384223912e+00
3.592744951952514754e+00
1.807541489393133194e+00
9.983780144516659627e-01
5.411026746815189803e+00
2.195781549111816666e+00
6.265555039576601537e+00
6.261614230844062767e+00
1.783037766814836056e+00
1.490943809516769303e+00
4.849459258455257604e+00
1.832864513587614264e+00
1.881700336879037705e+00
5.803218808762423464e+00
5.240385127598069737e+00
1.611580260366447970e+00
2.594200124075570990e+00
4.134522802730217883e+00
1.788193682147436903e+00
6.476436520079067449e+00
1.515199466991842492e+00
5.422434646793777624e+00
2.037058401125674045e+00
5.788026579171798858e-01
4.231309257067923824e+00
3.238026433756880706e+00
3.143999551584731655e+00
3.809925741814607747e+00
2.645415426109116286e+00
1.959958427941599801e+00
5.164458404332594732e+00
4.458236456373243506e+00
5.996399572523874788e+00
2.314624196251017452e+00
4.253531268068163840e+00
2.196206300857592719e+00
1.204338256700290044e+00
2.692663659737577486e+00
5.939978005296381980e+00
1.739316563294872608e+00
2.296036936478216273e+00
2.877211790745382469e+00
1.176814500089505833e+00
2.529904789638431684e+00
2.478749478614262536e+00
3.489197127033156320e+00
9.569620542717986567e+00
6.286842938046430795e+00
2.085984681878138236e+00
3.395191337978324952e+00
3.304813222793711258e+00
2.544554531933292285e+00
7.560414503242387951e+00
7.628948864772618910e-01
7.093076508096163302e-01
3.408504601318732785e+00
4.771157049610530443e+00
3.030725795283562451e+00
2.142393242771888584e+00
3.219237816913087524e+00
5.093388637234016691e+00
3.113421228284926734e+00
4.400779787828138723e+00
5.692621159271092246e+00
2.153483475111205525e+00
1.484656179667099618e+00
2.077171656859420068e+00
1.427107798318436815e+00
1.705870074042294515e+00
3.988913819238191216e+00
8.517821159937691178e+00
5.216153376294387911e+00
1.177746840540441875e+00
9.671448219062860341e-01
3.593319297550314761e+00
2.541990735249911371e+00
5.122153207691146903e+00
5.663802848933159773e+00
1.308180066736298386e+00
1.815786351935268383e+00
3.489531689312675766e+00
2.100007088293558866e+00
4.950363162036810039e+00
2.891247027266089287e+00
1.349281133028678914e+00
2.485179116450297876e+00
1.714824690205119184e+00
5.012287646904281857e+00
5.057689607370678964e+00
1.916031248806891130e+00
2.267874780278068325e+00
7.371896283401865979e+00
6.815848885565093163e+00
4.935298895733181368e+00
1.004437241493719490e+00
3.016631441263769364e+00
3.165635371803213083e+00
1.788541042967239481e+00
6.386109324968215262e+00
6.123825104729289093e-01
3.779685010571330661e+00
4.799553833280925552e+00
5.091091446468082538e+00
4.227849799849505708e+00
4.494116049305995730e+00
6.453104095216424696e+00
1.323641821354949011e+00
4.000597911871964563e+00
5.723104807907461122e+00
1.006948666212485133e+00
1.591131234675581041e+00
1.714303112073928936e+00
5.077967843862290387e+00
2.842139635148705157e+00
1.873921261253644666e+00
2.549013355543056303e+00
5.412972337917986820e+00
7.549612091854261742e+00
4.032550964956901574e+00
6.791387485674764690e+00
3.813459878735107278e+00
1.593308895198706665e+00
5.968762840701868910e-01
5.174093777775091496e+00
5.795366460132281183e+00
4.450194643158688734e+00
3.853366076787986483e+00
2.462499162990799739e+00
4.074967899199910981e+00
4.602611031973832034e+00
1.181814880098833509e+00
8.727435561061886560e+00
6.097926521660702370e+00
3.018996379599849345e+00
1.020215240196048256e+00
3.873149673085851230e+00
3.212207046116244857e+00
1.375852586318416115e+00
1.969540294012974035e+00
3.419872287854388127e+00
4.764180211793266118e+00
5.754258992239806858e+00
3.608071722280621785e+00
5.780442004755141916e+00
2.360247367449953337e+00
1.745524120259270839e+00
1.664061829477240240e+00
7.449761665371827490e+00
9.163449239753056474e+00
9.252881040848668803e+00
2.176886208624513763e+00
2.640894963454170519e+00
5.418629698299079145e+00
2.368390373978008334e+00
3.451372113893194538e+00
2.091866378648020941e+00
5.446252914992376404e+00
4.635941730805559935e+00
6.586316430155285673e+00
1.781964042675165949e+00
1.284840306869988069e+00
1.545204879420881250e+00
5.211116398986022524e+00
3.353539901506960241e+00
5.026225407824187918e+00
6.369906878166313735e-01
5.369417308192003802e-01
3.029798203537461543e+00
2.415568185661426615e+00
5.613398380024550605e+00
3.152098492184818745e+00
2.549674726118316581e+00
2.212307849985064578e+00
3.984923113297833108e+00
9.963130256812134933e-01
3.203305168109211176e-01
8.253870827943522670e+00
7.277064178604457645e+00
7.362835457221683200e+00
3.373756048793182138e+00
3.514826062547502517e+00
7.310975994095911368e+00
8.621317784665408768e-01
2.085914090841102464e+00
3.007177216519979712e+00
4.378620949950367880e+00
2.792574489912570623e+00
2.504069113073690733e+00
5.624461735251699679e+00
1.004703682805957321e+01
1.897587676365507514e+00
2.996920496597108130e+00
7.873471735024679674e+00
1.906689033505025499e+00
4.277848336663610418e+00
1.030835909052412269e+01
4.580585394209694350e+00
6.647026015831266399e+00
5.253063709864016495e-01
1.980554918788229868e+00
1.787373700581411873e+00
6.760088766587839082e+00
1.561394612160883488e+00
9.418872455843371183e-01
5.733253776637420529e+00
2.481874276587689110e+00
3.070781208912893412e+00
1.051281918657966941e+00
2.653814346611116815e+00
3.158050152905356622e+00
2.138348761598512837e+00
6.546504825453167697e+00
8.024124996923283959e+00
5.659302848465197489e-01
2.696388618602696852e+00
5.784776337687470793e+00
1.640931681948959220e+00
3.081050708235301361e+00
4.700917535606155440e+00
1.320453700568656297e+00
2.973327722333173551e+00
8.814163636763616694e+00
3.002612284070161675e+00
4.252707399866766380e+00
2.465281124201775143e+00
1.958500316488650750e+00
2.469474023153711340e+00
6.795183304783291689e+00
3.595725616734784857e+00
1.159471394158971602e+00
5.751013047073408657e+00
2.551411931135886491e+00
1.622542071518778606e+00
6.555463597283559984e+00
2.557940117897246957e+00
6.935929578363217551e+00
2.749831334930322502e+00
6.381558411151997401e-01
8.570923232001669279e-01
3.986133480316447208e+00
1.140739218735690313e-01
7.968068230596049517e+00
3.047015395174670793e+00
6.088850920555511692e+00
3.450305123106113925e+00
4.637084380263665651e+00
1.156766658455486763e+00
3.578888702963454627e+00
3.994636348066519793e-01
4.475434842820024350e+00
9.338919860569436793e-01
7.682910571289914836e-01
1.188243928457826781e+00
1.386674053508930360e+00
1.569939576169090634e+00
5.479836908829025965e+00
2.241761473477895450e+00
1.870556058009646527e+00
3.212118812608305340e+00
4.142080513850256551e+00
1.376360626165009426e+00
5.809732769360047122e+00
7.386515337699302464e+00
2.934707369987398007e+00
2.003261416948546092e+00
6.041425983519334686e+00
6.138494005972814360e-01
3.957531762962567257e+00
4.034191731001301129e+00
3.988016198700382819e+00
2.893621462009188683e+00
5.684537966901369366e+00
1.919135041198573255e+00
1.387916401203387995e+00
4.958511968543341197e+00
2.702176477787769482e+00
3.437609749544892956e+00
2.775217572876816252e+00
6.009111028380996977e+00
1.713778400207223385e+00
5.711358361611225121e+00
8.511485854748173097e-01
1.214399974587154318e+00
3.408464198640241527e+00
2.837846548196681695e+00
7.456252581927938827e+00
1.001964723410775360e+00
2.886452270244552309e+00
1.054070889909078934e+00
1.461059884124785047e+00
1.628472655993314033e+00
1.873500367462863192e+00
8.136203937021958765e+00
5.261491266707825076e+00
2.332790437222575175e+00
3.150824221545855952e+00
6.382412921799154759e+00
2.750527913285075954e+00
1.899900139761211637e+00
5.725907544949388139e+00
1.601078989463181168e+00
2.551016550928188131e+00
5.306869024745966890e+00
2.669208433383042145e+00
3.951787661501691584e+00
4.010655484614627397e+00
1.461669717880539565e+00
9.077394873332920611e+00
4.077104620018636716e+00
1.959913500544988141e+00
2.819840115961793625e+00
2.752133468455010945e+00
8.266463203723899422e-01
4.080265261580162672e+00
5.747525085054387084e+00
5.247310236846616682e+00
5.232163589947791849e+00
1.623557918588159232e+00
1.588837679795373603e+00
3.737838873317198107e+00
3.188036458430850040e+00
3.031908395498097430e+00
3.209415957960171095e+00
1.988450807419090527e+00
1.991882518281878900e+00
1.307842003596062064e+00
1.364875952848090934e+00
7.728138888148436969e+00
5.552917766015480261e+00
4.611284890617940668e+00
2.385329156483696256e+00
2.288621271809109903e+00
1.018905401149872603e+01
2.525159879893533077e+00
3.076736370069007798e+00
3.192238360824804833e+00
1.822810094241465340e+00
2.368947008163580836e+00
2.242128029260827216e+00
1.484430242650822906e+00
3.564351773888655650e+00
2.643162893597359453e+00
2.223061547985069719e+00
4.302955186455792891e+00
1.893621349944207832e+00
3.663622905528133966e+00
2.154049282074916416e+00
1.648622500457537665e+00
1.439275099113274337e+00
3.435293904905581730e+00
6.181202325715075219e+00
1.129265671948878502e+00
5.577838258324756104e+00
3.247711382599124619e+00
1.406271432602708815e+00
3.685118135291552299e+00
1.954469169346888302e+00
5.244832005373162964e+00
1.115082101122646163e+00
2.832990960688916537e+00
1.948750240695727998e+00
2.655249191598485048e+00
1.245897717597812981e+00
2.899242445637222776e+00
1.991016154829327700e+00
2.909204929860032429e+00
3.772984353707338201e+00
4.551075489024914766e+00
1.776793047271614023e+00
7.455722374335636893e+00
3.254479863003594264e+00
6.418322074147645218e+00
2.782052308260853035e+00
4.035156385006985147e+00
4.576199437621755628e+00
1.852456904828666984e+00
2.867195793594518261e+00
2.538455343608721382e+00
1.306680272467661164e+00
1.667568571281139889e+00
1.758338279702569951e+00
2.090701198555707574e+00
5.757935578202236115e+00
4.128383914859898418e+00
3.706307997455115189e+00
5.433633166153029492e+00
6.136352073308924737e+00
2.073678951336227705e+00
8.217162831843777937e+00
3.482976794611395643e+00
2.055217324148276514e+00
9.758329956077396616e+00
1.718281629026966240e+00
5.665658899769115742e+00
6.323810660296651953e+00
3.428103161319293157e+00
4.490123577848669889e+00
1.057925879031509808e+00
1.246783613005774782e+00
3.843559783189947066e+00
3.762570059765650399e+00
1.379666581244532342e+00
1.352568089926353911e+00
6.224555964760107862e+00
1.555616132134291618e+00
3.600818554194431975e+00
4.648063587276798359e+00
1.470250785066088861e+00
6.628856563817638659e+00
2.924161367111987708e+00
2.021018989967700019e+00
2.021732929531192990e+00
2.305119717055395423e+00
2.693987753483907177e+00
3.781430024681338598e+00
2.882185727387441609e+00
4.120329033353169024e+00
1.451341438675719075e+00
5.382156223488237856e+00
1.888388853879594986e+00
5.309639314848385361e+00
2.501829598817022049e+00
2.668480361003317203e+00
4.185817700530736651e+00
4.831305865694668356e+00
2.673321487005035024e+00
2.407428880128609006e+00
4.426608255315995777e+00
2.423366636411947717e+00
2.198815286877414898e+00
7.027244288018453133e+00
9.564355489507948560e-01
2.366153150505521108e+00
1.089849031644547939e+00
1.458398819894595855e+00
5.315549872734073311e+00
2.414549315737471336e+00
4.859090914307696352e+00
1.192646032162909542e+00
1.117333334796509314e+00
2.851810047082201649e+00
3.117760318557881050e+00
6.411330817529588444e+00
2.575239042934787559e+00
1.767268903825673920e+00
1.675421159967905860e+00
1.936655079891787423e+00
3.683806103554637001e+00
2.934325668014729604e+00
4.473333495146890826e+00
9.168637960999287406e-01
3.305017038355353876e+00
4.754799941177107137e+00
6.263371887937747573e+00
9.107398188408525330e-01
1.385821600969533218e+00
7.117193997886238854e+00
3.137943771565629980e+00
2.680487044825803800e+00
2.224081385545954248e+00
3.938131155151305851e+00
1.402166077917569531e+00
6.326210871887314902e+00
1.757981947286928248e+00
6.750219598916924468e+00
1.859582876109567851e+00
5.240184755935481498e+00
1.901761071188881269e+00
1.670482406877838111e+00
3.120903320179526208e+00
4.029856680355498710e+00
4.918651816045831460e+00
2.662417633566596109e+00
4.895994907673360430e+00
5.485970409417183724e+00
3.565812862036833675e+00
4.246376212343763612e+00
1.017533486251665664e+01
7.090332205746013194e+00
3.055726463680739524e+00
1.620943440283013848e+00
1.024118851860779067e+01
6.427030643446994596e+00
2.137714694813278804e+00
5.295920601961746854e+00
2.075013511333793748e+00
2.813280725008584504e+00
1.661932628418561153e+00
1.050732582192100528e+00
8.166986890447720526e+00
2.190240708883436138e+00
1.727081311966861765e+00
1.358300050485813371e+00
5.860202741866949339e+00
5.285272971663078856e+00
4.877413077031108379e+00
9.209381981067208400e-01
9.676308901543214658e-01
6.400046795674690259e+00
1.066038323009079747e+00
1.533939487322704576e+00
1.334118802469551834e+00
5.679292684293804960e+00
3.827089321541889078e+00
2.728228769215708560e+00
2.710766772072561892e+00
3.410159672739536130e-01
5.238703636361245586e+00
9.863948224254611929e+00
4.206147868821337177e+00
1.514330249719291421e+00
3.031978211811965807e+00
2.104301944690556425e+00
5.848355860464979905e+00
1.128103999761842502e+00
5.277130213472496223e+00
3.341289711133331508e+00
3.381079535700735050e+00
3.048675759975311816e+00
4.811856406757812898e+00
5.711787860372388614e+00
6.709688432906009581e+00
1.786347915010270793e+00
2.734843367703737371e+00
7.303822307986529871e+00
3.051204096384594333e+00
2.290761177572650631e+00
7.241027139485505693e+00
7.413278729379906729e+00
3.405165591722598140e-01
3.182685524215199013e+00
4.218394089146772608e+00
1.485150555916044057e+00
1.203114202488318130e+00
2.384053253876532885e+00
4.858446057475033442e+00
4.690767104984909786e+00
2.417286357604105262e+00
2.331985165071577271e+00
5.313419108045348338e+00
2.943409230208040572e+00
2.125906342613616662e+00
4.914897879621318744e+00
8.044921905514918592e+00
7.321997249843603672e-01
7.495279166716310115e+00
9.437986144177801240e-01
4.296655038107502378e+00
9.898162004677244497e-01
1.102606500211389839e+00
8.118665418444489523e-01
1.353886790000369711e+00
4.211957102519940932e+00
1.619686131287969566e+00
5.584622717368000977e+00
2.430963295268596447e+00
1.661210980603804677e+00
1.797551817076328495e+00
3.852502649628640974e+00
2.165028267673628548e+00
2.314484115792072139e+00
1.561758063064141666e+00
1.080261666274940913e+00
6.309654640460028441e-01
2.207453179126754872e+00
1.753020774617132904e+00
5.651758906700421470e+00
1.755670682936784965e+00
6.502026024354587541e+00
4.195287691235166427e+00
3.966549416585590571e+00
2.607197695182364328e+00
1.289779762037485344e+00
5.037354556166401487e+00
6.988786966319802119e+00
3.781943993425262551e+00
5.485580892062587921e+00
6.044626512358133308e-01
1.492688753516854483e+00
5.902164757748011858e+00
3.812542688957040404e+00
6.648082919820693881e+00
4.427523653203574661e+00
1.073198980261170776e+00
7.362808611013283766e+00
3.702223967041976760e+00
3.163930913767615483e+00
2.203620147283702480e+00
1.728810123659854314e+00
2.290975088301584695e+00
1.934994460589784193e+00
2.396925347927936212e+00
6.055469871591614428e+00
3.279261156950764367e+00
1.438690006729090642e+00
1.751719350992501978e+00
1.190931968460630541e+00
1.607842463748415884e+00
2.545475775422402887e+00
4.253867443736575993e+00
2.546592445470728272e+00
1.603971994872015694e+00
8.008823823752047488e+00
3.285696313157749238e+00
5.080081101231682439e+00
3.217545953841427497e+00
7.942130358656768196e-01
8.750190718624173414e-01
9.143600044246168457e-01
2.263077558993693561e+00
3.308237926956135944e+00
3.142710541290580917e+00
1.804267341381547984e+00
3.352013718131230835e+00
5.845710561248540493e-01
9.570873146885713112e+00
2.463556406313855529e+00
2.368725804732861651e+00
1.569301971865264322e+00
8.630206456691277284e-01
1.654721944754120599e+00
9.358813998269752688e-01
1.465146035999751684e+00
3.432894382342410289e+00
6.484764977765098415e+00
6.867700090552089520e+00
2.318686329045168915e+00
2.498312468950216747e+00
1.289617961156270365e+00
1.605894570601761995e+00
3.659103954622057397e+00
2.006898897918293567e+00
6.500957989448616026e+00
2.789499168796569339e+00
2.342704488439504740e+00
6.078885151527779307e+00
2.464115062220785024e+00
1.454150043939723025e+00
4.143802283679663745e+00
1.849193753233203896e+00
1.807056405030827095e+00
4.501978882891545908e+00
4.740988021659307550e-01
2.995996365412789242e+00
5.670514056707380846e+00
5.873409898599766699e+00
8.737609606506342441e-01
2.544222127082993890e+00
4.067391152838906621e+00
5.152187542802377784e+00
7.050480301026871288e-01
2.392912718080795198e+00
2.545572927537223418e+00
6.040415519867487149e+00
1.300955513742267255e+00
6.344991582488188619e+00
4.234320946773892480e+00
3.845258917789504682e+00
1.954353380604024304e+00
3.406926741320773999e+00
1.451851831665075698e+00
1.505380168297792753e+00
1.233647979950802887e+00
4.440688671542314836e+00
2.857962810008990662e+00
2.173885592557425195e+00
1.511925488101370840e+00
2.361069169297672854e+00
2.114259270683522374e+00
3.266948291230011847e+00
5.122079278799460234e+00
2.939505818305720108e+00
1.747404927305816313e+00
8.483577908058814288e+00
1.639852038340290363e+00
3.699176081840001462e+00
3.153370463987810179e+00
5.232356919173888343e+00
2.003411667038003774e+00
6.991256550867932518e-01
1.768601914833959121e+00
5.664755956563582551e+00
6.975712767492080246e+00
6.234805685761432237e+00
9.133467967981087066e-01
2.670756024520946070e+00
5.306681927067048221e+00
1.947704704180721613e+00
3.707748981544590539e+00
6.897639199650356545e+00
2.571262860052660137e+00
4.248154803337029328e+00
2.090149165209037818e+00
1.788958360970704486e+00
2.861980481276970023e-01
3.293261110716862561e+00
1.839878415278508150e+00
2.036601017594517504e+00
2.818938918448675057e+00
2.499392347308971196e+00
5.941004673131097924e+00
1.572036586735415575e+00
6.983235621932270654e+00
1.046102061385043580e+00
6.920462429684894889e-01
1.496463609903821546e+00
6.286579684593754713e+00
1.453933925600991106e+00
6.682492187720558086e+00
2.366881059783763064e+00
3.132807659737919082e+00
3.402328504071129078e+00
2.577815005256693048e+00
5.032650135380868583e+00
4.827160082928539708e+00
3.037946721041591580e+00
5.338693622287366658e+00
7.577996007956259161e-01
3.802472531189595717e+00
7.740164998749636815e+00
7.023394270633444014e-01
1.561778676222401296e+00
4.744860472776809779e+00
2.210232791625354576e+00
1.889312737270771647e+00
4.000424991551877696e+00
5.591465494467421138e+00
1.424005996398449270e+00
5.463204441785613596e+00
6.187855815852881136e+00
1.922081172310183383e+00
7.215125530682832355e+00
7.088834696058053275e+00
1.293628457848734925e+00
1.869420067199995428e+00
2.651877024010394379e+00
3.393805256575072704e+00
6.263418574083914336e+00
2.389790654496889655e+00
2.790985224007840326e+00
7.155032453208808541e+00
3.171842332358832284e+00
6.285538514729579695e+00
3.691756628086562131e+00
5.720823461421865375e+00
1.303289042081683169e+00
2.009195317764554289e+00
2.408734727103238882e+00
9.183269055809625270e-01
3.807107724495316425e+00
1.030040359789049065e+00
2.780089441922781734e+00
3.168477746053606214e+00
1.223778274232232732e+00
1.734447504231292125e+00
4.131154651047689086e+00
2.404523103540431084e+00
2.488636517673004089e+00
1.773345462812514040e+00
7.318829412720793570e+00
2.156700185382587787e+00
2.656609126836132262e+00
3.164833122486987005e+00
1.410198135819088039e+00
1.019889937095284971e+00
2.643031351341791790e+00
1.017584390029994124e+00
2.675570342560739778e+00
2.193103980068049186e+00
1.563450094659681655e+00
4.208184029207702181e+00
1.261685203904586716e+00
2.405547055946629875e+00
2.405435295027324116e+00
1.797272680656123667e+00
2.499686307624627624e+00
4.517910758987205178e+00
1.031778122149068500e+00
5.101277448930233049e+00
1.616659856021914754e+00
4.561665573496222592e+00
5.569745660561541634e+00
1.778318331166362620e+00
1.854370409559844557e+00
5.688786580623893308e+00
1.898405615997285079e+00
3.088817902527537296e+00
1.236661648357852883e+01
1.499204028278939393e+00
2.525429067710999842e+00
7.271748870698664380e-01
2.014639644158819465e+00
2.146699565852958624e+00
1.731098606222834624e+00
2.448077153971543574e+00
7.457913747013239281e+00
2.484126949083476532e+00
3.070035650564949758e+00
3.563746358649357404e+00
7.378184107299902372e+00
3.475329485507946181e+00
1.841158635845429936e+00
7.115214362657375169e+00
4.240794161916602967e+00
2.494742583993487806e+00
3.218311454959243978e+00
8.529470664183683937e+00
7.170617404328077926e-01
6.644836793516606388e-01
6.464496847804491075e+00
6.074965590284570283e+00
2.897284713873683692e+00
1.554524629595738894e+00
4.971717208660869858e+00
6.515465582077365703e+00
3.118259652616804267e+00
3.035332276574949528e+00
8.544002300744950595e-01
2.756815730533017650e+00
6.933942223017123041e+00
1.926593466018546641e+00
1.653962412420053818e+00
6.833296882568359321e-01
3.990246856416395982e+00
8.234030811523108673e-01
3.790243848477187205e-01
3.536210328451847573e+00
1.903293439020791400e+00
1.224568265412549595e+00
1.754460037655348525e+00
1.953836697307577364e+00
1.961668155304283179e+00
3.797842525424493410e+00
4.566873434259118625e+00
6.114630908000380671e+00
2.599576502281000234e+00
6.204310371882540309e+00
2.995770627080553083e+00
5.774588178649922021e+00
3.324069696418650466e+00
3.412270448378427634e+00
1.054070830275366299e+00
1.596070906036707315e+00
1.674446625380567211e+00
4.579195567729668959e+00
2.404747358982353145e+00
4.065755459624058155e+00
1.064639538976719813e+00
1.812433121872730091e+00
1.715454940707933140e+00
3.029414380456827871e+00
2.235620877484913560e+00
3.799970356541169991e+00
5.575993526493935981e+00
4.222663614427752954e+00
1.790676120362166834e+00
6.119490147535672220e-01
8.149612697492173430e-01
1.400290379658454487e+00
4.412082682659566935e+00
4.837803669750612379e+00
5.385032878269221612e+00
1.016998998087220052e+00
7.035878932298888166e+00
1.423140219993042965e+00
3.163342409253181220e+00
2.881421181813413224e+00
2.159702198238957926e+00
5.721008671045883176e+00
1.929502837847381080e+00
1.706963475222960547e+00
3.500358034996828405e+00
7.029231179973280952e+00
9.156304885935822924e+00
8.340634234334920460e-01
1.982322930832663310e+00
2.875876513865144535e+00
2.643650260213454395e+00
6.305734681574854505e+00
7.699927096423999640e-01
2.094467290005592730e+00
1.485674895811722296e+00
5.875185212455538597e+00
5.502169616554932752e-01
3.395735408239238584e+00
4.155691894566383660e+00
1.107896495228117395e+00
1.473227458802290446e+00
7.116644822848455787e-01
1.435919729017007151e+00
4.339585489345926028e+00
3.774151986809834991e+00
1.979797161680549200e+00
4.181870259422884928e+00
4.010413618624252052e+00
8.049513370868147888e+00
2.154926923945074346e+00
3.267309036937671163e+00
6.900397610013865091e+00
6.411895420109988031e+00
1.576377621581449118e+00
6.602075583795350866e+00
2.188966488555881718e+00
1.924663763674782979e+00
5.993446171876932738e+00
4.625738464766932623e+00
5.798788367030611290e+00
1.823815144381204956e+00
2.625820733908769800e+00
1.140118558646464164e+00
4.438356671829203570e+00
1.975384799377645662e+00
4.999983548582529025e+00
7.118534366868202179e-01
2.088213531319083494e+00
2.559566312010009614e+00
8.649211096510549535e-01
3.038241238497902508e+00
2.827294878032205361e+00
3.828742304894950266e+00
2.102800514001542442e+00
4.992110418666353411e+00
3.341341762782473968e+00
2.408560968110944778e+00
1.244763682271351701e+00
1.478848163166661900e+00
5.033391454171638912e+00
9.345725548994237020e-01
8.049653469846370646e-01
6.776813411013869803e+00
6.714812400945279869e+00
3.398139522718371719e+00
5.880187626192300065e+00
3.738352073564068068e+00
6.578822401723132707e+00
5.205355328916516200e+00
6.553042842897544240e+00
5.260134136375363312e+00
1.027546864605019206e+00
8.657994784410918854e+00
2.019193025059705882e+00
9.062550105397119138e-01
2.317286233767424264e+00
4.249335473284518550e+00
4.318922005727889868e+00
6.552419697275416510e+00
8.593428143531268049e+00
2.986184618493176401e+00
6.601050202131531819e+00
2.529103292285000748e+00
1.566417482253966487e+00
2.420754849455931446e+00
1.494151909372214870e+00
2.483143384213534421e+00
1.638713337759805100e+00
3.582217841028130234e+00
3.080654437661885403e+00
3.884086590168796427e+00
3.735679364098515531e+00
2.546717495814984744e+00
2.834195253805935621e+00
2.504557388888809299e+00
3.080524907457806716e+00
2.626108874100081536e+00
3.414825452208700707e+00
5.210195631179567854e+00
8.844687793825942723e-01
2.058388783230267638e+00
2.810836979443371852e+00
1.780187610893744887e+00
2.793479623429403702e+00
3.128230493303233661e+00
2.853836177244880368e+00
5.147389477635376132e+00
3.540338808335091958e+00
9.278118645905214512e-01
4.227161556449135382e+00
5.859318331097092880e+00
2.226477601737284928e+00
4.887243066377744860e+00
2.824592023942290364e+00
3.898229876248545001e+00
1.599830862634566975e+00
2.485308703933652552e+00
2.660367104368050573e+00
4.949935503047197649e+00
2.274342339231672838e+00
9.552655284891260479e+00
1.363756375580733682e+01
1.607059897287171468e+00
3.165171755033520995e+00
1.886717296937741262e+00
3.555949326037761260e+00
4.118846727591225054e+00
6.128410251176095613e+00
3.898370546646602985e+00
3.334194738861700369e+00
1.616366311169425307e+00
5.506707648063832394e+00
4.757121978521769101e+00
2.061246736154224379e+00
1.075952581148475673e+01
1.697066891942704103e+00
4.384485843155901286e+00
5.290388534764063344e+00
3.508903859400554825e+00
3.081963141744397561e+00
3.914847337566433882e+00
1.020461615809243483e+01
5.289366568357930731e+00
1.733743107722270249e+00
2.082270848627772342e+00
3.816224450157279069e+00
4.446373968398820153e+00
3.193653800302519219e+00
7.385804194464772321e-01
1.730160564735240714e+00
9.634400371846547628e-01
6.826802112855816507e-01
9.729965751317132261e-01
6.913059505011113437e+00
2.178667017360774949e+00
3.861431398464823417e+00
2.682085567288546635e+00
1.526850827659870902e+00
8.602793511422259343e+00
6.645059561098753953e+00
1.815856038397435590e+00
5.545578959822748955e-01
4.255074451740932240e+00
5.891108135115960209e+00
5.555268370842574299e-01
1.756159729219334276e+00
9.596556151327102491e-01
4.169200054133132660e+00
2.009151985143053043e+00
2.622177862882786314e+00
1.501972734632242013e+00
3.257483570809964757e+00
2.984234891944464341e+00
5.220556435291175745e+00
4.668570774502961207e+00
8.104350975079464448e+00
2.215525695276381768e+00
1.772470980878632973e+00
2.379856345110342719e+00
4.828481518067582634e+00
7.110201294917585235e-01
1.070910174054267694e+00
4.092908009101779321e+00
3.627348925720718764e+00
1.548387474530009911e+00
3.085274120078417059e+00
5.875805025060763853e+00
2.523231235677832363e+00
2.670260262696781073e+00
1.691414698412279760e+00
2.997669874435609394e+00
4.747787712354438194e-01
5.964433434140857138e+00
2.452348344200423025e+00
2.436920287254050965e+00
3.132226961432331258e+00
1.104010898106201344e+00
1.812275602665373908e+00
4.284352837783809598e+00
5.016221443132521607e+00
7.159717414545648140e+00
7.531294733224825899e-01
6.209779452875592298e+00
1.071926145602829950e+00
3.902262939250445761e+00
1.204477188395241605e+01
2.578985953347406213e+00
3.545025809290211605e+00
8.049085798531244507e+00
5.178555744021527296e+00
1.817858937345535164e+00
3.449832212029526168e+00
3.253848562713864467e+00
1.148703390034685246e+00
1.220554970671193118e+00
2.003188159799069723e+00
8.731208000792787249e-01
4.620229693652944114e+00
6.548326368423369459e+00
4.003175917524979255e+00
1.489798417111696027e+00
2.517078862611233703e+00
3.183193740948000006e+00
1.421937804227894064e+00
1.458635521298079940e+00
5.742887350419628056e+00
2.121411696703152217e+00
2.397102668368838785e+00
9.658234115543042009e+00
2.628116652371244921e+00
1.709094942743342393e+00
2.990784844620885341e+00
2.328566641143690941e+00
1.353823576824227493e+00
5.780620344893211637e+00
2.241487034041422355e+00
9.082958500772148058e-01
1.700968018372821078e+00
4.409026472293851917e+00
3.750565566327476841e+00
1.027597101132216828e+01
6.355849895257932758e+00
1.065595232219550548e+00
1.064049966011023196e+00
1.680743388974085706e+00
7.505242659122967730e+00
1.710579851066458490e+00
2.655131014431047376e+00
1.128116363447628556e+00
1.231899698712565883e+00
2.453264643769926145e+00
3.500003772161092819e+00
8.926175536139689948e-01
6.634274322433043380e+00
6.156056765405925724e+00
1.286551740690908385e+00
2.212475599054442021e+00
2.619129322835230145e+00
4.647042143550163651e+00
5.128695557929187743e+00
5.628268593728231295e+00
3.848784859594823970e+00
1.705727652265119021e+00
1.535678645486749927e+00
2.814695931614505042e+00
2.111422938878462663e+00
5.410413735654813649e+00
7.213016386433774851e-01
3.790242544280427062e+00
4.127484932116692207e+00
5.428657418397513368e+00
3.579833211784604341e+00
1.358524158763133149e+00
4.146101632660515790e+00
7.428653922857625602e+00
2.300288686123169057e+00
3.095516183905182572e+00
3.132375385822423919e+00
6.999477871647538763e+00
1.813567934339691989e+00
1.520213649867798944e+00
1.127895020564479989e+00
2.200387765238109861e+00
1.185628139571448747e+00
2.748335842812279051e+00
2.002743280328705744e+00
5.584345296527270186e+00
1.479782588143374378e+00
1.676459386606521607e+00
5.969240644999447731e+00
2.644232804324027963e+00
1.938700862351239174e+00
2.748122072367900959e+00
2.056890599511510320e+00
6.129842334878384591e+00
2.016531505279244296e+00
3.757428658437003577e+00
5.949781591787815849e+00
9.423982582688470444e+00
4.614000337411083841e+00
6.096597785496155053e-01
6.385456564173304983e+00
2.817049264213834281e+00
2.634669859014417526e+00
3.590281323266756974e+00
9.911769873670314146e-01
1.639800236873861117e+00
3.660336298007982325e+00
3.835779999001034390e+00
2.006518608097800360e+00
3.586560952236929722e+00
2.451802871451793209e+00
1.639202467927528772e+00
1.988817217742448351e+00
3.781544399689821923e+00
5.085763394088797185e+00
2.944819296582733781e+00
2.307256894463464825e+00
9.086856974778642071e-01
3.499077023083733806e+00
3.169494864287611069e+00
3.941608829058468988e+00
2.087498479617930780e+00
1.969005710260355979e+00
3.676868291441821146e+00
3.364694043753809982e+00
8.011131967961993894e+00
2.783534335359747480e+00
3.586113815555528994e+00
8.374748038008457129e-01
3.113650714245203233e+00
7.347694697334844705e+00
4.049775208467984999e-01
8.127758654400125238e+00
1.766188767679967686e+00
2.028415874932588014e+00
1.334215648696980949e+00
2.318988911066510727e+00
1.545967539424400350e+00
2.317545144306432103e+00
2.179761410560267620e+00
5.821408429743945234e+00
1.083601708616240833e+00
7.526300755552870925e+00
4.903470457285523665e+00
4.734194228402949234e-01
5.910349450017103656e+00
5.901947069474847929e+00
6.343389796084563770e+00
1.687056646490621148e+00
1.731350527311055876e+00
3.545099653077639967e+00
3.459448339927277516e+00
1.967518501761198024e+00
2.387357683208429560e+00
1.975765457756044396e+00
4.568651472179030115e+00
1.026281525196435318e+01
1.805073915517291017e+00
4.332145514319420521e+00
1.114042362657819973e+00
2.226900244409150353e+00
1.014223257457721417e+01
1.308506120502743730e+00
4.287837058023184156e+00
2.269585960845085015e+00
1.329184120788347689e+00
1.871876490386515712e+00
5.195197473622759965e+00
5.559867241394393922e+00
6.017382969502326873e+00
2.359179448567017889e+00
2.706815186652933747e+00
2.386926539121552615e+00
1.714513839254919958e+00
4.477663953187852819e+00
4.700098526075545458e+00
1.052005321076099786e+00
2.206688007717680922e+00
5.653569453491209984e+00
2.208121330122366111e+00
1.364043051810278850e+00
2.175952769139818166e+00
2.077270717606259698e+00
1.311324848528649722e+00
4.829595105383017284e+00
1.509472642310151658e+00
1.434501673347877260e+00
5.672521458329540245e+00
7.935897145073192327e+00
6.542904897903356609e-01
1.667250810037015807e+00
1.785998378159456168e+00
2.270810574274402249e+00
5.908291541200001440e+00
4.970212311123946236e+00
2.942618853402755974e+00
1.385164451394136798e+01
1.951434832719785017e+00
8.198173948250071064e+00
3.113588125932544859e+00
7.526690945438518909e-01
2.848335812106245868e+00
8.720588771433614994e-01
1.823480703456406671e+00
1.841320168929580170e+00
3.615401612584780544e+00
1.042049097844099936e+00
7.660527169491393451e-01
2.969930685055676811e+00
2.810573458059409280e+00
1.365107286495450323e+00
4.111364030156467564e+00
2.905528617453364770e+00
8.008732482512204598e+00
2.088095626514460790e+00
1.692683381604274562e+00
6.030292506396690122e+00
1.629748189514925727e+00
1.133715421640005827e+00
4.421484800585053776e+00
1.525215579938686394e+00
5.188954950185859616e+00
5.553652492601790058e+00
5.372184158492159245e-01
4.059262475128202041e+00
2.670159946092074410e+00
2.828164710933515735e+00
2.392195125313494763e+00
2.273379853445101517e+00
1.451025976107432058e-01
6.193586408833091639e+00
4.170153658489727633e+00
2.014654333433327338e+00
8.653792784521092685e+00
3.144095854051018879e+00
2.478803511978155960e+00
8.648110897665162611e+00
7.370540720679636948e+00
1.933698484804592388e+00
6.854481841265481101e+00
3.392526224750997965e+00
6.733108914732859773e+00
2.518939381549116785e+00
9.080513045999076827e-01
8.275967293293355898e-01
5.226434118803858553e+00
5.524559525310901442e-01
3.259294650259612069e+00
4.979302801226554109e+00
5.020849625326642141e+00
3.878867724976915898e+00
9.091313656680776845e+00
1.687120834762680044e+00
1.515563376307085708e+00
1.239183004699083712e+00
1.381680787580554348e+00
6.422403006331798281e+00
2.161451301419475612e+00
3.114649488246076015e+00
6.865512123374220899e+00
6.662693254833857104e+00
2.204585902721752255e+00
2.921923562538451424e+00
1.455144608644732829e+00
1.879525633016887465e+00
4.279343233799930979e-01
3.450649863642316184e+00
1.090664382802198240e+00
1.575617730103793912e+00
5.751159804026435118e+00
4.436359605468301659e+00
2.365360334867474101e+00
1.344977111820091498e+00
1.396984507906264161e+00
6.427923425461727902e+00
7.986970826837616499e+00
1.427941745940848328e+00
6.614459706173979825e+00
3.647535933861877133e+00
3.371397178521594817e+00
6.961663274118511602e+00
4.867657164283318849e+00
5.455586223426589498e+00
3.053913977658891721e+00
8.229004918760626452e+00
6.660140581961683237e-01
2.437538591549718081e+00
3.201851997203254641e+00
7.886129144893969656e-01
1.872912947016550200e+00
2.544304990865514426e+00
1.892044482030409647e+00
3.255355018466089323e+00
1.785012273357987844e+00
2.257477180564162911e+00
2.462373874887985536e+00
5.111280391316677552e+00
1.511397065269566964e+00
1.333045169358653359e+00
3.696009854000756878e+00
2.025620254539006293e+00
6.829795720493517130e+00
5.693384407252314539e+00
7.973203204042033754e+00
2.629280842790035155e+00
3.540468764163863913e+00
4.106847651392453891e+00
9.925371213728599873e-01
8.170525180228244144e-01
1.976420238501865434e+00
2.183379166606723487e+00
7.353366326444646939e-01
3.816377653177525087e+00
2.770832540166972446e+00
4.903719934107829026e+00
2.565505718707477456e+00
1.215939921276604663e+00
1.808275670472529795e+00
2.036201038081916881e+00
2.434525784412140403e+00
1.913678011742051321e+00
1.750888219462237938e+00
4.363867675545691327e+00
3.624774282170806772e-01
6.687632763242655765e-01
1.885024480838696448e+00
1.067896823308180032e+00
1.631912568461720614e+00
2.564615800069361295e+00
1.521596285100267565e+00
6.007549360943168715e+00
6.502896542969788030e+00
4.201622821528988361e+00
6.460804819910547891e+00
3.430321365282811286e+00
2.692895163689307036e+00
1.908742514939083978e+00
2.213631744676721969e+00
3.699248128217297982e+00
3.359917575061194039e+00
1.286620246561025471e+00
5.694232175109179117e+00
6.321915495615140657e+00
1.853230579291901048e+00
2.304730083377529937e+00
2.627727093117663504e+00
2.183651467976277960e+00
1.838616846016736917e+00
3.319679984130813111e+00
2.298029269788606666e+00
4.691479637262177427e+00
8.866814311492509759e+00
3.402114454697369172e+00
5.468224514334978359e+00
7.306293173892265180e+00
1.596800614301306265e+00
3.612447683225386452e+00
2.243486532105654907e-01
9.280503635354609315e+00
1.669474209572283652e+00
7.735958027021856864e+00
1.964910014543373773e+00
1.839792342948575188e+00
3.194471755662332324e+00
2.724062793859015841e+00
1.773157468125133640e+00
1.077901407774614739e+00
9.738182732076412051e+00
2.397959314958491461e+00
4.804758033029630226e+00
6.826606745923966990e+00
5.726345636702594000e+00
7.343654656447095697e+00
2.461453517044930983e+00
5.459437877340973522e+00
2.835861862005006007e+00
5.780883291636935262e+00
2.130236758378615924e+00
5.636485841386205564e+00
5.849649474515805636e+00
7.173602645913558229e-01
3.209536308189691933e+00
7.198737692309005176e+00
6.507571151376046359e+00
6.062190308926976856e-01
3.037387370006538578e+00
5.162130186463082637e+00
9.900727667247904984e-01
4.286116960429313671e+00
4.197827218488178858e+00
2.132970719036888507e+00
2.510353005351297462e+00
2.753724639678665653e+00
7.723153049322188046e+00
2.168510392195267311e+00
5.758259082287566777e-01
7.254937828331612382e-01
3.903543782155812103e+00
1.681115140924707818e+00
2.654333004938699503e+00
4.415170182153941525e+00
1.016737196285695255e+00
1.807230163895302111e+00
1.122400652471644333e+00
2.624068782710728076e+00
1.232850012037262077e+00
2.752363512210454499e-01
1.716861307970777295e+00
2.385959617367537700e+00
2.298675844218988296e+00
4.150007753069226091e+00
6.332277817480770565e+00
3.863464490472728663e+00
1.782724982365925914e+00
1.454443705626400574e+00
3.102860142603924398e+00
3.680585299185961112e+00
1.173460669273890922e+00
1.878073957160452112e+00
3.930251189822347335e+00
3.543914163672343687e+00
2.935751314686246172e+00
3.720893599177649946e+00
8.153689330302221094e+00
5.452638132624398004e+00
9.156490847881004314e+00
4.266532561012172486e+00
5.436337586499417007e+00
3.238600880243429181e+00
2.735874226976224843e+00
4.265274611725681453e+00
1.562897876269270681e+00
2.325561608783385914e+00
1.708866581064413692e+00
1.411004369218250565e+00
5.990852457514738383e+00
1.114095817188424542e+00
1.253661582073625658e+00
6.040944101547063294e-01
4.318594765453459772e+00
1.342898396719132803e+00
6.283435792888504956e+00
3.483845178597022141e+00
4.255167051503089048e+00
6.608124635784585088e+00
2.321230681320765932e+00
2.033011770251425432e+00
5.941016677320293260e-01
6.186323250094268644e+00
7.281008043165073218e+00
2.435532985764853553e+00
6.644516219319934081e+00
1.162047032936563307e+00
2.487986052790584157e+00
2.474489307445553621e+00
1.268350141399323894e+00
1.242559522530377825e+00
3.109832494158144112e+00
2.192275678654252768e+00
1.940896934962380360e+00
1.450704659034439681e+00
2.391483808218046292e+00
4.651078739677929619e+00
2.601156074039353783e+00
5.393011807942162950e-01
3.450726797210563301e+00
1.673286470724000718e+00
1.177655400754324733e+00
2.177863534862822359e+00
4.831113180342188507e+00
3.953806895584445869e+00
1.982604740611015215e+00
1.838205268965733330e+00
4.118172295322748866e+00
3.598851922963404171e+00
6.170046561930274009e+00
2.742475548577042233e+00
1.670836750541313753e+00
1.591860429611987371e+00
1.964432661348070042e+00
5.448604708060003965e+00
1.696701994583191264e-01
2.120858539357004524e+00
1.022684456777999129e+00
5.225979131125209953e+00
1.737629951606620260e+00
2.032436377915125991e+00
2.820870266255342873e+00
1.880886286244003669e+00
5.796956131650810917e+00
1.614250457802484995e+00
1.457360242201995781e+00
1.600298037086525627e+00
1.851981235774782242e+00
2.377912611052551028e+00
4.109637479903160084e+00
1.143480900644905596e+01
1.016813091811209047e+00
1.220762431961129213e+00
2.108210908116644688e+00
1.693361843501246078e+00
2.992137393069826956e+00
4.466302871471401481e+00
3.868046269374466828e+00
2.907631894113056781e+00
6.278222964415380858e+00
2.996289603533427215e+00
1.678183353877549466e+00
2.309155855028749649e+00
2.133094089373912539e+00
1.583745725968828566e+00
6.541802717743532725e+00
1.307561396631196970e+00
4.316087586158494638e-01
2.909642977208593440e+00
4.422379624271598253e+00
9.250561696324375305e+00
1.637312754536090598e+00
1.092471354286597807e+00
1.722675897230321329e+00
4.057983399837354455e+00
1.854511429578476367e+00
1.374647803661764200e+00
2.305968747289024900e+00
9.583109055544015931e+00
2.337157346956539428e+00
5.263216810937269230e+00
1.724199806574667315e+00
4.043833578397954653e+00
4.594840658997689786e+00
3.137270746904727403e+00
1.092288156815178546e+00
5.816907071659103146e+00
3.809324083662226190e+00
9.398916861280653734e+00
3.193411988629520248e+00
3.971363098357393873e-01
3.491235084432916747e+00
3.172304674907557853e+00
1.891234653536539190e+00
5.902853218356573173e+00
1.228074909344944343e+00
8.215216508232662251e-01
2.873867140569376311e+00
6.401635236008855756e+00
3.489360157878138580e+00
2.962441554353242967e+00
2.430233286090394351e+00
1.814850623193926982e+00
6.741090965181903094e+00
3.514870332647427098e+00
5.407484645460209016e+00
5.949167119038318852e+00
1.348517573449786067e+00
2.286685672690363269e+00
4.297327600758380051e+00
3.849833063976692227e+00
1.812831570598381514e+00
2.875880875639703405e+00
5.139506755332448940e+00
7.936979055416783169e+00
1.314225130397146168e+00
3.356306348180227328e+00
6.156300350870395732e+00
4.312291082680635768e+00
2.342364429841606199e+00
1.018756333964890182e+00
6.910711184604611645e+00
1.754518489666469172e+00
3.032806599300674311e+00
4.689421956013782200e+00
2.986220701822133172e+00
1.904456002367966638e+00
4.747287802333801210e+00
3.878877072195535458e+00
4.103787220200286967e+00
1.862347345707421886e-01
1.609443180006973506e+00
2.165991015386644847e+00
3.590095351305154558e+00
4.684889977213228640e+00
2.710474178217527008e+00
3.146736929125530935e+00
5.025009428414891843e+00
8.540629546369117975e+00
2.227918391835673972e+00
1.647589265919239487e+00
7.012943095275513627e+00
2.139411361761869745e+00
4.513632519926115805e+00
6.430462026932203479e+00
3.799299591544079036e+00
5.517389836795854485e+00
7.526292663928029647e+00
5.585326956258904296e+00
5.750053941127098334e+00
2.086615949699331729e+00
3.727162304740135657e+00
3.109526399155319254e+00
3.303910169884232584e+00
3.576320263296227875e+00
8.747970833170208849e-01
5.376630773367956362e-01
1.001115899939814202e+00
2.867850966526017231e+00
2.150515625818341103e+00
6.330205645861839425e-01
2.483842529054971493e+00
5.204694977051256721e+00
3.571998990915219441e+00
8.895489097657071298e+00
6.598708195891614281e+00
2.772848052290684873e+00
7.420424383997434425e+00
3.847184022305246476e+00
5.718095770361971475e+00
1.367654469722705546e+00
1.668260979228000984e+00
2.225329518307712195e+00
5.419624455295821264e+00
7.741324435235682699e+00
1.821996179372179725e+00
5.495965828218734472e+00
2.618071556114554443e+00
1.245428859118584475e+00
8.726202896211312510e-01
8.727706889467309326e-01
5.117220035747028106e+00
3.919543527048523934e+00
1.097794884596607679e+00
1.160748152326434912e+00
1.509694999953734129e+00
1.334184133514537507e+01
2.082769860544822826e+00
2.080818413934590438e+00
3.150600188578569938e+00
1.773047698968241326e+00
3.208798620101649401e+00
1.990511694044860835e+00
3.315339735045388370e+00
3.134897479045731128e+00
2.658462916018912825e+00
2.750201714846018497e+00
1.557717010653987488e+00
4.188010990797865318e+00
6.743552900258673599e-01
6.193153568853550617e+00
1.806756556688735138e+00
2.809655597987801734e+00
1.739410383680919381e+00
1.529516728666720837e+00
2.776500082428725147e+00
1.735473945298365406e+00
3.033329594930727513e+00
5.744805574702295914e+00
2.107221998149630515e+00
1.749677689930089874e+00
3.314913519536458963e+00
7.406214015807536022e+00
1.982173927824195214e+00
4.778491716580836268e+00
1.482033561808753008e+00
1.480599859814754282e+00
5.443351638633902034e-01
3.793914905491938772e+00
2.916008909991110620e+00
1.243416038113276612e+00
3.515482378940797403e+00
1.672216225272967982e+00
1.822328124836405161e+00
5.011974238487680644e+00
2.457358175522581956e+00
2.965321341564929103e+00
8.171656051286710465e+00
1.484932070405709403e+00
1.965010585384630248e+00
3.821384338406042858e+00
2.570754002023515561e+00
1.303603138243724091e+00
6.446794401624742044e+00
4.650715932694549970e+00
2.363365474128109600e+00
1.679742859607058048e+00
1.654239007000960271e+00
5.150623718179465627e-01
3.392166428129788525e+00
3.116257762432878220e+00
2.267563115971278798e+00
1.289554444299996439e+00
5.907706448831263835e+00
1.717794043463348963e+00
3.761365198157248457e+00
7.236560629656199062e-01
3.410831703633925294e+00
7.801955885172284777e-01
1.103331552842766738e+00
3.167387614869187296e+00
5.620912158271045733e+00
1.939351332202868594e+00
4.807148959769074192e-01
3.402361593710201415e+00
2.074970483139984001e+00
7.550937667196907510e-01
3.204914705410351949e+00
2.805918119484959838e+00
4.915327396216246036e+00
3.769406557768152588e+00
5.524723198191367146e+00
2.296291099709165007e+00
2.287957943308938535e+00
7.102684511282912894e-01
1.674461521065789604e+00
4.344091540590603984e+00
3.416863748754341401e+00
1.115986191781887849e+00
2.480899614623216287e+00
1.150862490633283830e+00
1.317319438074602056e+00
6.351648350498994233e+00
2.727964324317773137e+00
7.504204731056849376e+00
1.421269000461623522e+00
1.848630016407996068e+00
2.124559896351626787e+00
7.005952205541976952e+00
1.670470889508579804e+00
3.034012859629072190e-01
2.146037761607701988e+00
2.742578710591848434e+00
3.919975970816286903e+00
1.577805783870573908e+00
9.172157836476896975e+00
1.565423090114236304e+00
5.039624450582762982e+00
2.926681983580924573e+00
2.284262047010005681e+00
2.410943185115085541e+00
7.579697434171485781e+00
6.120902511746788122e+00
5.633228778494123290e+00
4.529124529902975205e+00
5.747197747308942617e+00
3.990706818383166210e-01
6.883279841702277579e+00
1.606632969242347997e+00
3.556087498042698414e+00
2.692465742779009297e+00
3.495857144680400430e-01
2.971126378497756182e+00
6.087391741392869093e+00
3.887085073673827385e+00
1.931168897617984381e+00
5.292685671892217059e+00
3.657967188221104227e+00
4.864686395102462591e+00
1.898997642520620088e+00
7.144983178726998396e+00
7.373849740309548650e+00
5.266034034100323780e+00
4.706527550383696301e+00
2.484355930646644506e+00
4.431358876739351693e+00
1.667990861298157323e+00
1.155795730603819349e+00
6.079630838077926924e+00
1.541442552121144338e+00
2.312588627265586894e+00
2.170882337906911097e+00
1.498888065089357013e+00
2.691962667904912454e+00
2.236822178487256174e+00
3.982889036910791880e+00
4.503821311381521753e+00
1.811316688919872853e+00
1.579065670949733713e+00
2.219731931761445232e+00
3.266447042446571025e+00
1.110609145918078466e+00
2.479968402788780057e+00
5.661536391007391256e-01
2.081433581327414295e+00
3.684822553886295537e+00
5.061632649909760140e+00
4.415252729319346869e+00
1.422106500240091220e+00
2.612616930859643638e+00
4.657158809095403917e+00
5.846122614271119566e+00
2.293351658255469605e+00
3.193145969000744433e+00
4.194747891589945432e+00
3.900923020524204698e+00
3.675992276593054164e+00
3.587053466720195427e+00
2.000097994806326440e+00
3.641222299268789708e+00
2.034001876390475250e+00
1.647113444252283232e+00
5.307104435712424184e+00
6.447519230811463053e+00
2.372664180557351177e+00
4.149735188072297909e+00
1.602313250274540968e+00
1.817652012061062194e+00
6.416355830256876835e+00
5.933990571728410046e+00
2.991169469476154141e+00
2.543635341957203977e+00
1.771942821837295012e+00
6.064417942875921064e+00
2.320042619417669094e+00
3.173896934389328184e+00
8.947127194497793923e+00
3.904924149446112658e+00
2.408623959400754799e+00
3.064272169082602915e+00
2.133608384029995086e+00
2.561503037377716563e+00
5.945179068791759391e+00
1.354640045853974684e+00
1.063922829328572295e+00
2.909018851901195912e+00
9.744054204737397029e+00
2.544152193777896365e+00
7.893155844787225206e+00
2.677098724954145581e+00
2.047869713685573356e-01
3.628868792327806236e+00
4.722023713501224407e+00
4.996294337210533065e+00
1.668327890305048911e+00
1.794449529440069302e+00
5.522000490465950762e+00
3.262185634182977356e+00
1.123075546446631767e+00
9.898474647471985577e+00
3.188842771664829545e+00
6.814023403870966611e+00
4.820500819445553198e+00
6.174102692141853588e+00
2.042510515695683981e+00
1.622498922276246036e+00
1.410051953205418540e+00
5.703905484573700280e-01
4.012045630489430081e+00
2.341799564715761672e+00
3.695748990009848800e+00
5.004640037296260502e+00
6.179688318243326428e+00
1.307196974775365117e+00
6.971700983121040807e+00
2.794559612579927244e+00
1.093818821118932361e+00
1.609146384431830556e+00
2.070549780929543005e+00
7.321576201152006469e+00
2.098234627034697652e+00
5.236951798066461494e-01
6.081781292867719513e-01
6.969035719540634055e+00
2.274079589639712573e+00
2.259621504904125722e+00
2.754975356526749852e+00
6.606330743748876522e+00
6.400960694755311042e-01
5.634114563920236129e+00
3.196880698200110338e+00
3.871046417141106311e+00
2.091322750262059049e+00
5.054835286953937690e+00
8.275223251934500368e+00
3.304127288730312806e+00
2.682322430992438722e+00
2.358124911484363206e+00
9.086510985279164787e-01
1.794802282038330254e-01
4.235100945766621550e+00
1.463452120481898655e+00
3.356341689694208430e+00
8.693097336639723505e-01
1.005089696535909516e+00
3.870794117824888136e+00
4.071061334776168827e+00
4.320817961268178742e+00
9.107932119651928060e-01
2.478022933465205302e+00
4.650409018063193400e+00
8.331884602848399268e+00
4.540572263307647738e+00
5.831549383877933757e+00
2.907959268944696696e+00
9.075514056934762763e+00
5.432715503964022474e+00
2.935315239941927778e+00
2.917867793088393391e+00
8.273497936615197279e-01
1.090426988424000543e+00
2.856812792872968743e+00
2.523805830832842378e+00
1.972647026155236238e+00
2.452714128082511547e+00
4.271020832984188331e+00
2.329505724845249759e+00
2.664918847929335310e+00
5.608464187377657950e+00
4.627957752023643678e+00
4.060756733836317522e+00
3.746597943897985172e-01
2.821850100599634370e+00
8.258353893171291871e-01
4.559359607268073766e+00
7.562391324613981780e+00
2.292831820375013319e+00
3.032500983647492099e+00
1.822952658760805367e+00
6.462381703432230395e+00
2.511023904836292342e+00
5.434572216495536345e+00
9.548902616190506620e-01
2.855779811948805147e+00
3.114818768367629165e+00
3.116194978385580239e+00
4.142309512551832107e+00
3.186364977343690619e+00
3.823455256873990127e+00
2.643566107763656081e+00
1.738706456871232264e+00
1.991923819625817771e+00
2.090472826635922488e+00
2.075694941097723234e+00
1.652639852402208565e+00
4.774265989143520628e+00
3.607982828162945577e+00
1.405923857062469695e+00
4.143400744929736312e+00
1.758631435165678436e+00
2.022911445829642663e+00
4.845424785502880027e+00
7.793405121781919576e+00
1.144737594330845765e+00
1.210032712554893086e+00
1.194443921685915555e+01
4.143315654459759578e+00
3.200523304726435647e+00
2.806349893019889574e+00
1.643758891776016640e+00
4.722951169410965377e+00
4.891402202298287705e+00
2.767486609111671658e+00
1.506621967802912687e+00
4.625425192505034033e+00
3.849922697127169169e+00
3.104482534346528766e+00
4.565319384940888625e+00
1.299446306982112276e+00
8.484357401262412335e-01
2.622375689276835509e+00
4.252392583709632135e+00
6.714500041706421563e+00
6.875936460933593786e+00
3.520894845408342189e+00
3.693232902304376175e+00
2.266383414741971247e+00
5.574105643547069278e+00
2.878621375006130023e+00
4.416110639098953516e-01
1.287878393920388653e+01
4.297958503136988462e+00
2.306427809556754749e+00
6.747299950806345814e-01
2.135757021087008933e+00
1.675953510924934609e+00
9.742659694920732250e+00
1.018182333459328959e+00
3.899166720705678379e+00
9.858775716243213250e-01
4.298304557172580864e-01
1.814084614504618997e+00
2.436714981867169172e+00
2.405596538800797823e+00
4.079288205813297097e+00
2.859767019644094521e+00
5.898841322081500138e+00
3.859806190253034508e+00
6.810673186085891562e-01
3.362707142218174017e+00
1.619191537761046851e+00
3.387800663400442946e+00
5.953857219242935983e+00
2.093323906143339297e+00
3.321761268818790303e+00
5.140585350592333569e+00
3.501582156396350065e+00
6.642124717197267714e+00
4.697156874386610781e+00
1.526339135218408138e+00
4.001091890896382175e+00
1.521786734107254846e+00
3.502988513494646572e+00
1.712747674743225090e+00
2.494147831244560187e+00
3.087924097799811918e+00
4.385741752318859099e+00
7.778857787806345847e-01
2.063986291589454236e+00
9.681311213361304402e-01
7.675138577860264988e+00
5.923628607660711864e+00
2.603360329144338348e+00
6.544041926237732731e+00
5.905267421054093191e+00
1.800372384461714770e+00
7.022058338255669163e+00
5.141300021240797768e+00
4.119625576445770321e+00
4.954972987949008534e+00
6.868523339154805063e-01
4.730676114790005826e+00
1.684091583448253493e+00
2.267338932743800939e+00
1.357451711568807395e+00
2.062200003705571216e+00
2.280118765222081567e+00
6.193115179135717518e+00
5.877896345691960178e+00
1.230722380215329315e+00
5.983059228073849267e-01
8.771933907153061094e-01
3.599652812899516441e+00
7.730782941767727401e+00
2.927175615409075782e+00
1.799372577540585993e+00
2.313715032125438498e+00
3.534749271128308390e+00
9.372294522423233465e-01
2.627100304243525919e+00
6.345025760620750077e+00
2.181338639835964432e+00
5.333839760300189248e+00
2.033028786465213233e+00
2.703673292708161036e+00
3.307706823466800561e+00
1.780473439512719747e+00
3.529743761699401183e+00
1.509035272000017525e+00
4.401459964209578857e+00
3.852750559773378214e+00
4.242463724229786237e+00
3.313830427026196901e+00
2.057614987550992591e+00
1.219971871822321141e+01
3.854831736706874512e+00
4.407849283443144195e+00
4.392000202758248761e+00
4.073338310784883731e+00
5.197683201596245084e+00
5.148054666242921407e+00
1.223307548170175396e+00
7.881232322866881246e-01
5.489951171619847692e+00
6.193699562823334226e+00
4.867144982754928684e+00
7.340811719806026758e+00
1.054495176202289031e+01
1.251727083560708609e+00
3.852459066797897513e+00
3.876892185945532976e+00
1.659846979898762287e+00
3.190575879078678234e+00
1.631102500310025238e+00
3.086878309538931386e+00
1.914718257434457893e+00
1.011170318063038920e+00
1.315534761073107406e+00
2.223813315312041627e+00
2.625108494986891916e+00
1.241406864298718382e+00
5.848259123500095136e+00
8.875597268821266983e-01
2.838318137735316604e+00
1.780418402405175016e+00
9.199298336868789727e-01
2.535498463759562338e+00
7.127103225955442767e+00
2.233645085266322550e+00
6.203659081473396064e+00
3.058800443628832522e+00
4.453496155193775508e+00
6.349558428461218540e+00
4.037360124133605233e+00
1.880469759709826771e+00
5.377440999403593658e+00
4.859480975140210823e+00
4.640660979889298154e+00
1.259634062986191072e+00
2.058458570420921951e+00
1.074384013064261678e+00
3.270908151250342843e+00
1.440007041389895104e+00
1.807342738905662216e+00
1.030629114931845169e+00
8.182697342153202769e+00
2.837607009593570151e+00
2.225872600664442924e+00
6.396980757864857203e+00
4.178616650998518089e+00
3.791138090551799955e+00
2.493350488946124877e+00
2.512937211142436844e+00
1.891087106590195521e+00
3.512542260385889570e+00
1.563342007756924223e+00
5.342036916389053758e+00
2.485890560891141021e+00
6.178081663595049733e+00
2.595612095762076077e+00
3.217938238460768208e+00
3.894222413619790935e+00
1.378169272911385912e+00
1.731828086205550621e+00
1.235758299203244093e+00
3.132396870875986838e+00
2.924866575825765924e+00
5.029980889053546456e+00
6.529884166207719609e+00
4.078186543027297439e+00
7.252791128562235734e+00
6.471712494166381724e+00
8.118405505704899827e-01
1.979257883566898801e+00
2.178833328736538455e+00
6.127039859420322365e-01
1.578841371207380107e+00
1.414707712453983079e+00
1.406049434503006346e+00
3.615880952376817614e+00
5.253075050707689542e+00
1.381387895492049545e+00
1.568536325192875003e+00
2.122343158473000369e+00
1.920279423496268123e+00
6.640992891544503784e+00
4.714327153431941753e+00
4.221728593928300022e+00
4.831327634791740877e+00
1.565277262205279518e+00
2.468781294301649165e+00
7.319491658149244628e+00
3.706573137081056402e+00
2.820067488898689856e+00
7.843762815223235485e+00
1.627450118428281689e+00
5.790601796469528217e+00
5.191745237051302198e+00
1.561144988619190599e+00
8.765742114776797322e+00
3.521032244704054293e+00
3.193882637430628613e+00
4.110592641078051557e+00
2.116386646229130974e+00
2.772706888278356985e+00
1.214120885585793230e+00
2.801425530582960288e+00
2.958354348689427926e+00
8.949388424166727418e+00
8.588517196332526860e-01
2.657382690494676680e+00
2.406128091248567635e+00
2.361756734940382962e+00
2.916833277681049275e+00
2.759069355054365236e+00
1.635190997688021675e+00
3.289171523673561914e+00
1.991375053845323206e+00
1.809531964614614408e+00
2.888499499321729225e+00
1.806539626847939894e+00
1.305768676878537482e+00
7.482358184986439120e+00
3.121127811186080958e+00
1.316583530782297284e+00
8.193847015759333274e+00
2.180945862980695704e+00
3.453082330288715696e+00
2.747649957447297009e+00
3.343985801369822486e+00
5.269058620495767897e+00
5.017396928078180274e+00
2.466403462330601482e+00
7.225596840102279650e-01
1.389620792187668430e+00
5.017292360791472561e+00
2.507640329440088856e+00
8.188648377482252272e+00
6.542951005704945366e+00
9.690728325882362881e-01
3.083478805808693934e+00
3.443070520429539094e+00
5.175505748411450391e+00
1.285171274505571670e+00
6.174182152009923819e+00
5.852143470198689634e+00
2.243837312199346901e+00
3.019843352712073603e+00
3.172708537718235799e+00
2.480831716029320955e+00
1.844810623946022909e+00
2.600629846261208300e+00
4.804536664308944438e+00
5.233263200958004902e+00
1.904588142151507846e+00
8.641734810465013794e+00
1.929823472756218905e+00
2.301614988895725133e+00
1.546206922534515193e+00
1.891695610174241704e+00
2.182317483186478668e+00
3.614024931404813845e+00
3.316882724081081868e+00
6.349562902470223591e+00
1.972186161268454585e+00
2.705395040380765614e+00
2.845819677213063059e+00
3.832381816615961334e+00
2.106363391534149532e+00
8.995502655900263989e+00
4.470347875812699989e+00
4.060664676081708002e+00
3.578046145084563534e+00
1.654306803160803696e+00
6.040553396585943702e+00
2.463591428601318523e+00
2.337400982757053658e+00
2.172995462308127124e+00
5.187929791131882240e+00
3.760143822356817545e+00
3.733644424244408011e+00
2.447883402722615287e+00
3.423586785928552700e+00
2.651823988652388664e+00
5.163741258004740153e+00
5.253193603889917185e+00
5.176583958425981180e+00
2.622466417077471856e+00
2.844482577272366974e+00
1.998165277982643984e+00
4.505100293065359973e-01
2.425037427696553838e+00
2.682071420033660836e+00
1.001859942104185919e+01
6.445080588047036763e+00
2.358686065717185976e+00
2.835243812283152032e+00
1.974079752875430360e+00
2.207281442966058549e+00
2.706186807871834965e+00
1.696823979811539873e+00
4.546202528339694737e+00
1.927174806750570735e+00
4.623203079548287242e+00
1.385441562584381003e+00
6.905900211086839491e+00
4.510259636772655512e+00
1.809482605150440682e+00
4.297508769777217630e+00
1.973390152808184528e+00
3.624273242879165746e+00
2.331004791443242130e+00
1.313653084335878019e+00
9.180688330898254534e+00
6.086243538482603022e+00
3.250427176611340396e+00
1.854614669444835551e+00
2.884417155429833013e+00
1.621861215845561199e+00
1.292461311268531254e+00
1.627208284924938297e+00
3.115268780477421284e+00
5.291560250040047819e+00
1.537838926497144376e+00
8.714801704515437564e+00
6.506217233339534722e+00
3.369265905680344897e+00
2.361488753141367525e+00
5.162004869078260505e+00
5.187270866305389028e+00
1.434033476099408899e+00
2.961280306242771498e+00
1.484249789442065204e+00
6.966701885250275339e+00
4.203220560048361421e+00
2.194463364571327624e+00
1.779037245008433743e+00
1.142735773897500140e+00
4.319182899526400554e+00
1.924418661055736779e+00
2.041061509199839197e+00
2.120882472923863560e+00
2.953632085133125251e+00
4.020496931340076685e+00
5.332361915368162286e+00
1.730979834778451076e+00
5.982413291274531808e+00
1.869973661007566790e+00
4.233572884427704963e+00
1.049821556738822936e+00
5.822080646884600696e+00
5.370886964360740201e+00
3.044618821545774789e+00
1.039939650153510753e+00
5.056213690765848590e+00
7.613438361988958292e+00
3.751647440537707379e+00
3.517816121691838660e+00
7.165532788608554249e+00
4.883491908210882748e+00
1.953980320960111428e+00
7.961644384567180488e+00
1.715267868535983453e+00
6.788908076312710094e+00
4.252903370291774898e+00
4.308801868328064444e+00
9.185345747681471495e-01
4.189152323546323942e+00
2.339744611925202999e+00
5.152898659861934405e+00
8.483782858579177466e-01
2.441462266329400332e+00
1.861685126739564877e+00
7.142654607298243086e+00
3.638421284676728984e+00
1.177075242611067551e+00
7.377257426235219739e+00
2.436678739246032066e+00
1.740571723999948972e+00
4.697911154045662840e+00
1.116465008589760277e+00
1.639904684279718028e+00
2.880921256374863848e+00
4.252367111675067868e+00
4.132228453175621041e+00
6.172197304751300351e+00
3.420603206918778394e+00
1.416474198098629733e+00
2.422504414509770054e+00
3.640328955696320534e+00
4.505228338967339319e+00
1.739448205144829007e+00
2.608710630696265742e+00
3.811703306173821915e+00
2.675659807305166726e+00
1.880441398677336728e+00
1.891926353405486649e+00
1.396370182249216274e+00
9.296566036499438468e+00
2.269493246762881444e+00
3.369501610815121007e-01
1.853847953324652575e+00
5.398869103250599544e+00
2.747097202345308853e-01
5.827641838340237967e+00
3.739918167365761548e+00
2.819823944132374915e+00
5.195998995499669704e+00
3.150423200304205196e+00
5.075342353897966952e+00
3.039141118414504295e+00
5.534614324143961595e-01
2.795323846583323668e+00
2.643132224821809206e+00
3.625147717102775502e+00
6.707924086813426889e+00
1.057248656262856024e+00
2.597122239681020961e+00
1.789960537814556885e+00
3.041778555530382455e+00
1.057547216012445945e+00
2.765153457073432186e+00
1.279343546567530021e+00
1.067590438318504198e+01
5.966570610871517744e+00
6.198566652131495047e+00
3.415590076220679783e-01
3.622115098166074354e+00
1.088487630168489373e+00
6.331208319664082929e+00
4.618878985702744799e+00
6.090079374593313055e+00
2.065498133835047767e+00
6.587089833090658431e+00
2.572378651872999189e+00
1.982872096966438180e+00
1.201131725042196008e+00
9.045784587289541490e-01
5.780866897992819275e+00
6.363329537859427454e+00
2.909030604149389188e+00
2.089149957679677261e+00
2.486670556526263898e+00
2.119504777558311570e+00
2.200072057864432828e+00
5.947403304449561112e+00
1.782456058229595630e+00
1.643925893239900793e+00
2.477962424662314422e+00
2.785380385711444529e+00
1.844635136796986208e+00
6.547594009898614509e+00
2.751173418749876198e+00
1.316301623465923276e+00
1.891713494715630217e+00
9.609764154505914036e+00
2.998403456764073383e+00
9.410940207718702100e-01
1.710271467235293885e+00
9.749769550790878814e-01
2.216005376539726957e+00
1.326957841612345090e+00
1.921896459063042739e+00
2.265030447706036121e+00
8.429774423369891245e-01
3.408253125290539476e+00
2.272969065004081468e+00
4.186484626397169784e+00
9.526479780113168871e+00
1.528416815806304951e+00
2.384628689796703949e+00
1.783868186469184547e+00
5.202426505482954155e+00
4.519853689121799967e+00
1.155148493177652114e+00
6.661084500335435088e+00
1.418776656835031291e+00
2.203111967074763200e+00
2.553404114123639879e+00
3.618833893760806664e+00
1.665526975608955684e+00
2.112059852184068109e+00
8.277303638403905595e+00
1.651850991943897951e+00
5.995889494663704689e+00
9.319823390649287775e-01
4.422376070981417939e+00
1.692715269335655304e+00
1.472136799298003451e+00
3.173686282471065212e+00
3.672561854100110601e+00
6.572563729667119325e+00
2.252329638613729479e+00
2.122563231917288906e+00
6.069028388880207459e+00
1.658390645362406435e+00
1.113500547095291893e+00
9.958472514523505348e-01
5.176262631362106958e+00
1.518563921891454616e+00
4.705478730563755541e+00
2.483606551316239308e+00
3.897795023429590167e+00
2.674597568042091478e+00
1.466061647309141458e+00
9.912347295045989881e+00
1.617248788821830097e+00
2.312707368962879872e+00
9.149090859662388775e-01
8.591538847203421980e+00
3.499453247878468343e+00
1.831147546032172890e+00
2.426417402959615721e+00
1.529324250896569426e+00
9.682006893008086479e+00
1.598574761566714963e+00
3.059345345838154095e+00
2.203834626238559302e+00
9.194861954126560821e-01
3.907899168565709402e+00
5.995588592381331239e+00
5.961384493421122421e+00
1.322934184150533765e+00
3.787688338789752862e+00
1.517759812679630560e+00
4.832421427812595205e+00
2.394246592838405352e+00
4.316268032222494000e+00
6.017781569722399304e+00
2.521052109125533569e+00
2.400935853176375812e+00
4.144739381648533616e+00
2.804563439920382706e+00
4.833761893512049213e+00
6.586190562259746528e+00
2.271757732192571932e+00
6.453325247155193622e+00
2.919145470874093373e+00
5.159715539288074915e+00
2.393980381002832392e+00
2.080266411672844207e+00
1.284337116637890963e+00
2.078972930601694635e+00
2.038137351887315152e+00
4.163107711244615317e+00
3.970800311308007036e+00
3.497989796748969926e+00
1.072843093439178608e+00
6.662436058023365471e-01
1.014277589227826182e+00
4.972942016081043803e+00
4.266491154892698034e+00
2.716991869231844881e+00
1.095638490398515330e+01
1.623681089020664325e+00
2.254916093051329451e+00
3.627095705838586426e+00
9.339948330249123742e+00
6.026072019294746340e+00
3.280347112551739386e+00
1.824879544782920915e+00
2.667775485766491261e+00
2.041090398346584678e+00
5.511724644238059412e+00
1.348818917018513863e+00
4.929848299215543683e+00
6.440260257842695957e+00
2.193305732693671128e+00
9.527737647637013474e-01
7.181760403875050436e-01
1.575431388617101414e+00
3.729752824986019011e+00
5.977420168143754431e+00
6.546599992023173442e+00
7.627702981723075482e+00
1.560830945736541242e+00
1.659658114887833991e+00
1.919119455713442557e+00
5.441699142703603442e+00
2.336270407770098423e+00
1.466427240679575750e+00
1.579231554740195831e+00
2.595548036411027937e+00
3.082019031566242351e+00
2.028772042601249215e+00
2.751514727822015782e+00
1.284187954565259471e+00
8.388413785207787798e-01
1.834260238311706148e+00
6.537542874136510029e+00
3.780645571950941530e+00
6.439484252330386127e+00
6.330326847167897952e+00
1.270465424915397934e+00
2.209094233088151338e+00
3.369756262661840029e+00
3.743613589993604496e+00
2.421074783263233332e+00
6.942753746064967757e+00
5.545790962631929943e+00
3.847504403300187281e+00
4.166798055380916743e+00
8.513714759664308573e+00
9.458447030351018192e-01
2.180029168927475780e+00
1.748273218378764371e+00
5.967146402637406588e+00
1.080816083718584064e+00
4.810255980608357795e+00
2.721351108895746496e+00
3.418324747952124903e-02
9.585626498311927701e-01
4.520299231139143892e+00
2.668236421665773239e+00
3.605814489884696883e+00
1.673112210573064029e+00
1.988931976301052451e+00
6.664410945839878586e+00
3.067052677259727744e+00
5.123002613714215059e+00
2.075037761311572027e+00
3.907004248617120368e+00
1.834921460839503249e+00
1.992753031007539866e+00
1.935128941115611401e+00
5.885792758976513106e+00
2.195553252603247962e+00
1.104074445537327032e+00
5.478845018086264673e+00
4.167379699287821815e+00
1.270368112344675948e+00
3.002528240078246924e+00
1.535978556474443479e+00
4.233424490795683504e+00
5.075740122669208709e+00
2.993221087038158146e+00
1.943830809192919284e+00
1.023928978707183912e+00
4.398346096401870575e+00
1.373223982275875166e+01
5.332155303065476026e+00
1.629259165874243687e+00
2.383308950965101758e+00
3.486757247160304551e+00
1.738305431964174197e+00
8.207040461130441500e+00
3.919822773149636674e+00
3.015259807562781891e+00
2.379618358893052843e+00
9.920476696829474417e-01
6.577899488651332227e+00
1.427063878628102023e+00
3.048692556607630610e+00
6.846114493092970044e+00
2.567305582240082540e+00
1.138445828919372182e+00
2.318442197955794093e+00
8.298934255757777212e-01
2.295122197403675290e+00
5.300968367153078731e+00
1.744907597847071168e+00
2.740208629183799260e+00
6.689652440312618964e+00
1.493628214741716809e+00
4.098750091022710151e+00
4.628804259657624876e+00
3.748347513953262933e+00
1.752314927350934859e+00
3.418198166812081329e+00
1.456998628902938409e+00
9.883416654245339439e-01
2.709444076008329372e+00
1.475620935438031411e+00
2.991842463009358521e+00
1.204890895871105805e+01
1.866734074846376323e+00
1.361904233910153472e+00
1.960890086791216014e+00
2.204229529251139130e+00
4.427024995787828487e+00
1.555823022554375212e+00
6.074492992102072719e+00
1.011644627376008243e+00
2.217547875521346246e+00
2.726184083742252628e+00
1.296343897878475371e+00
5.320630051025831975e+00
9.398326130078694662e-01
6.769497459383763349e+00
4.453520680487550010e+00
1.276101924847355074e+00
2.589511101621805533e+00
1.564207600764697226e+00
1.618988750535116594e+00
2.687117255305667030e+00
8.099762804904836244e+00
5.467241460093442029e+00
2.533166963650548720e+00
2.461913588113673335e+00
3.162119926534247671e+00
1.153209844045554267e+00
2.019672835527216215e+00
4.669675106906336026e+00
9.572780577707767913e-01
6.335993269243658688e+00
6.386598969055794939e+00
3.849904827844199851e+00
1.749417911160423333e+00
1.430204831548798516e+00
2.189392456077731808e+00
3.453563888966200590e+00
1.000360409323259647e+00
3.800146491994570219e+00
3.799857032138622692e+00
4.507453683714857995e+00
2.673588588622235918e+00
1.935916359939980236e+00
1.623074213698568524e+00
3.552959038434785999e+00
4.385506924112494431e+00
1.540395122446700071e+00
2.449636033149976466e+00
1.965822152913339504e+00
4.312060574453556505e+00
2.599131195193110866e+00
2.592652783219469015e+00
3.605378626549506027e+00
3.307518410518164309e+00
3.332662782186045725e+00
1.742817039733804529e+00
2.313312891461178022e+00
4.905682264151245420e+00
7.919107833470970803e+00
1.494021161202531145e+00
3.486488152048927258e+00
3.202752824393547471e+00
4.767556604657801067e+00
6.192921263264057785e+00
1.967462787375700017e+00
4.077979744833042375e+00
3.773231250591059016e+00
2.116673370005455634e+00
1.161801853390803352e+01
2.800202488723806837e+00
9.968536887423702364e-01
3.818913745397178872e+00
2.035664292534690389e+00
3.510816305097389733e+00
2.508503300738968100e+00
5.942489807972892280e+00
2.146377138513745564e+00
1.873891895707894051e+00
3.726414362828282645e+00
4.253048574830693873e+00
2.588720080470518159e+00
6.288134900879238209e+00
2.894098710724303025e+00
6.210959483269436809e+00
5.362957792616311004e+00
3.538686145505687275e+00
5.471513567003594147e+00
3.576150196693427041e+00
6.992292517280331410e+00
2.849706689286147565e+00
1.336223408173185634e+00
2.548196817978108708e+00
5.223427482205067918e+00
5.185952708655872989e+00
3.607731572952832977e+00
2.189595402848115491e+00
3.887694847022650002e+00
2.967539880724122892e+00
1.837690694914498213e+00
8.411391379209081975e+00
5.099485235647681414e+00
8.179053568236716032e+00
1.369919885622775002e+00
3.507436021839426044e+00
2.048238861875908867e+00
2.196010516667546320e+00
1.427767812672494641e+00
5.934354913932530451e+00
1.071095399946745186e+00
2.471738796831976170e+00
2.032890394815447532e+00
3.099314400814649595e+00
7.989290731155861636e+00
2.744838461088964010e+00
2.668258319467074369e+00
1.929477230083535222e+00
1.600977705018323816e+00
2.349098807741010653e+00
2.898787032969834865e+00
2.175483892479209924e+00
6.835600091021587943e+00
3.210453640586333979e+00
6.345048759915599135e+00
7.140286071515225430e+00
1.769030708970618537e+00
2.604512848158076377e+00
8.211894889066675418e+00
8.743076284592096181e-01
2.531149020295873964e+00
4.514461895692042148e+00
6.216136176663519919e+00
6.269090231695854776e+00
2.145302020852104530e+00
9.504550197106642173e+00
3.145667336356263277e+00
1.905431335815075178e+00
1.614662765030451697e+00
2.677843864195606827e+00
1.162542515810071286e+00
2.120712365739537475e+00
9.227636783572595869e-01
1.876949608282958870e+00
4.742572078671401847e+00
5.567843870322444211e+00
5.483198762632064849e+00
6.376689177020566035e+00
3.844313430347314320e+00
1.521684231705545454e+00
2.578889532505036275e+00
3.152371908954028079e-01
2.788488614639883956e+00
8.464211715128538982e-01
1.783800813194938772e+00
2.495572524827930128e+00
2.705544050145270329e+00
4.822308661314622213e+00
2.329417494050397330e+00
4.309111551551850106e+00
1.128760021655591084e+00
7.435782997759696755e+00
5.240541641897515035e+00
4.785492935092121591e+00
1.727688711470917848e+00
3.565364173134614401e+00
2.681715185745385810e+00
2.907085110208047940e+00
1.590917766245605547e+00
2.664476731159585388e+00
9.639565637135689702e-01
2.663648435643177326e+00
1.060431404093417962e+00
2.441894181743950121e+00
1.391014163627943612e+00
1.606584287562866642e+00
5.602718520521541734e+00
1.259891658530817526e+00
1.517568807309358947e+00
6.017106306655779058e+00
1.762864561122990281e+00
6.417348706905065647e+00
2.606090796139667987e+00
3.954506185137892427e+00
7.254842081634400586e+00
1.052587921114480274e+01
2.736629121245981899e+00
2.532401116873670865e+00
7.567169977186424923e+00
6.181555153089997034e+00
1.774358771685915714e+00
9.279632931303147814e+00
5.509690661980549464e+00
2.257420290092800652e+00
6.292290031703158704e+00
1.270212722419929996e+00
2.455708392912344884e+00
1.796543095127311362e+00
4.311651325686246317e+00
2.703541527652946641e+00
7.010426102424190731e+00
3.259691304163244929e+00
1.021529263254074227e+00
3.278592178533168422e+00
1.901147873336142879e+00
2.907190107232288767e+00
4.813200221442031079e+00
5.403307231073863903e+00
2.601112612627761056e+00
2.941131692239778772e+00
6.015220395026336320e+00
4.401184432585427686e+00
1.965531236262170633e+00
1.385576419319581420e+00
2.498949385936905632e+00
3.076054542097020228e+00
5.682033289365608475e+00
1.654840441307585008e+00
4.874763971202345836e+00
3.064745896054588137e+00
2.983691393729992924e+00
3.336960407998718292e+00
7.195883099307640585e-01
2.422099535083239719e+00
5.884383419476407973e+00
2.597269510822103999e+00
1.939709597391863882e+00
2.368697866776817040e+00
9.905267514153573982e-01
3.976156943128557941e+00
1.531700227966279693e+00
6.282119684124643832e+00
2.003506192934413566e+00
8.633367337134746577e+00
5.947838453971518113e+00
2.009018515659310999e-01
1.208667138567978139e+00
7.886572221847054642e+00
8.797177440087407874e+00
5.269380035385841765e+00
1.331841562462477535e+00
3.733983725381240681e+00
5.882173046764272328e+00
4.724412751128282295e+00
1.710748521420027313e+00
1.966228068490272429e+00
6.413953917511964420e+00
6.153287193133257560e+00
8.966399838657163057e-01
5.156557102470517684e+00
4.258477537262499446e+00
1.026482323775360417e+00
1.193435906371830724e+00
4.127796599657803434e+00
6.931129004482502687e+00
1.082241174109799031e+00
2.404568529409109257e+00
1.319400754020037869e+00
1.982075422620757532e+00
9.303789710686325432e-01
2.177622679742197587e+00
3.345835707395842018e+00
7.688207607216131834e+00
1.856988047085756044e+00
1.203358398349962854e+01
9.597582334346301813e-01
3.789620599214449381e+00
1.365130877582545477e+00
1.667732039218204676e+00
1.109106672562200080e+00
4.898797977702991524e+00
1.391792627316746023e+00
3.508408858273146080e+00
1.156920585576613592e+00
6.391394522418007540e+00
6.982287178294277474e+00
5.977440726264817705e+00
7.550148739361710604e+00
4.226825713592880618e+00
3.520558600605388389e+00
1.077908331733343328e+00
2.828799939779317540e+00
6.293511429483400477e+00
1.445624651042662467e+00
3.330991188771656120e+00
6.370932100215341620e+00
5.192671891045207211e+00
2.147983686990289964e+00
8.726290756800488824e-01
1.509371028218444488e+00
1.067862584221446376e+01
4.441794318528203611e+00
6.640880579163210840e+00
5.522198162032280422e+00
6.706669370935175678e+00
8.051273000911713940e-01
5.061640787564024357e+00
6.997890078620781829e+00
3.324683882490818920e+00
