6.350745834421156477e-01
4.627150944752324691e+00
5.420709833817010548e+00
2.849290012205737632e+00
7.306410109590554924e+00
2.798732137914442308e+00
2.164615851006069569e+00
2.781857516099283778e+00
6.154046260131280199e+00
3.561855841137281597e+00
4.842799908935639053e+00
2.956205969081077800e+00
6.236585050492148952e+00
6.527171981622729824e+00
1.335746049505459387e+00
1.884315723326233760e+00
2.449813804977702070e+00
1.574934478511560432e+00
2.741028914100120950e+00
3.237837192005829312e+00
1.673282972628126419e+00
2.476779205223212266e+00
2.094363524775241459e+00
6.568996083720853640e+00
1.751762147917808043e+00
7.903328616894190750e-01
3.246298570387425197e+00
5.147952146095992276e+00
2.434884223339485398e+00
3.197171085460006612e+00
2.118299683057375482e+00
1.976148880424818177e+00
6.275948056941846431e+00
7.989026740026339279e-01
1.655790230807054897e+00
5.775942534687663610e+00
4.422642131106048757e-01
5.705793504247060888e-01
9.847447453331376721e+00
1.824745511277623633e+00
3.565024845960922395e+00
6.477292728703333502e+00
1.852642944775843459e+00
6.680094726306096131e-01
1.061516597525922201e+00
2.567305933543966745e+00
5.936047977023877209e-01
1.838434016932160908e+00
7.506585827159005797e-01
2.414140980702101924e+00
3.804279582254852521e+00
6.927194257854974779e+00
4.064269127064960685e+00
1.049897161921391930e+00
9.230554115223856826e+00
4.133020852685245217e+00
2.253877245395243811e+00
6.672546331888479898e+00
2.007129080068390969e+00
1.067019310721683212e+00
1.379287364910959823e+00
2.161876190615149351e+00
4.801771892437176170e+00
2.823270001821899911e+00
1.508181225102225076e+00
3.055798906761410194e+00
1.507282435497209194e+00
1.890686173925097524e+00
8.330039937021641805e+00
7.058021034274464256e-01
5.540486050918075556e+00
3.868631987570030351e+00
5.880465217926556853e+00
5.311622505883501155e+00
5.033542099465312170e+00
5.743479480120738501e+00
2.207176137264418525e+00
1.961641910150311530e+00
2.774406252294914665e+00
1.842283772028715738e+00
2.148786572397104244e+00
1.756237651577179371e+00
2.589372937321401391e+00
1.885976011746437253e+00
1.645279527601265945e+00
2.085108242796051670e+00
4.969052745698100182e+00
9.268649584740398240e-01
3.470560581001963296e+00
1.479064284342054281e+00
6.932134719294001712e+00
5.208480969083558954e+00
1.204919337958336945e+00
3.504517725686330909e+00
6.801159702775061433e+00
5.088893940013483608e+00
3.209727595520770027e+00
2.368326977573564474e+00
6.294856981999458201e-01
9.989074224117627798e-01
3.762286798052799086e-01
7.123534619171904225e+00
6.976577460388068141e-01
1.024377402007211391e+00
2.307957116464137926e+00
1.136636902900349799e+00
3.293879960070615009e+00
1.517996424120987120e+00
2.607238904815400993e+00
2.954500795698112636e+00
1.224974493835511824e+00
1.067853257581274251e+00
6.241147711692494937e+00
8.715631957287449438e+00
3.354509558063919261e+00
3.969848972855396951e+00
3.401172304976653127e+00
6.290719691138052738e+00
1.801447467569135874e+00
2.896226768787359962e+00
6.423936156090284122e+00
4.166767083910342784e+00
1.238611952784913317e+00
5.808894888921226851e+00
1.536890086902451769e+00
3.607096857401508316e+00
5.345006339121415984e+00
1.378974651023876730e+00
2.007272413792674515e-01
6.897112201516033103e+00
5.858832925624777310e+00
1.032698394396698527e+00
1.153535160422092920e+00
4.281313964792161642e+00
3.450408813069251845e+00
1.218355302392612138e+00
1.483811356089320688e+00
9.626062963024533126e-01
6.387377259018594877e+00
4.837976325778151399e+00
9.024979007477281101e+00
1.763746312178024134e+00
3.475553080276617024e+00
4.478125975727953900e+00
3.650532237971044758e+00
9.328467535551255851e-01
2.124216290861006495e+00
6.627925007449217976e-01
3.039825454621716716e+00
2.008344489516132647e+00
5.414469951364912603e+00
4.183509291464999613e+00
2.376805848369416552e+00
1.281252717637198391e+00
1.438183499434625867e+00
5.796259570235168468e+00
2.331334067538827437e+00
1.427171715257579354e+00
3.856347970880049214e+00
1.373747673355143695e+00
1.194565549242665892e+00
7.112667177288956033e-01
1.768602375673302030e+00
6.984381287056238286e-01
8.005217333341141384e+00
2.114378561504570708e+00
4.377953773463930887e+00
1.383546814229588806e+00
1.006541922646136555e+01
5.902097784757658339e+00
6.674598807879108087e+00
1.424639997736099506e+00
4.659977877710320016e+00
1.593973175866201464e+00
3.201161140715048870e+00
8.973118694234635484e+00
1.171688855606932034e+00
4.102963347925814297e+00
1.501965194035431717e+00
2.139562946484770745e+00
2.969332297778028540e+00
2.027157688758933318e+00
1.699090630683019798e+00
1.757404426866631342e+00
2.648547964456327453e+00
2.025949580638274572e+00
2.311774066990459620e+00
5.689017769342084030e+00
1.052142297345285638e+00
3.583549755092367395e+00
4.603439003832798804e+00
5.539058382091202937e+00
1.091235694254184097e+01
7.279887622883335574e+00
3.792777258355710224e+00
3.368815308160725053e+00
5.829307279247410101e+00
2.972077742299163550e+00
4.441579365493514509e+00
2.715686397488382475e+00
1.361708038817086130e+00
3.490556232433245309e+00
2.055717876490275042e+00
7.001484444431139487e+00
3.977776487314490961e+00
5.966902407036052125e+00
1.561782580696559508e+00
3.463926425977208901e+00
2.103069213064087783e+00
1.268067486869115523e+00
3.763885708020887400e+00
3.352259555670500379e+00
2.029893479055144390e+00
3.872986901808499915e+00
3.444509888241218398e+00
5.843855654551666667e+00
6.565637760556185754e+00
3.906879471188390518e+00
5.971943816735481469e+00
1.914846442980195684e+00
4.018384764647747964e+00
5.719503003983430034e+00
1.649528737182101024e+00
4.882634390989321282e+00
3.454730114134746177e+00
3.918231243114429496e+00
2.939530163590577949e-01
1.344296934836728186e+00
5.660245301332976098e+00
1.388990377190364667e+00
1.294775178402247429e+00
1.639436183434681560e+00
1.513833384022053252e+00
1.761754246074501040e+00
2.095123141088789165e+00
8.241630636851088099e+00
1.261551132133707176e+00
1.263489645273565332e+00
5.035398414561075064e+00
5.284877061478589155e+00
1.449409495406313697e+00
5.127303977233019783e-01
2.761073590041778658e+00
1.321035497526522162e+00
1.217755681225423547e+00
1.694336737005392779e+00
5.925018209582541218e+00
1.318750181436763258e+00
1.399341704262503150e+00
6.974503340789983241e+00
1.442982094775042912e+00
6.246919183872290393e-01
6.367713729553687863e+00
5.459348469107207613e+00
2.810511836454648193e+00
1.759259418162583355e+00
4.768894413489539019e+00
2.960317118973549544e+00
3.673515948403216491e+00
6.049859982658688295e+00
4.466266408629115503e+00
2.101816015211503519e+00
6.242702574495386791e+00
2.007576935710261079e+00
1.324417235967584316e+00
1.839453496574365188e+00
1.614589906137711361e+00
2.389135688327520768e+00
3.897753175882515020e+00
7.132240472198007053e-01
5.858625537126571636e-01
1.749587005318866240e+00
9.945225737820400091e-01
3.311153728444459765e-01
2.286754391278087883e+00
6.864832266542153505e-01
1.489710748594373246e+00
6.707363301819355250e+00
4.164310632359812914e+00
9.096960074243423122e-01
1.338663816043003330e+00
9.293408473538424808e-01
3.045485214216471004e+00
4.532171977147363862e+00
5.179303407999467979e+00
1.500925118863019714e+00
4.681580971026710891e+00
3.322459941309793940e+00
2.465703875122549515e+00
1.715807805939237873e+00
5.441005845772366456e+00
9.371750855769342969e-01
3.143872209642024629e+00
1.074364216665943950e+00
9.489468933251676841e-01
3.905431788726906328e-01
6.889675485369875396e+00
1.895249768488587394e+00
1.797819364883557869e+00
2.121574075556541317e+00
6.142136993446390969e-01
5.442963024049557674e+00
1.475824127598483582e+00
5.751156276350145369e+00
5.136750120574479439e+00
5.022819245534186905e+00
6.126129717251581397e+00
2.079505168610324084e+00
6.535240608920120486e+00
4.850846697097635385e+00
1.427283000967277449e+00
2.008961844282319831e+00
5.031846249183461239e+00
7.458897039157197817e+00
1.314482192801119664e+00
3.198923946196257528e+00
1.859809973404934480e+00
7.261564765659434428e+00
2.306195346640679933e+00
8.323430736659792606e-01
2.246901569182561342e+00
5.617702024158900187e+00
1.935352292524515017e+00
1.434139885667495173e+00
4.812638804497982647e+00
3.709739025809732471e+00
4.260321237102616010e+00
2.102514038603366942e+00
5.704844927014685929e+00
4.681978215592351944e+00
2.717632428260536859e+00
3.292960288050875928e+00
3.634896503400673495e+00
1.610205453171036805e+00
8.304026172574999975e+00
1.230346845600797323e+00
8.858146417823948848e-01
3.188362787646347840e+00
9.821758089659354818e-01
2.608003318620085498e+00
1.112602888783750021e+00
1.884269082332827860e+00
4.480568275814968970e+00
2.530374897644477095e+00
2.432616992655173060e+00
3.060934870022152587e+00
6.803312579426260776e+00
1.427525617031656813e+00
3.088723139243183979e+00
3.332053222610494636e+00
2.915148731342779964e+00
3.998907341584604591e+00
3.252671829843039486e+00
1.022362987588802952e+00
4.811099871151394702e-01
5.261028950113444402e+00
2.485753451982464668e+00
5.510459804815765139e+00
3.350165058090793124e+00
2.650759655915399193e+00
9.838051057290732260e+00
1.765050927926896440e+00
2.639229292095004897e+00
5.675744881158662380e+00
1.131617873075408509e+00
1.929964808105507856e+00
7.403415442741660080e+00
5.430623643005035639e+00
2.886981024559484688e+00
4.623478753382983975e+00
2.856451327998807077e+00
2.609901077514370726e+00
1.970647961105052026e+00
3.323750477282164439e+00
2.485193812762849230e+00
1.518946317690778036e-01
4.110788923393010386e+00
8.827215694901562770e+00
1.685864273211455489e+00
7.976057868052771616e-01
2.351394922017422839e+00
8.855378040665763395e-01
5.541447819275601816e+00
9.451091557304308610e-01
6.081524805775884168e+00
1.007287896423471274e+00
5.471282386261726138e+00
4.977548711747661336e+00
2.709906430037075431e+00
4.554598574906617015e-01
2.790614091184526191e-01
1.929533662573107877e+00
3.561473421325014765e+00
2.519187861432499176e+00
1.279106554998539202e+00
5.886978938776474379e+00
8.419696399754792893e+00
5.882539658918956249e+00
2.125587608266342077e+00
2.434790957598563121e+00
1.395746051398433440e+00
3.435806456491651950e+00
3.624561661428350678e+00
2.163357649758792522e+00
3.095844526339506242e+00
8.661962829539081588e-01
1.858242398309390753e+00
7.151364385736904694e+00
5.022481155072284764e+00
4.098197625887989304e+00
3.504752841561651344e+00
1.206135830244204676e+00
1.695544373409119787e+00
1.695699925955027609e+00
4.031066803242541186e-01
1.973431060494993172e+00
1.286597137575757221e+00
1.294589488835843794e+00
3.519042304073083827e+00
7.574960330487587434e+00
2.274218725780929429e+00
5.710891943533946247e+00
2.880511652487915963e+00
1.966340676831555223e+00
3.129058084128301664e-01
3.187004966868886680e+00
2.547488167441097850e+00
2.705660579450056336e+00
3.090207275581538848e+00
7.468403299726207756e+00
3.675134222301738252e+00
1.499804378138448469e+00
9.255715967829233337e-01
1.504407007227907878e+00
1.546089150996101669e+00
3.421223389576813823e+00
9.825410685416152701e-01
1.124856631892997560e+00
1.484850935866239174e+00
1.328616346782967028e+00
7.111527757313162112e+00
5.005982104272086453e+00
3.336368520801497262e+00
7.560028462338159727e+00
1.521304327409803037e+00
5.425566279749384435e+00
8.701865113050132550e+00
6.955607904990410706e-01
1.223341042918370425e+00
2.263039974565459467e+00
2.698727583248995643e+00
8.655701485496841485e+00
1.980782852893672397e+00
2.145446464377010809e+00
5.820398622773506503e+00
2.804444093738568955e-01
3.749721814601777226e+00
1.561497195664429016e+00
3.782103688260444740e-01
7.289446527182916746e+00
8.452394037436588903e+00
3.964576622345068024e+00
2.855853577746167993e+00
2.508775789884384988e+00
7.085581895853182433e-01
3.536323574200728181e+00
9.453590408317852356e-01
3.711617586307085048e+00
3.691603361114084714e-01
1.894330079171516745e+00
3.316553539809439233e+00
1.238153472050302017e+00
2.623588149393198954e+00
1.375520256863322022e+00
8.910167468948861913e-01
2.830493047060426370e+00
9.691489607750652935e-01
3.326670380590180276e+00
1.502906698312655331e+00
5.707146007592831971e+00
1.968263828936866133e+00
2.953246590524040815e+00
1.789651236702323400e+00
3.349554584010612235e+00
1.372299665768368593e+00
7.772019395346140280e-01
9.279930097850490611e+00
3.014061087364918734e+00
2.711514294840088102e+00
6.083980012121950942e+00
3.378459146965169690e+00
9.753595670391859151e-01
2.105005109193267998e+00
1.604390628126295404e+00
2.797601772784086727e+00
5.125406785773805929e+00
1.642560196685305396e+00
9.105983667862421749e-01
3.614310160931397675e-01
3.670046564071579809e+00
1.726075275166776057e+00
2.103976847210760948e+00
7.496403015143473958e+00
2.421942716233307813e+00
6.225473055376075315e+00
1.924042576256998149e+00
2.168635702548892485e+00
4.006431468293736309e+00
5.628803416279787974e+00
2.269288655927337306e+00
1.021631959400334910e+00
9.376206702603654408e-01
3.712824408639217477e+00
3.575379211687435443e+00
7.358149795781063762e-01
3.206285043818362102e+00
1.147640899798866743e+00
2.780746423904878029e+00
2.071888066690799501e+00
2.705212691767989730e-01
3.009038087449948939e+00
5.372364369799487172e-01
2.247046284144782469e+00
8.638558187318399195e-01
1.687385944681853767e+00
1.052775748866788375e+00
5.341612272635250847e+00
6.551759780104345232e+00
2.798377727972702012e+00
3.569856915077656012e-01
7.625409274810796001e-01
2.348320350379585086e+00
2.427881251102721460e+00
2.394451125475477671e+00
2.110820411840323985e+00
1.576806867713914873e+00
2.305998617328695932e+00
7.767734877746766742e+00
3.920212084292945320e+00
4.543845992655416666e+00
3.909994578380958430e+00
2.988188444527112964e+00
2.876701242930772562e+00
8.725288838378625345e-01
5.018923125170631216e+00
1.107974668218066228e+00
5.115997808610260655e+00
1.242968839448899354e+00
2.740144507516441674e+00
1.540614569525088795e+00
1.514182737917878496e+00
3.947011402377147427e+00
5.559762034075929726e+00
4.703545388038980590e+00
2.046197129362143485e+00
1.271772296490019993e+00
1.107361636073963318e+00
1.688051975791719617e+00
9.024712805601762255e+00
1.612191537913131523e+00
4.696859252774506110e+00
1.032714087380034229e+00
1.849548243015172844e+00
3.555538032937664461e+00
8.691539007895167757e+00
2.157352254479436127e+00
1.670173948418919530e+00
1.727866190274998548e+00
3.042219214481487910e+00
4.797791494169866944e+00
6.180438644397346692e+00
2.353184440675927469e+00
2.196492157205331086e+00
4.530500233481324024e+00
6.023618035977142071e+00
3.298182382245955058e+00
2.640728428892552326e+00
3.053172066556467446e+00
2.592323082535351375e+00
6.324721800977465280e-01
2.126748200460163662e+00
1.993810842659567983e-01
8.662148710762274106e-01
1.798140286019844547e+00
1.015005792868705958e+00
2.307112198041566309e+00
1.630364432493390803e+00
1.561974948880393566e+00
1.123562861418013092e+00
5.202486881125085283e+00
7.485770060218176480e-01
8.941723565402782681e-01
7.226666049762132005e+00
3.280742313325818671e+00
3.238105470231247729e+00
5.592129282476054897e+00
2.798884949979448589e+00
1.479764987244135410e+00
1.603201175395192912e+00
5.707418279249258042e+00
4.346535118989364399e+00
4.421575024135707466e+00
5.035518138150141709e+00
5.749312638741693737e-01
3.235182948121001267e+00
3.667119352801118115e+00
6.809798764851857644e-01
5.516921964368252773e+00
4.535217033513775142e+00
2.774796424371439585e+00
2.848442517572746358e+00
4.934972453973059281e+00
1.589480876715810398e+00
3.185003447374324281e+00
4.564728721453009896e+00
8.693637309460989782e-01
5.647764315129450985e+00
3.892850450854373978e+00
1.578367319475303843e+00
3.481659599902389157e+00
3.164409835231495993e+00
9.997821214023980829e-01
1.933491528145502736e+00
1.798632459331621414e+00
2.824890471229264843e+00
1.274117281326330842e+00
1.827108981758885919e+00
1.005975245918707017e+00
4.412239854673356554e+00
3.033710253814571711e+00
2.417419492440301187e+00
4.885112518155659167e+00
1.648025012721030969e+00
4.281010492429355274e+00
1.013457237890268647e+00
1.197737060293551536e+00
5.712397803156393117e+00
9.840900342598014605e-01
2.257161955744250381e+00
6.186294939288166539e+00
3.252717388005882615e+00
3.644061479826249172e+00
6.390425219203866192e+00
3.758605894006993298e-01
7.041855936193002208e+00
2.225967677491629715e+00
8.392133885446222408e-01
1.219989146775423139e+00
2.992096462809489932e+00
2.062097218815557298e+00
2.133373717541679149e+00
2.448287827256653060e+00
2.975499405429476774e+00
1.302604393674776206e+00
3.605030324443025513e+00
4.592188476046854539e+00
8.396708655738223115e-01
5.918313964266585181e+00
1.042945163171155043e+00
1.006616386115257811e+01
2.274926022642286494e+00
8.029451867025896306e+00
3.446493382058271049e+00
1.438165189337572425e+00
2.180358497072161228e+00
1.436780470483688177e+00
1.249781496000799574e+00
4.003414038762552529e+00
1.053728865838296969e+01
1.513300309936358445e+00
2.317725918419096587e+00
2.521518983046648010e+00
6.331506853535289636e+00
1.264519851140197826e+00
1.719249915721810185e+00
2.381709635396759506e+00
2.469166479577247664e+00
4.524787819229405983e+00
5.715244296342295804e+00
2.505751191590318783e+00
9.614313838712220672e-01
3.877604121427649098e+00
7.659229480377058863e+00
3.043607442802366059e+00
6.672439596864555789e+00
2.661152130320340259e+00
3.711139687676262788e+00
3.026939703001471749e+00
2.646395596665668037e+00
4.146809892262389496e+00
1.672056433550287657e+00
2.322359939444799348e+00
7.130080602444733628e+00
4.545079141613221907e+00
3.867217743332906910e+00
6.918855018472816809e+00
1.563180349134315250e+00
5.161278478226000166e-01
8.524248693361675677e+00
6.212504201382229141e+00
7.227718648403918422e+00
2.009195177772192586e+00
4.199528763902079298e+00
8.607001213015045282e-01
3.310623876922173192e+00
6.893209120201251316e+00
2.355152763409556815e+00
5.356022803549338462e+00
7.581784412021733921e+00
6.903962933559557591e+00
1.886387022952760173e+00
4.622944625438596411e+00
3.135865471266292115e+00
7.643636309150217301e+00
4.814392806714179684e+00
6.120406924180078478e-01
9.418800754773455353e+00
6.843422959712791354e+00
2.260943457300305326e+00
2.124782943673758862e+00
1.421662916689275358e+00
1.037707492172256662e+00
1.716862187137392137e+00
4.976685447254597605e+00
5.985725928009151708e+00
2.429693792461394608e+00
2.588251772921579708e+00
1.742835327236507359e+00
4.307025477828407389e+00
4.083645184229485636e+00
1.230561700434080974e+00
1.057347788676990863e+00
2.170751799667676618e+00
1.761934995246689395e+00
7.645104674433950143e-01
6.898942284978648587e+00
5.034142142363314143e+00
1.264946548884283484e+00
8.507268314513531493e+00
2.011116177417243467e+00
2.248595597602038865e+00
3.870045082345583420e+00
9.036981604665365042e-01
5.533695403408417590e+00
6.222566414298507098e+00
1.294862991311978684e+00
1.031672002882635830e+00
2.588085661907336021e+00
2.574668454292746045e+00
2.452194686227044063e+00
4.427582399385453726e+00
2.051459503750359570e+00
2.890160945108420698e+00
4.674340189346636976e+00
3.199314154910489538e+00
4.702602352391552998e+00
5.926675434442504553e+00
2.558170341180612706e+00
2.255373636058523701e+00
3.248350841212490625e+00
2.667107965606434483e+00
1.026390760242592792e+00
1.678824139125398407e+00
6.634447889110462349e+00
9.053668370259060350e-01
6.826606287145615681e+00
4.678247232902469577e+00
1.073069114808707480e+00
1.764014137304193763e+00
1.304627366528903876e+00
5.330875825144834934e+00
7.766944960648786811e+00
1.318760216432973031e+00
4.468183424008345672e-01
8.418813201197785645e+00
1.350959255644592627e+00
2.386172321691643727e+00
7.215202916887447415e+00
2.189536029737461309e+00
2.599448170457666851e+00
2.059815841553092053e+00
5.412697479896391162e-01
3.148142384649901260e+00
1.921447891071578429e+00
1.754487213034884530e+00
1.629041158198357264e+00
2.243764787063617039e+00
4.215714644466395100e+00
4.460902791785064103e+00
3.234674566207317525e+00
2.054218535277151592e+00
1.423338522934976869e+00
1.405620622751978521e+00
1.219019607177223907e+00
2.754961196139803725e+00
5.058723867807625396e+00
2.808218674659718417e+00
2.129072265007174725e+00
9.144286969517189112e-01
2.155126868405553786e+00
4.156330656530508705e+00
6.655982266100469502e+00
5.913023426166741814e+00
1.109865543320613934e+00
3.340819730826520284e-01
2.815184494041055530e+00
1.909598667439726505e+00
5.519053458179917548e+00
2.918857990882926412e+00
1.574569987047352404e+00
1.248799798257050675e+00
5.937114997531407035e+00
2.738940236399590500e+00
1.748360237545254492e+00
7.649311428557118653e+00
6.648062562140943044e+00
3.908865375383803187e+00
2.938221680557774107e+00
5.669026568809234057e+00
2.630381893192020648e+00
1.747629300144468489e+00
2.355856666741393379e+00
3.982361317776444309e+00
2.650624067974828968e+00
2.657501510624648677e+00
9.411964438978563940e-01
2.655616718940268850e+00
4.746963607142554942e+00
2.490501864028528356e+00
1.684239894391733605e+00
3.879746708779904907e+00
2.090357494234546198e+00
7.917050580559339856e+00
2.305103975850060216e+00
1.295563443110949065e+00
6.209452286594300041e+00
1.623685312600104291e+00
1.145726164108554768e+00
1.885664792045680382e+00
3.376553838918090911e+00
1.937838632597191468e+00
7.336865949185606084e+00
1.273009809827301497e+00
4.553295268739756096e+00
3.471385974520706519e+00
7.757720625357221955e+00
2.959599341259035565e+00
3.568777410748362189e-01
4.680083685658768644e+00
9.616722697401666187e-01
3.658261476977334059e+00
4.734735442464343969e+00
5.220981530014714878e+00
2.801091779408771743e+00
2.109569292837264243e+00
2.295946929117590685e+00
3.273609118852360389e+00
3.992655666303450701e-01
6.111226532403837730e+00
6.327481290427034999e-01
6.262019520394455974e+00
4.007705017960802252e+00
2.969792902961078784e+00
4.250858441895643658e+00
1.473511363123828577e+00
1.064608919932016340e+00
2.475126873065385258e+00
1.476367723855674718e+00
5.360524946459532813e+00
6.338533709390984150e+00
4.799510858039723438e+00
2.284685894245322757e+00
3.446751036499669851e+00
4.713132810991341515e+00
5.562396481138907944e+00
6.801925484666688781e+00
1.261907557510389077e+00
9.195802851131476885e+00
1.650257011835887688e+00
2.330246112268175018e+00
1.813299981755296830e+00
4.632259742068064234e+00
5.836798268868386153e+00
4.001365517967002683e-01
4.176944895558012405e+00
2.413849854622894586e+00
1.918721276447004298e+00
2.853578166885923473e+00
1.944871437760230304e+00
6.500880573318843503e+00
2.032884754250868564e+00
7.068397484361145899e+00
2.287737282887864154e+00
2.427721718390365435e+00
2.460554112416699635e+00
2.608985712569269921e+00
3.430715861392293231e+00
3.355248953093065811e+00
3.918854826392922375e-01
4.130584454507399528e+00
1.832612161450003496e+00
6.460322402944809195e-01
1.661898377112040803e+00
3.840460210134467811e+00
8.898435779692879244e-01
1.813765129333033244e+00
1.873396581429833674e+00
5.437133773164098294e+00
8.520218214178280292e+00
3.466911156507565206e+00
1.369345447452596121e+00
1.511536847839668685e+00
5.908865847609573230e+00
4.314979282607641409e+00
1.275551466943100287e+00
7.435157779988990079e+00
5.711388783708593486e+00
3.659408939927095261e+00
1.271000384859553023e+00
2.202659113869088525e+00
2.077139105448663425e+00
5.850758667771784438e+00
1.251149700340256521e+00
4.992572461142755769e-01
7.097226090723242287e+00
1.779739561805593340e+00
1.353460809547215149e+00
3.126368046404610634e+00
4.495640221976934470e+00
4.459639614325345391e+00
1.523450676533054660e+00
2.726825749285084477e+00
5.552994624719936212e+00
7.478489640731284638e+00
3.158804490942546561e+00
6.357115537386449411e+00
2.992652738156989844e+00
1.116364045998023968e+00
4.822736827918578939e+00
5.634686731316528530e+00
3.238732608491999621e+00
2.529480906373282156e+00
1.916260355516277603e+00
2.043921615944976011e+00
3.151698547696804464e+00
2.306988949413821377e+00
2.835988617970935710e+00
1.767722005158587573e+00
1.063125556243864844e+00
1.750318466069658019e+00
3.347096066201136644e+00
7.213765359155289048e+00
1.582612035224167046e+00
2.080602656085695834e+00
2.062543500728669432e+00
3.350603923985133736e+00
3.004333255416068216e+00
2.076919587011399226e+00
8.826313804839150956e-01
1.611947193405318446e+00
5.905179236524984443e-01
3.755687862438738644e+00
1.066523851046976112e+00
3.554287739797169721e+00
1.702702329365633149e+00
8.222834197902688658e-01
3.809224997451771344e+00
4.170391956097733832e+00
5.476078371947069812e+00
2.972222524587764703e+00
8.489695584541783191e+00
1.204263599256031769e+00
8.914385083261802123e+00
4.275394850157673510e+00
1.460411882200093103e+00
7.308492760452777182e-01
1.988405844611943030e+00
2.481756788040559325e+00
1.005932493951696260e+00
2.212886960821141447e+00
3.368000852065263118e+00
8.641396313908202842e-01
2.890562606936579293e+00
3.873129905267502782e+00
5.055121486534257080e+00
9.359526742333800220e-01
3.268972552619160421e+00
5.508820285636199188e+00
1.837608330366511833e+00
1.236927262552732332e+00
1.676583763884552880e+00
5.158716890604117644e+00
2.507389692056746000e+00
3.043827435951150129e+00
1.068266413565581630e+01
5.469693934739147778e+00
1.572579245708581430e+00
6.997939950471949722e-01
1.088004803347074834e+00
3.424668174304194235e+00
4.378204154328597220e+00
1.385540696644834702e+00
9.367029007586106237e-01
1.685677597449664722e+00
3.233936990693143443e+00
3.397135871200242185e+00
2.658694062806037373e+00
1.563667132675406357e+00
6.429081271804233388e-01
2.832437154732196483e+00
1.327678197971066565e+00
2.498775454125347739e+00
1.544479458660533266e+00
2.241098473387295620e+00
4.799070946974382856e+00
3.648737095779794881e+00
3.543036810878037901e+00
1.920754288767013707e+00
5.496176933608507120e+00
2.351576544702267402e+00
2.222766776678597012e+00
2.045205804806216499e+00
3.593374885196380486e+00
1.076413516034891105e+00
5.618835321589806808e-01
2.236986284171584849e+00
2.109890537967729518e+00
4.561827215953043080e+00
2.036480208886280785e+00
8.822361548728475666e-01
3.843361832120250621e-01
1.225498168755965178e+00
3.519875296570663892e+00
2.023439474135563465e+00
2.600865155546443042e+00
8.694277952269132692e-01
2.791411471564882785e+00
9.397156082953362910e-01
6.059335114177883952e-01
3.918472142540724068e+00
2.881546904756088878e+00
2.008109305808901901e+00
2.039402393390251866e+00
4.011514179802178504e+00
1.843147977683044614e+00
1.302947957941352097e+00
6.670057822503915546e+00
2.303693795475549422e+00
1.937230440519044361e+00
1.957386354074545309e+00
4.035594746328418303e+00
2.513416764680894477e+00
4.089147185455461297e+00
1.396756387873021144e+00
1.112916215009582377e+00
9.026505958177107880e-01
7.712553304957705969e+00
3.091387491427609380e+00
3.279287171368702847e+00
1.084801827662602802e+00
5.546649830529647218e+00
2.939645088125562911e+00
5.249139567213731539e+00
6.600729742499777508e+00
1.824582281935752892e+00
1.255417453703232766e+00
9.325795007006790760e-01
4.214388457691071288e+00
2.898131126291541015e+00
2.111571293488951451e+00
2.685207227695991961e+00
7.650839710402538962e+00
5.439759654173276893e+00
2.112643580993652570e+00
3.274244779599830402e+00
3.012066124362338559e+00
4.311704175431589015e+00
3.684460284226320326e+00
3.527599401759467401e+00
2.268059659619925394e+00
1.143705914008622093e+00
4.853194826359854552e+00
4.096112491689336110e+00
1.348516958194881710e+00
6.524209516601173320e+00
8.655438685801561949e-01
2.782067329558470803e+00
2.677833370140239921e+00
9.232298182217959948e+00
2.579002014237004037e+00
9.510628725191270227e-01
2.602940851263105260e-01
7.318058444821594621e-01
3.253335400686561130e+00
2.207045685610807162e+00
5.095264326485937190e+00
1.143178323749860725e+00
7.032847540801109298e-01
8.777187522064704428e-01
3.137847671075172151e+00
1.815749489614353340e+00
1.140404779567325999e+00
3.997502764724458757e+00
3.475620255799364955e+00
4.775428219039651312e-01
1.055461866027254914e+01
1.742139138984992064e+00
3.349735391270213469e+00
1.877391077935289587e+00
5.653399742768088210e-01
6.127487717836229031e+00
7.114440780850007862e+00
2.849569761091431008e+00
2.419336726102435442e+00
3.213870076449870883e+00
5.737960461028273507e+00
4.046441350514229818e+00
7.403460179589352874e-01
8.571515828636060874e+00
3.670872549465710399e+00
5.312388128813712918e+00
1.181293794721359092e+00
2.737017342329696179e-01
1.037994018338166180e+00
7.718522332020502752e+00
2.139485165118923504e+00
5.910355058591012956e+00
7.844468391276678831e-01
1.387019482395701164e+00
1.965610827496528379e-01
2.929530609440208266e+00
8.712743498600756809e+00
4.457735526796382963e+00
3.402295492530090115e+00
1.809304953952796335e+00
8.113830850222072399e+00
1.629326938452560380e+00
5.732730599131109273e+00
4.013210456332253706e+00
4.664861850861961479e+00
2.051623046259534178e+00
1.494700913149729971e+00
9.050090668798942417e-01
3.993140868881706051e-01
9.470755291305547052e-01
2.155583707525111858e+00
3.496837423270100054e+00
1.160499316867418917e+00
1.192087785295272262e+00
2.513385549049058643e+00
5.711952436481793960e+00
2.857406055669849287e+00
4.115959635193571664e+00
1.722940439017434988e+00
2.153323635706632988e+00
2.043106611734620603e+00
2.097310318267743945e+00
4.599569452340010578e+00
3.877196856204753406e+00
5.146776074028935888e+00
4.938809155565180298e+00
1.832857267383884103e+00
1.029010039250095820e+00
6.135344407314465620e+00
6.814426100799766850e+00
1.906364603826383508e+00
7.821044070739698872e-01
2.442429315821752933e+00
1.508205072180385464e+00
4.422850614299193239e+00
1.404281628856055342e+00
4.184292600066233270e+00
2.006939466260027061e+00
1.618310089592026157e+00
3.348618488782474589e+00
3.023978891249421430e+00
1.029613268226312606e+00
2.939962919937451069e+00
2.581437543479810248e+00
5.043876376340667989e-01
2.409157050955374579e+00
1.650425567692321405e+00
2.046756866382059226e+00
4.218067267031726963e+00
3.503007474764173512e+00
6.505858342276011008e+00
1.675086070608652999e+00
8.610046015194079416e-01
8.485375261653597789e+00
2.435191655986921777e+00
6.936762928498716008e+00
1.633441158618696321e+00
2.882124030422245742e+00
6.043384792604217459e+00
8.992482780987823832e-01
5.939505159827741743e+00
2.253165977368386752e+00
6.625281082949214806e+00
5.261333237788954342e+00
4.595916407918343438e+00
6.758609506526830124e+00
4.907635497582622519e-01
5.490425801810726369e+00
5.567078939257049441e+00
4.123948631598994830e+00
7.008574329446958018e+00
1.318497782378289740e+00
1.725499549462987003e+00
1.411110054879151532e+00
1.446823962033875199e+00
2.256517771393664162e+00
1.053312742699676674e+00
2.805021611063676534e+00
1.254422514108549658e+00
1.671759614907026403e+00
3.508232354049623858e+00
2.215197821663208888e+00
1.843464829688466811e+00
1.216410349745180586e+00
2.851701422360314542e+00
1.679279623952641520e+00
2.338329542875705602e+00
1.438196725926044195e+00
1.857116558473838941e+00
6.299940127660755174e+00
4.326973216218036100e+00
5.427567916624437494e+00
4.581411498868632748e+00
5.261818819648885537e+00
4.525183628436005634e+00
8.381093385373242777e-01
2.239077608248583040e+00
3.280608360827650394e+00
1.640814914940036839e+00
2.910330068591619135e+00
6.651597139339993525e+00
6.325904584980063028e+00
5.794188924275140984e+00
3.133599373524633247e+00
3.122220372516540721e+00
1.435087335681219711e+00
2.515093472674574393e+00
3.588561873185136530e+00
5.725515162894853738e+00
8.234213321480682302e-01
3.942614067491962082e+00
6.149237211548217452e+00
2.470591602577985491e+00
4.023057624023274492e+00
2.016996507516371828e+00
3.952328993904994370e+00
1.491254124784835655e+00
4.772881872480017051e+00
9.152380194817066439e+00
7.061046537543301582e+00
7.125780360725809670e-01
6.098243292787234537e+00
4.367477398032906244e+00
2.387691645535131801e+00
2.892246726532115897e+00
1.797155141198182093e+00
2.970734674630785666e+00
4.057139690174307312e+00
3.394177827762931088e+00
1.812764067323456185e+00
2.071293734416728594e+00
2.916178718203507270e+00
5.233698479068411125e+00
2.975109840096116010e+00
5.297540404368758615e+00
1.977938660394375603e+00
1.136175569215994940e+00
2.707061193205372529e+00
4.496308940280712818e+00
7.136201942628338513e-01
1.858223609729482195e+00
9.911505726626298474e-01
2.726667816709540393e+00
6.813966197057156338e-01
2.749260467749549353e+00
7.745551774709028559e-01
1.267057667971921431e+00
1.946596889509894623e+00
1.811549882081828544e+00
4.756269447914380777e+00
8.350857058245764186e-01
5.650318264625100007e+00
2.839888498016006402e+00
5.043402973316539750e-01
3.359177363345482448e+00
2.922573119017319865e+00
5.488704163014896942e+00
1.275147903728195864e+00
9.103061517550400383e-01
3.990419058394132801e+00
4.113143487757056072e+00
6.740459274711557924e+00
3.491839230137395500e+00
5.435893940148583958e-01
5.236931819833522406e-01
2.020102069740254080e+00
3.202329047412664220e-01
3.209892300131609311e+00
4.729826036057935390e+00
2.304648608322641401e+00
1.748862198406328172e+00
6.169101450212833626e+00
6.564659734577384498e+00
1.598612077858549085e+00
1.767350832731102717e+00
6.854365122549167744e+00
7.639644188717133133e+00
3.256457266009772589e+00
5.123285398874320329e+00
6.096863986292619941e-01
3.706935718665972601e+00
4.779882449785452181e+00
4.808091813588977637e+00
1.148630855921520255e-01
4.101760274482195712e+00
4.310987886102643607e+00
9.163628030712910322e-01
2.399425425358646002e+00
6.484920676557119901e-01
2.303243179262987272e+00
3.231546635477202223e+00
4.017177775400258888e+00
5.914849057008336741e-01
5.355805797137779045e+00
3.093216315221618107e+00
3.821473196259423943e+00
1.854923579125302258e+00
1.640638966377791164e+00
2.486515665092194904e+00
2.349065650912805392e+00
4.851437343306027827e+00
2.235647304458704632e+00
3.413723400587065804e+00
5.016583172212666142e+00
1.409895378782803910e+00
2.875200710487893829e+00
7.123830412405741441e+00
3.683687426612706872e+00
7.349616847743686288e-01
3.437146995525609317e+00
6.440764988525007340e+00
1.752244307670334900e+00
1.044015866335980647e+00
2.061525065385958921e+00
6.603570602864253125e+00
2.759480119310216750e+00
6.793005537166931340e+00
3.558806331874022177e+00
5.009023973145072972e+00
2.468768754465327842e+00
7.454957718125418076e+00
2.585474790041392801e+00
5.744668749130636520e+00
4.126610781853935483e-01
1.713175351970630089e+00
5.269730170894390220e+00
1.909075696946781031e+00
2.194795450839881923e+00
1.662639475934649225e+00
6.268652646146369634e+00
6.182191626216616775e+00
8.753430781600133770e+00
4.314802913567080900e+00
1.974738956092133346e+00
6.900825550933466168e+00
1.323439492933409900e+00
4.166797737136560542e+00
1.312476706292458273e+00
1.604089505671143279e+00
4.855944189051366600e+00
4.067252788471553693e+00
5.677014185723918693e-01
4.249854443780852975e+00
3.841231812138835799e+00
2.947920108928126837e+00
1.614696018083910056e+00
3.635804560901733762e+00
3.665460565633434253e+00
5.690335122830166625e+00
8.364313509402415692e-01
2.705875310729422001e+00
3.141473774631891036e+00
4.055936942895430164e+00
2.612305667604745807e+00
9.164445326619147236e-01
2.406705924128722529e+00
6.763511591905992937e-01
3.921459101830037319e+00
1.960400825870588726e+00
7.514550538298072624e+00
4.303003852769329285e+00
1.472609656861881389e+00
4.611594555345054580e+00
4.937765662759746377e+00
2.322235572415316085e+00
1.024179968117254091e+00
8.154430239985885898e-01
2.099130481343938204e+00
1.547683458498835929e+00
1.849563857988451465e+00
3.754687326663040725e+00
4.175810835212541150e+00
9.204023483680106033e-01
9.376673025815592810e-01
2.019064024050312156e+00
1.271553346538678131e+00
2.715609567786493095e+00
3.885284427352655445e+00
3.101966084684790292e+00
7.398500718831954259e+00
1.109149914954844274e+00
9.907097574933139139e-01
7.684583278591157196e+00
3.543670475385979124e+00
1.068224671143322757e+00
3.619111032680063289e+00
1.902364324250101157e+00
1.426851130830693037e+00
7.292853371185512579e+00
3.565951520062538904e+00
4.112210813813691468e-01
4.979332838739339628e+00
3.773292480274101912e+00
2.843723412131896389e+00
1.870616053892204977e+00
5.146544346623138644e+00
6.229977680172912535e+00
5.788603561984501766e+00
5.261115079060177280e+00
7.845348359085101642e+00
9.795070256300481004e-01
1.045102116134262626e+00
1.208288666818248647e+00
1.448562517977552755e+00
8.887267382367862734e-01
3.042937059525868904e+00
3.496935096882793914e+00
4.282583513682952869e+00
4.342022048606333229e+00
6.426320821795622251e+00
8.522213262954849711e+00
5.273306077498951083e+00
3.196213732015981357e+00
2.745781610511393023e+00
2.050401469767852536e+00
2.979242466293986258e+00
1.832798075588488285e+00
1.980320216448705706e+00
2.175386107290233184e+00
4.038783818558552063e+00
4.141568041354922514e+00
5.248046016101673317e+00
5.464852311002795560e+00
7.142736006847206776e-01
9.939760022396088024e-01
1.379536412418387314e+00
1.768668228060998215e+00
3.914017891203673383e+00
9.077332790448348732e+00
2.341164085272834150e+00
1.042434869355991500e+00
2.555633649057863721e+00
1.471613972212461485e+00
2.218565146418512324e+00
9.621723704051967641e-01
1.489786283848184567e+00
5.813577341075485405e-01
3.932819955912256304e+00
2.128226644540158752e+00
1.470105395262955916e+00
2.636088914167454611e+00
4.972378898043611883e+00
6.461674415609599542e+00
7.628821645168054388e+00
1.763406774187290527e+00
4.035780393170202096e+00
5.859821077727498384e+00
1.849359144081132778e+00
1.380936218659506221e+00
1.441198228976585227e+00
3.464784315959764438e+00
2.708332546824191223e+00
3.086737168743028725e+00
3.637782852484752638e+00
3.717701194788241459e+00
2.308397508553455157e+00
2.634562211485483640e+00
7.505825056746346036e+00
3.222056586590863247e+00
6.101715124507212096e+00
1.749455075069455967e+00
8.183231834743386557e+00
8.358602056767356903e-01
1.681491981164054073e+00
4.526805395012194033e+00
1.079804245033771259e+00
1.768557274936530810e+00
9.833141695938259375e+00
6.484917166207113226e+00
4.293455831944066325e+00
1.472856087715235018e+00
2.737398238732792866e+00
3.457981544561648857e+00
7.632396529344394942e+00
2.082652796546695217e+00
4.748234565814991370e+00
1.746530290343466296e+00
2.712717155905185251e+00
9.073290552461497072e+00
3.452277114177511042e+00
2.190491055169774715e+00
4.187125630633911300e+00
5.568832599231467562e+00
2.337685477511324272e+00
1.277994501947534944e+00
2.819375960144048232e+00
1.606840768048975798e+00
6.276178666337698386e-01
3.702409020476534973e+00
5.149427487136205350e+00
2.013523555387311426e+00
7.178994533346581441e+00
4.268047164936038307e+00
1.057908979847464082e+01
3.343824990091176730e+00
3.384084421330540771e+00
2.380014667035398102e+00
3.272663256291978850e+00
4.513968854198912695e+00
4.803385684178269166e+00
3.208366653218716280e+00
5.316493149624303527e+00
2.236538709311191031e+00
1.407174716474178799e+00
2.568900568460537936e+00
4.785196873307838494e+00
5.565904994838387410e+00
7.167257176643195393e+00
9.132000869157433920e-01
3.546480144855827632e+00
3.498174636585796193e+00
4.761406260334617890e+00
1.657953184046918826e+00
1.770596443315918478e+00
3.236329971820199436e+00
8.621592923594807445e-01
4.539417918865137125e+00
5.379793922741304968e+00
2.165096745607017592e+00
3.612902810045920177e+00
1.471674757531113986e+00
1.863152972199652258e+00
7.662678180692411800e+00
2.182542384281048520e+00
8.557757382299377991e-01
2.114267323121703956e+00
6.636682641508516944e+00
5.634959575322754155e+00
6.153033848254151117e+00
2.307014814558957738e+00
6.202982032094013221e+00
5.602265627946574789e+00
1.686571834523313829e+00
7.807262375765243512e+00
3.583956988259786591e+00
1.436812079178505952e+00
7.346161679681681100e+00
1.066600059027720038e+00
8.556086589917100138e-01
5.552196085836277994e+00
1.301349154978081790e+00
1.785319600910536764e+00
3.399854370983674379e+00
1.586317741854592178e+00
2.419553192154770827e+00
2.803388306117831075e+00
2.279219414796625820e+00
1.855422306992648762e+00
4.853820301330637577e+00
3.012210116593186715e+00
9.588761258964787260e+00
3.502657811297018142e+00
1.598153499564861857e+00
4.896069023519471486e+00
2.093957432014116549e+00
2.144738370504622349e+00
8.402677291706082130e+00
1.409969890228011780e+00
5.119515143212699293e+00
4.286122214939662278e+00
7.602787877229150837e+00
2.712180415186362215e+00
1.025334889645923009e-01
1.504989419936043848e+00
3.664449772042482678e+00
4.155741783062814498e+00
7.843069150942180157e-01
2.989365786656937640e+00
2.719239729796761651e+00
1.805098468082065200e+00
1.235290435212149163e+01
1.607989443329308710e+00
1.532215964329156410e+00
1.655377972058651226e+00
1.633021146641199906e+00
4.301019103689739609e+00
4.806204247023774911e+00
1.903424597053609446e+00
2.311773208483992814e+00
1.878386584273326276e+00
2.135643767200620768e+00
2.952455066797342376e+00
2.976716131166757151e+00
4.255363551462977512e+00
3.311253828129670840e+00
8.192838504926085008e+00
1.880310961733653752e+00
2.695834097989769695e+00
7.660181398654424711e+00
1.397302048230088412e+00
4.987794368492820318e+00
7.630177798238081399e-01
3.267677010811237182e+00
3.341477495532049868e+00
7.238179961505078808e+00
1.751177563436105311e+00
5.328486737658900019e+00
5.743227425518359297e+00
4.415209332257650665e+00
3.793968041512574274e+00
1.114380842084512269e+00
3.908680780924537412e+00
4.980970413881340875e+00
6.554285837478228238e+00
8.639067898691079606e+00
4.031088421613136852e+00
2.210347230351741743e+00
1.611192554024093893e+00
2.180198501207037509e+00
1.811924451276053061e+00
2.437812510562934687e+00
3.098063518964845997e+00
3.445136506195781045e+00
2.674135838739923443e+00
3.356427280083228659e+00
2.766770054633070686e+00
7.688322534482509019e-01
2.685050817506022369e+00
1.105855857039713674e+00
2.567887941917328387e+00
3.538812185458564130e+00
4.409507892727598133e+00
6.820107688874373686e+00
1.610153205765807893e+00
2.874485568521680356e+00
1.049376649054181376e+00
3.342728544579974148e+00
1.666591865493998847e+00
2.713206539631046521e+00
1.815097903369825572e+00
4.747563428255764606e+00
4.552143102127924834e+00
3.960411021110728846e+00
1.733872636159791147e+00
1.833684167249912900e+00
3.659423828280885971e+00
1.466018066509969797e+00
6.466173341797435192e+00
1.749869801496067856e+00
4.641675474465028373e+00
2.478317109410713037e+00
3.013397575065904110e+00
7.316647924404945158e+00
3.606993252054270238e-01
2.155020382936807977e+00
3.488991398370574704e+00
1.554252933523998514e+00
6.095535502033740727e+00
1.826976035447087643e+00
7.949164951492955211e+00
9.195538246365112300e+00
2.132427121899819422e+00
2.929387526932068386e+00
3.375727344200562641e+00
9.693145291439160260e-01
2.583605069616017325e+00
2.617309157241388462e+00
2.668215672585159126e+00
9.985910661058504667e-01
7.745418778702058304e+00
9.083044317744272123e-01
2.404274657994674769e+00
3.653591289263696140e+00
6.978135602537053117e+00
3.063410152834339595e+00
6.275501167575154859e+00
3.227897689129768821e+00
8.553883349104514089e-01
5.338502167818411692e+00
2.304592062084871884e+00
1.205038557952054612e+00
1.150687523562010650e+00
7.499150317102584395e+00
4.493455279814998704e+00
3.514640776413074263e+00
6.033292619607511398e+00
1.855603019768010009e+00
4.217564531900811708e+00
4.241468424014313676e+00
1.277809957892324988e+00
8.438554548152997770e-01
2.150313011584497502e+00
3.039190134286269718e+00
6.804461359075039129e-01
4.088862207806570837e+00
2.554438728435824313e+00
1.599368041969375209e+00
6.387300237287944604e+00
3.333791099392534374e+00
1.665803728585166565e+00
6.461441943133114485e+00
4.648818188887469560e+00
3.091074390806569649e+00
2.508895385622436525e+00
7.026031271015322766e+00
5.221414514778471627e+00
7.020558078937885860e+00
6.387923480167529977e-01
4.623909129525471506e+00
5.746518541439601613e+00
1.400491070475659905e+00
5.950308055623034775e+00
6.726221925273054403e+00
1.565570622537952206e+00
3.216838218016301543e+00
2.860165693217156413e+00
8.181314381642371680e-01
1.767095886231599078e+00
3.830845849898806499e+00
5.877283127914652017e-01
4.227318389908617746e+00
1.441311630692217571e+00
3.829468655315203307e+00
1.510064405253139785e+00
3.807302088634468173e+00
1.971702085073981037e+00
2.220806710085027724e+00
2.403414684847178684e+00
3.052071060372735456e+00
1.135225308175681347e+00
3.770035028868208293e+00
3.446654325114869355e+00
1.442726856919409384e+00
1.286375645290589231e+00
1.514417825871741341e+00
3.200096848611132749e+00
2.668280720015143714e+00
1.761568961641076125e+00
4.414022398651446188e+00
1.414816754364265572e+00
3.066336638983031992e+00
5.200017999422027692e+00
1.728573437608653673e+00
3.551868962371251270e-01
1.488214143977837578e+00
9.132833754643908675e-01
3.927021619914553341e+00
1.065676524026677008e+01
1.746763142439927918e+00
5.476395506739882180e+00
7.903246717596671411e-01
3.944949115560378861e+00
1.018922692052227186e+00
7.140003409967594195e+00
1.887093889745576902e+00
1.444361358618659663e+00
1.779678533812653285e+00
3.856304629746964086e+00
3.245875865820387896e-01
6.106194260726802270e+00
5.537364249207668898e+00
8.822960392271555818e+00
3.749820981278808585e+00
7.630292308514969868e+00
6.012975248153557217e+00
4.281956529083709162e-01
2.721953704578047084e+00
3.042129713579277972e+00
1.969054843348787553e+00
2.934367906600807263e+00
1.222851061658486671e+00
6.837221023750553073e+00
1.001520656486730720e+00
2.185034920331067720e+00
6.382166769460925870e+00
1.239877557728391810e+00
3.083504239353361154e+00
5.312708435497012438e+00
1.377527770520594164e+00
4.781437430652875631e-01
1.560269084069659140e+00
2.725803574961276343e+00
1.061539354908124677e+00
2.622536195076506260e+00
2.306299679992826590e+00
3.062713650612429728e+00
6.698390463873072243e+00
2.750964193397236635e+00
4.148880543988607172e+00
1.247005073133313102e+00
6.053512407378105031e+00
3.596855741648015137e+00
8.434653259909543621e+00
1.029120584347189338e+00
7.735425024950017825e-01
6.410563234278839895e-01
9.867702468822374673e-01
4.710038525456092806e+00
1.674779654185066136e+00
1.320202079669799744e+00
4.353949638471725336e+00
5.542789434226745193e+00
2.350690198613732740e+00
2.232635577205153155e+00
3.145232358075923607e+00
7.699125296515733075e-01
3.629298140521897587e+00
4.897724181014162070e+00
3.032043809125859912e+00
7.384169066060769504e-01
3.483054577595107393e+00
6.391336073530170303e+00
4.245044668815570077e+00
5.096329281935981781e-01
9.672450582276618247e-01
2.414375883047381155e+00
1.611444427373733834e+00
1.830693957055547383e+00
1.484810952795300398e+00
1.233829381568517514e+00
1.624362772515772102e+00
2.000284238834681982e+00
2.316808093942164248e+00
3.464455774520826203e+00
6.926780054189171310e+00
1.619976159704480834e+00
1.737055013493286948e+00
3.130667625424067069e+00
6.394336983078282799e+00
3.076770361380972041e+00
1.488156169459213141e+00
1.784017089268022493e+00
2.219929884010746868e+00
2.352988542074645473e+00
3.061086740884262802e+00
1.310668956720761225e+00
2.392164324233149397e+00
5.476409185542443936e+00
2.505426876810931347e+00
1.015100664564737132e+00
1.402682987869457110e+00
2.341632465960914899e+00
4.034461468738385292e+00
4.228427468692825819e+00
6.198789273885423334e-01
9.595506213837342591e-01
3.574655330640582829e+00
2.359329128366959072e+00
1.769318878877563117e+00
2.929846033201251920e+00
4.990984404220576209e+00
3.754945486673090027e+00
4.164846913972064080e+00
7.703059546716588102e+00
1.481377548428520319e+00
1.137861275734583177e+00
2.865412862822408702e+00
1.602357011935328535e+00
8.394994138588527832e+00
9.114613778006098732e-01
2.268030362650709897e+00
6.342704042784921725e+00
2.872281815229861035e+00
2.893952967090798634e+00
7.678376967316616897e-01
2.765194686181651651e+00
2.035055550388660706e+00
2.727551674193277265e+00
7.861891586107647711e-01
6.279825792147788910e+00
2.629154819481970273e-01
2.624780055250182098e+00
7.041319873806723528e+00
8.071132713668589531e+00
4.354760370159860727e+00
3.572275145217479686e+00
5.608078253566485039e+00
1.591406954173924193e+00
7.540711876632031796e+00
7.165058661805091544e-01
4.863866597276433446e+00
5.255535200401538098e+00
2.322177347012460924e+00
4.834683316866327907e+00
2.281052720484286311e+00
2.838331014131598717e-01
2.143748459378588489e+00
1.561373984501632561e+00
1.266330347236166221e+00
1.313878595276166017e+00
2.143241947585083906e+00
6.303761047458125155e+00
3.788428837772714441e+00
6.246065717168951537e+00
7.847100014715153726e+00
3.142555863503167402e+00
2.829415970461150565e+00
2.667770279244868092e+00
1.401798644449657072e+00
3.335568670208501452e+00
2.561561749047291947e+00
1.875980773546093827e+00
1.712317236767509687e+00
5.531891226632527747e+00
2.787880583201713058e+00
2.564759838524537372e+00
2.762361687806233590e+00
6.554414540434125414e+00
1.048176812184448004e+01
4.058627475046598931e+00
1.562511910066111120e+00
1.146034655762132592e+00
1.422342489320159942e+00
6.683566878810058398e+00
3.345967380925756185e+00
4.671498602923278121e+00
2.158221928070652496e+00
7.994954605923682012e-01
2.334470974454933678e+00
3.471464997422086807e+00
1.826589009364849581e+00
6.390784793956341581e+00
1.954265441953366711e+00
1.128430803865712706e+00
4.074891557035911660e+00
4.139282543900281830e+00
4.090537155520592272e+00
1.849974782750521296e+00
4.919974173587766231e+00
3.989000742157168933e+00
1.483397021661509552e+00
6.473040513772296833e+00
1.887561225060278236e+00
6.416792557714828149e+00
1.136017410223585516e-01
1.249207461044474110e+00
2.510111525307698432e+00
1.258085647709254129e+00
5.830113609788940998e+00
1.392426553116772991e+00
8.532758738555148881e+00
2.210954551607127616e+00
1.276771752113124547e+00
2.607095133808784659e+00
4.551512641901097389e+00
4.635493972908025562e+00
2.664939788746504057e+00
7.029964181060103456e+00
8.340930639471078045e-01
8.186889824720173792e+00
1.830528922027765626e+00
4.658015789820101560e+00
7.516350332147734292e+00
4.539498762855957992e+00
6.981935431633906619e-01
4.285893726997898945e+00
3.309143157168283000e+00
1.777925657021336869e+00
1.414667577575393409e+00
4.483696613568731171e-01
1.529896275673570338e+00
1.317868302911852529e+00
4.373725259970952628e+00
6.703393790223358017e+00
7.483404886856633853e-01
2.042343459532984351e+00
5.418382141283019315e+00
6.399994995106712103e+00
2.127595921903716825e+00
6.506412438861324254e-01
4.221723837975773108e+00
2.737849853149767476e+00
4.352073724656130516e+00
2.025092350304026123e+00
5.370651879348677049e+00
3.176242880982160788e+00
3.732918263863907793e+00
3.643211072533063533e+00
7.037089658438914874e+00
3.180624111313016478e+00
1.764096902874285888e+00
3.085711857327537722e+00
2.857154008758505004e+00
3.414961012400489881e+00
2.514521765176271906e+00
8.502434119475006824e+00
6.338329176615093985e+00
6.993749534917544253e+00
3.395210491702187028e+00
3.189623004859961863e+00
7.161838767383582827e+00
2.370537260816275360e+00
2.370051482347842686e+00
2.108777873477042597e+00
1.019827235631465490e+00
7.842653010934262925e-01
2.699611515804811734e+00
7.419057485014972642e-01
4.023968395189246650e+00
1.742863417114382418e+00
2.064345038977659641e+00
5.395891663874978761e+00
1.276037298469420378e+00
1.751402022982181172e+00
1.309074898649777996e+00
2.828525507626773461e+00
3.116874663432319004e+00
4.067414472995905528e-01
8.839568692685865869e+00
2.386726567855048664e+00
5.064683614582108362e+00
4.118290157231752957e+00
3.420026214661524566e+00
5.587990083422438303e+00
2.297104210906042887e+00
8.324328933279475651e-01
5.722545567263442878e-01
5.681221647976347100e+00
2.753686224962347495e+00
2.523737522427294877e+00
1.962305706512852410e+00
1.021743754589754971e+00
6.193638181333611215e+00
2.081428988107112854e+00
3.499195479449381807e+00
2.868657363313107389e+00
2.523499950315163165e+00
8.999520046533810103e+00
1.367820555749187816e+00
1.650797660905350073e+00
2.224433174467712160e+00
3.539357175063679861e+00
1.497203479442892782e+00
2.353815146694785643e+00
4.733418817734248663e+00
4.134076246726914761e+00
2.071812552598611745e+00
5.168642979342877197e+00
9.793045456575063534e-01
1.939583991949348940e+00
2.309205747710819934e-01
3.087314711709279624e+00
3.070948924953621706e+00
3.241194234908483907e+00
9.754519617337413351e+00
5.770303361910630535e+00
4.474639034631970880e+00
8.869726737396388394e-01
2.835047395800590397e+00
1.941547881272136511e+00
1.199854256444566669e+00
1.571906489213674263e+00
4.479027017936591193e+00
1.169291105299948397e+00
2.876888494991306278e+00
1.537748724459442107e+00
1.058814294915064957e+00
6.952399671625034472e+00
3.486302912226244555e+00
5.951288281282552717e+00
4.178937109835572095e+00
2.698327430936842575e+00
2.906784387440614736e+00
9.644836859118051109e-01
4.716913145171330868e+00
3.437564336480063432e+00
6.749680282590643010e+00
3.437310276981488499e+00
4.016049860362756796e+00
2.361772091451466160e+00
2.617905161878695708e+00
1.274526936132021282e+00
7.119476336847569087e+00
1.828609157411513753e+00
7.486522283522928589e+00
2.634966007417035794e+00
1.048936414731159950e+01
1.681354867239859052e+00
7.940771884783730528e-01
1.248385875792649369e+00
3.114528390481062115e+00
6.745400378188589841e+00
7.248955958537981914e+00
3.254477657049237305e+00
1.483207870492728286e+00
6.548242874612360431e+00
8.061923877172116892e-01
2.217505980075143768e+00
1.355216111581790228e+00
3.977602822061944376e+00
8.162538459241382327e+00
1.073436534592346892e+00
1.487567720630893930e+00
3.111313403736532202e+00
3.078890079115249812e+00
5.230849242453632364e+00
1.556626231894382428e+00
1.465788398729044761e+00
9.348213186855177659e-01
2.446914393460481119e+00
3.079636653410927849e+00
7.807559649808557545e-01
6.644498010865250492e+00
4.528191356389789313e+00
1.107067009063956942e+00
1.440388966845992824e+00
1.932814471329394435e+00
5.720712891264079225e-01
3.559507808738702206e+00
4.924475682259486398e+00
1.093452752555673868e+00
1.498871084969582990e+00
6.811379728258839528e+00
3.040422128164479876e+00
1.618554629401012246e+00
2.324775375580369730e+00
3.311599964795737261e+00
5.382175551004481306e+00
1.756794192284499845e+00
1.806596749512568989e+00
4.560214376322361929e+00
4.100749882322328732e-01
6.438742748337520361e+00
2.367100724551957303e+00
1.243333336185900695e+00
2.649839775493297633e+00
5.820001495383650969e+00
3.792718950050062432e+00
6.494075828995593547e+00
6.656251077642420633e+00
2.953209634461389399e+00
8.581576589883184170e+00
5.303880504071800672e+00
1.179102365185919377e+00
2.436481887145823588e+00
1.153431786860958708e+00
4.493713956672999110e+00
1.963481028710728715e+00
3.492054846962768355e+00
5.663205778538794810e+00
2.010980888737644801e+00
7.338769825014787029e-01
4.094850823152734520e+00
4.457137955787814576e+00
4.687300964240626477e+00
6.541865683855391467e+00
1.908547084535466842e+00
1.601662330054265171e+00
1.927300445218657954e+00
1.231175577609394445e+00
4.148529880004870662e+00
2.701277931940482713e+00
6.421977742146568247e+00
1.522790795891407534e+00
6.550934155173194995e+00
4.231382296046438896e+00
1.623246917541225631e+00
2.677869251254914928e+00
4.479418898390715498e+00
1.195966272525885055e+00
1.720758724066108636e+00
7.427935631595662613e+00
2.004587365869728188e+00
4.005415537904751133e+00
1.492441045177740122e+00
1.598461118742451115e+00
1.490839609950775912e+00
9.143399993739361742e-01
2.178933892760475555e+00
2.575932573012041704e+00
6.516470761965774017e+00
3.496354446858289222e+00
1.293878961061842858e+00
5.873869126107058136e+00
3.128938406437993258e+00
2.365246636494974908e+00
1.539099226899714346e+00
4.088541428134545797e+00
1.263004523374132049e+00
7.703233857499834691e+00
1.084959457530994875e+00
4.153849111860375420e-01
6.568114975800633637e+00
5.743798277723130674e+00
2.023684769336717704e+00
3.441433024738342006e+00
1.210037922110021480e+00
2.517154108191466122e+00
1.809576080316428248e+00
1.635979155742192104e+00
1.334991847550816235e+00
3.209699483194776271e+00
1.245253528126985865e+00
2.348057767682264707e+00
6.650821952103791013e+00
7.675188493590309413e+00
4.943040361013462558e+00
3.311789122334987567e+00
2.522158426250713514e+00
4.770107529641586908e+00
1.456061960070242467e+00
6.655305892764344478e+00
2.601208418559419311e+00
3.207272742267786469e+00
5.195010843464494599e+00
5.455915338347876453e-01
2.930898091974007080e+00
7.803471774089912882e-01
7.169804402133138410e+00
3.344206050600879720e+00
1.663683619664776847e+00
1.648381121338484023e+00
1.848475907400200402e+00
6.403959288815217477e-01
2.065449684682531206e+00
9.126275141203159524e-01
5.488290591229165738e-01
1.904294836321320128e+00
1.742348439741471022e+00
3.022773195522897360e+00
6.243485191843225479e+00
6.013654282091416725e+00
3.719715243392951454e-01
5.455759111910958303e+00
2.157182454060035504e+00
4.454758441015667536e+00
2.584866392756525411e+00
7.789409500932965580e-01
4.969798722238325084e+00
3.130258759403443669e+00
7.749870093784740455e+00
6.832141560316253859e+00
3.346778972643269956e+00
3.539289877714863142e+00
2.896490868819034059e+00
3.308354567431209259e-01
1.157302635088459208e+00
1.044683424762143931e+00
2.454320638138300925e+00
2.385505317994436325e+00
2.398877228730812661e+00
1.326638374809717025e+00
5.493563304045573581e+00
2.470772914364080197e+00
7.056568919624489844e+00
5.248149353659120386e+00
2.765791139451865277e+00
1.772517544560965330e+00
3.577035840743477912e+00
1.059448708259818961e+00
1.446030368488885109e+00
3.663830038715830462e+00
7.102329677636933347e+00
1.718995692286447108e+00
1.609652368884350260e+00
7.924492234208309505e+00
4.443080437775370761e-01
8.636331543108894948e+00
9.270521549762547053e-01
2.180088102665609817e+00
8.705599856468548836e-01
1.043727360617724420e+00
5.259100316327872449e+00
1.481298211077946014e+00
6.828033085890493403e+00
1.201042966948203006e+00
4.452653417029028837e+00
3.590788230110913748e+00
1.857323016780270342e+00
5.854360653869475906e-01
1.378991228704412819e+00
1.438988781366116632e+00
5.127082461122772550e+00
1.920126932123418673e+00
3.956010149435944534e+00
7.256748588744243555e+00
3.192939155972532639e+00
1.739596690451493455e+00
1.842610815570991489e+00
1.598410076065322816e+00
6.492734885572529535e+00
5.185713140566133639e+00
1.437495605431007073e+00
5.770388712440177592e+00
2.715658389827007024e+00
5.539325180119029746e+00
4.131761381086532126e+00
1.154509073741373681e+00
8.326073669512128461e+00
3.244791345893704548e+00
4.263509689716115325e+00
1.438323580294420978e+00
4.676744784069728489e+00
4.102606258860115318e+00
5.681161115151047269e+00
3.171737675059745687e+00
1.637506789232331172e+00
1.140149730840867459e+00
5.315776259213023991e+00
1.073643106910938894e+00
3.320099076442738717e+00
8.934633551590673850e-01
3.342785297058804783e+00
2.615824207143500946e+00
6.312192999633269963e+00
8.707511500524885983e-01
1.220581929075065908e+00
1.348657264097506081e+00
5.715924498967329903e+00
9.153566897116000689e+00
1.254875961559624553e+00
6.451977708903620545e+00
6.347056471252253473e+00
8.993157192608105532e-01
3.994827096922589860e+00
1.574937756801612077e+00
8.854635623457071114e-01
8.811828607864899965e-01
2.256619483688775851e+00
1.045445203966010039e+00
2.445977254936316569e+00
6.194674232918286449e+00
1.341465854518453016e+00
3.748616040897360668e-01
2.077181178200216305e+00
2.970692989029598330e+00
8.826938264404651235e-01
5.938416961806777472e+00
4.614772608665829168e+00
1.677471005742694254e+00
1.131368197437082168e+00
1.328177709940715490e+00
9.748111587781260745e-01
4.914876148283269686e+00
4.825810393000734777e+00
5.443164017188940385e+00
1.775298833697243728e+00
3.110954322835752794e+00
2.744301931293852803e+00
1.856699265169561963e+00
7.697595979896600049e+00
1.283390443866627040e+00
1.222126948883460074e+01
5.416476454383754024e+00
1.315877763642238962e+00
1.290557573367515198e+00
1.489554887986797693e+00
6.587054420328147586e+00
3.478783632528720027e+00
2.862628127260852473e+00
4.003925654582034532e+00
1.360984354542863262e+00
5.992250372576608974e+00
1.467674613645806980e+00
2.026372613393329747e+00
1.635668718474711403e+00
1.160300428584240207e+00
1.131446361599526274e+00
5.119911187903865901e+00
1.010734979017002155e+00
5.154524288026844481e+00
2.403555705493382710e+00
1.262564775198504963e+00
4.363317488088236829e+00
6.402913300055987023e+00
4.261100948757619022e+00
3.364157295671843961e+00
2.218701623624082853e+00
1.036669115371120276e+00
3.143855105644695946e+00
1.454827563019296610e+00
4.122339575365670861e+00
7.392908051225867361e+00
8.278594927245254809e+00
2.906361200188954275e+00
2.547961153420851277e-01
1.202516491217575645e+00
2.882834219476350768e+00
1.852172712416283451e+00
1.670085972598082780e+00
2.591094356052517256e+00
2.530943028020479879e+00
4.379513360328764371e+00
1.746872223700327575e+00
7.833889154981441116e+00
9.859242433340565270e+00
4.808596321397136109e+00
5.018615359665597353e+00
4.165153021868446714e+00
4.459654745288551325e+00
1.749156151498492351e+00
2.783273314032316037e+00
1.291495174998763096e+00
5.702078038610548738e+00
1.843809458378930621e+00
5.782524961030292232e+00
3.486717876882290401e+00
1.347302225551691768e+00
5.080003181616942420e+00
1.304386189266156348e+00
8.686523787917724837e-01
1.102092605988101326e+01
4.398438726889901673e+00
2.133564777598115469e+00
3.497157005095510751e+00
1.989402820833217067e+00
4.932270478013491832e+00
1.469522363864049552e+00
3.579361816907382199e+00
1.756408136690146504e+00
4.803356139511874012e+00
7.312071017531200923e-01
5.092302123265488589e+00
3.426739571081479419e+00
5.202742855930285515e+00
5.650931226796723550e+00
3.299397456150272578e+00
6.319850408752179405e+00
4.306321853700419311e+00
5.623452584301784185e+00
2.966904095357202120e+00
3.916243462524566787e+00
2.740796769650354126e+00
4.785873838124678592e+00
1.136066332005001911e+01
1.918509725065908889e+00
5.925735592589297163e+00
5.265399440426777211e+00
1.339404225431216622e+00
5.587253293938165832e+00
8.085876066494019909e+00
1.095815533082815385e+01
1.788020472171453656e+00
7.398805555768384057e-01
1.915811991325279573e+00
1.457955270823728000e+00
1.447068574298321142e+00
5.605606417570116129e+00
2.926781568707168102e+00
6.022949479316103805e+00
4.317119531910655006e+00
1.275847527726705177e+00
2.031978782140408946e+00
3.856321252167450364e+00
3.357147873163574214e+00
4.734319033314044134e+00
5.469664061507207853e-01
4.383905598783094604e+00
2.479780266312622938e+00
4.022150316451913454e+00
3.611948022050885942e+00
5.982054843403724398e+00
3.299862692513950257e+00
1.082554723148316578e+00
1.613455073433899489e+00
6.077461266962722597e+00
1.422566377008367633e+00
3.459771599012734455e+00
2.620987541692542333e+00
1.050973907734995327e+00
2.196997177149468961e+00
5.752707573420488885e+00
2.508177858303550334e+00
1.716954766354071404e+00
6.016608965159019995e+00
7.271633313513932162e-01
2.725002929403703256e+00
1.258481902772065952e+00
1.200475483134755716e+00
6.726256948752082465e+00
5.862606802909791526e+00
6.081753033753346749e+00
5.104679770142560358e+00
1.871907404789257878e+00
3.574536133249302416e+00
5.298857393777673508e+00
6.954701649024974230e+00
1.896973676212341475e+00
4.830706798597272034e+00
5.995499972139456624e+00
1.948001476279709543e+00
2.173068965947197118e+00
1.526584749355598625e+00
1.368444626789578900e+00
8.382345820237533829e+00
1.113381094689709361e+00
5.909381403558302548e-01
2.490240563365106130e+00
2.823826099735629924e+00
5.135090025819298631e+00
9.220625328800983178e-01
5.187560976523143630e+00
4.874511278278945703e+00
1.058155345117390844e+00
2.985433509426457466e+00
4.749387846131419622e+00
2.161811897623061807e+00
4.159733744727041049e+00
9.414889495686422638e-01
5.865062274127142317e+00
5.335080081658848394e-01
3.696868876617346089e+00
2.394636550010666998e+00
3.688038090731136087e+00
1.506149849139255981e+00
6.750609465175076984e+00
3.346770446921511155e+00
6.672342438067273562e-01
3.047708987275286052e+00
2.956496175323798159e+00
7.327713275979618190e-01
2.228375840477478498e+00
1.986349643291103639e+00
3.472882217093830715e+00
3.800193230639858033e+00
4.271528174681186840e+00
7.776098031124921706e-01
9.456034742367076973e+00
6.501909528376621061e+00
7.211443962252512829e-01
6.449037938417522042e+00
3.544233131322158670e+00
9.199652155124760089e-01
6.457732407401322483e+00
2.443676042814719285e+00
2.744873141197992084e+00
1.807390425258937228e+00
3.034954351953524476e+00
8.081048463872948062e+00
4.970276246233271245e+00
1.358279630199553223e+00
2.716100929940031161e+00
1.742895480398931385e+00
2.568569119399946032e+00
3.269250229616147863e+00
1.539405747121091572e+00
2.001580098018052922e+00
3.505201737680482488e+00
1.787123088964944984e+00
2.630705812474285477e+00
2.119632926397040595e+00
6.058167364865176374e+00
1.367856162655707752e+00
3.776537300914184048e+00
1.938307093997732711e+00
1.758541824913127938e+00
9.471357215059534873e-01
6.200117645685635281e+00
3.903555752839142912e-01
3.366948832268911396e+00
3.429649773393735668e+00
1.441876626951946294e+00
1.744350776369684608e+00
7.294968475402341390e-01
4.360301704744672158e+00
2.540766280932457821e+00
1.759268612348878102e+00
1.474690416331759124e+00
2.172255190539426284e+00
2.145326179077867934e+00
1.994256110334705401e+00
7.403063965863019291e+00
2.112471606579072514e+00
5.707471515974697596e+00
3.259145803836401178e+00
2.197639722009321339e+00
1.069091672556330419e+00
3.677452451966344515e+00
2.504351265120289494e+00
2.307855649288528710e+00
5.948317306677222582e+00
3.077460022444265864e+00
2.525981124444215631e+00
3.948968952560738543e+00
2.834047097228668655e+00
6.078522035752093267e+00
6.392304399849954244e+00
1.583072892600873915e+00
1.874961916099067816e+00
4.867139990897434210e+00
1.305493271725414406e+00
2.634478293875814003e+00
4.177710630951771087e+00
6.603357329508595441e+00
3.851936679295430377e+00
7.150822600452840794e-01
6.415782927803088675e+00
2.029615376804535298e+00
1.427287883564669180e+00
6.531260642771343328e+00
1.273601154129049284e+00
4.628165699348609330e+00
1.495078227893856582e+00
5.369827692017073772e+00
2.371904528382276389e+00
6.778588485400579344e+00
1.384266475770205673e+00
1.281236316641335193e+00
1.353464115095325937e+00
1.648611799553768131e+00
8.000338392525186748e+00
3.396591719230675821e+00
4.970243265739387795e+00
1.116074759821525930e+00
1.626197390241566509e+00
6.568906795981604985e-01
6.390329300996254736e-01
1.570204309988964209e+00
2.528163020253364923e+00
2.080197258645926084e+00
6.188219819212350536e-01
6.428729399558252844e+00
8.256075322828024809e+00
1.446281931836237211e+00
9.182881624416124211e+00
4.303996779628259106e-01
1.094728641901270505e+00
1.780166345251957383e+00
1.033952221330635624e+01
4.347921625985332383e+00
8.725992757840527858e+00
3.661232433419689514e+00
8.764343340327207521e-01
3.214023585882215261e+00
2.009288448600337507e+00
5.370597306053756625e+00
1.834927763897437059e+00
5.726891684963442586e+00
2.813273426694351986e+00
1.448771169491134270e+00
2.725870251919920939e+00
1.567991747086201704e+00
2.210791502118450769e+00
2.591914692289989386e+00
4.755525407277459315e+00
4.732471297400055121e+00
5.464535398388316034e-01
3.303876002813703305e+00
1.372467472026992708e+00
1.124271796480877228e+01
1.653673097398173031e+00
2.369226133987950789e+00
1.616559544367230705e+00
8.988917284606573466e-01
3.772931247393980780e-01
2.747824513946996117e+00
2.115231995804923937e+00
9.234284454772172523e-01
7.136283908449819968e+00
6.362714198183437198e+00
1.705231091901763696e+00
1.677380119049274532e+00
5.145101125489449423e+00
5.747181567129943325e+00
4.350851393032717063e+00
4.301006251868640717e+00
6.475153570316437346e+00
6.262879733722498399e-01
2.343250002485936179e+00
3.266189828263540651e+00
9.406030908223264042e-01
5.861940509907923591e+00
6.253021987330706910e-01
7.730757171067501154e+00
5.442099282368729973e+00
3.882860912661146191e+00
7.440291678508335949e+00
5.133101921936044754e+00
1.032060198998954847e+00
3.341245653898587076e+00
3.171791622025117441e+00
2.640571973441731668e+00
6.872474051672766038e+00
3.038484478310777614e+00
2.204018092179137245e+00
2.574190799693590215e+00
1.731929109213030671e+00
2.036218256479185307e+00
3.696592572201495841e-01
2.066597076418510426e+00
6.008825095399381588e+00
4.000014034583824873e+00
3.880856755490831311e-01
2.877593313317429846e+00
5.348257440389542872e+00
5.339960483055341101e+00
1.468520099741122520e+00
4.218311338800594612e+00
4.027901810850747388e+00
2.223302561937937849e+00
5.327352409260694976e+00
4.592763959869495594e+00
2.537251054868133515e+00
2.585346824083067929e+00
6.873522530175736556e+00
3.022340552129332281e+00
4.948623251134458556e+00
1.716889323643103760e+00
7.682704317024675600e-01
2.329030820409040192e+00
1.993860619690315472e+00
2.045595269343013278e+00
9.706680970040696410e-01
4.068321974473183111e+00
9.082906011388989231e-01
7.881914081870031730e+00
1.691268533731135060e+00
2.169707369786906259e+00
7.530902554512678426e-01
5.956349331446510575e+00
2.098799013363926491e+00
9.907826701328249497e-01
2.265267005170130687e+00
7.306295357668690649e-01
8.307072543386265551e+00
3.716778722101079069e+00
7.441288666600277324e+00
1.065544816712816312e+00
4.137961777595920765e+00
4.847771015674657846e+00
1.708450458092718893e+00
1.856189431221058284e+00
1.025122349922329423e+00
1.675791024500819182e+00
5.807931086096439266e+00
3.366747567695718590e+00
9.324269859379542558e-01
5.941723754992084494e+00
5.809898575191208003e+00
5.883425076606484616e+00
7.871579272258328874e-01
6.057724445815388492e+00
1.410199284780585538e+00
1.391545430582532994e+00
2.046898515708495125e+00
2.270775831190499527e+00
2.092976615809027496e+00
6.226999450195577879e+00
3.617770441287599947e+00
3.559960085486665538e+00
3.133366031146993080e+00
2.665881598660116758e+00
2.102964411726582217e+00
7.943435554670429610e+00
8.319997526086652107e-01
3.008885452803306215e+00
5.415367546610394101e+00
1.369440692722718511e+00
2.009163778769621711e+00
4.190553014289796430e+00
3.325913991701301975e-01
2.471559785136723697e+00
5.667968092417146053e+00
4.667719480399289189e+00
2.291734028961152969e+00
6.293198764335044437e+00
3.684042458883342697e+00
7.925294040273749729e+00
2.742459611057303626e+00
5.712166571548194405e+00
5.421804896160974385e-01
2.797198304506257394e+00
1.912561958085121860e+00
2.671811882784585368e+00
2.102399252156276876e+00
2.982301856238176896e+00
5.501132080631220056e+00
1.888095389510737521e+00
3.815770893164816879e+00
3.158894270884056166e+00
1.024947862273113630e+00
1.832317894082936771e+00
7.661297474105007055e+00
1.028046556217330876e+00
3.358859756571189514e+00
3.096352893753595570e+00
2.705583105034502278e+00
2.706511595729760966e+00
1.674603860930020671e+00
2.537438809606829548e-01
5.990135689899283911e+00
1.946656595936966383e+00
2.556291856242756566e+00
1.696701908769439937e+00
4.975649650361816612e+00
1.997761082769237806e+00
8.852894604282386837e+00
1.776722288751312773e+00
3.157461254352592839e+00
1.268037986343712564e+00
1.185392632421345072e+00
2.189376160109528957e+00
9.709327302431475237e-01
3.678028649502603109e+00
1.486657405583349911e+00
7.838269776765521835e-01
3.938951419818587318e+00
1.732419894258571791e+00
4.584445490594007744e+00
2.484760753419820389e+00
1.558126630762042941e+00
4.995525617729074663e-01
1.991689160743082221e+00
3.537599971160051204e+00
5.814545829685541234e-01
3.756795037808362103e+00
5.399222351030209310e+00
3.036161607962153397e+00
1.409271003293081082e+00
4.940289973876662799e+00
2.289495280615735151e+00
2.317145994176137869e+00
5.574964167194046638e+00
1.988195846297869496e+00
8.979564543104401331e-01
5.309619058726369190e+00
5.524077717383008235e+00
6.465543808388497737e+00
7.751921812525014444e-01
1.557605828559528227e+00
6.719814882976522519e+00
5.591689152467417934e+00
1.052044945992791192e+00
1.235457948019699215e+00
4.905343403185780993e+00
3.225173836754821277e+00
1.996874748194336302e+00
5.636631573494998548e+00
3.968551514551383885e+00
1.893427161349526155e+00
1.367372608435327486e+00
2.626265857962700179e-01
2.988172683992731393e+00
2.670427049727650104e+00
1.364955607186868036e+00
2.449354740555647947e+00
1.297300659842850257e+00
1.101367611428354154e+00
9.186251076693261464e-01
3.063963173607557433e+00
1.336856587315627731e+00
1.662726868414848402e+00
6.163806369923768180e+00
4.480859482003439531e+00
7.217163043188370430e-01
5.913576796663944091e-01
1.136671027902160347e+00
6.092855408293617714e+00
9.523498326357684451e-01
1.745408547771928554e+00
1.180892258195161526e+00
3.065679372230239785e+00
3.561290550385903586e+00
1.438399681213153425e+00
5.250985305007482395e+00
1.293767041153718766e+00
1.535808349260004757e+00
6.416061339257547402e+00
3.621877119313939186e+00
3.104304855756322201e+00
8.742950685359668350e-01
1.345866567721503593e+00
1.559320660516704704e+00
5.790321898668951306e+00
6.930310726978496483e+00
2.509073325111120578e+00
3.975620887078703536e+00
3.401751047644135384e-01
1.957219492684054929e+00
5.258196192590829376e+00
1.915819074857309179e+00
2.616408464991691218e+00
5.463560881239510891e+00
1.097332246024060654e+00
1.226164470145140184e+00
2.231932618045897154e+00
1.487478086411300193e+00
6.148950305621466050e+00
2.767495563005008208e+00
7.006837599847764331e+00
3.744154196699587267e+00
2.977488939023291259e+00
2.012382856783318630e+00
8.490082941719864218e-01
7.568105666599586279e+00
2.623838683142908135e+00
1.053687323974120460e+00
5.053675263570037934e+00
2.382523998073396765e+00
2.015141324332667239e+00
2.190350860776631770e+00
6.115952615245296986e-01
1.545542055534657733e+00
2.107655904858937390e+00
4.215271520305247321e+00
1.365419764566873306e+00
4.104468743578417289e+00
2.095374896673685150e+00
5.529198822014871340e+00
1.614970359727604832e+00
3.596881666775140762e-01
3.870070628811713487e+00
4.506458813063508040e-01
2.861891154100906220e+00
5.252185285339415088e+00
1.258293528000819617e+00
1.761348490267842903e+00
1.425857781634861210e+00
9.678896457610459692e+00
5.579338327649629115e+00
2.504442719207069068e+00
2.730060154409585493e+00
2.549450002537818172e+00
5.947402538169691333e+00
4.991328291560566122e+00
6.251524179270931292e+00
2.604005744489571672e+00
1.990830536559897501e+00
2.623189830414929258e+00
6.571240170477975262e+00
3.665275857623165212e+00
3.326364090820141506e+00
2.743996020040046169e+00
1.801728623296357856e+00
1.501100412889266211e+00
3.345057934222296581e+00
3.219609204885841347e+00
2.341953164758696193e+00
4.737062527216834518e+00
1.037436915369422286e+00
3.276819586812765861e-01
2.679963126336569079e+00
1.113047715285761186e+00
1.159325627054354380e+00
2.082317649217421796e+00
1.332737631723890370e+00
4.897556258934998574e+00
6.896875843314542287e+00
2.759435372183395074e+00
2.917925620811390619e+00
6.204771116763202699e+00
4.144223668629684276e+00
1.993153620020349681e+00
6.342407972860780729e-01
2.739754754878258591e+00
3.500607547022815957e+00
9.005810640041194137e-01
1.243033007771018550e+00
1.925523634488029101e+00
3.408508303961270691e+00
8.208725095166723662e+00
5.144098063567152934e+00
4.342831696226093996e+00
3.511675828174364966e+00
1.007217199117775408e+00
1.128118533304507398e+00
5.494530764334195183e+00
3.020276578912059584e+00
3.906025290087273394e+00
1.060934201786428277e+00
2.270513778679651207e+00
2.212874740829028575e+00
2.423417855480412442e+00
4.171921972271608325e+00
5.479074285897772789e+00
4.886741275586595101e+00
2.896315368164505966e+00
3.114835573940863078e+00
2.569757665986345696e+00
1.058768973471343688e+00
9.838539407131365877e-01
2.154679958857437239e+00
4.664600209690048516e+00
6.201369245893013193e+00
8.949629137594895312e+00
5.753643991315410489e+00
5.657756457120938443e+00
1.225656421000767216e+00
4.629926104447005919e+00
5.320561300584194520e+00
5.487595839390706942e+00
8.367219662214758102e+00
7.574748544870377742e+00
1.469063283544538079e+00
2.070793070046879514e+00
1.401814166513915216e+00
4.867711337025612650e+00
3.485446639183588324e+00
3.739836089980832945e+00
4.565004360463412958e+00
7.139534427997578092e-01
1.881792687044729018e+00
6.390200704252307240e+00
1.257991947582430381e+00
2.523074398667256801e+00
6.505164400417335457e+00
8.533485448431565867e-01
1.321305975244529307e+00
2.165275218316408345e+00
1.627282045589487636e+00
1.152576837581251068e+00
9.478409129586078397e-01
8.005441849144492750e+00
1.524627594906166506e+00
1.317706780262049238e+00
1.056019932193146049e+00
6.450026429602155886e-01
7.291223561492941485e+00
2.108580084379777730e+00
3.690948874243157540e+00
5.916008684888100611e+00
2.640856636479904207e+00
2.996326719044959841e+00
4.932920301161540344e+00
1.011308607684220373e+00
2.815218536776603386e+00
6.996397875746915851e-01
1.496237202248065890e+00
5.130728932423289201e+00
2.461269868481261280e+00
1.441624876026007973e+00
1.030406672416989355e+00
1.771698795558259487e+00
3.528290328003026222e+00
9.484515073816405462e+00
8.985712436617693255e-01
4.776890340856503769e+00
3.217019155927933749e+00
2.944427269696852090e+00
2.296889335343010430e+00
4.091668560828911616e+00
2.065734109427787235e+00
3.340692555641806560e+00
4.608451598380684189e+00
9.931563209644216350e-01
2.761448635786467598e+00
1.212770035040419359e+00
1.185455031299834650e+00
1.292632438685585639e+00
2.877016845697310643e+00
4.929856760442512531e+00
9.452279730814646896e+00
1.923673839332163960e+00
2.991781087440735565e+00
2.232226992049541447e+00
6.409721501890783379e+00
3.192529618257698765e+00
6.679985269372538781e+00
1.785142114543484482e+00
2.053829130600256736e+00
1.852339941241592181e+00
3.071644893553057365e+00
3.494524205233298986e+00
3.044126920139089698e+00
7.846114983757704886e-01
2.957614426916030492e+00
1.289663047296671028e+00
1.824419332576944663e+00
7.886757633563128422e+00
2.757452708589530843e+00
2.807888864191362188e+00
1.567325742589502635e+00
2.480781496569675060e+00
4.975155944186519186e+00
4.064321864407134832e+00
2.241812798207859281e+00
2.603477614212714730e+00
2.137949027855499118e+00
4.978463682827901415e+00
6.613529288569911513e-01
8.596514972268650689e-01
1.719774768620769612e+00
4.790342311923620144e+00
1.853438267122451855e+00
4.082822153057768411e+00
9.719907120916539967e-01
1.660309754105490532e+00
1.354380435670472504e+00
1.598095834320779840e+00
1.000265520629731508e+00
2.000097334218565948e+00
4.254937232353267262e+00
2.612030054515676269e+00
3.669163047612023387e+00
5.425132054024030204e+00
2.292850035511031503e+00
4.360166925572054986e+00
5.506313463843363287e+00
2.674332598887041446e+00
4.853012050749885731e+00
3.227110046060871262e+00
9.937354585637145910e-01
2.230795702069582109e+00
5.894852627237578524e+00
2.592576334158636531e+00
2.157611578372780947e+00
5.079746367789911510e+00
1.904037822611142738e+00
6.926209115878080524e+00
6.438155576647167422e+00
6.697190042035365387e+00
5.121893213908015774e+00
1.717167227385627548e+00
6.977229105919931840e+00
1.124167895223437519e+00
3.350950602537271727e+00
2.096379005289961128e+00
6.131423143145350307e-01
1.209691127446165249e+00
4.323578620327215738e+00
9.001143012244220420e-01
3.281561043525031085e+00
3.710837803286536118e+00
1.953509081246100010e+00
1.387755667714331453e+00
4.064711990870693903e+00
2.803542167374507343e+00
1.673595316694928226e+00
2.105786628814558359e+00
4.631472405870034947e+00
3.484974832080689922e+00
3.458305825971156544e+00
1.866208479931229292e+00
3.008095347172178080e+00
4.250323787574112444e+00
3.778716870362039959e-01
4.808374530720712414e+00
1.820335245361734966e+00
2.459927915678324251e+00
2.340403298244428054e+00
1.845691419938040756e+00
1.605376366251277886e+00
3.208670258777744255e+00
4.616268178778581088e+00
3.348824427431567941e+00
1.557588998497160926e+00
1.144631370305413398e+00
2.528084266579786465e+00
2.082054332374342120e+00
1.091102584021988564e+00
3.543325135835934336e+00
5.015316985426370167e+00
1.077954332799001991e+00
2.344288180679680700e+00
6.448295584971971417e-01
3.075114712023495844e+00
2.820251612178118705e+00
1.196629267387628426e+00
5.258983793976783616e+00
3.439849305807988866e+00
1.696751472596406130e+00
3.814774722867663836e+00
8.610958355115559959e-01
6.738322017792343743e+00
6.927737263601785322e+00
1.555889560252840864e+00
6.472398565298520978e+00
2.450014890319984762e+00
3.881068196014473504e+00
1.238576019594729738e+00
5.170115736523476890e+00
2.265129447442958632e+00
4.586352811678391816e+00
1.940569655660156156e+00
2.131835909340310309e+00
7.276249738916292786e-01
2.044674379260263741e+00
5.198467174628784271e+00
4.883267895926283408e+00
3.045789498748371571e+00
6.187731769139883653e+00
2.970000485502646281e+00
5.132515620573483872e+00
2.565668678300161876e+00
1.047403518685765089e+00
2.411392584870557076e+00
3.684516500758558522e+00
5.086843665548999915e+00
1.157499226193740682e+00
3.043549711606410302e+00
2.794689789045057271e+00
2.909990915487992602e+00
2.663460108694939432e+00
6.456940979405080938e+00
6.601338934001487857e+00
6.686539172379006857e-01
7.173811721298585242e-01
1.345462736689441163e+00
2.672886204735538396e+00
1.027945085674365266e+00
1.622694809578255626e+00
1.157226268254643475e+00
5.198551524239287680e+00
7.777296744877317813e-01
5.307306815042059256e+00
4.762489497561238849e+00
7.086258993435496478e+00
1.179834507284546641e+00
1.294052144506434576e+00
1.786661788620326874e+00
2.430075049993486669e+00
2.319634435153732355e+00
2.238128938209699825e+00
6.045277144100798417e+00
1.014453407004284546e+00
4.534089869701093178e+00
1.207080076278456593e+00
1.372212398673948952e+00
5.360610648114784382e+00
2.892268231936375500e+00
7.106148687561819166e+00
4.363845507525502043e+00
2.184487176655206753e+00
1.891222804203594343e+00
2.940764959784113231e+00
4.229898671659118037e+00
3.576800937826469795e+00
3.161147595888545769e+00
3.164764404782967944e+00
3.653491772575544694e+00
3.279417713471947327e+00
3.682021184071778475e+00
1.655162151677162852e+00
7.254647689530473897e+00
6.725342807787946242e+00
5.195467326874311453e+00
3.018773754078205585e+00
6.622168311933449569e-01
2.014731354534009977e+00
4.052566239509521218e+00
3.344365051278627377e+00
1.758207961397969976e+00
2.342199273899926659e+00
8.812852113712854596e-01
6.203986600490419834e-01
1.153768128905779067e+00
3.821359263026324893e+00
3.420658886577548241e+00
6.026254193872325082e+00
1.639778190402333413e+00
6.137204680103538479e+00
8.597595197287763114e+00
3.831957989089192829e+00
8.161944222009515082e-01
5.033563725644271791e+00
1.931111503312614275e+00
4.006109807815948720e+00
1.278245487954350113e+00
1.110609162984124154e+00
4.593308607055440973e+00
4.335625548076217584e+00
1.187620782180040857e+00
1.705459095640271316e+00
2.412137774321555295e+00
2.068734064154567953e+00
9.106544004412514548e-01
1.433731190599492944e+00
3.487457344321855501e+00
6.726090873884805532e+00
2.099346662373352324e+00
4.458137499552614180e+00
1.492463477905045854e+00
2.867276392196316692e+00
2.338814950244572977e+00
2.945714485353220002e+00
3.038552408538194083e+00
1.562925618828598262e+00
4.679085669050637719e+00
5.276519107456243418e+00
5.067323726060237732e+00
5.167790954336210163e+00
3.200308201999262803e+00
6.019198232869509724e+00
1.718231147960634475e+00
1.244175441404247628e+00
1.213057524086488259e+00
5.187277710772350225e+00
2.053708413255276088e+00
4.629270054396160461e+00
3.146510910562518415e+00
6.978915147227032989e+00
1.013987860652703299e+00
1.048967160456749426e+00
2.962620740807492048e+00
1.230273200934993039e+00
1.347274330601298420e+00
6.039465521213921662e+00
4.625799571561914902e-01
3.810254577966929013e+00
5.938449522631749744e+00
8.097313846532433246e+00
3.881729456172392734e+00
2.183634776241837550e+00
3.718643171907481282e+00
2.966392714849973355e+00
2.857868798219663997e+00
1.563266795229645290e+00
1.627635872492819935e+00
1.808904770902818981e+00
8.724987497086056365e+00
4.484493224832373670e+00
6.231665864419727363e+00
3.822687384779952513e-01
2.895928253599887370e+00
5.005443907249945035e+00
2.252381584610720910e+00
7.149200762443180146e+00
2.355776678279223102e+00
7.558669064898443146e+00
1.663472221325070777e+00
4.602211701277175493e+00
1.451804766607995179e+00
2.377868397649135268e+00
5.748097296857161531e+00
2.547962829687640429e+00
2.233438047777058788e+00
1.231895537598062695e+00
7.480116803851984741e+00
1.083572349878590746e+00
1.596230063599204163e+00
1.217458388868303043e+00
2.278742928574138737e+00
1.234183605032280084e+00
2.456267752380039138e+00
1.317805309164606697e+00
3.140774455551784694e+00
2.088325695249098057e+00
6.243208962111283178e+00
1.412193253774119750e+00
1.226855514423798255e+00
4.102658938077575534e+00
4.186863586731652376e+00
7.669093879321017049e+00
2.565997866847433251e+00
1.971977923586038628e+00
6.674978730468659194e-01
1.896880057482329018e+00
3.786152820669776098e+00
1.927061421130653374e+00
5.372821924075275923e+00
3.706106899564781898e+00
1.261322434459392516e+00
4.810387327837130300e+00
4.622670530323689242e+00
2.240557646715251483e+00
8.270088182432974833e+00
1.362635428813310678e+00
8.472821951106124239e-01
5.944214346714728592e+00
1.573291992749746626e+00
2.846543741879572931e+00
2.722576557009762421e+00
1.815993909271230056e+00
3.988812598952240052e+00
7.105066182750114923e-01
2.316273089685739084e+00
5.671997264634866198e+00
7.149575697915113714e-01
6.387448893283602658e+00
5.990229337793709696e+00
4.120898744748913600e+00
4.505341929175794569e+00
5.923545388550534696e+00
1.406346413180409538e+00
5.855683588376190407e-01
5.386101312440330524e+00
3.821544278335590850e+00
2.076114444998462094e+00
2.757471413061823640e+00
5.267312712255960427e+00
9.532267945354785610e+00
6.576764852920921278e+00
3.155328769602662731e-01
4.643180216367272628e+00
7.393689066164107260e+00
1.263787914633510923e+00
9.012757248510723240e-01
1.629401354874087771e+00
1.976320384252653328e+00
4.309026846709675951e+00
5.040590542946518759e+00
2.821401082815593764e+00
3.334484517712983820e+00
1.190269340807175169e+00
1.302656583086236219e+00
6.715405035505470632e-01
7.200327741156173467e+00
3.044403096341789183e+00
5.397973171351154065e+00
6.048370044135606527e+00
2.871831159045298509e+00
7.107235966276831407e-01
7.937905263715357984e-01
3.323539502071688023e+00
7.978224302323671857e+00
3.471779994630681987e+00
1.277151489501310522e+00
6.203707249098876275e+00
2.411091343122248265e+00
3.112266979989715576e+00
4.702287279803901043e+00
8.869939605864973764e-01
2.940890814328269709e+00
2.047638284517371066e+00
2.470483935453205326e+00
2.396532863278142855e+00
3.003385056283363053e+00
6.342149965134873391e+00
4.062961947479631242e+00
3.986714658668891964e+00
1.137504960037938551e+00
4.768028067598168995e+00
2.469876020265629357e+00
1.150940332084492868e+00
1.693014960929046797e+00
5.970407067421888980e-01
1.794402491914227626e+00
2.315719542418477772e+00
2.546550507444379718e+00
3.580450465922510705e+00
1.021618809782492532e+00
2.179155964954094582e+00
5.916635266559464590e+00
9.505148746221872003e-01
2.663130593291981985e+00
2.116244284591435765e+00
3.741213226119110669e+00
6.811184959718113774e+00
1.328910744995434490e+00
6.872720090880029886e+00
1.338896872048448650e+00
3.983178319655061639e+00
5.733733432008781605e+00
3.089442384387565799e+00
8.110574040971956222e+00
2.771462297944893849e-01
2.524150672740071766e+00
5.877470200929924893e+00
1.414249157488228548e+00
2.716785329347464639e+00
5.129902808986687823e+00
1.445382926861467521e+00
5.912711346240537402e+00
6.981248407865394690e-01
8.432673229317144692e-01
7.964867608637353769e+00
6.082862817228481767e+00
5.358283070285539296e+00
1.609661131478391960e+00
2.982690138786753042e+00
1.701318814660690348e+00
3.462279161808261563e+00
1.302606588763385975e+00
1.830906872355261950e+00
1.904830242489137015e+00
4.507013217909263680e+00
3.693570596430049147e+00
2.261182542948299456e+00
6.465709202337751593e-01
4.710098741193231575e+00
4.937757695846320516e+00
3.455825484233955525e+00
8.412370299196235690e-01
6.441852968175279415e+00
1.960384651363957120e+00
3.149340433487070712e+00
1.727863140485122351e+00
2.408649140797819221e+00
1.225691009026894651e+00
5.860055861238020469e+00
5.186549128676785081e+00
2.726254387549176705e+00
1.661943900000632635e+00
3.727080370080449789e+00
1.308797902930115997e+00
2.809037945289163840e+00
1.036838661318061794e+00
2.308009561067326576e+00
6.804516193816880776e-01
5.744776286379491559e+00
5.455210353785328037e-01
6.819876752095006545e-01
4.943071912308685256e+00
3.967798808457711157e+00
1.700447471263278221e+00
2.518126108679181296e+00
1.007364590245640290e+00
4.069771241242215787e+00
1.026874090073879975e+00
1.807359237153760123e+00
4.914402456487943383e+00
2.216382208117885444e+00
2.001075418103303249e+00
1.983300415392053928e+00
7.808965533965069206e+00
6.128446280270245516e-01
5.849464540741966978e+00
2.215215576967625832e+00
5.262393547736498256e+00
3.308629160337480446e+00
8.763225465605367859e+00
5.243497950349390813e+00
5.052922931902449122e+00
4.429533566452558802e+00
1.611832492963142238e+00
1.043874165570594315e+00
1.711865912833283820e+00
6.776975827274295261e-01
2.576477812602133710e+00
1.620590469706675307e+00
5.685309120642875413e+00
4.165826032873133578e+00
6.000379163567763463e+00
3.431546006814345962e+00
9.024235150648944881e+00
2.483888163163233909e+00
2.870666931730468274e+00
5.823194989498510665e+00
4.972553989682833020e+00
7.759942483332288310e-01
4.134927637813822443e+00
5.886325039114703728e-01
1.485509986575702879e+00
2.455751925121314461e+00
4.606538539930096654e+00
1.424807567950133746e+00
8.953190574660977674e+00
4.346940069254312533e+00
4.330071378578199237e+00
3.650538534300300952e+00
4.438765359020417911e+00
2.100515178619545065e+00
3.139225592030826295e+00
2.907085397592386489e+00
4.140223443404385861e+00
3.767361853852137621e+00
1.235396537112346760e+00
5.234469475473018107e-01
6.180456088352402233e+00
3.026487508148436145e+00
1.237129412082192514e+00
2.886681533107414932e+00
6.891036176731269336e+00
2.723651417866167712e+00
1.816586973423861107e+00
2.507694464794747891e+00
2.079464617530362602e+00
2.771174182442627920e+00
6.229281450217245997e+00
5.257868379533481296e+00
2.334290212449594559e-01
2.279611462194295779e+00
1.552252400340378591e+00
8.090262123274930550e-01
2.743802464843786204e+00
3.457386938908197926e+00
2.478825129166811081e+00
2.045158521771982763e+00
2.130228628403069424e-01
3.140246278775544742e+00
8.145835829573975673e+00
1.284448274309060833e+00
2.773557497295503715e+00
1.991493456831927356e+00
4.453833183660183437e+00
2.552392146041977838e+00
2.096654570890823965e+00
6.122676725905456863e+00
8.897178646744023922e+00
7.478460081135489546e-01
3.784130984030337874e+00
3.026322369496791342e+00
2.216730452221127745e+00
1.828287346622025966e+00
2.153092127951838020e+00
1.615660571163017867e+00
4.655865605398969542e+00
5.255439358375609160e+00
4.942625013349870144e+00
5.148032033537237595e+00
3.816441136288040159e+00
4.439639391444594740e-01
1.445184988627961964e+00
2.590317584910882598e+00
2.956693942442488510e+00
6.919245070165641387e+00
3.196493178884541209e+00
1.707375918726383501e+00
1.127833699633514541e+00
3.141560820623730432e+00
6.330526174967618935e+00
2.226380496330041758e+00
3.837318081077966347e+00
2.614277314500176086e+00
6.100562226752024308e+00
1.869159612748930055e+00
2.112399447244228234e+00
1.917434193882157523e+00
5.536918727438169263e+00
1.368461584625005667e+00
4.809860632115633194e+00
2.762349650247384769e+00
1.337096935848927970e+00
2.044784851732543984e+00
1.175898102909744170e+00
1.748236868829095014e+00
3.231994985252939045e+00
4.822867885509187325e+00
1.369708486258025104e+00
7.856238142417669934e+00
9.564485880195211509e-01
2.418960680510288341e+00
3.853995531098656002e+00
2.031976462912884251e+00
2.170811175648076130e+00
5.346307424908250283e+00
6.682476142487988824e+00
9.860682981375705758e-01
1.696316472964591204e+00
8.331523671889561333e-01
3.921709070312802581e+00
3.409934366795083882e+00
1.394351220040441541e+00
4.358636743290395188e+00
9.444455434506490166e-01
1.928894324605723076e+00
3.972741476774953040e-01
1.484987605339328054e+00
3.523650444614273347e+00
4.005529936401662994e+00
1.653243644056838324e+00
3.728980158279518786e+00
6.771791458468009672e+00
1.808666004967736551e+00
3.641628675116624692e+00
1.648539890807017461e+00
5.473051590041857040e+00
4.516324236799046377e-01
3.059598823732657458e+00
2.425321362039051021e+00
2.929400162257839835e+00
1.373730885118622291e+00
1.276035568586283642e+00
2.730772613740171995e+00
5.865789057724837718e+00
4.513661564014386229e+00
2.212239672984640304e+00
1.454773539470498145e+00
2.734441839688859677e+00
7.368901234543404399e+00
1.308314526009684675e+00
8.433644270926641262e-01
3.275176677656418178e+00
1.818252542999395205e+00
1.633353279098585409e+00
2.541403545386088147e+00
5.269729482107982754e+00
1.603226947344629894e+00
6.530273750179041770e+00
3.211727180291870098e+00
3.150737661119169086e+00
1.907260812636338176e+00
1.219691718797478730e+00
8.625363641241241552e+00
5.236648712383552784e+00
2.092623881802419206e+00
9.061459304535345316e-01
5.191780830180774409e+00
2.414424863605731275e+00
1.734966421973372031e+00
1.267437895246554147e+00
1.034670877779452169e+01
3.482319190337084702e+00
1.508108777415887447e+00
3.481427930362415157e+00
3.152362388809849314e+00
3.238452334388806086e+00
1.208057333741839878e+00
2.310488479849426291e+00
2.655746514415215476e+00
7.401053781327319170e-01
3.074057072507795141e+00
1.632633768659940809e+00
1.570165641364564157e+00
6.317061285020806327e-01
5.679170861265836479e+00
4.309887473210426201e+00
1.956916306114807602e+00
2.649213321068902172e+00
1.939689963976201081e+00
2.248531635018807151e+00
2.720787371484262085e+00
4.008701430263331922e+00
1.528265354402788434e+00
5.319328235168302221e+00
3.914186219898371011e+00
1.913927768137129171e+00
1.799267155981658428e+00
2.858170115639473430e+00
3.305983579533183558e+00
1.935760803843852296e+00
4.179937368718231738e+00
2.589529741816944508e+00
1.627242508423252243e+00
4.126941085527446873e+00
1.660105166737832150e+00
1.145601666363936566e+00
2.483661436968804370e+00
1.393967053779728404e+00
1.564857366620759693e+00
1.849943568959270035e+00
5.733706651781744768e+00
1.175755002032163432e+00
1.273775041337701364e+00
1.319381058119565298e+00
5.561755021209327410e+00
2.735646756320880169e+00
8.694767799640600314e-01
1.327988089926192439e+00
6.037318579210824154e+00
7.663066494061570921e+00
7.119818463074914838e+00
1.834335575068887891e+00
1.167997354576009839e+00
2.588160594887249477e+00
3.421670095558126512e+00
2.567567062517527976e+00
2.295729341090617215e+00
3.348460185276449064e+00
3.156154903365948616e+00
2.362335037637945057e+00
2.575346451399968206e+00
1.142756658063995845e+00
1.261238647567241467e+00
4.681804304006598194e+00
1.807231975573770022e+00
9.562899163517074586e-01
7.186964486338293101e-01
9.971972913081958989e-01
4.688900460287121597e+00
2.536907854577411303e+00
4.155074062390468725e+00
2.426094315457073769e+00
1.858633994203113593e+00
3.348726183117697541e+00
1.910213453096948566e+00
3.517034458820385012e+00
1.459164034280247435e+00
1.078699854171813355e+00
6.418108257167591368e+00
1.119481635991210311e+00
9.240169160322853070e-01
2.097797383204253130e+00
5.041855344807210315e+00
5.340809873287275522e-01
2.396780938648400028e+00
1.978183979331132214e+00
6.765914696921303317e+00
2.988617766910966811e+00
1.119112365211520910e+00
7.990150793504283699e-01
5.199399860141084240e+00
3.000440857623638991e+00
2.392401727343552942e+00
1.245639485673890379e+00
4.971718792143609456e+00
5.492626873226569728e+00
5.531838635252919190e+00
5.465167939786289786e+00
9.966269901512162521e-01
8.113677277070292515e-01
1.143673376115489582e+00
6.322340110115042933e+00
1.326920556921069805e+00
1.213397082049273656e+00
1.274685782994789518e+00
9.935519183466692272e-01
2.517498530578493821e+00
6.366748734057326331e+00
4.396827448994102383e+00
8.483288474469871110e-01
3.122746593220921962e+00
1.625474774435028857e+00
3.560656398501062192e+00
5.071738390502035010e+00
1.865133560895392062e+00
2.099606300563291228e+00
1.057162522238901170e+00
2.373255017083254703e+00
9.442100665843559781e+00
5.318954576572816784e+00
5.879869250791736057e+00
5.506622472865449147e+00
3.398220820494465055e+00
7.028282809669286202e-01
1.653657050802008532e+00
2.825408563334338652e+00
4.630265916584335173e+00
2.492716223611872728e+00
1.887000196742882219e+00
3.160846156816691455e+00
1.950694591687160973e+00
5.032181076988738511e+00
1.876561816188779153e+00
2.931622832995684380e+00
9.469428991676471785e-01
3.822057314306769982e+00
2.417591060792082747e+00
2.427853504850284172e-01
6.658958372770899636e+00
3.679419965058262076e-01
6.756763097131800455e-01
2.719135219619141619e+00
1.202662085060703490e+01
2.505196839565092759e+00
8.867408128525543498e-01
4.361137535163093659e+00
2.081351767557606536e+00
1.135075193519011538e+00
4.831341269026388829e+00
6.961378109308408169e-01
1.989047505037289554e+00
3.883561674166174260e+00
5.825237487370402700e-01
1.348264527869757590e+00
5.876196884295839418e+00
3.080549853664873439e+00
1.538409583703326033e+00
2.034130699166104783e+00
5.287531177545607086e+00
4.451992981437059349e+00
2.782853139483598692e+00
3.200314428056318050e+00
8.272199802801775803e+00
2.408147838861045109e+00
3.055255775523888939e+00
1.084901080091731140e+00
7.217079674690200619e+00
3.975130611701078731e+00
4.360803415317790588e+00
8.477475383949069965e+00
2.183062732954300422e+00
6.771615391057332900e+00
3.888743768269847134e+00
1.083587965124627406e+00
4.170721243983285476e+00
2.441801456234636625e+00
2.684927656581095334e+00
1.153854040094440814e+00
6.124720471177763415e+00
6.044598191511012963e+00
1.127017979260059422e+00
3.914537165078986636e+00
2.049983684474743661e+00
4.712533086408901895e+00
2.526428794889976626e+00
2.353379119983832979e+00
2.603288513839125073e+00
1.407752401552192500e+00
3.072615219023117739e+00
8.234708517662302496e-01
2.147669395496251354e+00
3.087730790587583929e+00
1.609706039899988061e+00
2.713537915675248602e+00
1.290308504076262519e+00
1.355483787941054841e+00
3.553356441694861534e+00
1.349934038588007201e+00
3.920844346790245183e+00
2.343588555573361543e+00
1.591203561673505407e+00
2.879001411022878099e+00
1.686548908630055355e+00
2.572350573160814058e+00
7.054221845854891093e+00
8.235540620705004144e-01
2.290069869443016604e+00
1.134790859545538932e+00
4.236496193110229846e+00
4.932889471788597824e+00
3.805448739495994825e+00
1.817431639516505770e+00
1.222534602134511594e+00
1.452556312556402052e+00
2.127318956377991288e+00
2.137636032223174887e+00
1.711762765788310547e+00
4.928291275904399527e+00
2.592271815497417364e+00
5.424656123957028342e+00
2.168898385938520690e+00
1.646329386199396394e+00
2.852050726893616162e+00
2.359660887356789249e+00
1.946753903780936490e+00
6.987221740100380885e+00
2.261311369127913196e+00
7.017076940393524254e+00
2.407657152345666685e+00
7.290941962632762063e+00
7.159975799717789302e-01
3.229900683426856656e+00
7.206473648389394304e-01
9.110184015094691112e-01
2.514759790214525115e+00
8.850407864153212456e-01
1.664356564730578691e+00
1.613634480499436696e+00
2.433659648452571211e+00
1.593183307563199813e+00
7.897231406669105169e+00
5.898037750063575224e+00
1.750078830997963797e+00
3.536231934006173638e+00
6.349582612467004950e+00
1.758575365481195085e+00
1.155432924811855333e+00
4.584436988407672331e+00
1.296425494598171690e+00
2.464112788176405999e+00
3.052871206258292780e+00
1.266541538929381705e+00
1.961299476754049254e+00
3.323936178759471005e+00
6.374877275006210375e+00
6.079612348523650844e+00
1.068016794120379753e+00
2.004069263342770579e+00
4.987674168997036972e+00
6.318180391028988652e+00
1.482461109170476687e+00
2.870138388934541318e+00
2.988381079863423828e+00
3.902773532276420099e+00
7.402691123434322229e+00
1.541715246642344050e+00
1.353948595715551484e+00
9.081826544670490442e-01
2.241462941487466942e+00
1.714916305327983448e+00
3.305515432392196029e+00
1.509751966071217533e+00
1.794146672360269479e+00
4.950082643412747174e+00
3.185282810933954156e+00
9.619809688892868582e-01
1.704703763945529582e+00
2.067878042876576838e+00
9.273219417355346161e-01
3.660413540739932081e+00
2.055952371584823357e+00
3.169446712931318189e+00
3.956790358391188978e-01
4.593817839814835935e+00
2.729899947308735531e+00
4.751140882355906037e+00
3.481185317448360905e+00
1.123452194122048331e+00
2.503647847330861431e+00
5.185894777895432739e+00
6.103648520062673555e+00
1.358018624367734128e+00
4.325111209614926011e+00
2.351861396547748395e+00
6.722981033565067044e+00
4.933796041353696538e+00
1.361499480150666352e+00
1.375578186957913562e+00
7.834283283289630306e-01
4.490327103446157153e+00
1.313301681873910276e+00
3.984886022582690313e+00
2.075826440506512327e+00
3.186931220742590831e+00
1.422800861986570631e+00
2.187708644729804863e+00
8.710367811210193878e+00
2.196878189892565114e+00
5.371135259960866826e+00
1.589709242204595085e+00
1.293904301723056482e+00
2.360493779142888382e+00
2.387549870909166039e+00
6.196207072924496018e+00
2.487619878251553729e+00
1.141048439390192515e+00
3.352585620829326984e+00
1.299903510476950963e+00
3.677522381940108609e+00
3.577935142795859669e+00
5.672433702487641449e-01
1.942425261575882578e+00
1.870523825068029611e+00
3.958156347596048619e+00
3.064713092579317788e+00
3.418428021117500659e+00
2.260745541756617349e+00
9.898968394781382241e-01
2.516249143206437999e+00
2.841701243811346256e+00
5.029353889377207842e+00
1.416649057267080902e+00
5.785031443811508467e+00
1.187640956161979178e+00
1.323924439631688488e+00
9.172222821579625318e+00
7.846224159330572601e-01
3.632207539072581426e+00
1.974938006058905016e+00
7.246316908616442509e-01
1.247743735507815810e+00
5.653635041139623674e+00
1.110436282228129512e+00
6.909634152377598371e-01
2.235103671502626010e+00
2.663094807911715378e+00
1.318114191853629880e+00
5.074394547901640351e+00
9.382867589373161010e+00
4.016204360924693795e+00
5.296803533143149778e+00
4.180533961034309520e+00
1.644206140773830427e+00
2.174944007385121392e+00
1.041194470234299230e+00
3.736362579961578056e+00
2.287975921899876752e+00
2.157144342367113943e+00
9.117642424062140094e-01
1.383131082961397862e+00
8.954536307875715195e+00
5.393741300771474734e+00
1.605481744563019175e+00
2.229792694286109267e+00
4.314619019993468640e+00
2.522337201317810695e+00
2.913499930903793445e+00
2.085021992526281842e+00
6.036200910475350234e+00
6.182055589580367494e-01
1.058469831386218862e+00
5.313146917310436201e+00
2.029349939838787975e+00
2.684015737349215946e+00
4.155029030382277000e+00
2.882141123714339059e+00
5.668903364686448398e-01
1.442135150525481135e+00
1.580774015013703293e+00
2.383239920819427038e+00
2.697314400825114866e+00
2.190715441576810196e+00
5.317134533160071896e+00
5.565425905679467711e+00
5.742696757667342666e-01
2.862275986293654206e+00
2.539250830533568593e+00
2.984087991644994275e+00
1.792930850480356941e+00
1.871602454062383902e+00
1.427439268712170639e+00
1.668832006146521163e+00
9.306913519415910940e+00
1.213636522881087920e+00
2.600009238166753445e+00
6.088327474948243001e-01
1.991329716142154815e+00
2.563132270206498919e+00
4.460285398820419189e+00
5.676948400324850041e+00
2.544235964257532512e+00
1.103265476523601185e+00
2.053836473060288270e+00
2.513258435974004001e+00
2.377472356837473821e+00
2.327564129906286361e+00
3.089174416085853192e+00
4.080479416829748018e+00
1.781352442810337555e+00
1.385617906860473036e+00
6.586967058966952671e+00
5.710232535914845364e+00
7.398320944417259071e+00
1.537117390846741261e+00
6.607960104239579913e+00
3.733402873273857558e+00
2.870519200846470831e+00
2.263572194920733693e+00
1.723798728840379546e+00
2.460100122762319153e+00
5.891657003207370735e+00
2.002167646410506485e+00
1.957583471931050756e+00
3.475121945881845420e+00
5.744532510732923702e-01
2.561483267811972553e+00
4.621794814792184347e+00
1.607654214503178913e+00
3.243042715154372146e+00
4.421762287109325840e+00
4.553964192475688399e+00
3.841302237434860989e-01
1.579112869166952482e+00
4.323054898447628247e+00
3.584430116354623053e+00
3.186625494245510115e+00
1.522558062438266191e+00
4.788982463518101085e+00
1.189631923457443818e+01
8.686389561826992178e+00
3.566091507145030981e+00
1.089168574887834584e+00
2.423756079331546243e+00
2.313511730464878013e+00
2.501931619593717571e+00
2.200456163655957642e+00
2.818600746730870910e+00
2.252525041500712533e+00
2.282492109432952887e+00
2.831176128290306515e+00
1.080809084360463190e+00
3.095572520810832007e+00
6.826694252555092213e+00
1.722382281707849572e+00
1.459118271178624804e+00
3.039287437125150149e+00
2.648909503540198163e+00
2.015249983098450048e+00
1.876474850142070716e+00
2.073432527903445344e+00
1.808236465097939449e+00
2.745415897943797479e+00
1.676232252863347760e+00
2.209883432804238712e+00
5.484228490129758882e+00
2.737325308417138725e+00
2.028150878214189934e+00
8.344335276070999896e-01
1.378992082349398629e+00
2.617855520191408658e+00
1.059592059344658610e+00
9.161661958892328705e-01
2.445617539865932333e+00
2.122606477763572475e+00
5.210205934426059393e+00
6.878592473604322244e+00
2.952202753434619797e+00
2.280420849498492775e+00
3.193829183550958017e+00
1.202795508057861840e+00
2.744927377052298390e+00
5.185703071604373271e+00
6.521955347122462499e+00
2.959601947771476560e+00
3.790201662593336795e+00
4.314642211066637145e+00
7.912449324521638738e-01
2.690176186785148360e+00
6.462665361035623945e+00
2.917724938914096899e+00
6.707310065664968235e+00
1.092607942932629417e+00
5.249056303507375176e+00
6.483230318658961266e-01
4.136106199470971356e-01
1.597358772429531282e+00
1.602068140659314466e+00
3.592322649611940033e+00
2.702951836355706128e+00
2.925044372541467208e+00
1.726135835294867027e+00
1.229186877186281723e+00
5.265327541732642835e+00
1.394237984047907775e+00
7.430732490936215129e+00
1.749895087896371937e+00
3.978839196377975895e+00
1.551099754994195390e+00
1.328416066277338992e+00
1.752930979106249954e+00
1.370920987889277631e+00
9.889890881288088131e-01
4.566716187790038184e+00
5.034608394463853109e+00
4.987801953581423753e+00
3.745096712574257136e+00
1.769010571148770916e+00
3.702800043677794140e-01
1.982903664300629698e+00
5.749213239880948123e+00
1.641802076230568508e+00
2.638759331724870094e+00
2.953890711820014392e+00
2.257259689107505185e+00
7.510208212120202731e+00
1.288132889633856193e+00
6.445276628230645954e+00
6.575510689242925366e+00
1.708044754601216297e+00
1.872487978099623973e+00
3.916599968636097717e+00
4.507851475312156242e-01
2.184414283904627663e+00
4.214849647116307274e+00
1.122564717411205892e+00
2.156238274379155495e+00
7.230637165286839085e+00
7.848746550058531390e+00
2.197828141328812990e+00
4.062222140114318591e+00
3.102326499122392001e+00
1.837879813941229123e+00
5.098575965554268841e+00
2.307771792073470607e+00
1.623552363789961150e+00
4.384748207750172710e+00
1.889792440920764705e+00
2.000941086043781958e+00
2.486208219321164758e+00
5.144754483173450410e+00
6.913886752494744492e+00
1.066981306039744837e+00
2.735839953158230919e+00
3.189482871244171402e+00
2.977503489278126469e+00
5.246770999763850085e+00
4.128953786236108314e+00
4.904605485825174860e+00
2.162719182111293659e+00
3.445760436495703960e+00
3.235173807546457780e+00
1.826275705938482430e+00
1.265048296773087388e+00
2.767881767827484740e+00
1.573718454246133547e+00
6.599812153629708078e+00
1.467374429617318787e+00
2.832765672630622067e+00
5.826373004904127129e+00
1.339860989254214374e+00
3.217125105924741657e+00
1.646725925171069083e+00
5.939099909497071117e+00
2.414051277845217669e+00
1.407842580908529539e+00
4.782598002127267378e+00
3.966470703180908774e+00
5.302130328540223481e+00
6.058437796486515481e+00
1.898645386417240122e+00
4.396326201488012231e+00
3.889366601928597511e+00
3.547033263092097322e+00
5.071859005622697758e+00
2.607294563586870950e+00
2.100356587728311020e+00
1.238273126677170932e+00
5.511069411971856624e+00
4.532412837983807563e+00
5.739871511640488144e+00
1.084053845267956673e+00
4.119695710626148921e-01
1.722705718876619496e+00
1.695424076804730174e+00
3.488056133164179506e+00
4.005114157630048410e+00
3.814407218894434681e+00
1.159048150452621995e+00
6.786137493373008311e+00
5.192731109694292080e+00
2.464928921199236900e+00
5.823178618040844690e+00
4.703432659938745708e+00
1.663075965654801314e+00
3.378164301156372229e+00
2.630779136920915917e+00
7.198399344354765583e-01
1.614757527773493129e+00
1.957335469396593641e+00
1.287878201577309367e+00
1.976662819096449919e+00
3.154114981191038503e+00
2.467709958711779894e+00
2.372449886633367644e+00
9.769877117426801760e+00
6.171253544011719328e+00
2.056925378526452075e+00
1.687782943708372230e+00
1.391294326610543086e+00
4.630767985603842618e+00
1.151850374664305399e+00
3.732937268244059137e+00
3.092318295571955034e+00
1.228467402104503226e+00
5.247064257422942468e+00
3.334165613443009768e+00
2.964121679396710451e+00
2.069949460018213117e+00
3.764013585551137187e+00
7.648113489032833279e+00
3.938618985764488656e+00
1.330614625497265502e+00
1.645396990487342892e+00
3.961401099266878667e+00
7.125035791111599126e-01
3.694137254593449438e+00
1.448718824706931585e+00
2.065063253989854797e+00
1.842200389985471087e+00
1.949785829206541088e+00
1.729688306116270891e+00
2.161223758951322793e+00
4.991937385569115371e+00
1.821680094529579019e+00
2.287689156894099796e+00
1.930708830440321044e+00
4.753989740539473097e+00
2.176286510730732982e+00
2.837196001271490964e+00
7.865199211562564408e+00
3.158135164351388191e+00
4.066508546993411244e+00
3.157306600481749381e+00
1.624050200461821136e+00
1.894582169385247150e+00
1.489078477713118742e+00
6.890675345002596153e+00
1.880312487358238860e+00
1.362589048867013153e+00
1.748491144134031838e+00
2.970226976628128401e+00
2.298098262405284586e+00
5.677934948937863879e-01
8.884636902718748841e-01
6.899610913521855515e+00
3.215109072683857594e+00
2.079852577066431341e+00
1.347438883701957080e+00
9.231518650408448989e-01
2.011147231838967819e+00
4.319556312102823092e+00
5.809637444457449895e+00
6.621045672349763489e-01
1.163425086461518099e+00
1.281559418415261886e+00
7.599111431587240340e+00
7.733032191893139284e+00
1.252098204164712847e+00
2.923661617670809232e+00
1.891959638732867877e+00
2.466851190590913401e+00
1.716073285771414936e+00
4.774124104117402290e+00
2.613553196540181034e+00
5.865084562880214847e+00
6.108353455866187609e+00
2.700555330084750238e+00
5.541144555185111287e+00
2.730911593164902396e+00
2.718614685665916131e+00
3.548509253619260839e+00
4.378779496881555211e+00
6.389836185481663655e+00
1.292486116165412868e+00
6.023739091721441952e+00
6.129606458095502752e+00
1.406256804585532816e+00
7.081033352785478518e-01
8.625226482081437274e-01
4.952277575777552343e+00
4.184735083624426366e+00
6.959836244797245719e+00
2.275012316483116859e+00
1.237849393713867041e+00
1.310012455277018262e+00
2.646933128856987061e+00
7.536612397721019763e-01
1.509621374043313757e+00
6.593581728820760990e-01
5.384549879582499976e+00
1.712448427358073788e+00
5.879982197171745861e-01
3.689944130426344948e+00
2.396468347166074597e+00
3.648915424749253233e+00
2.994597501557467734e+00
4.616291083112268545e+00
6.005302628125598119e+00
2.134537009048345979e+00
5.528189825299254956e+00
5.628493216384748976e+00
4.867818616064605308e+00
4.608229919236364047e+00
3.141202857501754764e+00
1.524741464831020465e+00
2.847508219348585001e+00
6.446651299611970032e+00
3.868935225036144843e+00
8.738109783208074077e+00
4.573160645946979130e+00
6.458936269740644498e+00
5.646013638927485978e+00
1.355393824642248779e+00
3.154191279758106869e+00
3.481840561543391832e+00
2.425770347018207929e+00
1.692675908302897492e+00
2.854162685133079691e+00
1.606978561036102870e-01
2.684832544189784009e+00
1.485305642684938698e+00
9.015699549969251603e-01
4.051421277771667384e+00
1.223869026499004198e+00
2.774350940537479104e+00
2.961798972504730454e+00
1.068641572582993415e+00
4.175936094812892740e+00
3.304741829762432026e+00
2.177862286391139435e+00
4.364741037823836933e+00
1.712664727090309480e+00
5.374474964454245551e-01
6.122657482569877629e+00
6.048626744558998070e-01
3.507229405558505153e+00
2.522153019247678429e+00
2.762559409503048347e+00
1.625607322603805915e+00
2.983256270724479187e+00
6.688172458927442499e+00
2.743009065565244597e+00
2.232963487672770864e+00
1.925685938519669183e+00
5.376469670090425090e+00
5.049676002709469813e+00
3.030036855535771068e+00
4.886751107208490374e+00
3.454925406357360895e+00
1.609315247700842333e+00
1.334624241180068616e+00
4.512860362343856124e+00
1.559386540316633818e+00
1.460423115552824447e+00
7.776530916603864085e+00
1.398804491381050230e+00
5.531512204873951788e-01
3.920807718591372115e+00
6.332876418720586820e+00
4.100757051371152428e+00
6.687354288934657554e+00
2.794088493668626771e+00
2.194303143615419671e+00
1.308122646532670519e+00
1.548878316507387831e+00
5.185202440027407711e+00
4.305830226622327395e+00
2.947511440990847831e+00
2.764117676468149210e+00
7.690630746685910291e-01
5.049934711430175582e+00
6.184859679353495565e+00
9.148032901601494959e-01
8.969642484707387453e+00
2.951363416997898614e+00
3.393231108734134693e+00
4.600825531341380170e+00
6.469257421150459209e+00
4.818766533595621127e+00
1.785482142917105053e+00
1.282676320334205977e+00
4.306753382004255393e+00
4.340092741745956495e+00
1.544128551301654273e+00
2.556885722823772245e+00
7.318309435782744288e+00
9.037913394837049363e-01
5.215367837991426114e+00
1.098492079266726096e+00
2.026626782805935889e+00
5.495617465914565125e-01
3.323097843803365592e+00
1.337783759561258723e+00
3.631594715553213337e+00
3.580951765981614798e+00
1.796501932764413612e+00
2.091222077805063861e+00
2.353761212095117905e+00
6.546283429706749146e+00
7.494731498164196815e+00
2.723360133263859062e+00
1.264436895991591703e+00
8.477379730009804160e-01
4.823499320865660245e+00
4.397833831466428478e+00
3.133853117893507623e+00
1.705960088614034920e+00
1.432707739236013911e+00
2.482133945407557718e+00
3.256584254959002500e+00
5.373370872252318797e+00
4.876983763250400727e+00
1.434588524667291365e+00
1.809572110748228546e+00
4.910414067620975764e+00
2.727840948013920297e+00
1.953321123546868598e+00
2.170098505567402913e+00
4.257274351539245494e+00
1.458308239216218771e+00
2.504140458977696770e+00
4.441323760495500039e+00
3.103474903433923515e+00
4.851962901096305458e+00
1.660241846439952651e+00
3.247744635470239061e+00
3.137670718970956951e+00
2.681883163385129887e+00
5.305925526227234457e+00
6.413964379033990859e+00
3.683847467796937725e+00
1.475309713247784149e+00
3.305576808753410312e+00
1.775325489987729544e+00
5.739199963468245791e+00
1.910782550381690426e+00
6.070042605626930765e+00
5.458149481454112051e-01
3.653830528632664443e+00
5.413228234962446095e+00
3.502429224700671195e+00
5.763398547772625946e+00
5.761455969730172377e+00
1.670226099907490713e+00
6.335276026937408655e-01
4.998268530790079267e-01
3.844933291313647139e+00
1.855055940901646272e+00
4.522412138019014982e+00
8.078920981781944066e-01
1.228049333770965035e+00
1.815082654508859639e+00
2.647304378612913567e+00
5.540753985196212206e+00
9.873122755219051472e-01
4.090950448013997764e+00
6.475135239416444755e+00
4.232265642484284385e+00
6.986228539371959201e+00
2.946531412370963388e+00
3.779855004553952735e+00
5.124738134151091806e+00
4.681750432306000853e+00
2.741387914812520865e+00
1.995769588451483223e+00
5.010271238490815904e+00
3.923314868758875029e+00
7.394395575649836516e+00
2.031290002936800843e+00
2.032118884916592094e+00
5.685333473688769956e+00
4.984872727662874592e-01
1.154510231431740586e+00
5.242694095969685719e+00
3.131428747015815972e+00
6.200310473727010940e-01
2.431391187826949185e+00
1.193441617605043970e+00
2.464885758140054506e+00
9.125030238057834087e-01
1.046325519752622002e+00
1.672516197408091543e+00
1.445867746549659882e+00
4.003273171595219004e+00
1.118950742524322806e+00
1.055822913345776382e+00
9.012871135578489401e+00
3.942173336008993001e+00
1.431093512974941362e+00
6.743784027273624027e+00
5.335576512209127209e+00
3.466794082630190399e+00
2.580967538484106427e+00
5.217536143753869204e+00
2.964427361957454821e+00
6.616728152118419359e+00
3.193793155709743203e+00
3.180775217941520960e+00
2.266486696357331798e+00
7.117192866969317411e-01
4.451752637900550091e+00
1.198715341236163301e+00
2.750720278365978544e+00
3.412084352150988487e+00
9.182622559095683368e-01
6.245211676154453606e+00
2.232284401948522401e+00
7.671868007981292870e+00
3.211812540541366001e+00
5.915830627019411203e+00
4.942402070694342342e+00
1.038547295046621599e+01
5.098146291316624890e+00
5.315705911590161925e+00
4.245721472623721127e+00
6.225022021193837851e+00
3.733811609907734752e+00
1.178142530195789961e+00
5.464351148807930159e+00
5.234581653471850338e+00
2.718595105695913450e+00
5.996773162935054025e-01
1.502708988142051449e+00
1.839852165694083830e+00
2.593205445810682352e+00
1.368279182242344350e+00
4.030396086716303117e+00
7.578881309054243509e+00
1.751561622459891998e+00
1.706189175283102433e+00
2.699777135617271284e+00
3.184899477901283471e-01
5.300332161212047977e-01
2.262212649267532072e+00
2.009377493196667697e+00
5.427202418711427612e+00
2.706519338152109988e+00
2.416052531124394331e+00
1.254778380944847616e+00
5.284743563090872343e+00
2.232065753925525531e+00
5.970029362392436312e+00
2.347973141361355154e+00
1.689008222475183452e+00
9.394918645836799476e-01
2.199228918420368828e+00
5.344676344303798565e+00
5.486622047110523148e+00
1.105193379893374406e+00
4.026302247096953946e-01
2.167129418305305588e+00
2.548500412953432104e+00
2.339238758523716211e+00
4.491980019160770610e+00
5.647787864775221101e-01
1.594292230560338641e+00
2.107168647827945218e+00
8.629563583328845766e+00
4.217566013985178941e+00
3.964651268158235098e+00
2.908285071421269574e+00
3.704590344503377874e+00
5.061846664766195047e+00
4.286872784706640793e+00
4.077629644549177534e+00
3.668848862035066549e+00
4.113729026956026935e+00
2.629216308408307334e+00
3.616085157420713347e+00
1.445788781660713340e+00
1.348609755915758601e+00
3.069027081911317012e+00
2.258577049882127152e+00
3.552922561337623186e+00
7.297048688486514223e+00
7.368693020321505749e+00
1.063020424067833147e+00
7.415466520198093825e+00
6.423655010148694444e-01
2.921690519906710914e+00
3.511744219750697837e+00
2.168184913393553792e+00
1.020382817860283842e+00
2.703876274354795051e+00
1.281465502914621579e+00
1.551110895416121460e+00
8.927312377741892790e-01
8.356643648120987145e-01
6.114798024322246839e+00
1.133602059626052760e+00
7.658994779521053342e-01
5.918429864231151249e+00
1.701539019585962542e+00
3.233276310046724777e+00
3.794496690749556977e-01
9.407565915439166648e-01
6.203579903673943186e+00
7.579563966211400938e+00
8.526780222359153782e+00
2.612322933353150134e+00
1.969186594310901262e+00
4.486069948487591219e+00
1.827572992171934141e+00
1.934610570502421689e+00
5.513644763338305665e+00
5.040730345187171224e+00
1.133964086823400663e+00
2.551315009966588665e+00
1.987782408634402476e+00
4.138801745830166467e+00
2.607922029130538721e+00
3.364925588176958193e+00
1.575255642453600613e+00
2.001439539382576349e+00
9.096444128542451324e+00
2.057682690969697692e+00
2.451714347315560705e+00
5.611520560537604396e+00
5.981341590711251044e+00
1.313875108660554902e+00
5.323471306975023687e+00
2.144455280498040572e+00
5.704044967165646796e+00
2.053929288203747205e+00
1.309237099941475968e+00
2.290124954786869060e-01
1.474385902061228215e+00
6.498057581971098173e+00
1.585417782895138350e+00
1.654921293987328790e+00
2.308770783292690698e+00
2.112472392732033910e+00
6.493095387855616352e+00
3.169063177147180888e+00
1.662551477758169138e+00
5.172989451028835894e+00
2.248950848910039824e+00
2.574492674068573628e+00
9.551242833603990068e-01
3.430415516225193695e+00
6.911177453110573410e+00
1.636875559055885443e+00
1.690720549172683107e+00
4.230604370828661587e+00
5.985244248515890320e+00
7.897382617893775603e-01
2.183368236976184651e+00
1.523728388064545580e+00
5.251455935514407258e+00
6.319265330914938694e+00
8.835001165994409433e-01
1.918732390696591183e+00
5.880702597843078250e-01
1.499615667077225378e+00
2.343687759219280409e+00
1.001101142960436441e+01
2.278614866836017328e+00
8.935987439927254306e-01
3.406808106701990080e-01
4.035723610200216527e+00
5.140547432784970283e+00
3.637274433718543420e+00
4.120500116040927807e+00
2.183823646879442304e+00
2.878361766164563296e+00
3.438930809026909952e+00
2.054339851889643409e+00
1.693640978045808376e+00
1.227477013492949354e+00
8.791624707252436721e-01
1.827507443707593993e+00
4.880219032471326379e+00
2.609743371399981360e+00
8.225126669141283875e-01
2.546690720555083720e-01
1.937892825931081697e+00
1.182691140266029395e+00
1.218529274836989362e+00
2.548581768027292416e+00
6.439165217450547374e+00
1.359068322238571769e+00
4.082679028137721211e+00
9.422317486265565645e-01
6.375024615057687249e+00
3.734947268759694960e+00
3.600922214724269210e+00
6.902921849636922680e-01
4.526349532948136911e+00
8.108072338546706836e-01
6.151640613328267726e+00
5.968278035553304939e+00
3.064473302220879880e+00
2.182831859282761577e+00
4.966221019043920215e+00
3.121178146711463430e+00
1.832710355988044437e+00
2.190677731727651345e+00
3.664988407927079805e+00
1.454364745401395043e+00
1.772458303073354946e+00
2.215616221577431322e+00
6.755395597796900464e-01
1.232032318478176514e+00
3.622859083462463659e+00
4.407709864984489911e+00
4.216367862150748103e+00
6.601988557236893485e+00
2.460425996280064975e+00
5.527628379943051229e+00
5.366081735049977652e+00
2.251188573561987205e+00
3.038211453974416720e+00
8.996965142397426174e-01
8.966776132637695795e+00
1.349546289370353813e+00
6.619857619500383983e+00
1.699883737935814265e+00
1.940008486441690660e+00
1.194161411523360306e+00
3.106938875485513396e+00
3.139934106997496421e+00
8.983185443857548691e+00
1.324406482672810803e+00
2.590144217443403729e+00
2.038284909162675795e+00
5.369450607564893119e+00
7.592125117340715157e+00
6.874707301015361871e+00
6.903858929957984447e-01
1.219018061877216175e+00
1.882996201887316978e+00
2.092548570020838827e+00
1.417070061501071176e+00
5.804057361494585621e+00
1.235377182541162355e+00
3.225313450680760585e+00
5.025038122170811583e+00
2.659727884979131485e+00
1.046419507791037207e+00
3.666668978212050511e+00
6.093519162844563963e-01
3.214726865711805104e+00
3.641242972820157853e+00
1.149832521763965998e+00
5.530402587867786046e+00
5.866921181068062374e+00
3.040895846148149229e+00
3.712037637664295175e+00
2.810432891225719043e+00
3.525701016344851890e+00
1.531096344884696148e+00
1.512205878751102128e+00
8.037269448594949850e+00
1.447299224525075534e+00
1.764535123473293776e+00
6.221041165448188082e+00
5.043667135200537999e+00
3.179344499128967882e+00
2.872632046036678766e+00
3.246536425142101390e+00
2.037549049653605948e+00
5.002764234839548685e+00
2.755597119530740713e+00
1.335325252084251790e+00
2.721560669958581702e+00
1.890679500080212794e+00
1.657906974638093445e+00
6.519922023738498496e+00
2.807741079589355149e+00
1.536073178282058915e+00
2.153910980890773263e+00
2.736971752061716057e+00
2.250824533200563859e+00
2.709999586740695854e+00
1.968101841033093713e+00
2.049553685015897742e+00
3.322065072779182948e+00
1.626305599822289727e+00
3.353607408283140856e+00
8.454958904810172537e-01
1.180187151914860344e+00
1.065369159199444749e+00
5.981193874450628556e+00
3.359610657534999323e+00
7.357924193543531999e+00
1.340383086366301990e+00
1.566333337563273531e+00
1.360074335939164270e+00
4.275975012641862527e+00
1.801345845793819400e+00
2.061913912121520198e+00
6.304230365511283019e+00
1.681203828672247935e+00
7.358322630892101479e+00
5.644832874093195230e+00
1.796824424865984593e+00
1.858569672918444216e+00
1.365216896851685124e+00
5.012585520778340964e-01
5.086689564828341670e-01
6.998130742142036453e+00
5.338744495315399519e+00
1.621949406362409585e+00
7.614804762140003014e+00
5.902479334821481016e-01
1.392496511997892705e+00
1.620725873170032028e+00
3.052421334973004274e+00
9.052745484481585780e-01
2.698465481295831303e+00
4.795425879840901295e+00
3.432294780259705025e+00
1.074622372502469059e+00
3.337176877239176775e+00
2.056271886556268580e+00
1.707136322660195882e+00
4.748559541765541958e+00
2.034453205216199656e+00
2.524100805818907833e+00
3.342344267537721514e+00
2.110988707819902999e+00
3.532349671869839725e+00
3.742128902801783674e+00
5.601150871542708742e+00
3.712348239167874153e-01
1.861323778356641645e+00
3.502807330227362126e+00
1.607306708977854104e+00
2.932437045102926909e+00
3.678919951313645686e+00
3.743199965975250176e+00
1.678531023970701863e+00
7.238289723484522042e+00
1.590097843596863347e+00
2.583471244610322071e+00
4.405409574737364053e+00
1.797254609428416972e+00
9.031897950305404876e+00
4.058346202763064348e+00
5.319610498584314229e+00
1.365146696563160456e+00
3.029249046576283799e+00
8.652455073386329243e-01
3.108304349226648000e+00
7.212440621900704230e+00
2.398472494022485968e+00
6.264647301681016245e+00
4.000421791085278400e+00
2.186001990669277362e+00
2.127878506039388995e+00
6.516365115996471502e+00
4.580129920714690606e+00
2.223751407815436121e+00
5.065419724859260953e+00
1.212787897944681559e+00
2.618252064914217581e+00
3.242360340359257798e+00
8.596423812048537005e-01
3.731906446811811273e-01
9.012775500272801610e-01
4.666918058425334692e+00
1.171659837538516769e+00
2.313031424728869467e+00
4.414986118590147335e+00
1.116434268237539662e+00
1.591958247395521164e+00
2.341581757504321626e+00
7.152784705916026553e-01
7.947316365307265151e+00
2.708200827857419668e+00
9.692954719354962556e-01
1.275467795107049884e+00
1.765692571384906095e+00
2.525858270745022338e+00
3.567908588758060606e+00
7.530639529316482950e-01
8.547574480870440139e-01
4.318017351691086247e+00
1.042038313105316361e+00
6.548613236583188169e+00
1.249686037398840099e+00
5.983596495330613330e+00
1.704342817044326219e+00
9.698424825647170566e-01
2.179435077698708589e+00
2.610767707520440961e+00
2.058846569180003083e+00
2.165157243682878985e+00
3.177128772011395874e+00
4.969191207173197178e+00
6.073406411319365539e+00
2.140770710451678216e+00
4.395640906491121491e+00
4.633197915422472057e+00
4.108024386112718584e-01
4.359351079807870732e+00
2.173012024623305116e+00
6.005658313380513924e+00
1.703199189690131510e+00
3.235257077407856841e+00
4.419176731095406652e+00
3.124697598014659405e+00
5.584807548469218119e+00
1.670399829714446671e+00
9.572142815029087703e-01
1.431610896773058084e+00
4.921988251920130786e+00
4.199409449341020562e+00
1.069180748262838154e+00
8.022136737415884733e-01
4.031634340670024130e+00
3.535561343115115385e+00
1.784675233822401896e+00
2.091296081360162873e+00
2.403671430588223856e+00
2.917883244011172827e+00
3.312676050638962977e+00
1.044740742820762902e+00
9.720064077602862396e-01
2.957977448241457363e+00
8.462897023222420989e-01
1.127092517865486920e+00
1.343103329902616938e+00
2.746531955715949547e+00
2.449853444825101256e+00
8.865130332539157720e+00
2.049620993860938434e+00
5.031371020557863005e+00
2.270870315298723074e+00
4.220674773488089393e+00
3.799146558027279852e+00
3.135742259699129786e+00
3.417421358862115621e+00
8.680818281441293749e+00
5.515569223545383259e+00
5.766449517841975014e-01
2.848275310711732011e+00
1.701947568134054567e+00
2.206076331076470165e+00
4.866921877951833508e+00
2.535607579231068609e+00
2.108910347634363802e+00
2.362244925808438811e-01
1.400715305648363884e+00
7.365698254533960210e+00
3.220842594505773704e+00
1.473853256517384969e+00
1.931146085222901654e+00
1.326193278985316804e+00
6.472145757893829732e+00
3.946580589435705555e+00
5.173635224338806182e+00
1.542851486710646647e+00
6.048124406776951290e+00
3.026050752939846600e+00
4.103970046487293466e+00
1.790658462635253523e+00
1.878643985284384588e+00
2.642070799478627663e+00
6.057094743333656162e+00
3.328968130708960693e+00
1.534164577832400234e+00
1.617714577985913227e+00
2.548556862056250427e+00
2.754241366853724671e+00
3.520966373032052399e+00
2.630409244600326435e+00
1.845232300378431223e+00
2.472102073326739813e+00
6.890015140704258023e+00
1.073189306231061124e+00
5.782945803457372413e+00
1.738783660197639636e+00
1.101684754534599797e+00
1.561725006727899379e+00
2.997339704199127208e+00
7.672656954141986452e-01
1.706473035880564426e+00
6.497258962932047410e+00
3.184661835186312295e+00
6.421083491374871777e+00
5.379514506454370348e+00
8.084589911018218444e+00
2.625217000050474869e+00
1.355608238132687049e+00
5.428703838019873551e+00
3.909079292159156171e+00
3.148610718826779120e+00
4.119661856383479481e+00
1.491598077959513713e+00
7.407750392222681057e+00
2.190467190485089866e+00
3.981330971214947390e+00
1.885903166446300183e+00
1.887637309010470776e+00
7.591226676324115630e+00
2.343677546674508783e+00
3.468449537374331371e+00
5.486849550490606742e-01
1.009034178090132627e+00
3.731544667334615095e+00
1.392535810476577929e+00
5.987941627443595927e+00
3.796395742336321710e+00
1.249214294048233587e+00
1.532730974254356893e+00
1.521526654570857007e+00
3.159889954153160652e+00
8.028060367310054790e-01
1.435805433230273431e+00
1.089155741183264414e+00
4.054983014689423015e+00
1.874912609585630996e+00
2.234124221986516279e+00
2.661802240368738914e+00
8.788018756915955132e-01
9.797179834536240861e+00
3.867104272765871986e+00
6.305520924911523828e+00
1.090724579427676311e+00
3.302389650166217105e+00
2.345616049332762909e+00
5.753936762075568367e+00
4.564374204379671340e+00
3.896540661522123195e+00
2.013435769700917533e+00
2.657951713802642058e+00
2.544149524966394793e+00
2.765970253096265985e+00
1.217620133413899630e+00
4.875415532689152620e+00
2.556023992604538275e+00
1.811529900570276519e+00
1.444978689256247728e+00
1.717647921629248620e+00
8.554008327553273006e+00
3.780937809932023885e+00
3.453698555170259699e+00
1.118630112092870998e+00
1.694249717763280927e+00
6.549857789157026433e-01
1.742631913192535409e+00
4.017622974459529317e+00
6.060198386819381611e+00
3.687992624234951444e-01
3.551301059191620091e+00
1.937013531945684042e+00
3.007670520570914441e+00
4.855737720071239272e-01
6.848063338528369570e+00
1.408795691310136933e+00
1.070203861480222729e+00
3.513945648874439165e+00
1.852441305274449279e+00
1.058416821984912737e+01
1.353870507595037243e+00
2.516588487059487456e+00
7.552581069760808674e+00
3.845618768460578707e+00
1.844731342069565461e+00
3.716087087081878071e+00
1.964899136181333716e+00
9.322994228788011872e-01
3.552721268801904309e+00
1.637654826629411753e+00
2.208988892061678477e+00
3.109348083523682860e+00
3.434425197750099468e+00
4.377613376389581035e+00
2.956821497322044578e+00
3.652879016551096036e+00
3.121441065536946446e+00
9.752446551515510098e-01
5.450844559418386304e+00
8.256290218443179896e+00
8.827250414485356966e-01
5.607147334369595448e-01
2.188614303061625854e+00
1.750906798808873344e+00
9.726432884981882632e-01
2.702104314859886003e+00
4.721126167806663609e+00
2.520598711584390639e+00
1.933139050464843134e+00
1.785064044955615215e+00
4.476632842865755357e+00
1.109783621767313599e+00
2.451935829454565674e+00
1.450535539271773811e+00
6.268879419050677804e+00
2.596076654105735848e+00
2.427865128851863119e+00
6.228790798613204061e+00
3.095699412654301597e+00
1.773394117393969349e+00
6.025909365672940332e+00
2.849877543170122429e+00
5.608935865426527556e+00
5.129391484794256328e+00
7.624842503676013683e-01
1.815588568089950561e-01
6.462668612179330863e-01
2.263904900885339355e+00
2.013395558078451053e+00
1.411068574962956124e+00
2.469087211118302871e+00
5.563832384423851307e-01
3.548894304972696645e+00
5.583009429333936957e+00
1.522668327859985293e+00
7.609605334392155918e+00
1.447469810010301394e+00
1.263868029779881885e+00
2.829040215465513874e+00
3.827600516201712821e+00
1.833112252466332137e+00
3.039654071012399150e+00
2.591518746321409772e+00
2.264509058520357332e+00
2.632033498370895508e+00
2.929025005266454151e+00
3.472511607561759917e+00
2.025147580587780549e+00
5.457949378113824856e+00
2.035428893642110104e+00
3.204078403088803650e+00
3.193672569413998019e+00
3.224062117952229300e+00
2.552658923262319135e+00
4.619406430936517260e+00
2.172572639673414852e+00
5.637353059184208703e+00
5.969874650855823361e+00
1.411995622784816051e+00
2.770725503159352066e+00
6.187058419044400459e+00
7.339846483063262816e+00
3.290054765901516909e+00
5.583227277556098045e+00
2.556684873102985645e+00
3.097263669733063107e+00
6.012170008224670958e+00
6.703369123950198905e+00
7.941734091430245890e-01
3.418320909594671164e+00
5.634907414802581727e+00
8.930764447877590939e+00
1.511758478195736943e+00
4.020378560954892322e+00
2.523558527986089928e+00
9.514840741139067859e-01
7.203682726597921082e+00
7.278911914977214126e-01
1.091693409245271029e+00
1.917153517629673010e+00
5.720201612470163788e+00
1.854260949461288721e+00
8.565816251446987550e+00
3.728917788064048278e+00
8.117734274101928715e-01
5.388514152342061436e+00
1.232909375113297790e+00
1.868685729468142043e+00
5.973905506294379109e+00
3.253681684687233844e+00
1.386714202797645346e+00
5.148909867187864364e+00
7.427437923200056247e+00
2.116799812407815229e-01
4.230676345706804176e-01
3.418696075536993284e+00
3.364138793411511674e+00
3.480780212965233211e+00
3.558470560739871669e+00
3.441083182164444310e+00
6.354279704250425986e+00
3.483490149244161671e+00
4.750931205448416073e+00
2.905227603737056796e+00
8.219707766948282091e-01
2.534171384514118941e+00
4.745663616839295607e+00
1.891438300188928778e+00
4.671279542976006560e+00
2.147526513649002933e+00
2.517204714325534720e+00
2.881092789797220721e+00
2.122580203514338404e+00
7.988554796886387699e+00
1.478353833136005324e+00
3.418274096113083083e+00
5.531616482722103711e+00
1.398979616105368473e+00
4.883834613408248870e+00
3.550707112827159229e+00
6.067618183061526116e-01
6.367281135337115927e+00
3.154769953553042683e+00
4.350723363138541799e+00
5.925603347396946496e+00
1.305930807301196372e+00
6.637557017411810811e+00
1.846647623266842064e+00
1.779843928707501188e+00
7.300866579667597556e-01
1.663651723986537156e+00
2.625906180480807262e+00
1.009213429259155914e+00
1.266611440399544763e+00
7.803205484681886794e+00
1.854321748972477479e+00
1.937781271782315962e+00
2.351546898045112854e+00
6.883311993482469360e-01
5.616597838271060184e+00
1.890811182066993501e+00
2.316872728294356421e+00
5.281073994428109764e+00
1.865362792739765796e+00
2.092126107423272874e+00
7.375118974660502147e+00
2.146888231233675892e+00
1.379567840196779471e+00
4.426173446895672825e+00
1.342055216445327215e+00
5.141705852914189023e+00
9.785671555966555246e-01
1.520804108257094445e+00
2.932408194088138575e-01
7.343193669427388492e+00
1.850321939894883139e+00
6.155562005250793334e+00
1.016430469147943105e+00
1.797430987084266851e+00
1.440720442381635769e+00
4.039392959480710310e+00
4.509865749857311812e+00
1.834146295688591000e+00
1.083706389968874362e+00
3.348494060059791444e+00
1.423841420433722416e+00
1.975772236085667988e+00
3.596131126466274086e+00
4.276376125948726958e+00
4.575393234023650280e+00
1.085917170409602894e+00
3.543646863991006590e+00
1.800680507997646229e+00
2.850836994268261204e+00
2.364507104263889214e+00
1.387561953703233986e+00
1.159739559424301181e+00
2.773081011688713904e+00
4.834220262012129510e+00
4.315812735075382101e+00
2.741798773164552561e+00
2.519623070325781367e+00
2.636127776266848244e+00
7.358364056158766431e+00
6.956560148548232014e+00
2.325231450456592963e+00
3.849727708192305808e+00
6.887483538844048958e+00
1.130705211498755025e+00
2.955478247524047308e+00
6.283158950251721109e+00
2.279329039969729020e+00
2.747594645736848307e+00
2.707171311771252031e-01
1.916048667511623504e+00
2.372279619563967934e+00
1.791990564287524235e+00
1.630591643780608724e+00
4.943825740148004577e+00
2.116865401912564337e+00
1.817770902245063658e+00
1.412349449258664125e+00
7.311537746281283390e+00
3.023577702515943155e+00
1.439787311458135433e+00
1.756403020949312443e+00
1.327906172253780381e+00
5.723107415068848347e+00
3.714312256898441689e+00
8.795989159114676603e-01
1.198754454339619357e+00
1.960551327752342532e+00
2.581105456269778387e+00
2.929375082959433829e+00
8.078906333444361820e+00
6.863426752504404593e-01
2.058525255340286186e+00
1.755225146130490632e+00
2.174604147976674007e+00
3.034380777507739602e+00
4.172354753925802129e-01
5.820746435466981339e+00
5.016845116758056333e-01
5.626190547082045690e+00
8.915821599883635429e+00
2.245110035044553420e+00
6.111815667460766655e+00
5.561951988483233578e+00
9.573936138962522158e-01
1.576840644172299077e+00
7.734577727301467753e+00
2.015120197569121974e+00
2.587556398251073198e+00
5.757237377928492883e+00
7.516241457594090569e+00
2.459135708162006662e+00
2.672660022409846459e+00
1.029844399303971203e+00
9.700442583670877639e+00
6.241033580255048285e+00
1.884544307751392367e+00
5.551697478476593783e-01
8.281458950615773196e-01
3.405101070496941329e+00
5.025479240229444589e-01
1.119089844058179128e+00
1.770377604533732496e+00
6.046493568704994104e+00
4.549167458953503385e+00
1.800819265965804439e+00
2.230990127856541605e+00
2.952999382648575200e+00
3.417545762787800978e+00
7.674549497562210831e+00
1.322623104407850469e+00
1.382253536115064740e+00
3.905442009024700845e+00
1.966081145185557544e+00
4.125622954678418886e+00
9.594265428600782242e-01
1.596946628546731750e+00
2.616135531991633734e+00
1.603695140505278172e+00
2.030418417096999661e+00
2.624791471335672366e+00
2.606376949239300966e+00
2.301306650691695044e+00
2.471148301788456347e+00
8.518654025845961986e-01
1.641106204641145760e+00
8.414509402521129777e-01
4.814923475281701393e+00
6.234388907270116853e+00
1.172391305640782422e+00
5.078585557359134306e+00
2.047059454261827671e+00
2.465992365150121213e+00
3.228341705241569048e+00
3.527095140589509903e+00
1.881450300799779152e+00
4.422334062970919355e+00
5.135560911312608390e+00
5.630040267790678676e+00
6.239094673879172603e+00
1.851666613309140841e+00
2.008284751799098711e+00
2.211763116166356458e+00
1.145922053229316395e+00
6.055617917813272300e+00
1.589497366557457658e+00
1.014374292871561778e+00
4.175840787787460151e+00
2.809144375490417289e+00
5.093514865753259180e+00
1.087604400930141990e+00
3.434308193980066815e+00
1.695036051426345169e+00
3.129237491514789138e+00
1.171660952396989197e+00
2.607401079851749515e+00
8.497460976770572216e+00
5.543685717353874498e-01
1.382103962813524989e+00
2.424923053865822187e+00
2.428205116971545952e+00
3.264125848048438971e+00
2.494990379806687475e+00
1.560396790100229136e+00
2.209901152913255729e+00
2.376977491715667412e+00
2.923364665756925662e-01
1.918630447849200005e+00
4.735913965041432583e+00
1.920374998246618281e+00
3.015267694593290582e+00
6.696687558429553766e-01
5.557772369300771231e+00
2.262575450503658381e+00
3.466394311186653532e+00
2.120757513276859463e+00
2.285665525868357584e+00
1.640269113477054841e+00
3.211099269261458833e+00
5.275188423223622358e+00
3.886710843529367576e+00
1.721499760524451528e+00
1.787392913882621670e+00
9.656068708074174722e-01
4.920402020645692431e+00
2.905764916706579992e+00
5.363436965321552563e+00
2.241820507634491477e+00
2.559758576823617293e+00
3.929640281839234639e+00
1.988308200093602096e+00
1.072352074310146008e+00
3.052732270158279526e+00
2.348207329263595877e+00
1.349320417738453903e+00
4.236930491090893369e+00
1.345665215321428354e+00
9.043625716049161767e-01
1.020537228773968152e+01
1.475956338462561801e+00
3.602873191143664222e+00
6.136874396763022155e+00
1.805890970027645537e+00
1.887092713767267060e+00
2.476785473719250064e+00
3.045225146379502146e+00
8.277889673517947244e+00
9.379279615590039754e+00
7.527143313348866327e-01
7.866937550502498766e+00
4.368932670398821827e+00
4.908215314083149927e+00
3.052103267441277357e+00
3.693419216426158780e+00
1.652397581360671053e+00
6.512057586455105351e+00
6.036163385991775154e-01
1.517970785566429948e+00
1.490653860036427636e+00
6.486484431328253031e+00
2.516582968771338358e+00
3.878631514741154085e+00
1.157745452462821678e+00
2.726312307212931607e+00
5.427259946787830636e+00
3.259186488075932253e+00
1.220981833596453292e+00
7.841377011122159679e+00
9.217265481777249247e-01
7.115617868501901144e-01
1.114157430216193845e+00
6.241042291483981375e-01
1.681873913672773391e+00
1.202405194307379466e+00
1.858580760610402116e+00
4.851445578082262067e+00
1.042972375460766710e+00
4.811629790340788304e+00
6.252931538446262927e+00
1.227761893392801618e+00
1.512118141645772962e+00
3.344805248169843370e+00
4.022551263284944056e+00
5.873763819499672856e+00
6.694886741796985064e+00
6.640020247811905030e+00
4.077933120339408468e+00
1.801056330949940998e+00
8.056523977868106368e-01
4.852050575864266690e+00
2.327886754012131298e+00
4.080159237942973860e+00
4.295330848595811268e+00
4.569516803733475463e+00
1.186342242278869819e+01
5.562137214906789140e+00
1.804150528688942101e+00
6.134175005207653797e+00
2.000419288147838426e+00
3.614685337450363356e+00
3.977328279726571658e+00
4.629969003985889286e-01
8.566809427157464629e-01
2.394812192778064119e+00
8.365334702460107685e-01
1.712955209412728497e+00
3.928068506361749535e+00
1.086304882927423776e+01
3.707668843721171115e+00
2.966696495731414362e+00
2.196570855214468931e+00
1.945149902784162554e+00
3.331450872065893520e+00
2.479173697418354028e+00
4.440143710908990293e+00
5.187947903401687100e+00
3.460872557599536048e+00
1.295843676107746312e+00
1.036992966544080907e+00
6.144966201639978642e-01
6.961268814632221691e+00
2.017121810361668377e+00
9.283977649656847131e-01
2.906693132470564045e+00
1.290286911879941822e+00
5.292430936003982289e+00
1.319323192662842592e+00
2.587570462312991815e+00
1.346551040984555581e+00
1.454746905513799593e+00
4.607590665633441773e+00
4.498225373006375705e+00
8.882398524825921626e+00
2.879004507685005265e+00
1.493428384036987078e+00
5.306676728797365961e+00
1.043998216490072961e+00
2.394597569625678268e+00
3.992329195360236671e+00
2.878533532915166226e+00
2.091776850825345146e+00
3.959966822964603672e+00
7.138834583601206596e+00
1.576554864724609706e+00
1.128759489838597529e+00
6.379020146540106850e+00
1.521713222019168477e+00
4.203955561453767586e+00
5.557197534141565143e+00
2.870413837128302781e+00
5.923138504054795694e-01
1.985673458920849788e+00
1.541333954896945801e+00
8.040412911809564633e+00
6.385101548202963606e+00
1.281250193923602509e+00
5.685046573415765359e+00
2.545103015575390870e+00
1.572276409464516078e+00
5.005333758576645309e+00
2.033125548077427069e+00
1.104593986803290351e+00
2.136798869910256915e+00
7.966752736530500201e+00
1.913922749872175366e+00
4.064529289456173089e+00
6.217648741123793954e+00
1.041561596697846204e+00
6.010315405324067051e+00
1.132617387178038948e+00
1.492797423611562424e+00
2.736392439616841976e+00
6.413298883886503710e+00
1.473456561506166551e+00
4.700802232157535343e+00
1.260048949145516017e+00
3.904463820166226284e+00
3.147662836370628714e+00
2.700380906465368103e+00
1.201117442600355023e+00
5.320397581738365300e-01
2.270921056282374728e+00
2.777470976683234394e+00
3.359676770892841891e+00
3.435074450938051971e+00
5.887095477957953626e+00
2.529726646527766132e+00
1.157290452279240434e+00
8.050005435197791215e-01
2.915909929615046803e+00
6.159963484025565705e+00
1.414716685405441599e-01
6.794302335999781173e-01
2.032008613211341963e+00
4.473528307567796958e+00
3.415445457576345323e+00
7.337297416464902966e+00
2.599025446779861692e+00
1.457695788013420923e+00
3.753404414192587968e+00
1.860515377662525616e+00
2.485884784278715731e+00
1.458045011668090751e+00
7.453571807969955110e+00
2.164955831043771983e+00
6.702155282315389151e+00
7.791478180190599012e+00
4.771990681320497529e+00
3.003058939060235577e+00
8.773292928298498383e-01
1.430561371512608426e+00
7.573966120314651107e+00
8.401024642159604650e-01
2.098167106990105335e+00
2.831635218444229718e+00
2.269744085259732369e+00
3.823677516940179988e+00
1.944608333822078761e+00
2.820742905010445778e+00
8.012182336188825582e-01
1.460389644298035750e+00
1.744170794085468268e+00
4.526462493028635237e+00
3.931988069590628410e+00
3.496662453064089071e+00
4.234357108490843125e+00
2.321653183583174407e+00
2.135265948991334373e+00
5.307575561304526346e+00
2.009148762053110548e+00
5.662499720174614559e+00
3.465203715609590063e+00
5.977148568627979053e-01
2.788419400070375698e+00
1.508538621465893792e+00
2.367765541658022777e+00
1.652812950188362162e+00
8.737179495132455509e-01
1.181358234315231126e+00
3.819601326562804822e+00
9.504430342983322788e+00
2.852959699159285822e+00
5.908344578328422969e+00
1.918736776741766237e+00
9.981906791425123604e-01
6.197623415831988725e-01
2.883422361422966151e+00
6.015640048565470188e+00
2.324973381534058081e+00
1.612688874999964161e+00
3.666325896933429362e+00
6.987414250216696487e+00
4.132699473061234308e+00
6.758100388580827733e+00
5.609679866461701359e+00
3.005544062828310548e+00
1.381975510421996622e+00
5.576032537391040211e-01
1.458063285810407894e+00
1.277643691850153029e+00
6.658898121047435836e+00
5.543921709486261395e-01
2.478858177800510987e+00
1.812667050896298315e+00
6.032256741417459933e-01
8.355588647663141355e-01
2.246775668143977001e+00
2.211169174023560391e+00
3.492631234409702135e+00
1.070692498678293303e+00
7.691901818429345283e-01
5.141123896090322276e+00
3.184897244946636174e+00
1.657288285765931679e+00
6.997588482246112740e+00
3.746024689942864416e+00
6.026541912121131661e-01
1.974449554492279102e+00
1.658027208700247446e+00
1.604989700447890577e+00
6.075182995486168025e-01
2.324478227100239991e+00
3.291728942507239797e+00
1.612700562742187982e+00
5.478430256191709091e+00
5.092136643835831755e+00
8.538428905575374372e+00
4.131127994749376420e+00
1.341207696667577665e+00
3.632014293490781309e+00
5.866527759907419481e-01
1.419905655008312451e+00
5.848056582518455393e+00
3.860485191602114341e+00
1.425820270081266328e+00
5.477237886987195381e+00
4.359253965923076457e+00
1.115557572791409324e+00
4.744580090491884228e+00
6.273220921072675260e+00
1.756267548644898424e+00
3.938358274178571428e+00
6.244118372270206052e+00
4.954801139718583158e+00
7.109396176810692580e+00
5.509441662050123867e+00
1.855478755597861573e+00
5.256778934185553531e+00
2.965062840023015234e+00
5.805271012989204671e+00
1.777938288488132068e+00
3.705463779786894118e+00
1.151431378920788173e+00
2.524933148392600302e+00
7.269684756817550664e+00
2.142321228901029606e+00
6.657090270940840604e+00
4.940681881943883802e+00
2.831157795456906712e+00
6.768898031083525169e+00
8.464579238110822024e-01
3.377525312360194487e+00
1.645089244652707006e+00
5.634215086007547058e+00
2.597117025835373738e+00
3.156688490460255903e+00
3.691087306418585179e+00
1.182038306245674075e+00
4.265893193050267485e+00
2.320175662052931909e+00
5.894195410242477173e+00
2.537596300258305515e+00
2.109408418725625456e+00
2.447426354211346577e+00
2.039991445944701276e+00
4.301081966049983940e+00
3.067564330308636844e+00
7.044908311628653941e+00
2.483536916074061907e+00
4.111720671063165078e+00
1.226826981271958550e+00
3.397000921886116132e+00
2.690285750336096182e+00
1.650013566680847976e+00
6.327779700289222653e+00
8.804233813168169220e+00
4.135134382574286782e+00
1.427355656517117710e+00
8.590243478860510873e-01
3.244815760850681574e+00
3.622163788196527179e+00
6.023204649355785811e+00
3.912772366415810943e+00
7.101140111570075630e-01
2.159392057454598834e+00
1.947443357295651989e+00
4.682627920014003742e+00
2.238156686675263352e+00
3.785815909372541643e+00
1.662861668382783265e+00
1.624532537519753905e+00
4.846999033994972450e+00
3.405291852065980063e+00
2.543868026526638459e+00
1.260713688517665965e+01
9.421085171795239299e-01
3.151705825224264235e+00
4.492560864128632758e+00
1.290422779715784563e+00
2.234234478210203712e+00
2.682497354879243900e+00
2.492383051348932010e+00
1.915980353382291224e+00
1.653758003715826375e+00
4.465260664593070139e+00
2.383590775999417044e+00
1.479778559211418765e+00
1.867732214070493946e+00
5.786413503531654179e+00
2.723513089562353606e+00
1.834807571648823243e+00
1.414052673410054917e+00
5.433737203600096599e+00
5.733649818589279690e+00
2.229982376067804584e+00
1.122451463535590888e+00
2.789923730823623327e+00
4.294590580763726351e+00
3.423204820814192750e+00
4.395919156236197667e-01
5.104275276771875092e+00
1.860413794023904055e+00
4.070694012166804931e+00
8.681112226944382115e+00
5.587853291975857672e+00
5.162535537688716758e+00
2.156828568212906028e+00
5.249982413523773594e+00
1.416860954163599695e+00
5.454769194586456926e+00
3.795323821097688066e-01
1.012075501181564752e+00
1.802082207923021873e+00
6.046676658931560588e+00
2.659596298098017453e+00
2.602128348069366215e+00
3.736406892099991772e+00
9.386519032326996026e+00
1.256893468060233721e+00
9.555415657070567281e-01
1.997853966292588712e+00
8.190173039225370211e-01
1.143816249819782138e+00
2.743705676330668197e+00
2.113687182360452610e+00
5.971964317311781123e+00
2.118582223133123055e+00
2.624102668083780454e+00
1.769630682778472686e+00
1.998617964363884836e+00
3.996604950809776735e+00
6.629341877257099114e+00
1.954568730763317719e+00
3.796974802624719647e+00
5.180176474605870496e+00
2.681206829173779393e+00
2.293936776643639597e+00
8.348537050662532266e-01
1.910263442372468923e+00
1.576473916957917165e+00
6.667825501968705382e+00
2.989446663547893568e+00
2.371527359933049528e+00
2.867525865627431170e+00
5.649690956156461219e+00
3.602709291285350890e+00
2.278881496614537205e+00
6.863497491984826837e-01
5.402238619533106245e+00
1.893341260776440160e+00
1.691547785270195670e+00
4.851657337873589992e-01
6.427222573718480270e+00
2.678467109956147230e+00
3.259457054637070694e+00
3.137849574228778415e+00
5.658855027119429337e+00
5.005350683602457273e+00
2.011832001803038228e+00
3.002979400452506109e+00
4.994978914909751211e+00
1.042028526855313109e+00
2.650287242634151497e+00
1.869721162772158163e+00
6.237337872466688360e+00
2.437294874770277175e+00
3.391829603741363552e+00
1.579967865617211364e+00
2.601791284683010463e+00
2.926368225807929768e+00
5.543962501348770999e+00
1.491691606193344954e+00
3.450600785703787032e+00
1.724297474232691751e+00
2.239051535675737448e+00
3.674270557047993879e+00
2.760977775033099935e+00
3.387096744018602834e+00
3.885192845150633012e+00
3.519103145884406203e+00
4.258958064515249831e+00
1.514946887059179348e+00
7.904363536040555083e+00
2.385044191994909468e+00
1.837325922205448991e+00
2.169385072085998178e+00
4.713683659921612090e+00
1.580494833437439794e+00
7.048010115127955721e+00
2.075025819679576777e+00
1.487532435504896888e+00
3.528068390354586636e+00
3.730055778966553159e+00
4.656080604289570601e+00
1.113230489769268416e+00
1.336630368623593190e+00
1.713684210100329564e+00
6.705000568413745476e+00
2.230933732754511123e+00
4.871968004282307141e-01
2.589874996976323729e+00
4.768310717278438027e+00
2.691798564426594265e+00
7.047070850935298836e+00
1.470423836490789560e+00
6.517191442287965764e+00
2.217950150132167675e+00
5.420791625033946737e+00
7.087069169628912313e+00
4.852831714816585595e+00
1.819212776689722810e+00
3.095635563449634642e+00
1.441572760197586733e+00
2.850163031889380694e+00
7.162961422382753129e-01
4.594974537647721569e+00
2.430185338064823952e+00
1.106535591477383118e+00
1.557649221041972343e+00
2.291459576203751070e+00
1.185130991685608315e+00
3.451417367240861900e+00
1.820898606750194215e+00
3.506582681673326540e+00
2.012981341419917580e+00
1.185440946357303682e+00
3.276847047235758925e+00
2.785525568845593103e+00
2.024315972592080293e+00
1.852295640305420710e+00
2.816251290065128199e+00
3.126365777056623330e+00
2.203164575519471480e-01
5.298184088415436754e+00
1.428095243246096935e+00
1.230939070239054356e+00
1.114740624324871021e+01
2.992596351319511516e+00
1.258994919011831470e+00
2.162779363009109002e+00
5.293986609456635684e+00
2.459748511726492559e+00
2.943519040512733831e+00
2.314216795531076176e+00
1.959002970327111015e+00
6.167533953261362667e-01
4.418745398549246417e+00
1.514908355203262724e+00
2.501831507720187364e+00
1.564761780156036508e+00
8.580146481809885373e+00
1.796600320245639537e+00
4.792317251225134633e+00
3.916203133298787886e+00
5.687993657353030308e+00
4.211092434040724974e+00
3.219061658976755780e+00
1.333709273462982514e+00
5.142391685262188261e+00
1.088105436206239451e+00
2.276627219008175107e+00
2.012343281097019432e+00
5.127044572897275110e+00
5.564546972793288582e+00
3.107299878037857344e+00
6.964233216838026763e+00
2.572508120287225086e+00
1.582230459479642581e+00
1.941069386862208423e+00
4.050337726663934212e+00
5.837756099710489366e+00
3.991516256072691338e+00
3.975067359106071230e+00
5.520418566478435096e+00
2.849961444588275494e+00
3.826499318489601453e+00
7.329723430832865816e+00
2.303634285339630328e+00
1.706633806449459945e+00
2.879082131608858841e+00
2.868456851085026127e+00
2.104686269210471750e+00
6.468421335837667208e+00
2.733931552217736982e+00
4.601936881525708678e+00
8.950494186086467296e-01
2.213300584671472393e+00
2.023894100912140281e+00
2.455516401135029003e+00
7.122585996965177024e+00
2.714587430674194390e+00
9.252300913649723624e-01
6.258884185452961546e+00
5.619390537384600037e+00
5.372389337972980350e+00
8.223445804209659205e-01
1.791602755879509123e+00
1.059969278678968507e+00
4.914595790388470498e+00
2.549101836405807120e+00
3.300107422436470372e+00
5.596104212785057541e+00
1.832285177240557505e+00
1.999724467832203700e+00
3.087208667494130587e+00
1.896745259799233807e+00
2.028424811215044699e+00
2.627782228360900696e+00
3.547026742443842640e+00
2.477797298141714233e+00
3.084903892933278935e-01
1.010546771562347512e+00
1.209779047470251223e+00
2.379906530015325483e+00
1.985060217475611122e+00
1.484945452105117747e+00
1.672506695053005199e+00
1.589326407286667520e+00
1.440455368277037573e+00
2.498731061200916148e+00
5.850272187625536802e+00
2.519142823084635552e+00
6.785996551309493086e+00
4.798619375537668930e+00
1.204715170288551906e+00
1.264225624556214012e+00
1.292735588366631161e+00
2.966867907902273505e+00
1.034819186059757534e+00
7.592060345721875159e+00
4.813204905837969450e-01
4.649943545577072790e+00
7.975555377306136062e-01
6.138239819615024295e+00
1.820212483475589949e+00
6.394677671370653016e+00
5.717467537963832891e-01
4.909211059182551296e+00
1.804492379067214047e+00
2.666800904916213799e+00
3.279840969981936194e+00
2.155744869099335492e+00
5.359282567226958172e+00
1.239167806445846898e+00
5.022057642211748885e+00
2.894966924309900769e+00
4.065541036731064040e+00
3.939261556992294189e+00
1.783487010667380579e+00
1.310574055916599034e+00
2.758512023158188331e-01
1.437265833042099095e+00
2.152472227983434738e+00
2.172851988572861437e+00
3.527075230548719187e+00
3.294742355623683228e+00
1.698875250033675455e+00
4.195693252989292965e+00
2.751045913014869448e+00
2.322773653490729284e+00
2.357765560701019947e+00
6.420603038457734613e+00
3.407980285774975915e+00
2.276727905351917602e+00
6.435768985949026799e+00
4.962482048122725864e+00
4.339382673358664344e-01
5.764192834591768122e-01
9.250778426635386964e+00
1.214449221533894896e+00
8.264326737209563234e+00
1.384504088045102277e+00
1.256196168175210737e+00
6.891832635421595299e+00
5.093522885277564916e-01
3.023579261326310608e+00
1.481150349149967793e+00
3.119836463318514053e+00
4.265169556833205533e+00
2.556561000884894241e+00
4.743718920394762506e+00
6.777197257554324894e-01
4.955005920192895985e+00
2.151372843810750002e+00
2.052136988227240888e+00
6.359495626806037194e+00
2.706259278342954211e+00
5.326926983217533440e+00
1.815019145267082523e+00
4.300175248735594202e+00
1.545154159974930996e+00
1.424856502226711896e+00
2.340193536181272904e+00
1.050570117695168060e+00
5.352647628542837488e+00
4.722986200040240057e+00
6.104946614368908619e+00
1.314675505390568988e+00
8.238228914148637116e+00
4.362574210531159125e+00
2.877971975424342244e+00
9.795382279075862675e-01
7.275536710780920124e+00
2.579859817414475565e+00
4.949568058207454158e+00
7.602852462240756282e+00
6.679015501959748580e-01
2.123758151865960730e+00
2.090718406800745388e+00
4.888852878237216260e+00
1.704828564532682389e+00
3.492452996425116751e+00
3.553122467750073898e+00
5.976336950376332169e+00
2.644817074682370261e+00
2.281213265589977279e+00
1.374660885988197245e+00
2.916649678588289607e+00
2.138852979150363431e+00
1.472723992982251762e+00
2.876911415891423740e+00
2.267055177952083778e+00
2.075613201627076965e+00
1.454221094474663856e+00
7.654443972720278433e-01
2.507709920836363793e+00
4.181111530744528793e+00
3.915724248921865325e+00
3.856191114466169800e+00
1.128002398681370977e+00
2.575138113705012000e+00
2.234866828133441619e+00
1.710329170334252247e+00
3.421497969862825617e-01
1.460597668759314294e+00
3.180146332902809458e+00
1.019791612074298248e+00
1.896809849934534498e+00
6.830876157783256630e+00
5.619773260360291012e+00
1.725562010940451474e+00
2.275563137169720473e+00
1.937535888689720487e+00
3.604178574806387036e+00
3.234114786710285738e+00
4.201252544915344167e+00
2.391917147048200576e+00
1.037566508282364630e+00
1.208499058120574787e+00
3.636695288043161334e+00
7.126802342584218630e-01
8.411134572923637531e-01
4.841798783094941605e+00
8.270065628181899609e-01
3.751363334003982697e+00
1.649133936665508449e+00
3.581070265129116414e+00
2.954576473435049699e+00
1.090986412412973783e+00
4.568110618758861818e+00
1.980704036699839854e+00
1.998620533428786761e+00
2.988886759125298553e+00
1.784354697854646510e+00
5.145304308577866692e+00
7.223105828963412023e-01
2.268305365201839230e+00
2.152688569789173723e-01
1.431288242066711236e+00
1.773433204093860294e+00
3.701271085803226057e-01
4.838670256116756718e+00
1.640325694663900824e-01
1.155838874370241021e+00
5.610037875089268766e+00
8.507856593479267149e-01
4.006331501069811729e+00
9.091877789310700564e+00
2.076976287308086366e+00
5.323137549382100708e+00
2.240647551640575941e+00
4.844621069487018983e-01
7.494625329913441325e-01
4.900494227203228692e-01
1.251414748898601603e-01
5.127977384845489039e-01
6.317709239124142506e+00
2.337385184347127609e+00
5.109939021652752267e+00
6.074572266130496168e+00
2.041471546300881901e+00
2.156937293870303751e+00
3.039991171652190349e+00
1.799983307311754377e+00
4.762844270260259805e+00
7.680246583319035869e-01
6.712444167233219794e+00
2.099942770920390778e-01
5.489158373886450448e+00
5.257576346886962959e+00
3.599659445403509128e+00
1.995107678053607891e+00
3.198642820616049320e+00
8.283033632431651583e+00
1.031731527975976004e+00
1.751918375023478358e+00
5.507096243222975751e+00
8.279363117650524018e+00
4.442085619284748432e+00
2.376457059446079434e+00
6.892742628731277854e+00
2.158388683973246014e+00
2.753558193139803212e+00
2.651676583033883094e+00
2.472295631003267324e+00
1.284706156473389482e+00
8.839362728005951908e+00
2.911210850265221417e+00
1.467561951655797392e+00
1.478498532539149535e+00
2.107393042291283436e+00
6.092954673664039866e+00
1.537095727845668947e+00
1.113954193909431956e+00
2.236039640177438503e+00
6.178344670243152592e+00
2.161516800540952410e+00
7.357752710082016145e-01
4.036110493788644393e-01
2.627810375456848924e+00
4.392892562470560591e+00
2.074223625309227881e+00
1.215781978509301808e+00
2.206004842620093331e+00
1.896484008056555481e+00
2.595188977192382840e+00
5.317063101999031538e+00
1.186768889698486040e+00
3.691786782654472354e+00
2.510019180346739098e+00
6.900206233571170245e+00
5.523125723377731333e+00
1.855659824636964217e+00
5.995456987623959400e+00
1.053024004584280471e+00
1.975698447386790457e+00
3.026381895839171943e+00
6.872188285543024300e+00
4.990642393358190043e-01
3.805601048416316634e-01
5.796153442847058024e+00
9.189304786054877994e+00
2.124040710288400025e+00
1.809503695922389799e+00
7.255814815839748411e-01
8.571939821185372566e-01
2.841609131708215497e+00
2.840562010444693808e+00
1.721506475453618901e+00
5.864907555416012386e+00
2.510611866865847031e+00
9.555293645496005794e-01
2.221865575324001973e+00
1.514453068228147403e+00
3.159783761963816939e+00
1.506285702842862673e+00
1.161995551921418457e+00
9.188030635270606483e-01
6.809013992672883209e-01
5.562091503263110193e-01
7.395683647494709634e-01
5.126761242781790351e+00
3.105525972272193513e+00
2.121538366394791542e+00
7.276857114581638974e+00
2.576118779490787603e+00
1.982006387669759562e+00
2.692574318578153658e+00
6.331945854361800130e+00
4.172321834154747222e+00
1.984199323319920438e+00
1.566188479527501398e+00
1.610465340406789236e+00
5.122828401822709488e+00
1.570007072561275141e+00
2.219670423470320397e+00
5.059476709028944086e+00
4.202187556710255123e+00
3.358416285269769652e+00
5.192086490211255345e+00
4.496325430424808367e+00
2.732346648360509000e+00
3.205619265222344527e+00
2.915420783226434942e+00
7.433377963957817691e+00
2.657743754564851457e+00
7.469135277138523321e+00
3.369053267121322470e+00
6.916335251078911561e+00
1.359397539166463886e+00
8.563960251986475480e-01
4.391463601719649112e+00
7.235713326775193188e+00
1.387989533992778579e+00
1.857616068908713780e+00
3.802153423001545796e-01
3.704246281264528040e+00
8.376217299945832195e+00
1.420185733321606580e+00
9.893932143479605701e-01
1.610600260445944176e+00
1.757271311654849288e+00
1.902086888396956166e+00
1.619619873120943021e+00
6.122776795504161207e+00
5.135885607609366410e+00
1.741448847052004645e+00
4.078819351795879733e+00
9.608570013023718381e-01
5.294091184458552535e-01
6.292649577611695300e+00
3.090254304978678590e+00
2.415406243095411298e+00
5.320043790784198201e+00
6.917998010023683753e-01
1.781230179012053494e+00
2.559407294363965413e+00
1.346423648182494714e+00
2.343743993760299293e+00
1.695378780508461469e+00
2.468909821233802315e+00
5.319798003002471631e+00
8.548810738563530354e-01
1.828512490887327646e-01
7.552377927577255790e+00
1.425028185540217152e+00
2.021304636331925919e-01
3.783686130711155560e+00
3.651253893488871416e+00
3.221372022912770472e+00
8.202027247754773986e-01
1.165363015615153097e+00
1.364884029663583798e+00
6.439186504354327489e+00
3.215403801672748418e+00
1.799412857191066806e+00
6.539133148435631870e-01
2.620526711317236579e+00
2.400581611898915391e+00
2.409699828846199487e+00
5.057611207473885706e+00
2.212723709668690919e+00
1.687987612100438017e+00
2.276534136349269044e+00
5.838691522103787168e-01
7.372451014470847719e-01
1.836522694812690704e+00
5.942890585764840417e+00
5.783791112786138555e+00
6.575670510913957933e-01
2.443108012081675717e+00
5.929676524252438519e-01
2.846277536212789894e+00
2.498395237922972800e+00
5.586500880539208680e+00
1.473309107446020283e+00
3.478201173540945934e+00
1.362455953042580825e+00
2.753765398485732430e+00
4.857825427025554532e+00
2.967732614691161341e+00
3.724409292811038608e+00
2.031998952312956686e+00
3.992094265058170777e+00
7.118265423561315863e+00
3.549271418513157972e+00
5.654773204424667910e+00
1.675645701352506123e+00
2.286485726263415064e+00
1.559661121192145394e+00
1.377196951331052333e+01
2.004175538659130673e+00
4.104271614025371662e+00
1.929182174124332905e+00
2.109907980674597283e+00
2.002801223500429995e+00
2.289695515197812004e+00
1.682776078404730757e+00
1.315418203009858233e+00
2.117004362478849266e+00
4.407323112393821241e+00
2.724375370119277662e+00
1.942531062574750722e+00
1.150212229685340759e+00
2.511446520386462211e+00
3.188444270762692323e+00
1.322297855922133447e+00
5.976372818010611709e+00
1.270821881044300827e+00
1.828681621218712472e+00
6.637612901487400796e-01
9.316580302928816337e-01
3.016040267884568582e+00
6.263102256811512447e+00
2.511543454175246382e+00
6.933313240073046835e+00
3.061283313569793663e+00
1.693025705991744623e+00
5.752842269045403967e+00
1.470616883104890693e+00
1.698177714523506410e+00
2.563605349879383155e+00
4.082490212148592867e+00
2.065920965630963391e+00
2.626564992147642830e+00
3.349459854844138995e+00
9.721626983570434977e-01
2.094783497393283955e+00
5.063012368413686737e+00
1.188794763532210474e+00
1.099009657293364306e+00
2.121391683976616704e+00
8.122674267012078841e-01
5.336486968671828812e+00
1.071674225982591988e+00
6.720711931134131234e+00
2.959449983076485324e+00
6.225318378022653976e-01
2.038995942560668073e+00
1.170834025738839212e+00
2.295590124203192861e+00
2.233130605517173350e+00
4.228628442676888533e+00
1.137117494809855778e+01
1.774394541927999835e+00
1.450574886105987282e+00
8.765731630767282567e+00
2.288977342618820465e+00
1.571178266840747018e+00
8.455627541431631755e-01
6.068668448017041639e-01
2.920811717464207646e+00
5.922592188002325786e-01
2.523022482881283945e+00
1.450490895001844249e+00
2.494810718158792628e+00
6.385264484802742224e+00
3.580613262823203691e+00
3.963587265078424071e+00
6.142772774347582398e+00
5.003257730190745489e-01
1.067042673691891208e+00
4.176521647005353444e+00
1.834828430994448478e+00
3.883619944687195069e+00
3.097811925640744146e+00
2.795992895626997488e+00
6.143913930400668910e+00
2.768854454842246238e+00
2.293155731802694941e+00
6.217979451203085262e+00
2.313704628260321527e+00
6.086965769109230706e+00
4.893716073597532024e+00
1.894073383227091734e+00
5.530834386229790844e+00
1.270045926241088807e+00
1.434060998821953925e+00
1.662003038444704206e+00
3.456819028098743196e+00
2.589044431565478366e+00
2.413692280966068360e+00
3.863319236214656005e+00
1.762953751853000517e+00
1.849504760226543087e+00
1.324958944498461744e+00
1.281709167551073003e+00
4.952482741823803991e+00
5.943940482605182929e+00
4.505434264644051723e+00
3.454522911092481774e+00
3.312311999203739976e+00
2.597390315896942248e+00
3.423344304133915994e+00
2.811959907968573980e+00
5.840826224373433462e+00
1.979647167689838394e+00
7.400971651732981549e-01
3.303897933186672020e+00
2.271327881082606304e+00
6.606116283941771528e+00
6.057968884986454361e-01
2.395871096112230259e+00
3.544870133159415904e+00
5.312689641019730402e+00
6.019604626631770650e+00
4.179602971652142673e-01
6.029608694034146454e-01
4.605339651156556968e-01
6.773930852008601455e+00
2.708237846737268306e+00
3.875997183178925276e+00
1.805459559317060592e+00
1.154572828918319916e+00
7.560321618648664810e+00
3.417861971544484234e+00
1.877453241699733599e+00
2.140497686126538568e+00
2.725134460838337880e+00
3.666414404421269868e+00
9.388132693370054849e-01
2.428539062639499146e+00
1.873729241344980478e-01
2.833246924075297102e+00
8.057063778519899522e-01
6.616367587518931614e+00
2.749227015594882251e-01
1.092193079007131251e+00
2.180079559387159804e+00
4.021904365956245897e+00
3.480189989816117269e+00
3.267144014668643681e+00
3.508843002835272618e+00
4.505664636392586964e+00
5.842550736859471350e+00
1.393119233036121063e+00
2.731450042151230218e+00
2.822727950185197621e+00
4.259559402037349507e+00
4.415480794729171876e+00
2.018684126260802625e+00
8.821471453559251330e+00
2.993806976334627556e+00
3.290106738332043257e+00
8.593343993550579540e-01
1.272254073075768321e+00
8.488347134212890222e-01
2.258050499346959228e+00
2.401968291347586160e+00
2.180657821085885573e+00
1.910380399744453950e+00
1.183028964191511934e+00
8.976000482742142461e-01
7.167830589600900915e+00
5.403752564601340680e-01
2.292210371247622280e+00
5.510199140285758190e+00
2.092152300599963599e+00
5.055903768445444868e+00
1.328239498647820316e+00
3.382466769529379302e+00
1.833079127202526415e+00
6.748838621566347618e-01
1.905850511153325044e+00
1.416462899859003199e+00
6.688090527038760946e+00
2.327274876434277662e+00
1.914297600759363061e+00
1.619976002840891161e+00
4.266068113654906568e+00
4.944687498502499778e+00
4.631174443002977092e+00
5.218297174467107169e+00
1.484718216061726714e+00
1.511938680292221060e-01
1.484961977097156272e+00
5.344476807630449855e+00
1.214133766943006121e+00
3.639626379342474127e+00
5.993430822647680678e+00
2.835749237687323898e+00
1.018717000114389259e+00
1.589540883167435137e+00
4.661867702764252441e-01
2.646291932003332903e+00
4.236587681792370219e+00
3.137805261658422662e+00
4.329090344018910130e+00
2.491623908817055089e+00
8.174606121111379631e-01
2.911239862924349886e+00
5.473579062353867153e-01
2.180768670624412930e+00
7.465100135648405022e+00
2.646055570490467357e+00
2.461503253764327770e+00
6.354851005939498698e+00
1.148520284567472460e+00
1.317793086154242310e+01
2.499229382465001148e+00
3.499131665408832692e+00
1.532787506687428802e+00
4.548719613556509778e+00
3.192776124863022869e+00
2.742967854312190479e+00
3.081292702740044742e+00
9.744740048407068977e-01
1.870105350499258634e+00
4.472650832909828900e+00
6.337436530942111901e+00
1.071580612975905789e+00
7.954968549653593790e+00
3.710138026789887800e+00
5.994294695370944837e+00
1.359632235617017848e+00
2.107486884213145562e+00
4.183904510971448332e+00
1.121166703790649644e+00
1.788355345148795461e+00
4.247193118180240923e+00
3.425298304363372459e+00
3.171200147261430846e+00
3.528929530545853233e+00
9.791201168923466369e+00
4.440607724128732947e+00
2.069351208876447412e+00
2.771188850823310457e+00
3.851059655235969270e+00
1.347968977205772800e+00
5.360978456943751524e+00
3.359000838748353424e+00
6.165011443874924169e+00
1.651011860429666411e+00
2.817029579121610894e+00
8.386934216260796049e+00
9.555702222526230027e-01
7.693764899557653081e+00
1.928264993403439931e+00
2.353937767835124539e+00
1.635320335395124003e+00
2.429099617822467305e+00
1.052943900271770650e+00
4.559133286903789717e+00
3.115819214508959156e+00
2.023976735071873367e+00
1.570348837413992449e+00
1.686077040580610253e+00
1.792749659327221856e+00
1.543856054508358833e+00
3.523266942988898531e+00
8.341786275177255350e-01
7.775706393164957264e-01
5.175624002101482546e+00
2.012942013708072242e+00
1.247502055481927385e+00
2.265515589334353042e+00
3.067250190732652815e+00
1.440537012169956199e+01
3.976564013989335677e+00
1.932183080384233698e+00
1.198958244092221292e+00
3.672549261562092493e+00
2.994336496589397711e+00
6.082446897538291708e+00
1.700301084818724551e+00
1.779883431646217096e+00
1.782442284431059232e+00
1.929823542823634996e+00
5.172002901511534745e+00
3.706424536132650438e+00
3.004376289773283748e+00
3.225673173223417844e+00
2.353137200072350943e+00
7.887470260138557121e-01
2.456696602473468882e+00
5.498024345783547595e+00
2.136481516073605036e+00
8.096038511643568469e-01
2.030120838397787342e+00
9.365562655198059749e-01
6.294005484416135943e+00
3.038813950090645921e+00
4.407308339134804465e-01
3.206277841275328555e+00
1.575622847570928409e+00
2.178651255331800041e+00
2.643861153916091222e+00
3.391338138926750290e+00
1.252103410991316279e+00
2.164330665386715591e+00
3.351099227803934433e+00
2.198650981918879310e+00
3.512539298374214081e+00
4.093937289611578656e+00
3.369038633749674272e+00
1.150840211429335014e+00
7.527246628604066236e-01
1.767057202679549688e+00
5.718957481750270411e+00
8.508149952972939856e-01
9.611485193828477325e-01
2.729492126983160460e+00
1.364827694329075802e+00
7.328197161766897949e+00
3.715821709042907428e-01
2.995004595370174716e+00
9.688443465081008066e-01
1.621357872119450150e+00
3.006567253973832177e+00
9.511365221591077113e-01
2.396526296262160294e+00
2.612936495600528986e+00
6.488210412210533740e+00
2.364252648636639531e+00
3.691275622624813124e+00
9.514392508546223315e-01
3.884758928456219618e+00
1.926606878496883057e+00
2.045597176026447972e+00
1.147466303105082686e+00
3.386728990807684969e+00
1.229315559413849845e+00
1.575436584471105794e+00
2.145549750418595192e+00
1.440500426224040398e+00
1.327219614678138093e+00
3.289238056596770043e+00
4.139962259219895913e+00
1.372747106119754701e+00
3.452717818870736810e+00
4.035259547802660940e+00
3.038540561274127860e+00
4.502510792562616437e+00
2.720130817900871190e+00
1.179756122586649969e+00
6.480566550472468101e+00
2.836591051874516101e+00
6.117468386314569573e-01
3.407747689389545975e+00
3.259829730470051867e+00
1.456793274369158508e+00
1.306625599308695929e+00
6.596656227917073956e+00
1.199048645169183525e+00
5.826971979173997340e+00
2.179202127888868024e+00
1.667991516555635378e+00
2.797315071352693305e+00
6.703708897140832512e+00
5.417158069538463572e+00
2.688328151452830550e+00
1.080498081952710132e+00
1.503450381343016673e+00
4.269444720289136797e+00
2.893025012697909570e+00
4.289186586095500076e+00
1.297660054418588338e+00
1.456482768024162988e+00
2.946568281498587183e+00
2.999185063254370842e+00
9.492571985827619185e-01
2.889701674687060517e+00
3.775403719167901961e+00
7.812366333413907071e-01
1.922192172281720346e+00
2.718284700091062156e+00
4.854760672284387901e+00
1.355282782113708562e+00
3.777087949203485451e+00
1.528401600750859624e+00
4.937807977813281290e+00
1.768240369795839984e+00
5.932866584433458712e+00
4.121409014854690689e+00
2.001671914693988974e+00
2.327595974810750423e+00
1.454966260846745074e+00
3.566563412842315817e+00
4.806356967478119913e+00
3.001927051291784387e+00
1.029049363322011690e+00
6.108067396758409373e+00
6.040031546979622856e-01
5.351735714541469235e+00
2.213293934774977156e+00
2.343148610808750032e+00
3.320156079532979199e+00
3.279700241859109244e+00
1.873674609390687751e+00
6.424285179030736259e+00
2.049839664431781561e+00
2.182050029512169420e+00
1.749839310437408146e+00
1.122924720159541145e+00
7.389519285427441631e+00
1.198726352320762523e+00
7.058183657188839000e+00
3.681493696105146984e+00
3.460335116691773294e+00
1.789654105677079610e+00
4.189513111394201239e+00
2.599639303758869424e+00
6.454171077765551878e+00
2.075939378467630547e+00
3.881408118487628123e-01
1.761692754938434247e+00
8.132417310838863100e-01
2.075333372466699355e+00
1.032943283727093098e+00
1.589402472140438949e+00
3.973019611645705940e+00
1.816086233398316763e+00
5.140590958109402031e+00
1.272583380576468803e+00
7.306533515923979039e+00
7.041362281036403381e+00
1.660369977236834993e+00
5.461512921548950850e+00
6.420811148222892228e+00
7.995245583590250282e-01
2.343237695937937293e+00
3.782809013063605619e+00
1.326141144542406458e+01
3.543289295854354037e+00
9.573385638677051057e-01
1.067964482199228460e+00
4.222379850132970347e+00
3.741800736880106282e+00
4.686033768563968138e+00
1.952592059597631824e+00
1.732857646247079497e+00
5.124894649529039725e+00
8.921463961555918809e-01
1.176741976804347223e+00
2.612190548360581177e-01
4.375554387243045795e+00
1.823046545912079264e+00
2.316662308352216204e+00
8.319949054124959886e-01
7.349580362500765851e+00
6.474097968443823348e+00
2.852128744225107759e+00
6.419826631035012721e-01
3.085258952753933137e+00
2.476386235524322021e+00
2.079031807215701022e+00
1.341489208699377045e+00
7.917005569548595467e+00
3.391146308403734544e+00
3.256385037947613359e+00
3.416951857580444507e+00
1.930944858841065148e+00
2.577384691090413238e+00
6.975990078891642021e+00
3.410312210191305482e+00
1.958344146122481533e+00
7.794956380224363102e+00
2.230117413891443245e+00
2.054832300277744217e+00
1.877223071536096910e+00
1.030284235161838424e+00
2.554786383246120618e+00
1.470635051746328470e+00
3.447421182493022762e+00
3.061093902496703212e+00
1.814894662505307066e+00
5.445749716343352809e+00
2.982547624116042684e+00
6.268599673804267081e-01
2.238592287730643005e+00
5.517203785445126130e+00
1.430304017123002147e+00
3.727162733374085768e+00
2.153779766476215496e+00
7.735429095322251536e-01
1.426933836143649215e+00
1.709381930303897290e+00
3.374059569088949218e+00
9.870733866077147090e-01
2.258931676009118039e+00
3.198975766165546020e+00
1.252537935754174381e+00
1.573185043598647859e+00
3.748873244678123662e+00
1.921797126850489867e+00
3.032752540681116216e+00
1.663873142250023252e+00
3.195296869058566802e+00
1.907747411650188241e+00
1.513051417206605631e+00
5.235022178655961422e-01
4.014581937129126032e+00
4.535078628415829094e+00
1.267584940994687548e+00
2.457280707381247709e+00
1.123359604752369512e+00
1.319756549136564372e+00
1.472505012499735644e+00
2.214676210240624332e+00
2.228391970267407984e+00
1.985549276802598406e+00
1.916769840128894176e+00
2.271478438107203068e+00
1.504744511517434713e+00
4.997173310799008839e+00
2.276993126263552103e+00
6.307922529576869053e+00
2.433642047072059444e+00
3.981967022573128290e+00
3.334476040862079937e+00
4.042494987010932128e+00
1.658639446685221897e+00
2.817367900274623249e+00
2.269857857812604074e+00
1.798392689706921566e+00
2.381086100698694086e+00
1.606730913906561531e+00
1.828847436972385054e+00
7.514762620563772977e+00
3.170097519057870628e+00
2.543228945431070809e+00
1.668778799794647938e+00
5.511496552996183240e+00
7.772231802912866527e+00
3.084863294029513092e+00
1.491438646410663926e+00
3.564926774986228342e+00
1.754847238706169987e+00
3.089668556804232580e+00
1.100374418982331903e+00
3.761322459959692832e+00
6.822055932723068317e+00
5.077979957537808176e-01
1.242914410621432042e+00
3.864395513683911876e+00
7.940530112642987248e+00
7.164224978659044396e+00
5.348841838472760735e+00
1.747176986421362654e+00
3.338333364700093675e+00
1.931326336009089983e+00
5.569407672758281969e+00
2.755521793074352299e+00
1.842470025143977841e+00
1.113993958175007348e+00
4.704010661522663561e+00
3.249892924583847709e+00
1.713673681494569667e+00
3.894469218053053794e+00
4.313805988493347954e+00
5.884013028676139179e+00
4.681861936897759868e+00
1.653021230872148140e+00
5.668544955633573856e+00
2.424994307011927752e+00
1.756926917364930896e+00
1.160276376702347845e+00
3.754663756978114275e+00
4.463132669436108202e+00
7.410030331362586153e+00
8.100747864535737364e+00
5.463399456693530887e+00
2.817173472035980453e+00
4.990235309125912733e-01
6.220456022383576311e+00
5.414004653065077610e-01
4.930537009130076420e+00
7.117548543412703488e+00
6.587037361234695076e+00
1.844169947049729252e+00
2.573212866142675193e+00
2.247560781778720873e+00
3.392374688881886868e+00
2.012618404675100336e+00
1.560660108031533211e+00
7.083829930675797915e-01
8.885991653249830646e-01
1.371260469474121502e+00
5.962638817748429965e+00
8.821712387126925403e-01
2.775560839360994070e+00
1.934964659545516552e+00
2.177968351772763267e+00
1.878398202749919310e+00
1.762779904014886379e+00
4.684470313412198550e+00
2.676834142026014440e+00
3.515623749359195305e+00
6.415686265218749351e-02
2.934979973826146615e+00
3.583733660774032437e+00
4.683048895429924308e+00
7.887061676300006763e-01
2.250851061859072910e+00
2.187138981539919147e+00
4.042191800085698894e+00
1.484261479424959562e+00
1.569869088208810659e+00
2.999906220413751434e+00
1.536471619630226604e+00
2.449588686398604054e+00
3.742736723234610707e+00
3.594732583474834708e+00
4.277959732847301133e+00
9.494637205380499489e-01
8.403398500892977907e-01
8.145269199410684058e-01
6.339203713973015297e+00
2.964547492193078337e+00
2.987335053944778274e+00
9.413250241709590904e-01
3.477809953112192431e+00
1.827137513382760314e+00
4.755440120578454000e+00
1.604547960692639830e+00
2.408083630995722313e+00
6.476487329311663821e+00
4.042150247437770183e+00
5.709428607051359350e+00
2.151982062608483126e+00
5.512658723801845184e+00
5.633268819820867357e+00
8.678152598149101449e-01
4.271154914249465584e+00
5.548328019737191141e+00
6.992304077709064813e+00
2.655175820660711672e+00
5.664176948065277273e+00
1.632696171037143040e+00
9.781341136383960855e-01
2.227633100685078471e+00
2.381029806676714156e+00
3.496223462899772372e+00
6.697621268165967479e+00
2.383336129029774764e+00
1.533864895637778725e+00
3.579574544727328611e+00
1.145732087510056019e+01
4.454608790707862420e-01
1.040087128182308973e+00
3.148893770502947387e+00
2.268914929942555947e+00
1.376425358984871616e+00
6.450141961629308751e-01
2.073148551015599583e+00
2.739529210001213855e+00
1.884730449933235130e+00
9.898807984953451600e-01
7.988008137311312318e+00
1.763418304950062909e+00
3.136008331854445164e+00
1.663385704184252356e+00
1.617689735520638328e+00
2.319814244167202943e+00
3.151021916286388169e+00
2.131571038109714156e+00
8.623518868216907274e-01
5.423187097113922883e-01
7.259153901536816722e-01
2.275576003785702905e+00
1.338390370702054355e+00
3.611853876273575015e+00
4.529343058383748399e+00
3.657584959670289848e+00
3.485294775411932111e+00
5.857383690515885810e+00
4.270289616922780418e+00
4.124683311855503298e+00
3.928955096055040119e+00
2.137092684756693561e+00
1.750072230794337491e+00
1.229354507682504316e+00
7.493817830721214435e-01
4.285885760575498971e+00
4.848117178523059678e+00
5.969281998900500819e-01
1.659403973818052158e+00
3.786054273065404541e+00
2.293821116129613369e+00
2.155210997907187398e+00
1.201838408372722267e+00
4.794192790548871486e+00
7.749132548958499456e+00
2.595987000377264042e+00
7.599983376470367258e-01
1.013983126812454172e+00
3.273376055246800309e+00
5.682361544134322706e+00
2.771874693270380163e+00
1.080225823469511903e+00
5.147767065683747312e+00
1.923202661508697231e+00
4.050910805105308654e+00
1.739348407551479792e+00
7.170095339056321571e-01
2.384226115434655568e+00
1.332876674539010597e+00
1.126676606913709522e+00
2.619882235675885962e+00
2.007920889664907893e+00
1.909850147423214572e+00
2.534223504954313366e+00
1.045375538852642228e+00
6.268068086561916274e+00
8.838468335530238917e+00
5.522395590708106816e+00
2.841180145635494814e+00
2.105679919285408985e+00
6.492113773433930923e+00
1.563758752629336835e+00
2.114576998270598640e+00
1.659799077155132530e+00
5.130372771903721762e-01
5.429209003932053967e+00
8.595870486584682446e-01
1.755636768760487243e+00
4.281072245513342978e+00
1.662516118952123367e+00
6.553322355098766039e+00
3.758992022005575584e-01
9.743928083504375115e-01
2.923724561591554139e+00
8.404740991183528465e+00
3.303495190021328742e+00
1.710456718719417957e+00
3.430129448352700283e+00
5.507665442341881601e+00
2.376536806353880760e+00
5.913203621876681026e+00
2.520124473472338256e+00
4.975957926370732309e+00
8.651870043863695514e+00
2.728369249374839267e+00
3.463245077265302285e+00
1.687844604577611651e+00
9.750672720839813623e-01
1.745019099797032736e+00
2.703975916359427689e+00
1.458147101639282628e+00
1.766584608559154113e+00
1.815108962061146913e+00
3.609678743979521709e+00
6.876364089929340118e+00
5.195859253376393205e+00
6.783195173781258802e+00
3.794337607808762503e+00
1.825389044912655745e+00
4.184083575952741718e+00
4.227353664242463616e+00
1.711095984684106952e+00
2.453115837743071292e+00
3.837687839892604647e+00
3.083799235355173529e+00
1.766638533616944784e+00
4.601045844799121376e+00
1.732095127038131732e+00
5.713604109046660495e-01
5.210408906682057584e+00
2.565064725710989535e+00
3.824527588856974081e+00
1.964616279670597265e+00
1.154021172408536744e+00
5.792549833820409333e+00
2.433727469073565075e+00
3.223607656568412416e+00
6.815866272751801569e-01
1.693813183037457648e+00
1.437240962518152143e+00
1.964280571413365317e+00
1.757679824837655280e+00
3.359665142787218617e+00
6.475532007877501606e+00
2.662748664059832127e+00
1.421193227098124678e+00
4.695650361611308554e+00
1.903043871444032087e+00
4.949311213937770404e+00
4.702336731501070233e+00
3.277655463105094924e+00
3.942906816052148766e+00
2.981129186663766806e+00
6.764475491345267599e+00
5.005412135691225117e+00
1.179372796729984518e+00
3.187077175702894394e+00
4.940049043793502292e+00
2.061751351670960908e+00
3.409956876516632374e+00
8.140582948998233981e-01
3.982484641523590163e+00
7.214205998033497380e+00
3.074069438031645785e+00
1.242650229558396324e+00
1.231753145084668377e+00
4.398028167075864303e+00
6.127739594974441317e+00
8.703297511287360066e+00
1.465633428580395581e+00
3.001238628080186377e+00
1.225410159039733493e+00
1.430256925688340175e+00
1.123547781956140801e+00
1.892260877021030741e+00
7.815571811414042669e-01
5.383584476387775375e+00
4.733262783483898062e+00
1.686998318599953306e+00
1.808894025665256589e+00
3.783727620368939171e+00
3.411925903970998597e+00
5.666242834361653991e+00
5.190083522696251173e+00
5.958825939161719987e+00
4.483741722488616688e+00
7.404441318386181692e+00
1.280186992451014527e+00
2.741559767168966655e+00
3.998289845013926591e+00
1.564751365316983778e+00
5.686514013154969405e+00
1.667856046548904070e+00
2.597725072793931833e+00
1.568892789770945484e+00
1.836930699917020515e+00
4.986955719040896184e+00
5.814173662155375233e-01
3.750397854715508128e+00
4.327089066878778922e+00
3.002591450000944739e+00
7.632469921943648705e-01
2.779850576514285798e+00
2.035159710953084122e+00
2.723808866185972288e+00
1.246586939637041480e+00
6.010640494643744169e+00
1.785697402279618151e+00
9.351290734855514097e-01
6.022865142014760309e+00
6.031039519032441731e+00
3.496479377513876052e+00
2.920986476249119779e+00
2.903649243390520329e+00
3.275045190713992138e+00
2.221422172174485343e+00
4.771726686829857123e+00
1.589033079072788235e+00
5.939796862853238046e+00
7.104754317330241875e-01
5.318585405119542475e-01
2.938462743099502283e+00
1.050153656652991874e+00
3.494916693959778886e+00
1.735321389473676312e+00
3.033148759507064529e+00
4.187021536724763848e+00
5.307619855216365146e+00
1.498751291720475276e+00
2.087976743908660282e+00
6.191146493891067637e-01
2.788062411157917531e+00
3.815049838659948289e+00
3.281580158130841696e+00
3.839556003358724379e+00
5.109979491731690082e+00
3.722928061258679033e+00
1.174842587819636019e+00
4.117387850027451890e+00
5.098741482059139685e+00
4.416854149435883725e-01
1.339373366649246444e+00
1.862015796112761024e+00
5.283677210857502970e+00
2.627497717585807635e+00
1.824416984354563898e+00
7.530517149622913742e+00
1.102620073457660554e+00
2.351219655235042616e+00
1.246773179458267267e+00
5.867425202970492748e+00
5.606286966193557930e+00
3.996563695087521850e+00
5.308681176543987412e+00
7.509575535494771081e+00
5.901171982594358489e+00
3.506077797606269808e+00
4.698952733075146826e-01
1.074557516067315310e+00
5.929010252761325539e+00
2.281678298762736201e+00
2.810246800797230549e+00
1.308582995034384799e+00
2.452150587890284061e+00
5.985237628902341456e+00
2.054864259204348453e+00
1.898270182130983086e+00
1.237263224945632567e+00
6.802734520147261321e+00
3.043843725459827620e+00
1.271633399135658982e+00
3.502496898275206050e+00
2.555294543198166402e+00
3.985039291946395057e+00
2.736066296367365425e+00
1.610177499656470390e+00
5.034886264065397299e+00
6.506677298395635578e-01
7.078832220340737003e+00
4.995134463681563552e+00
5.644526190667627397e+00
3.209319314291546044e-01
1.368508394737283806e+00
5.497652242040273585e+00
5.726676159194044935e+00
5.781029645409898166e+00
3.091137841932966701e+00
6.628733582172833927e+00
2.233285204412009062e+00
1.475377715739113027e+00
1.449152295383262290e+00
1.128616133439566127e+00
1.381383035440012064e+00
1.513863108259704049e+00
2.344905146383068129e+00
4.910008433941683847e+00
8.347490196880485769e+00
3.049950141942201487e+00
1.788785379039746770e+00
5.684195455506511507e+00
8.168564406541085621e-01
4.166902231891908670e+00
3.902695327528900915e+00
3.914967917347810022e+00
2.927373585708558767e+00
1.664445967279844840e+00
4.299126551048663814e+00
7.623862387988338263e-01
7.228156189582963798e-01
1.860855815187900886e+00
1.074837307135790843e+00
2.828888927688929744e+00
7.416634092602253148e+00
2.397787936107491191e+00
2.073660068126243150e+00
3.533186398623529456e+00
2.319021486881911898e+00
3.688865920695326484e+00
1.262030284102467759e+00
4.792873307014575701e+00
1.311020933958573442e+00
3.409154347731793600e+00
5.540934096970624445e+00
1.613676615068417641e+00
5.460837297779260524e+00
6.147071813784596994e-01
1.028762264140468119e+00
2.437300424545612465e+00
3.262746100127244198e+00
1.763873345176068419e+00
4.681801760958570924e+00
6.219359967399047395e-01
1.415162088383340899e+00
2.614830758252913334e+00
2.540178738215633558e+00
1.945013262167110568e+00
5.517983329835558948e+00
4.856168658152240525e+00
1.595170056479866982e+00
2.361499040606831468e+00
2.355508499721342464e+00
5.165333285346174641e+00
1.996322201812372077e+00
2.532832118653811193e+00
1.586456691232140503e+00
3.754272690981196092e+00
6.231648576765046244e+00
8.075362585064480569e+00
5.900968240891195649e+00
6.339876059418926957e+00
3.900056877180924086e+00
2.740199176649753543e+00
1.767763014898226404e+00
3.262143942232889504e+00
2.158507849276897872e+00
2.322176986008543942e+00
1.617356556122236944e+00
4.307190523568819707e+00
4.900859384542801678e+00
1.458601919417598314e+00
2.552560764903699653e+00
7.481087988638877917e+00
1.388615033502348384e+00
9.479420995310816611e-01
5.347578329427525645e+00
6.274315447576864990e+00
3.769779038745356026e+00
4.162050262814999790e+00
3.546095593426137782e+00
8.691052262964772623e+00
6.811702032658762285e+00
6.666838912084104507e+00
1.964436431281440187e+00
3.590166908403032764e+00
1.838825319516430357e+00
5.644011448949423304e+00
9.590646322104968036e+00
2.801709973769885842e+00
8.454645366205150170e-01
4.462549712823826731e+00
4.528565411064997548e+00
1.172986017956490201e+01
4.732965025116581792e+00
8.292780399357821963e+00
6.126067830705721917e+00
4.676585426257989120e+00
1.964125890588587664e+00
1.786066803802972114e+00
4.924370534323505133e+00
1.163977083714436311e+00
5.014305827282739436e+00
9.742767057989684121e-01
4.465585281775057425e+00
3.808420098839606194e+00
5.975976677587015118e+00
3.467558053326742495e+00
7.276843728347431650e+00
2.466327460018481688e+00
2.360375679378997837e+00
3.785265622616302839e+00
1.563077393085267497e+00
1.699283705485856277e+00
1.404911574772076177e+00
1.718826915383440346e+00
3.965524898921215513e+00
2.608674162736574154e+00
8.349593265925451036e+00
1.425702295151945354e+00
3.843638493321288596e+00
1.958831955536394887e+00
3.003775145699020932e+00
4.558747772003294507e+00
5.092535223115777221e+00
1.635181221552833630e+00
1.039949280795211806e+01
2.197169534928649970e+00
1.930169524837922701e+00
2.046951319613278919e+00
8.284314932523210828e+00
5.063306245124573834e+00
1.661435124763414928e+00
2.246873673323722009e+00
6.565476161906001806e+00
4.399100390886119705e+00
3.254207160594965842e+00
6.424308344013459404e+00
2.389032617800666891e+00
8.988504408873907447e-01
5.506745590444292127e+00
2.809287486393122535e+00
4.675295247950807642e+00
5.118088993937617737e+00
3.858171935383526652e+00
1.004445470408171115e+00
2.235152031396498984e+00
5.619065016642998955e+00
2.357374540946485464e+00
3.250939486390581390e+00
1.513437332344232056e+00
1.871445146645670077e+00
6.261886157689924737e+00
4.979328752274155612e+00
6.646153651057828071e+00
3.597173171826866245e+00
2.245932843083937147e+00
8.283902707611262572e-01
5.722944953871355267e+00
5.485797344213150240e-01
9.378721520087682784e-01
5.455729646132446931e+00
1.845485604671807778e+00
2.350449994008593890e+00
1.064469597526402467e+00
1.542911706931744620e+00
6.855455787741044915e+00
4.852713280334441937e-01
1.578520628264107550e+00
5.880081709094862497e+00
9.059294678505699361e-01
1.068928545036209155e+00
3.347463929930139859e+00
2.991263059844458283e+00
1.274034924079385345e+00
1.127681035247096064e+00
7.116278901040848925e-01
2.044925896363967599e+00
1.854793239181258047e+00
4.613170231794456733e+00
7.127400608771865542e+00
7.840065621386949068e-01
2.012712162344303390e+00
1.679322553527584638e+00
1.946554435245734016e+00
1.805612104596231449e+00
1.388172692870166536e+00
2.290239407930268811e+00
1.723121453971290518e-01
1.252036884953682927e+00
2.613408183561560350e+00
3.037803115760971284e+00
5.473331470338753668e+00
1.028441154810798341e+00
5.505121012837062011e+00
1.744750612517660393e+00
1.476289759912510435e+00
1.291002055131052595e+00
2.005966431272792505e+00
3.031027499239733469e+00
1.650855088046406349e+00
6.033739338095282179e+00
6.869511293972617061e+00
2.163121769335575983e+00
1.575697116297360756e+00
1.808766313429521766e+00
1.718263749725337242e+00
7.395402040479798877e+00
6.220360358894780006e+00
1.748365937071169718e+00
5.079282678475528279e+00
1.917818175447521645e+00
3.554938627969107756e+00
2.485661906917685293e+00
5.744080237961433077e+00
4.357123026014768641e+00
1.903026772329170724e+00
5.113734483023929300e+00
3.661115636162814102e+00
1.800059902020116676e+00
1.190811709118744011e+00
6.452372857701558218e+00
6.749743000338233934e+00
6.125659181333356074e+00
2.641699806750687163e+00
7.007584759527971663e+00
4.146123745780585068e+00
1.523961083579848941e+00
6.588629072047860191e+00
2.885529598437949428e+00
2.112813583197020950e+00
2.081435439570400447e+00
1.056814390210936816e+00
4.924782902150880659e+00
2.600515758081603845e+00
2.883083101239463986e+00
3.249273059020293619e+00
1.849632529226199029e+00
7.484653955876489739e+00
1.161045543185949880e+00
5.964614848323822827e+00
2.994301244905434700e+00
4.160741383721215492e+00
3.092110946777806291e+00
2.999702866519933675e+00
1.914377642141491087e+00
4.170944922835709612e+00
1.505258134233105061e+00
2.169013455307221339e+00
4.784419771718034120e+00
7.347298693514408896e+00
4.048189371436585304e+00
1.908028590867443253e+00
6.538824845851357814e+00
3.140160264371677279e+00
7.844158403406570335e-01
8.487805399781737092e-01
5.621462352144132035e-01
9.878572898384831991e-01
1.062424144528005954e+01
2.038937274686036361e+00
2.247410047724446969e+00
5.448755367714039011e+00
9.619418445229346304e-01
1.901219274182208707e+00
1.959778818912523146e+00
4.079317071619917634e+00
3.641902363723078739e+00
1.054931826502990511e+01
6.648578359464098142e+00
1.757486739364005235e+00
4.594962340661369993e+00
4.406976488627833533e+00
1.674375447093044755e+00
5.479484265692557976e+00
4.168454454210928084e+00
5.316267536059635646e+00
2.795815549342192785e+00
2.093796962809238327e+00
3.230764840144142003e+00
6.200011439422489223e-01
2.389013600216429722e+00
1.200196998066269671e+00
2.747358485576780307e+00
8.600502282076135430e+00
1.026255794954543665e+00
1.577411003782017485e+00
8.916086756499063126e-01
7.327472980650235890e+00
4.203688544844866648e+00
3.699248468980152360e+00
9.372850114792901088e-01
8.301715586719177864e+00
3.785917100903999355e+00
3.508911487883173308e+00
1.193009695001123971e+00
7.300818858567074132e-01
5.671047871560378262e+00
1.997159113336510972e+00
1.741465433255353412e+00
2.214145227696033391e+00
2.787794296689913853e+00
2.273513375009465598e+00
4.865959633426345299e+00
2.242512235843936441e+00
4.543167552330643844e+00
4.373361501020450071e+00
1.978656802931427761e+00
1.006814572373739169e+00
6.318790876635058673e+00
2.993379329661229438e+00
3.380996993749519675e+00
2.968382630647870002e+00
3.342468486473744171e-01
1.838909098856228441e+00
4.934265615421392859e+00
2.223076094989373974e+00
1.832972680092267437e+00
8.713027142174432083e-01
1.659699043957280296e+00
9.050441510673460144e+00
7.732846977192282534e-01
1.752962770558805339e+00
2.317689755115968087e+00
5.488147044467953428e+00
5.560223296490494072e-01
5.208556810406839155e+00
8.485363784538815235e-01
2.346235202428351485e+00
6.907194569350925129e-01
5.225868239127615666e-01
1.639163007448795950e+00
2.145660172130714027e+00
7.386000730475753784e+00
1.542862459400623942e+00
3.354426671198872612e+00
2.447073045730161489e+00
2.225114136216207683e+00
1.327041044188414398e+00
2.000414151672750496e+00
1.598980691130165166e+00
3.072537399772461431e+00
1.409993468902909441e+00
2.695214527647225022e+00
6.413949534450641643e+00
2.981566770161210300e+00
3.152344869931877014e+00
8.948944470355354452e-01
2.004597282005849301e+00
6.474175429182829067e-01
1.863273563471537164e+00
4.778509473876424885e+00
2.082729821298423545e+00
8.335209545104977025e+00
3.127761797743639161e+00
6.136791583139200590e+00
7.218200880820794474e+00
6.100693435104674656e+00
1.491906323334291518e+00
4.661069633884336483e+00
2.764483523581442448e+00
2.451797932122434798e+00
1.832044413851055209e+00
4.869193582631889505e+00
2.544742634278899462e+00
1.546302485023135276e+00
1.734098521652806202e+00
6.977857626756871490e+00
5.356413670582415243e+00
4.202958646997053016e+00
2.550141131111965720e+00
9.171208919285199768e-01
3.747833925936357335e+00
1.761756195051564999e+00
3.949152184395741116e+00
2.811449789812464850e+00
1.769187242744418631e+00
1.627399261136276643e+00
2.085395539628259520e+00
2.388385065642472771e+00
2.660718200722556048e+00
5.468881795509768828e+00
2.320660358941371015e+00
2.709539986878594320e+00
2.333559539897179125e+00
5.674901847876312466e+00
1.250314053987710672e+00
2.208406575453613740e+00
3.570153139210154869e+00
3.190113148832141921e+00
2.812363575257688986e+00
5.686035279986477065e+00
1.827269242335431532e+00
1.865780306065120353e+00
3.069017806114054281e+00
3.170984087395158912e+00
3.064197089170755284e+00
1.488114867384769502e+00
2.079919140052479687e+00
2.633992765460460461e+00
2.826435930123972540e+00
4.267419361855388615e+00
6.440438335073016773e+00
3.874780833036700844e+00
3.699703491733048910e+00
5.671196053268338311e+00
1.392838436148815751e+00
6.107724955486987461e+00
1.854230864858001704e+00
6.990206067773243603e-01
3.453319883813614766e+00
1.888515620061051559e+00
5.011461328005297311e+00
1.298698585620745138e+00
3.680074465326170774e+00
6.520669671251173583e+00
4.801653492032483150e+00
8.565034944942935269e+00
3.132115412094154561e+00
2.331149053648949199e+00
1.442922584840581113e+00
1.021969717020762003e+00
5.413017781161441278e+00
2.019316434572444585e+00
9.701835778744725136e-01
3.329626124853478419e+00
6.263142580969806694e+00
1.055882023392413549e+00
2.629140227952911690e+00
3.662862215693437395e+00
1.448478921146461040e+00
6.689541107240901674e+00
1.906676722819355740e+00
3.621961640531021320e+00
4.470192394485971721e-01
3.913203936079197032e+00
6.181774970886293907e+00
1.512833261796722395e+00
3.182063693030751317e+00
2.080233380768415685e+00
3.501607130725318040e+00
2.846468724449391363e+00
8.392686509663239036e+00
5.335102037189384028e+00
3.006676204424632015e+00
2.287056708985110376e+00
8.855778939359729707e-01
2.754830773376270248e+00
1.411689476472620219e+00
1.133337743033181244e+00
1.096802457352639815e+00
3.547191731783735591e+00
6.457163751745808256e+00
4.764973340375447286e+00
5.570429061827817385e+00
2.860695920481999277e-01
5.986917125272670503e+00
6.826537173894500654e+00
3.983999395331790261e+00
5.930884773967733281e+00
2.194928878466567479e+00
3.160726660694241463e+00
1.944813963502173282e+00
7.590224707496912693e+00
1.788845388231008693e+00
9.379416563212005897e+00
1.682934627751476953e+00
4.245550520020275886e-01
7.828657633688322903e-01
5.619700271929761293e+00
5.819516632000630851e-01
5.034032829153090027e+00
3.561174756728666235e+00
3.732176480606563818e-01
5.394619234490665605e+00
4.069019064854392909e+00
3.201259591521655512e+00
5.655522302915945154e+00
3.406356316271130336e+00
3.411914856047201905e+00
2.623000564581265071e+00
5.147962282101912201e+00
3.149827441977089748e+00
1.731211136767853098e+00
4.695725001612569116e+00
5.209654673940070646e-01
2.712819024070850293e+00
4.750400984556536699e+00
6.257461417774799806e+00
2.483880044207932958e+00
3.557676405084567062e+00
5.264143552398500958e+00
1.175910851911046828e+00
1.244556750876370799e-01
7.107788175059997826e+00
8.201785226839293230e+00
4.336884182338303084e+00
1.132037466815354110e+00
1.773648729571704052e+00
1.958675221993132709e+00
3.297551105143414762e+00
1.965675384140421089e+00
2.616405907865832603e+00
9.670149226567457124e-01
2.682162678760933616e+00
7.083954277660748922e+00
5.066070523620872734e+00
1.261208317021480063e+00
3.283109316752872875e+00
1.935345208842553344e+00
1.602944664273026731e+00
6.645066709903762359e+00
4.413784204774009456e-01
3.045135072758888839e+00
2.508195722369601643e+00
5.494572398694201887e+00
4.718113303993808572e+00
5.297818955644301164e-01
2.280823557336999041e+00
5.921940234198681985e+00
5.301978341883301304e+00
1.566646346846095383e+00
6.855940110063921900e+00
2.086372813047225439e+00
4.365620551974941144e+00
1.550884289487631129e+00
8.940120324968923171e-01
1.907590829747711769e+00
4.711771841291530372e+00
7.645341980554218875e-01
2.780133400463694393e+00
4.002601575945416101e+00
2.223839196430992704e+00
5.742474293090237936e+00
1.835592314620875909e+00
1.816966037953611002e+00
7.090342685811187096e+00
1.019929783267077950e+00
3.172716795370503551e+00
1.440657581654064323e+00
7.758701741628362569e+00
7.032092365438128212e+00
1.102269411309831249e+00
1.037651889933849825e+00
5.107727512565892525e+00
5.436403145903475398e+00
5.773894554743975505e+00
5.112855488101223145e+00
4.058373075054956480e+00
5.313661567655062257e+00
3.321633418083776768e+00
4.774875556291330980e+00
1.482525372082966975e+00
7.303026679236266361e+00
4.924066918287590688e-01
2.875393205264148211e+00
8.546402679055791651e+00
9.643006675322213228e-01
6.452149813944616952e+00
1.615228403208579300e+00
7.126234186864575548e+00
1.849793574644583938e+00
2.699026278113647148e+00
1.527342736078581176e+00
4.106478236830691131e+00
1.363254288248058943e+00
3.251212115173499395e+00
4.331971257525261798e+00
2.028668801506739339e+00
6.476729998114948650e+00
1.432338489610579746e+00
1.446694677066785228e+00
3.881571966564683618e-01
8.118647927571863709e-01
2.332806151840407516e+00
5.495106823533332019e+00
1.027486077190114866e+00
1.666847003994594401e+00
3.407033886564293290e+00
3.303093364117859476e+00
6.458998842035724053e+00
1.813517890255765375e+00
3.833730179566029683e+00
2.341797665131708950e+00
2.332881229774423026e+00
8.132646709564186338e+00
2.864677638725909858e+00
2.706017260753969533e-01
2.492001363130018188e+00
1.564626835530852134e+00
3.185177434204198299e+00
6.848156095775383534e+00
1.803061571700225185e+00
4.633095136106225809e+00
1.886788669585276690e+00
3.911193703912488329e-01
5.808730204397695829e+00
1.572025637430413125e+00
5.394240651632083328e+00
1.105156589851769766e+01
7.605640734936768288e-01
5.127869650269727408e+00
1.793555299897340527e+00
5.297405531265649614e+00
3.687784762806052719e+00
8.764051978052457059e+00
3.105751778471511404e+00
1.500161702848207490e+00
2.444893301394097662e+00
4.097868823302428964e+00
4.537278996880229620e+00
7.051564441031961117e+00
7.460488929131004809e+00
2.124493411056470826e+00
2.459241119313017254e+00
3.354651480320035351e+00
1.743608373851685878e+00
1.446255264154499287e-01
6.811396644042061688e+00
2.405083761516071839e+00
5.545516880594091091e+00
4.550983999091062771e+00
5.573100928070719107e+00
2.328692650109991380e+00
3.006768595691662771e+00
9.836733569984030812e-01
2.267049390720899282e+00
1.239300209471275505e+00
5.883629326396742520e+00
3.232776332812588027e+00
1.820205184992059744e+00
8.407409143676085606e-01
3.757569580870438575e+00
1.781420704776959685e+00
1.354724543030928041e+00
1.551967604217745267e+00
3.724317569235853664e+00
6.461658630414063076e+00
2.387115625980470668e+00
5.136622074162785268e+00
8.981591633181084333e+00
1.562288496714619557e+00
4.997960218781731356e+00
4.120898474912315201e+00
1.658893043179432425e+00
3.007546879827728947e+00
1.953556824500370936e+00
2.252598290869231690e+00
2.718382655856041552e+00
5.866337369672964819e+00
6.977477902531512566e-01
1.464461093833919314e+00
3.249144346621461121e+00
5.373606632678236572e+00
7.862388792594244835e-01
9.889600825404015083e+00
1.288614931684736620e+00
4.138513757045683583e+00
3.620337991142836387e+00
3.747265618062665116e+00
2.021867743300430398e+00
1.847703032686179192e+00
1.405712257604341264e+00
2.863683329719255433e+00
1.292629572818418948e+00
1.617391115232750254e+00
1.776410910094841089e+00
2.064801727056948977e+00
2.612989259967803513e+00
4.236231519108772048e+00
5.984525489853950830e+00
1.064799397220827171e+00
1.766560420112964325e+00
6.165847379802110062e+00
5.080946287347391177e+00
3.954600057404651814e+00
8.076865819382247347e-01
1.979280514293228155e+00
3.112773733259440068e+00
5.544458673962561202e-01
3.047806217407403651e+00
2.179293592078062503e+00
6.447011615135517237e-01
1.891263848004598680e+00
3.904291943291782196e+00
5.651473934388961062e+00
1.728533962010377234e+00
1.780839115938702255e+00
4.540049292130001746e+00
7.805377027576617666e-01
2.730977181715073865e+00
2.062517961131895561e+00
1.406353358396495556e+00
2.953728690060343443e+00
3.615908793262559318e+00
3.563861437746380645e-01
1.065634648621218039e+00
2.133024535333260197e+00
2.854215865568694444e+00
1.628466842171930828e+00
5.650037904295453828e+00
3.833179932057734884e+00
3.703993712714608311e+00
1.462869901338082590e+00
4.629775467363465680e+00
2.420410789114277872e+00
8.245575969774208147e-01
2.244907654820224252e+00
6.866968140044800162e-01
2.088145986817292243e+00
1.881230336946357884e+00
3.163983619156611748e+00
1.370307687183047962e+00
1.488571742414093846e+00
3.131359102686121165e+00
4.601838748420614245e+00
1.981927338936721128e+00
1.909600531548652169e+00
1.561949071592805049e+00
1.623900679238980738e+00
5.001417212633052500e+00
6.154856189266187938e-01
6.677750130143056850e+00
1.634676722996227793e+00
1.702707910263083990e+00
1.297894162448669952e+00
5.250817736450387407e+00
1.506362789266263658e+00
2.073357107418517753e+00
3.345590338451774670e+00
3.431329295559629511e+00
1.435108467572636881e+00
1.499256935935555424e+00
5.472600544340835427e+00
1.163220465490617084e+00
7.446050341407895345e+00
1.588091346835948547e+00
1.701407602524070750e+00
1.867159727901092303e+00
5.892994930018055300e+00
5.746826434037046738e+00
3.394456607422910555e+00
2.599520279921774701e+00
7.385424125311629062e+00
1.832059110259158130e+00
6.491191325670851775e+00
7.919302632319678015e-01
1.950326700284376491e+00
1.546077887306076759e+00
1.832119396472445594e+00
1.394581411251212932e+00
8.264931241780274496e-01
5.725809190066916798e+00
6.377486783262473757e+00
1.573019028228642924e+00
3.907480272337264249e-01
3.044117884870461754e+00
1.683876716432913145e+00
6.155405035888796839e+00
8.027757643150039701e-01
3.108294208855322704e+00
5.455422825499178785e+00
3.123360728091432392e+00
5.956334504224263249e+00
6.006247466443846328e+00
1.640400720139264301e+00
9.033457629109719278e+00
8.680873328339780981e-01
3.857727255042412651e+00
1.826960031345390867e+00
7.558819785977595185e-01
1.623309402389416567e+00
2.518456737244533894e+00
6.299462182216512218e+00
3.304476436229124126e+00
9.913656493457720931e-01
1.117816722213397451e+00
1.368968251490182864e+00
3.383825292456482448e+00
4.335376821938671021e+00
3.238416547138171619e+00
4.492677469380907951e-01
6.291239977932845839e+00
8.933894151433896536e-01
1.381473710495486840e+00
2.823074226609996629e+00
2.424596868450104470e+00
2.978600561027253679e+00
5.590751240852039672e+00
5.292367912501042326e+00
1.822925345988354318e+00
5.562595151265268711e+00
6.282663442790590302e+00
9.862944396864624652e-01
5.420393348800530475e+00
3.140153488666638015e+00
1.150835887792379220e+00
5.097319192355792339e+00
2.141459495821221637e+00
6.369478094893930908e+00
2.675350565549775572e-01
1.016028309182680056e+00
1.108474509258700946e+00
7.587867273267902668e+00
2.515106555056278559e+00
1.703440457976110878e+00
4.974387978456793480e-01
1.941744299532654372e+00
1.898571076337570940e+00
5.310779846032525953e+00
3.807884197946313609e+00
2.709684420390877868e+00
7.601953668290409638e+00
1.504295747046517473e+00
8.983822955735651927e-01
4.139554233038874820e+00
1.942385485683896684e+00
3.607015979603512612e+00
3.726023764510103753e+00
3.895570024423831601e+00
1.572873044462921532e+00
2.270713619252091142e+00
2.130915887429113198e+00
5.399703128095868720e+00
4.938577379648581456e+00
1.482978566569153944e+00
5.831124381073354179e+00
5.817619573939261102e+00
3.318198736680578964e+00
6.765105689723083238e+00
8.491548808033581253e+00
4.804650251615608880e+00
1.596560151705173736e+00
1.990192636362990708e+00
2.953930689084113936e+00
6.873525135499122030e+00
4.171972295333173375e-01
3.109259237439857770e+00
2.508232460202396652e+00
2.340298516989677946e+00
3.361288195578268745e+00
3.535644589675439153e+00
2.701413363006890389e+00
2.546942097617862277e+00
5.906897848704831810e-01
3.898971264351517085e+00
6.405450488805016107e+00
4.256904764453866008e+00
3.243341451101342088e+00
3.713604269748130626e+00
2.872802434797155691e+00
5.125294687992542286e+00
3.690915114537469677e+00
1.932642775203361252e+00
3.983605783814784917e+00
5.961689413149905192e+00
4.854500609861367444e+00
6.617273465708206182e+00
3.404479262677907236e+00
3.119314018091555951e+00
5.187388806530528917e+00
2.771724857172361389e+00
3.885700243223537242e+00
1.597764457386842363e+00
5.240649641941514503e+00
2.982726006632334670e+00
2.713720823571405649e+00
3.727293859962772071e+00
1.892912625018066564e+00
2.684780742562734801e+00
1.063321473774590187e+00
9.524112558152482144e-01
2.872157147775767250e+00
2.175022256929095565e+00
7.421958784761670813e+00
3.380319755686178596e+00
6.738017412579030641e+00
1.635405786461225919e+00
2.162047518634593324e+00
9.245360510713422908e-01
1.061122898809314652e+00
2.145895953637574571e+00
1.030513672669520986e+00
1.390300335325297842e+00
5.555252457021632395e+00
3.194781232932624615e+00
1.324112327039155712e+00
1.013676099775622674e+00
2.315763831115653648e+00
1.325954596428001953e+00
3.009005578441533935e+00
7.248847395934907567e+00
3.539766204831641394e-01
2.057471690301585721e+00
2.802764857949713306e+00
4.939549616262119969e+00
1.284071947696817872e+00
5.067784862277290969e+00
2.378000683558723072e+00
1.908596019717436310e+00
2.401825336492180440e+00
3.150016350118104658e+00
6.084859997635151174e+00
1.006977390893087465e+00
2.188738452399509260e+00
3.148225183381903935e+00
7.934483984688658342e-01
6.950225041544400462e+00
9.176388780405008161e-01
3.044917719492943764e+00
6.656923813835772030e+00
3.446497838390376600e+00
2.678216658899343905e+00
6.816766480459612865e+00
1.334215182362256114e+00
1.631151348091604891e+00
2.193673627863307107e+00
2.114338782630603042e+00
2.421933149357757831e+00
7.308082870765515437e+00
8.743889717107233839e-01
8.077261778665034697e-01
8.449090699351801126e-01
2.070052314093735024e+00
2.878577001046497941e+00
8.055139913068066093e+00
5.303172134900818513e+00
1.760916772763512661e+00
2.192942214967096071e+00
2.214947527992508824e+00
5.678720371577968606e+00
1.965308664923020476e+00
1.885036498743559719e+00
1.784950950981670337e+00
5.050623452908811650e+00
1.143334306852617832e+00
5.973247645555364471e+00
2.314771491855400321e+00
3.129528721920515011e+00
3.177414756438755816e+00
7.340099674486180170e-01
1.080253971433013271e+00
7.382674593282106734e+00
4.909746969363280478e+00
4.360148756470629827e+00
1.908046033371521233e+00
2.782899848796780873e+00
1.510024806523869945e+00
5.487189889838544055e+00
7.696628770995772584e+00
2.009603008695544535e+00
1.841424842205466428e+00
3.696814017471873104e+00
3.191955962693868720e+00
1.911340026013202076e+00
1.754309174999747922e+00
4.352767005322331961e+00
2.548657648580370694e+00
1.437296017147589700e+00
3.435971079820985707e+00
8.779621678637313797e-01
4.678087323890853355e+00
6.217849117511788926e+00
1.002839283814681570e+00
8.501809048518828016e-01
2.546581658341871446e+00
1.980866691936143287e+00
3.061684041858199201e+00
2.108645660020275869e+00
6.342948452306962359e+00
1.013747332985051264e+00
3.091518916362053560e+00
1.225187099852255601e+00
1.599316436438743549e+00
3.431918405773039638e+00
2.598145723238971527e+00
3.833589949750118908e+00
1.666758115403139673e+00
2.935983341282688563e+00
3.883528327637045141e+00
1.037935769116695894e+01
1.812728023334540195e+00
2.269587473565104041e+00
4.378128790675479998e+00
4.385408631204001928e+00
2.191915062705160011e+00
1.728035257877974962e+00
4.476640896723727892e+00
1.029469006777809392e+00
7.042000436551265619e-01
1.096739187575125785e+00
1.730531920256363154e+00
2.572907716386905186e+00
4.249942702661003935e+00
6.901808269767024662e+00
3.171073048694110774e+00
1.820756585808481320e+00
1.526908974093811544e+00
3.532840471565711127e+00
5.181366245168026907e+00
1.879660265971911937e+00
4.584527532501176061e+00
3.814707450802852229e+00
2.126972258770168711e+00
3.579920917348940801e+00
4.620121870798244323e+00
4.313817444045606742e+00
1.310902853770259391e+00
1.289079005178654036e+00
4.732159160838399714e+00
7.110181951791109789e+00
6.487792573185532596e+00
7.726625134653113403e-01
2.106840348797723639e+00
1.603364511427506578e+00
1.517047707226716335e+00
2.609577208661819192e+00
8.067575523672289250e+00
4.445200290172083513e+00
3.122901952958323069e+00
5.595807585120879502e+00
5.321220331933624870e+00
5.780453322412983930e+00
2.797088264285333636e+00
1.866222268632775849e+00
3.496004891645112522e+00
3.198300318600829861e+00
2.679785543783837820e+00
4.814375491443284361e+00
2.848813949300983861e+00
3.978736251373164112e+00
1.006560025317764673e+00
2.135277309208754026e+00
1.974291393050093157e+00
8.221308730823535527e+00
7.032176272036213760e+00
1.691262716917272257e+00
2.947419793891594253e+00
1.326138480154039678e+00
1.468089973462444187e+00
5.970259125955015733e+00
1.024475109401137063e+00
2.499136005770306923e+00
3.335393381310412408e+00
1.485689402147652993e+00
6.786476229546415162e+00
2.452352572601471437e+00
4.228570725791052531e+00
1.530750895302331438e+00
7.044889806167121016e+00
2.736118891252816709e+00
1.517897181080814617e+00
5.979982348081050780e+00
1.283765511811439719e+00
7.058700772114979927e+00
5.511509198255507336e+00
3.289423622085439369e+00
1.835016864411233461e+00
2.775941874151805155e+00
2.259109183431515344e+00
6.655256465605326355e+00
1.052773915179825437e+00
6.514800954938655408e+00
3.748366452901187529e+00
1.503946190044919584e+00
6.188073363442105901e+00
3.099448058904676451e+00
2.151953356740758938e+00
2.204313892626246218e+00
2.384116102078076338e+00
2.552661402902455023e+00
5.382140736299687589e+00
2.273406119271597969e+00
9.996926168800084334e-01
2.140472144253897202e+00
1.977808378439060988e+00
1.337519480275848327e+00
9.674883923707220390e-01
6.927828320728394162e-01
3.774731309466556439e+00
4.905407754854183011e+00
2.055195121756826282e+00
4.363921164827113230e+00
5.337162466100165759e+00
4.564054022453062132e+00
2.511069264793698519e+00
3.845193598297977911e+00
6.110111741835705601e+00
1.081037080092941860e+00
7.038334237403933713e-01
1.379089167838939201e+00
1.282115067081796234e+00
1.679470342898240043e+00
6.905372317331768706e+00
1.612710808129377060e+00
6.781304309849978118e+00
8.832249193827623746e-01
1.477287771050242560e+00
2.570186606197970569e+00
2.710371321145734314e+00
8.124757694828629306e-01
5.846373140557784787e+00
3.641633090137549544e+00
3.802209244698915303e+00
4.798270468191883076e+00
2.671776314979101286e-01
1.524765876219388527e+00
3.151931388827511782e+00
1.440864579782674681e+00
6.463902043766635686e+00
1.475801305024512899e+00
6.739911193014898494e+00
5.657216179199247463e+00
3.462412664523340844e+00
2.456494396234022659e+00
7.829887833272469067e+00
3.048731120885447510e+00
4.167165165783838887e+00
2.939888550554853097e+00
1.523720326324354390e+00
4.633044726328479079e+00
3.122713520864531578e+00
2.668750987823709675e+00
2.144492779166266683e+00
2.240312674515837710e+00
1.333289168987252360e+00
3.084774102798853335e+00
3.752516125919797219e+00
2.910534680283948461e+00
1.150386402265908714e+00
5.242030283198319651e+00
8.786758498402754469e+00
3.092491408076121662e+00
5.518435861767297723e+00
2.580104336726143810e+00
2.940865496785304511e+00
3.410693659481430995e+00
7.747987746687417854e+00
3.331998876450979807e+00
7.578678092201022176e-01
7.213966129946260075e+00
1.564905258008612243e+00
1.955325799642381179e+00
4.551374822507479934e+00
2.373645857516024194e+00
3.958307683673774058e+00
5.024990237535291726e+00
1.985654837541791506e+00
4.926831473298491026e+00
5.777202858025990651e+00
5.207019593603605223e+00
2.186665017206571360e+00
1.155950422007853584e+00
1.549544318589794356e+00
2.854270524473751180e+00
1.733449746289993376e+00
6.984703273827301828e+00
2.720389784628308938e+00
2.443829793535705175e+00
3.039100943992106174e+00
1.965072424355276182e+00
2.978634765211868540e+00
6.025774971931041613e+00
2.086300523361481307e+00
6.433561214495991720e+00
3.704034011997251685e+00
4.153868869377425277e+00
1.954170277822185442e+00
1.257880039424627672e+00
4.234335029817651197e+00
3.589612192371976818e+00
3.726993623867865590e+00
5.983320504041163446e+00
1.324469793066744394e+00
5.628990979351429225e+00
6.639071886818840085e+00
1.599109754370086511e+00
3.165196639820567537e+00
1.838770377048201121e+00
8.710260477932022516e-01
6.268335055554764779e+00
3.627867708017440407e+00
4.386439572610179027e+00
5.130616750441705065e+00
5.272622834026264194e+00
2.061568210700094994e+00
3.647810904145727839e+00
9.693107832034485449e-01
2.099634994299040880e+00
3.824577278800326052e+00
7.371653597341031983e+00
1.961393560436279992e+00
4.284576277526245036e+00
1.321667164674968475e+00
3.401861926710275430e+00
3.010979539609766054e+00
3.876693516493565195e+00
5.551355325787102890e-01
3.606275627514245574e+00
3.648329581368953356e+00
6.773385720551673650e+00
3.903692866551430107e+00
6.954125960125209893e+00
2.571495623134172348e+00
1.563586755545280704e+00
2.316925305065914431e-01
2.120357941090357023e+00
3.057750524466816167e+00
2.767295547246817922e+00
3.173681463242938428e+00
3.396750856102262350e+00
6.022705625704758425e+00
4.703990879688119131e-01
1.588051618461534309e+00
2.458783944125138898e+00
1.789292475324197884e+00
5.942473956421630454e+00
1.536215068626605840e+00
6.357167963722870851e+00
1.521166997907555718e+00
2.340900618542745004e+00
1.057057569527909413e+00
1.387004343263028572e+00
4.386799540264967767e+00
1.999743409967862817e+00
4.510169614882606481e+00
4.635619426035351154e+00
3.038156145962530363e+00
3.624566072479808110e+00
5.486935530852499632e+00
2.985788535904482899e+00
5.844971502142993103e+00
3.570507689992199918e+00
5.495083505405611746e+00
7.971411890274278100e+00
6.153623837768996907e+00
2.478690638858913164e+00
8.923238078163546749e-01
5.974822797656332618e+00
4.376098599942027434e+00
2.285423963496936217e+00
1.924054160358454002e+00
3.144254309416702586e+00
1.036646059635788930e+00
3.508266951807808010e+00
1.118931157962607781e+00
3.004754159287017501e+00
4.821691681771508975e+00
4.924228479468937714e+00
6.257846539064713554e+00
2.068604361823098703e+00
5.957635286112717310e+00
5.465708238845619960e+00
3.590603057301053891e+00
1.936358979404162017e+00
1.298918651714014549e+00
3.345028967078180315e+00
1.408000965886102795e+00
3.807775387016099522e+00
1.884983678729177603e+00
6.799757896624492481e+00
5.938197384120742939e+00
6.282814949760778811e-01
3.445572284618944714e+00
2.909259379232505438e+00
1.929959693676114529e+00
2.016550058023527381e+00
2.817821798050999416e+00
1.672903680216295763e+00
1.526427597872420439e+00
2.933484805651198180e+00
1.152466180946785546e+00
1.484826100803892990e+00
3.450865510045859175e+00
4.218973974623284384e+00
6.318447105360568194e+00
1.459260612004730895e+00
3.088722428448180679e-01
4.608572880771904856e+00
2.375232989785370119e+00
8.574161510095488214e-01
1.890046672327886812e+00
2.403449213256899863e+00
8.667253602624336306e-01
4.313482534741861052e+00
5.197333762656067613e+00
2.286945130110464852e+00
1.710351095405568067e+00
2.054396766275902841e+00
1.206688587108822874e+00
3.086960377983396953e+00
1.031241887296605819e+00
1.165321050046181028e+00
6.817707642431837245e-01
4.642301774237298950e+00
1.428659752665284000e+00
2.591493819819240318e+00
4.789192716869704824e+00
1.506362114967605415e+00
1.893751828600774401e+00
7.354794593721470264e+00
7.474562247225441602e+00
3.218659536173095859e+00
2.287021750425559219e+00
1.502081463410851248e+00
3.823480971774510628e+00
5.303069079395781316e+00
3.268274495593005202e+00
2.576109853635522029e-01
2.165591238589880785e+00
4.785233839128153477e+00
4.662156729072026273e+00
5.281174924664299830e+00
1.071132899196894028e+00
1.239081784402919606e+00
6.127578773097723364e+00
1.250128096384429899e+00
1.302614730764885431e+00
8.164235238961268237e+00
6.402414216239129541e-01
1.015976799907879702e+00
3.817738831337396110e+00
6.208275576682098951e+00
3.466187925051638974e+00
2.288014331354923492e+00
7.128347115651807453e-01
7.032997384105753591e-01
2.772072712126211425e+00
4.470323615738881706e+00
2.904708612847897609e+00
3.397530612116204551e+00
1.826003664958795403e+00
3.020380056979126593e+00
6.167225113206010967e+00
9.447885353232841066e-01
2.635726432658781704e+00
1.216203376996341845e+00
1.055988221501428681e+00
3.290974200358604662e+00
1.356012755755240606e+00
6.187374119428339370e+00
4.565137434173816011e+00
1.870077394084749711e+00
7.716247123332888869e+00
2.129857797680126730e+00
5.772423770389385922e+00
1.755195957880165913e+00
8.304499527823674399e-01
3.962599875344912537e+00
7.619048861688173524e+00
2.161395042822306767e+00
4.353885045343398041e-01
4.302208624453212948e+00
5.829272416382623945e+00
9.524987810033490376e+00
2.426135781543680370e+00
4.940270257353486905e+00
4.817982993475522502e-01
1.793635849855014675e+00
2.885106976855121186e+00
1.662013391009593333e+00
4.113645992253125883e+00
2.942596455612151995e+00
7.705326625944320940e-01
4.662852198071253618e+00
1.905983662571906656e+00
1.390243463098471244e+00
8.271251146529541742e+00
5.104608658751946137e+00
2.029594058786557298e+00
7.489131513966238884e+00
2.297501124857131316e+00
5.546861394263874701e+00
1.946956308613914111e+00
3.653128348912674905e+00
4.587341560114934325e+00
2.206845444375374665e+00
6.306010955383725136e-01
2.025969375009896822e+00
3.883562344200765182e+00
3.316379320071232595e+00
2.151275015958908465e+00
1.128120009436147431e+00
8.956761617645282669e+00
2.391390713935076739e+00
4.127119622934007914e+00
6.892174360320024284e+00
5.742378130114815349e+00
2.577731207933400714e+00
6.591367012076181364e-01
6.104425634259928124e+00
1.176886027009000912e+00
3.014719260637139797e+00
2.759056444093920479e+00
5.198881242945908809e+00
2.422555121941313949e+00
7.634841292776580746e-01
1.808165860579183493e+00
2.658101180260032503e+00
1.527528487678483371e+00
2.303903759457144762e+00
2.329251896242128250e+00
3.418331351552640118e+00
5.402624680156053572e+00
2.740285308597559588e+00
7.620706643572312089e+00
7.015200409721482622e-01
8.365838092735904397e+00
1.518931358422880962e+00
6.305568922027516621e+00
2.921735340410107629e+00
2.506156895854807942e+00
1.631153397139269101e+00
2.521790179207801241e+00
4.543771190936762849e+00
2.473043983234494814e+00
4.847221096632322812e+00
5.897489681357749980e+00
2.661717969397603412e+00
5.946414728317152232e+00
3.396914679406037418e+00
4.169567614512860843e+00
1.234279807090051362e+00
4.998092575589064168e+00
5.146431908474770056e-01
6.266901421863247945e-01
6.053262807797967326e+00
3.663649828425759924e+00
1.578117592708916828e+00
6.553217839735316019e+00
1.098783010501044544e+00
2.413120894293374175e+00
9.081549882101651594e-01
3.434767121764070175e-01
4.041407533796475882e+00
3.788163747724230479e+00
4.593793611836553659e+00
4.923629374107327372e+00
1.947871272192067016e+00
4.254441287505542846e+00
6.437152852916122825e+00
2.911839718513248521e+00
5.585115449767064533e+00
2.993073050091644483e+00
4.976334084568663663e+00
4.328596778381777810e+00
3.734826508538167666e-01
2.800202722023553914e+00
2.648631842636293587e+00
3.751997453687367479e+00
8.549077672372898951e-01
5.561335663448189415e+00
5.826385259161593666e+00
2.290920511076878885e+00
2.962975977489952673e+00
7.524585477953466217e+00
6.911869502173970670e-01
1.717676294039543361e+00
4.802019391480769173e+00
6.716658883675559188e+00
3.786007740174878844e+00
6.372385741670054671e+00
5.413994679323279158e+00
1.946680811230010466e+00
2.426567123080443533e+00
1.089490625167153892e+00
6.959658076621081157e+00
3.523641465174294218e+00
2.661647104215248305e+00
1.341270811829742726e+00
4.673410041033178253e+00
3.727633476698469561e+00
9.414891171534736092e-01
6.029815344275302191e-01
4.606133068372281869e+00
1.226751506937018066e+00
2.533596549062328673e+00
7.912010559852864944e+00
7.078894827863396522e+00
2.616824652195274048e+00
1.417608042380390510e+00
2.644616812404425144e+00
6.366390636797960134e+00
3.434085044893516958e+00
3.693830399922617413e+00
8.937458340556373448e-01
1.908842728988237702e+00
1.321718528289959727e+00
3.678949286501384530e-01
4.017476524972528829e+00
1.010309550631316000e+00
5.459905688005389557e+00
2.021818423078642901e+00
1.782849136940208190e+00
2.108230467904125938e+00
1.854480068645830704e+00
1.256163083285443127e+00
1.615642961171280589e+00
1.071371120988340975e+00
1.306873846175927500e+00
1.448385328820379847e+00
4.861846450846238454e+00
2.632712857090960590e+00
4.881576112117131938e-01
6.229032185665094978e+00
4.752536011097996393e+00
3.319657027333724031e+00
6.506318412573004473e+00
3.081505410399619116e+00
8.069269025125767048e-01
1.003302869748479331e+01
7.955076495229954858e+00
8.510894587236855102e+00
3.977400444645238786e-01
2.003102811487841972e+00
6.110999574201814610e+00
7.352880941213287835e-01
3.017297465719248173e+00
2.340508570224892004e+00
3.465228210410404852e+00
5.850210329103556539e+00
1.673976542898489406e+00
4.101167878358352503e+00
9.179072519876850578e+00
2.805464562313330301e+00
2.581789436752497835e+00
3.650758090128741085e+00
8.199148589867940373e+00
5.466726410253082591e+00
2.314314983242674373e+00
5.613111630243300176e+00
2.580787858085109576e+00
2.885239770771064638e+00
6.108543070742771697e+00
8.260063458643076117e+00
5.984545301902077341e+00
2.240076967571373867e+00
1.670136978901225033e+00
4.647005198168645101e+00
1.551802597045661258e+00
6.128087051350340708e+00
3.645531983689956679e+00
2.367313531014737293e+00
3.691555177808385046e+00
5.421210304769212840e+00
2.050521248611556047e+00
4.327106301362233509e+00
7.773992004650223109e+00
2.871972341909656112e+00
2.505440493602289820e+00
4.470447533524602335e+00
6.263909618246873423e-01
6.031392851739241223e+00
6.333446678588543932e+00
3.652289664376178635e+00
1.635923508886776734e+00
3.095420800696255803e+00
4.227494877582606669e+00
7.855561485230451169e+00
1.762817066906046781e+00
3.100443437797183677e+00
5.758102761890390831e+00
2.162228556718301498e+00
3.667859128567231064e+00
2.678416611689423910e+00
2.363528517386410233e+00
5.460065040921749713e+00
3.875948704596386296e+00
1.698395945343603941e+00
2.255805308561271261e+00
7.245740743862312705e+00
6.387435675361137655e+00
3.470115681373902472e+00
1.728932397083302597e+00
1.582421436965791850e+00
3.316670963787694770e+00
2.308480795623606863e+00
6.428278223412837278e+00
1.073901753547059412e+00
5.566233069463243588e+00
3.656648515048399162e+00
4.414254094456182109e+00
2.159045761883866543e+00
2.389169222484452515e+00
3.437315453380381580e+00
3.593715678192961338e+00
1.402053797289635861e+00
8.367324010926928679e+00
1.992951389517479521e+00
5.575823791099932869e+00
4.350954381702377027e+00
8.215501567062762689e+00
1.871092497966368562e+00
2.665038932367264746e+00
1.293381434563701804e+00
3.929585482464119650e+00
1.649227373373127747e+00
2.652119049300808662e+00
4.662005935903718701e+00
1.722159801527495704e+00
2.338284673556900728e+00
2.552979789170795488e+00
1.759485341207526199e+00
2.295018313296420143e+00
1.183144575848418256e+01
2.693098760935482616e+00
4.809639692583164816e+00
9.169796755378272213e-01
2.052834797729536032e+00
7.055021433640763284e+00
9.510479466321785091e-01
3.217886415918185694e+00
1.124662434808241684e+00
5.769839388377413059e+00
7.156445872213265114e-01
1.722931068694731893e+00
1.256584873761093180e+00
3.899040456186335657e+00
1.121686835565199658e+00
2.225249079873428126e+00
2.203291132189422630e+00
2.768655273406682049e+00
3.025681582055451013e+00
3.194795439354632727e+00
1.444305146519680783e+00
7.374987381550722754e-01
5.598155696783534196e+00
1.636954275800369007e+00
5.865209579163665587e+00
1.782919440511061104e+00
3.404625238765564887e+00
4.740772688454958583e+00
2.733383330510876341e+00
3.165255345693917199e+00
5.897512855787291564e+00
5.687070460984245734e+00
2.331964557905970903e+00
3.842071455403353930e+00
3.719319889551509828e+00
2.736925540864075579e+00
1.206720848780904909e+00
7.130543311146824159e-01
3.135689347075997446e+00
1.913919898150271637e+00
1.297389792962715394e+00
3.422935072811344348e+00
3.905455893695326530e+00
4.524435079030483919e+00
8.606012730337436523e+00
6.640814575682971288e+00
4.047204860688977668e+00
7.278747953931111958e+00
1.427703261518679545e+00
1.100603293985349618e+00
7.175692725256692661e+00
3.007095866073895341e+00
2.777545892398539884e+00
3.914565364411455750e+00
3.977828980384590984e+00
5.678406384333232637e+00
5.202137307197203242e+00
7.384989917951521043e+00
3.633076328387419007e+00
3.463638257852548197e+00
4.850203809614576755e+00
4.923428005235686022e+00
3.560178794959202531e+00
7.084196601890460077e-01
3.642271454706918377e+00
4.262230079943801542e+00
3.333498467758134520e+00
1.729845649132755181e+00
1.216139859473245544e+00
1.209304963114164355e+00
2.266976415813696022e+00
3.626691242461664633e+00
2.588440688242070298e+00
1.975527340296014289e+00
2.268771662605596706e+00
1.538927020706179816e+00
1.303744433920487555e+00
8.445420141445204587e-01
8.466196125980272047e-01
4.556079935912401346e+00
2.868803349562921046e+00
6.515440653751091382e+00
3.899256911785961677e+00
3.198039323204589501e-01
6.654081365424003858e-01
9.113804210284284224e-01
5.599203014866754868e-01
6.701571322278165432e+00
2.063421566556031372e+00
2.141240142771003718e+00
1.100589943195967590e+00
4.138928079244329261e+00
1.430354450637337793e+00
5.940559738358521358e+00
1.938479956207295851e+00
1.728928914997149402e+00
1.608198370312994063e+00
2.945707218760085233e+00
5.127864411466389605e+00
2.218018672578911943e-01
3.239888134323715363e+00
1.841486471154887061e+00
1.577802925248087407e+00
2.008158875268609922e+00
1.271696220451299375e+00
2.389262198224539890e+00
2.144862291301973478e+00
3.553000070517755127e+00
2.254828699377205314e+00
1.184348007771470757e+00
6.681689509020399598e+00
1.514204021372160369e+00
2.289770247257858049e+00
2.650029110807223809e+00
9.504527078682454277e-01
6.272558554668886011e+00
2.170251640036422014e+00
1.470645202075595792e+00
4.113800716759089759e+00
1.123591837862138343e+00
4.712518894790863833e+00
4.292011504631459751e+00
2.680205733565113491e+00
2.019936325718923786e+00
2.198127935026872315e+00
1.064980865804193710e+00
1.873900969448653253e+00
1.821547288808313070e+00
1.938659759382067138e+00
7.197626693840348366e+00
8.202369181076225590e-01
3.015670243164677355e+00
1.622868891969126759e+00
1.260112971688109873e+00
2.125052157843977163e+00
4.097285230523273647e+00
3.161467989751301388e+00
1.915169369455297588e+00
2.241031405231599827e+00
2.967252480615598653e+00
3.979293932612195661e+00
1.252651895948423011e+01
2.198619653852019962e+00
9.241576013779393861e+00
3.429205685195190867e+00
2.631514922634713649e+00
1.257102560421339277e+00
5.887463111570462537e+00
6.962554658503022909e-01
1.240078508750751762e+00
4.232106707174740023e+00
4.115738807167136915e-01
5.044180295237110201e+00
4.329916895156800116e+00
7.916888797012799905e-01
8.316137498784655691e+00
5.051738090657674540e+00
1.381245733145337828e+00
3.139041396495821701e+00
3.523303877557042441e+00
1.286558255955615238e+00
6.310156294847704572e+00
2.076402593349217618e+00
3.564394120951626110e+00
7.985555249292308311e+00
1.805686136588672053e+00
6.275787108056099406e+00
9.641415691984926539e+00
3.918898868262763013e+00
9.176858095477497201e+00
3.907917142014104561e-01
4.075824458393045191e+00
4.973458944024162776e+00
1.940702767573029064e+00
2.418741287460402400e+00
3.973217519588838065e-01
1.455948872777316216e+00
2.009152882034072274e+00
7.177515816632443979e+00
2.288466410987749722e+00
3.524504804286212156e+00
2.187521632083030187e+00
3.799621413936864034e+00
5.653970137292139597e+00
6.613469220091779954e-01
4.369716442869557405e+00
7.618273158133718859e+00
4.300956095124521816e+00
2.646967715364803020e+00
2.110703074208372776e+00
2.755239678514375790e+00
2.758671493852574930e+00
1.499552158765884213e+00
2.665721534898886080e+00
3.251722862727530750e+00
2.197207122933766854e+00
4.801145723444434132e+00
3.997736379390087524e+00
4.065051996545718360e+00
1.233943696943033519e+00
5.037251111027645223e+00
3.125231631488829986e+00
2.427973957255509685e+00
3.529625561150876667e+00
5.900903201368929096e+00
4.206114489518523847e+00
4.092187881624420598e+00
1.270536287938267783e+00
4.861583577069509943e+00
1.006364709620179543e+00
5.401021478113269048e+00
3.082169199278364857e+00
3.939748996855704455e+00
7.297200990447517022e+00
3.725767495313530908e+00
3.732356492516276436e+00
1.977505936975699541e+00
1.602011045188379113e+00
6.223470737614492876e+00
3.706388522495603688e+00
3.787156056030301698e+00
1.764450601229032634e+00
7.869755603883020534e+00
2.344878395297602669e+00
8.658316337990107359e-01
1.605080111503977003e+00
2.921334258767099623e+00
2.664134145676793519e+00
1.265924431830114161e+00
4.564647340131094744e+00
3.365139328780298200e+00
1.055188588366417823e+00
4.832038658805368314e+00
1.302584902559883240e+00
8.570088127386330523e-01
7.232423368473487990e+00
5.998178507374193558e+00
6.136756251200277568e+00
3.090714534037075634e+00
5.277838238459426456e+00
5.843961148016370011e+00
1.708902020475618233e+00
7.298885823880123525e+00
1.268701660140528986e+00
1.657944787698029332e+00
1.847035925068763351e+00
4.242776917903134049e+00
1.289556988431628248e+00
2.651271257944151749e+00
2.457375197608747008e+00
5.486443401183546342e+00
6.668738681446280125e+00
5.129604247661113670e-01
3.785515071615704219e+00
8.231413805039879961e+00
1.872963940808237693e+00
6.062263543526273502e+00
3.530617005680334763e+00
3.366783822946014748e+00
2.809673311908512883e+00
1.139574090615103152e+01
1.774163786581240743e+00
4.237020084363151362e+00
5.709191259737466773e+00
3.505258638642085423e+00
1.378002008394203504e+00
1.508525964104023620e+00
2.048791843762990617e+00
1.322859421348742126e+00
1.083968225838758848e+00
1.735792504060879038e+00
3.488090680244966268e+00
8.286402512814254884e-01
7.557878896462075780e+00
2.137553991578185819e+00
1.106688889157980471e+00
1.892668299410709354e+00
3.738909395992141338e+00
2.308301886944141845e+00
2.169651267698543329e+00
1.968495478904395579e+00
5.824155986893174708e-01
2.766970989833262617e+00
1.249173242522706451e+00
1.875998741737010089e+00
1.148789116155911838e+00
1.609772394374187510e+00
1.974464422481517989e+00
1.533408877239213153e+00
2.110605915745378702e+00
7.620941084332454096e+00
5.322384727846278807e+00
2.275615829661040479e+00
2.525210686984895592e+00
1.365529779064631022e+00
2.628802688997848414e+00
6.051624869626665237e+00
2.554546187906399535e+00
4.549184477455521680e+00
5.845489350734934142e+00
3.027161018873679943e+00
6.185676070733410192e-01
5.788053626741722635e-01
2.619011756015471537e+00
3.426913334698059366e+00
1.236324669204764026e+00
2.917945004487699112e+00
3.821444935602338777e+00
2.227009505197135919e+00
6.839787949492333041e-01
3.453122493048195629e+00
2.994982801083078794e+00
1.787018520408810041e+00
6.277131034541169718e+00
1.698652558644415445e+00
2.387872256066273735e+00
6.466085049067174850e+00
4.099950620846030347e+00
1.346295802159519939e+00
1.890153828553586601e+00
1.704913651947917330e+00
4.300352814259505330e+00
2.397508989711047089e+00
5.189618838054395056e-01
2.121133307181395811e+00
1.973788326592406106e+00
4.284789558186856695e+00
3.591916324205509436e+00
6.503327337406266118e-01
1.463610538798651550e+00
7.028764820034290040e+00
2.342950939535249688e+00
7.036943207738374007e+00
1.916817137307073926e+00
1.307976273174917159e+00
9.077491433860556569e+00
2.885235589650493537e+00
5.688822007622964527e+00
5.167964367650756508e+00
6.092993241961442763e+00
1.339199866785476756e+00
5.301685410280554400e+00
5.775571442962848856e+00
1.416395229871427075e+00
3.193142266241246752e+00
5.653670776233983730e+00
1.271724244424037087e+00
4.044753963133480568e+00
8.445469826097673494e-01
5.002472926631126526e+00
3.294143984474441567e+00
5.706364272089751166e-01
3.462924194135619249e+00
3.590935861780028659e+00
7.115952882494331888e-01
2.398614929529743645e+00
4.737240633278280710e-01
4.199086381731553352e+00
9.004210659231571823e-01
3.666730411684548052e+00
4.190928110316752608e+00
1.008547422403253124e+00
3.123416995309958644e+00
2.525588387090195397e+00
5.896328884238767998e+00
6.802685014118735607e-01
4.735231490114800934e+00
3.313822678354680029e+00
1.188302626313943788e+00
6.841014204121431241e+00
1.192854535982594166e+00
1.536412635338326282e+00
1.518850466174987535e+00
3.813941216139510981e+00
4.632293161611468868e+00
5.642708133657633240e+00
1.592958671357882938e+00
3.177084754784352594e+00
2.034070310745053067e+00
3.452284883845683439e+00
1.225247974968258546e+00
3.651361375793985342e+00
1.636034908534775623e+00
2.467209937764714756e+00
1.939424739329547176e+00
9.533349564459441261e-01
1.371511555434939522e+00
3.558905821642808220e+00
6.939071853365246234e+00
6.752918444847139767e+00
2.959431967298223665e+00
6.593437927490218620e+00
6.722307150087429850e-01
2.554627943865775297e+00
1.020077644971683073e+00
2.642593903424935942e+00
2.345060651557472564e+00
3.462289519393025650e+00
6.005525885785918838e+00
7.604311130980534461e-01
7.474668891757090705e+00
5.146899029151826843e-01
6.907337193253980878e+00
1.509021556405562459e+00
2.790912413933572367e+00
2.547340965211263963e+00
2.638601474511494072e+00
5.860831955433173590e+00
1.244809977998185158e+00
1.987234493823911041e+00
1.047064445737901917e+00
7.081134843711827109e+00
1.386193293160290496e+00
1.329522528137899950e+00
1.199483934980849931e+00
9.461773069625065702e-01
6.028515137190508355e+00
5.284489144982245534e+00
6.086907736708107031e+00
3.093198728430590627e+00
1.003886032154641050e+01
1.222557281361313475e+00
7.359494926065085707e+00
1.981951003608014572e+00
4.315266413609824880e+00
1.516054097680424428e+00
6.832882223079044692e+00
6.285632977216745187e-01
5.579854014406885554e+00
2.073759993694330728e+00
1.955573809151920361e+00
1.967103044084076213e+00
1.136806385490837457e+00
4.442127113120982074e+00
6.062768455374023979e+00
3.667801034012848405e+00
2.438566625004605637e+00
6.497986991301666571e+00
1.038231393408380221e+00
7.297828016103109050e+00
7.492684267497787154e+00
2.367769003904027336e+00
4.292806637453194796e+00
1.366182887213886810e+00
2.634925338323153010e+00
1.894324875089483218e+00
6.030992390208609777e+00
6.563645620744649190e-01
2.910107507951686046e+00
8.649095734692982873e+00
1.014397099424298565e+00
2.541971173240513249e+00
3.251609314978951115e+00
1.864650443241258948e+00
1.563774557384399078e+00
5.530541334974909518e+00
2.399537884158905232e+00
2.582304726136603890e+00
7.005304067764162923e+00
8.418700041878585338e+00
4.295453403097519107e+00
1.054389927598465615e+00
3.372586572384520309e+00
6.802295939255033730e+00
2.020731963011217491e+00
7.919827732127051156e+00
3.499302281542243431e+00
5.320946675031724027e+00
1.352081350859178910e+00
1.043617784568030782e+00
1.691144887239469652e+00
5.385201312178023336e+00
1.210378138254600611e+00
2.604655223809325904e+00
1.214837226308380425e+00
2.150366636493202144e+00
2.937392778768756152e+00
1.132177590793226107e+00
1.829545971422028350e+00
3.873545488984017737e+00
2.122928559550194993e+00
1.011027406605740309e+00
4.432545357016232757e+00
1.002959429573601957e+00
3.115772439060972232e+00
4.099533776492633841e+00
6.028649280678400224e+00
7.681793540567962708e-01
2.118510938345112837e+00
1.965713195405282665e+00
1.979804155112943054e+00
2.322823279568358767e+00
1.425153727880124954e+00
5.886330316671085638e-01
3.636099283954778549e+00
3.615608762055265935e+00
2.018219253624646270e-01
3.853405077210227514e+00
3.898550154916062382e+00
2.482625680040045690e+00
3.368011379351596890e+00
3.563098421222232304e+00
3.511221649478143636e+00
2.381170909048226481e+00
1.769974208197240495e+00
3.415017840536326954e+00
5.306514899481443948e+00
1.402881958529648143e+00
5.783151727123997610e+00
2.281478041202552376e+00
1.356405199689993735e+00
7.624233226145993747e+00
4.801849227661782571e+00
2.920317235790456767e+00
1.695396050491388307e+00
3.525800930527863475e+00
1.375178625481082495e+00
2.581263413777594273e+00
2.376262486783086381e+00
3.529722148685783267e+00
2.507609163098237559e+00
1.623104547715335633e+00
1.471623919288826965e+00
6.747546937709740789e+00
5.247538080112456704e+00
4.214586608856882854e+00
2.721253993071057753e+00
4.951905164342646160e+00
6.601907083202259718e-01
4.376715553475632348e+00
6.490644630551808625e+00
7.950556520602752864e-01
1.628293188547705661e+00
9.535837011206800273e-01
2.847344845408312786e+00
2.374065398453070408e+00
6.023441146502974242e+00
2.203030356160967429e+00
2.977557767214721096e+00
1.895713218460884697e+00
6.899119072041052902e+00
6.708881895581980004e+00
5.630546781681650792e+00
7.620408073087429734e+00
1.057716336100412269e+00
3.341129810404188660e+00
9.190496606239807464e-01
6.997049608709678958e-01
4.028744536168161972e+00
1.520206488766153718e+00
4.050601547767886501e+00
5.374527288032612260e-01
3.264498814528096649e+00
1.631078366565763105e+00
1.490888174588454129e+00
1.673993879662438733e+00
3.515448750635397968e+00
3.740837105630623327e+00
4.308463230197167704e+00
2.322560866057608475e+00
9.154860656671774954e-01
2.490458711972610040e+00
5.277360504475942626e+00
3.162939144394223856e+00
1.187322701088072918e+00
2.743964649354219354e+00
2.838032036179252593e+00
1.085282414253545324e+00
2.107099657469050591e+00
3.378821708247121691e+00
3.637832169195087229e+00
2.439173987788317621e+00
2.228295015657563383e+00
3.348144201259590336e+00
8.190005799651698837e+00
1.362748336579071129e+00
3.964056552456703297e+00
2.408413789506824276e+00
7.422042386055012209e-01
8.116522957230058566e+00
9.109509983383409226e-01
6.358517923548318684e+00
3.596698133927931806e+00
7.273888078200191343e-01
3.193765517754494798e+00
1.326028045058125437e+00
3.789602539503381884e+00
1.628084765052112859e+00
6.331913156509124674e-01
1.056431481923083560e+00
2.856791528832285820e+00
1.215102151848887146e+00
1.035919390168839271e+00
3.056304379708918439e+00
6.848123996054635398e+00
7.465578168292026362e+00
1.117944544105431870e+00
5.202018212761619687e+00
7.824412197730808316e+00
2.031030961303988747e+00
1.303727446309049354e+00
8.334239781170051486e+00
2.576599097125585658e+00
2.175114390616789350e+00
2.438938428876571418e+00
4.350495073324879947e+00
8.080243126475452620e-01
2.155763888239508930e+00
5.736839829224178011e+00
5.044512422129687756e+00
8.264533611049238004e+00
8.654926300960251728e-01
5.083181295393295329e+00
9.088818789916249807e-01
4.472603805175659808e+00
2.787775944282120388e+00
1.515058509618384841e+00
5.048255485453577940e+00
4.291799566151623502e+00
1.913152183543041174e+00
2.599215385421709268e+00
3.079991358732871998e+00
2.882603946442318321e+00
2.192143227009688555e+00
1.642049903332587935e+00
4.215767747907979590e+00
2.820099050765208837e+00
7.571621944663684545e-01
1.053640920560599215e+00
1.024435957045772838e+00
1.657135822077994813e+00
3.386073954362248895e+00
1.502375998288757897e+00
1.903080344444519012e+00
2.769339315443875904e+00
4.269890386234531654e+00
7.095714871983907379e+00
3.363270230972997599e+00
1.502399033735945633e+00
5.639598019248225569e+00
1.031975926264205334e+01
2.140552864186191950e+00
9.657358976006830131e-01
7.430663164114866603e+00
3.734738760897996279e+00
1.279416878689950021e+00
1.748306197988254596e+00
2.189320523883455216e+00
3.847697964959153172e+00
4.771089323992301345e+00
3.017133145929046467e+00
6.842065955419549539e-01
1.978982230237034345e+00
3.366599342121992411e+00
1.392121725916999786e+00
2.237817933432020290e+00
2.818891078717980836e+00
3.097798031656643136e+00
5.284239331085130331e+00
2.287223227772864576e+00
8.230443106035860712e-01
5.131034272479612079e-01
4.529102522761765393e+00
5.373411493049623289e+00
7.579718844822325607e+00
2.296368261895075147e+00
2.323947073594129886e+00
5.733748569193502398e+00
1.289348363777775841e+00
3.166719032490806995e+00
3.881799202067917953e+00
1.167987246112203392e+00
6.081801365657778291e+00
3.208677273085506876e+00
4.955693730539228348e+00
1.092648778277054200e+00
1.924883146141417756e+00
6.353561613204797176e+00
2.385126019279580678e+00
2.669140026462664128e+00
4.824221224794814411e+00
2.383315683156424392e+00
1.744856043705158566e+00
2.932490974940978212e+00
3.485409281823260152e-01
4.214364002716304292e+00
6.147606260546779389e+00
5.720016874739376256e+00
4.429052612065410344e+00
4.451028797740796961e+00
2.006711128728714488e+00
4.020804854241188941e+00
7.620080561542678765e+00
4.852587529101937136e+00
1.428476795077421535e+00
1.003689159842287015e+00
5.209338709710868542e+00
9.468135084819612191e-01
2.606202150321395461e+00
1.841266721866638312e+00
1.915039943931988953e+00
1.284159593669657706e+00
2.167477546115045062e+00
6.799644422012101508e+00
1.732998318213564204e+00
2.211634869578890772e+00
1.659120851268006458e+00
6.607908916786493947e+00
3.406000282053576633e+00
1.439586989742093648e+00
3.100336759167377831e+00
4.884904724136324816e+00
7.993620612277966275e-01
2.762990543163760027e+00
1.701842607218348791e+00
9.222425087710107716e-01
3.117948989378644509e+00
4.037208115679677078e+00
2.375062777196904840e+00
2.417153434514430987e+00
2.495195007864444481e+00
4.624274410108417221e+00
1.562252126147861464e+00
2.473786998103188139e+00
1.791231467200576022e+00
5.911219252044040751e+00
1.152938747715585910e+00
1.473230626991457015e+00
7.813695913665117398e-01
1.780481826006599100e+00
1.274568196423470523e+00
1.990747866070655459e+00
2.169922062200081214e+00
9.483962118341244807e-01
3.802623918962917404e+00
2.807811899266920541e+00
8.181528173735744147e+00
6.414813603003728382e+00
6.898266354768605169e+00
5.183855129818537577e+00
3.521266071793090813e+00
2.615451532301650062e+00
3.797493058007904487e+00
2.513971965906674377e+00
1.171570821618275637e+00
3.515377992074965707e+00
1.228072982293598958e+00
7.450800496484500712e+00
1.051932179179293314e+01
2.792124016860813018e+00
1.153534026955153280e+00
8.174256172262638342e-01
1.618787265074748127e+00
2.298587986893348312e+00
9.047211824942554825e-01
2.311309187639335239e+00
2.066320430572675448e+00
3.585122904231577312e+00
5.510878938228206403e-01
4.336813175661792918e+00
4.095152577528838655e+00
3.335830691561799011e+00
5.735884897746045041e+00
5.022901229218637020e+00
6.400959243355432093e+00
3.535167595404538066e+00
5.485864689212399448e+00
2.232352378597941556e+00
4.497048635772920910e+00
3.351731951326159198e+00
5.653522342567056214e+00
2.351226981552533013e-01
1.161998409735145010e+00
2.147224373189346447e-01
8.621609947054416079e-01
2.147694078513971316e+00
4.390319011200438659e+00
3.491558400230829307e+00
2.479821096279373638e+00
2.582044399801568080e+00
2.111619162863847876e+00
4.520952174317029448e-01
4.859688383377748444e+00
9.320507633027148575e-01
2.363658491037066600e+00
6.266136013670608129e+00
2.428026374907482410e+00
5.024515018309812397e+00
6.277276202323480270e+00
6.370862537275409743e+00
2.465510571640131321e+00
2.628463952147212623e+00
5.275229047719479425e+00
1.865774837939839115e+00
3.275363759841769529e+00
2.038789774196030358e+00
1.907760157807246948e+00
5.025061824196680682e+00
1.979510583155983605e+00
6.859983651082318445e+00
1.597835659500692840e+00
4.232981477554097260e+00
1.912221929096335371e+00
1.389667078394211774e+00
3.792867840548760583e+00
4.156200962537705657e+00
9.104528400997836002e+00
3.929915008432041668e-01
1.745431443413182127e+00
4.801240914327144504e-01
1.455625071180473018e+00
7.794487580751335187e+00
2.720937385859711455e+00
3.713589009108944516e+00
3.813988711534442189e+00
7.061817873281095004e+00
3.954117476214904947e+00
9.191560650576667824e-01
3.972452002581891684e+00
2.056669072969667500e+00
5.026420962206665344e+00
9.277003854188710097e-01
1.255439112944110036e+01
2.842886232099613331e+00
1.005600767801093864e+00
3.660061992438275347e+00
1.429612376155755760e+00
5.276206558501486121e+00
6.013713387861080450e-01
2.460207498298287554e+00
1.048518419192143503e+00
6.178863667347292754e+00
6.409815793197003231e+00
2.372955825918250383e+00
2.594681439103690312e+00
1.070196533167443009e+00
1.120128980073736180e+00
3.328910441755779548e+00
1.404147636370314034e+00
2.950730301517792142e+00
8.815639114249966823e-01
7.226103879510218375e-01
1.247021018310829232e+00
3.831068472979573869e+00
2.576887007163375376e+00
1.984395455269314823e+00
6.918796822760284293e+00
4.381779713386812602e+00
2.381267559636060405e+00
1.846927083647837309e+00
5.428700734937270234e+00
4.927870593029446411e+00
9.550912065140189089e-01
6.230544189097474650e+00
2.545052431388718173e+00
1.025568672756981492e+00
2.108240584014188013e+00
1.354684150683765020e+00
3.836817096157159934e+00
5.951508652449056802e-01
7.960029849008363634e+00
4.409463382777213170e+00
2.971053119340849591e+00
1.212787354030371745e+00
3.063950387939129438e+00
1.102999965244424674e+00
4.518015620324280945e+00
1.519965343124455526e+00
2.783885803244734891e+00
1.863572362889664769e+00
2.649748516339995863e+00
1.116343500506858932e+00
9.799294625855226926e+00
9.540644671343702754e+00
1.617360145332046084e+00
1.943887900227847743e+00
1.554696000143665158e+00
4.097498086009079721e+00
3.889692512891693266e+00
6.062676002546580456e+00
6.958918880780432303e+00
3.568486433157182169e+00
4.865918831429929092e+00
1.727530497422571143e+00
2.771539375303853525e+00
6.256750278318329528e+00
1.424481637790079747e+00
5.130707399962048498e+00
2.090524341805899855e+00
3.421918047309615574e+00
1.587721743466814273e+00
2.326647337783648517e+00
7.962988981642601383e-01
1.275139173512761959e+00
5.145385815081616521e+00
1.825190060687828408e+00
6.556993025058666547e+00
7.812152062157662336e+00
2.630495158010577761e+00
5.979642070518445429e+00
8.021654676554041963e-01
1.886086182808138556e+00
9.609764502197777336e-01
2.607575244327353214e+00
4.141181255377239800e+00
4.434936636208037797e+00
1.794682639369980237e-01
2.272719641833902404e+00
2.937179332527982023e+00
3.561955952481084431e+00
6.038348339851205893e+00
2.872186037480939813e+00
3.908501088792391442e+00
1.340540893962220759e+00
1.121283253687747727e+00
3.929619286023924740e+00
4.097437995689875656e+00
6.093699315659178772e+00
6.524396324950401116e-01
4.025723081268115067e+00
7.795948040324929273e-01
1.207430997826346886e+00
3.904729624205307559e+00
2.840360065790764832e+00
3.853847094564109454e+00
1.081483611263242217e+00
2.373500872573971687e+00
2.505265216490061064e+00
1.786364124458675207e+00
3.094293610164893238e+00
6.861404069084847457e+00
3.250411273635750220e+00
2.385850123765540953e+00
1.497951037037041244e+00
4.486178305879010786e+00
2.853065243958616826e+00
4.827640071894714779e+00
2.864763499411469905e+00
8.266007100235054139e+00
1.902971399839826772e+00
2.094631867023816874e+00
3.879605884052888864e+00
4.847332213595991313e+00
1.545731808762208059e+00
1.055476143761534980e+00
1.644270128435995515e+00
5.951562186039143221e+00
2.617472534083304492e+00
3.409392515735718998e+00
1.995447772272891163e+00
2.273924938192891432e+00
9.590854880162266838e+00
7.390398162416956573e+00
6.668706709936492949e+00
2.414088225626507267e+00
1.716645269665550977e+00
1.626010947319587174e+00
1.557599508905527230e+00
2.620783460514005903e+00
2.582519389215453209e+00
3.525049056814425708e+00
2.909863121641861561e+00
4.961392223116168232e+00
1.021686984327037884e+01
2.510189513448454424e+00
4.108805839342164923e+00
2.662773301840097417e+00
4.324661367644742960e+00
6.394765209834602615e+00
2.987371395454247125e+00
6.984874526221996227e+00
2.438647178542671767e+00
4.018265649001379280e+00
1.609902128168804181e+00
3.077014563526931035e+00
4.066483663146538419e+00
1.890975003755757999e+00
3.055939975355962179e+00
4.036478878009573279e+00
4.167003201627349718e+00
3.819401032205655966e+00
1.346803002015772632e+00
2.389915319898741952e+00
6.009714131280912142e+00
8.348376085125149615e+00
5.421598665947013451e+00
3.815210313007776133e+00
2.660826313164474932e+00
1.133560515965722937e+00
8.451901745479415418e-01
1.498802057602947935e+00
2.130490110038574691e+00
6.661963019723807555e+00
1.710661171272565229e+00
4.356471909845745394e+00
1.737235243557190056e+00
5.556075683493646444e+00
2.641469922023053307e+00
9.324709730900329063e-01
4.933474876766076100e+00
3.725626526486835566e+00
4.751152467536145174e+00
1.350387600311172998e+00
2.878004809826894661e+00
6.947217287085962312e+00
4.524758971287262455e+00
4.287481462054773651e+00
3.184626312426714012e+00
2.298271633530832414e+00
4.324589667667417814e+00
1.560181042274502161e+00
5.697345926360423141e-01
1.450023206648711760e+00
5.476110453541926049e+00
3.344129039070161458e+00
4.373922569518184922e+00
1.996393521175938490e+00
6.673400585422454512e+00
2.524896132880878330e+00
1.288759039987229515e+00
7.119755173875598864e+00
1.881839089537406862e+00
2.848738086600308250e+00
1.951736903606835050e+00
6.902201771396283547e-01
1.903631254575308240e+00
2.045127941627863155e+00
1.938238097282312555e+00
5.014173985014931390e+00
1.080140615067476828e+00
5.625489695432898785e+00
5.401253809281879370e+00
1.463632445287263106e+00
9.822860146527253589e-01
3.981407527861784867e+00
6.113129526804685909e+00
1.243783146750504942e+00
2.579259850331224069e+00
3.398813622111530819e+00
9.696617477914687422e-01
3.054855458681662306e+00
2.942502321467308946e+00
6.225720959529384757e+00
3.136481864164740507e+00
1.032623657344531987e+00
3.601579809045621694e+00
5.991051157290840479e+00
6.729569464011776248e+00
5.414375811109014336e+00
3.053354065405044171e+00
4.010313182470144788e+00
5.338479206553079059e+00
1.590733581527743468e+00
3.092933104928765164e+00
9.421088173359120077e-01
1.792063821995656170e+00
7.047095722338797330e+00
1.705129033115359238e+00
3.168359544800214866e+00
2.160367430006926437e+00
2.652361304888659621e+00
6.818364080244211145e+00
1.393648462095118834e+00
1.766580157633052428e+00
9.096604912851740110e-01
1.796323190004354808e+00
2.995049255978265101e+00
1.120866551085281770e+00
5.274240559705176246e+00
1.206660556937005024e+00
2.920172140859536025e+00
1.230525637639046099e+00
1.285749992521651119e+00
4.998235180370894426e+00
4.276093829444969074e-01
2.516713763664856440e+00
1.418140339765999958e+00
3.769315579798921956e+00
1.731705326750288654e+00
2.225326556347198448e+00
8.591043132288692874e+00
9.012645238328632402e+00
7.789210792352919910e+00
5.364381683087913189e+00
3.087016537262712745e+00
5.600817938579854882e+00
4.877508677221403133e+00
2.780508004520582332e+00
6.021797282486781810e+00
1.687158559197789565e+00
8.033159317641669350e-01
4.423332350152489489e+00
4.538542191490148703e+00
2.691188614638709176e+00
1.389433161075915635e+00
1.680692590753877891e+00
6.969004034397019431e-01
1.220796182468322222e+00
4.424555680968297544e+00
3.365249637847080422e+00
1.639705144585473784e+00
5.668588378691821639e+00
5.512656620910934002e+00
4.837824697487933534e+00
5.969455187120190409e+00
2.331976512319782646e+00
5.658831780282231882e+00
1.433139476074028584e+00
2.560440094436283509e+00
7.772964130208750433e+00
7.332591484859856124e+00
9.145495682902493595e-01
8.833843742262947885e-01
7.416866394181869104e+00
6.035103467838224489e+00
5.990744431824487570e+00
1.433341999485960416e+00
6.294317093282473685e+00
5.084420197964610644e+00
1.001740913037868053e+00
1.546666229247765978e+00
4.179814384392328108e+00
2.311394560049476077e+00
3.716099434169900739e+00
7.886292641345593601e+00
1.443296600092302651e+00
5.360032507542010549e+00
6.717914206689014067e-01
1.317764140480107926e+00
2.714878265885114050e+00
1.171643553668742621e+00
7.378844114512176589e+00
2.255786337396588070e+00
4.686133350722925250e+00
6.827140163690295971e+00
9.025477401683128065e+00
2.256398602666403796e+00
1.235361997437553816e+00
2.563667824593177880e+00
1.567288799265984078e+00
5.462733412639390274e+00
5.687927352138885340e+00
2.419913318895611898e+00
4.145270710261963032e+00
3.877229532166460935e+00
1.154575194869756904e+00
3.836597586004057092e+00
4.012285947901775285e-01
1.310146410414001483e+00
9.226245867674526258e-01
2.408790756643095499e+00
3.839566408426785316e+00
3.688480616721477201e+00
1.846045433502573330e+00
2.605695770256310606e+00
1.461641726612264158e-01
3.153509854916840993e+00
2.754522225302836080e+00
1.610435150812572047e+00
5.984083311212688550e+00
5.148261905133369787e+00
2.436426453072549680e+00
1.488931036907316541e+00
1.907327040236712179e+00
6.488107348877219849e+00
2.178190173146669739e+00
3.677813517932809528e+00
2.108549905166143379e+00
3.837166165505222271e+00
8.767022649164046832e-01
4.703625960737285894e+00
5.073684025375539086e+00
1.866745021764989687e+00
1.199758409410057958e+00
4.132831039471920320e+00
6.722921061960803080e+00
2.485665487048538846e+00
6.580389167900007052e+00
4.915233547677887671e+00
1.140998641444027850e+00
5.541661618680132406e+00
4.547224524202032825e+00
5.635896122384936868e-01
5.773171966544591527e+00
4.652604600765893217e+00
1.016625253084820990e+00
1.278949265892723508e+00
5.044568123501508294e-01
2.725773610439945926e+00
1.510325269038392149e+00
1.417880104627714744e+00
5.293697345860487680e+00
4.980157561022769963e-01
5.939878858862615907e+00
1.690773726399201760e+00
4.457349033351418299e+00
1.981951011270888685e+00
1.536386849320449999e+00
2.071501972363035460e+00
7.508952374309852962e-01
3.406106612616039531e+00
3.869669487404107766e+00
3.139075652652458359e+00
2.967423413145061639e-01
2.689063224269474084e+00
5.499363321837356100e-01
1.766305609728459292e+00
4.429244558006815602e+00
4.053790327711797481e+00
1.380633743923146639e+00
1.283384376984193720e+00
1.055653862215417904e+00
4.957145098587417031e+00
2.643366285580329489e+00
5.515014531770717099e+00
5.928372945588005205e-01
3.848307741296194795e+00
5.673197271796313501e+00
1.218753038471447780e+00
1.984509926923316847e+00
2.869175780004330267e+00
2.208500600293301641e+00
1.888399495480106438e+00
2.698063199189066008e+00
7.472558082958641990e+00
1.495141763260994683e+00
5.812474434297522308e+00
2.101904946350456882e+00
1.272935825283289413e+00
1.645302224738998120e+00
1.115858404002376680e+00
8.358399994023297808e+00
3.151331405613400083e+00
5.477061293883987325e+00
9.643877376628163800e-01
3.172898582180258220e+00
2.631065834316577590e+00
5.661784361455271863e+00
2.547267654051057040e+00
1.960181002403961648e+00
5.561912834358138547e+00
2.452546668634106641e+00
2.668276857683926639e+00
3.012829338942552670e+00
3.328893371618706354e+00
2.125348948799124837e+00
1.767606451999602868e+00
5.158786400956191009e+00
5.763346602073879055e+00
2.469547067692236197e+00
1.962494863664945077e+00
4.337234702783516305e+00
5.370953619588431316e+00
6.139006710047382853e+00
6.886902280280708943e-01
7.901674930175199840e-01
1.870654919508905722e+00
4.804141411165919529e+00
2.318623541793658926e+00
6.119806540027885156e+00
8.740512504836576158e-01
1.675292058709898724e+00
1.446275732459259666e+00
3.824544441648083382e+00
4.415042109046512842e+00
4.422197570617538709e+00
7.679140676226491102e+00
4.117364268442455177e+00
2.404200930910692868e+00
5.882552027831821739e+00
4.401617487493841629e+00
5.926835073358950545e+00
7.417708224697141528e-01
2.056924035924663663e+00
1.655736203667103279e+00
6.607741532207977109e+00
5.984619224382230485e+00
6.169776603008686466e-01
5.779329339248118202e+00
5.513238230840625143e+00
5.826988931707648867e+00
2.490062870219469371e+00
4.085276363396427968e+00
3.979832689539631208e+00
5.256109359207478349e+00
4.412498066561593824e+00
1.408161494760837407e+00
2.566719369627786573e+00
1.218939816952539612e+00
6.577189053589687084e+00
1.645944263665308771e+00
3.460358915312147676e+00
1.731140177629350019e+00
8.690906818387110988e+00
5.377015305538178858e+00
1.126953584905933559e+00
1.628248850464715458e+00
5.849595222838213537e+00
2.534090771943566356e+00
2.841185463819083434e+00
3.476554724128548379e+00
2.267456511101026084e+00
6.943367634812888767e+00
1.181914307517190066e+00
6.494330848533389045e+00
8.209057674135285865e+00
2.354973702347920028e+00
3.343675154606277733e+00
3.128115356242108458e+00
3.310959076919007593e+00
6.889934412492058069e-01
4.245619260455613997e+00
6.678701934047181155e+00
2.192006712039218375e+00
1.213735745704735303e+00
1.191280330670389409e+00
1.869681804612510767e+00
7.716017294300118401e+00
2.865391358711844028e+00
6.298257114437157966e+00
4.803021607183450392e+00
5.201413214614778902e+00
5.461173801573863784e+00
1.865808113479401564e+00
2.057797222143032734e+00
2.100388906775042752e+00
6.360810712568367720e+00
5.604373225803726655e+00
6.173686428372212376e+00
2.517354566086067003e+00
6.232376399204401229e-01
6.216003325057574358e+00
8.386664856946757229e-01
7.165169766144627417e+00
3.078323832440565067e+00
1.499696332540845889e+00
3.291437164354108713e+00
1.821322800328850411e+00
2.549462178812693658e+00
4.089878375781649922e+00
7.771776934953716909e-01
1.776138490553863525e+00
1.730563493106896056e+00
3.689561907165240573e+00
7.021251394287606473e+00
1.770780584601307828e+00
4.727313167461458798e-01
1.325251682615746107e+00
3.985343982903781335e+00
2.412520456581036754e+00
2.163353275935734121e+00
7.231599642236710146e-01
2.041641477344819933e+00
1.841854184655273396e+00
3.215336323832250542e+00
2.454029235435757794e+00
3.609955458532121408e+00
5.932351335796109737e+00
3.934948008303554623e+00
4.426576375361361393e+00
3.607787697849090147e+00
7.665702546014285801e+00
1.336784145695543380e+00
1.634141403328248865e+00
1.844411189051859745e+00
5.259153073224752895e+00
3.929658142770876772e+00
2.331765264872124543e+00
5.517099152877312562e+00
3.951322611219056480e+00
1.873213756939765773e+00
1.772312004085804915e+00
3.350573837051639359e+00
7.523897414268992279e+00
5.208813302283895830e+00
5.501320306170197405e+00
1.464696213930444690e+00
6.823596630476307823e+00
2.058911123689385114e+00
5.904111509688988457e-01
5.400304107228556916e+00
1.934165603099146535e+00
1.825550839122331626e+00
5.386635663199032642e+00
2.712563941465658601e+00
1.538558221071514076e+00
3.751100304229878279e+00
3.733804502650964086e+00
2.644697454602292108e+00
2.131231995111006583e+00
3.977583206470939992e+00
4.739443791046002552e+00
1.171548229373116312e+00
3.478784352450158046e+00
7.924330483279497628e+00
8.833616569391420370e-01
6.973892954023757085e+00
4.091919204065707305e+00
3.602325793235213514e+00
1.485163743631263689e+00
5.240157160406605286e+00
9.639755949584415617e+00
2.584815488337842027e+00
1.262414746094334239e+00
1.925238555572337029e+00
4.935202398031012794e-01
8.665961209711655400e+00
7.509631783030560337e-01
5.912945392193133642e+00
3.361250943822477133e+00
7.626817537165611505e+00
1.890892581811092654e+00
3.058907817858332656e+00
7.077623761399822300e+00
7.842057255489055523e-01
6.789372710903648134e+00
3.374901040788067075e+00
5.419132326739314998e+00
2.434133307855604667e+00
1.195674591419232602e+00
2.974478787350196995e+00
5.444870639756612007e+00
9.697069503120470113e-01
4.654956253596329141e+00
6.200529271411308940e+00
3.482330159141743042e+00
5.053241893545409980e+00
6.552418921872109614e+00
3.273863496864722222e+00
4.388640844304985578e+00
5.911086375572315532e+00
5.840387722649349911e+00
4.105580771062168566e+00
6.280123640343346914e+00
2.660076256154929819e+00
7.746595029919061126e+00
1.029099069570805103e+00
4.149084786118276469e+00
4.629870547524298274e+00
5.247617006271472206e+00
1.657850903410281074e+00
9.139204547274200063e-01
4.301689003582056081e+00
1.297689896437059343e+00
4.258680793494070138e-01
1.118736592222625115e+00
7.324409560304755429e-01
3.606399006353074199e+00
1.579846847600397508e+00
2.936845871648078532e+00
6.755714452652124891e+00
2.688543932972541128e+00
1.748729931339327859e+00
6.726282572121887959e+00
6.416630668038385110e+00
6.939341111243468418e+00
1.828240714862737537e+00
2.061513837875090793e+00
1.053074009027157532e+00
1.533282998573744171e+00
4.370232343306444278e+00
1.763108195726061478e+00
6.925656371735895434e-01
5.918829089081482309e+00
8.303290540688510468e-01
4.461249164944915080e+00
1.086819753184785187e+00
3.720346869711386173e+00
3.608993074362605746e+00
3.336611399624532570e+00
3.046587520022343565e+00
3.940530297911290170e+00
1.766121682458464681e+00
2.322894296835367633e+00
9.135339709894249038e-01
3.904279777241920879e+00
3.139421052141482704e+00
8.586605126018833190e+00
3.144195598193434193e+00
9.830589483847361754e-01
4.547769845803181887e+00
2.110947483554055815e+00
5.212429144713559559e+00
4.331103926093765821e+00
5.908086139026166306e-01
1.418209710546379787e+00
5.646689673049722025e+00
7.203858462152405995e-01
1.305059500830062946e+00
6.265043783610004802e+00
5.234889823443216628e+00
4.035096897365015423e+00
1.468764871156320151e+00
1.112508505446985652e+00
5.331735222411572828e+00
8.966832246676174067e-01
6.580695075371044922e+00
8.107442705200984534e-01
1.472340951499105932e+00
1.393661857916803637e+00
1.404423498599545850e+00
8.080320336429856809e+00
3.893535487973648124e+00
1.957618031922901958e+00
1.529709224800255951e+00
4.988132958369313030e+00
2.736974135777896056e+00
3.374614687534326141e+00
5.352318289010676189e+00
1.252424232360295209e+00
6.384636588468443286e+00
2.898331638104705288e+00
3.444440659705934937e+00
5.995236409945381872e+00
6.059625606743468396e+00
2.728378244033704547e+00
3.678599270998846649e+00
2.779544791246999491e+00
2.249360004398293533e+00
6.446687285693181835e+00
2.260567701618108494e+00
8.755528367988119065e-01
1.144689739363750292e+00
2.788566840325470864e+00
4.847477032705497457e+00
3.546110549783727528e+00
6.043961250100593041e+00
4.287303702878049627e+00
8.408514223828700285e-01
6.492273162370665318e-01
1.908408209142950618e+00
3.092488952669923741e+00
3.182422830701073568e+00
2.470965398698296234e+00
5.338158640093935148e+00
1.393984668245268344e+00
2.584552516069904105e+00
1.941083084044362694e+00
3.702310332655289304e+00
6.782378598250459412e+00
2.737369247078095924e+00
2.950242081536943228e+00
8.367088626777189342e-01
1.298126337704463618e+00
1.748192035433184577e+00
1.765519562953768773e+00
1.044532267774656376e+01
7.246281925365175569e-01
4.473970271322638581e+00
1.019854714855710887e+00
1.251777531247018294e+00
1.781524253747391651e+00
5.073275720904508290e+00
6.442452017723758750e+00
2.952734022960733284e+00
5.180855650268999746e+00
5.683338626993388765e+00
1.883839992350158976e+00
3.148315988727806936e+00
3.129355334605499195e+00
5.501401085570008398e+00
6.347401164502987747e+00
1.286745855213411671e+00
6.635019880418491667e+00
1.353229325376210657e+00
4.568870184221473174e+00
1.534705636950828733e+00
7.060141594514802499e+00
1.271915708780485987e+00
1.286026775008377365e+00
2.323857609966366589e+00
3.776329663807634685e+00
1.612096171963876445e+00
1.271735650739633128e+00
6.583046464334029180e-01
2.386971522287475889e+00
2.295995916644892887e+00
5.505873640965610605e+00
4.828014060462669788e-01
1.295074779920836194e+00
2.350619879901346465e+00
3.212354124081734597e+00
3.878066953723035670e+00
1.570994749042442962e+00
4.238626243002141969e+00
5.543494040281172985e+00
2.341251167514383891e+00
6.614550571206175178e+00
7.702263944797639317e-01
6.552327129489373014e+00
5.895289512231876472e+00
1.226209511219809922e+00
3.372389182062166313e+00
3.172204303127946545e+00
2.619848221219688522e+00
6.549473338492356689e+00
6.891956773182882579e+00
1.870476557345202240e+00
7.668167977943021185e+00
3.210307516410049633e+00
3.059735067747194837e+00
2.058840393056723617e+00
2.223384241397720062e-01
2.380649753524838985e+00
5.996981633435932713e-01
1.895061666237641163e+00
3.300185407198953591e+00
1.405672729243127028e+00
8.551754077225723893e-01
3.310408217310548906e+00
1.108863652381983034e+00
2.489323355803173765e+00
6.113727577904165322e+00
1.249496120840116742e+00
7.592420364518359222e+00
8.023565387110395131e-01
8.895050990082161491e+00
6.422446607751984837e-01
6.085105722800405736e+00
1.282565917072435724e+00
3.656769936101790019e+00
2.041391413164735269e+00
1.473629405826029970e+00
2.516981331999726734e+00
9.016048315469745944e+00
2.664031875052912390e+00
2.578091103914549986e+00
1.551140498210285212e+00
5.677091801941767102e+00
4.261690034278991845e+00
1.051697652312711639e+01
4.716342132992088487e+00
5.653739304432285451e+00
6.464859187269662577e-01
9.012716808106437938e+00
1.157677222964581087e+00
2.796492016229455757e+00
1.017572780089657236e+00
5.829878047695015830e+00
8.160489315868279192e+00
6.137620510053944933e+00
8.295582556403384711e-01
7.453786324124588525e+00
3.158711641797413705e+00
1.161990294766869880e+00
2.986352441777892608e+00
3.087901167099639022e+00
2.769197089085611019e+00
3.110588818432597158e+00
6.765115909939200201e+00
1.058389997821526096e+00
1.506008472336562320e+00
1.434402721609757014e+00
9.646310684798237167e-01
1.808173605546897100e+00
1.370920879870281439e+00
3.474091616716620923e+00
4.156322655290122015e+00
1.860261089569468673e+00
7.801884221838887967e+00
2.755659368747430893e+00
1.915266696250097711e+00
2.904098301652012104e+00
1.885212285964998680e+00
6.307902102709966208e+00
2.220011054304155795e+00
3.621717057982349441e+00
6.102591424851791402e+00
1.263252417026952346e+00
1.463774915780553965e+00
3.671089210208547282e+00
2.459057960824065248e+00
1.887550690166417855e+00
2.146371408469410547e+00
7.858046445499966559e-01
3.496945721244068217e+00
6.972590915497587361e+00
2.464246237448308730e+00
8.852279198743452371e-01
1.075064052087916666e+00
1.928069140470484388e+00
3.294293125526540855e+00
6.345932770795956301e+00
3.895368888249342021e+00
3.631681954875197960e+00
8.386919550512701438e-01
1.576167002978905884e+00
2.903206146722887571e+00
2.529041417651052281e+00
4.117788308396397312e+00
8.748714054452511046e-01
1.153844122002384287e+00
4.183488220738211361e+00
3.612088551980968454e+00
4.279694037707932885e+00
2.068835293983023182e-01
1.690938583434122178e+00
1.035579373307728313e+00
2.483153354023326820e+00
1.872288349747302405e+00
2.397320394567861612e+00
1.811807098775079838e+00
3.933570334969493931e+00
2.192557398734094942e+00
5.667594195529431111e+00
2.871740629818396506e+00
1.346231434281302430e+00
5.957062806900296437e+00
9.395358665049874380e-01
8.444925692506156656e-01
3.677502411039736074e+00
3.924698273322552389e+00
3.723683973236774136e+00
2.280149704872298511e+00
3.505177652475158112e+00
3.450170431669690618e+00
3.108715322885065024e+00
5.214893197951978365e+00
3.337665204106751826e+00
3.114126565612449049e+00
2.706978587021811489e+00
4.076250323243366225e+00
3.679211029489536156e+00
4.730290589722248917e+00
1.041270409011332276e+00
4.129914044984730914e+00
9.066768992214118583e+00
2.086461307358227657e+00
1.215768745386243799e+00
2.569100848975254703e+00
7.201356515865278141e+00
1.193684347914016675e+00
1.426928959407237185e+00
7.533717197561474066e+00
1.752512853408544791e+00
2.577001600447336838e+00
3.929643273463795605e+00
3.892302323105657713e+00
2.213013212745377434e+00
1.253983309664160384e+00
2.058764727886083890e+00
3.182445426006383027e+00
4.403030883029703801e+00
3.958391304153842327e+00
1.132816379755587466e+00
3.054495932236779066e+00
3.569392463341753530e+00
2.328934544234457338e+00
3.023729156044152155e+00
1.226688831168218474e+00
4.772116436152340491e+00
2.265559914668375363e+00
6.395622498329243122e+00
2.451120037370650095e+00
4.559382959412426217e+00
6.001623634295973453e+00
1.758441725810697243e+00
6.938450669015249872e+00
1.969099002123835040e+00
6.993554825052471280e+00
5.340051473887468703e+00
4.776985313221564500e-01
2.380101785741258524e+00
1.601679511961485058e+00
6.092280137746375779e+00
4.041673497277261440e+00
7.543806725449955231e+00
1.801271568918425547e+00
1.413059324710326026e+00
1.291212557465053923e+00
2.868364823164592625e+00
3.984142833126529393e+00
1.751887931834956724e+00
2.321858534976089405e+00
3.896521425976635200e+00
2.032217716915950323e+00
1.062177458215940673e+00
3.502164055864056547e+00
6.609523182037996492e+00
7.354969329046327609e+00
4.324925163821608187e+00
3.646815087301935154e+00
1.717494417120288830e+00
8.653561771867748220e-01
2.162593019713484388e+00
2.819652485910369766e+00
2.193783109019984856e+00
2.973315546985115798e+00
7.663194724920867618e-01
1.113799683814830965e+00
6.498459555009441502e+00
2.339377395328083864e+00
2.088309698958013438e+00
4.914855015227661106e+00
5.787249225005000053e-01
3.237170090377804232e+00
6.963132202781644686e+00
1.512467243915076143e+00
4.958257673883649241e-01
4.154480484305177690e+00
1.342387367035766665e+00
1.801481208452093696e+00
1.526046241639089418e+00
5.903148458394356091e+00
2.104530164798396719e+00
5.744786161373468758e+00
2.147318564841565802e+00
1.856014921717215715e+00
4.214769099674160913e+00
1.207787206991670859e+00
3.305332251017867762e+00
3.561805156356866231e+00
2.800370336339559341e+00
8.388023024759693413e+00
6.843270698678558084e+00
6.227026539889443768e+00
4.734291762423148420e+00
9.141401016871304464e-01
1.335406449273042195e+00
2.179451245319912189e+00
2.251870936911504639e+00
4.165926399416179038e+00
5.713537755435346810e+00
2.107689951820603369e+00
2.910932689767984360e+00
2.576003825719266782e+00
8.578492449931380825e-01
2.300431426835431559e+00
6.035282791511030531e+00
1.703396462111895326e+00
2.052819543945777259e+00
7.815772988282808420e+00
1.802472786758385181e+00
7.853906394838182869e+00
5.640991617836325744e+00
1.980355787497029896e+00
1.139072712052067393e+00
8.173466588482675155e-01
6.023002072809683582e+00
1.853780435262238679e+00
3.444741169929918190e+00
2.183615086965728924e+00
1.217789279752283127e+00
3.415934925706175740e+00
1.060691141814553706e+00
1.713180345824611317e+00
2.383423357889407068e+00
1.868740926552349135e+00
8.123763703584080398e-01
6.820099222046550835e+00
1.429353051455844792e+00
8.607868057609078249e-01
1.105165105270252024e+00
1.252197630419203955e+00
1.708881606843930090e+00
1.295401079930140309e+00
2.493719842182506863e+00
7.555759258363374808e-01
6.121888244977943927e+00
8.465383767250040492e+00
1.319421544782184208e+00
7.888393237582040030e+00
1.894263635674495738e+00
7.674177611465999860e-01
2.429305550715610273e+00
1.366049931146716689e+00
2.489370636977410012e+00
2.432035064901722610e+00
3.106236116373346956e+00
4.392519806512347635e+00
6.972376720296172614e+00
5.708272662141459897e+00
1.994260298816423527e+00
9.164632850533994679e-01
8.108133503155411148e+00
2.925672029165812926e+00
1.268703661976817942e+00
4.781905264629143559e+00
4.573724439911448059e+00
1.929519131356337791e+00
1.598213200520943289e+00
1.402653484608196832e+00
3.831175494351457100e+00
9.654763419410925529e-01
1.830768627919337588e+00
1.262250720045775321e+00
5.399523086210360923e+00
3.417198624757245562e-01
4.655571457316169948e+00
1.597636913007305370e+00
4.070470373650038276e+00
2.255656113584007638e+00
1.810239766704280440e+00
4.918510219592677757e+00
4.630194150186029312e+00
1.880188249735400774e+00
2.240041465707930612e+00
4.591590262256385557e+00
4.181454800655037829e+00
2.831625312418098783e+00
5.672080423727594578e+00
1.626076444331885806e+00
4.223977382592771335e+00
9.853337758078536401e-01
6.280159898186807865e+00
2.201867719013399949e+00
8.357901085224829218e-01
4.067921210074981531e+00
3.174460543919456867e+00
6.511887896325703196e+00
5.666170423332891337e-01
2.259264808893346022e+00
3.070122007126058428e+00
2.508455942978016662e+00
5.134787037706417756e+00
2.631307625786530213e+00
1.207754566003148122e+00
3.644343217505075394e+00
4.811827667764016603e+00
1.592732506539372039e+00
4.807521564251810098e+00
1.310842028136832038e+00
8.305235660676740794e-01
5.170933036316724518e+00
1.317642289941014067e+00
5.413859836090501254e+00
2.202207482541025385e+00
1.622107981540258148e+00
6.753516557702124778e+00
3.167051604136533083e+00
7.829979931756498424e+00
1.371141917794994391e+00
1.714222636027757485e+00
4.322375443022258068e+00
8.496082622228247061e+00
4.673964820805307951e+00
9.235052216749590759e-01
7.011896684434160143e+00
1.051385722549581958e+00
6.615776339116678173e+00
2.374940949036925542e+00
2.107819536592962617e+00
4.593819923318959830e+00
2.486644292634428766e+00
1.074014073237462785e+00
5.830517712286369836e+00
1.964068425882002034e+00
4.304617935735641332e+00
2.312574090474849076e+00
2.942319010298892756e+00
3.536453409305515105e+00
3.588661612736488760e+00
5.131189401041977405e+00
2.006049390348697337e+00
1.357254330625670358e+00
4.326574682256232762e+00
7.923728724904733900e-01
2.596574076586505520e+00
2.334594435414024893e+00
2.012773378281110581e+00
1.959866768593642838e+00
3.709240960325211667e+00
4.185536126247303201e+00
5.103227013526294265e+00
2.887031389345571686e+00
2.302513188918744458e+00
5.267494947311925024e+00
1.594388281935269269e+00
1.599623879983931962e+00
1.171616084928766899e+00
5.550031254536981429e+00
7.194771340799199777e-01
3.706571048605950214e+00
1.137753933191773870e+00
3.022141998125546181e+00
2.171544255502541709e+00
2.720594015962908951e+00
3.649727057869891933e+00
1.917130524074802667e+00
9.461519512877052396e-01
3.509180706169698016e+00
1.092184790557741758e+00
5.314623825183092620e+00
3.485175675726944089e+00
2.272751008430712538e+00
1.901716282824491566e+00
5.785287004378821152e+00
5.880972175213796671e-01
6.113569520919386324e-01
1.718574253876772318e+00
1.430510928595751796e+00
3.137557164429704226e+00
1.107448039853804467e+00
1.576248725884896729e+00
1.754852722313014812e+00
5.732495994297885922e+00
1.789387591092896690e+00
2.169734684213768361e+00
4.470081124014212648e+00
4.799919042796068069e+00
2.417021487309261307e-01
1.541264263791284561e+00
9.903571565698445767e-01
2.008165960716735920e+00
4.074946638795049481e+00
5.863338370076458972e+00
1.935789463211096351e+00
1.949806314487457781e+00
6.491944090705800141e-01
2.220662100859057908e+00
3.220767581629991660e+00
2.888172851838435751e+00
2.901004845055687120e+00
1.069690734437661739e+01
2.798342320049731047e+00
2.203688756573705998e+00
1.448007670889369214e+00
1.097228171432500732e+00
4.079805414264417784e+00
7.285418420693453356e+00
3.521072471007288929e+00
3.377333414717132776e+00
7.590802077686157334e-01
6.091923423196408116e+00
3.344776257950616394e+00
3.136506516473800854e+00
6.270212060324801051e+00
3.161804089465682477e+00
8.232292798879147222e-01
1.152527169747632474e+00
4.282655789098222421e+00
9.935286609348888964e-01
5.002908466810504606e+00
1.094243499370300077e+00
3.391806324067381251e-01
1.872724562361144374e+00
8.103071701233827140e-01
2.284022279426165980e+00
2.621474254257598613e+00
4.529868119014151540e-01
1.950929181905348919e+00
2.573102577052555073e+00
1.622491108008925487e+00
8.326931032244399233e+00
1.072519835331305904e+00
1.462519985425585700e+00
2.676731997916357297e+00
3.443501882990217311e+00
9.697645416298275034e-01
2.235839251234063241e+00
6.089273675115739692e+00
4.424496066540629435e+00
7.065646542721215617e+00
3.614008263748576422e+00
3.871522671024356210e+00
3.325403067437353144e+00
2.523992682220450146e+00
1.767840670207427856e+00
1.466949635060821100e+00
2.289728340864180645e+00
3.058986138708473579e+00
6.152385374327873357e+00
3.965059206552892235e+00
2.171332810018117065e+00
1.388822689065922544e+00
1.609322164209184169e+00
4.275680871663407601e+00
2.017045050725003730e+00
6.152027409366190858e-01
2.337240597744350890e+00
7.365081954438003287e+00
5.259445413111389023e+00
7.201751524144260896e-01
8.506860399256429561e-01
1.268745921777721275e+00
4.010505635230973809e+00
5.361114660625045047e+00
3.047746358250780219e+00
6.840223511283298308e+00
5.505613405264838889e+00
4.904456518438128576e+00
9.697947736385035267e-01
3.586776241313866187e+00
8.001187015879599684e+00
5.440581704428647747e+00
3.252972910772288007e+00
4.253674306100824865e+00
2.898232892794858628e+00
5.950629637665110216e+00
2.318153028321806808e+00
1.095584545101094154e+00
1.843072665500555818e+00
3.656000235228785478e+00
8.050341005367404046e-01
7.605260047986538652e+00
2.970578323645714836e+00
4.750534697341087131e+00
3.071351629124641214e+00
2.374647926502349460e+00
3.785087516763475435e+00
2.662773102607790321e+00
3.586224454724551869e+00
1.283745090298111347e+00
2.351963998708562986e+00
2.605242791788688006e+00
5.918919708317300632e-01
1.491331527077787378e+00
8.365673678601858176e-01
1.847046934474452895e+00
7.625017257686995009e+00
3.325523695134243507e+00
2.720110187862530449e+00
1.538296506479912118e+00
7.948850345909954651e-01
3.744658752467618257e+00
5.337040656840779995e+00
2.841189012949139503e+00
3.289782072536306945e+00
6.176024182591051570e+00
3.382831671846524557e+00
1.916882377921008018e+00
7.028516277694546455e-01
5.461408043312125926e+00
2.419457128654947997e+00
1.063647899876028369e+00
2.296787779822391240e+00
4.397944832542167504e+00
1.148434798340040253e+00
1.087856999332630581e+00
5.838188444859748749e-01
6.031318495536869939e+00
1.886047303047507340e+00
1.625742326975142094e+00
8.485990158447520582e-01
1.521410919465771672e+00
1.343552209203462411e+00
2.565210626361968504e+00
9.145484104908175871e-01
3.797556179556708322e+00
6.543049938269615673e+00
3.362481332663606715e+00
2.211232787678025780e+00
2.354632940706139266e+00
2.511623803621796380e+00
2.578418216879856839e+00
3.348857121733115783e+00
7.220577287667376609e+00
5.601065126362927415e+00
3.960773938594766452e+00
2.120124610910652851e+00
1.405565071693383628e+00
2.451403037084244119e+00
1.154298474745513392e+00
8.226516106542802742e-01
1.438116080216147674e+00
2.400837871180588223e+00
8.026670626559584409e-01
3.241902983777170455e+00
1.331411908746506501e-01
4.486607280437454603e-01
1.950995059828311284e-01
5.555012953414698806e+00
3.647740401352282724e+00
5.399207560196903621e+00
1.833849169804640855e+00
1.751525469738867580e+00
1.724658997871781008e+00
2.383283051289709409e+00
1.652381588664926459e+00
8.360313084196029365e+00
1.078297599968472742e+00
5.323230369887757440e+00
1.127292963609014764e+00
2.095714325118956722e+00
1.663867654363521409e-01
1.590055546819520105e+00
5.134998391091804670e+00
1.885435382997302733e+00
5.965648718322675848e+00
4.565875249366368571e+00
2.354605383190976120e+00
9.126194846582371678e-01
1.053173058745392465e+00
6.225647540284228398e+00
6.077982606710624403e+00
2.543191221867857621e+00
1.413613904887407902e+00
6.580327281615898194e+00
4.509584619827140095e+00
1.595567913327725407e+00
2.365739197296595542e+00
8.355372814698863948e+00
1.312296115525140694e+00
7.515077744511507341e+00
3.156334763595459947e+00
1.596270019552276986e+00
5.060382555290175333e+00
1.520305924201545089e+00
7.313815171016141647e+00
2.199928541779036184e+00
3.425386161832571830e+00
4.159432954077793454e+00
1.366973683325618527e+00
6.955402393383739224e+00
1.567980869221216045e+00
2.278753244521598997e+00
4.612774983876298251e-01
4.684622058647025966e+00
4.200628183454049314e+00
4.447305566238094698e+00
4.058632423873026696e+00
2.133405238914453772e+00
1.071181514913850208e+01
1.626733299145469047e+00
4.390582088482158696e+00
2.425584296698274134e+00
4.988822128150396829e+00
5.783056369265460184e+00
4.524637206668972844e+00
4.455871383463155588e+00
4.218292530637186566e+00
1.451346703497384372e+00
9.487908391823686172e-01
4.476162194294555086e+00
3.255400093993047750e-01
7.892114164518421182e-01
1.246538838959488471e+00
6.432369257311175481e+00
4.885462465862883685e-01
4.894523131560509555e+00
1.849854512848531085e+00
1.405927957084082580e+00
1.495719364276496766e+00
2.987445833252695859e+00
9.494129955262525788e-01
1.766897658460324205e+00
6.369617258204907095e+00
2.318944547107803178e+00
3.066819237758434014e+00
2.462179746471777619e+00
2.067267152476933489e+00
2.813004564674462138e+00
3.693565180802732328e+00
2.417291862740748698e+00
2.250223227842523155e+00
3.971716737833526079e+00
5.590996854755986512e+00
3.633651874086571087e+00
2.378133883756335720e+00
4.571145836767688486e+00
1.564044120071719446e+00
5.379353650136441622e+00
3.359811319083815917e+00
3.335602615034580332e+00
1.792488217318915167e+00
6.327970527293525826e+00
3.155214540072601270e+00
1.408042400327258692e+00
1.099400304815541851e+00
1.304361943756832121e+00
3.405282632150691491e+00
9.632948957448098648e-01
3.296390869410460223e+00
2.275468065223371639e+00
2.614838051492097470e+00
9.294417047254164288e-01
5.821707606091487186e+00
4.468319724533380111e+00
1.412119259533305415e+00
2.881411669292877065e+00
6.692540630109207633e+00
3.780489739891405576e-01
2.784005429359449835e+00
1.729183903103302722e+00
5.759493038294674960e+00
3.283826177696703930e+00
2.496567164802196537e+00
1.683789469498519820e+00
7.353142333397162389e-01
6.678160189614868791e+00
2.092534380420794538e+00
9.095037685771163893e+00
2.665412154598117311e+00
1.002288500458574871e+00
2.584809707988123151e+00
3.448569078730162385e+00
3.969172965488267923e+00
1.505852673629504590e+00
5.940764991522299532e+00
1.994624904762562378e+00
2.802421650572008982e+00
1.056547275892925741e+00
1.567043857070031576e+00
2.804453625726393895e+00
2.195379914330843008e+00
3.069520963447346151e+00
6.159833057867570183e+00
3.507820617505047700e+00
7.035063720458947678e+00
5.713631646736006431e+00
5.221469336869173361e-01
2.284161754661981458e+00
1.402568413412203840e+00
3.688820517353409656e+00
2.409109476447952147e+00
1.387145107121913190e+00
2.569313643161858174e+00
2.031325035344465402e+00
1.272625891798704556e+00
3.093832500570677713e+00
3.853810504547898752e+00
2.381458155965979095e+00
1.610814573161925889e+00
4.109796844446809594e+00
2.713279233648413946e+00
8.095868953931770307e+00
3.201470926458468647e+00
1.075724751936262535e+01
5.610512388271641449e+00
4.983476673680875102e+00
5.119900921426214779e+00
7.710613711890818678e+00
2.091121804381926630e+00
2.785580598908589778e+00
7.552660626362770913e+00
8.373573627534441899e-01
1.095352945719608728e+00
7.332920720954436700e-01
9.531258858560986980e-01
2.126838621965952747e+00
2.298053225084822682e+00
2.982767980882754522e+00
5.866782907253581314e+00
3.057506046365460417e+00
3.650261438396553260e+00
1.504963305463367762e+00
7.981267767308834138e+00
2.123989053710813923e+00
2.977433032942374602e+00
2.081757439925517428e+00
6.880477609763831381e+00
2.426666439514435947e+00
1.726458219965556040e+00
7.420570578886170665e+00
1.940004188757528558e+00
2.976602423198212222e+00
1.587505072161497610e+00
1.655642208679323657e+00
5.650944086732566873e+00
5.857574767241815472e+00
8.714332892149680987e-01
2.182935485582011559e+00
7.815505621095055311e+00
2.114751433693266236e+00
1.294945776659315539e+00
1.914171909458653342e+00
1.616791278476005678e+00
4.616272947799684445e+00
5.129772832784984082e+00
4.328258700645028156e+00
3.480035288843596142e+00
4.123551645175613789e-01
2.980308302379381935e+00
2.155892677610694808e+00
2.436951948163428749e+00
5.263113213860832751e+00
4.406362837647470054e-01
3.703968611270213707e+00
1.568058254994323830e+00
7.181144440236614912e+00
3.281281211429634581e+00
4.870601520426194320e+00
5.199108103036909512e+00
1.022501475533970972e+00
3.020753491727217632e+00
7.617927304484508610e+00
1.592581953103545223e+00
1.781518670896293566e+00
5.169401927394585705e+00
1.798582819126821386e+00
1.410910671069358635e+00
2.371565490253690456e+00
8.391807504304983567e+00
2.430043960523087687e+00
1.918539927985343230e+00
6.614637740509397901e+00
5.782113352070116008e+00
3.687532859126375406e+00
9.692082810707326468e-01
9.022064361987819581e+00
5.114780596216792041e+00
1.391411087780069167e+00
2.683338559559106162e+00
1.992059636560270519e+00
4.477580099386475609e+00
3.093417807877589243e-01
5.543493582889951199e+00
7.211528138306135816e+00
1.368227518344971472e+00
6.452360330480072292e+00
1.506788480123787410e+00
1.129143772097114251e+00
2.316500918170299794e+00
2.007080627066128553e+00
2.450677494266515932e+00
1.446259253466643191e+00
1.834231421061486955e+00
7.712448300614457075e+00
2.159082802424653114e+00
4.893633027402388258e+00
6.876386609194600208e-01
9.522857685653935977e-01
2.890728013543346187e+00
3.078540944564994497e+00
2.800885800575450890e+00
2.056681804029854899e+00
3.778840887053241282e+00
6.111293900692665204e+00
9.380143096050444385e+00
3.428336234322916010e+00
1.681084245282925993e+00
4.143345642549161489e+00
2.392984848578219470e+00
6.385256350244715051e+00
8.756973191229713294e-01
6.775629871737688603e+00
4.001858779244554576e+00
1.733139216730738896e+00
1.532657923079645323e+00
3.515480325854968502e+00
2.819770915260211730e+00
1.479451663793923233e+00
2.703166898854870936e+00
7.932990358702498579e-01
3.954124487359039986e+00
7.894087554256120853e+00
1.124150634692145490e+00
7.097495560076908738e+00
9.103530138404630767e-01
2.497787695638686412e+00
1.122614602748922996e+00
2.955067149333919119e+00
2.742917004503909961e+00
4.708359186579122557e+00
2.671511430395586473e+00
2.926497744665828460e+00
8.392109119737701795e-01
6.287482224515009932e+00
2.762254812689176386e+00
1.543147357294457844e+00
5.169307267295407016e+00
5.961369362742750866e+00
2.166702568152323316e+00
6.888125989156634432e+00
7.282838017655391738e+00
2.209737500148778899e+00
1.538896087010064306e+00
2.410690470596822621e+00
4.413859343951469505e+00
2.500410673453948185e+00
4.803646946124812134e-01
4.488029098605523792e+00
7.109080309636184758e+00
8.387283136805148143e-01
6.581110317373338958e+00
8.133316294809306513e+00
5.403796073159333524e+00
5.704666542772640625e+00
5.040980198606888507e+00
3.995306527620511527e+00
8.867521567449932363e+00
4.543456326891635477e+00
1.120238316958949820e+00
6.408871062104228855e+00
3.562859051805733035e+00
3.473236236432575286e+00
2.510746170130768284e+00
9.251949668398782300e-01
2.401787513635928129e+00
1.655443434396042468e+00
2.901021870761760102e+00
1.564947128735937776e+00
4.927094821779994582e+00
2.640661432220245963e+00
3.576423279023080326e+00
2.089854665658925192e+00
5.945393956728053375e+00
1.254812897148472217e+00
4.081312308364783981e+00
4.400910490386446661e+00
7.169884308165121567e+00
2.694823175400971937e+00
2.213079379266823299e+00
2.959104665806699064e+00
2.962329054836752462e+00
5.928866535694494733e-01
1.984451717818649819e+00
2.406820964125017337e+00
2.821881494550785963e+00
3.570199920949238770e+00
5.373173459982537814e+00
4.631129997152435784e+00
8.668687494516847947e-01
5.782623789793528424e+00
9.673746108536656507e+00
4.323997796262662341e+00
3.274154886695808564e+00
3.159072833904251532e+00
1.940199469458261383e+00
2.166816982920234391e+00
6.007682873863288364e+00
3.382972596666789844e+00
2.823859559738460590e+00
3.101134021948507957e+00
4.319983643482881774e+00
2.295867830925041986e+00
1.199363564064665599e+00
1.619870955691250947e+00
1.541534581850620755e+00
2.064813783916006784e+00
2.879276660186926851e+00
1.804162880208588948e+00
7.113873918933259155e+00
3.516254270072765475e+00
2.257758243310249657e+00
2.163060076481669203e+00
3.486858706779964123e+00
3.646852398432857800e+00
1.751294148727762456e+00
2.705251597311938205e+00
5.254819536709510963e+00
7.787936602207005343e+00
4.736539618869501034e+00
1.030437151329970824e+00
4.208080120799623458e+00
8.418674393440438664e+00
5.721649118394171118e+00
9.151912343055704779e-01
7.799289730698876211e-01
1.728029748846832581e+00
3.605472594689107524e+00
3.426659275031406882e+00
4.721144542716967152e+00
1.929852345080685927e+00
4.353334310262396478e+00
3.495662022375757516e+00
1.455654974903104693e+00
2.349778477448294822e+00
1.643372396976660266e+00
2.087012107974085540e-01
5.304532092064378368e+00
1.230489421280053008e+00
2.522736752683057748e+00
4.506743527760669110e+00
4.010554952852406707e+00
2.834298102689822851e+00
2.944871938610211792e+00
4.103518933367411137e+00
2.867200115802699845e+00
2.939457886241621853e+00
3.399538418759303404e+00
1.527460839347978494e+00
2.686634141904810313e+00
6.495115458274266507e-01
1.233810189834549398e+01
5.306062734814368298e+00
6.437742117971061440e+00
1.116579375762847715e+00
4.127882077096967528e+00
3.400298312203193341e+00
7.240658461878116015e+00
3.534432699494765018e+00
2.884038331363544483e+00
5.071105110719401843e+00
3.472026355919650698e+00
9.670446179639085038e-01
7.503158517696200569e+00
1.581888790845460191e+00
2.409416745087761935e+00
1.661848762693905135e+00
5.847713682751730424e+00
2.241739997622778979e+00
3.079683148387592606e+00
5.030400517017116435e+00
1.733022166114602136e+00
3.373360430958469269e+00
3.239082157503777371e+00
2.109016596258163734e+00
3.000473729988733407e+00
2.466216859773738612e+00
6.877299118023595170e+00
5.236835933229716744e+00
1.017903101723992121e+00
1.401683809229414823e+00
6.590690472108224895e+00
6.650866749136766565e+00
4.554407917019936747e+00
6.417790328669933153e+00
5.919862793452570493e+00
2.855034676137864214e+00
3.279791758518030509e+00
1.877147856065895404e+00
2.221205736531458808e+00
4.543905872414136127e+00
3.164252813755894067e+00
1.185433816376707750e+00
7.289086672672797640e-01
1.798480065264507877e+00
2.494299201783446218e+00
2.216981959076291364e+00
1.432300724488575705e+00
5.609941624462045917e-01
5.295207036995588368e+00
2.616650840491952845e+00
7.410982042611707898e-01
6.333260700942036081e+00
1.296906051837746210e+00
3.588677901391209346e+00
1.654708148759040043e+00
5.270240942124888583e+00
6.112953390702617895e+00
1.055562752355565959e+00
1.320651680528893257e+00
2.249331179270865011e+00
5.527580789780821569e+00
1.154963597496048155e+00
6.724326044618373466e+00
2.437827739883609013e+00
2.246114721045172402e+00
1.371081516784327547e+00
3.867123563810518139e+00
8.353435374662430135e+00
1.980304791114537499e+00
1.931229308089347008e+00
2.370589766046748981e+00
2.116714394250031273e+00
1.744095844123891181e+00
2.407328716043063199e+00
4.811337874155972472e+00
6.132552758032806750e+00
3.360545548687189576e+00
4.122205467422386249e+00
3.065756480790767569e+00
9.577255190448242805e-01
5.290121258830000173e+00
1.019233405520378888e+01
6.299436686163706334e+00
2.884090299081406794e+00
4.377531798316137035e+00
1.113520440624385932e+00
1.965970212527191840e+00
8.550618511285522416e+00
2.964327381349540769e+00
2.304238317573743977e+00
6.148799708409495857e+00
5.081852417571550262e+00
1.738504256870904818e+00
6.264209196878004704e+00
6.669007374153334666e+00
5.164609846300488805e+00
2.236287149686012832e+00
8.526848610026195985e+00
9.836506559367925728e-01
7.808396989020601753e-01
1.593444923903005073e+00
3.895719837010344744e+00
3.831647680998607086e+00
5.310959543286598361e+00
5.096242929179436443e-01
3.261442510749677837e+00
3.200855434574028546e+00
2.589282303859269163e+00
2.599690937051441164e+00
5.968567672048261663e+00
7.109889457299091831e+00
4.861200262190674692e+00
3.719328012152220531e+00
1.134028532960506874e+00
8.528563772319271763e+00
1.222410522161958113e+00
2.292625652015289006e+00
1.134975964349798083e+00
2.025927908669481692e+00
7.626191237234738463e-01
1.896741222518927961e+00
7.495825799561510738e-01
4.294145143592930758e+00
3.581921928241675879e+00
3.567565648697811120e+00
1.926068599528703684e+00
1.856600059763050981e+00
5.395319041852483899e+00
2.850758160214295955e+00
5.642846621435019472e+00
2.637198694597421067e+00
3.976642509706384665e+00
9.895465979796256306e+00
1.204074226217729304e+01
1.770336805461031116e+00
3.741183687021430337e+00
1.473209852185618729e+00
6.835820489907703523e-01
2.592256473479467527e+00
5.936729590508879717e+00
2.499582899414427128e+00
3.645192261923084764e+00
2.144535551501106418e+00
2.336082546151418970e+00
3.696133846538494971e+00
3.984258625381605690e+00
2.979513955005083758e+00
2.869204152008756115e+00
3.737284196049825979e+00
4.263292077426119597e+00
8.663082074218863227e+00
4.960803307835282894e+00
4.757072157482275188e+00
1.314553209742370443e+00
2.669184685084666331e+00
4.903540906628544249e+00
7.851863931394622576e+00
2.479709095394241114e+00
2.414961575123487414e+00
1.009995768322972998e+00
1.125289894119718914e+00
1.303696415139206977e+00
6.152474614154030519e+00
7.427682786171551754e+00
4.783870198256479966e+00
6.146295374734292993e-01
5.749460000150555139e+00
3.941557098207214782e+00
4.262330869359721497e+00
4.517146320189328712e+00
3.144571662255974953e+00
1.704904738199020109e+00
1.399426432016589450e+00
7.003017184884210877e+00
5.979648706674640657e+00
3.754258619744968772e+00
4.217647856154264296e+00
3.997660000847961026e+00
1.811928184877806824e+00
1.266571836626054326e+00
5.521661797533978344e+00
1.993994623037933289e+00
2.430936452015894922e+00
3.225963789756184141e+00
6.827646717843047774e+00
6.059378173452720784e-01
1.985016983677130975e+00
6.688527889435907703e+00
4.839068190516016443e+00
8.000354578147659268e+00
1.615225253240281766e+00
3.445986944782746697e+00
1.943381302179102210e+00
1.065339651954655409e+00
3.615355949001442415e+00
3.212507799019239219e+00
2.818565244772480050e+00
2.928542498130384697e+00
5.768006451671630508e+00
6.111448522057647104e+00
3.051349838024149275e+00
4.600552717509069467e+00
2.561666425802420655e+00
5.380785378512262795e+00
3.436098325979884738e+00
1.292144342522368206e+00
1.915652404720047108e-01
5.447079507761821482e+00
3.647613794632377893e+00
2.379276069641616420e+00
2.124143313998975380e+00
3.533096236001028956e+00
1.045911733496580176e+00
5.706411895179124283e-01
2.221926975698844675e+00
4.783355143129623066e+00
4.683489193394337669e+00
3.928060847732409488e+00
7.593902862722051728e-01
7.027286015297812938e+00
2.347541348447172993e+00
9.868168114041857564e-01
5.033951514172351871e+00
7.700379608151969535e+00
5.421653127751905998e+00
2.202996790944348859e+00
5.387490923532796128e-01
3.005850048472963110e+00
1.983053964814391001e+00
1.735856211153644912e-01
2.014929182244794337e+00
4.432625035314016193e-01
2.234315460093968309e+00
6.122814006162334621e+00
2.144455975566731176e+00
2.488031742776161348e+00
6.784232439707511553e+00
9.606289950131238209e-01
5.107935593882081626e+00
7.894409866387560371e+00
2.985485378553718316e+00
1.696055039964873723e+00
1.783760839670188281e+00
4.480425406080458473e+00
3.208505647653151494e-01
1.799297906166362315e+00
6.336927258980361799e+00
1.149028463566623248e+00
5.269772334847540485e+00
1.088259473808674604e+00
1.284635936098368569e+00
2.965050366913706714e+00
4.077119257207812097e+00
3.178692395974915819e+00
2.842466077385409573e+00
3.226071690684241933e+00
2.943952520789883565e+00
1.989022330253657822e+00
3.174806015324497910e+00
6.877744607985343706e+00
8.107252739113784967e-01
2.658947365233739202e+00
3.233396460477494738e+00
5.168909247807518703e+00
6.634444065990911632e+00
2.367497252940415020e+00
3.440797332824065080e+00
5.613643095942144612e+00
6.418382821718397580e+00
3.129602321850930569e+00
2.288043030362003183e+00
2.464769792874159648e+00
1.676630796125148537e+00
8.735009675333400558e-01
5.187071726164335317e+00
1.981858374844304160e+00
7.007304198157560116e+00
2.281159222368012163e+00
7.167124676471416933e+00
2.657984498931185158e+00
2.453319961163127338e+00
3.316928228158404934e+00
3.938367348534355550e+00
2.555855493050241733e+00
5.766730422363039565e+00
4.165163293550596002e+00
3.424427520867174835e+00
4.174648048136081258e+00
8.165051958138498378e+00
1.228305170854069095e+00
1.527188840822085503e+00
3.630237413578036865e+00
2.490527392100874149e+00
6.902487024332513155e-01
3.859235416480918612e+00
5.192739848089794608e-01
1.103647830229814497e+00
3.248151149079991029e+00
4.723122370115004354e-01
1.522903238930941150e+00
3.105635336890919085e+00
2.585753974384671583e+00
1.713347233532699798e+00
1.971984624836393252e+00
2.032986438026246567e+00
3.368541311755614664e+00
6.440625629968878663e+00
1.650684147353864262e+00
4.355031000297162613e+00
3.657129900281303136e+00
2.822385366407830887e+00
4.918883654475218137e+00
3.049689867284787859e+00
1.102724906640577762e+00
2.030125523757896122e+00
2.636305279703305970e+00
2.046586163146149495e+00
1.386932603683134424e+00
1.696264744799680591e+00
1.074245604357118689e+00
1.975811989067153274e+00
1.348978777178524657e+00
8.574036709520816757e+00
4.256412555017575983e+00
3.768614227338985767e+00
2.358773687226967564e+00
2.270146748973204343e+00
2.826478367736843023e+00
2.856492912297020403e+00
1.484465012749186075e+00
5.839462016167604297e+00
1.201018042015934650e+00
4.340368106831008710e+00
2.991702999977303268e+00
1.929047628753450150e+00
5.104214689506045843e+00
7.174710495646852149e-01
3.789407186631977176e+00
5.452652675513931513e+00
2.839603172592033875e+00
3.647292117110428222e+00
6.766068270119665051e+00
2.573801360696829299e+00
9.629885306715083582e-01
1.523036893668379577e+00
4.051746765774153936e+00
4.130726090660679972e+00
5.800097257644995175e+00
1.625578884148182857e+00
4.232636238623038061e+00
4.236582336022839179e+00
1.928996393713023672e+00
2.778861461782939468e+00
1.392320074676542507e+00
3.796925690769943795e+00
3.455793209276786904e+00
3.602171306422501385e+00
1.947554226393132693e+00
1.589382405260597819e+00
2.329716972560179844e+00
5.658546328375974710e+00
6.410958728944678775e+00
1.962114301496088453e+00
1.550977123437948357e+00
3.105425129200467094e+00
2.207113134079443650e+00
1.008415965310690154e+01
1.550818990509800654e+00
5.686807092339457803e+00
8.316881176925202013e+00
4.060193750106638966e+00
1.315920553803914927e+00
8.034936734891038324e-01
5.072015794665943211e+00
1.708240469401534289e+00
5.095457063144194443e+00
4.660743456153700670e+00
3.370952563826417059e+00
3.981030571952482333e+00
2.966932843684140231e+00
3.986814716594558217e+00
8.824990414531810323e-01
4.253783183954369940e-01
3.633936992681078504e+00
7.316700549703044620e-01
1.948646798527823298e+00
3.519679288173045428e+00
9.463238012558762291e-01
2.229883712722173783e+00
2.336638391299021400e+00
4.703663315244082987e+00
5.037395364578570067e+00
6.094815154186679074e+00
7.394814850826095132e+00
3.375269003282273861e+00
4.513785732408038598e+00
6.508922827545011280e+00
7.862169325249359630e-01
4.967017619713789855e+00
7.289112385216808043e+00
4.163604271777546550e+00
1.034880881251543983e+00
9.771357382254519663e+00
1.088093360726794412e+00
3.198968124521660350e+00
1.682913201233080969e+00
2.570345387518615521e+00
2.839838587700217243e+00
6.744402054639969002e+00
2.084785950679036937e+00
1.884844738849481338e+00
2.153619591579242876e+00
3.710899457533320400e-01
6.080801314088484233e+00
3.930399551834347083e+00
2.100747668216742969e+00
2.593941603828539222e+00
7.039018196531400262e-01
2.164733528175733390e+00
8.148586120397423471e+00
5.534795498425808091e+00
2.221146411596756298e+00
4.261663488705419667e+00
1.558360919326797323e+00
2.016715521095531205e+00
5.221729391719874158e+00
8.184222932214447965e+00
2.050581914528252891e+00
1.529478258918228750e+00
4.245157027095132207e-01
3.759694290413017281e+00
8.583018409783845115e+00
8.183911429234509427e+00
2.909394181292067394e+00
1.008346231185626163e+00
1.315294090582283193e+00
2.950976074210786226e+00
1.538328992459544464e+00
1.525709480896188630e+00
1.586493303719998638e+00
1.281478203434127883e+00
4.790926559174202737e+00
3.184333548206006004e+00
1.395357835747121467e+00
4.086647934190691167e+00
2.748764348040429351e+00
1.119689748537563423e+00
4.964234772686769048e+00
2.112442302219910584e+00
7.767544629717677118e+00
4.376377252790035755e+00
8.749633375638508070e+00
3.355957769021053139e+00
7.055462322998512725e+00
5.109745249990486293e+00
2.790672642142056237e+00
5.263875656261260971e+00
1.732551374217424334e+00
5.037893608044409888e+00
3.968847603077918507e+00
2.374265198056582093e+00
5.232045987779197382e+00
2.362207663759190002e+00
1.857741772085907739e+00
9.011737136852248087e-01
3.418060811913211872e+00
6.617419430485887988e-01
1.476499644657296439e+00
1.459558803853152176e+00
2.118151339007091849e+00
1.013450307140363771e+00
2.189699020383028660e+00
1.023195550662442832e+00
3.568727804970056372e+00
2.556103334964723750e+00
3.109652847453455937e+00
1.943382441594293519e+00
3.037337453144144384e+00
4.436916511337903657e+00
7.002173415390442468e-01
4.334224268814347525e+00
5.249155559722435971e-01
1.841495548632386292e+00
2.637469940009650848e+00
1.828905848956118962e+00
5.428554522770539847e+00
5.086117305616449258e+00
1.506979229186078406e+00
3.960096133079938685e+00
2.348943431560770900e+00
1.606391302739974547e+00
1.175370843754989680e+00
3.186983498932898229e+00
1.048548303373130652e+00
3.405193345504075708e+00
5.558537576337802655e+00
5.403378393633626153e+00
7.961457181070081823e-01
3.668788257472307635e+00
2.293034059699042615e+00
1.953905217995326904e+00
4.208156731690567476e+00
1.856828237885012500e+00
5.801662173142935863e+00
2.881292785336988960e+00
2.545917099824733576e+00
2.173059212288681152e+00
3.431653520261275792e-01
4.709048563073628735e+00
2.504301441393101957e+00
2.827090449070279732e+00
8.563219165052089465e+00
1.734873256134727315e+00
5.626078444696326564e+00
3.449841318340761465e+00
1.785478598153096563e-01
5.283955091473294452e+00
3.854590691660193080e+00
4.734774557146779195e+00
1.102986433337768579e+00
2.806005147689354828e+00
6.126582671633063804e+00
2.504932869317446631e+00
1.462281314010547062e+00
2.705080117024798447e+00
6.795571268559839950e+00
6.517267397076857094e+00
4.894115828562674686e+00
5.401729347346896581e+00
3.266157579472920069e+00
4.743290129844188741e+00
3.453508623512743014e+00
6.256392923205579493e+00
3.558993720434765695e+00
2.616571685983327011e+00
6.160691792169941117e+00
3.269825615814544673e+00
5.902135634783249429e+00
2.952685477100028599e+00
2.702654683588045614e+00
2.296196278596405627e+00
4.569043777165836318e+00
2.836653411329647767e+00
6.023773002356898054e+00
2.941225841029364574e+00
6.015289723697640589e+00
5.213241564253374705e-01
2.834756091245145715e+00
5.196572072483274241e+00
4.246813446213626442e+00
5.867972212318647962e+00
3.376172846358922897e+00
4.774998005552530955e+00
1.702680310146214016e+00
2.003326795998583876e+00
1.584869487724977155e+00
7.130738044743916149e+00
6.266856740307134466e+00
6.433339261089509264e+00
5.366118757179978438e+00
5.518571969975386793e+00
6.086780886189129269e+00
3.754820806568232250e+00
2.128217806583756477e+00
1.917403992209655073e+00
5.331345232969042947e+00
2.082997378205925454e+00
3.764998816748673427e+00
4.532396849870186983e+00
5.368973787406321918e+00
7.390820922395645587e-01
2.069694069357761013e+00
1.312001060271392960e+00
5.512782889882947401e+00
6.588106917599996670e+00
2.718637359625101890e+00
1.504582594442265275e+00
6.675400072986435340e+00
2.214744237373190039e+00
2.348125068915639879e+00
3.802400645135292301e+00
3.101956201050331430e+00
3.986822358029577185e+00
1.009232811128105034e+00
1.577465544197510505e+00
2.883817990226235306e+00
9.574686956449048880e-01
3.665821936820148341e+00
2.266573477548064819e+00
1.011628957960179953e+01
2.297511684836608392e+00
2.412395027231431399e+00
2.986088867200713537e+00
5.305214724404808457e+00
1.795259431438287923e+00
5.128403907255358440e+00
4.552715024021041224e+00
2.258455864126486912e+00
3.870330565005839940e+00
1.463521984308011614e+00
3.864286999346397078e+00
1.795948617958977200e+00
6.627558462184436339e-01
1.599942013542488883e+00
1.546808797261699508e+00
5.339447552529076546e+00
3.821126191890631407e+00
1.412297528764097532e+00
6.498073413457757797e-01
6.765995721838785393e+00
6.307358969925660475e+00
3.162830327718116674e+00
1.196185112942108608e+00
1.514953961241286118e+00
2.347423396425032394e+00
1.904208487223788326e+00
1.436718815577763486e+00
7.773460476222570747e+00
2.059531137062339923e+00
1.441861028747267293e+00
8.950055987497444576e+00
1.060657318394606419e+00
1.626325532419286013e+00
1.774674520760677998e+00
2.793235855191295691e+00
2.293749535310503518e+00
4.999980754534764316e+00
3.765552572308964230e+00
1.387657192564833109e+00
2.314308601642728558e+00
1.311998512137243500e+00
4.757497512368984438e+00
4.683641552891996795e+00
1.653239526709250562e+00
7.784999661938387661e-01
5.511465419827437096e+00
2.463539131567546114e+00
1.913321326977306169e+00
2.293229408351370235e+00
2.882330117663280511e+00
1.348117441150939788e+00
7.621483876077848052e+00
3.353541818191578372e+00
2.583954870735972520e+00
7.351921378694847853e+00
4.066008637971883388e+00
2.094145407669110615e+00
2.219848682417070673e+00
2.018770693051575638e+00
5.414424135343838262e-01
1.260258021448720234e+00
6.156875778993600612e+00
1.882733285780738175e+00
5.298515324341217969e+00
5.060466065858027385e+00
2.949392903393970755e+00
2.780547935725348196e+00
2.416448812168726867e+00
8.035633548504904633e-01
2.913066909764346679e+00
7.032905493995270874e+00
8.028120785030161244e+00
5.795720754449860124e-01
1.499297106706159122e+00
1.732084503536628572e+00
1.248077139020177473e+00
1.424296683752711346e+00
3.015950089671260770e+00
1.242824723354735816e+00
8.172176764039603469e+00
1.219853144574722270e+00
8.596947871086490167e+00
9.054661977112363758e-01
3.496549195681204480e+00
2.016605928528884650e+00
6.315624869932930929e-01
5.742527324375310549e-01
4.927477643659041284e+00
8.871683434248687217e-01
2.409020992272826955e+00
5.209325616607637599e+00
2.003793639372765778e+00
3.012214168400894732e+00
3.488052186844706526e+00
1.710120455826309893e+00
7.972562981382593783e-01
2.782994057630495899e+00
7.947660355895094231e-01
3.494317758063953949e+00
3.616291290734341857e+00
6.350736387501918490e-01
1.499306394970920220e+00
2.479831043615650987e+00
3.536254061628233192e+00
3.167432767036112984e-01
5.043974961992307549e+00
5.763175704547560230e+00
2.629493596470605432e+00
6.813265466714367946e+00
3.308427352521957854e+00
2.645220575286762354e+00
5.813170850258472910e+00
2.771486518594983739e+00
8.428939643370493284e-01
1.335264444798630157e+00
1.347270093331123242e+00
3.394792944732370810e+00
5.945741442156228906e+00
2.594961090932939030e+00
6.224975128768225119e+00
5.707825203841677686e-01
3.606115192502866051e+00
5.594136114878384802e+00
2.757560050651447270e+00
2.071584496444807577e+00
6.875625654789074837e-01
9.963650964222103834e-01
3.392230451855910101e+00
2.962487160044819046e+00
1.092101332853808726e+00
2.320822341873826300e+00
1.550337228367346443e+00
6.848119740979531578e+00
8.205215132649291698e-01
3.667555491406979229e+00
4.890131741441019919e+00
3.299671274220624451e+00
2.780984447655530101e+00
8.207957211510604978e+00
1.399630451975709011e+00
8.291684918831307982e-01
1.899175231073283454e+00
1.167912781874283601e+00
2.737367387912373662e+00
6.141917580756433459e+00
2.464914428938638213e+00
3.679020536483617043e+00
1.812797068911345288e+00
8.960788746961396711e-01
5.022733878981081590e-01
5.052948841049445861e+00
8.950324287793068878e-01
4.833224466840169598e+00
2.654045773626405591e+00
7.301287206529129215e+00
1.077203229758486369e+00
3.147053469765366263e+00
2.571326988096964694e+00
2.117916655057896946e+00
1.202644826766032793e+00
7.161581623580865141e+00
1.094147916489103256e+00
1.456045762323738169e+00
5.736423277888301087e+00
4.766198153364456402e+00
1.124623022327256194e+00
1.642616674875757798e+00
9.862184467683015043e-01
5.621081876767995311e+00
2.232947273109957997e+00
2.366011926732485726e+00
6.135933645716680651e+00
7.889929717098464579e+00
2.542728274930200261e+00
4.923130473065497448e+00
3.639736050187137195e+00
4.527273240814913002e+00
4.864545675660753021e-01
1.939193787841851480e+00
1.097235770286004941e+00
2.516956122352673741e+00
1.131364194058366079e+00
8.409098203366014435e-01
1.046038562072403755e+00
7.178684216733108414e+00
1.917334525814833546e+00
1.190424762865023967e+00
6.008511949357354887e+00
4.520321730760926471e+00
3.589261728338042357e+00
7.653381443449870369e-01
2.518622100633385763e+00
4.265057858482068198e+00
1.904896142992888119e+00
3.223084270002706919e+00
2.866343474566424021e+00
3.159174362450713147e+00
1.335210052219011567e+00
1.711672754474764524e+00
3.303318798442186566e+00
3.445702853472002225e+00
5.840906258593473233e+00
1.389064526765537710e+00
1.816203555905373079e+00
6.260612466165510703e+00
2.588971047480776555e+00
2.024289236212394094e+00
3.855258746258789060e+00
9.369076409057134347e-01
5.440155661432047651e+00
2.606931064150562971e+00
2.130109566800217902e+00
2.582713601534751380e+00
1.261904874513403385e+00
6.775305369225891994e+00
3.100257333158184192e+00
2.732866951993313087e+00
1.312096376889360538e+00
6.332539080706551360e+00
4.316885564114580021e+00
2.191342845749903567e+00
2.646172716534454850e+00
1.115912677563188460e+00
3.791022094117130870e+00
1.970268943501281456e+00
1.136092588910170509e+00
2.947687730851057175e+00
2.652707588973575170e+00
1.904906956848833488e+00
6.149485824800117406e+00
2.224055100862018186e+00
6.083654258255809522e-01
1.533693629607111752e+00
2.769072510147564170e+00
2.732461991657418210e+00
3.689750644460587203e+00
6.447013940566089119e+00
2.513560345296575349e+00
4.725970151326191804e+00
4.693064644874049840e-01
2.497568997233984511e+00
1.367442834814270647e+00
8.388487635776101570e+00
4.877153951224127759e+00
6.669718559259795398e+00
2.294672144379672929e+00
1.257332744579229278e+00
1.549893855995996272e+00
4.783195722686718554e+00
1.501521122045902823e+00
8.166947013524408217e-01
2.087807497840408200e+00
2.302918741896500254e+00
2.466354999116600055e+00
3.489980904742319368e+00
2.136647080443174307e+00
2.770494380903318898e+00
2.057566943861113273e+00
3.934814302762391414e+00
3.677053905207694484e+00
3.010898065999147999e+00
1.373179016631786320e+00
2.685428259966422093e+00
2.952188699775845748e+00
2.615911156648485392e+00
4.564576791936155176e-01
5.914029606448814924e+00
2.285814200947825725e+00
4.295850724727001690e+00
1.398758406997540504e+00
2.013944186504374567e+00
4.516311326698315476e+00
3.029987646450167826e+00
6.796316459029567270e+00
5.383668756174988523e+00
3.402046501500222586e+00
5.857355873986429096e+00
1.892756704525236477e+00
4.189404557233822324e+00
5.086700059780137728e+00
4.439192360083398903e+00
2.934625031381446814e+00
6.176186819817858220e-01
4.940890283177814091e+00
1.357123667498967734e+00
1.470989853088330523e+00
9.131017263823839603e-01
4.250006559557496288e+00
1.787897879179527694e+00
5.065620462743444463e+00
1.143037514284281686e+00
8.918364920060478651e-01
1.270643424447444270e+00
3.308007918241769652e+00
2.665364579140246271e+00
6.567615484852726837e+00
1.831412711418333394e+00
1.176730019688226214e+00
5.346012787097545349e+00
3.727796378914059794e+00
2.062934045739318822e+00
4.375917946432044126e+00
8.500351635857047450e-01
7.227483216792080611e+00
1.043322878002636900e+00
1.227332664301120646e+00
2.055360216757634806e+00
3.983619508381158081e+00
5.489153649862234197e+00
4.697427846635742199e+00
2.886703294959491739e+00
4.045323503959733280e+00
4.016806481714735533e+00
6.051745926604912285e+00
6.210544422036054613e+00
2.215898570037483584e+00
1.177203116200917554e+00
9.521092848999593850e-01
8.887823449530192210e-01
1.845375091073307550e+00
2.680445708135314575e+00
2.616185020624425039e+00
4.552454653123029771e-01
1.702222502158910133e+00
1.787323719519321230e+00
5.198870014078531554e+00
3.122201278288160964e+00
5.549489260412086900e+00
1.925031225466707241e+00
3.445586724035183845e+00
3.047263823905896896e+00
1.231368117049630673e+00
4.798791017080142218e+00
2.442016001630844091e+00
1.430606262023283337e+00
4.134890556595349764e+00
2.798770017444557556e+00
4.541247666696289542e+00
5.673065080273016036e+00
1.897016390905589933e+00
4.730886032197395785e+00
4.645785064569643907e+00
5.356789653441755839e+00
2.384848008795402929e+00
6.341371542777460846e+00
1.895190817493942470e+00
2.823605590859699532e+00
1.536565758485137323e+00
4.026997630874888046e+00
2.458545845700612187e+00
2.909249650419775790e+00
1.075211466128316751e+00
5.897141775903830485e+00
7.351971717768962522e-01
4.177849542163902363e+00
3.532757683865637155e+00
5.804783068778330168e+00
6.540496950552922684e+00
1.748093625212117530e+00
3.441215796034867491e+00
5.342596892958280108e+00
1.324748893481813683e+00
2.983185920838890226e+00
4.513196339836532900e+00
2.922871105141929160e+00
9.829502205590030517e-01
1.210043620761211303e+00
1.750292061833196078e+00
3.094502538849768225e+00
4.430152695161595489e+00
8.235287984536119765e+00
3.227296669069480650e+00
2.756913056600689860e+00
2.878377185477271283e+00
2.994798156946869572e+00
2.197220502006923759e+00
1.613363696106193679e+00
3.729354920718145117e+00
1.883443593116062020e+00
1.209560054626685144e+00
6.323030321160858502e-01
2.986270672469656162e+00
3.717209857138653373e+00
1.151309498461085745e+01
1.151049247706840140e+00
7.864256390507150529e-01
9.757954402226992618e-01
1.849994268168377864e+00
1.218674275660403872e+00
7.173139513871024109e-01
2.017310760726502394e+00
3.478518302364662862e+00
4.236094837666519730e+00
2.255346566205166603e+00
4.770665614922839914e+00
2.458278234103649318e+00
5.538478189478085234e+00
2.333042019000519218e+00
8.405886109806273154e-01
1.304399086823883058e+00
1.005780179291252185e+00
1.183073803337992391e+00
2.993349962960058619e+00
1.903166716605883213e+00
1.184788399767120248e+00
1.789978594005816603e+00
5.666635269254468810e+00
1.533567199652614121e+00
1.577974355985137356e+00
1.765783650209546904e-02
1.092003861916034602e+00
3.929302430000417345e+00
2.134276712714239466e+00
1.443854297339941306e+00
6.287193650147337998e+00
3.250207663361447619e+00
1.318097895030097000e+00
5.568015488053655204e+00
9.601792425724656743e-01
4.646998464750478064e+00
4.690742299824888661e+00
2.377568751303341887e+00
3.976226955419468023e+00
3.165540766149519847e+00
5.086593498936490931e+00
1.920092755401596962e+00
3.142984736426496450e+00
1.355993300843376659e+00
3.349364887454663986e+00
3.627131695047353777e+00
1.485146918838346153e+00
2.589693226096386081e+00
1.559886442390801431e+00
4.674308810974117101e+00
3.217547820475330056e+00
1.086262132129876212e+00
1.629321660307591513e+00
5.734519348750400702e+00
1.971761179202635939e+00
3.909767160653419893e+00
1.830445088596283520e+00
7.365933633365878919e+00
8.011681448070644418e-01
3.096532120739444949e+00
2.953240894824591400e+00
1.860690359356857781e+00
5.576016443778037956e-01
2.466334709886348620e+00
1.008427115104887806e+00
4.914076962206785026e+00
1.599341506322387696e+00
3.629254420916192547e+00
2.504482110992292565e+00
4.453981966556760597e+00
3.369451352482320861e+00
3.663302073795598357e+00
1.088971158434988151e+00
7.079640522904405486e+00
2.029850289646486061e+00
2.469679696797670410e+00
3.277838030135955982e+00
3.023825115048957457e+00
1.266934662170630999e+00
6.256909515933997135e+00
3.358371453600719203e+00
2.650601740177474852e+00
6.934711582868176016e-01
2.540424807124074036e+00
3.570792583266113596e+00
3.380379290428169536e+00
1.147503698815201201e+00
5.370522536831402460e-01
1.873323840523313244e+00
2.601996558241443935e+00
8.772849548537098308e-01
2.870981614776596302e+00
8.821871622351459274e-01
1.888935517648807405e+00
3.387081323588834181e+00
5.984388657114446453e+00
5.194959773147148852e+00
5.921664958199455597e+00
2.893090194039569241e+00
3.961224955209995624e+00
4.960146778740360141e+00
1.957738479191010850e+00
1.024923722352994782e+00
2.219735705249914037e+00
1.776606181124068984e+00
2.036836271543816412e+00
1.393257682130992547e+00
3.640776825957842799e+00
9.699076100946777412e-01
1.328728074175655527e+00
1.972941474207735579e+00
2.463492910410330250e+00
2.892524075302970177e-01
1.897044201301268940e+00
5.096741565895658965e+00
1.652459819209845859e+00
1.595713311472786611e+00
8.005922273955638602e+00
2.065218369589956637e+00
1.980524555166367939e+00
2.850578938116655969e+00
4.446371100032447288e+00
3.284675437177992929e+00
2.269549445173109969e+00
3.845500140379157550e+00
5.607258201440205037e-01
3.260632855701070199e+00
1.800504841000452272e+00
1.010367250763353653e+00
4.028860560787345335e+00
1.992856199471578771e+00
3.024964430117339287e+00
5.191304498660459288e+00
1.158839867002298352e+00
1.198267426443370365e+00
1.199757402816700180e+00
2.220005534997576468e+00
4.310798626944725709e-01
7.751233279594439418e-01
1.789397185601671270e+00
1.437943405665780716e+00
2.853554395561885393e+00
2.086931184029514164e+00
1.843496492632892947e+00
6.833005522913310203e-01
6.508788650938400977e+00
2.455302941327301980e+00
2.189140360957024800e+00
1.459080233876479671e+00
6.940164575790679358e+00
1.516201396733448226e+00
3.864738490909839452e+00
1.699189083751208473e+00
4.249631145541534760e-01
2.133083906061433943e+00
6.775658357456460834e+00
4.581494461564201259e+00
3.099077414924694907e+00
2.212782419003720413e+00
1.631255429897066955e+00
2.157251589549062931e+00
1.677237678277687660e+00
1.691977477359559501e+00
6.474970971770613204e+00
2.350248436195499835e+00
1.276543804218185363e+00
5.386462026656098079e-01
2.160259221151541009e+00
2.706843119244468188e+00
1.060220221009315011e+00
3.891279775348914782e-01
8.407110435807327420e+00
3.360243899035818327e+00
1.671460110990802717e+00
4.671877022923348832e+00
8.632337483324631577e+00
5.558519785267032276e+00
2.643458230402637277e+00
7.440338271852382501e-01
1.285995415521822283e+00
1.656504555638393050e+00
6.597628639443914977e+00
1.604273680006741420e+00
4.120893225273390748e+00
4.290235082076613082e+00
2.384566261018239430e+00
1.900349396045446948e+00
1.145833655753192515e+00
2.565136276005595573e+00
2.771108289359712984e+00
9.309295681463521932e-01
2.197729857872351644e+00
2.730331678760922642e+00
1.228858978527528345e+00
1.831061256467028553e+00
1.883705966423827594e+00
3.184451330391429025e+00
9.617726600188548858e+00
2.917936983978639542e+00
4.495227887489966712e+00
4.809507391179481672e+00
7.494233964075672105e+00
6.396153082178361871e-01
4.374011712213897063e+00
2.320719325289521962e+00
3.224433514923352728e+00
9.991795711407420733e-01
6.821556038254006360e+00
1.435953386257619480e+00
1.353997948172642962e+00
3.391780358370203086e+00
2.560633582391760754e+00
2.402694241534871988e+00
1.597735903105647282e+00
2.171379901248507327e+00
9.368104780565630341e-01
4.365623498806335157e+00
6.446085617668456003e+00
2.464207845677257591e+00
1.858841576574947307e+00
2.700521452609805362e+00
1.609260988924313240e+00
6.888151987078752647e+00
1.895929919406704522e+00
7.034289595434271902e+00
4.449818919670874284e-01
6.305636725546109211e+00
4.331426656385152896e+00
1.220163042583737756e+00
4.328137423361344105e+00
1.199669156454217234e+00
4.703779275275993044e+00
3.313600874057001988e+00
8.713734542737080480e-01
1.974264562634652220e+00
2.160506829562638398e+00
6.997290753054542511e-01
2.875041430771299034e+00
5.718087747346192629e+00
3.205467813056122051e+00
4.744121993105221868e+00
4.955435130989509496e+00
2.755353093972769063e+00
5.302397181130565684e+00
1.714402641726168852e+00
2.503467759465541231e+00
7.498037651756384037e+00
1.243229285305993859e+00
2.983532285173628562e+00
1.402091483584667175e+00
4.964931220896429132e+00
4.102268930508685685e+00
2.481581899555172832e+00
2.170203587480681318e+00
1.087404904436658715e+00
2.465701303577488179e+00
2.412576340362241112e+00
2.348347996721559916e+00
5.384110610898129146e+00
1.323958920368954351e+00
1.507720424155020611e+00
2.467648909048045347e+00
3.423715232472904546e+00
2.769000731743248789e+00
3.443457847497668922e+00
3.387927783544656624e+00
3.919326336124054233e+00
5.096999380543138614e+00
1.727361218452592828e+00
3.276169248981012361e-01
4.031140398804982539e+00
5.618114907780758394e+00
1.201728980772141853e+00
4.121917496953870774e+00
1.630221546721442039e+00
3.268022130289656602e+00
4.678166921586906390e+00
1.447548976173809843e+00
9.894599440244080668e-01
2.379706418163750392e+00
1.640133702634746005e+00
1.205160990124342302e+00
1.035275190807372958e+01
2.269037749425609540e+00
4.246259558012820179e+00
1.296335720472332254e+00
6.349665586303326670e+00
2.169494091883414022e+00
4.061359212400014407e+00
3.299475131659129534e+00
1.083833313029346490e+00
9.561719174147921052e+00
1.692524952329631960e+00
1.754162905155173258e+00
4.759047663573714004e+00
6.931523486700306158e-01
1.465705274933648772e+00
1.818018943972120827e+00
1.331470089021057124e+00
9.482068035683688390e-01
2.256810250720169719e+00
2.758854670415379573e+00
4.309500389062443482e+00
1.135127317681704717e+00
2.046031125177000920e+00
9.255517814087446116e-01
1.029225883892661120e+00
3.189747457661968433e+00
1.034681033252950577e+00
5.510676318575571386e+00
5.744532244404825683e+00
3.488660925132708091e+00
6.569124344557368822e-01
1.183463432607859023e+00
8.850481207338351197e+00
2.762506134879039621e+00
1.788847469560886028e+00
1.895569698772137768e+00
1.465292474331346018e+00
3.439456291818758782e+00
5.782075316529636133e+00
1.858867325710628515e+00
7.283707625602443558e-01
1.392772735964175279e+00
2.736163263694399550e+00
1.476264229267069350e+00
1.492545091967814264e+00
1.204722913003714480e+00
1.262988146981584237e+00
2.072405908516978812e+00
2.606086167026187006e+00
7.370868256762259207e+00
3.560114968069603147e+00
5.682995597982782421e+00
6.415701415381939832e+00
2.026465064721205245e+00
1.472233720078377939e+00
6.256504898136078019e+00
1.155529212737638645e+00
1.232422662829634641e+00
1.422094754821311868e+00
3.442742448264572985e+00
6.263589855319452226e+00
2.675268494184360524e+00
7.330902198772114575e-01
5.429477543837878173e+00
2.606430584291500319e-01
4.313432854755371970e+00
5.974033541152473425e+00
2.407696614907848254e+00
7.119958182409933833e+00
1.207419435428840115e+00
4.448855872188432592e+00
6.368004852855450038e-01
1.746527026130916926e+00
1.704088603293948623e+00
1.774287060386431358e+00
5.372318231113888842e+00
1.367443684356107081e+00
1.906234189330486384e+00
4.169536355854595477e+00
6.318303333212257122e+00
1.826534849109865632e+00
6.309573530061909352e+00
2.701154597897128529e+00
2.087924876209371838e+00
5.886639843716484854e+00
2.486625383405745904e+00
1.784832332387127352e+00
8.182279403993881761e-01
6.306524928155871734e+00
1.810545051484963253e+00
4.316109327923916439e+00
3.694199728356346024e-01
6.627359440695373749e+00
6.038292150972410788e+00
3.773450703371229231e+00
2.389814689947411530e+00
4.361928804042223717e+00
1.372404075539155777e+00
3.618067655124068249e+00
5.171017144899167306e+00
9.937639186004633141e-01
1.088624567054002901e+00
1.472144603842872490e+00
2.286447769488693105e+00
1.672698966028789203e+00
5.973591780927889339e+00
7.215536272327508494e-01
1.932507184590052773e+00
2.834657794917975426e+00
7.130295905082417729e-01
1.317469185418034261e+00
2.124189132345290609e+00
2.347785376674857982e+00
2.562491768634667988e+00
1.873686438215257821e+00
6.463361136569591991e+00
2.525660879420638327e+00
2.178840583326249192e+00
1.851461977426707373e+00
2.651075893036278774e+00
1.442647953469243571e+00
3.798501413642073388e+00
2.658022772353368701e+00
1.744246820519123720e+00
4.389289322930596704e+00
1.026014698086168853e+00
7.647554967990664032e-01
2.076592550605385945e+00
3.041064264012626417e+00
4.426147819727026977e+00
6.940228306056805962e+00
2.026649830055777812e+00
2.789538835237145520e+00
3.238453820505259984e+00
1.101660519784488201e+00
2.507222736532360496e+00
5.059480297476216748e+00
4.614116365907979578e+00
2.826379677399671664e+00
3.555494554104229987e+00
1.710998314760772132e+00
5.566702263675537665e+00
1.729203983385369181e+00
6.166923718974943291e+00
5.226816564322987801e+00
3.960703980555198900e+00
3.278259926249155853e+00
2.235669634532748695e+00
1.729339306825055544e+00
5.588522800010138347e+00
4.350360370659804410e+00
1.182489508955198998e+00
3.145220902819859443e+00
5.737411429167629251e+00
3.350025175055730831e+00
1.193750836646071845e+00
3.118173046819967542e-01
1.319077861272139884e+00
2.578188254747839636e+00
6.441121538841559691e+00
1.497860108501190668e+00
2.021209267720074365e+00
2.363970613540125498e+00
2.661235304565095827e+00
5.548846226139954929e+00
2.132446249407536243e+00
1.833431850439077415e+00
1.695366261378432160e+00
3.540415123701096345e+00
2.188459060583000326e+00
3.561448072333594173e+00
4.966984544886924979e+00
2.918094162839851791e+00
2.619393322886947928e+00
1.785950704535506972e+00
3.061869868243087378e+00
3.608645193147218322e+00
1.055577645674997678e+00
2.256664871719556764e+00
7.552722677222814873e+00
7.297513887546617006e+00
3.022342046376046421e-01
1.529549235946636276e+00
1.461841781513919303e+00
2.687222920318387942e+00
8.065739974866522610e-01
4.293669958854628099e+00
3.245232276766963242e+00
3.193086893399384785e+00
7.369234070714163476e-01
2.970707255715455464e+00
6.888794911133953924e+00
2.295803255534949461e+00
4.062609729391138735e+00
1.094470219909845721e+00
1.704084389812726696e+00
1.356897413692095489e+00
1.040454980080204317e+00
6.447819440966583215e+00
5.160430616030527773e+00
4.279418913085589971e+00
5.244630464801903758e-01
3.065589339052027018e+00
4.290044853508955036e+00
3.364209554822449100e+00
5.612095492853608647e+00
6.401736783689262467e+00
4.846180723059237749e+00
8.965989850708082187e+00
2.405202715462400054e+00
6.198964297072140361e+00
5.308202818178695992e+00
5.093251896935054646e+00
5.945634522528713273e-01
4.606133419042540922e+00
1.810145228724816091e+00
1.352701253590172570e+00
1.680789350113077729e+00
4.504408755123855634e+00
6.870733973200342959e+00
9.685775053987892846e-01
1.476684754615166684e+00
5.616533496676608728e+00
2.536215117904780492e+00
1.784492299462475895e+00
1.006180364692468743e+00
2.251880705693520390e+00
2.089298823184777998e+00
9.345520378745437284e+00
5.073712702139029140e+00
1.544453738430122902e+00
1.081942865477802718e+00
2.645690747083355721e+00
1.595551228356086204e+00
3.750327308726739695e+00
3.371618756171629094e+00
5.175663235895421543e+00
1.513234360298907344e+00
2.158989040678912730e+00
5.651391067694246928e+00
7.649221253008390065e+00
3.518751959212028879e+00
3.800648344720778393e+00
5.628888753767053110e+00
1.629301418954351766e+00
1.690011850337471921e+00
3.171578690574826442e+00
9.101126137080962630e-01
1.190730977134556223e+00
8.646212925406162597e+00
4.046335384599461626e+00
1.216584871325927075e+00
2.221729885085997669e+00
3.961287409656335967e+00
4.982263771729805946e+00
8.291154350343278523e+00
1.635746845297441965e+00
3.140170467177169744e+00
3.212092379601617864e+00
8.156100137620803991e+00
2.013380509216041947e+00
4.208260160190638643e+00
3.912396263973900279e+00
2.758665357733172119e+00
1.977525389646488607e+00
5.206047869831154529e+00
4.427193081447021505e+00
1.909724040005888357e+00
3.340331648084633898e+00
1.075656232882048036e+00
2.820897638027949128e+00
1.174374772920918186e+00
6.084572903005074362e-01
1.856839637094221063e+00
6.394644794712405211e-01
1.077813344696520570e+00
2.363074757172620277e+00
1.843845995667318327e+00
7.857353101203567114e+00
1.049985937943450631e+00
1.087423997207247028e+00
2.925971246988946284e+00
3.371564773165079743e+00
1.853646965823372739e+00
1.044013434425038911e+00
1.130304658617680147e+00
1.543479134272109921e+00
4.052247995993989882e+00
6.356959613226002226e+00
2.267794969730845267e+00
1.947462275794173969e+00
3.520426028753003145e+00
1.643046181299030462e+00
4.129410023872348567e+00
3.610590151788247493e+00
7.819003432102203943e-01
2.099837154203624490e+00
3.760621493426414386e+00
7.470120274397009652e+00
4.163922827616171496e+00
1.334297013022653244e+00
1.484230056932145159e+00
1.993620366246567244e+00
5.638459791629597539e+00
1.659957840605544854e+00
6.071957595953013431e+00
1.741844944314601351e+00
4.634779980881480910e+00
1.508189639670688420e+00
4.525282452900620811e+00
5.253861289335788776e+00
2.529492739807384094e+00
3.703892825534112365e+00
3.755104594130123985e+00
3.560651739941702143e+00
1.613635373737982714e+00
3.677007581135756542e+00
2.899835667118862759e+00
4.403009913752619298e+00
2.832530267367897814e+00
5.170076092740402807e+00
1.472828442187420261e+00
4.101241349853705920e+00
4.445749678406945904e+00
4.634778139545605136e+00
7.789922972553882552e+00
1.869867532176141323e+00
6.002386624757146905e+00
5.446189063955408471e+00
2.305214116931997737e+00
6.432335082134238435e-01
2.483419925429879882e+00
1.886559647115279681e+00
7.442716260764385972e+00
2.401269801098396162e+00
5.044275841719671583e+00
6.690285372968289845e-01
1.477438309256005056e+00
1.906144625473000787e+00
6.762851637401370297e+00
3.043817023061124782e+00
6.300179153830827161e-01
6.392378190147205430e+00
3.724891585120090554e+00
6.841908750282107654e+00
2.047167214277570757e+00
3.774030532613261713e+00
2.210103100527711639e+00
9.635079906389769633e-01
2.560353687550542379e+00
6.299290337673770779e+00
3.078501321546971425e+00
1.992906673166545684e+00
1.692335771199140471e+00
2.242997267654139204e+00
4.994132306594891269e+00
7.296330233972413426e-01
1.301128992966221531e+00
9.203173574903529275e-01
2.474256139307137836e+00
6.157493890260947289e+00
6.232523318817388969e+00
1.932786315381886943e+00
2.189653176613572061e+00
6.309545497116562984e+00
3.161455618939640555e+00
1.445105522431401557e+00
6.640342330996470643e+00
2.011865012646552486e+00
3.457628819418235189e+00
3.149651639383826418e-01
3.747839163477002966e+00
8.847120680450998309e-01
2.856096130016867018e+00
2.987155999009305507e+00
6.597125345536084318e+00
4.973831349470697383e+00
1.519268481851536956e+00
2.302791296716888425e+00
9.492703043870944768e+00
2.097644715867319487e+00
5.131456089293103595e+00
3.879512954631486377e+00
4.791992715199485886e+00
2.469859853990564513e+00
7.708652925403343126e+00
2.946177221574087568e+00
4.329802095406279250e+00
2.263013390663978441e+00
1.254779945894832993e+00
9.430469945492651718e+00
7.940797583640845092e-01
5.459433963562488223e+00
8.870691960417587119e-01
1.634038110104586217e+00
1.376013187141028382e+00
1.202965863863440177e+00
1.785527512763218416e+00
5.724628342819563898e+00
6.018146141930981408e+00
2.107555749753487806e+00
2.997258355024483123e+00
1.392295447829836830e+00
2.993732392809561382e+00
4.873922544701241755e+00
9.759827569452265150e-01
1.552856753648911736e+00
2.805750378066188322e+00
1.518246246260356980e+00
8.290706649239970361e+00
2.446428625600824969e+00
1.832215501080118436e+00
5.216355689123086670e+00
1.938769330589249273e+00
5.164020418185128136e+00
2.689441894794465160e+00
6.255671046866718044e+00
1.594470614589243107e+00
7.378581624604076517e+00
4.537006626723040448e+00
2.158710706179189920e+00
3.449875858732622813e+00
4.352234609326806947e+00
6.092529586691010079e-01
1.301863679425927067e+00
7.092993984855024969e-01
1.222540625052246810e+00
7.519317917673765450e+00
2.768909733674800311e+00
1.893202509014537904e+00
6.794507468638288916e-01
1.996303943433078043e+00
1.374052929859822969e+00
3.247580466192129034e+00
5.059002130906780970e+00
2.680378907337691574e-01
6.147775963265210919e+00
1.473326492826861900e+00
4.443848163663629336e+00
2.859431346342880875e+00
1.974075514409992849e+00
6.195732895903794279e+00
5.544586255786104090e+00
1.146794335731351477e+00
1.781846352432390423e+00
3.057501068108928077e+00
1.746087793829581347e+00
7.729527962918195660e-01
7.560440493674578377e+00
2.369343688742915788e+00
3.599068703415966297e+00
3.329439733198948037e+00
2.213609188226830948e+00
3.332950630119022151e+00
1.703902167518523525e+00
5.174068969809704654e+00
1.435051313791590455e-01
2.387451715113394268e+00
6.129227763525043393e+00
2.216137172291432034e+00
1.991246122033363264e+00
1.079839637860932511e+00
1.323898881005845407e+00
4.858095814692714676e+00
1.125507056866265065e+00
2.546622083449098017e+00
2.058168993362555987e+00
6.994375601721980473e+00
9.489091163317678879e-01
6.038218361957286007e-01
3.597689820786952097e+00
2.881934284143636837e+00
4.912006140915660346e+00
4.999739302386267958e+00
3.816603797651243912e+00
3.450942818052946226e+00
3.874024862272940628e-01
2.340459829791593727e+00
5.680938650360002562e+00
3.374506341191492176e+00
3.986705304457595300e+00
3.618422396876790792e+00
3.503511433184182344e+00
2.523524157837836679e+00
3.496296268978482669e+00
6.342195686916747732e+00
7.677907297628314254e+00
5.681026135538620458e+00
5.684004628889629096e+00
1.069868328295573656e+00
3.153840125616901080e+00
5.982441620801247417e+00
1.876693001510743919e+00
8.895670539991723302e+00
8.354726106165591970e-01
2.956982347678237311e+00
1.642849977761425828e+00
1.720783891034336266e+00
1.848171477933701734e+00
1.492151448994336160e+00
1.938390784251811549e+00
2.912770834014561938e+00
5.359863714316675853e+00
9.880739001853219960e+00
2.225125795512573834e+00
2.449831803397298113e+00
6.456635382760613773e+00
4.139448107134667154e+00
9.804925657619409929e-01
2.059983835415385212e+00
1.141976995638582126e+00
5.027574494121413551e+00
3.576934432103306083e+00
6.761877064798905046e+00
3.332527885880096186e+00
5.239755988975507428e+00
5.955721216162779275e-01
5.551512568279675541e+00
4.039469821418641082e+00
3.200409300217604169e+00
4.181248203053729462e+00
4.838736295137102239e+00
2.572048316605433538e+00
2.313333693750868836e+00
4.796221283755339737e-01
2.316612045408362075e+00
1.706719568741428050e+00
4.451595232229567323e+00
1.550185042552363557e+00
3.102272246550781265e+00
6.670815408840554461e+00
6.028105325350188615e+00
1.455170402548019881e+00
3.623974662305471384e+00
5.408142004833835337e+00
1.900207695979299505e+00
4.529601073053212801e+00
1.292332095656009150e+00
2.584554324179544782e+00
1.291078568783740499e+00
2.898968903625263049e+00
1.082930394992820622e+00
3.202660399281708870e+00
5.701613061392182047e+00
3.737385061864647806e+00
2.618407082108149542e+00
1.205611562377613577e+00
1.525370183781419753e+00
1.191054952724316163e+00
5.776296860162665858e+00
2.933906996757433383e+00
5.336572745597139011e+00
4.617579123091822169e+00
3.523433683564121122e+00
3.489472003614125573e+00
2.197572327650708424e+00
2.659898489581784098e+00
3.500164389761118322e+00
2.381565648540550750e+00
1.859750817371708997e+00
7.018376433394506453e-01
2.784121410570739474e+00
1.076899639315981538e+00
6.579400838912103922e+00
2.557450345237250122e+00
5.143860883435055209e-01
6.160576160024763048e+00
5.915925357008807950e+00
7.559862088839257588e+00
5.858208985161512672e-01
1.859618349413624472e+00
2.247692301651806890e+00
1.070139584476764050e+00
1.567750481272340624e+00
1.720375036446438743e+00
3.816660965972453301e+00
3.736345137970206842e+00
3.132182824798546150e+00
2.234638073372079869e+00
1.270197654770317763e+00
8.040720769160119019e-01
2.410775220251804907e+00
5.735116486241635059e+00
4.220793672065434876e+00
1.069558851821508227e+00
3.435517366810870943e+00
6.137250118911431462e-01
2.045626499723199210e+00
6.012432856043472995e+00
2.645420757920345256e+00
6.204040823339030730e+00
5.390819244001823662e+00
6.543670304255745584e+00
1.983407677048971474e+00
1.377769329842090107e+00
6.445377815904349994e+00
5.306374365376083979e+00
4.163366301322736440e+00
2.925070739415475352e+00
2.669017995380745800e-01
3.417430091376933543e+00
1.603508449241211942e+00
3.676574457119987649e+00
1.085175411449344818e+00
6.812986834220842169e+00
4.708170664419054852e+00
4.330967539833094349e-01
7.088915790855879528e+00
1.926416172010419592e+00
1.870050788174963952e+00
1.159768087419240201e+00
3.353369460189123519e+00
4.159334880724164130e+00
2.848840199374070181e+00
1.389559738208907103e+00
7.002749186365196943e-01
6.319675695959356965e+00
3.500919214941200064e+00
3.367223564343597264e+00
9.515567479698568976e-01
3.234897871481899223e+00
3.577670797765120092e+00
6.390079247982191069e-01
5.944906883912919326e+00
2.049670011438310624e+00
9.241727581491916865e+00
3.444509921427126642e+00
2.090310806800728116e+00
9.603116302093865908e-01
7.157774083106922536e-01
2.313843383329777570e+00
5.285709423082602498e+00
1.615405348589944001e+00
4.037817338579774429e+00
4.575571839967496501e+00
1.139956538449882872e+00
1.112150214361420275e+01
2.201176242145127748e+00
7.109287514538726427e+00
2.489921622556196201e+00
9.949352899508427939e-01
2.339072601994059752e+00
1.286046624465737809e+00
4.349049578439897479e-01
5.033018788988082193e+00
3.087646184595163934e+00
7.911929863465686497e-01
2.907739345050917468e+00
4.726162726124480074e+00
6.439694592878332458e+00
3.652648431504235571e+00
5.847906246454070534e+00
7.711372474751002626e-01
1.502479290168826420e+00
6.313519224647111017e+00
6.280229823297354130e+00
6.614056947146118581e+00
5.241302640473058716e+00
2.019686006097483943e+00
4.838712808914650942e+00
3.237503369885257332e+00
1.077060246000286714e+00
1.322158484176324755e+00
1.201877574684448113e+00
5.807133150831752744e+00
6.583162123515323705e-01
1.224492596127528365e+00
2.686869386973841589e+00
6.355706183937950726e+00
4.544995661413816279e+00
4.420792827984664441e+00
4.943892210471267035e+00
3.408725073457275379e+00
9.447693021561132554e+00
4.849016438137764951e+00
1.694194655465613764e+00
2.499333053810487648e+00
2.497178149075817366e+00
1.269355244420180551e+00
4.640487405069669613e+00
1.216418748333957245e+00
2.019230176782203401e+00
1.373935916006328695e+00
5.399122433387039122e-01
4.614553835158906381e+00
6.063472087706140989e+00
3.322413316891331014e+00
3.896465857993236082e+00
2.763743589407809065e+00
2.519957401952106935e+00
3.104005148941433756e+00
2.132004528621331829e+00
1.916424778403309936e+00
4.175178320935780896e+00
4.024518977725593416e+00
4.173008390184821614e+00
3.338808579265880372e+00
4.376424126750461663e-01
3.009648187099472239e+00
3.499727547792113036e+00
2.345393791433665776e+00
2.938965965304210837e+00
8.714546262620985750e-01
1.754580975187853165e+00
7.231044249122836609e-01
3.767908626410043205e+00
4.280456885877701012e+00
2.257730720684290038e+00
1.942198714798625048e+00
1.673771408481139700e+00
2.066234423265725262e+00
1.262403568865481551e+00
5.171043875541270651e+00
6.366699272491731065e+00
2.134079347005187088e+00
2.556880785301914649e+00
9.709959758386013107e-01
4.215866718700699067e+00
1.927421775025444761e+00
4.540625359582873166e+00
6.970407990975085788e+00
2.013719152682268199e+00
1.936976743858655592e+00
5.292239756431616371e+00
3.619880902025758296e+00
8.552689146414021337e+00
6.979904664610861786e+00
4.533962544620182555e+00
1.440967178824972939e+00
4.197447932447805896e-01
2.466766124958908346e+00
3.667228581218435757e+00
2.195606529664891671e+00
2.585818929271946232e+00
7.744718786191727711e-01
5.566000370981417866e+00
2.033974284962983159e+00
4.896504473675617475e-01
5.448638433896205946e+00
4.294998861809142809e+00
3.642097822525567796e+00
5.908636976653932393e+00
5.144439330032334112e+00
1.564309613319126324e+00
3.627259765798518831e+00
3.916032009758898091e+00
3.301505287792128929e+00
5.078940320835744870e+00
7.999073385778415535e+00
3.362574453870461166e+00
2.592313797196770242e+00
3.083771689422444950e+00
2.951931552929288882e-01
4.781523230468834207e+00
3.465397135932842154e+00
3.019902163815499474e+00
2.331556546892270987e+00
2.503236443820481050e+00
4.135057523712664995e+00
1.455088349431937322e+00
2.108944709074779045e+00
4.719765731806250919e+00
1.499427575221775166e+00
3.033643690607184862e+00
1.335697933260842962e+00
1.453976851712168283e+00
3.563366197335891550e-01
6.681238210975598335e+00
6.430036189932674340e+00
1.482945107421658637e+00
3.758633962636435122e+00
2.624361160206190480e+00
7.429158264211212170e+00
2.766741409715450573e+00
9.295685244879893228e-01
1.601193371830233581e+00
6.374794710521665131e+00
4.422951840490473963e+00
2.256721642889812252e+00
1.564929308809857256e+00
5.198470723907170354e-01
3.604295176269272094e+00
3.056680886525351859e+00
5.868922453305536635e+00
9.988703252490744866e-01
3.442151919616085465e+00
7.009266479088924306e+00
1.576565180436985791e+00
2.526146586072703482e+00
2.909340899727055785e+00
4.650131522567283682e+00
5.318512577555583931e+00
7.632062032676122598e+00
3.721768862783793264e+00
3.660031128331401873e-01
1.165437427895121392e+00
2.912070150738047758e+00
3.815712526760719925e+00
1.759521774544124728e+00
3.465393140201608269e+00
3.963266688845433539e+00
1.338236920046499634e+00
7.090647105265853511e+00
1.435907970352377605e+00
5.362148370033967382e+00
2.896140161711436178e+00
4.577125638992050050e+00
2.370022309614746803e+00
1.192670459419417517e+00
7.248314197402501158e+00
2.514788070794854224e+00
2.543648154703964437e+00
8.019432393217407196e+00
3.272314392403290473e+00
1.296426355046953471e+00
1.534265271885321358e+00
5.645497851462063288e+00
2.215932095173115179e+00
1.899361092359582726e+00
2.963786205549430619e+00
6.835563852391503659e+00
2.507130000784495660e+00
3.464719402216753341e+00
4.118984257611726818e+00
1.929026821136785363e+00
1.648284842225120395e+00
6.681481090579212356e+00
5.426095499996336224e-01
5.543401955620325339e+00
3.760469463436031390e+00
8.772902750739925537e+00
1.494888658267757187e+00
3.600005691981462697e+00
1.632557025977324772e+00
2.141715965827402979e+00
3.074700373286009203e+00
1.936715942142386515e+00
1.872719979134503054e+00
3.032244885715125182e+00
2.633890092399963745e+00
2.169923520922390825e+00
2.987787234982253626e+00
3.494053994029034271e+00
3.253520610854144568e+00
3.692684464333856997e+00
2.582066471288380960e+00
4.346924767867980322e+00
2.869969370608390413e+00
4.183956558795044245e+00
1.343215090549696678e+00
2.458044396585049807e+00
5.187675067399497131e+00
1.797348523462212855e+00
3.962732222658066572e+00
6.012270285131996461e-01
3.660372155974881636e+00
2.253025491634410571e+00
4.296656486444079270e+00
5.503185469944144259e+00
4.644561463153818459e-01
5.333500838761103147e+00
3.938283412678898365e+00
2.131959571532588971e+00
7.248275027257967684e-01
6.666746041472179307e+00
4.756887826046989787e+00
7.464570477064239595e-01
1.713153003975371513e+00
3.539442711553471455e+00
1.288739494686136133e+00
2.852796915220961349e+00
1.615944123651051667e+00
5.174768475610231455e+00
3.089142054274417681e+00
2.301118260472082788e+00
5.091258080303206590e+00
3.985933946803585037e+00
1.179558095148803831e+00
2.540257805066838959e+00
5.427206982983976413e-01
1.073466714508164666e+00
5.980276434401795349e+00
3.808884255765253357e+00
1.039631630369951321e+00
5.669041254604753055e-01
2.343711825457557296e+00
2.918004120956634750e+00
5.892289248742393681e+00
1.972702473026232806e+00
1.672853135168680616e+00
2.501054865510543568e+00
2.768138540001333414e+00
4.348164257867581206e+00
2.665697780908338643e+00
6.700319133794020443e-01
1.072214937252938327e+01
1.575386661274875921e+00
4.875079582598617733e+00
1.551817319019983987e+00
3.407075592556179533e+00
2.925351120315024644e+00
4.145911576971163193e+00
7.008980733667614871e+00
5.284622021915952317e+00
5.586810755412069396e-01
1.884744246313640348e+00
7.448803206807079746e+00
5.576097426564725623e+00
1.038382205315430129e+00
7.002985071010682239e-01
2.913729593464708945e+00
8.532060672555193293e+00
4.695474397304177927e+00
4.967391355821262344e+00
2.518294903498685677e+00
2.044580469048047799e+00
1.850200070633970517e+00
2.846413804641694245e+00
3.788378757743362080e+00
1.278496075310438407e+00
6.513015118966535510e+00
7.283493194712580276e+00
2.831138579920590370e+00
2.744598582865371394e+00
4.584724600386053339e+00
7.619723166929095015e+00
8.529133525156832318e-01
1.752900129452019229e+00
4.124184210337555889e+00
8.057878481041811369e-01
4.541694688999949214e+00
2.689424721106413951e+00
3.805495557662800787e-01
2.508957763933032492e+00
1.773771298817154118e+00
3.714628168839412048e+00
1.707676773769561285e+00
3.557802706670865067e+00
1.136051527971586594e+00
1.715863869690183785e+00
2.822441491645737432e+00
2.278567919908464745e+00
4.432221477790659891e-01
1.656799118352198841e+00
1.213024958485853233e+00
4.136116803032362732e+00
1.183697753017608711e+00
2.214714914845419269e+00
4.212609245819979975e+00
7.080218475087275642e+00
1.229526219698544365e+00
8.094043341232525890e+00
1.714232274563019409e+00
4.807969524749611701e+00
5.599818256086868118e-01
3.285894906439245755e+00
8.247505290940586598e-01
2.467096264967444608e+00
1.074626296412097304e+01
7.596608458845598655e+00
4.680036208872255798e+00
3.029692406675799976e+00
3.248656625629747108e+00
6.788253725352683121e-01
2.215905540050545852e+00
5.634865289140757127e+00
3.405154364742873918e-01
3.737406720486520229e+00
1.425409944792180195e+00
8.568346144176267387e+00
2.772284080031090614e+00
1.110206761042617618e+00
6.354728544013177327e+00
6.320422467595923521e+00
2.918738471508753651e+00
6.359499533537658955e+00
3.308997919550741074e+00
1.898776974469136070e+00
3.312927355314073896e+00
1.423537653349914667e+00
2.807740733302433789e+00
5.557074179108468570e+00
1.011910089866070006e+00
5.465834781720529278e+00
1.746471968123376906e+00
4.166807659608697811e+00
5.324722358708075198e+00
2.415026624637344632e+00
3.937761898939575733e+00
3.669422028753292597e+00
1.781088145516991350e+00
1.702357816747754660e+00
6.469379564498528801e+00
1.887875046625350883e+00
1.391138408376837887e+00
8.335883958665737836e+00
3.476105914438146982e+00
5.037972572928133275e+00
4.236464062843525724e+00
4.197489912581056970e+00
1.943718524573479600e+00
5.716719352178482261e+00
5.556092190106550532e+00
8.649956292120664081e-01
1.908185937050489889e+00
1.601897253647672104e+00
6.249015943122823380e+00
4.952797997074799952e+00
1.471210184436327673e+00
3.042756246324286984e+00
6.338845439302033036e+00
2.002175245543388993e+00
2.865285963904423916e+00
3.641652976951209819e+00
1.753345844522772534e+00
5.768365516946078131e+00
2.661140473023956510e+00
2.066307427553973675e+00
3.777174541083399451e+00
2.411414968518222679e+00
9.964623364259435068e-01
3.417701069173752604e+00
2.947920197762774919e+00
1.061635136000433022e+00
1.573596561504162494e+00
6.866192617374673013e+00
2.131325380682161652e-01
1.843776625965208193e+00
2.677277834638069454e+00
1.751359747027938507e+00
3.457963112932196381e+00
4.200353620167682323e+00
6.733025108327419517e+00
3.154225823348765889e+00
6.458221344587692592e+00
1.824600384271639175e+00
2.354116037362184777e+00
1.741774865847869336e+00
2.328813241910233867e+00
2.342649864288540940e+00
2.127454292663578883e+00
3.640828453498309525e+00
5.267198692944777605e+00
1.430165628149108192e+00
6.086985932307763747e+00
3.351716605892006928e+00
5.079408575579742902e+00
7.206807074910632771e+00
6.760880539157601454e+00
1.527892225104622081e+00
2.134192836888046951e+00
5.362055132101973598e+00
3.068134308794462140e+00
1.802042671154689746e+00
3.593214026518657178e+00
1.065557451580856130e+00
2.276530181474774484e+00
2.546996002584008156e+00
5.351620077244145790e+00
1.418022843469883831e+00
2.228244279186298638e+00
6.132941150973969080e+00
9.990789894597907894e-01
3.459383814388371281e+00
1.374835642196214680e+00
2.716392619493316118e+00
1.923244017045269816e+00
5.598883828444724209e+00
2.069155851960771564e+00
1.134447503867953788e+00
3.552167053742272707e+00
1.309092544701038419e+00
3.108598566573172128e+00
1.808939473672377618e+00
1.834506393871043528e+00
6.176151307153980419e+00
2.742411820316974502e+00
2.789318401306008610e+00
8.287362377687444992e-01
2.141452661569767102e+00
2.969236001026178684e+00
2.336131284798930174e+00
6.920006335981964796e+00
1.897738960050440626e+00
1.803707449163197918e+00
2.289329384410136559e+00
6.817962190381514631e-01
4.573471679074509133e+00
4.299388189795987358e+00
6.170209908116017772e+00
2.337409575676075324e+00
4.756787664842685892e+00
2.000324455544832958e+00
8.536973316799225664e-01
1.341270612823587616e+00
1.706395692015280297e+00
3.655767019488548097e+00
5.191811377678158479e+00
7.822786133655187379e-01
2.456809693497941094e+00
5.728057194975897382e-01
2.031469308885911040e+00
2.949957652464466840e+00
1.430935689057391214e+00
7.224132738405213416e-01
2.143703958945656574e+00
2.527708035316266866e+00
1.150849162231135203e+00
2.394979229241110286e+00
6.705782145854962684e-01
5.756627831303630316e+00
2.443878156220444353e+00
1.391790393729003705e+00
8.255079384194196068e-01
3.940660543212657352e+00
3.462592232203106857e+00
3.720508188285053031e+00
2.012798982046773766e+00
4.826308986478073493e+00
5.609516879347697937e+00
2.494412498407588163e+00
1.707238159861729221e+00
4.731281645327687357e+00
3.595472759884221770e+00
5.446306675230665029e+00
3.217349301177561127e+00
7.415108442850464332e-01
1.203416761359654030e+00
1.801272880962905276e+00
1.580036493628107053e+00
3.379315407703711305e+00
1.069296417743755612e+00
3.255629055180114140e+00
1.348237849016525214e+00
5.767887865516992951e-01
3.809859281070698156e+00
3.650325618035904718e+00
6.275920721419766757e+00
2.678529816866061175e+00
5.416990627663724744e+00
1.807151767963941280e+00
2.349749427182344697e+00
4.168915306034516988e+00
3.222034013704061728e+00
5.599902087712801624e+00
2.156755569290845553e+00
1.335061677528798896e+00
1.489593510430441858e+00
1.765523570988495772e+00
2.097474544301972443e+00
6.531391859618135953e+00
4.530230529421717556e+00
9.476357997417533818e-01
1.633458962558640648e+00
5.583843504385038514e+00
1.789579808762462143e+00
1.743820886077097176e+00
2.132819110363447290e+00
1.391803855965350945e+00
1.448123067737768777e+00
4.622192105591882871e+00
2.733883784945335460e+00
2.287562727895945169e+00
2.215909974304416608e+00
1.647534275351375088e+00
1.763550338028937681e+00
1.159232878898926566e+00
2.342153592864522960e+00
3.107981206500327609e+00
1.618903087596616386e+00
4.757088233760182305e+00
1.037156726527663331e+00
5.735594895790576686e+00
4.419019889192593809e+00
6.851149422336466621e-01
2.679021633314602191e+00
2.046585841477955636e+00
6.240384092303973063e+00
3.166821004648436855e+00
6.987222788738042256e-01
1.394237872438442993e+00
5.065875900052488667e+00
7.305823310502673529e+00
4.548354863944862103e+00
9.157470770609225097e-01
5.049764718980394917e+00
2.517808895475062592e+00
1.501696917106689622e+00
2.785308979472549851e+00
2.223784649540398561e+00
1.873354083883792542e+00
4.984178011199706049e+00
1.519420678957901449e+00
1.433349731677849404e+00
3.955544345649704141e+00
6.453827008549958499e+00
1.247676870180168684e+01
2.532774491153180207e+00
5.750482764623360277e-01
6.407724407438204484e-01
6.557908757380909393e+00
2.007585614832553489e+00
5.640907230330816091e+00
9.623125959970518783e-01
3.131036663600295533e+00
2.640473550779579348e+00
7.014699775747708976e+00
1.037107694838996119e+00
2.269895613907122467e+00
3.804457775377642292e+00
3.030489926149201541e+00
2.259240567918505693e+00
5.657216627388004682e+00
3.008196434573389588e+00
2.177397380440574182e+00
4.556611333418139509e+00
1.272271957658146491e+00
4.106496094099081340e+00
3.886710500529935164e+00
5.543805886742165789e+00
5.353477577869306892e+00
1.682655682372989681e+00
2.850331113060603716e+00
1.095177559593659922e+00
6.386552730297269109e-01
3.965632227713615343e+00
5.467492108339249590e+00
7.135655597435685671e+00
7.401988854429462528e+00
1.235261028022536900e+00
2.053944427117022187e+00
1.618470740662429019e+00
5.551071641890431785e+00
1.788249372792327208e+00
1.952833289147889895e+00
1.948669767963223221e+00
1.625244316339733430e+00
1.445436039324655475e+00
3.553423067053453455e+00
3.563362697726681017e+00
9.076413930391939999e-01
3.717734300545541437e+00
5.268884342633702644e+00
1.664774647460189660e+00
6.321702826574323586e-01
1.855226063665894876e-01
8.744600835448297360e+00
2.090629974705344729e+00
2.665298762428847557e+00
4.447822180414940263e+00
1.099039146444295056e+01
4.824145923944563208e+00
5.123513827244346786e+00
5.646936216664617980e+00
2.028517497069215747e-01
6.159034740243537698e+00
1.763809474770720032e+00
6.328834438856592470e+00
1.191703439964857836e+00
1.302720317539299622e+00
3.214156292668216786e+00
2.620922866945664786e+00
2.459213991620140760e+00
3.400580315699460066e+00
1.930744417272971081e+00
2.307866320958508410e+00
2.822111322365222996e+00
2.395243061202370516e+00
8.132384328580467781e+00
4.208815591971288406e+00
5.429872594031526667e+00
9.383043930227547014e-01
6.608318222649021578e+00
2.790658431137403639e+00
6.810087844180609196e+00
1.058999835995637850e+00
5.709448452237783300e+00
4.496558995473264098e+00
1.000424661234719848e+00
3.346568826478102832e+00
1.982398911985240098e+00
8.973676215252153199e-01
8.947767669522140865e-01
4.379480862148388276e+00
1.177293244564282837e+01
3.802964260612709868e+00
8.804959350458190670e+00
1.748329637222998612e+00
3.674458542162503338e+00
1.731057062836769633e+00
6.290475787905066340e+00
2.481204324194917099e+00
2.791666322519986920e+00
6.484406283887094169e+00
7.852957564861178241e-01
4.397536085759234048e+00
5.934055620239952589e+00
5.081070916289201378e+00
6.277872001858492368e+00
1.309867495060829334e+00
1.869921923009141063e+00
1.129397458592929615e+00
2.534638818850489361e+00
5.334579071037565123e-01
1.248054508030088217e+00
2.194281804305823869e+00
7.683946449622710562e-01
1.047043324305524603e+00
5.289435866981525791e+00
1.801099437957362825e+00
2.599191147024057624e+00
5.855089640188606559e-01
7.489146310281402208e+00
2.381933168458209682e+00
2.406083950009211492e+00
4.310618717282829415e+00
1.762979638635603141e+00
5.645016724608336034e+00
9.139955865253676093e-01
1.870510339080906581e+00
4.973213762821639405e-01
2.181706991740802515e+00
4.488764678286857546e+00
2.776769133142960477e+00
6.080217202451865255e+00
6.826777351014812201e-01
3.398028168209845212e+00
3.036043734430139640e+00
2.138098310789130707e+00
1.126445675984697470e+00
9.462458292991177133e-01
4.726293288661854497e+00
3.575610949508763348e+00
2.437498203131633456e+00
3.011211185487090436e+00
1.902574912946905838e+00
2.749234970713189341e+00
1.621134258374388182e+00
2.745039918439986071e+00
6.451345598944489446e+00
6.603450802544482023e+00
1.561288661562321600e+00
2.562546239339112297e+00
1.934030745747493008e+00
4.392831874908031509e+00
1.722962871186406897e+00
9.421093595252525432e+00
2.161676140452257755e+00
4.001080726836366175e+00
1.446613147520503295e+00
1.086531666225854842e+00
2.345994786665435150e+00
3.657849245576004105e+00
4.733195811841977019e+00
1.959902066068673010e+00
2.395493641277736785e+00
6.509732855054632061e+00
1.587300554512822037e+00
3.774931020833918183e+00
4.564780944880119096e-01
2.038488950298684266e+00
2.696007469631180431e+00
8.660446724893630099e-01
5.712244092119080463e+00
3.384913079581288287e+00
8.297147234309020236e-01
2.521508654052603937e+00
9.535374570317189935e-01
3.052592610585043165e+00
1.843200950926986659e+00
1.544292915849196035e+00
1.880271366977561698e+00
2.681378589027972215e+00
3.697566590775769768e+00
8.531547610047170993e-01
3.997407442532268984e+00
6.145293077928911663e-01
1.372316271484857353e+00
3.001934171751303726e+00
2.382087920305330009e+00
4.493264083095032113e+00
4.218843672807988554e+00
1.447190291254760064e+00
5.735505086576787370e+00
1.061292342997166349e+00
7.099764882739533212e-01
1.560287854477941716e+00
2.974071847468826135e+00
1.480988241388234927e+00
3.275217020130960943e+00
1.410071905153380989e+00
2.366022613467161140e+00
1.809864000909945814e+00
1.141707287833737094e+00
4.674375585501106656e+00
1.904886643407170066e+00
1.633345867225326931e+00
5.142930121988348313e-01
2.611671821413776406e+00
1.829834873949269358e+00
9.370948286084604950e-01
1.847125786529360214e+00
3.170352668684216724e+00
1.560486297176793435e+00
5.168608044357673847e+00
1.917829772971142210e+00
2.896679890052995976e+00
1.992742653444664169e+00
6.673089752196098345e+00
5.346579303804960048e+00
1.080552116229028137e+00
1.518038054953699367e+00
1.326891221681530508e+00
8.809457081965104130e-01
1.737825231896386269e+00
7.611442735766380530e+00
9.026428553658101261e-01
2.649561678539679388e+00
5.162713564057729521e+00
2.281517183688879236e+00
3.435162382596801844e+00
2.353429227070092278e+00
6.008565889900628676e+00
3.186559040513907703e+00
1.613606397598506215e+00
8.360537727109352835e-01
1.216400512217564289e+00
3.262058991420071052e+00
2.291413894999509093e+00
3.429462431750950557e+00
4.125614317336646408e+00
3.374650522340155945e+00
1.989486332945605174e+00
2.787083771626022610e+00
2.121520049150535936e+00
8.542866367957910878e-01
3.697712409544378520e+00
1.635798507231865484e+00
4.503417298916300382e+00
3.527611957200649684e+00
1.115559186935264790e+00
1.579309836320526905e+00
4.577212754512096637e+00
3.165300115545503168e+00
3.071227947447558115e+00
2.882853047255154788e+00
2.698133535589622323e+00
1.674260074142016608e+00
1.589183673764941407e+00
3.326212331878569461e+00
3.238882328580268588e+00
7.294614718105690843e-01
4.239156080618037947e+00
3.081950640702086019e+00
3.500288708909201851e+00
7.987451929631612657e+00
6.833741531921758705e-01
2.037612382422997470e+00
5.124005059455916999e+00
1.583634764094951963e+00
1.342006413626589012e+00
2.580847755216116202e+00
1.432825548763754897e+00
1.483685872515255744e+00
4.634701317969321721e+00
2.140695934368308073e+00
2.513176703650303878e+00
3.709483327633619432e+00
2.571247576264847012e+00
3.702116588090656357e+00
1.105356490876629350e+00
1.478337272780363421e+00
5.708921572657518873e+00
4.847112229782852388e+00
5.461117340145873023e+00
3.085344930186816992e+00
3.299645167333081996e+00
9.983215762139532323e-01
2.124294107457962433e+00
2.229112267065569419e+00
1.810854906652213492e+00
1.487368958675656438e+00
2.666067709297021526e+00
1.088718790363298217e+00
3.530210069617174984e+00
4.944747109192930701e+00
3.137452538810369784e+00
2.651384229547890214e+00
8.541816112592577337e-01
3.657749414863260107e+00
1.970789181574331472e+00
6.260447808675113635e+00
8.122374858845777812e-01
1.654328101469175971e+00
1.357205386688097315e+00
5.700565659845131528e-01
9.277575430703078885e-01
3.219142989569975022e+00
5.297422988737145566e+00
5.024590970411485502e-01
6.242740150845068392e+00
5.512966952710759649e+00
1.673005287065144397e+00
4.901382557944796936e+00
2.582887897003507405e+00
9.056213633944306451e+00
1.985514086717151683e+00
4.323721893432872498e+00
1.518080764210134381e+00
2.337593216265511753e+00
3.773217219142400936e+00
9.033437204649698016e-01
1.062721307159625539e+00
5.948767243293001883e+00
3.352162902740841943e+00
6.441764614971533298e+00
1.041561512078004847e+00
2.561574146568311949e+00
9.894927566263198582e-01
2.969372259507503387e+00
3.404598487884072266e+00
3.491245748248236858e+00
1.742220330071770906e+00
5.551657531973899218e-01
2.229010036509767367e+00
3.395827561022279895e+00
2.812718841740411868e+00
5.127535574562199550e+00
1.095327775543621263e+00
5.361351250650483458e+00
2.911154701195364236e+00
3.652014359272795829e+00
2.197637030515570356e+00
2.999401103428369630e+00
5.505838696878472938e+00
8.234979381498529705e+00
2.772053821318813949e+00
5.754574889454725728e+00
4.128228727840170365e+00
2.997239000567447853e+00
4.524950096202801753e+00
2.090150492487524048e+00
9.173365702275523281e-01
5.369080015789213789e-01
2.224688974037064781e+00
1.270041347222155670e+00
5.321079056334716562e+00
8.026484603429910436e+00
6.078921373493082925e+00
5.290034181213426834e+00
1.395130788692369839e+00
3.183563920194002472e-01
8.711122556611006207e-01
1.095791767814958906e+00
4.511466852744079326e+00
4.699526976694389013e+00
6.519869425581478417e+00
5.731319529809715263e+00
5.500199180701197399e-01
6.449597669723323712e+00
1.755265733758823110e+00
2.699390662675321018e+00
4.102219966255479799e-01
4.312478655502192670e-01
1.852469059718775846e+00
1.640196183197916602e+00
3.464535427034690862e+00
6.470142069768737514e+00
5.278510965738355765e+00
5.484631242533464679e+00
1.396303271330080475e+00
5.282212102262337616e+00
1.288528274349845182e+00
6.598561224288609139e+00
2.047696620862253791e+00
1.355852381793631212e+00
1.862765396470054791e+00
5.747206391193844688e+00
1.043700502193120272e+00
3.553853925056883245e+00
1.180144279294649268e+00
1.832385084740334680e+00
4.365422429326642373e+00
1.322248294884197373e+00
3.374180663244915390e+00
2.462135296854452982e+00
3.201235878827639603e+00
2.789695414989419753e+00
1.634267203241226651e+00
1.351480271153592039e+00
2.373631163166549651e+00
2.580433403843162221e+00
3.774982286044147539e+00
2.591641684095701059e+00
1.413726870031896565e+00
5.642592366524726621e+00
1.504727401239230433e+00
3.297784901788825884e+00
2.544837177373859838e+00
2.939590689810920754e+00
5.280937300965967474e+00
2.797462841825742341e+00
2.955065630916832387e+00
6.214487707495414126e-01
4.564733814532174527e+00
1.294221690078918074e+00
1.751967894903237566e+00
5.916816708399024627e+00
2.037124777727121749e+00
9.686483243144868860e-01
5.213908921368773264e+00
1.967864618375112506e+00
1.860670103904332073e+00
3.238227045396297465e-01
2.756125259069495570e+00
1.482304001443995212e+00
3.155623658298349898e+00
2.818244114491120111e+00
5.914495190842519179e+00
3.469433753638051954e+00
1.394631061980403652e+00
5.290754327544345159e+00
4.892734638617369236e-01
3.339458347079797829e+00
5.433779669765009146e+00
4.874655679863669988e+00
7.056139080745492009e+00
5.019265749121822218e+00
6.013611695350752129e+00
2.662125368005473725e+00
9.555318517196961237e-01
1.200857251400172521e+00
2.352739826402406198e+00
4.510914908486626906e+00
1.140351994397808433e+00
2.492460121373415660e+00
8.057713987963570190e+00
2.361866216152585185e+00
1.103865868639930747e+00
3.432963586812892487e+00
3.972919247832907619e+00
1.239636576309722349e+00
8.927191482626115615e-01
6.545657815815672187e+00
4.749787397254804588e+00
2.554941426971828911e+00
9.068967984401865579e+00
8.632269225454252126e-01
9.502080399276744416e-01
2.797524383518755986e+00
1.140326113797483165e+00
6.881412850563243033e+00
3.116608399387534423e+00
2.071599307882062480e+00
3.089386229182333299e+00
7.570858491237608678e-01
2.282767300840538915e+00
8.128104205696802254e+00
4.626185693906652574e+00
6.264499691840239581e-01
6.372429366386570315e+00
2.081417643896258163e+00
1.520536719193279040e+00
5.123900141851186696e+00
5.851691155137911382e-01
4.672187374945520055e+00
5.502946796562691034e+00
5.292698411105033252e+00
2.056467978530041929e+00
3.558453064045362435e+00
1.654327935314182207e+00
6.865585423562952094e+00
1.567572074299941054e+00
7.050012006480363524e+00
3.435829427757833288e-01
8.165599027579435898e+00
3.710135680031762195e+00
2.025724620476915039e+00
2.829634247062315033e+00
2.229579794985128149e+00
2.951533914847373374e+00
1.427117660913718167e+00
4.064665496079529206e+00
1.780889671982689437e+00
6.093298939836625294e+00
2.431036631477009102e+00
1.008373376671132915e+00
1.146601415069710139e+00
1.364592921315641361e+00
1.047794622688275279e+00
4.033829223276855558e+00
6.716648584688334367e+00
1.735240450187639727e+00
2.119975536378432501e+00
6.980038735693627316e+00
2.175370431769177326e+00
5.272243901510702990e+00
1.843649397994307604e+00
3.297559854663272727e+00
6.242518067816431593e-01
4.199571199697940571e+00
2.186234123965557163e+00
2.408917669581656096e+00
2.196534730721809048e+00
4.029787697002284119e+00
4.535157594294433103e+00
2.462992428403222078e+00
7.925507790222245497e+00
6.123281427831338775e+00
3.933231956850793409e+00
1.800857178597846886e+00
4.065072878871214712e+00
2.468377619355630159e+00
1.086102671551545829e+00
5.151818719059693130e+00
1.582771613128003185e+00
1.493484850600852232e+00
1.588644201016311541e+00
3.590291306163619356e-01
5.580695073975546983e+00
2.695261220703937255e+00
7.132834339168890203e+00
6.536369562505407238e+00
3.326171005784265944e+00
4.076932050214760572e+00
2.040763790042934567e-01
1.992229262886227259e+00
5.190343644232116915e+00
2.979869391679847102e+00
2.273275996021976830e+00
1.995524570544939813e+00
1.077768496684716748e+00
2.778369754941766301e-01
5.301436278322029239e-01
3.487242176259943705e+00
2.122027581167706956e+00
1.145050853796428125e+00
5.963505107791910120e+00
5.049457731938064020e-01
2.589254915580356364e+00
7.349556966273494751e+00
4.547771740521672434e+00
8.439961796816800588e-01
6.057972893899502331e+00
4.282277329320056225e+00
8.058124993965334326e-01
8.162554872372237424e-01
8.647661544457005078e+00
5.894516086026442281e+00
2.576166443256603600e+00
3.209297604901105494e+00
1.271422537024522903e+00
2.250879891349931938e+00
3.764546146224742706e+00
5.936305479003908481e+00
3.522317267868965152e-01
3.061163906440182547e+00
5.738866403196579036e+00
1.469842001632100326e+00
2.739041285978387474e+00
1.581207609671555492e+00
1.238870658053176310e+00
6.194515940566413192e+00
3.742945963939473764e+00
1.799014426327071536e+00
6.504425394750782630e+00
1.891780090488474952e+00
2.475967281173201417e+00
2.555345974982758506e+00
4.681776660142163315e+00
2.480540355006536579e+00
8.723794313254721322e-01
1.260545289651231915e+00
8.669885660977399766e+00
7.967676394941965334e+00
6.569793420555772201e+00
3.517086181870931583e+00
2.530869912943135791e+00
3.651502063153718947e+00
3.757618463230728789e+00
6.442415635539312513e-01
6.204981258354723472e+00
2.273590152128527553e+00
2.871824336190335725e+00
2.626007527203429337e+00
1.868535638159782630e+00
3.990814193330433302e+00
1.861159360141810826e+00
1.339910688780679537e+00
1.023352111935555264e+01
4.038527105896435820e+00
3.434040230155908979e+00
5.812117769224921737e+00
3.411587403357725812e+00
6.196519861566186504e-01
2.470383746092701838e+00
1.522559540789991006e+00
2.804793700604069073e+00
2.759000745771419627e+00
3.048439664008396388e+00
1.872072336700483453e+00
1.913515401879585465e+00
2.965866147116928087e+00
8.324928767549800712e-01
1.493999283062659389e+00
7.332371650713981559e+00
2.228553104557657427e+00
5.621010453288775466e+00
2.479171139120180722e+00
3.095083438280299859e+00
2.088971367225391784e+00
5.052580585564282245e+00
2.920472755097630824e+00
5.719637776846637323e+00
3.438049445754441713e+00
3.823353962183325461e+00
3.726902167636563679e+00
3.377769771308097191e+00
4.238452289500227899e+00
2.110496825659386122e+00
5.470197947674494188e+00
3.801507585963905811e+00
1.615308483482010837e+00
1.936216288214829495e+00
1.391463201509275160e+00
7.636085514286945486e-01
1.513993199992156979e+00
5.141968977018067655e+00
3.790229796683691976e+00
1.940967350155844873e+00
2.168847210990920260e+00
4.201274850354424828e+00
7.732829104352058058e-01
9.064680233058279857e-01
7.038764809058636551e+00
5.307961065437079462e+00
4.533598473839237641e+00
6.000595702845337165e+00
1.141088145792877206e+00
3.497568055459861380e+00
9.954225004712521363e-01
6.540574063095530910e+00
6.047119667935965115e-01
3.317496397285190746e+00
8.424916670822023557e-01
2.274963304350796189e+00
7.724739519928848219e-01
3.519572325433655280e+00
2.624925871769002050e+00
1.746936789300361781e+00
1.552078601189124774e+00
1.337437531021322679e+00
3.884490701478119146e+00
3.479606095825406253e+00
4.186521755822872670e+00
7.883510023408560885e-01
4.571633910960537506e+00
1.522174663779806147e+00
2.983705066268135475e+00
4.123862611230165065e+00
4.706880328376271017e+00
5.382379851586403419e+00
1.150937780245931519e+00
4.315772531925963662e+00
4.307844260999384112e+00
1.407976481144610048e+00
3.842092634176885735e+00
2.598845929739655780e+00
1.367796895383434741e+00
3.586015967230988366e+00
2.553288143178762404e+00
8.152521073786342498e+00
2.597537309452922383e+00
2.227037110522118279e+00
3.207637166878354762e+00
3.768434386094872135e+00
3.795682279288776773e+00
3.648461760000233589e+00
4.349845050453180484e+00
4.802271800601650931e+00
1.837073523689074062e+00
1.524185894266925301e+00
3.644315453910199842e+00
7.762572267169195461e-01
2.741704441336112463e+00
1.115405129623332714e+00
3.019115779378781728e+00
4.115169460984571259e+00
6.425994118234917174e+00
5.729236892279875981e+00
3.518519872122390701e+00
4.779306625268289643e+00
8.455792172478307833e+00
1.026541403672119213e+00
1.415338118626769059e+00
7.095895777430587970e+00
3.540673124755096879e+00
1.805377763557917570e+00
3.108818721288366227e+00
5.189380921779538358e-01
2.360106934711705851e+00
2.778369324388127559e+00
1.436047731974833042e+00
1.307307055380444005e+00
8.080588143799447565e+00
3.898311708896568195e+00
2.954419462323559564e+00
3.256343080109770582e+00
1.675680554690287094e+00
1.488537588967254521e+00
4.404209818019782396e+00
2.249605996790204010e+00
2.689570166676140239e+00
4.840430217470405694e+00
3.481426121356046455e+00
1.912698869494980025e+00
1.470178904411742371e+00
9.601296562965839776e-01
2.960561163634799708e+00
4.392497629854566377e+00
1.699639384337625847e+00
4.854738614263832908e+00
6.867291791855420158e+00
8.885423984914404549e-01
6.511087798675612159e-01
6.357732418469145941e+00
6.283194565465739068e+00
8.006655929977165576e-01
2.610096914746768082e+00
5.450813113716065139e+00
2.072586163979604379e+00
3.745008861277737910e+00
2.890616025371594233e+00
2.226537520874547482e+00
4.595163661885089290e+00
7.133428642906026518e+00
2.018808467494557224e+00
9.529138258888680824e-01
3.547536616195175352e+00
7.100729175725154718e+00
2.054254222817285314e+00
2.582764485935634013e+00
1.436374811600148460e+00
4.663586561683118248e+00
4.078338463436657513e+00
9.502908937312509741e-01
2.847685399021883779e+00
5.916783270459043287e+00
4.673416870851042404e+00
2.083620122084433923e+00
7.378021037041501806e+00
1.091355535660562648e+00
4.046900998543108585e+00
8.481488232636463565e+00
3.485381017654298752e+00
1.432487363082322052e+00
1.516217842355706891e+00
5.968758770785091095e+00
1.712850761311110581e+00
4.041654228049339714e+00
3.095409669175626988e+00
1.121514222646299297e+00
1.531533566204981822e+00
8.019674024045885474e+00
7.232032726427513936e+00
3.400650195097112860e+00
2.598648574590938676e+00
2.077027577356799881e+00
7.485064631529758650e+00
4.125824537931162439e+00
6.664663105357347739e+00
7.072997599772502753e+00
3.970125735082121299e+00
8.418608208136506565e-01
3.398842787768324492e+00
4.460842822154835297e+00
1.872098257472242011e+00
1.614964328154345097e+00
8.472899295487998472e+00
4.762412890838374047e+00
4.815250783127760670e+00
2.064173887925156770e+00
5.605154162869000700e+00
1.502962684223355883e+00
2.073846135156562909e+00
2.368125009978243156e+00
3.078024663051138088e+00
5.120625891717476286e+00
3.749531298951873648e-01
2.612085722599024162e+00
7.884117740505801386e+00
3.182880685438966406e+00
2.474321984798276919e+00
2.740265086918522108e+00
3.818968411232635418e+00
2.481753530085940351e+00
1.662240374211593874e+00
1.186760338348062493e+00
1.749176189983627783e+00
4.682987208969090709e+00
2.072928054625801764e+00
4.563703861010057317e+00
5.307963396555800628e+00
1.975451404623273399e+00
2.421448619333611774e+00
2.109356429448818737e+00
1.147455865455715651e+00
2.318398544659561189e+00
5.367751492499073240e-01
1.415771847901987179e+00
2.017561430981676285e+00
1.596661597769379437e+00
1.180220953954122631e+00
3.350526754623115888e+00
3.372126650805160164e+00
1.381200309272066606e+00
5.358355056966716212e+00
1.802739248705612640e+00
1.126742095278078004e+00
1.612361960322386434e+00
8.508557530972874261e+00
1.794147000233777600e+00
3.176421880872660974e+00
3.414623626441998017e+00
6.045032093281363039e+00
1.600923403626808961e+00
1.898842016169894897e+00
5.532268661347298888e+00
3.695068391874074099e+00
3.449911323909373273e+00
9.390017721174981347e-01
2.457597165943651962e+00
5.094285000879332781e-01
3.224364253073392028e+00
7.375207954504496399e+00
9.535028263355918021e-01
1.868200721658680452e+00
2.195074160307183053e+00
1.552602752957808363e+00
1.810523330157888466e+00
7.178040715369590208e-01
2.193994222311947517e+00
6.857075020088624129e+00
2.392524956647790635e+00
1.748273092460809641e+00
2.536052598845724759e+00
5.952982126127595031e+00
9.895853100236386979e-01
2.483722048740116151e+00
6.455569695907309224e+00
1.146123417044373483e+00
2.715492318132518790e+00
2.284293987025755701e+00
1.100959188336010808e+00
9.533506754484856183e-01
1.135721547726529446e+00
3.065707358470176835e+00
3.861930471011436161e+00
2.145305804018322160e+00
2.707299220531342865e+00
1.899883131352549714e+00
2.866320673722221990e+00
3.265216971922481282e+00
1.906528851793179546e+00
4.687227125423308216e+00
2.542529849050558788e+00
2.474417472415363140e+00
6.478063604003880815e-01
1.881405744592803853e+00
3.070028539642161824e+00
2.236330145196353314e+00
5.864221702908366751e+00
3.562575946840239816e+00
8.127454809791863077e-01
2.350268643366448806e+00
1.228913919563424884e+00
8.105999341320199170e-01
2.103081650645220790e+00
1.765658320137066140e+00
2.863835701346689966e+00
3.317045626620557464e+00
8.877044905696787058e-01
2.632508909857820711e+00
2.610447020304974775e+00
1.076045206931748099e+00
2.521001591591462532e+00
5.263321953381174367e+00
3.638138804647778723e+00
3.375628174030950168e-01
2.854327436868159040e+00
8.457533917544299840e-01
1.251155799143459646e+00
3.591915616998741179e+00
3.114945467470579654e+00
4.330841334853600344e+00
4.358312163544622031e+00
2.186549294036954194e+00
1.304723862206328189e+00
1.482314559935746345e+00
5.266421139992087497e+00
1.085478070175127430e+00
5.557140037818708578e+00
5.448108447900816387e+00
4.547846690519720347e+00
1.877299945142762105e+00
1.890266586067671950e+00
5.573611933447055300e+00
3.696547807573721922e+00
2.750874928135720765e+00
5.808709183612085880e+00
4.648334825209997412e+00
3.620617095156272391e+00
5.615109158471995876e+00
3.592569470964966261e+00
7.611339144987216976e+00
3.005228782266274323e-01
1.483771600920516853e+00
1.833214654137234056e+00
1.176833707391806261e+00
3.647106415982295236e+00
2.614083754961288975e+00
5.673559023718487637e+00
1.513412714938342063e+00
3.163117808149128241e+00
5.412805315957752050e+00
1.506427756481449887e+00
1.149690837329229165e+00
8.508782285396346845e-01
1.348126330323706767e+00
2.704611773564342236e+00
2.922373515407062250e+00
1.278603181947382872e+00
6.627960860854397396e+00
4.190453234565390872e+00
8.725198337161700346e-01
8.261288849617319796e-01
2.401877371083921187e+00
3.978563842329103206e+00
2.308672000691620152e+00
2.643326928750180826e+00
3.869206606081011302e+00
1.989312159576238859e+00
7.686869394809893841e+00
1.116438060956098433e+00
2.161467760976111485e+00
8.668602241915317475e-01
3.898704474021000177e+00
3.282688144931304119e+00
1.529767202358568001e+00
2.875254105633352264e+00
9.391871543958043578e-01
2.701419115003351301e+00
2.933078500358039520e+00
6.920906647747621321e+00
2.016060964756969387e+00
4.162849462967836978e+00
5.267094012645000767e+00
2.374986031488873550e+00
1.783618131231630155e+00
2.042800351230367184e+00
1.029770103570626594e+00
1.404805055245220036e+00
7.033095575676028943e+00
6.307415961871319254e+00
5.402608725495431585e+00
6.517744755591822203e-01
1.078075254687243634e+00
3.444829387422799982e+00
4.114030402556018373e+00
1.812022888473081794e+00
1.307395591903500298e+00
2.878265497235065862e+00
6.256252762571432591e-01
4.110606038626070102e+00
5.462923465525356015e+00
6.117559533692881857e+00
7.356495474427397596e+00
1.776640356852789537e+00
3.568919313951342431e+00
1.766273247252055700e+00
1.938821277125589493e+00
5.912665473487297430e-01
5.099690626485489986e+00
1.074364547234327505e+00
3.240543335682052106e+00
1.269426814090540701e+00
1.389957765264865808e+00
4.085854126044221601e+00
2.611387858578993360e+00
5.785924722752242566e+00
1.101865300863652530e+00
2.367690407848471068e+00
6.448991980971225502e+00
1.253623599626877194e+00
3.621369702734850815e+00
2.221421756885514576e+00
1.669020078983975752e+00
1.029245218584314792e+01
2.469360298875885817e+00
1.410634142453921935e+00
5.910747516288087366e-01
5.140033778105619788e+00
3.677404241824147491e+00
7.568491393167346981e-01
1.717151372941499554e+00
3.767338862588933690e+00
2.707123783711744114e+00
5.144816586398296643e+00
4.101375772130201547e+00
3.060793372688293434e+00
1.579242879536599586e+00
5.760998341636465625e+00
5.826254172979166590e+00
2.797532854866240370e+00
1.501194102791599372e+00
5.807164000010751614e+00
3.032835265760955412e+00
1.341296294121118837e+00
2.187662519051427612e+00
3.290395326363351192e+00
1.575317714789502777e+00
1.975037814742310216e+00
7.441366551546180652e+00
1.779341975831247868e+00
3.502480894787068699e+00
6.160679036007633558e-01
1.747748699501874725e+00
8.484132063170568117e+00
3.088145704898114019e+00
3.891245936137210482e+00
1.591721295834402472e+00
3.678159163170672041e+00
5.843539127261516697e+00
4.474051812084429258e+00
2.002671348832460563e+00
2.655162803309832231e+00
5.345224589773811985e+00
7.082828096352337788e+00
1.788679711232312508e+00
1.331669818023525576e+00
3.912397769067394560e+00
7.341075003001401811e+00
2.002988598330956105e+00
3.118622909594130022e+00
1.483828344738147953e+00
1.778301486268825782e+00
5.091514398022224164e+00
1.242767348771962155e+00
2.314291264668000281e+00
5.693194571624870193e+00
1.457238589692136932e+00
1.832692104015929413e+00
3.796759931885235861e+00
2.877320694457311312e+00
3.970161043497288489e+00
4.840976554752394634e+00
2.293866453842769104e+00
1.716659731474889483e+00
2.364567555666761134e+00
9.045848465418576012e+00
5.945951673119017400e+00
8.773068177748121199e-01
2.955581679040223619e+00
3.968144588166661713e+00
1.632987240794983919e+00
3.189441309444682737e+00
5.761153914730280157e+00
2.907500785662422427e+00
2.112225116069494479e+00
2.923537056176175764e+00
7.414899726926266199e-01
1.545849547755094866e+00
5.154709257492877672e-01
1.914460766732009489e+00
2.750574239700901646e+00
5.250597859122183131e+00
1.993321472078111833e+00
4.034779412686674505e+00
2.529930490356318895e+00
2.387477106566218144e+00
3.886891757034128592e+00
3.997177775844906744e+00
9.611833588063194433e-01
3.792671157780458824e+00
1.153075062076503121e+00
2.052263614271749415e+00
2.342366403145814679e+00
3.424002851273562076e+00
2.570073275647269728e+00
4.213612788866985426e+00
1.285038022597442486e+00
4.240688153967443697e+00
8.052108064862680825e-01
3.062629955683561001e+00
2.799305203542414855e+00
4.459425317675058231e+00
2.641235825250905389e+00
2.109382103331639779e+00
2.711061736970874048e+00
1.498808524389320995e+00
2.351509848227514965e+00
3.909756886854270697e+00
2.471048739815123962e+00
2.817590930928083104e+00
3.296927505216937782e+00
3.408312331110265880e+00
7.839890678657392087e+00
1.410062289348982256e+00
1.877856777506458519e+00
3.737242404676404117e+00
1.607682980066422962e+00
1.882701537840633321e+00
2.186939467349674704e+00
4.940234685010672422e+00
3.207237195018202591e+00
4.436815185100601688e+00
4.285408026855615837e+00
9.746887037280967947e-01
1.825039697005700123e+00
6.911875407391193660e-01
2.424182180532900244e+00
3.776482008573301741e+00
1.458975096249894632e+00
3.584183890061777955e+00
4.750701571332063278e-01
1.331365159473140158e+00
2.002353553797804331e+00
5.567682766922390059e+00
1.935199861875078309e+00
2.288340252052034618e+00
5.069367027967819794e+00
3.440843483096035715e+00
2.197897144875584630e+00
2.095645201803769009e+00
8.844491499850342109e+00
1.805651150120894943e+00
8.008562545909983399e+00
3.575182704920266907e+00
5.825353135317327791e+00
1.124118542921724417e+00
2.373947234759953950e+00
5.137584510862661880e+00
2.005709182996561868e+00
4.628936065025714974e+00
6.822292034504982006e-01
1.646698079019013328e+00
1.433450184434246211e+00
2.720870589455647970e+00
2.573189663649880110e+00
5.768282618944302165e+00
1.150658508542638003e+01
3.907491416533773965e+00
2.702727257408894523e+00
3.421782852033324662e+00
2.838499453918585047e+00
5.761828832008061951e+00
3.397597298781743991e+00
2.957179602663635887e+00
1.884985872163787990e+00
3.344182207102790017e+00
6.721711205457964411e+00
3.549514394509170945e+00
3.428799563947408924e+00
2.306202950351418757e+00
2.510962956696373372e+00
1.040639064359622612e+00
5.549418520828460766e-01
1.430931167956202676e+00
6.803122084364344957e+00
3.703437878257945570e+00
1.800471071843219306e+00
5.549091904388171237e+00
3.540397747288848596e+00
3.485059112852892049e+00
9.676864215534985991e-01
3.870303932999228369e+00
2.367474902003970705e+00
2.879345612725579873e+00
1.521084149185605083e+00
2.375905676257402455e+00
2.572824114914273874e+00
2.126016608261695140e+00
1.864745343542692391e+00
3.883648173056997610e+00
8.169350825155117235e+00
1.813905455502250685e+00
3.555242072812434095e+00
2.941562049670948920e+00
5.963831804395606007e+00
7.564680950948791782e+00
3.531294121602130964e+00
8.259048679540422100e+00
3.506543849914521616e+00
8.800903752891521270e-01
1.387403299375119081e+00
2.497037538236835719e+00
3.856526400091419671e+00
5.100775589769358298e+00
1.011232244971310479e+00
1.900050139041113084e+00
3.042903928413844383e+00
5.948668813931401012e+00
3.540228032491484544e+00
3.789343136232945053e+00
4.646122846221754088e-01
6.440470578395216528e+00
2.042619313649213453e+00
5.039814750542641164e+00
1.137489545536142677e+00
7.861479045731791793e-01
5.408959555696319477e+00
1.360220941163375441e+00
3.291555476282909787e+00
3.349719032373841721e+00
1.037421520051602819e+00
4.496235940596694292e+00
9.853054631638624716e-01
2.384334781580351947e+00
9.870733452212597792e-01
2.841437997780078550e+00
4.371104843377866089e+00
4.758704204559083273e+00
6.819370076371198408e+00
5.273402620367355631e+00
1.443395790311219118e+00
1.460455331584212146e+00
6.250275758265594561e+00
1.102448212953083484e+00
1.087434626754629985e+00
3.061248969461424441e+00
3.505797625933104733e+00
2.419186904898542156e+00
1.573252207249697499e+00
1.147177896588802426e+00
1.757410786367002764e+00
2.841590855484371403e+00
6.825332965243385841e-01
1.870882124601735308e+00
1.160598085033524240e+00
4.017965387485997297e+00
4.943931062403372323e+00
3.385524695597151190e+00
1.399962858189421677e+00
2.324716595846774148e+00
1.285339650666346589e+00
1.883206546952892246e+00
2.059977872168542223e+00
1.754902017583351403e+00
2.811458993237084147e+00
1.431180344200722931e+00
3.013118707102918847e+00
3.144997584669024793e+00
2.919918616432328307e+00
6.031917712806646570e+00
4.827877389345837100e-01
2.809423955638301162e+00
1.572600046454219802e+00
2.114092266321024205e+00
2.178891360411394640e+00
5.898635738861929489e+00
7.953967835385122864e-01
5.662350072739760876e+00
1.514090862334123821e+00
9.359944071210806626e+00
9.115772780017749044e-01
1.642063176644834810e+00
5.445953084676640188e+00
4.941239595508585936e+00
7.933969537525285887e+00
6.513594941012005535e+00
3.912857685416811560e+00
1.940789539688398291e+00
1.877153546493953051e+00
3.734101319663409413e+00
2.278400446485234987e+00
3.065669276075712713e+00
2.766404167150319893e+00
3.956658047580127846e+00
7.019182751287053046e-01
2.463389798563695887e+00
1.838506818845258906e+00
1.083335590189041131e+00
2.778770491912595730e+00
3.311766829098594211e+00
3.011159219143949350e+00
5.237767011787047622e+00
5.206649241749954804e+00
5.541601190631276985e+00
7.299026186540552352e+00
1.920035020917642887e+00
3.921049520922157416e+00
4.342025505675680463e+00
5.902108194184954471e+00
7.444670067157193039e+00
2.268141080700835754e+00
5.830465289075167590e+00
2.619857789463416520e+00
3.242020487636736004e+00
1.554952359178432442e+00
4.298860472824221901e+00
1.730660054771324674e+00
1.440512591815469534e+00
6.657911766969125011e+00
5.058605335534986480e+00
2.312605234116239750e+00
1.649002392036709619e+00
1.110895955016243608e+00
1.503601323126571909e+00
1.516110825849266597e+00
1.457299686969254937e+00
1.520974534103087583e+00
5.251147283320926284e+00
2.487624238920997488e+00
2.800195771458375393e+00
5.027351281074849076e+00
1.036352542923709708e+00
1.677883426129570310e+00
5.482054345782556126e+00
2.045074506960026017e+00
1.658497322907732663e+00
8.425398161039016065e-01
7.930052928887859842e+00
5.249705309753590399e+00
1.786645258066158926e+00
1.800619639561675589e+00
4.626029775905752039e+00
1.794992999919132526e+00
1.854326635713615223e+00
1.249532943474888524e+00
9.374455229008501478e-01
1.498509232529937396e+00
2.695156862987946322e+00
1.426522597215012844e+00
2.431103117260073887e+00
5.652757107985643792e+00
5.109702354592463358e+00
1.372847247740971666e+00
1.032020159153492989e+00
3.734154900336043248e+00
4.011718612606085976e+00
4.565765694564449362e+00
2.752106025263011180e+00
1.604363147969307457e+00
5.326907579898869649e+00
8.135767375698428339e+00
6.453407684294012459e-01
5.706991969345449611e+00
2.516149539180696948e+00
2.977357723540828172e+00
5.901175305671992888e+00
5.733790115274942423e+00
9.952401860300087444e-01
2.641609241821229581e+00
3.647552024133175586e+00
1.234148078029194684e+00
5.293745441012973174e+00
8.247837527704552363e-01
1.185777453213103128e+00
5.913984820556897892e-01
1.462452368839015360e-01
7.421006081117199393e+00
4.455406185662422303e+00
6.983110247523261371e+00
1.332409050517332494e+00
3.761128870682446390e+00
3.767328457682784570e+00
4.241381243169198179e+00
3.276686149766794287e+00
1.246378121469407851e+00
1.134433661283642092e+00
4.736416669601958063e+00
8.263759618472670709e+00
1.311529032411492546e+00
1.610719300731673131e+00
4.354009331455849896e+00
8.092942412042523515e+00
1.435146486542430155e+00
3.027145854022375904e+00
1.283084306915313721e+00
2.074366630026355907e+00
2.247272150438708760e+00
4.266812240896756592e+00
2.381221087616105514e+00
3.042062270452894790e+00
1.042915713918665332e+00
1.509010792701061421e+00
6.802093071408950919e+00
3.866872106995369762e+00
3.157642733590393824e+00
2.861005145145603557e+00
2.056066932428163074e+00
4.204433875262017395e+00
2.313236296291244720e+00
7.437602553426837515e-01
8.343832541151702253e-01
7.169956924852432856e+00
8.523503101365730306e-01
1.085837285352235115e+00
8.512156738042728765e-01
1.651250404782043546e+00
7.754164325129263569e-01
6.774752361913207288e+00
4.470192826038516642e+00
6.572051556688778717e+00
7.375650569661568179e-01
1.792400145168451253e+00
4.290071815507441322e+00
2.030189638399233498e+00
5.371425561396541148e+00
4.865499618228995793e+00
3.277559178304397580e+00
1.582830784216602282e+00
6.528573206378255334e-01
4.819386519479738951e+00
1.625812915788912294e+00
5.466677346618393329e+00
2.120132564173764500e+00
3.533365536061476853e+00
3.257678660129097903e+00
8.987282512643808285e-01
3.377990536858991977e+00
8.646240450596176075e+00
5.105424995729016757e+00
3.509493220349135356e+00
9.042432316942379256e-01
2.194845548519098521e+00
2.574277703882332791e+00
7.815885240606026407e+00
1.183612543078445212e+00
3.582981966928108886e+00
1.966655365176390946e+00
1.783949779475976438e+00
4.968178997622265669e+00
1.983862610668320148e+00
6.707689984723674836e-01
1.561458085580358368e+00
1.359330839402385083e+00
2.730843401180408136e+00
2.175722795360795381e+00
8.836588226838069104e-01
4.901810942792002912e+00
2.067897560793379164e+00
9.702915581577600257e-01
9.679344126903567158e+00
1.229982849901063657e+00
4.756459081468154437e+00
6.517116454201611120e+00
4.588622971846873178e+00
1.822746668636861855e+00
4.799074630386376050e+00
1.025500818299825534e+00
5.471773870239886151e+00
5.920379973918090677e+00
1.037848427434529697e+01
4.951519261732464372e+00
1.957259241604590194e+00
3.695869611851251069e+00
1.879719830826973137e+00
4.398589072654125687e+00
2.725915093519970522e+00
2.802236088229156152e+00
1.120420208455061406e+00
6.715755543870983502e+00
1.154429870025862614e+00
4.680688774927830309e+00
3.968026920044325223e+00
5.473535080541914510e+00
4.860518277123482278e+00
2.994402524671766930e+00
3.143513132320501668e+00
1.651501772491904774e+00
1.063812644366032512e+00
4.439347704106677561e+00
7.934818339548400656e-01
3.217582500224144937e+00
2.259442296965348262e+00
5.447780136824683872e+00
8.808438128838956160e+00
2.376739181170167026e+00
4.751401543014490692e+00
1.752475120888840499e+00
1.210861427186614714e+00
6.089744457113300591e+00
1.603373897984686991e+00
2.021417140431564174e+00
5.747298682418024995e+00
8.351872913541341648e-01
3.902288886442633498e+00
1.528614615797344811e+00
4.713167275361976327e-01
4.504614107333845041e+00
6.692034486125991499e+00
7.864929674377349578e+00
3.975513190492232507e+00
1.308825521930503388e+00
6.466011882302812985e+00
4.081334626456201153e-01
4.585878273219368140e+00
5.551768786374281284e+00
4.404681271716594182e+00
4.087962731519433568e+00
4.711770275302181510e+00
1.611530824704757281e+00
6.457713064212182275e+00
1.842848509753035380e+00
2.598412157627544072e+00
8.759143335547086018e-01
3.239339139854211069e+00
2.971417582887040165e+00
2.480153800248201978e+00
6.067154227367770325e+00
4.923271470911711134e+00
1.094580511596003891e+00
1.079965970244829165e+01
1.919477606385525226e+00
8.350460694890174951e-01
4.627906206126275457e+00
5.145855253435342114e+00
4.479072127698934480e+00
3.027362321366918962e+00
2.887440846722722831e+00
1.234609545943234465e+00
3.182740850669276256e+00
3.070550470880883953e+00
1.718349955070173962e+00
1.028859230059667951e+00
2.438976424826131417e+00
9.588875646168879552e-01
5.022243957936428416e+00
2.530684933527121316e+00
1.882234424158033104e+00
6.470822266922691135e-01
6.614264856918608437e+00
1.108145393760351816e+00
2.004721579175302359e+00
2.075123785928829623e+00
3.470681702094203125e+00
2.333457802987525920e+00
4.381952881115076082e+00
1.793259265520921630e+00
3.307656189278925574e+00
1.930570727750515969e+00
4.240485721799280405e+00
4.325050478435952250e+00
7.635404815498552544e+00
5.734122245160622633e+00
1.176751225622701735e+00
3.817219555263374087e+00
6.060172230749645728e+00
6.264141801107428797e+00
2.703297060912577265e+00
1.200787073829238993e+00
1.173902529694837105e+00
1.452602752526022334e+00
1.164076093785411548e+00
3.499651128269886780e+00
3.955084116889179935e+00
2.850468840044618535e+00
9.651406735192652464e-01
4.174481842838458689e+00
6.452143508492264701e+00
1.183595507338038200e+00
2.429394156779011382e+00
2.933376287335215160e+00
2.207467207374270046e+00
5.060707773749405725e+00
1.358979540313555168e+00
2.675063926788895152e+00
2.017672486227761297e+00
1.115611526620258198e+00
1.101072229230070310e+00
2.144886666994747504e+00
9.272512418735794348e-01
2.288077185079596454e+00
1.468932883144855817e+00
2.922099939953536563e+00
3.887323703161290833e+00
3.281479511731312471e+00
1.683722346303828887e+00
2.289393887576272046e+00
4.187328547251899735e+00
3.661711593059840730e+00
4.384232132121704595e+00
4.829573318288698403e+00
3.918586334621132483e+00
2.185011179353495425e+00
4.197829265626215722e+00
3.617025661383828528e+00
2.937786367386642006e+00
4.506931593853932050e+00
6.190993832823521892e+00
9.002729140259379648e+00
3.413314379977915092e+00
1.749089319524188557e+00
2.252700885011960086e+00
2.997954348660198498e+00
8.371256130931342687e-01
1.345082642911514803e+00
1.038235597137014521e+00
3.570830709905935763e+00
4.664581306430003238e+00
7.313123173149180367e+00
2.408594096941247820e+00
4.249506044342501454e+00
1.267926087532860180e+00
2.670118699105656024e+00
6.559785172662865094e+00
2.332535947153324241e+00
5.744663823659406088e-01
3.046017786611371125e+00
2.273848769086948440e+00
3.397941664069079160e+00
5.623698161565878095e+00
1.383231030507931836e+00
2.071551939090459538e+00
1.317144479813220581e+00
2.899473002743393479e+00
4.618571009214106904e-01
1.254601232532380095e+00
5.870517428309687702e+00
1.455720676639185029e+00
8.697523429125606498e+00
1.449726408786185416e+00
5.496032122095482642e+00
2.443691097385473743e+00
7.704871091364622337e+00
3.126909456987882585e+00
1.528946126941606032e+00
3.766166099916239851e+00
2.159695646558331461e+00
6.245040368343646620e+00
3.188054734861925699e+00
3.040647339675611960e+00
1.435394026680762325e+00
5.450258217054896548e+00
4.904927906180035713e+00
3.500228166177156375e+00
6.325992201201321663e+00
1.381798833022557904e+00
1.822433046936646317e+00
6.703962830076438451e+00
3.924138130236767275e+00
5.012324544661815651e+00
3.324307593308742259e+00
9.380052934091195338e-01
2.661498393800866502e+00
7.049851871532235581e-01
1.580926843448662300e+00
1.807101712244273850e+00
2.023354309934784823e+00
5.308079658816430069e+00
7.382257996084395923e-01
2.205262911112759738e+00
6.394874474347232329e+00
2.469460953968503070e+00
2.019184587547276699e+00
1.468341697391400968e+00
3.942978869661413199e+00
2.681933335987311651e+00
6.808941071837465664e+00
2.613081198839870556e+00
2.152867902224191443e+00
3.077032257147391370e+00
3.359041148662617271e+00
3.417496688386758574e+00
9.459521338919618216e+00
6.069753475471741488e+00
2.636779486838080055e-01
4.244704712245602529e+00
3.821842816106438168e+00
1.223459741851834259e+00
7.651161107999475686e-01
9.476046929868473523e-01
7.390835509630155009e+00
6.014150600806948965e+00
3.562196022103155890e+00
2.584949153770194297e+00
8.109121634359409692e-01
1.556099468678773912e+00
4.011845480718081447e+00
9.545652127091012185e-01
4.819601503818072175e+00
2.580279079026728262e+00
4.230817105002910417e+00
5.475946279745818934e+00
1.767987377433251073e+00
8.429952745839621731e-01
9.545496481393564991e+00
1.160656093198775718e+00
2.783764767267905338e+00
8.782114028788391424e-01
7.481963490459725641e+00
2.126300508687891000e+00
3.074778594394522280e+00
1.550610770921785564e+00
5.350216539035936858e-01
1.901992003998570935e+00
3.086246817670897702e+00
4.262350219050425437e+00
1.065304477512409198e+00
5.103272324800510518e+00
2.321953335709460386e+00
3.519909442081102569e+00
2.356174786269455979e+00
9.501558145747395212e-01
1.981547228511332470e+00
3.216894517373491524e+00
1.795826055614976768e+00
5.606447811238371770e+00
1.253550190388008634e+00
1.717322532517644662e+00
2.970595992046633604e+00
5.888513555648850151e+00
1.436118501286609783e+00
1.724492762537215951e+00
1.410273911651715784e+00
2.320413287132332858e+00
4.211633821642125852e+00
4.158615045892783080e+00
1.291514746262722779e+00
5.019318900114986270e+00
2.481309990548816291e+00
6.921728221094994637e+00
4.175310031829830848e+00
1.487829340100262909e+00
2.917829891539014842e+00
6.254464074998142831e-01
1.112866772347707256e+00
2.582813199125416848e+00
3.971728691504836650e+00
1.018529916348300368e+00
8.450765778645058290e+00
1.796617604702302140e+00
2.336664938756167320e+00
1.790030724263477424e+00
1.863366292307518934e+00
9.079616383891029319e-01
3.964664141877994874e-01
3.931144178702689285e+00
6.018259613102294736e-01
2.279164461668802044e+00
1.888500277238383429e+00
3.772383707549087806e+00
7.828619701669702335e-01
3.574651557655585066e+00
1.966073464272777516e+00
2.608481198624895470e+00
1.666632734108006053e+00
4.018062995409062310e+00
2.810456971631433820e+00
8.191526070930573722e-01
8.817605966932944739e+00
1.886497839124066767e+00
4.755567141276173970e+00
1.650630092059276466e+00
3.474527361729381258e+00
3.259982439977032964e+00
8.131426922908410404e+00
1.732826288105769441e+00
6.677426167727174899e+00
7.605637337585077873e+00
5.935816503384365728e-01
4.406811176595375912e+00
2.255754530954171333e+00
2.123497154125701947e+00
1.967875407694583245e+00
5.367316321757679809e+00
2.195962023253440698e+00
4.920569781904792883e+00
5.910599617109298265e+00
3.902267333018671458e+00
1.873920000909876871e+00
2.625450271643448463e+00
1.533172113411121584e+00
2.089628400994806512e+00
2.839081177927558652e+00
8.579101125164981800e-01
6.118759521158338544e+00
5.351455724736320363e+00
3.470550399841679567e+00
2.168876836793060203e+00
1.205522373043343753e+00
2.968433887170837782e+00
1.061178812776786273e+00
5.343957088816283729e+00
1.959169970551711604e+00
1.066818704500012593e+00
4.486661438264778035e+00
8.847415100425118695e+00
2.199052324774891876e+00
1.248949095610865978e+00
1.605444954439879668e+00
4.440071707098189435e+00
5.342249254525507141e+00
1.774955620483971375e+00
1.199119656714617843e+00
1.120136627953387976e+00
5.050977729294948482e+00
7.378999214154899455e+00
9.632518704184521718e-01
3.746402561671144493e+00
4.559520026887930122e+00
1.844966262114044131e+00
6.843206222005220773e+00
4.765173654476127396e+00
2.260744134397489002e+00
1.511291509297093327e+00
1.227662118232788480e+00
3.090345143021532959e+00
1.968376723513986848e+00
2.872313972270805760e+00
4.283412294609504123e+00
4.545360229986658007e-01
7.235032917926748297e+00
4.778097660852966833e+00
6.690846664518298681e+00
5.145098732816999032e+00
4.929774819243314177e+00
2.193478669660451352e+00
4.824888628791092593e+00
1.747873108551020183e+00
1.390010561794692956e+00
4.246267100270833872e+00
2.634267279014001151e+00
2.731495146288590803e+00
2.210133712984411414e+00
5.595892071313582683e+00
3.438773504055176122e+00
4.305938716185695014e+00
9.777443813628178271e-01
3.412446200431585197e+00
5.459746003199482445e+00
6.086218276208160916e+00
3.276908396541055257e+00
9.643229172656829107e+00
8.166980678409556660e-01
6.751232629941990915e+00
7.649126433569414019e+00
9.373727273866592213e+00
1.369233685272446266e+00
3.169801799828739775e+00
6.186435124683012932e-01
1.539876110604180282e+00
4.545200545141898196e+00
1.614941197653525284e+00
3.110621627468680650e+00
9.263361806391962716e+00
6.749575086026861293e+00
6.160317400197300231e+00
4.759350469198118105e+00
2.470031291849221322e+00
5.157057022584124795e+00
2.639509470841406191e+00
2.880424358806019658e+00
3.444225647176838212e+00
5.730423714916682343e+00
4.282660850768039040e+00
3.508651925768972557e+00
5.307607180926052770e+00
2.846981109374254082e+00
4.850244689724402036e+00
1.591135576492389792e+00
4.658357305828888073e+00
1.870856171951473801e+00
2.160836913082216704e+00
1.341742080318232500e+00
1.863694358790523475e+00
1.017578499380791479e+00
1.015222154208113903e+00
5.723497079482834371e-01
1.873347980466394835e+00
3.549903651001502514e+00
6.007684447231752323e+00
6.603866684693896261e+00
6.705332242515749996e+00
1.502158964727601465e+00
4.925588725204053553e+00
8.404375621133920449e-01
8.085181464397921403e+00
2.442224090809623771e+00
2.625380485951147591e+00
2.345636521286682097e+00
1.672307509924705338e+00
2.869904579481079132e+00
9.658195154309096253e+00
1.950391654614096026e+00
3.897158390238677939e+00
1.130149741794356677e+00
3.662457165014504579e+00
8.882425377798562893e-01
8.117240739301584185e+00
4.625857314383340579e+00
3.669551384239426728e+00
1.430680578421546167e+00
3.641926197788988073e+00
2.257634511490992590e+00
3.844129087163458802e+00
2.771188318344297574e+00
8.558217773343299584e+00
1.964092473149987361e+00
7.121073073203534332e-01
1.937907121830667323e-01
1.541066075529696322e+00
1.454843856163931415e+00
7.662795183583970271e+00
1.966741914025002202e+00
2.869642677856325541e+00
3.163610038669764091e+00
6.707207660523805792e+00
2.408001066219958020e+00
3.700791607823921137e+00
3.523116937168388585e+00
2.833077378577175232e+00
4.668887504757235796e+00
1.195065632541887135e+00
4.861793912932259154e+00
2.675112320416290324e+00
4.979087176932528891e+00
3.955078066345108390e+00
1.040811923959183760e+00
7.150702094606316006e-01
7.637414627929351996e-01
1.508338096683979668e+00
3.345804064437934766e+00
2.918275728610827180e+00
1.796748620410788311e+00
1.541833873822391121e+00
1.927313277374445022e+00
2.791461812519954400e+00
1.130457055866920468e+00
2.976311059638000245e+00
7.456364238024674407e+00
2.381352754063063237e+00
9.147485450166233933e-01
1.628873147725029336e+00
1.132662271277183441e+00
8.328089305887212745e+00
1.117057650154898996e+00
1.643396562765369051e+00
2.639391478692102222e+00
7.311470683463681119e+00
2.904453640181404506e+00
4.805938031561396429e+00
5.454074559417886547e+00
2.252164914818735486e+00
5.395943613683122031e+00
2.108545634965107940e+00
4.196944621638937889e+00
2.144273765283064570e+00
5.823434908873453608e+00
5.379597200534883328e+00
1.839811774903457930e+00
9.072799704744086924e+00
3.639299641566187571e+00
3.680422512196323659e+00
3.574602429156003680e+00
6.653304394382336007e+00
7.524231754252510562e+00
5.675409659090019154e+00
9.031838682242939731e-01
1.556825695492308093e+00
5.721551576580159448e+00
6.874746091541457105e+00
1.044165845968681783e+00
6.283664819311461258e+00
2.557817172512406589e+00
2.590276833953733426e+00
6.788900610335716124e+00
1.025152578769914058e+01
3.564733777692182581e+00
1.442764597729884635e+00
1.666710290228733626e+00
4.833325765090568105e-01
1.705679659649391500e+00
6.267950407715431105e+00
1.482737714231519011e+00
5.103621170532681717e+00
3.710141384987701407e+00
2.251344068195577197e+00
7.802508696911656383e-01
9.452889623401136143e-01
2.913662868594915967e+00
3.732279472901991468e+00
8.714035385798337696e-01
8.411452569517889888e-01
2.397345297242274409e+00
1.464536868701487249e+00
2.804893088909757637e+00
1.139193126910752474e+00
1.182729894662365666e+00
9.165341144873389023e-01
3.709403801253594146e+00
5.080700105322974558e+00
1.699160903777237275e+00
8.239632042242965859e-01
4.134056916681609906e+00
6.688718838670940414e+00
4.199035922385799147e+00
5.057660680147654908e+00
2.530018435502699337e+00
4.462159349388128859e+00
3.554374406183135271e+00
9.036214593343869783e-01
9.901018256895911307e+00
1.526751245105554267e+00
1.302290726199110349e+00
4.603242875707174164e+00
2.220571214068427057e+00
7.573411631420544632e-01
3.712584888764458579e+00
3.802999322463341603e+00
3.816886308493907531e-01
2.536089898069945558e+00
2.461095492240533478e+00
6.422863686285224638e+00
1.281264056006850005e+00
3.176659161830096001e-01
5.006651951548648505e+00
4.681641649203275968e+00
4.184861114805630833e-01
1.334366171328541739e+00
2.281776052322824988e+00
1.455049949069199267e+00
8.696077698307671966e+00
6.875767701561691148e+00
9.282468954173573650e+00
2.558434411306966361e+00
5.654143360646548544e+00
1.612341861091889594e+00
3.186889903881358066e+00
6.979582783253235334e+00
3.780385984915545894e+00
3.526030007319978843e+00
6.378537281536328152e+00
1.726288253893727420e+00
9.836060606852715660e-01
2.911349381128943481e+00
4.410835562130277943e+00
4.034986537272812868e+00
3.181059426168591830e+00
2.803392496827599611e+00
8.504670968405825260e-01
2.972627769972901568e+00
1.101071525370584947e+00
1.259480054221963297e+00
1.828554047311270692e+00
1.251562987230088186e+00
3.194575087647667289e+00
1.819887448604593505e+00
1.284149780536868013e+00
2.298892038821079620e+00
2.544993855287350115e+00
2.651570261446352994e+00
2.898229691733567037e+00
6.016842914120599239e-01
1.022526254155737391e+00
2.025733887660511101e+00
5.117609180578158723e-01
2.558799125536455499e+00
9.367385680998340902e+00
1.186458295463868495e+00
1.231186371598305351e+00
2.127776617705262385e+00
6.858772084630419208e+00
3.150109179195792031e+00
1.691836841065565533e+00
2.308882515591028639e+00
8.225688434857509890e+00
5.393174123432487477e+00
2.016070047119150832e+00
1.273274951581064851e+00
3.474700926328932571e+00
2.076885045761477144e+00
3.812526069665453488e+00
6.672350673535969889e+00
5.639930330501910838e+00
6.076242291809273999e-01
2.751622964077467870e+00
1.943263233732176687e+00
3.130259591949358100e-01
3.133814273653631854e+00
1.930239108628619027e+00
5.281122387359278747e+00
3.954986755728327363e+00
2.939911315607012465e+00
1.416834566692083408e+00
4.817040517692887214e+00
2.368077032812176519e+00
2.794313100649793657e+00
1.482987687273283228e+00
3.180633682880010582e+00
1.421048912709685252e+00
1.803169136195412747e+00
5.775405124587250860e+00
3.474549973062935670e+00
1.811502255578002929e+00
2.120270062226634167e+00
1.111813304348399090e+00
3.077360925022914362e+00
3.626762843150379112e+00
5.676929460255225379e+00
5.824730108515096205e+00
4.139332273642335913e+00
8.699305475224207163e-01
7.969865625743881576e-01
8.030457082765085630e+00
1.270513476038883427e+00
4.504429923361339405e-01
2.604730187291093291e+00
1.823531929426498222e+00
1.727855735835653217e+00
5.295529250984141179e-01
2.148373598213396019e+00
6.221421880184967890e+00
6.777279206926364985e+00
1.766413714542855784e+00
3.279610060546109374e+00
1.931231333198878408e+00
5.233477268706097973e+00
1.946333929630906789e+00
4.190700070961078438e+00
1.330602369621292747e+00
4.216720859089010176e+00
1.241196907836895624e+00
2.321085544178576932e+00
2.898887241287007921e+00
1.244652935091010937e+00
6.046283458063306249e+00
4.916969411316535421e+00
1.383812916286005557e+00
1.175069096006183367e+00
6.110375533401968262e+00
8.700922411948472046e+00
9.186084791489936840e-01
3.479845145124829120e+00
2.564009415229461020e+00
1.317820165247138187e+00
6.989762223924124385e+00
6.090090725761836410e+00
6.437006087593581949e-01
2.404184203001560327e+00
4.466009411410924557e+00
1.830248643662088615e+00
9.082083840588546231e-01
1.780007739087497542e+00
8.381142967723171910e-01
1.824385044009995571e+00
8.274677434903526807e-01
2.688782626524258923e+00
1.477797112891250375e+00
3.561871531518622458e+00
2.986129609364646664e-01
2.191682706330973396e+00
1.972334913423683167e+00
1.736408113233568251e+00
3.434240051463274490e+00
6.696056759390511814e+00
5.891191820292131176e+00
2.552422537718329831e+00
3.188420902971205173e+00
2.605816574480646963e+00
2.220092202202773368e+00
2.079679720601975979e-01
4.809163885493258128e+00
2.173013378807207463e+00
3.090868042912224833e+00
3.542633066308273015e+00
2.987774508623747494e+00
1.313452218446293118e+00
4.367008464077077323e-01
8.086912851289035586e+00
4.762570771983560824e+00
2.582466330603193860e+00
1.204158005469119441e+00
7.406601521733042759e-01
3.700869325495445228e+00
1.578449420863551333e+00
5.270966313276002957e+00
8.165470933357659167e-01
2.154744189637757934e+00
3.261476165113174286e+00
1.833410114410209069e+00
1.178345684512814850e+00
5.613453085728670189e+00
6.555440966500309052e+00
3.888089223268438754e+00
2.038230606228261355e+00
6.552751947017274148e+00
1.032078173719063408e+00
3.465529267952383030e+00
9.881745375350252658e-01
2.947603365777816453e+00
1.989793708728350152e+00
6.405197482443353296e-01
6.084794467470787893e+00
2.263718410330152420e+00
8.311623620426967785e-01
3.404054611225396432e+00
5.776320746205328760e+00
5.751424435958279346e+00
2.427988479107189068e+00
7.943903111620296720e+00
6.013140202929874167e-01
6.198473025797741620e+00
1.412648397882228402e+00
6.156119408540574156e+00
3.575205232100023167e+00
6.151480339640190698e-01
6.034700621918880792e+00
3.266485308506871021e+00
1.201325420239788944e+00
9.760637684027001271e+00
1.250794548620632440e+00
1.301071685427289681e+00
5.945821390039482957e+00
4.588314988610866507e+00
2.086700377114024896e+00
5.502238410452701123e-01
3.083793274484638136e+00
1.953594511721002291e+00
2.197380442491483787e+00
1.628992558693741266e+00
2.595551447566074810e+00
2.048057193620925087e+00
1.780534635596925375e+00
3.522414639764095856e+00
4.910713277101070418e+00
8.107866426881658484e+00
2.289936107171678614e+00
1.790167501034131803e+00
2.400018403303759040e+00
1.153765104998953017e+00
6.384956045671253300e+00
1.030894698259390285e+00
3.990020083408101215e+00
2.506154096846078261e+00
7.253589320106907934e-01
4.219467890311360492e+00
3.722227800179938040e+00
2.856393836381081019e+00
1.180239371917855884e+00
3.098167204192608271e+00
5.154020414949126661e+00
1.302895807440012543e+00
9.593351073237634807e-01
1.406196928177456229e+00
6.955976291482341978e+00
6.233591594252221313e+00
5.801581761625811851e+00
1.378033779239771883e+00
4.944490957209145554e-01
2.513930124696947654e+00
1.276281053175589708e+00
4.442260960405737258e+00
5.567434314404707152e+00
5.366357145737611134e+00
1.683933778158834160e+00
3.645703586777040428e+00
3.333641362343263026e+00
2.191784273252398663e+00
8.571053723938945046e-01
1.644102336699165390e+00
3.048583277192817298e-01
1.115311725222073225e+00
1.691908975090176126e+00
3.227126466495097379e+00
1.892480839714156815e+00
2.136749749446762880e+00
1.922831607778239693e+00
1.041684140173196660e+00
6.940454302714468504e+00
1.321484093981243779e+00
4.811368310622341937e+00
6.529995036782177742e+00
1.739746721516777672e+00
1.517490710509644014e+00
9.660126152613771611e-01
3.694225150971985450e+00
3.745928460659396997e+00
2.349305056501328259e+00
3.146750188269259230e+00
6.715422863808270471e+00
3.177118517731562619e+00
8.168399498115476831e+00
4.356550895845069604e+00
1.303928042622143124e+00
1.435424805558885408e+00
3.351810654563868397e+00
5.209519169046183507e+00
2.328386078752374022e+00
1.388429965215614681e+00
1.119995194699906937e+00
8.903143932317780784e-01
4.644905150907463920e+00
3.406129840406488252e-01
7.621366595786408515e-01
1.916019243920072501e+00
8.075899912794934465e+00
1.849034691149924914e+00
1.001613279499059672e+01
1.376074369196101488e+00
4.711106893690680586e+00
2.684037088779648528e+00
4.549697221598757224e+00
1.139916937981208855e+00
6.696710395575126151e-01
2.117186018786820334e+00
1.862538007444028088e+00
3.310081233868720663e+00
3.759363731177796542e+00
4.871566296540262186e+00
1.289782413314806142e+00
2.213191684260878311e+00
1.134812643656224296e+01
1.185417482596275773e+00
2.558114743277156933e+00
2.747023078048698164e+00
1.414440351547510799e+00
5.943727895103967818e+00
7.269539328302100145e+00
1.961233831426546725e+00
2.643767302908774486e+00
4.229352684272594587e+00
2.480255795002217045e+00
6.518892649526160099e-01
6.775889731008306605e+00
3.773657321568073097e+00
2.696267664914677731e+00
1.611993337776153057e+00
1.743356159338075528e+00
4.449930968077199900e+00
1.688082353857437212e+00
1.969887776360178977e+00
1.345706656674201973e+00
6.239422183837985969e+00
4.223529511342757559e+00
3.797872597812319562e+00
2.635327972427043530e+00
2.328728501647722826e+00
2.387497195768995439e+00
3.155401859412955368e+00
2.807508929628435457e+00
2.255152667248882636e+00
5.641863100560867927e+00
4.714578741447724042e+00
1.984728318505847744e+00
2.115621021159122428e+00
3.160951773078881644e+00
6.626740078160501035e+00
5.291004815847988318e+00
1.397810098191625050e+00
1.912585353214000694e+00
2.002251283198543508e+00
6.988496731317312083e+00
9.111776905833043338e-01
2.959627035590849609e+00
2.114850431880804127e+00
1.656934649566192297e+00
6.691033641413902666e-01
3.593035314090612165e+00
5.604833011844601032e+00
5.850600533499571654e+00
3.477316108781444814e+00
1.011630560418700364e+00
3.650526936913617071e+00
2.722626773722223614e+00
6.792972676064471527e-01
1.548987660270638944e+00
5.108341360366418726e+00
5.674539771119992970e-01
3.127576363675512283e+00
2.590428653970437090e+00
7.496653337317780164e+00
5.032582556819627406e+00
2.669159308651035456e+00
9.314152331425664677e-01
2.349070769285194427e+00
9.090878544719291909e-01
5.693645706486790026e+00
4.449569852228389522e+00
3.854733855361121009e+00
2.539036617756580405e+00
8.630487079817472651e-01
3.041896746166048882e+00
3.463032712599143359e+00
4.679607510677364246e+00
4.122073949958458883e+00
3.838280710647845151e+00
6.086679139678878414e+00
2.313185522138968331e+00
3.915606319376709887e+00
7.345855721989171805e+00
2.489268346159159151e+00
1.821626168968647264e+00
4.409366438431676194e+00
3.688628733514307090e+00
1.588549491784638334e+00
8.105686980274118270e-01
4.721628914412081990e+00
6.150626100918347161e-01
2.454732012437291999e+00
5.538017997868330156e+00
5.385035187977802451e+00
3.625937392469560816e+00
6.900662802900879633e+00
1.055438969152107775e+00
2.014209293827003755e+00
2.324288118181355056e+00
1.855045409982312377e+00
5.442346679639189055e+00
5.556616677653939185e+00
1.718488418732377232e+00
3.824678309997258996e+00
5.174605990966384184e+00
1.466430255026618168e+00
1.582772446212047157e+00
1.358296681482278556e+00
2.566483445434613486e+00
3.394777407316118101e+00
1.927594170326375034e+00
2.684235113334460632e+00
3.284894721762729120e+00
4.225563259254534465e-01
2.329749167888282901e+00
4.268406758499127207e+00
2.421124083753757539e+00
1.099232460233688036e+00
6.779294791016490684e+00
4.797659969804460189e+00
7.202576816902137580e+00
2.805178962012266020e+00
2.532691047779884297e+00
1.511120597115791275e+00
4.726855844957484898e-01
3.912535634326122835e+00
3.233139130597230793e+00
2.137110563140967923e+00
1.664405759158747777e+00
1.797262580035342561e+00
6.650623941775131165e+00
1.343322894386713262e+00
6.008347958603801331e+00
9.292133204022877679e-01
5.968395120410772137e+00
3.211328500511166695e+00
1.341914304645729361e+00
7.725597899415220127e+00
2.492030799424093779e+00
4.129763009150863695e+00
1.520589320343903594e+00
1.398768553044440255e+00
3.101675503531070799e+00
8.322109036114895275e-01
7.311732755510757187e+00
1.178745501013660935e+00
4.150139449556133009e+00
2.489041497935668534e+00
9.042098386289935119e-01
4.623321581716290041e+00
7.687831207588892823e+00
2.789494559655144812e+00
1.877784914233018521e+00
4.415304635987321369e+00
9.357733916293309306e-01
3.082112480190464243e+00
4.958812418327361193e+00
3.147797486103497633e+00
7.353462823723340591e+00
2.346735021867536020e+00
4.457242837473249786e+00
1.803322785115325955e+00
2.552319688932616959e+00
1.523726353709384140e+00
7.408726729516397214e+00
3.163344207055821311e+00
6.702284167323030450e-01
2.678654141038053549e+00
2.001062273706259109e+00
5.991004505964708571e+00
3.086049245422994858e+00
2.703942001065973599e+00
3.447966714073043004e+00
2.507603570165007678e+00
1.430766922336817570e+00
1.412528923650548274e+00
1.395322412457085548e+00
5.567960390469361975e-01
1.988346764207897133e+00
3.715694924701671287e+00
1.840912700657946877e+00
2.162438377772595732e+00
5.278162912396151540e-01
2.941890465069129323e+00
1.825193049476858453e+00
6.195376580194519534e+00
2.851187165583915495e-01
7.273132402166656796e+00
3.060815837854967025e+00
5.422370448960228906e+00
1.004816836592915985e+00
4.793571001053880565e+00
7.014641495831042128e-01
1.251501801885407383e+00
1.759865452748801129e+00
2.150713606861451854e+00
1.021163388725665699e+00
7.175805688058019882e+00
1.014727631069162861e+00
5.168795965726107333e-01
3.952439014034015763e+00
4.632796060066882937e+00
1.460944166184211079e+00
1.985643350658175876e+00
2.590823094657950687e+00
1.127567894032865725e+00
1.710070568047890482e+00
2.393254463411519151e+00
2.016826548037111255e+00
3.019169201791570334e+00
4.487583512969232302e+00
8.820231670467817420e-01
6.310883101365122094e+00
6.427389040375065754e+00
1.158843050886108506e+00
6.255881464630534516e+00
6.272672593419652110e+00
5.324111476719044944e+00
2.018027106700539086e+00
5.513992045531940889e+00
4.339731006056200435e+00
2.196370689681543364e+00
4.328427220745032500e+00
4.156471328421147859e+00
1.715350082263597864e+00
7.174870872754161022e-01
1.282515701134036457e+00
1.693964099248492117e+00
1.070803347993348753e+00
2.721121794235684455e+00
6.484901643875718769e+00
7.229438835368299010e+00
2.546758983256391939e+00
1.064207404652073530e+00
3.830798255502796401e+00
1.958591885045030567e+00
1.795352460612347434e+00
4.284543922433988961e+00
4.318197976984473385e+00
1.458918785799521167e+00
2.497067260218011064e+00
1.355884447055049957e+00
6.808170699810016657e-01
5.358547629371634535e+00
2.341992847240497166e+00
1.712680890710077675e+00
8.027484125390966785e-01
6.252934056522783557e+00
5.131099606730634699e-01
8.207956504251278318e+00
2.890237083751207248e+00
6.271787759564824150e+00
4.776772297993775673e+00
1.040831849620734273e+00
6.677461604374779647e+00
3.107104851766972153e+00
7.220143818954430692e+00
6.812178164329050212e+00
1.548770293750334481e+00
2.473397617023585848e+00
3.837509896685491029e+00
1.703121722835086560e+00
6.765167277540435009e+00
2.320118347016006055e+00
5.032068267548237550e+00
2.958813569908082641e+00
3.122314142357427436e+00
9.737853298191565088e+00
3.046208156991253801e+00
6.854254221275710712e+00
6.130544386325685657e+00
1.990056298225923781e+00
2.141816772189158335e+00
1.451518960407872205e+00
4.392088035321444650e+00
3.434429950195267978e+00
1.456256565213904342e+00
3.159161708436799998e+00
3.765845233835044770e+00
1.592654049545577877e+00
1.805381051754958444e+00
2.776714465957562439e+00
2.228332613232334225e+00
1.510319735740113023e+00
5.553275123742008601e-01
2.423074896024502767e+00
8.174317281761156906e+00
2.688346208413749938e+00
8.002015655996634891e-01
5.607105123557913906e-01
1.782638273693749831e+00
2.560150464104613555e+00
2.733186862689323426e+00
1.699802934354329942e+00
8.904367352254517476e-01
1.398701372431225387e+00
2.935916192721784057e+00
9.048021622354955440e+00
8.048177553375227555e-01
4.469980261912752439e+00
2.429493441356880723e+00
4.286117775819377584e+00
1.618771701464955859e+00
2.250655065162755708e+00
2.639508307253299435e+00
6.425117341932901738e+00
7.294917223245431792e+00
1.799268851063595021e+00
1.191033855599407332e+00
2.329965414691941739e+00
1.974452874800528335e+00
2.527603462050997951e+00
1.242209101731456489e+00
1.434151528454779001e+00
1.249232684437193930e+00
2.344358521232289938e+00
2.154158934256987123e+00
4.735062061270959077e+00
2.151618691012756823e+00
1.774344627818980058e+00
3.631076366812586276e+00
3.325856423442190124e+00
1.232867458760165569e+00
7.739385830150558476e+00
6.024494112069206375e-01
2.184503804709868824e+00
2.539360854785905897e+00
4.571609722797650655e+00
4.613762726013853621e-01
5.570706294656516677e-01
7.312074952720880816e+00
1.436997926479174126e+00
1.793377431088442941e+00
1.568523928052708127e+00
6.348995902143260928e+00
1.053283214512430810e+01
1.201101171684571645e+00
1.341688132513584097e+00
5.193438277965607419e+00
4.448473687165831691e+00
1.358997124351317032e+00
1.097378400391172848e+00
4.908746276217187621e+00
5.841571500951086016e+00
1.698780513222967858e+00
1.330434669248492963e+00
2.896973345833675051e+00
3.798372964297274113e+00
1.000675025284961883e+00
5.618516588133344314e-01
5.993328955410154535e+00
4.590940783891673149e+00
6.185124320202311843e+00
1.169202256289973318e+00
5.934616470675752709e+00
1.641455019304330021e+00
1.458032919394107729e+00
9.969483706656091515e-01
5.050766483986416588e+00
3.288386645796474994e+00
9.697094936090838502e+00
2.479453004612664824e+00
1.566449872778217234e+00
2.229506830767056247e+00
1.426090087603015810e+00
1.583119257477370034e-01
1.740049815859221694e+00
4.900949548240520315e+00
4.742849208515044879e+00
1.882721278855996605e+00
6.542642807764192936e-01
5.435958907655594752e-01
2.754236183829399831e+00
2.028320557277407232e+00
2.242646727662093387e+00
2.206141549750073150e+00
1.870173845163211057e+00
1.263534292822198868e+00
1.162542845583242501e+00
3.535473679941458336e+00
1.287488317118542058e+00
1.988827800906474819e+00
1.976926784187847508e+00
1.899567310146565768e+00
3.018734026232662515e+00
1.961082933608748524e+00
6.995742275494475138e+00
8.540231928883388335e+00
2.989324406646042931e+00
1.890623006162117425e+00
2.308189761009355578e+00
1.653147954628200411e+00
3.517710117021241700e+00
1.599138881606914753e+00
5.221383146075547543e+00
2.181675930939270813e+00
1.077552653893382395e+00
2.120168247003164641e+00
2.658930024764605715e+00
2.004778737585022785e+00
5.051880389036700336e+00
2.943867511319306018e+00
2.781597555883353223e+00
4.716018993764936162e+00
9.867730274178186933e-01
9.362130412858518103e-01
8.583276085556861279e-01
1.552546073792899550e+00
4.137388463061120625e+00
2.596946859815554287e+00
1.061736963332392669e+01
1.444410005388495399e+00
4.241275750454627791e-01
8.381430493821456773e-01
2.670169819861775817e+00
2.565066074060818657e+00
3.142495187072626095e+00
3.434229417915596549e+00
3.721872641247328861e+00
3.796292482215383846e+00
3.145893777089167731e+00
2.059395390237554579e+00
1.065468650912814397e+00
3.190231066678217431e+00
5.214511542447901604e+00
2.058612075881620651e+00
2.639036006242397869e-01
2.212910967580951738e+00
3.234362485542106924e+00
2.558212290336457251e+00
4.166318710256603497e-01
1.647878361713756235e+00
6.944972865150200292e+00
3.511046407610846742e+00
1.151756966869672549e+00
3.026092824199166476e+00
3.121310469439845248e-01
6.835198594824523077e+00
1.179757611683602159e+00
2.569719762705775512e+00
4.056869525862313530e+00
3.604907454215017903e+00
6.579420209067419201e-01
3.238324771416281056e+00
1.858655223388001598e+00
1.860547140652317744e+00
7.032885910518385408e+00
8.498033603578162953e+00
2.714948033093799840e+00
1.129918809873375896e+00
2.901585391796775326e+00
2.307796384243723686e+00
3.137824565963762691e+00
2.467588236339068875e+00
5.666535580248360127e+00
1.011791790092196663e+01
1.860368538371029778e+00
4.004535761517956871e+00
3.975622544292666483e+00
3.069581881694439573e+00
3.921414288613565002e+00
5.290292155088980763e+00
6.423195327046445691e+00
3.026208849250701327e+00
3.798159711377125713e+00
5.259760157948409898e+00
3.649241468619516482e+00
1.039589984272333734e+00
3.419567700766262597e+00
5.820026297894207445e+00
5.163515793691613176e+00
3.778959397329376024e+00
2.704097397253905743e+00
1.007025233658086494e+00
4.184369834081535622e+00
1.360897440890813437e+00
3.717450476739048604e+00
7.307608238926191824e+00
1.031833990031606030e+00
2.131208955420324180e+00
2.019640662787273389e+00
2.539325199425733093e+00
2.189728529908021581e+00
2.411109814257661466e+00
2.144714150864001745e+00
6.810405500939998191e+00
6.442368327582509435e-01
3.140155936372632794e+00
1.260678160963742078e+00
7.098597402174943838e+00
1.284737633857333083e+00
5.172520544038009760e+00
4.581644804781098479e+00
5.157561018388327589e+00
1.331340834174687515e+00
2.899422312756760878e+00
5.988387467788266472e-01
7.531489101175574685e-01
2.067910759762324968e+00
3.022662491770567339e+00
4.487388570865023851e+00
3.201138879286831607e+00
1.742215025504622927e+00
8.368124242692167591e-01
8.966789140615795128e-01
1.854076904721630781e+00
2.551400861841994772e+00
3.231580007073652450e+00
2.516351726963940827e+00
5.250414765056127919e+00
5.432331854099881063e+00
7.517580089495740081e-01
1.443826005077450292e+00
1.474123703689277143e+00
1.927486986368716071e+00
5.338862408936736692e+00
6.515947409752563146e+00
4.208548570381450915e+00
2.488915179458755400e+00
1.727155470487466316e+00
2.046609187625932691e+00
2.213051782676557888e+00
1.509089646481321934e+00
2.826717326847297596e+00
2.072242499112118441e+00
5.511355719975916223e+00
2.321079213303985256e+00
8.340754345229176581e-01
3.561993435397699415e+00
2.526980009073335420e+00
7.763444161171523028e+00
4.871302686791797676e+00
5.476092990066037558e+00
1.402492484877209122e+00
1.130716200439892072e+00
4.612431167126525011e+00
1.532195951832079572e+00
8.700829819278336430e+00
1.143911821193016820e+00
1.557069388161766321e+00
2.775692335064109617e+00
1.172019325254671340e+00
1.579327681055741062e+00
9.459099076344446022e-01
2.870111315453055312e+00
1.107299597541807401e+00
2.574785156734147318e+00
7.584276484713105226e+00
4.859763236244295292e+00
2.638202046978910253e+00
4.493034751535475380e+00
6.979080050306837535e+00
5.832140725832744010e+00
1.749383036019866555e+00
1.045489282531082198e+00
1.041402288188475245e+00
5.087858945688602752e+00
4.831859981021040973e+00
5.809436116235933589e+00
3.473991030015362913e+00
4.702532118346629986e+00
2.587150519822929873e+00
6.843494460073934249e+00
1.740737631910406868e+00
1.429148126279460307e+00
3.295720495285527907e+00
3.563859294664648125e+00
2.013106034553576951e+00
4.162806518895391328e+00
2.036117235119947466e+00
6.468464389382518220e+00
1.901332191153761064e+00
4.936158122288570205e+00
2.176405552400562993e+00
6.401839269859145531e+00
2.102134821243540674e+00
1.518467258837440825e+00
2.088807906570958828e+00
4.634152773452696827e+00
1.539653985856483942e+00
1.754553582623042951e+00
1.358053472312019228e+00
4.623831126873929165e+00
5.357440692438744989e+00
2.342343387919199937e+00
1.555626279374425547e+00
1.453442692686384596e+00
1.365134389451306607e+00
1.882987827387834656e+00
2.127791003948259263e+00
5.830778929931043741e+00
1.233172488679798118e+00
3.340056322875982087e+00
3.775167257421678801e+00
4.423616404368809540e+00
1.895860433492925878e+00
8.998362555584773048e+00
1.989132958942905427e+00
2.096178120682893997e+00
3.729241547812384705e-01
4.483461236505749348e+00
2.030827943503680899e+00
4.366812414445888635e+00
1.061613845418569291e+00
5.454283999803143601e+00
2.001448495210099043e+00
1.596580618443617094e+00
3.250930329542014885e+00
1.205361516866938931e+00
5.997579041873065897e+00
5.884073576969219843e+00
1.864021049973120903e+00
4.211817534877797087e+00
1.720545606951861872e+00
2.664977299852198112e+00
2.472207927020141138e+00
3.537042480590133042e+00
2.785812941662468845e+00
2.870248012065975129e-01
1.233712385221065411e+00
1.309722110886266444e+00
6.023931112082000494e-01
9.223726536622751659e-01
3.483185971153672345e+00
2.079361865130189280e+00
4.972891946692501008e+00
2.369198252481244715e+00
1.881334793262987137e+00
7.318217767011981678e+00
8.318856731499090218e-01
2.275601652041957301e+00
2.605691636562152969e+00
1.287464517457096891e+00
4.458630196401311530e+00
3.751490925085229744e+00
2.919133654201414352e+00
2.143607032045527827e+00
3.080984950581878490e+00
8.629935222128832351e+00
6.528985904769373683e+00
2.251893361504123892e+00
5.939464872994113520e+00
1.616546097516621927e+00
1.902238385635024898e+00
1.303733802625600458e+00
1.753123885837805762e+00
3.375152239651432406e+00
3.874028225505858014e+00
4.181535286909273452e+00
2.092664542334043531e+00
5.831407147145056591e+00
1.328340208344476858e+00
6.227609784799993164e+00
1.707528522692977502e+00
4.300157091555409039e+00
5.825711985798270653e+00
3.072390852901925484e+00
1.312242873859135628e+00
2.195798880068202230e+00
3.871406727367834311e+00
2.885991286544679735e+00
4.884690167865960220e+00
3.017684401078592149e+00
2.303751473195466914e+00
1.522530412487558049e+00
5.545786825758258765e+00
6.577382795016348815e+00
1.900258796765919245e+00
3.786293489230458942e+00
3.884698856601543682e+00
1.058047529099418460e+00
1.109019956205648638e+00
4.446007066224041182e+00
3.363802741891022130e+00
2.858136602638040369e+00
2.204354475490952314e+00
3.704973496349711626e-01
3.967566587365480402e+00
1.257355986235467515e+00
2.888143492679809299e+00
4.033114822618917295e+00
2.920027924852826917e+00
4.112604430921743770e+00
6.596809408491757232e+00
5.170562317320809953e+00
2.232852247005563839e+00
1.614670336543397866e+00
8.724021886556765359e-01
3.194664309688971304e+00
2.118812765335922776e+00
6.174325281341170868e-01
2.272837848175401021e+00
1.658067423624337122e+00
2.832719358749858696e+00
6.018788330172617940e+00
5.056423384514063812e-01
3.677012071782686853e+00
8.980304517126089792e-01
3.174821323164017439e+00
1.345569899926958302e+00
5.684394931176736776e+00
2.363916060522854856e+00
1.143769936020015310e+00
5.106493838190832690e+00
1.877228318931881024e+00
1.296467579617000876e+00
2.606389743475527876e+00
4.828171859483949113e+00
3.612788895779087905e+00
6.268195865500193698e+00
1.064501500669449152e+00
2.261495617842768535e+00
2.443000092306574000e+00
2.662493222588828257e+00
6.900842325990588222e+00
3.421338762684644319e+00
1.240337837679097444e+00
1.204541558671063939e+00
2.366042444870474437e+00
5.591888593454692469e+00
1.878949460116940973e+00
3.395548718306739211e+00
3.872211726147729571e+00
2.183898139432408403e+00
5.553135938142601979e+00
2.090760487898979392e+00
2.158014070979699550e+00
3.174550424154614081e+00
2.863927754700796413e+00
2.450371610609344497e+00
4.587428685623679558e-01
1.470300726685117798e+00
4.306355410496691682e+00
7.244732225000914738e+00
1.894374301486191792e+00
2.429692640246436053e+00
4.647539922411549895e+00
6.886838242827427514e+00
6.496245028601555838e+00
1.150979889319163618e+00
4.078981374736916798e+00
8.396781316812154117e+00
6.000055854483017370e-01
1.012217414573463703e+00
3.690438174958863282e+00
5.943374568356405874e+00
2.522207297519645675e+00
2.214327724339881343e+00
3.368679795086805040e+00
2.376305791891584196e+00
1.433074954427070002e+00
7.570388526010980002e+00
6.408498108863499354e+00
1.892526748984014295e+00
3.486657662069515329e+00
9.425724814860504397e-01
5.245051681080932227e+00
5.734607980764924839e+00
1.133834571700438110e+00
2.583298566051752676e+00
6.652507752500242955e-01
1.719560558093875091e+00
1.928219330905448947e+00
4.560484720235931988e+00
4.097922459103726212e+00
2.873458466023809610e+00
3.872689744260864320e+00
4.803621971496053078e+00
1.106489314082143238e+00
2.427831398680540875e+00
5.875876590598679172e+00
1.461225664745099406e+00
2.822134100501504594e+00
5.380130714245143331e+00
5.729608719000156114e+00
2.343866384941270642e+00
2.975438094438568548e+00
5.293447084260934687e+00
5.270419198405348560e+00
4.410476717276683445e+00
1.232757437104430087e+00
5.574540511066337523e+00
1.803790773850879603e+00
2.942425714351579291e+00
7.123434668900443079e+00
6.863659519733048553e-01
5.741036387326754920e+00
3.751103577098449549e+00
2.352336523429911619e+00
1.599428451345692670e+00
5.574192350367644266e+00
1.574165799066926663e+00
1.996195433921876816e+00
2.279720184337428179e+00
1.284925276864415267e+00
7.701320368880475442e-01
4.720102174902359948e+00
7.074698279112929811e+00
6.431209219317161052e-01
5.626088246695098327e+00
8.052188343830776196e-01
2.222706247827001214e+00
9.494864873441400954e-01
2.848898633974193739e+00
2.784336028865485702e+00
1.913485517441787076e+00
2.748780859706133395e+00
6.636662196558143378e+00
1.375462333025734951e+00
3.195383101914309076e+00
1.899832150641060258e+00
4.446387215479646215e+00
7.760810387159864376e+00
3.394824132758705648e+00
1.387604491637935089e+00
5.932193976969687199e+00
2.053747648506270895e+00
6.537721281022538911e+00
5.654034745437300558e+00
1.689587205084436494e+00
5.486707529641184244e+00
8.479269394386081959e-01
8.192673623494027169e+00
1.592601266830152573e+00
1.981484049779677958e+00
5.399604956285794621e+00
8.957320898319054425e-01
1.241148815836125019e+00
5.598448409351931332e+00
1.323723410227398256e+00
2.019791805049241606e+00
1.128152321078558673e+00
7.661164089264516974e+00
3.234616611437262979e+00
1.583757226935343931e+00
6.914605977500233536e+00
5.731239763366654749e+00
2.946697844625719487e+00
2.626689236080494538e+00
3.134082571800680839e+00
2.206673768761900245e+00
2.548267564633104332e+00
9.143424415142625827e-01
2.087078492031543053e+00
1.179047092678935815e+00
2.649998348790430835e+00
3.237276979827841128e+00
6.057920925904989318e-01
4.155254218908160269e+00
3.356750507286100138e+00
3.230505943677057790e+00
5.449068307818163426e+00
5.325897899741812935e+00
3.182586742289091220e+00
7.277858805031527822e+00
1.925556842292454940e+00
2.364533209750900422e+00
7.077096801037224827e-01
3.685468523124861395e+00
5.525350158012462209e+00
2.053078303207861666e+00
2.315228029473415550e+00
3.363495410525073837e+00
1.292960542249188993e+00
2.584537036897099238e+00
2.853857592970841406e+00
3.588174628446135994e+00
3.165847077894683004e+00
3.888066374258505320e+00
6.953545860334569007e+00
1.274108214343409928e+00
7.842478843981748327e-01
4.198519195830725970e+00
4.271026922533314618e+00
3.312308273312715823e+00
5.015349556729854719e+00
3.276321231788423827e+00
5.429266367277161720e+00
5.243332534766990349e+00
2.009096250444687648e+00
1.535347380031263809e+00
1.157557446014002789e+00
2.248291848317388819e+00
3.516486141565860812e+00
2.717873009600880074e+00
1.380849340536187242e+00
2.166264268461975728e+00
2.096524734571048487e+00
4.349838582941023546e+00
3.080087553303621828e+00
1.794643878987110641e+00
8.820575002923474184e-01
2.236378326207304479e+00
7.125622251633980220e+00
2.819084962142693218e+00
1.383144602118341782e+00
4.940648771944172957e+00
5.653247566284942405e-01
1.429949037336418094e+00
2.869654748702618274e+00
5.261613043852382710e+00
1.528035969419074158e+00
4.646787639063050257e+00
6.691555162346896068e-01
6.774251825415944950e+00
1.866322766357627394e+00
7.578558927592963457e+00
3.332909254044412073e+00
3.340436586223682891e+00
6.586269013287501473e+00
1.731459982715020995e+00
5.383452966427116237e+00
2.979645090017494891e+00
4.466255465753029341e+00
5.098312546971417447e+00
5.266606818432983950e+00
7.402072650501245743e-01
1.552419778125326166e+00
2.216579439893622272e+00
8.618582163826941311e+00
1.622736895489637732e+00
1.022187511492348433e+00
2.308864830421367031e+00
9.115289677914011790e+00
2.243469372859707267e+00
1.845124260335091471e+00
6.299617609005516705e+00
4.891532047664463256e+00
2.736000136963521623e+00
2.529835133475925257e+00
8.373523504426562125e-01
2.928133824833056398e+00
1.084374005908390615e+00
3.190127283717615114e+00
1.224095290753362653e+00
4.261999864738721833e+00
2.528287876576730486e+00
1.963371113285323544e+00
3.714961488017365365e+00
4.663739630375982159e+00
8.020732615887814498e-01
2.517120943159938395e+00
7.907194478507169499e+00
9.856674137473038222e-01
7.311328553248704232e+00
6.196823404389498080e+00
1.652329584919925987e+00
2.457297906210074157e+00
8.768110533364978920e+00
4.543213464374400878e+00
2.131410052849288750e+00
8.410954734701959978e+00
1.077312031827829975e+00
3.410884364739141361e+00
6.015155482092447992e-01
4.496129193255727685e+00
1.713487408011164614e+00
1.846579272945769734e+00
5.433509339643839198e+00
4.208329613559481430e+00
4.263131465967918921e+00
2.821363554485531999e+00
1.232484009741116465e-01
1.295508163639864874e+00
1.148299019705606216e+00
9.233311740065296647e+00
1.689322109890678769e+00
2.134695177367461394e+00
5.825104052094740581e+00
6.319991483875177174e+00
6.550621195002219288e+00
6.912583701061197239e+00
4.172392521212256788e+00
1.467719605710400721e+00
2.186384726129113609e+00
3.512923728227379971e+00
2.233166556862426155e+00
3.678625817515768226e+00
3.429741564363884887e+00
1.667061320975974814e+00
5.985081531817991518e+00
6.532048156303452480e+00
1.790981135452161643e+00
1.068612117442087950e+01
6.924197581416557945e-01
4.566459647781493381e+00
1.813933069049458835e+00
4.036453060568712559e+00
1.391420747302257732e+00
1.422427997286793033e+00
2.143531151995994755e+00
6.993782380161673196e+00
3.096172164821043182e+00
5.892895406144989856e+00
1.506608311726479243e+00
3.252491110209406955e+00
4.375545301084840411e+00
2.835280948472962859e+00
1.061967892053437224e+00
1.286327292743252748e+00
3.048227064858822999e+00
2.378681066768820074e+00
3.077875538457172322e+00
4.824633695525730737e+00
2.567373079316193074e+00
1.275796261544939636e+00
1.778693337000725405e+00
3.897055377312926616e+00
2.326304285507385661e+00
1.052296803676909809e+00
3.476228144009418486e+00
4.980999732594773910e+00
2.271730973304282308e+00
1.402144596311224456e+00
3.712814408492767448e+00
6.724255312918251626e+00
1.054835414014743566e+00
4.423985227027444012e+00
1.196706788907388574e+00
1.468251543566177375e+00
2.879153701167431745e+00
3.141187686944663326e+00
2.972377145718916314e+00
8.491116343005607803e+00
8.268489584673126558e+00
6.209196264596078763e+00
6.758713864013277117e+00
4.016962506635783470e+00
1.772847538448184324e+00
3.725405274201813111e+00
1.236734300937941677e+00
1.339785150342605480e+00
3.224119710623326363e+00
2.093634222175900117e+00
6.085833673693605839e+00
9.860573742084809412e-01
1.170582381862844246e+00
3.661560220709963343e+00
9.600065954072174446e-01
8.553003595876262466e+00
1.847069412400150101e+00
3.018214938394464530e-01
1.696938060950748284e+00
1.411402107637888870e+00
4.463549634984695480e+00
7.488331196470054074e+00
2.818142994738154883e+00
2.880410474972250334e+00
1.340242742896829986e+00
4.486894510646411760e+00
3.805414134327850029e+00
1.824365904189949816e+00
6.560846487225849621e+00
3.600546692953455086e+00
7.844757141389360200e-01
2.119771276927824744e+00
1.815177187822156979e+00
1.578154748435480537e+00
3.772965822244339407e+00
2.084513076031833112e+00
1.117113908647567433e+00
5.597622747365643470e+00
2.199008243741712998e-01
1.044723624348653512e+00
1.176173651673390053e+00
3.214696353856007605e+00
1.288017762799363419e+00
6.308950925328561610e+00
4.028164193206099419e+00
2.413821066494072021e+00
1.754573818659789008e+00
8.388562999492288341e+00
1.330049030162174351e+00
4.806944676179027098e+00
5.407477790034249665e+00
6.995827627352774192e-01
1.193009698904452298e+00
2.266842631692104426e+00
5.661795034821262007e+00
1.238955061604001484e+00
8.682291025516541971e-01
2.989734236089175656e+00
7.150945791704236276e-01
1.132193303466003220e+00
1.628124697236037699e+00
2.260269345525088180e+00
5.015447497361829043e+00
2.209547043949286138e+00
2.784081240795129197e+00
2.667267079793818496e+00
1.222977650313768150e+00
1.299878527682613027e+00
2.692843028043268028e+00
1.063125136160504747e+00
1.032997566433870418e+00
3.239576084182707039e+00
1.049647668679470058e+01
3.280771611629333950e+00
3.138555844729542077e+00
1.326186651114507287e+00
8.236976521331826007e+00
2.818281967589014947e+00
1.667271874771489859e+00
1.385362082504265846e+00
3.493247951477353119e+00
8.397270930128497568e-01
5.339720867782567382e+00
2.948286881329679865e+00
7.437775754318723287e+00
1.295750792299896315e+00
3.675472952871842836e+00
6.694700817759028588e+00
9.599439701336764941e-01
5.422260550750392483e+00
3.494951934114962633e+00
3.358049285894593727e-01
9.988378059138789400e-01
3.312058506587804096e+00
1.147939310477715580e+00
1.372699286712636857e+00
3.221694735988703595e+00
2.079362925656837113e+00
7.916922955613599378e+00
3.572590633883172551e+00
4.041661655686630716e+00
8.146531237401672954e+00
1.450118896464950957e+00
9.129215801579668721e-01
6.658631466497378248e+00
7.713598011788332265e+00
2.542285085050263849e+00
2.297893723575024971e+00
2.028343701130517651e+00
9.440450044740726909e-01
3.683337905259865153e+00
1.248799452625636519e+00
2.990447033116516717e+00
4.483332486761342217e+00
8.556263049655166597e+00
7.065870512635071599e+00
2.041419664700787617e+00
5.271095192450916400e+00
1.940427076894875924e+00
3.105711459286188525e+00
3.671936841071127944e+00
2.936580596032160706e+00
3.753784995303096839e+00
6.562896823032181359e+00
2.733823867003219554e+00
1.934697616585933089e+00
8.256304124322721094e+00
9.444782481308241273e+00
1.138980885700540790e+00
5.936975938030708555e+00
1.866128459326292122e+00
5.586912959212866348e-01
6.386371845026741489e-01
1.826250125322037787e+00
2.977230658316632805e+00
3.035326867436297427e+00
2.030209022372901906e+00
3.138676352012062853e+00
2.308536767603144302e+00
6.314648203162503748e+00
2.069113537266251246e+00
2.943410074281510802e+00
9.675008076586267824e-01
1.899904594863448315e+00
5.134787977106902712e-01
4.341918924123364221e+00
9.333976202657019439e-01
2.952463554361132836e+00
5.632775271206439172e+00
1.502869562823152760e+00
6.906017727007179863e-01
2.252385959936650028e+00
1.341561415305512650e+00
1.392038900395358714e-01
3.543925088942099233e+00
2.791750294141393418e+00
7.866151467137990849e+00
5.829305493274850036e+00
3.075505467307984464e+00
8.384136556948515562e+00
2.567288674755480837e+00
2.246525972768827373e+00
2.041412157924750392e+00
9.024306517732302524e+00
4.226027016242206003e+00
6.586151314590270367e+00
1.329595422603031263e-01
1.478285818321699141e+00
1.149626773652306255e+00
1.360245628329259882e+00
6.041505943461891626e+00
3.474817474515291771e+00
5.260802224291936113e-01
1.913910771398880106e+00
2.878232420553382687e-01
7.456514326291308059e-01
5.558535090390742006e+00
1.944153624356423693e+00
2.186922228916164279e+00
9.966154609952342369e-01
6.329780893715480694e+00
3.218550744948252884e+00
1.944086886259242641e+00
2.766364121038459523e+00
2.305637190242507462e+00
1.585469336667950424e+00
9.206801036303985386e-01
1.811133276317043350e+00
1.219755203916971009e+00
1.477985193347877368e+00
1.461086870474925803e+00
5.264702426165756011e-01
7.448895226459173458e+00
2.600442515646154362e+00
3.085416714713504316e+00
9.427229572264479440e-01
3.203671522616218237e+00
1.098545673543003476e+00
5.947955515097336665e+00
5.762104209010509237e+00
4.238639594468610383e+00
4.483161953539291922e+00
1.458409440632651988e+00
5.587800521608298432e+00
3.420078417540172389e+00
5.895316081280513876e-01
4.029443991303655714e+00
2.792771212155430671e+00
8.538406218800851377e+00
2.829112903991640060e+00
2.302331656333728382e+00
6.308301416524882299e+00
1.738580743129510831e+00
7.380077116847482133e-01
1.133049104309838739e+00
6.074388214563963828e-01
2.359286142038833578e+00
1.363660434407372835e+00
1.483753090395392826e+00
7.226926796982539258e+00
2.398476759809444303e+00
1.448782465760788174e+00
2.334944171683510206e+00
3.758738656459575944e-01
5.806964309360540533e+00
3.330220605044644788e+00
7.548055277177537770e-01
5.573145800878006817e+00
2.213622323035914441e+00
7.593160199669504173e-01
6.374355228218420599e+00
8.737372271210471775e-01
1.273136841220081639e+00
3.611389813427772211e+00
4.436906654714499076e+00
1.564589339539610657e+00
4.351386412768084355e+00
2.289855332807114952e+00
3.594758482870830996e+00
5.461583561509576468e-01
2.432628496942261354e+00
1.422958967633880079e+00
2.507365327485516104e+00
1.930230857875273598e+00
1.210612292201307172e+00
5.273538920431661836e+00
2.512215067790723566e+00
2.761508022228906345e+00
9.076187268588968848e-01
3.812861887931368265e+00
3.030702285459703216e+00
9.663416374616043969e-01
7.707347050050826986e+00
4.700524508477559316e+00
1.100223325968599175e+00
2.232234581751659341e+00
3.015245569301818307e+00
1.214999856333045525e+00
5.567357368687974040e-01
6.508180124801552502e+00
6.801172348889354069e+00
7.172750538066318349e+00
1.226955209086911580e+00
3.215128600694384442e+00
6.290467177646822172e+00
3.530710942410169917e+00
5.947844491632228170e+00
8.363691501067271883e-01
4.596748272565189808e+00
1.872663557792628275e+00
2.206607993956977154e+00
5.854338310485810659e+00
1.002045939208586489e+01
2.807513726773991358e+00
7.674177912796245060e+00
2.475603216333901457e+00
7.688023036596116633e+00
5.717845152076550974e+00
5.660962915251003480e+00
4.913399274390111704e-01
8.284616064499761734e+00
6.364103666448127861e+00
3.170138581314090764e+00
4.243276899415522330e+00
4.166974178886425406e+00
5.705003424369204268e+00
2.563496146319842239e+00
1.394880149517606638e+00
4.156484262365485627e+00
1.669681598498766295e+00
4.192552261302792793e+00
5.611578705399599798e+00
1.490909435940739103e+00
1.811729891867979170e+00
3.522173083576813024e+00
1.153254449856455643e+00
3.904469325857736095e+00
2.353099505942358505e+00
1.011984399130370527e+00
4.903663966471050628e+00
3.765416586648973052e+00
2.690652009853498949e+00
5.479338399293389728e+00
1.175292760580056939e+00
4.178371902911549363e+00
8.730284390016928020e-01
5.495349115806772211e+00
3.901018700736349487e+00
5.036058506099488241e+00
3.247468460165016335e+00
8.658290588382719477e+00
6.877314278619309995e+00
4.952936929816277534e+00
7.228757903719139621e-01
4.127980645799937065e+00
1.076716458954476652e+00
2.913641274801104686e+00
2.407763923739802525e+00
2.736959480071749162e+00
1.476523856519684319e+00
1.179093446689691627e+00
1.683867632569908013e+00
4.461414172275137702e+00
5.457823735397858478e+00
9.489611314831222222e-01
3.107154237832664645e+00
4.317273034773330131e+00
4.325251695359219717e+00
1.482319528364600458e+00
1.391845108722604474e+00
1.212464922549528090e+00
9.637283879675628828e-01
3.381242371641864253e+00
2.448474119633455626e+00
5.051892717806730992e+00
2.177145963071682733e+00
5.199667565449145989e+00
3.193588776333807999e+00
1.130993622373635610e+01
5.523815176603227961e+00
1.400935516682018767e+00
6.526846566917752668e+00
1.949633991627909069e+00
2.047373547122725235e+00
4.763822657028951468e+00
1.366376099997230087e+00
7.625581487596318375e+00
1.877633956488725442e+00
5.875674780546169984e+00
3.196204822895615028e+00
3.886814714580091756e+00
1.110640663316257992e+00
2.131575490079332447e+00
4.554393597881680300e+00
4.955965177886091588e+00
5.406353525608740718e+00
4.381963981649254158e+00
5.874342247745281576e+00
1.195104555020639392e+00
2.654440588417073421e+00
1.314564768383618798e+00
3.912534759693971909e-01
2.276994718651978111e+00
1.501974595698477577e+00
7.928797323187695145e-01
1.429812277267968001e+00
1.117163629106582068e+00
6.173192853945198344e+00
2.579631275131036627e+00
6.344785132813101747e+00
2.347416880276391726e+00
2.980366341245345829e+00
1.000363677848781441e+00
1.492516407271599288e+00
5.015105516960637999e+00
1.782585931169832882e+00
1.787902650471705768e-01
2.091826126212229742e+00
1.347799365708614472e+00
2.392000908864396980e+00
2.779684174021626930e+00
3.483387841409853358e+00
2.483419532306820443e+00
1.797968358458297056e+00
2.789472282500439437e+00
2.158347664722589432e+00
3.240621388728311736e+00
5.220205131823364653e+00
1.820022756524456220e+00
3.081711248851798146e+00
6.108414725513234167e+00
1.103297160430667612e+00
6.070690726153097350e-01
2.616261628544469531e+00
4.371558115731559724e+00
4.277245622849312312e+00
1.590466545645443430e+00
3.617377484367875873e+00
2.189026205368593381e+00
4.010446829377437794e+00
4.124638490435121874e+00
3.776074226559838376e+00
2.061569990145116549e+00
4.153347090929247365e+00
7.771159668807616328e+00
6.038376269056345613e+00
1.707071025801342845e+00
1.766039070905704333e+00
1.265253062408365547e+00
5.971894713962124790e-01
4.055783359183357639e+00
1.735492820583420137e+00
2.119040025134016236e+00
5.182376867131257114e+00
2.143499763884490594e+00
2.600616215841156542e+00
1.538681328926723602e+00
2.271496974017471526e+00
4.339543741227550377e+00
1.934000972053650402e+00
6.266677605427324771e+00
1.746968820160165192e+00
7.061342980658801061e+00
8.562778409385396472e+00
4.088618324374442281e+00
4.742152219410861846e+00
2.231064361078693548e+00
6.267657957180043926e-01
4.920889240043058166e+00
2.346564734655214313e+00
3.331361930028747143e+00
1.786933333166794702e+00
2.261113574101485835e+00
4.485060857336177875e+00
4.516420724960916289e+00
5.837765920918487339e+00
1.135301216396139345e+00
2.453354421143340680e+00
2.792152616172264956e+00
4.959416616841685332e+00
1.583605919918783300e+00
2.159955843376444307e+00
2.201623602891353837e+00
4.771658488526471231e+00
3.912381009073740756e+00
2.831266377477548613e+00
8.792073680445522399e+00
4.703992480153384115e+00
2.528405792518401807e+00
2.303492428867878417e+00
1.897662939227818590e+00
5.832611599209731601e+00
3.977498916667811191e+00
7.747466263668663089e-01
8.659918406281875036e+00
5.682804448428671051e+00
3.796606981780302092e+00
6.869095992725875455e+00
6.511791291314632524e+00
7.408270183892653016e+00
1.574361021951397710e+00
2.929184010271737026e+00
5.868012825048009029e-01
3.395049354134693331e+00
1.083529769252156605e+00
3.005347795438655378e+00
2.400735912670483696e+00
1.080223589491575487e+00
4.618978136317080541e+00
1.216850482044888437e+00
1.613348549804738852e+00
2.226178322209693139e+00
3.659162167208006577e-01
2.767328138073367860e+00
3.400212927867920509e+00
8.063518461596088649e-01
5.663126367156801955e+00
3.279128785623341535e+00
1.413537382192953995e+00
5.860483264948055826e+00
9.404485592030403796e-01
4.231531273184863551e+00
1.273816333181868377e+00
2.846909485123257699e+00
5.705028553425628424e+00
5.018347505536342901e+00
3.922093356227517980e+00
1.642515200258492181e+00
7.060901256812688764e+00
2.568072755980393751e+00
4.916340481875579593e-01
5.729679208769947962e+00
6.716406448462948653e+00
1.817449673590694648e+00
4.888101762162520458e+00
7.271495479924540817e+00
1.217851704443669192e+00
2.467640429777251843e+00
2.910853841889971427e+00
7.700287642899267482e+00
9.674320195779984033e+00
5.422940668354680582e+00
8.362074732978050928e-01
4.331072271329525769e+00
5.225177757817152102e-01
1.029449428231958841e+00
3.605093483812093602e+00
5.628735721888184607e+00
6.368067619531029289e-01
4.027057973435050897e+00
5.761460415435061932e+00
4.390049580155848119e+00
6.619190434894501429e+00
8.716236704033822891e-01
1.312851884241498901e+00
4.185420270583308344e+00
6.574495840547499803e+00
3.848271272345737071e+00
5.360889728713797098e+00
5.680071556223601270e+00
6.446639410105442280e+00
2.516528394429837778e+00
6.294818165023672307e-01
3.457832836954045419e+00
3.282211947952494491e+00
8.682933847633672597e-01
5.528596832631138547e+00
1.619855580797554540e+00
4.053815293045982315e+00
3.227830638587906975e+00
3.540147932987993684e+00
1.120715555304575783e+00
5.770990936282072603e+00
7.230345264761188773e-01
6.203683642811460786e+00
1.933862812181549096e+00
2.422642802966458841e+00
6.213421699208966587e+00
1.015399609805841763e+00
8.885409482480066679e-01
2.123173708238025981e+00
3.924324497915918197e+00
4.041313073786287902e+00
2.185271433802851604e+00
7.198174296309751696e-01
9.426571639400712854e+00
2.841565847717669513e+00
4.059068976402106621e+00
8.825163032373248839e-01
1.255500863075384776e+00
1.197962575694266674e+00
1.935763020969749171e+00
8.282052390230506544e-01
3.705378101801606761e+00
1.728238074597309826e+00
3.339088859640128248e+00
1.082259272432765096e+00
1.348475302703967538e+00
6.659454007153863486e+00
1.160262878973663980e+00
5.043989519470701843e+00
2.035888351593471590e+00
1.400308852491108480e+00
1.579451744523216794e+00
6.247949553120500710e+00
7.604853839786029912e-01
1.406836945769384339e+00
2.809365766332815095e+00
5.552060460132539177e+00
1.592600894189068139e+00
2.485300725273573708e+00
3.265344336492475019e+00
1.907072703496728083e+00
5.141489188732829341e+00
5.757260148553550394e+00
1.735639784313316003e+00
2.085991510859463993e+00
1.983114783852349072e+00
2.125617805969228336e+00
3.140645131519678834e+00
1.449071125390679171e+00
1.235495209104362280e+00
3.031160432937078930e-01
9.594579406767396179e-01
1.037452743075008454e+00
1.617474843612997981e+00
6.172943326347762216e+00
6.385205173070864326e+00
3.316311024959268661e+00
1.558567109392021033e+00
2.578010099726658844e+00
1.081202155519743302e+00
5.184241963520320517e+00
8.055800462384365090e+00
2.115821404042989684e+00
2.108933217027394669e+00
2.397579718501859247e+00
7.199890300029433199e+00
1.782047570294949645e+00
3.325267265780960102e+00
2.546858103774058080e+00
4.484844225228345138e+00
1.270974030872305427e+00
1.813111640565322702e+00
7.229665616316623300e+00
6.108632207703791117e+00
1.366896368829120023e+00
2.688082912557002491e+00
1.327544808221706951e+00
9.305533034301636253e-01
4.769915161167621598e+00
9.354234222608046601e-01
1.895916971912972038e-01
2.808658358552469370e+00
7.545135064371534028e+00
7.830167065451972164e+00
5.021910272275025733e+00
1.342891347326695239e+00
2.324440748053961503e+00
7.444870375478116920e+00
3.444194855239595565e+00
2.604752869444260543e+00
2.013067800967740517e+00
3.705644177317181764e+00
2.825323006122134828e+00
3.359489016088029079e+00
2.149520619364854390e+00
6.689553901036090267e+00
1.071234503885566403e+00
8.852297295647482134e-01
4.885536204996041576e+00
1.210090340188286318e+00
9.622182862699691919e-01
4.381682590121783072e+00
5.859300962540050506e+00
1.015127696276356462e+00
3.284175117378138165e+00
1.387648758570076524e+00
1.583256980370112199e+00
6.145860247412193722e+00
1.794113343417481632e+00
7.585678681589472561e+00
3.108247549044893532e+00
2.879596235840653939e+00
2.200631255591256608e+00
3.824239459044619593e+00
5.058132810235359322e+00
1.101209045863185354e+00
2.001322988362692623e+00
4.472663408969620669e+00
1.319126789433973990e+00
3.655174256288750367e+00
2.383707773847041800e+00
1.333764842648270221e+00
3.546454228147077004e+00
3.721181903350716524e+00
4.610088822584354595e+00
8.649033469957292386e-01
2.633684506747425935e+00
1.629119641160414744e+00
2.694770923801672602e+00
3.102539130257424116e+00
5.456967122674571513e+00
6.251042176741753664e+00
1.700217466866434490e+00
6.012885099525931309e+00
3.059350079733418770e+00
5.818770824016809007e-01
9.742352265135950651e-01
3.528250786924598814e-01
1.923292382973183612e+00
1.717656725330532375e+00
6.093382125548891803e-01
2.201090785127150173e+00
1.064249444625822161e+00
3.779174572480795025e+00
8.886337469001500677e-01
2.606841171826503878e+00
6.267804160006397396e+00
3.313078224299537577e+00
5.908749727595279388e+00
1.117840824360628149e+00
5.391060499391508110e+00
6.516138068369181635e-01
4.548843105642197848e+00
4.430688236354630716e-01
6.275560100045245449e+00
5.239246861568720881e+00
8.900845996511270286e+00
5.172168238232953463e+00
1.293900105795257716e+00
1.342581568685539573e+00
8.423986201894161363e-01
8.516374097258776477e-01
1.984360145140791287e+00
2.109201967022612756e+00
3.314906248666782851e+00
3.437660921736379382e+00
2.427850688165527515e+00
4.159691898202564353e+00
1.205766231076579320e+00
4.287216410447820536e+00
1.726636478177814071e+00
4.179530479984272517e+00
1.377140631157615314e+00
1.223123793912430202e+00
1.071971669542975736e+00
5.460528972660013025e+00
3.682416258313641944e+00
3.022884322092496134e+00
1.420981938183711435e+00
1.682549555657849361e+00
2.178109484331167245e+00
1.707211963423211687e+00
3.038117188455154771e+00
1.784931285537249668e+00
3.575737537311197922e+00
1.379739028184299166e+00
2.168876050644349629e+00
2.501337047231472877e+00
5.143845418001048664e+00
6.788831199725388288e+00
1.164775365044734778e+00
6.114757814894935528e-01
8.139679467531928836e+00
2.463268825964984643e+00
3.229364050118483487e+00
7.714909781687069312e+00
3.169086545005568745e+00
2.010439263331999182e+00
1.235218618559936976e+00
1.852320830843505961e+00
1.968250537666928812e+00
2.942412990686321894e+00
1.745829165017264373e+00
5.148050744227687048e+00
4.557867055289909763e-01
1.579627219861158949e+00
5.100900140647035563e+00
4.834140071696441110e-01
1.826583273025150334e+00
3.145192595948348657e+00
1.302004476738939820e+00
4.697745332714200472e+00
1.552411339865737316e+00
2.995970000061274341e+00
4.060283079678682405e+00
4.171847076801708631e+00
1.026639927749590564e+00
1.698081417565213247e+00
1.394955179883050844e+00
9.294106939613830942e-01
8.835508689856157449e-01
1.082193201588462550e+00
5.203546955016208564e+00
5.667969350145471985e+00
3.265186272150480296e+00
5.938715627420622312e+00
1.295901501984822790e+00
3.267515082944245197e+00
5.534405473155703525e+00
1.401303956246247484e+00
5.079808388974937472e+00
2.387254795817705944e+00
1.962845431241874161e+00
3.022052383245971807e+00
6.994329711397119453e+00
3.269409543580235056e+00
3.838966458973286588e+00
1.824137224951583702e+00
2.375728052515260647e+00
6.132547243312047591e+00
5.702242002417104993e-01
6.215911566626136420e+00
1.227781109941125326e+00
1.940074797950398056e+00
3.262547018476687821e+00
6.838378764882515171e+00
1.794367826087228668e+00
6.409388822898960392e+00
5.548646760581803505e+00
9.746688638823132189e-01
8.669028967807745900e-01
2.201788509928331639e+00
6.857607926186067182e+00
1.261475758960804994e+00
1.727240663836924206e+00
8.045326898105333413e+00
2.725357151401798461e+00
2.322828681550977770e+00
2.622821325021188699e+00
8.998079751797999348e-01
5.591163354709205002e+00
1.598877633088161332e+00
2.899636649802238786e+00
2.419506482714799400e+00
4.581293887891679795e+00
4.245334683046804614e+00
1.393331764321612321e+00
1.591726123888389299e+00
6.897564605968807827e-01
2.119763461043196795e+00
4.361834379346386292e+00
2.333942573747960658e+00
6.564044794839325014e+00
1.177913360015852451e+00
5.450231870574868687e+00
4.103593465679325369e+00
1.042493074560352895e+00
2.771547803759536244e+00
2.729540750570744301e+00
3.877134750728396195e+00
2.948984482680895525e+00
1.877715800158703097e+00
7.979641269342236498e+00
6.515196999291409385e-01
1.359514560201919853e+00
8.499631241864342712e-01
5.351884763901739284e+00
1.122467462137150740e+01
2.954179604922452240e-01
3.524421034058670799e+00
3.847810494051646213e+00
3.316213175103669197e+00
4.076531157764660129e+00
1.508308162421706289e+00
5.292929543584185659e+00
9.008247977407417562e-01
6.124321478771943106e+00
2.273593828809097328e+00
3.426328701549430811e+00
1.581391818826263007e+00
2.486390369610111506e+00
3.206313923322515969e+00
4.585142594235695590e+00
5.436263775593044301e+00
1.774031898920590100e+00
1.732623486596339690e+00
8.033829729913767315e-01
7.620219644311917229e+00
9.284913603760784895e+00
1.559633289440810033e+00
2.354065690921632648e+00
1.623999585871425122e+00
1.785807541883873029e+00
4.242118157505836429e+00
5.965049029224869237e+00
3.543475325447036361e+00
4.159787563952299649e+00
2.850271429793745703e+00
4.742906272109768118e+00
1.518482756114360122e+00
2.668699362024125943e+00
1.227699681450155067e+00
9.257869259124588135e-01
3.424158632267917834e+00
3.032084026381156150e+00
6.909208440939611506e+00
1.426587265641418467e+00
8.447313337510909959e-01
1.012170836845470046e+00
4.315661766022620860e+00
7.775534162110220304e-01
4.717042742726468951e+00
2.730932844777262058e+00
1.499244361669277215e+00
2.213772652811560437e+00
8.012984654888342106e-01
1.874298192349993064e+00
4.350522991944383300e+00
2.207405902080936233e+00
4.805855216675241515e+00
7.878204905721903906e-01
2.206005932016505078e+00
3.681280219104981821e+00
5.337477164901927473e+00
6.165323609538973848e+00
5.701768081952007350e+00
7.883444622363775522e-01
5.195084265252849498e+00
1.394328791024449954e+00
3.141749915301843110e+00
3.653870642695971060e+00
2.538854695220789548e+00
3.619740434643111904e+00
2.159110285584986411e+00
4.217579886503827424e+00
5.755222316759855516e+00
5.832787254679642430e+00
6.302654035404076538e+00
1.601004003211164317e+00
2.439613241851652958e+00
5.955050535131104716e+00
1.823610804543526642e+00
6.124144237793575307e+00
1.961218452681894320e+00
1.669083112516063450e+00
3.417144324641894659e+00
4.699823517855803878e+00
2.156412984338442307e+00
4.023087839418471923e+00
3.413453087317425361e+00
1.926943780518551641e+00
4.735546604505247004e+00
1.340867852422867879e+00
3.180475743142175737e+00
4.891181806124469844e+00
1.200844579417800873e+00
9.093233532436622024e-01
1.516102860579829237e+00
3.550022847273706539e+00
5.544161207560199145e+00
1.713455368289195535e+00
4.488764458032510341e+00
4.910704133572920682e-01
1.584491005865948487e+00
1.621808002619733680e+00
2.016283603739950081e+00
4.183521380368145692e+00
5.192643975966571013e+00
3.117041694580104050e+00
5.751303091695223912e+00
7.919484658971050806e+00
8.760178983865508640e-01
5.741580707036195719e+00
2.518380495548576015e+00
5.571838542424298879e+00
3.968663079662802851e+00
1.879302288747882299e+00
5.991769801366396031e+00
7.828015780133549262e-01
6.929082791102589844e+00
5.962238356383365634e+00
1.840538102253936215e+00
7.606233711614855508e+00
2.621490760844770840e+00
1.088863320400996537e+00
2.876304806097257138e+00
1.781821830497016146e+00
3.244035125966208355e+00
4.282653023237240397e+00
1.688578833073635321e+00
2.543043259032709891e+00
3.009529893611087470e+00
2.168131733225598712e+00
5.950221193032097844e+00
3.859874440259566608e+00
1.981957505773399797e+00
6.018249441303525238e+00
3.474921600984998360e+00
3.585373882866938811e+00
2.247722846223513482e+00
2.041927923512038223e+00
3.297582824942951962e+00
4.284194192559769299e-01
7.643079444637482789e-01
4.215373702963384761e-01
9.740123000302057799e-01
5.880447810175536638e+00
1.077794018345210603e+00
6.347111943111571897e+00
1.968472570556683010e+00
1.482462903154445399e+00
6.240769032651932946e+00
1.445486015817504022e+00
3.621390093588172654e+00
3.114286376196401918e+00
3.152523582430369231e+00
2.130087197952275968e+00
3.684247899072549792e+00
6.253839939833536476e+00
9.529032497615363972e-01
7.190162655091191901e+00
2.325990843560125310e+00
2.229994692185646610e+00
6.647102033893914630e-01
8.739835265005542198e-01
4.964153191359489625e+00
5.730015508392156676e+00
2.250322630970975180e+00
3.724824604910593528e+00
3.054140611810167716e+00
4.912738458812843767e+00
2.221212498034616178e+00
1.163633346214762554e+00
9.524715545781390347e+00
3.220848410301718090e+00
6.964170801727056492e-01
7.855685796276906663e-01
1.485745469249499573e+00
8.687397205320612770e-01
5.311795901657763608e+00
6.356196972285092173e+00
3.613056926251828838e+00
1.048320187907368251e+00
1.017277772858190321e+00
4.297530761357251095e+00
8.493999016592698181e-01
2.662329350851002641e+00
2.395420894885379681e+00
2.142908733771823115e+00
2.799039747651685506e+00
6.355674020814327640e+00
6.059029422031382284e-01
8.484201901529213607e-01
8.158922711507962111e-01
3.418965991195029197e+00
4.723234519897249406e+00
6.727774100925028478e+00
1.701821332804115849e+00
1.223436495840309668e+00
5.986793581405771114e+00
2.304870841443151352e+00
1.559467386550878132e+00
8.292391372181207032e+00
2.338950196735338327e+00
1.393777096039905183e+00
9.814812590486698962e-01
6.110966784658479867e+00
3.385580006965418498e+00
2.532196193336049728e+00
6.822027709769658443e+00
9.379098431823754467e+00
2.325107304900567495e+00
3.579630545695538402e+00
3.496784755576473280e+00
6.395842756497884807e+00
2.619993841444818283e+00
2.612894321773198136e+00
1.239619202407833409e+00
2.161654681028152947e+00
1.708621596597276415e+00
1.270425063846334801e+00
4.708039684081656517e+00
3.096029060558529444e+00
8.436197016514260794e-01
4.230825866231986865e+00
1.765325439560951004e+00
1.936824479121633802e+00
3.373138714389075088e-01
1.760151688737609188e+00
5.523763503461319502e+00
4.813774725368251239e+00
1.268096224400682370e+00
3.291115480316380459e+00
3.349869183871516221e+00
6.192257933288420446e+00
2.782890923818109208e+00
3.770378291955404748e+00
5.637209405713177190e+00
8.203766722339602691e-01
1.036377231147434852e+00
1.233991064627248724e+00
9.605186580927069784e-01
4.206965071983812976e+00
3.632644369516911720e+00
1.406112856939519817e+00
8.819534591815689772e-01
2.519174093472708709e+00
4.896668843577445251e+00
3.966794234041337575e+00
5.904405351459193874e+00
1.694822464686227992e+00
1.659682337968837906e+00
1.849874098945576639e+00
2.901115461578775534e+00
1.017868714216896509e+00
7.172813625778791113e-01
3.020520779445664772e+00
3.517550574802292385e+00
6.729816109961713977e+00
4.259498765699409439e+00
5.678899176951036409e+00
3.279289814716917384e+00
5.843664150901147103e+00
2.342836295903587995e+00
5.500895115531744040e+00
5.935200554038909893e+00
6.094291256745593799e+00
3.901121548730972055e+00
3.233853830755205827e+00
8.513905496136748852e+00
6.227351359107532680e+00
1.716751093709738996e+00
3.808439496672932023e+00
4.476811811397125140e+00
7.024155314384095128e+00
1.853930183165482193e+00
3.125383114051067057e+00
2.692126707393634355e+00
2.705506593821711547e+00
6.966940846616580529e-01
1.841205384782293342e+00
3.151041342223035890e+00
2.225012560549469942e+00
4.912771223620795880e+00
1.918677535485841412e+00
2.703344815109512300e+00
2.161225236780835779e+00
6.141015112368751083e+00
7.111150224179341173e-01
3.305435887023788766e-01
5.060783202971466999e+00
1.344432153991279799e+00
6.174560789245307824e+00
2.184240257065458213e+00
5.257358955893442598e+00
1.013418698079563418e+00
6.317751829785320794e+00
3.662362717926453293e+00
4.900020208153320844e+00
1.830503183881076579e+00
6.566007822175438768e+00
2.447056346903962343e+00
1.416788204502940962e+00
5.050796064251263928e+00
4.355932156157186874e+00
2.935896810988920969e+00
6.176392933523192852e+00
4.256496863721524804e+00
3.968179320447625447e+00
3.392386379766974436e+00
1.102540472949769867e+00
2.485844938752500788e+00
2.387598337126864312e+00
6.144418668048295951e-01
3.376542740027593137e+00
3.591215501306337377e+00
5.227143500267422915e+00
2.397664679059109627e+00
5.271814520123846215e+00
2.416120520414569040e+00
1.771043748597224798e+00
7.912874102659665176e+00
2.120931602673460592e+00
9.303965892777480429e-01
1.936199149838532474e+00
4.500714201547727278e+00
2.039902323032003473e+00
5.347312919478111937e+00
1.395790410771933221e+00
4.413046179998045382e+00
1.745415053023497531e+00
1.165726177106218842e+00
6.230262561706140012e+00
2.919637926200700839e+00
7.546081479987318819e-01
1.799462037713320806e+00
1.445682409949016645e+00
3.735772625599672825e+00
5.059789168645037805e+00
2.801212149743186330e+00
8.479729477526566583e+00
2.664278989321632984e+00
3.446930896570137293e+00
2.805950757487348568e+00
1.279581550028216386e+00
2.401697568834514573e+00
4.467316221718916402e+00
2.512404531423093612e+00
6.502899081188108887e+00
2.521440357864941362e+00
7.151796594765531534e-01
2.082808719302760014e+00
2.388002503671127208e+00
1.732101034831353026e+00
1.512005412093657908e+00
4.772734623837498802e+00
4.137396834395433487e+00
1.512663175586877573e+00
1.573230677968910474e+00
1.824721913239559123e+00
5.768154256894389320e+00
1.711348592691080750e+00
1.282422300393166958e+00
2.521461520672109824e+00
2.344546392457300232e+00
5.736055117218229249e+00
4.731014031432674294e+00
3.750446060620653999e+00
4.567666989146488277e+00
3.091553192242035397e+00
3.314525660214489466e+00
1.272766788690452788e+00
1.744786701854971422e+00
3.670870720204567395e+00
8.344761527044479710e-01
6.464635825405095737e+00
1.142375035005810169e+00
8.178674000416435774e+00
1.939958777950498980e+00
5.743616440114457156e+00
5.120966755565532047e+00
2.619068835928296313e+00
1.889280022287047611e+00
3.769357752890870383e+00
3.728075350419214118e+00
2.898605402535777475e+00
3.256005686098267571e+00
6.516552944699009586e+00
1.922734533189522921e+00
2.962473434110279857e+00
2.348626028747110350e+00
9.051684907795364055e+00
3.264432345089153920e+00
2.276019366535137145e+00
6.112794931090426154e+00
1.984217252715055224e+00
1.190388774035234576e+00
3.172979774533538411e+00
2.627728772222575060e+00
2.210424554843771983e+00
4.717979360329986882e+00
4.964748256403927584e+00
1.948154189790655577e+00
4.084865561360251363e+00
1.750393712379283651e+00
1.434644906679672705e+00
1.196340538857800118e+00
2.949719143761962759e+00
6.078009720380764591e+00
1.252778894880630878e+00
3.605269981618984154e+00
8.523798347003054943e+00
1.965025720377715279e+00
3.456391592632476861e+00
4.138808734060813954e+00
2.764051750216774295e+00
3.050371686914336244e+00
1.072898865312950534e+00
1.862679197483460669e+00
2.254671461068118887e+00
6.742226251137506843e+00
1.583093076001909072e+00
8.699906348153330082e-01
1.791549449336418354e+00
2.809532294111458661e+00
5.664635233342132814e+00
7.351542102383858968e+00
1.622393728153073367e+00
2.667220602376528804e-01
1.931276826186558715e+00
6.195552534682748025e+00
8.922017293753130573e-01
3.574803684175272611e+00
2.570167721460403509e+00
3.765561104906802292e+00
3.456319075597782398e+00
6.398475113443647722e+00
2.975797462810597427e+00
1.607564763495448856e+00
2.048307684968908138e+00
1.379414181288464381e+00
2.664149014138527782e+00
1.749654083169617902e+00
2.985209161007436940e+00
1.586952064733766932e+00
2.922492153993347941e-01
2.332372005459586450e+00
6.215214334406425900e-01
3.371562911786476047e+00
4.850281274558424505e-01
8.378971268702667397e-01
6.593911829176384298e-01
2.560076418309276569e+00
3.773792821393433972e+00
1.175044043224558132e+00
4.464128926130243258e+00
1.204089821735245813e+00
2.118770409944373601e+00
1.630343302482426981e+00
5.516404445079791330e+00
2.286353793813643343e+00
1.665912621498124579e+00
2.450831651773280218e+00
6.384028600697261524e+00
2.591609710911642495e+00
7.459900575752271834e-01
1.264596613561173477e+00
1.760785790735824197e+00
2.891001878234314315e+00
1.823969491808886678e+00
3.709930264789100374e+00
4.603519571468613236e+00
2.539391128183809077e+00
7.764457930899889782e+00
8.556691767178843833e+00
2.547850221560194139e+00
3.146037062807001128e+00
2.495642851514835669e+00
3.071847170833213347e+00
1.709306904060289067e+00
2.852468870773042120e+00
8.939677561313617016e-01
9.608342553733514313e-01
3.509796348184851311e+00
1.511236474515712525e+00
1.772211306403060016e+00
1.233447943708942729e+00
2.178408437030286748e+00
1.676734418664232340e+00
4.304543433096603700e+00
2.183771220530759116e+00
1.744366881570833305e+00
2.895253964800037938e+00
2.902870816406419419e+00
1.225655963712618979e+00
1.237218987472473275e+00
6.885470326551016207e+00
2.795436757540322503e+00
2.870610298299590024e+00
1.334311529445164846e+00
8.542386350318563748e-01
3.393620825351606030e+00
9.291393172920500154e-01
7.748881909308988902e-01
1.741393668683297591e+00
1.568422441736996076e+00
7.413149105495966396e-01
4.602915551882707845e+00
1.494583552811244331e+00
4.936564346925168323e+00
4.835655572785172218e+00
1.264969008033089093e+00
1.108191964327297052e+00
3.598081711690322759e+00
1.364229479348618934e+00
1.903707571202021942e+00
1.609218283348319956e+00
2.915705498370936510e+00
8.363492918548178778e-01
5.445367089807892746e+00
3.348079772373454777e+00
3.969908055647580092e+00
3.842371966967768060e+00
7.163223104846177414e+00
5.212149421411584882e-01
1.682233490964471612e+00
2.102103794692049110e+00
3.393855990189864613e+00
2.858795832955729921e+00
3.010884148414862960e+00
6.057240445814747076e+00
1.829730112353135096e+00
4.163666001382098081e+00
2.611416197420771468e+00
2.543854769930237403e+00
3.220835598902006325e+00
3.329663185822189231e+00
5.215288601170132710e-01
4.555548501598609690e+00
2.765018034628735411e+00
2.805524256127810645e+00
9.969904502217279418e-01
2.276702839677002821e+00
3.015734759367727946e+00
9.128354459637979534e-01
3.053275785794113961e+00
3.798908872832532868e+00
1.811727853298807922e+00
2.762833878177136882e+00
6.118362907118816807e+00
2.174780121290960100e+00
3.033343877854048021e+00
1.851384202272843726e+00
4.323025743697008316e+00
4.710206758433022500e+00
1.863352007637014252e+00
4.662300658685668786e+00
1.598853525966776212e+00
4.016827727259260961e+00
1.778637494876873282e+00
8.246236382611151328e+00
5.983475587119826411e-01
3.415756779803881926e+00
1.850536430063317805e+00
2.394247083531558129e+00
3.334528236567261494e+00
7.637434586645757584e+00
1.287158488196482820e+00
6.113471635583542785e+00
3.219526148016469858e+00
1.116927062214657429e+00
4.913677688390988507e+00
2.826507269670730071e+00
4.198341320941943455e-01
1.828331942300746249e+00
2.103219644400747601e+00
4.887426191584341773e+00
1.671969311695786109e+00
8.718003088344545848e-01
1.435741223625311314e+00
1.802377916977195405e+00
1.935738957019755180e+00
6.794582042598786842e+00
1.474506171508963126e+00
1.836559007784214437e+00
4.454786412594408773e+00
1.989146345295877971e+00
1.988196784930633898e+00
4.960036710184273723e+00
8.733051598893046830e+00
2.063315160367609646e+00
2.270930771588736796e+00
3.908478479914148096e+00
3.019171363362484595e+00
1.896939364116856375e+00
5.383582267996342097e+00
3.308100591712665128e+00
1.921021311213136906e+00
1.107553332599451767e+00
6.487922193050446040e+00
2.613474334259094256e+00
3.966631428714329832e+00
5.403060081820429517e+00
3.743405162231146499e-01
1.725818477942796081e+00
3.786553849748460210e-01
6.304421322517871573e+00
8.240088896805726204e-01
1.107046669619728529e+00
2.181539507203694495e+00
6.693683039708001381e+00
1.708550920928852523e+00
2.773585660248508944e+00
1.931887905681196838e+00
2.636537808627290591e+00
1.454160055270374396e+00
3.300006350460460869e+00
3.350126093694610674e+00
6.915321937633317484e-01
5.379408424070803107e+00
2.092168622569638536e+00
2.226808591608737675e+00
6.690923894610825151e+00
4.862718630177774726e-01
6.291825036151863504e-01
8.988470702518347455e-01
6.326487035297723160e+00
3.024707823970866016e+00
2.042608119407596234e+00
2.102169984203927644e+00
5.002076480367627198e+00
5.849626175434670117e+00
2.294309093372072450e+00
7.142386989404577946e+00
1.030825949926698737e+00
6.269403963481383180e+00
1.224638055207189380e+00
3.344796627177955894e+00
6.499056594318555646e+00
1.605991793513670496e+00
6.846787856303896191e+00
2.000409586174893839e+00
1.085751035993122393e+01
3.476640224299554216e+00
1.891097245574803853e+00
6.040474885483633649e+00
4.558808813748976618e+00
7.444112415743329159e-01
4.475661486527229727e+00
7.078914595261248666e-01
4.601246096967224197e+00
4.298673949179041998e+00
4.285469746693850723e+00
4.694657577703215345e+00
3.323599147441315349e+00
3.707937868279208793e+00
2.040395346255164277e+00
5.471546129956935012e+00
3.366695674377549352e+00
7.348225654306402177e+00
4.950191782617914704e+00
3.414550369845746669e+00
1.261812805022578310e+00
3.645453268467313990e+00
3.050151836973043373e+00
3.147626629583473168e+00
6.719246730758533737e+00
1.305852768354386129e+00
2.756980422768570360e+00
1.111208822529018869e+00
9.673835705410861463e-01
2.485444973094670829e+00
1.944543081898072678e+00
5.379141967650029166e+00
4.876495442202712916e+00
4.580734131934877773e+00
6.271127972189530553e+00
2.656947752419128506e+00
4.397277993886770986e+00
4.627001004299156506e+00
1.943926197040336756e+00
2.585130042732813660e+00
5.957939363013707634e+00
1.342900072032068737e+00
2.312853396159954666e+00
1.490179665722374258e+00
5.460046701528470381e-01
1.865258998307072424e+00
7.299771847188297080e+00
4.826443480654476481e+00
2.605147374609380062e+00
2.099138514699624647e+00
2.321068759489297140e+00
1.559850108370617550e+00
2.434966138108908051e+00
2.624267362327101782e+00
6.249137201825599952e+00
6.746387447742440813e+00
5.112727692616128472e+00
1.502775639618784798e+00
1.968541556065351639e+00
2.183681039889412645e+00
1.759448700712472613e+00
1.557028337914974303e+00
5.416435879410057552e+00
1.836410816272480151e+00
3.646140905452028402e+00
1.830397476212636931e+00
5.588899121518071667e+00
2.896892807354334742e+00
6.314735560316400154e+00
2.672907282997302403e+00
1.994646214340799917e+00
7.249072489896920324e+00
7.472974100909371975e-01
6.181915655630884077e-01
2.351305668136334237e+00
1.649268525221883053e+00
1.846015789841618515e+00
5.280692240888177125e+00
2.715541436066775560e+00
8.203136179119260296e-01
1.387360354933211193e+00
5.795686849873604274e+00
5.328232910370237718e+00
5.276268353089196061e+00
4.183859195284759247e-01
7.028210497069495855e-01
5.056823056126280136e+00
2.058504823124236438e+00
6.225149405404411418e+00
2.704047896821405672e+00
3.036487153658669946e+00
6.012173723054595520e+00
5.092228804514181029e+00
8.380199592657742613e+00
5.136869461607755483e+00
3.519871548242387682e+00
2.938200653803402229e+00
2.112168338323579420e+00
2.165551571520765162e+00
3.676622421534128105e+00
1.005066391837993578e+01
3.187474849184183778e+00
2.501638507686267054e+00
1.183526672435882610e+00
5.202033593876359774e+00
1.240554554396528925e-01
5.059399776151789041e+00
4.056667196253651575e+00
5.012086630987291791e+00
5.432031118749892862e+00
5.112971899932200692e+00
5.094380115920716934e-01
2.017064857453064963e+00
3.680022772258651376e+00
1.452256762006730373e+00
1.171118261626499901e+00
2.066566135931767079e+00
4.202234656540772662e+00
1.203442288985923536e+00
1.733805387505259032e+00
7.450042358298139433e+00
1.196612067993394923e+00
3.103620512202751591e+00
2.599364745824920941e+00
1.175550811502729553e+00
2.237430971409269720e+00
6.116929727684096152e-01
1.736366714351369245e+00
3.271084487529762885e+00
3.106335604553689400e+00
5.184727035535761530e+00
7.199274669238604485e-01
1.257066479449538310e+00
6.022796130838995232e+00
6.129413778791944267e+00
1.402467456529928214e+00
1.840557373967981469e+00
3.572374993276733690e+00
1.827868039350021734e+00
5.459009611835914377e+00
5.786666485468039411e+00
1.929352568028107395e+00
3.301350768652017820e+00
7.260379271665243772e-01
2.569390819601517606e+00
2.060545961097368206e+00
2.960808475546732765e+00
1.534042033269719330e+00
5.132652941954254366e+00
1.874281944224423180e+00
1.395063476689598181e+00
1.199020069224403962e+00
5.057968776652812970e+00
7.061071349939841646e+00
3.471839266589246353e+00
1.779775134194735431e+00
2.791313177563661707e+00
1.972675369035928883e+00
2.885899760443001671e+00
8.499821992358755907e+00
3.248319933613196264e-01
1.594076406146997638e+00
6.914703960410547801e+00
1.235274660136419955e+00
1.848195189810990069e+00
1.162025652407043808e+00
1.562708589535440673e+00
2.251535623040895384e+00
5.270600242360332643e+00
8.706239419264964141e+00
3.574217720284613709e+00
1.832714513787124799e+00
6.377586212312364999e+00
9.001195164811307547e-01
2.358794907336453139e+00
3.013918449279195499e+00
2.842948660027218910e+00
1.518487116218510957e+00
1.060425060798215080e+00
1.596666527764371679e+00
4.926733003474285333e+00
2.117833430050219956e+00
1.552330122266174284e+00
2.682040463025887611e+00
5.058556862000846976e+00
2.991709833388368267e+00
3.610275563345995753e+00
2.166849482946777261e+00
6.315027250528333802e+00
5.604153358130665730e+00
2.266191537383092314e+00
3.103644187961037471e+00
1.329148213125122435e+00
4.555598497097547828e+00
4.972069582586480685e+00
5.736595988499826326e+00
1.948892293195189751e+00
4.881659101288843949e+00
6.501530601316025226e+00
4.999430926776152084e+00
8.279478735164520486e-01
1.074993610429412438e+00
1.692527884241903591e+00
3.098008134490022769e+00
1.392142856930831618e+00
4.555882415111433659e+00
1.610026050648267537e+00
2.037859448314578881e+00
1.880907053558325437e+00
1.925621190312043929e+00
1.202535046866453960e+00
6.968915932760442189e+00
3.807108572307166927e+00
7.534862584976872668e+00
3.623576983868510126e+00
2.737617006425280497e+00
3.159020324675786195e+00
1.041513340535840992e+00
2.651105544494802402e+00
8.195583886280846997e+00
2.025705581617132545e+00
9.551658188443719055e-01
1.596846827230655741e+00
3.341050758759314121e+00
5.101059922877027475e+00
1.371343158679033447e+00
2.870537680935115077e+00
5.429378439473933504e+00
3.366777645975127964e+00
1.195517367760866589e+00
3.615866537870022324e+00
7.934744289320500021e-01
8.012893397995428657e+00
1.899286945490584744e+00
2.268985810733934905e+00
3.379020162188203447e+00
3.782168165935746007e+00
3.332943175826052595e+00
6.498355119439949590e+00
2.876516954743360888e+00
5.821721789204174158e+00
2.161463647820186740e+00
3.659868804232990325e+00
6.240069279860710694e+00
3.226592537367974245e+00
7.860381445894054631e-01
1.322543108474197870e+00
5.260000727411314081e+00
1.316195680802193291e+00
6.680958824653544958e+00
5.719131795868639401e+00
1.858737728983731685e+00
8.780618264446775623e-01
2.967083755701120484e+00
1.670242302293842851e+00
8.923309948491116028e-01
2.615222445413618590e+00
7.213469829809403322e+00
1.536883442289607382e+00
1.915246254927356340e+00
6.846118303049350651e+00
6.797220808076992249e+00
5.703204046670944827e+00
3.350733385305433742e+00
5.337326694917670089e+00
1.399408319448192994e+00
5.857508549171134504e+00
5.017651224579519287e+00
4.042822837996197793e-01
1.655283346134760913e+00
8.878748736170692935e-01
1.758484844798467117e+00
6.612667034986905890e+00
2.622410995857531901e+00
3.027169114775691394e+00
4.574053876581225531e+00
6.720543831758035047e+00
2.438878779091261162e+00
1.786669158178500805e+00
3.019853010875442223e+00
2.603043478185834925e+00
5.276196572519407546e+00
2.513358899051684858e+00
1.282397265723850488e+00
7.819776028044045368e+00
2.078434307727262009e+00
3.963525189685708661e+00
1.090203314208158192e+00
4.081018049794531422e+00
3.997432918238389199e+00
5.370794735259335484e-01
9.403709009817322606e-01
1.669144392221522333e+00
2.997574615651545926e+00
4.765176142018590966e+00
3.024620248207743889e-01
2.117688712748407198e+00
1.638946864771899437e+00
2.162334847774835644e+00
3.311571191614104848e+00
3.589114168593592780e+00
3.276172046709157293e+00
5.230656830230916654e+00
3.678109880155546296e+00
7.040519348562433999e-01
2.185246410494696256e+00
1.946737223141637774e+00
3.895257087817377784e+00
5.705619891183524750e+00
2.434756483774690228e+00
4.346414807804093172e+00
2.393391637317412890e+00
3.433236380787498820e+00
3.688130234104156191e+00
3.700041158442989087e+00
5.130982565348799262e+00
2.711951276670418132e+00
9.741418610410231826e-01
2.547710109687580271e+00
1.391412066933452873e+00
1.351782417615719600e+00
7.274868145332684222e+00
5.663395884248727530e-01
2.290747578860001354e+00
8.918621163063417123e-01
1.649315727756422101e+00
2.163310987789799356e+00
3.345441208104041664e+00
4.960447886134437212e+00
3.310561230900132657e+00
2.738379317026680582e+00
3.763208860115261789e+00
2.234083933246484577e+00
4.542454801293134281e+00
1.029209217058522752e+00
5.194347728921939300e+00
1.514776747306582072e+00
2.897652346174476090e+00
4.188813381295006799e+00
2.064164726235145242e+00
2.668410975345556935e+00
7.260231774574072539e+00
3.655405592018019512e+00
8.602826746936690583e+00
3.283027194645178781e+00
1.127242996432246125e+00
9.153599613197027196e+00
4.590414142472531989e-01
5.613076916002668781e+00
2.077615367380158062e+00
1.736857286204211537e+00
8.016953484219000003e+00
5.696099708778755932e+00
6.516073420708003106e+00
1.394051255995067518e+00
2.976458441150004575e+00
3.968014065885943520e+00
3.211288123234863789e+00
2.124981229435344066e+00
1.130376006760123397e+00
4.192485494390564504e+00
2.591490110826054405e+00
2.861148287029177673e-01
2.568550318188155490e+00
7.591763256177802566e-01
8.110711309121882095e+00
9.323848765718095066e+00
1.205047716728287366e+00
2.915430196275453412e+00
1.315313359485163591e+00
1.046779655757204441e+00
5.081938774623052879e+00
1.114996125764590618e+00
2.028362120849865224e+00
6.136390616290676725e-01
6.022851436998268859e+00
6.959410741517642052e+00
1.983033410403411523e+00
2.023502363075741606e+00
2.428222043635265504e+00
5.009210034055446847e+00
4.122723952292386862e+00
3.326104590245968495e+00
5.228581489087881451e+00
2.305937615694884091e+00
2.541427724860598314e+00
1.303364637117510494e+00
6.665748372781157727e+00
1.839189533680133604e+00
2.752119205953987624e+00
5.034960013313392935e+00
3.349043724472637429e+00
1.938173600335453717e+00
2.717421794296553728e+00
7.147167029429889240e+00
2.801969280307537780e+00
6.103347113520936951e+00
1.690125584640550960e+00
2.531828786915971463e+00
2.296619341914177603e+00
5.305814952633851611e+00
4.081521278283481102e+00
1.897271830486349176e+00
2.291675018630487504e+00
2.907247077147165903e+00
2.405304611698797057e+00
8.761959747330891890e-01
3.525938739809004741e+00
1.314291383502292465e+00
5.055944260030850401e+00
6.921287917570410286e+00
3.649093520192175699e+00
6.854263711972673256e+00
3.149383730192494735e+00
7.630897329026258280e-01
1.240583937563244366e+00
3.170061056779199138e+00
2.559735631991323590e+00
6.192303501648673603e+00
7.414279967956074913e+00
3.273589416518671857e+00
5.818711062573202142e+00
6.470806605774447107e+00
7.360784194879857800e+00
3.441605466748141495e+00
4.998508089298756119e+00
4.606988047061582492e+00
4.697333190151469218e+00
4.941634572882866117e+00
1.954051356022382224e+00
5.870085771428363408e+00
6.034140533845965493e+00
1.336332402190822277e+00
1.915949029404433457e+00
4.832287289562761323e+00
4.785139998319146493e+00
8.222886565398438430e-01
5.229792838968416291e+00
2.262916540998278325e+00
3.445423510662832811e+00
8.059946342826245225e-01
3.339990223422819038e-01
5.713614566650580429e+00
5.033162329986300421e+00
1.201595767903558043e+00
5.717624658341007304e+00
1.817492008205479070e+00
1.292764948451047946e+00
3.734585550576019042e+00
6.110212592427412659e+00
1.272190626557945237e+00
4.877211751896825653e+00
3.150953088011970493e+00
3.482875861187917366e+00
3.340459027955604565e+00
2.817160214145876918e+00
1.554641755033389083e+00
4.956220227714191573e+00
6.146834936586985876e+00
8.436359763446968918e-01
2.792230838087210731e+00
2.816758408287454607e+00
8.418799132003240260e+00
1.928106584660663092e+00
7.858470879317425162e-01
3.613351059612273097e+00
6.237509691623489338e+00
1.753099821905063083e+00
1.925533018472673552e+00
2.431547115134167214e+00
2.246070127908802228e+00
4.034831773363805496e+00
1.075107713432226664e+00
2.442302734764947747e+00
7.509889956444477654e-01
8.203210696350969888e-01
1.328502061640846055e+00
2.500966542436827034e+00
3.474727184749365705e+00
2.349362273405966484e+00
1.498793332727324623e+00
2.554297240882728026e+00
5.440303093086352071e+00
3.964079122166597191e+00
6.613338371982925956e+00
1.921298981626172742e+00
2.153922751719195894e+00
4.663226397775705578e+00
3.203647923559519661e+00
3.190280063402694211e+00
2.244084617998769016e+00
1.704991776936685355e+00
7.912056225093000439e-01
1.792079081555434383e+00
8.154762704371819604e-01
1.763029247858490800e+00
6.063583288560309148e-01
8.707743832211279900e-01
8.132470736293344604e-01
3.097820393877847245e+00
4.819961660886465715e+00
7.350473494341130731e+00
4.131980686659348478e+00
3.077129134379196884e+00
2.151619618507710108e+00
2.314883807934449589e+00
1.553180618063779272e+00
2.813018194389592441e+00
1.634421328470868406e+00
1.362474266171984860e+00
4.086714288124526639e+00
9.503644092715216596e-01
1.028609578109018319e+00
6.572874843890857965e-01
6.969737813215160394e+00
3.972942298147426499e+00
1.562931667269666258e+00
2.332565602144368810e+00
2.056388612331107257e+00
2.926954728314601795e+00
2.613765880642198614e+00
7.978902961416779682e+00
4.921411566931459980e+00
3.738435728986412521e+00
5.607845880617372991e+00
9.525276126511088570e-01
2.529615830117418529e+00
1.402890844016515537e+00
1.372040123618471608e+00
3.440979184316024675e+00
1.592372513756022068e+00
1.052286827783788681e+00
4.367493345421493700e+00
9.846270817288609312e-01
3.049743068404284330e+00
4.043738850100935700e+00
2.642362223908063523e+00
3.740635099594730173e-01
2.781150582281268768e-01
2.826040649440865415e+00
1.613768727966642835e+00
2.116195534488109598e+00
5.749564943064708444e+00
5.604286599343508257e+00
7.260016268571042097e+00
1.846573258472028911e+00
1.386665281427606811e+00
2.020075581612327920e+00
5.907857597085620860e+00
6.248009731477600859e+00
2.004636952969344854e+00
6.147458692699413474e-01
3.707393893251035077e+00
2.339786973728117392e+00
1.925858341931274031e+00
1.499583688207793752e+00
8.814132311561294841e+00
1.203954091258279568e+00
3.103915317390893325e+00
2.873803551055100769e+00
2.073406621726928023e+00
8.538772030731748286e-01
3.272213182228891348e+00
5.554987674207724879e+00
2.548751482459917561e+00
2.870004135702575621e+00
2.957385659055032701e+00
4.354869721451402498e+00
8.843813428186292347e-01
1.702482488231754409e+00
2.974068228831621585e+00
2.443688678768764611e+00
2.293961191857792237e+00
1.328777882114604569e+00
6.113214982640740480e+00
1.648674875473996382e+00
6.004313488242771335e+00
9.132836567028456143e-01
2.992375336738700486e+00
2.174372924038809440e+00
7.589189968610223769e-01
3.911472996558153614e+00
2.256988453919283710e+00
5.750933213496122853e+00
1.936797896255519680e+00
1.613266662450447253e+00
4.366248823863056572e+00
3.312229369170156534e+00
3.406576773142319325e+00
2.145890509677493618e+00
5.522481706368830290e-01
2.651891245024778243e+00
1.796857734388921157e+00
4.389164714209529805e+00
9.972073042417712863e-01
7.580078940194108661e+00
4.621389244225603044e+00
1.476320043030313389e+00
3.642938098976656214e+00
4.228421431232026961e+00
1.263388251024245346e+00
2.574659677602722851e+00
4.396432158526296652e-01
5.721477683383032087e+00
4.126434432295069676e+00
2.496977855447767070e+00
2.527944685066576547e+00
2.697271133963539569e+00
1.947371777125075587e+00
5.594833051286399517e+00
8.526278351309144909e+00
1.179475142958026135e+00
2.029200066479689202e+00
7.789478451947730031e-01
1.866560265074518998e+00
4.076123950805099483e+00
1.907109090214442304e+00
2.403846320051070240e+00
7.083197085800158055e-01
3.621323195142788887e+00
1.841506560541485760e+00
2.616195592319103369e+00
6.701401580064646701e+00
9.247292455447098103e-01
6.645169117182284424e+00
5.471824239125598899e-01
5.933020228868604029e-01
4.268515006900069686e+00
1.599973115883102537e+00
1.819464025064672752e+00
7.031435140043750920e+00
2.612546416952980621e+00
5.233572815444527127e-01
1.380246692375892481e+00
1.840442230654303346e+00
1.566576069127469495e+00
6.301137223085472527e+00
6.441244929313207912e+00
9.666995527908333052e-01
5.258963559927629206e+00
7.572428546038555419e-01
7.566450132276214546e-01
5.504063533169613720e+00
7.002368404122160106e-01
3.178951514809846834e+00
1.494547666199161240e+00
6.252559669960465749e-01
4.019676500833783805e+00
2.427140237400332801e+00
8.339206051535377640e+00
3.620269730919030593e+00
5.313801152343259560e+00
3.970264324293399039e+00
2.295548895726181371e+00
6.908666653956986536e+00
2.153891551660849224e+00
1.030933676624811168e+00
5.890273911277876806e+00
3.784965709303975245e+00
1.578150773299773935e+00
1.125845313648303092e+00
2.006013395278256173e+00
3.865382302851879670e-01
1.196599800355856669e+00
1.544493490047245565e+00
5.743415518274732179e+00
3.934887956321536873e+00
2.680329265872337885e+00
1.134389504528378945e+00
4.390098177174249550e+00
2.723059851091794492e+00
9.338671622280802609e+00
1.984828936993650261e+00
6.212413962892018304e+00
2.428345376502824227e+00
3.264955067608007688e+00
7.859211474713849732e-01
6.511983928899119256e+00
3.117081404277683099e+00
5.355896773949419654e+00
5.537733896906469333e-01
1.702543736073576230e+00
2.639669860352616304e+00
1.428441821853993821e+00
6.063364509473958552e-01
3.745974654610322752e+00
1.009355167452222801e+01
2.948253655843259935e+00
2.016841184607516269e+00
4.739019436426780807e+00
2.639109972188637965e+00
7.321473288144643377e+00
1.243049086941077963e+00
3.064417894218141036e+00
4.247368617375656186e+00
3.386702903502309514e+00
5.768260181141211973e+00
7.461596741376724795e-01
5.687901526173700928e-01
9.105553028082508105e-01
5.714875179725523502e+00
2.209853244750825674e+00
4.360476361137073376e+00
2.829398904631034828e+00
7.087015082809901223e+00
1.626673616618912854e+00
7.997084978912567088e+00
1.819238768378771631e+00
1.736280719612973478e+00
3.904252784399832699e+00
1.008759828711853102e+00
1.175114537783021662e+00
2.193023721273190230e+00
1.391780716078678815e+00
3.244816020551016145e+00
1.868346042364860571e+00
7.682691359601605541e-01
3.582164799858143400e+00
3.299748923013382296e+00
5.905040099093475270e+00
7.508281427753813908e+00
4.259553552369523821e+00
1.770248466527357456e+00
5.380321801966248429e+00
1.328144804474115093e+00
5.914211364972290497e+00
2.373496775599787334e+00
4.605763220484814013e+00
2.192312795808239123e+00
4.761119214581587822e-01
1.524276556789295078e+00
2.271491151931639862e+00
1.985451749905116081e+00
4.252905043912884597e-01
2.455066766721999638e+00
3.847484635348893178e+00
2.556153915580372527e+00
2.554324876239054465e+00
3.208046526914742902e+00
6.499417952221080430e-01
6.557611010678066954e+00
1.645135904626881418e+00
4.005687425363532839e+00
5.091920263565725691e+00
3.779620932034046366e+00
2.542386692072877707e+00
4.315232457520215559e-01
5.425382439363983345e+00
2.427187589725883221e+00
3.041744095300826789e-01
2.615553616963844252e+00
1.603428439905772329e+00
6.584111675009751252e+00
1.263206064487791602e+00
2.447991691791797653e+00
7.687859267085087600e-01
6.442731770992777829e-01
3.444854510366148759e+00
1.267507085422599156e+00
7.851910967397461860e-01
2.657177997733175090e+00
3.480671325533506888e+00
4.463524986710722509e+00
3.287277334830860820e+00
5.733679377402041588e+00
2.697076773726707621e+00
6.947971227264605254e+00
2.591530771305693204e+00
5.593197346524804381e+00
7.109653126903938691e+00
2.105581028668083832e+00
2.318692134479836131e+00
1.232406646517672399e+00
5.720855735905788997e+00
2.935509804691161850e+00
2.490449133708442453e+00
3.070436755710671761e+00
2.619535323313343600e+00
3.614798685311100712e+00
3.169918822734171915e+00
4.062653053924865532e+00
3.107262956775566742e+00
7.671092776852709294e-01
5.984939886383616070e+00
5.824078674361624408e+00
1.269380541956430575e+00
8.514063382396868107e+00
5.529403530328920180e-01
4.344856888005629081e+00
6.084336955963220994e+00
1.786449296349443605e+00
1.944834102159651357e+00
2.468831069112650045e+00
2.296219081985515054e+00
5.053407991385721942e+00
5.385600482883948992e+00
4.379645467298182715e-01
4.895222029563776722e+00
2.539347472518871385e+00
6.545760177882771202e+00
2.022283446922825245e+00
6.318841776884935868e-01
3.761357493012215780e+00
7.913525498553585003e+00
3.441891575338480891e+00
1.615367526796703590e+00
2.908201995632401449e+00
1.161876981198861181e+00
1.311658002516573829e+00
1.580794213405046778e+00
3.637988675777152014e+00
5.931550827283678107e-01
2.155755041072666689e+00
4.061272319540981002e+00
6.407771147532049127e+00
1.829122773530417190e+00
3.661346463224079528e+00
2.830237241503218204e+00
2.142646240863202767e+00
5.296936998021818610e+00
2.585135351553162764e+00
4.529393776536950078e+00
1.451678844605420959e+00
3.098566807468539519e+00
2.083578075895758275e+00
2.314471637994504061e+00
1.586792776995472609e+00
3.416625082242438438e+00
5.600161975056733965e+00
6.597552953091326833e-01
9.976754122598368024e-01
1.953678820008038608e+00
5.801404764241510748e+00
3.073452119693107054e+00
4.076501539835881260e+00
1.841181048928592467e+00
5.244297794797867951e+00
1.293288546561353280e+00
1.825396494042984985e+00
3.798959207043669739e+00
5.831476994150101234e+00
6.839804924380073814e+00
6.889635447033545468e+00
2.675428887212389917e+00
7.631906199116434975e-01
2.520620453236843694e+00
9.115798361282392293e-01
5.221238340945195677e-01
1.791835291821498588e+00
3.322331798461382490e+00
2.574718094374477850e+00
1.322209813561364689e+00
4.360527910830655607e+00
1.510584105008256905e+00
1.305492270065998328e+00
3.987305693414011643e+00
1.094538545840944899e+00
4.039750381466244988e+00
3.954453109538766498e+00
3.172692403367512792e+00
4.556296225932631394e+00
1.871018381046046564e+00
3.507000741476431926e+00
7.755828162048445940e-01
5.938741413143314496e+00
3.311694590334934407e+00
9.628325074355053914e+00
5.766280470631669708e+00
5.761570413562593806e+00
3.927210726904859950e+00
6.465353324539347746e+00
2.239248168072858647e+00
2.015564835361770335e+00
6.519909331060280699e-01
9.930409617420797863e-01
5.568635724220928340e-01
2.562173420824379821e+00
6.368991702351707751e+00
7.524597476830267695e+00
2.454144206492952840e+00
3.583518015690100089e+00
3.202737565375054718e+00
3.955488460858569422e+00
9.477435487474794584e+00
2.504447054891115965e+00
1.494529293755528787e+00
2.226427944303199347e+00
1.029837245434655602e+00
5.641725722462625825e+00
2.266035420793659050e+00
3.360384026094441090e+00
2.374236364012870304e+00
6.307654466907889557e+00
4.156957262945275566e+00
5.972283284974627682e-01
1.657481184731699475e+00
7.724569743815936640e-01
2.272000329009495001e+00
2.530910051821323670e+00
1.831424928154101517e+00
2.573791414142746703e+00
3.578421225503801928e+00
3.529258168928445460e+00
1.669382504665202438e+00
9.009045011209043663e-01
4.522844046019250386e-01
2.645259053779114744e+00
3.656606512008938381e+00
7.949723093592240275e+00
8.898334593877903487e+00
2.710679693313152949e+00
1.118679469306978369e+00
2.173666907433420725e+00
2.410217479085875247e+00
1.796072616837715241e+00
4.279078364536516688e+00
7.184248520107460179e-01
4.125011281751717718e+00
2.647868262294628572e+00
8.672863941393730514e+00
3.487182693559326196e+00
2.890686565086017179e+00
5.220458788695630403e+00
3.070495450666984372e+00
5.181818686169148869e+00
1.798239764219478287e+00
2.925359043304664564e+00
3.616505816142460361e+00
5.896493237992533665e+00
7.318437884553165240e+00
3.621905970499306626e+00
7.543386382307116556e+00
3.157501585560456459e+00
3.440057219138271893e+00
1.959088489812385037e+00
1.678736168214401969e+00
2.617683416992432566e+00
3.774860460226443948e+00
1.981573519679279416e+00
5.212333077621645216e+00
1.985085809113920519e+00
4.634639449139235978e+00
7.627544654021380932e-01
2.588803633462394949e+00
4.212756921693819656e+00
2.519429821244937084e+00
4.016189889457003837e+00
8.783677982077685797e+00
1.039953834948914801e+00
2.527202353816708325e+00
2.654284428537919460e+00
5.187684878777551134e+00
5.733225230537069450e+00
1.498600542940549341e+00
7.330599301509085564e+00
3.610865637488283930e+00
2.035581285071991875e+00
2.987628492538608516e+00
4.208111088794111332e+00
2.850642025948936897e+00
1.008057194076416030e+00
2.514668468299932513e+00
2.392677395814953645e+00
4.408701701366332770e+00
2.140032763867860677e+00
5.249273785901589662e+00
2.504485757467238116e+00
3.639287722236162370e+00
2.636059598145504168e+00
1.984061881726452370e+00
3.504115093569314610e+00
6.063355039662930324e+00
1.972210385612790606e+00
4.481488413619463707e+00
5.022332576159466377e+00
2.211358677265841344e+00
1.382886371420378291e+00
2.715586508712174663e+00
7.557965428545762032e-01
2.346997001061146282e+00
2.063926624445152846e+00
5.016879082117905675e+00
5.275379785969474433e+00
3.838758826339605523e+00
1.095682352970870133e+00
6.845537266557658818e+00
1.660714985020302015e+00
1.805075663745290049e+00
8.511950669370620393e-01
5.084393861792599445e+00
9.378591696461979765e-01
2.028939931214157166e+00
2.006515916456779625e+00
1.854208201830212621e+00
1.775890502561952466e+00
8.019130502205312760e-01
5.472770212205684714e+00
1.693896360087870034e+00
2.954902423492369312e+00
2.095408005455555056e+00
5.109070046990662028e+00
3.450431096728388880e+00
1.753611523721401166e+00
6.176395114234317418e+00
5.675948220895810969e+00
5.718993931572508016e-01
1.441176665062268381e+00
2.881395064078437152e+00
3.685983776233006104e+00
1.201893190668338995e+00
4.007258914662915394e+00
2.139245826713956689e+00
3.120283918572856585e+00
1.158069065807671105e+00
4.717855362661674157e+00
5.131941471793852294e+00
2.076811092995385355e+00
4.029375497735159684e+00
4.338763217248400750e+00
4.362463158803037366e+00
1.606882865970506336e+00
5.871576141249994940e+00
3.615966913486682532e+00
3.194562014743298928e+00
1.218666710627349214e+00
1.167916741652344381e+00
1.314429477926982059e+00
8.029691615190308607e-01
4.853483627333442740e+00
2.754485251102664289e+00
1.799256250027423398e+00
5.985806427590344425e-01
3.086137324739714138e+00
6.243500545038347838e+00
6.587459887780759082e+00
9.701076982139090754e-01
1.357404858571869655e+00
4.344121978028938180e+00
4.840370887317152260e+00
4.669223832407719321e+00
4.002940910714887779e-01
3.077521054242307486e+00
2.511658193348093704e+00
1.612530168498038430e+00
1.655451445468045790e+00
6.786263455623564589e+00
2.842734899711302887e+00
4.750768410802397312e+00
1.075416759925731602e+00
2.307025750838664457e+00
4.772977963196962214e+00
2.896102315945770389e+00
8.365938948904020123e+00
3.105938856577538765e+00
7.949032901088358471e+00
6.426278562925102023e+00
2.555312065758581497e+00
1.371901840189448940e+00
1.328359579147674108e+00
6.350926329924879710e+00
3.987379376133258990e+00
3.338584389752297099e+00
3.563865532686252280e+00
1.916723029881475693e+00
2.492567053241229846e+00
1.122941363432637285e+00
4.281774870161886071e+00
8.768620496644667028e+00
4.713401496626634213e+00
5.116965638289446616e+00
1.555114872686635064e+00
2.603464875868204409e+00
3.301443749931680660e+00
2.543826577226267371e+00
1.530779340535026067e+00
2.865077784617483747e+00
3.124285070725426383e+00
7.555906949255098759e+00
3.346132443694001868e+00
3.511498174677002204e+00
6.458802913298677950e+00
2.840286485538860983e+00
2.912310434627248146e+00
7.810410491552048917e-01
6.215323647421485909e+00
9.167304653764745126e+00
5.155173039576864902e+00
1.024026059062800087e+00
6.350342386336205180e+00
7.225267287307627129e+00
1.638046283974736061e+00
2.164386408463347067e+00
4.923307905935482509e+00
3.011377689861566065e+00
3.433064351623447585e+00
2.162877088291234262e+00
5.796626053795085554e+00
1.642209695059602570e+00
1.381743284774653580e+00
3.675200955110877299e+00
6.629124466173979435e+00
6.795253046588128676e+00
6.321208691302939719e+00
7.207219299721166372e+00
8.431841126263899255e+00
6.504131102144246057e-01
7.328686609176430444e+00
1.950087969036746083e+00
6.725336927060326708e+00
5.772808681132063136e+00
1.538746864214381560e+00
1.488696077104806781e+00
2.054732118017214670e+00
2.792510661480555711e+00
1.782604468719131141e+00
7.374771849220109754e-01
4.522540025483188231e+00
1.054064455896368546e+00
2.899353840732588949e+00
1.207441338275531351e+00
6.267894569733300614e+00
9.048452830120711221e-01
4.656316797523009754e+00
2.811120957333986592e+00
6.617279826830356093e+00
2.374607279621386180e+00
1.583469348564134460e+00
1.520594871874217491e+00
3.068813284021978838e+00
4.632330462047757003e+00
5.678217844192960939e+00
2.699007091867235086e+00
1.935772742243433875e+00
2.368728747235338439e+00
2.614813554133742279e+00
4.661884419583511630e+00
4.309353313155019016e+00
3.077285689676958036e+00
2.255644081955028746e+00
3.248762656018381101e+00
4.717219671155578276e+00
7.392436684093675048e+00
4.619825875991314668e+00
2.120199604105657887e+00
5.939555508454965604e+00
8.809118474785483377e-01
2.348252257192140036e+00
2.673566338951607779e+00
1.942790698037457409e+00
3.291129980862023352e+00
6.981684787093891842e+00
3.174403450063228327e+00
3.822893161790667182e+00
1.540211715484814725e+00
3.171643163059571169e+00
1.267740082957473868e+00
1.860076311444342823e+00
6.598344451430183888e+00
3.227209253748857698e+00
2.077998400977509874e+00
2.922067736533099591e+00
2.352324867347783233e+00
4.633288672188110802e+00
1.736610716745593530e+00
6.295276792449947534e-01
2.063619082629756019e+00
1.295518448866378680e+00
6.431793829553277497e+00
6.759407992965511980e+00
4.960404633519568840e+00
6.945677406835233825e+00
4.006023678426011259e+00
1.214300291320542957e+00
2.732197690639101229e+00
3.205175978726774177e-01
1.166904973657856281e+00
1.835493869345378837e+00
5.267569260103773132e+00
8.752641045883506887e-01
3.689083967657200258e+00
2.803307487566423895e+00
1.223876858306590654e+00
5.505499139935444930e+00
6.741510715220883077e-01
1.295761103604143649e+00
1.063765603694907469e+00
2.192388418889461121e+00
1.116030991198331490e+00
5.354381648497299473e+00
9.985302822217178020e-01
2.795270667315725710e+00
1.849555124514563387e+00
2.300688830319925327e+00
3.223295029505596432e+00
8.049413557420039833e-01
4.425801647192342259e+00
7.518738002804045140e-01
8.294350646561300389e-01
3.909182657405404271e+00
1.810281182954450507e+00
2.146625881371373445e+00
4.611728504048371868e-01
4.234315309095333824e+00
1.289650244480510466e+00
8.187413452785750057e-01
7.840870789970767474e-01
5.291968542311179746e+00
8.112301149958378588e+00
3.797324690851336726e+00
2.436663110214178474e+00
6.481039742294364636e+00
1.152408139195353343e+00
1.323125720587620124e+00
8.887965204590319024e-01
4.017628456241967960e+00
1.211370989458404601e+00
1.992810576681255608e+00
2.094166204374701579e+00
2.147576261232842398e+00
2.397936536362223148e+00
1.761401268808073572e+00
4.378512985105083466e+00
7.610210065839118521e+00
2.649280683687857518e+00
2.486010540380764855e+00
1.806313959812196002e+00
2.352794937932682018e+00
3.846063073195701842e-01
2.450897761659800000e+00
3.148368693945651220e+00
2.226199804558584017e+00
3.563834572756249042e+00
3.913810513066839025e+00
1.092364894646118634e+00
7.402938210846568445e+00
6.955813476469080214e+00
4.885507997945235381e-01
2.068826293037189235e+00
4.284290366108623793e+00
6.532977383354451106e+00
7.382977580998281164e-01
2.024160562273110919e+00
5.834678049522628918e+00
1.819551842395465302e+00
4.465173982512957274e+00
1.234354661625138849e+00
4.832039118948729950e+00
5.402901605300413301e+00
3.020780918865246356e+00
1.405827642783435083e+00
2.206500535381916706e+00
1.443746989505106715e+00
6.449645821388767075e+00
5.636200147276552164e-01
1.406011197511372490e+00
4.633570699481019517e+00
2.117883982517283936e+00
3.241288946097743651e+00
1.125065321276285335e+00
2.173927054945874016e+00
3.025880859607029016e+00
2.277377064056364198e+00
1.677010887365940173e+00
2.980122394482663584e+00
3.273789513280240815e+00
4.757722397551731319e+00
5.592603051379243517e+00
5.336650974193316799e+00
4.323918698447323905e+00
7.563544695100143933e+00
4.851761576609145088e+00
3.897576414289806390e+00
4.552438195554993072e+00
4.967352020390534584e+00
2.326843549609348916e+00
2.797861099536329554e+00
7.207816356844981565e-01
2.927850016297409486e+00
6.401974587500386393e-01
2.922078959854684133e+00
4.932687305639944064e+00
3.084971217672472399e+00
1.317612837758169730e+00
3.332218660983868208e+00
3.282581944176357069e+00
1.362537492525080607e+00
1.100858401228010708e+00
2.778850165942891248e+00
5.769384206290898653e+00
1.132801867411028285e+00
6.201649798838887229e+00
1.357773251117696756e+00
1.431014928157495314e+00
3.493988249436933202e+00
1.704151909209963067e+00
8.427522891207212652e+00
6.742178814715174440e+00
1.198802362063998928e+00
8.189079629933562643e+00
1.513329914559422118e+00
2.017448077074527113e+00
4.289762625356223325e+00
1.940261713026339319e+00
5.489644407333945431e+00
3.307445771422328651e+00
2.383280962104015188e+00
6.357867488926391530e+00
4.983311554828809165e+00
5.060887480443605924e+00
2.741432232381403544e+00
5.568866461682784319e+00
2.838361892251111573e+00
5.464558898867831749e-01
3.592205597588048249e+00
7.445563367962025891e-01
4.444030620098452289e+00
8.823893258906903014e+00
4.506407458431161750e+00
1.997954928760466986e+00
2.455994505415951323e+00
5.636543593456004864e-01
9.394260915831567083e-01
7.909671709805650153e-01
2.230060034820375403e+00
2.850090298597777849e+00
5.705969414673833562e+00
1.192060058488137386e+01
2.765514835162887319e+00
3.853531827704024249e+00
1.193083217112493433e+00
8.549077295227425211e+00
2.697093345386718521e+00
4.703962302951068541e-01
1.407323181357604591e+00
4.236983346219569846e+00
2.183491958879206329e+00
3.327504852842748662e+00
1.792991903415681376e+00
7.450871752154597516e-01
1.979887866193867918e+00
3.076043266587560332e+00
5.181121522576948912e+00
1.540961024165606652e+00
4.632326892566410947e+00
1.743008745518163094e+00
1.927581515355569319e+00
8.301058464347110810e-01
4.985204981676226721e-01
2.745364974911594036e+00
4.207876490335712205e+00
2.615182347654041450e+00
2.535046420357709884e+00
1.133873932966617426e+00
1.696736311422465393e+00
4.887640298365958813e+00
5.158647673753151253e+00
3.823058174305797419e+00
2.482532128109153913e-01
1.544324035624956570e+00
1.339596412376322210e+00
1.941984789939242395e+00
1.839150268716658987e+00
5.419208776094260216e+00
2.987853997707338394e+00
1.009096214825351057e+00
2.195908014388671781e+00
2.144449304287890712e+00
3.059579384009099567e-01
4.952935128275070653e+00
5.386517716787233567e+00
1.486916775594397278e+00
1.139607734907360781e+00
1.960180281724793527e+00
4.335411912336779139e+00
2.602652857899547811e+00
2.529365414102801690e+00
6.861826283982706443e+00
1.316787513480989436e+00
2.801750761365033426e+00
3.935773758188780835e+00
2.720449304551368463e+00
7.097206507332961323e+00
3.454229280100152177e+00
2.633602759884361433e+00
1.066599832454715679e+00
4.455679077769755025e+00
2.342759384104655229e+00
3.514804821576182903e+00
2.803785222679562761e+00
1.142166515419121398e+00
4.034154367938096009e+00
3.723765781209994241e+00
3.082392523910546522e+00
3.325568450544951649e+00
2.005548185877645828e+00
1.649880253174371258e+00
3.262065343421069574e+00
1.718300328635309571e+00
2.630117598829329495e+00
1.758974263323248133e+00
3.107181061527889643e+00
1.410781063389935808e+00
5.627034137102538303e+00
2.871996567444439208e+00
6.817758873471994718e+00
1.350747690799871226e+00
3.499082125614108918e+00
2.473378064936989862e+00
1.617137869457870414e+00
5.055343309193000012e-01
7.284488268519679011e+00
7.833084437427860758e-01
6.877692556964605686e+00
2.733748204973331486e+00
7.600179996256483106e-01
4.121570388800857465e+00
4.611639895585622817e+00
4.145714818927948464e+00
1.477959007620097909e+00
2.072436355603548996e+00
6.482180483481705835e+00
6.574676990534229049e+00
7.817068189366450426e+00
8.270883271737659470e+00
9.351971466298162339e-01
1.472928337726145731e+00
6.427764275749096257e+00
2.042392213502971288e+00
1.081411239409532765e+00
1.171387021928830929e+00
1.771228436522345850e+00
8.954519422907256665e-01
4.098533009110942871e+00
1.152071249660272967e+00
3.161249478040476291e+00
1.890865250428727662e-01
1.796795377169494889e+00
1.355972679469376940e+00
6.067462367340772822e+00
2.032602854415188620e+00
3.908147600828283608e+00
1.063899112576869976e+00
5.034765552244159004e+00
6.305628191683447348e+00
2.347452040917507698e+00
6.185957571260369825e+00
2.129600039426064573e+00
5.643051372662129417e+00
4.897759291926568892e+00
4.730110971662825570e+00
4.459614769338359430e+00
1.681522615728166858e+00
5.398502019630618598e+00
3.373031315058635293e+00
3.954719679710119173e+00
2.463705633706970932e+00
7.625614388586334336e+00
2.287506096845345116e+00
7.053028075156108301e+00
4.716183717173492163e+00
9.500437665944654053e-02
5.743739588138853769e+00
6.098185548027135638e+00
8.893196769482459851e-01
1.594965296779314201e+00
6.691418155102511811e+00
2.674657825706750813e+00
1.669424159626221815e+00
3.638196777304768315e+00
3.910657358089736135e+00
1.345462466476272878e+00
6.532222289548236249e-01
1.655193031283350935e+00
4.974549215534219471e+00
3.554760859727070788e+00
5.739317038659645043e+00
5.436243465982979473e+00
9.473167876775252516e-01
1.082800496167788618e+00
1.018696049867025621e+01
1.211832173610361885e+00
7.374386843374148626e+00
5.392113175850620443e+00
3.575120286197351671e+00
4.237063002158958369e+00
6.131405771830750195e-01
3.127916190767532800e+00
5.451575337446360692e+00
1.157542969382342468e+00
7.413597596507027987e+00
7.208297208104084142e+00
3.110863841648781492e+00
3.577325215487746402e+00
1.224716850865708029e+00
2.909186760684995932e+00
4.686905450779959459e+00
2.792649611768766693e+00
3.240982133392865006e+00
4.023691545542307679e+00
4.395068187903238943e+00
4.738066686884947032e+00
5.648450696462219423e-01
6.984033196424269896e+00
3.181566579522463911e+00
4.221777730098336789e+00
2.622261809581099445e+00
1.953480705585093347e+00
6.650435977072535199e-01
3.315113207290010244e+00
1.189310466400649968e+00
1.889839043475183944e+00
1.160398184060300375e+00
1.616239163743186547e+00
9.669306499283136791e-01
3.693288236668637481e+00
3.945840255664192942e+00
1.222114728994952992e+00
2.302127596622015382e+00
1.158484230271374704e+00
1.320666046550689421e+00
4.227768223921706259e+00
2.796037359102562014e+00
5.206796321122290294e+00
3.565212930873993713e+00
2.312742889682549485e+00
2.458962777068115280e+00
1.284119841388988270e+00
6.350211191277348455e+00
3.275637286377643065e+00
3.863267189903218046e+00
4.604209446967212571e+00
1.327408319807999337e+00
4.968542207852785886e+00
1.187573244615470536e+00
1.847239741529763002e+00
8.309522365574000702e+00
5.683754874602904295e+00
7.615579497619725302e+00
1.411927498285029170e+00
1.715871717336352464e+00
5.101207260073034711e+00
2.936501797213926235e+00
2.759648409549127379e+00
2.054694330932604007e+00
2.297816864691003769e+00
1.531342284180575053e+00
8.539010957713170313e+00
6.161393306157062488e-01
2.509886450043229189e+00
9.625027804770068807e-01
3.278991213170153074e+00
3.633779408474362427e+00
3.902562113624382101e-01
1.711514529242179172e+00
6.287104017592944238e+00
4.674604215352991865e+00
2.153263370682292788e+00
5.272659572953464213e+00
3.412047871361214568e+00
4.623476843420435856e+00
5.727906841313133768e+00
3.193944611261617439e+00
3.363237488441874312e+00
2.446494602631446913e+00
6.381033387277229352e+00
8.306541372836828696e-01
1.174061421670008265e+00
2.279124338047421094e+00
6.143687271066192501e+00
2.961901182306803548e+00
9.869643494448517851e-01
3.099921542249501893e+00
3.477839141042115667e+00
1.344072122731958085e+00
2.761844195730370100e+00
3.381259760970007466e+00
4.804753454822123793e+00
6.072336062979396765e+00
2.616788054694010324e+00
2.971935062132528227e+00
1.570518801602317716e+00
1.591159328804000239e+00
5.580006014732450392e-01
4.727805090965905954e+00
5.576946934981630299e+00
1.169062913287320704e+00
1.511718450650798795e+00
2.997265584133469218e+00
2.705008589181765011e+00
3.048644438203857110e+00
2.530332398636988778e+00
4.137397714611598110e-01
4.963459708710218798e+00
1.950738381476161187e+00
1.383234007033541157e+00
5.218174211584793554e+00
4.989382212158437468e+00
2.043603822838658601e+00
9.795277476137361772e-01
7.098886214442185150e+00
3.507763137807398124e+00
1.698501373138393333e+00
1.379790302752211817e+00
5.241077571921188394e+00
1.418146911587471859e+00
4.156655635840330376e+00
2.404116493746002448e+00
3.535753649189600001e+00
6.374131819538521704e+00
3.935036953965570294e+00
1.795167977300052176e+00
6.402497204304869349e+00
5.388773028662991571e+00
9.295294854885774782e+00
2.773832583440929866e+00
1.725188087307400142e+00
1.420245471977046980e+00
2.823961809353879637e+00
3.598828203650057844e+00
4.387345313580814365e-01
1.735014187900697724e+00
4.006121388922593951e+00
2.186973288146909056e+00
2.108240882157982110e+00
2.967426381824550763e+00
9.724396747478186498e+00
2.943234427418209176e+00
9.254390065098431206e-01
1.741899505365354095e+00
1.293661766145124625e+00
1.556290137688232100e+00
1.371266999416678178e+00
2.247974753359965217e+00
5.646906019863943804e+00
4.028116941926548122e+00
1.519111047439622331e+00
4.373235935286739817e+00
4.518437610737620069e+00
1.009491836564058609e+00
5.171446386182778632e+00
9.403535336666771771e-01
1.720483834727218664e+00
2.464734962504980142e+00
5.211348059763198926e+00
5.563105405709792839e-01
2.102558562670105324e+00
1.491052891376820178e+00
1.271427875695023024e+00
2.014300246295814834e+00
3.501361796192095976e+00
2.727573820715270880e+00
1.941699577180069136e+00
9.428044610541587156e-01
2.146935365836335041e+00
4.921854622792444900e+00
3.774748009903108770e+00
2.370699482767894661e+00
4.225962730374681620e+00
7.866361076597041091e+00
2.764346777950910550e+00
2.443367793994073001e+00
2.204414537505420046e+00
2.640199934681429550e+00
7.124886523578776831e+00
3.808755388916676310e+00
2.093394047303627659e+00
4.257520911624539828e+00
5.070113690574922671e+00
1.086877976432778725e+00
6.418499535557896429e+00
3.375857730152003189e+00
2.176301726649744417e+00
3.611697024217523477e+00
1.870666077926981030e+00
1.952498475550960011e+00
3.397477955684759632e+00
2.306351709070773914e+00
2.498221161364187815e+00
3.281537705905144264e+00
1.663176727812880396e+00
9.420889007473212118e-01
1.676416111291922251e+00
6.452615244249010118e+00
9.277831681225591209e-01
2.308855285395751356e+00
2.412538987976791116e+00
2.609032048766600553e+00
2.003574088014540067e+00
1.260141331696222888e-01
5.500262953549388989e+00
2.551881090724918977e+00
3.682098867831654854e+00
2.207923714843135876e+00
8.641656231376804165e-01
2.264632582328673038e+00
2.667610733508525733e+00
3.047668185130499641e+00
1.065788239075731170e+00
4.410982778247947600e+00
4.463611171969377622e+00
1.455159865397383401e+00
7.327355892583329311e-01
3.717600059450074657e+00
2.515443694951337683e+00
2.019732511255877494e+00
1.351354145664688478e+00
4.309893235211992746e+00
1.670243754031720096e+00
4.410915282093406553e+00
2.041158292557433196e+00
3.772999323100230562e+00
2.430920563850947680e+00
1.062014454342155245e+00
1.292672395543954078e+00
3.327232696143243018e+00
3.251262113638701656e+00
6.919741124793127307e-01
2.429027620624345740e+00
9.356198833086333266e-01
1.023493407832573032e+00
4.181019219929138053e+00
4.580724883825381788e+00
4.231512419204809028e+00
4.025534199477029396e-01
2.522053556091855775e+00
1.550475167531941034e+00
4.472714026870490578e+00
3.173826560229014770e+00
2.250584140826241253e+00
4.767182161041834121e+00
8.022104657476830880e+00
1.931717184256506181e+00
7.095701575642944015e+00
2.068392660690805851e+00
7.307968332501362241e+00
2.701008579067935234e+00
1.382168156393138503e+00
1.344066005552534415e+00
3.375826776331922741e+00
2.610685885999815881e+00
5.160241061958992237e-01
8.641680727065930157e+00
1.814423936738538412e+00
6.028623850654663663e+00
4.416653005018211786e+00
4.187543373144702485e+00
3.493035153455876785e+00
5.912674396299694157e-01
5.576267979860690893e+00
7.280638911015343773e+00
4.631242642465788428e+00
2.886330703491798211e+00
2.658717459820068907e+00
2.761639850301829568e+00
4.181922875554460184e+00
2.588727902935566316e+00
6.544272675360835123e+00
4.174924907456293965e+00
2.420374143651084164e+00
6.841135105602010213e+00
5.673165286414429076e+00
2.489011808492644473e+00
2.723132419124163484e+00
2.158128906763820076e+00
4.592444927795744647e-01
8.254907343130621911e+00
3.494952379237140860e+00
1.080732837876937680e+01
4.864880747001145700e+00
4.895525694134184036e+00
1.483884240278248168e+00
2.489467481140161809e+00
5.177231825147469380e+00
1.366901769656482468e+00
1.007642044050871988e+00
3.365012613143139486e+00
5.074944138180256026e+00
5.309184966194958832e+00
2.612726708812806553e+00
9.047214873728611551e+00
9.588540224558685932e-01
7.563468947742679749e-01
2.277059041936285499e+00
3.236590760440834380e+00
1.797231482746303399e+00
2.499889137191093180e+00
1.801736343285057274e+00
5.220457489419455754e+00
2.747376700942628425e+00
1.345939828996149945e+00
1.111292510757362351e+00
9.575104251293552693e+00
2.786072555335179946e+00
2.957044699972863011e+00
1.537491215040607040e+00
5.125099672259034733e+00
1.191813112149792797e+00
5.327738715798993496e+00
2.344043758454114279e+00
3.401679592238292305e+00
1.600810894770924309e+00
1.249428428624682619e+00
4.428305173744093715e+00
9.601320966346850838e+00
2.828309673819777270e+00
2.395182288663764147e+00
5.570879525625475281e+00
2.050632518670258975e+00
1.734321507333075107e+00
1.108593283558598763e+00
1.507493816124146679e+00
8.501558940335284476e+00
2.819081823419501198e+00
2.038506534412879212e+00
2.489616143557048744e+00
3.705435015709697577e+00
1.724570321326722055e+00
5.886815289178292332e+00
2.624346934428344547e+00
1.157500838737932414e+00
5.990418635029486794e+00
1.378095040460792342e+00
2.083553836804397985e+00
3.076054412923892478e+00
2.723795911662340252e+00
2.680391622601907553e+00
4.715415957450304063e+00
1.519853480769710385e+00
3.908779466095948507e+00
2.547125849829639410e+00
4.016464051439315064e+00
2.737588377732522726e+00
1.659723715572773095e+00
1.760545519427324290e+00
3.819998401703407431e+00
3.211586759536220193e+00
3.824799410279936307e+00
4.080729785806090248e+00
3.878222192127474433e+00
2.995076467182810287e+00
2.141102092215772412e+00
1.245849562612814987e+00
2.588356282867775526e+00
3.308963317070665155e+00
5.982772678103684072e+00
4.750641973940085805e+00
9.258690133568587832e-01
3.472529464250555975e+00
4.145402325707050473e+00
2.415526344532136438e+00
1.054879133925232360e+00
1.914500557638308509e+00
6.667683401948504285e-01
6.426520801366589986e+00
7.040490337104383656e+00
4.116842919682486279e-01
2.596053234471655369e+00
6.125579283354465332e+00
1.191428121794344097e+00
4.282272429884590892e+00
6.705953727153454835e+00
2.407876828942306702e+00
2.117632450345308559e+00
8.298430925575354111e-01
2.210265372492100866e+00
2.703391849768978616e+00
3.768108978319187674e+00
6.167826084900329242e+00
3.199142760614396508e+00
2.869378138674276268e+00
6.011286927389823731e+00
4.587809182319486645e+00
2.291899247081379709e+00
3.133670350521105874e+00
1.778150038722235315e+00
3.521095627758903834e+00
8.293592203892504733e-01
8.919687111570673288e-01
4.203281078472200782e-01
1.641963500602216186e+00
2.876003405962774373e+00
1.813313619563182266e+00
2.740418690446286387e+00
2.220945066973281090e+00
4.554566361387295537e+00
2.048097474939045426e-01
7.271365083197404822e+00
5.103610369858578188e+00
6.325686544639000708e+00
4.076599652285855413e+00
1.994423963487570894e+00
3.906933771473743544e+00
1.026952551658469437e+00
8.532560957204612384e-01
1.980573780721967880e+00
4.140828935938522193e+00
4.946084789105654522e+00
6.102198912405817133e+00
5.883304939513240406e+00
7.716506985853461842e+00
1.249748437702888015e+00
2.586331688575854049e+00
2.266214391608381007e+00
7.470884040007398141e+00
9.206782638628460136e-01
2.028985356175684984e+00
2.063243336055835986e+00
2.195548237835773797e+00
8.465974844989794246e-01
4.476461506354099562e+00
2.871591822111791537e+00
1.776562080457488202e+00
2.635753020526132584e+00
3.052392934182636353e+00
3.742299195369415354e+00
4.095113030195264514e+00
4.184800699943370006e+00
6.414583264027255538e+00
2.700299671148822966e+00
1.503790775347801922e+00
1.880079922244861867e+00
3.483593852406729141e+00
1.085931822361370758e+00
2.535150692151773022e-01
6.423427742851331779e+00
1.654627683890149914e+00
6.280725987765541696e+00
3.530882727600108240e+00
6.141091689306452217e+00
3.511784217902964578e+00
4.267356930350671540e+00
5.148715754911045828e+00
6.766792530832089980e+00
5.132940182835641352e+00
4.449474934517733793e+00
1.434398555447433443e+00
1.253112360180202112e+00
1.459788892981343844e+00
3.351246391342811715e-02
1.608524192698300936e+00
2.521750980295899502e+00
1.662768214419630741e+00
5.233186949368754171e+00
3.214946771092341837e+00
2.956228527711039611e+00
1.792498018749465905e+00
1.371959854821907410e+00
1.583954500665063492e+00
3.609017573349551533e+00
8.077036254244971403e+00
2.945390427905488551e+00
1.896576896318407979e+00
5.206870440519558940e+00
1.029702472298167137e+01
4.263611452312864536e+00
3.378885180297700241e+00
3.092223794265124059e+00
6.429363858503481133e+00
3.312593368217449541e+00
1.700364896927837766e+00
1.100518381984172400e+01
1.824379877885261347e+00
1.375983703605243802e+00
6.813024555366200552e+00
2.796235822277351790e+00
4.567300284537404664e+00
5.333624236852797296e+00
5.223925379418243864e+00
6.466248099930488102e+00
8.457326106936964294e-01
2.052047812025404649e+00
9.050724759670002229e+00
1.461229972883970052e-01
2.968035748933716356e+00
1.703888373517554955e+00
3.220708011077497268e+00
1.362355736639268011e+00
1.050125430316742658e+00
7.796396203135467218e+00
4.037585463145483722e+00
6.121069744132602075e+00
9.751178935777286227e+00
5.221226916320265588e+00
3.160657793003330163e+00
3.127433987582048047e+00
2.619189981241591969e+00
2.531628087269388594e+00
3.161905528876306271e+00
1.297582008389208896e+00
9.477459898022576323e-02
2.058455229818547672e+00
9.536247806225263135e-01
3.630795095174658815e+00
2.758629271751072753e+00
1.020882915899890664e+00
1.512347049109099117e+00
4.028316692995330683e+00
2.950766761983949493e+00
3.992915826528534051e+00
2.594962003750134194e+00
3.516672248267339373e+00
1.554704606159713398e+00
3.132222924443448964e+00
8.135390620405834383e+00
6.406483943579582174e+00
1.380005010273949395e+00
9.168859756067930800e-01
2.476045024817826956e+00
4.328948982938709555e+00
2.649823647057630627e+00
2.972323740294654737e+00
5.204232256630255904e+00
7.208110384557596007e+00
1.747905609580720165e+00
1.619803926403952099e+00
5.886680275652025784e+00
3.883808374922042894e+00
9.259239187701613361e+00
2.436641032440831633e+00
1.903584073434476442e+00
1.860601614423203376e+00
2.473217966299903203e+00
4.021070953305146745e+00
2.180026061369910728e+00
5.858776996212547772e+00
2.559227609131389691e+00
1.938469032575263373e+00
1.079864710666620198e+01
1.178685860609859581e+00
7.286449785218164443e+00
8.544830014415854436e+00
1.532901755833045554e+00
7.907527617692974964e+00
3.995661366886932520e+00
1.185019466767326390e+00
4.490856901855913574e-01
1.055471437031819892e+00
1.372105489044093352e+00
3.119079050843548639e+00
6.059055466962617764e+00
5.332140119349945806e+00
1.005123027474364505e+01
2.146745857636688015e+00
1.179442253610403890e+00
3.951625775837376953e+00
3.255724614638570547e+00
4.549031851204035526e+00
2.792289482047220606e+00
4.623382050646986485e+00
2.532627467663346899e+00
2.707888903279995318e+00
1.281724987394456727e+00
8.427257121500453252e+00
4.857684635646264404e+00
3.637147059915397662e+00
1.633350088821940549e+00
3.710530852621430231e+00
1.303379718430334622e+00
5.930382436270368096e+00
1.615733300120204330e+00
5.536268631426927378e+00
2.563720852988413235e+00
2.257067303576979711e+00
5.672255198096961770e+00
1.709473678423968579e+00
6.075543198541398127e+00
3.534721700590470306e+00
7.697813545480084230e+00
2.441409581290908903e+00
2.070864394524077223e+00
1.743731940719723594e+00
3.397424052497199476e+00
6.508948298018077061e+00
3.279271293212192795e+00
1.255848052799434234e+00
3.914930877523747466e+00
7.490690854179213432e+00
1.043693984347202175e+00
2.981500855175472697e+00
7.901926447796456809e-01
5.871558148736922611e+00
4.025476371708196055e+00
7.062952476378467903e-01
1.731356159837909248e+00
1.639980360946136084e+00
2.125777075548497486e+00
7.881419717148675730e+00
1.103768376440013688e+00
7.967127714364904412e-01
6.988482698863344167e-01
1.847969633490773589e+00
1.165719731664306202e+00
6.707645165003015109e+00
3.159797870048988155e+00
2.719499833475777617e+00
2.564863704661141330e+00
4.072177459687700285e+00
2.133335856230103023e+00
2.309932956627326117e+00
3.276679220532469072e-01
2.706812119653882576e+00
9.081779082034755035e+00
5.577584489963250292e+00
7.037990643664895352e+00
2.472178890408641916e+00
4.962372534516813261e+00
1.920321222174386611e+00
3.153505884866918407e+00
1.315096453932223186e+00
3.408064057597927299e+00
7.536396795890398792e+00
4.272751070144828134e+00
4.570853399253801963e-01
1.040672124854994163e+00
1.209518643131754390e+00
5.808688689555845386e+00
4.043351954938731119e+00
8.905613723862637610e-01
3.288841849500750314e+00
1.855896214353990326e+00
5.244206330172247910e+00
1.986126835280835667e+00
1.462943222619592420e+00
2.785772261753624690e+00
2.898040667583650531e+00
1.164187933583355594e+00
6.464621410456317108e+00
2.989879516624585953e+00
1.546586362328022268e+00
2.665919997213530568e+00
5.907483014666576437e+00
5.768626938446524299e+00
1.597057655888721728e+00
6.339743838370939244e+00
8.451502040448055642e-01
4.145028330337652278e+00
5.148816825363401684e+00
3.721614184507116896e+00
6.030523115281814839e+00
3.387313311460956378e+00
4.033345932439631021e+00
6.705445790461130429e+00
5.073313929990728610e+00
5.417853037335754074e+00
2.197589464182470032e+00
3.549135991253181133e-01
2.318399600100841784e+00
4.091152045083656930e+00
2.219293382861203145e+00
6.385083635949391212e-01
4.872125977940108932e+00
8.250457145198728526e-01
3.611055353260004264e+00
9.374924827586246678e+00
1.034185979661531585e+00
3.997553616494856854e+00
1.099193814153492932e+00
1.864730428657730421e+00
3.454004154371273394e+00
1.469484226699782292e+00
7.966116371687437248e-01
1.865784592398902708e+00
2.214844983098501530e+00
3.248674505997605433e+00
1.892297182042878001e+00
3.590687862167308619e+00
6.605183818331426870e+00
5.059506052305468238e+00
6.266591653807296325e+00
1.024253198622643163e-01
1.294260715635567882e+00
1.212751006726276781e+00
4.105317341933520936e+00
7.103599312559809587e-01
5.711102461625237048e+00
9.998714381774669313e-01
7.876434234756504171e-01
7.278430507167694685e+00
2.339358425717645851e+00
7.216282523937701532e-01
1.635098461224072430e+00
1.940924266145860111e+00
1.461703352069360529e+00
2.805580135429766919e+00
3.576948332375208928e+00
1.907309997535957313e+00
2.068643971862902387e+00
2.483357713406890710e+00
4.847030663062177336e-01
4.951439560591453848e+00
5.793075454157822435e+00
3.027650913451847003e+00
2.447489663439990970e+00
8.054144473145099514e-01
2.349861746064650259e+00
2.195052025337863366e+00
7.088579582589400907e+00
5.632754410436802139e-01
3.649063155817664050e+00
3.802055169155400094e+00
4.841490683903410641e+00
8.908015060597732626e-01
4.592389422378543862e-01
1.291890022837627550e+00
9.971964974679089488e-01
1.137282380894913958e+00
1.311546515978921246e+00
1.115237814951043127e+00
3.932082203387727404e+00
9.320498968782997551e-01
4.914069617058001604e+00
1.448880354548653493e+00
3.458204157399638934e+00
5.051422567999230395e+00
9.648485960009233864e+00
7.925839107893521973e-01
2.318668979829185073e+00
2.481697872853863451e+00
1.003922241283912165e+00
1.630191074489069969e+00
5.071650406251272614e+00
3.991943842745843352e+00
3.087246762104946640e+00
4.902982610520376205e+00
2.366981010609785496e+00
8.669638298730887982e+00
2.408436230466016958e+00
5.132353673746469447e+00
2.962362990237074278e+00
3.492890437443976204e+00
5.053133200790788315e+00
5.687098220209570343e+00
3.653097822840609243e+00
7.405596637448693675e-01
8.327710500646070546e-01
6.107475714625588026e+00
2.055789049467950935e+00
2.411786535034294410e+00
4.395670159514213360e+00
1.918689573406303195e+00
6.267025129777591408e-01
1.356621772153201233e+00
9.974802899736638917e-01
3.180291642022416099e+00
9.971815030657534829e-01
2.915011211711846517e+00
4.136210102533524058e-01
2.575566351996855019e+00
1.733805338982693955e+00
2.405535933610188248e+00
2.975775088998956264e+00
1.366874583779067676e+00
1.637394728351820872e+00
1.582344441663901202e+00
3.415373419287006218e+00
1.434116069503787338e+00
2.761351172087108896e+00
5.361373064259576937e-01
1.025480821005897658e+00
6.464999419844089878e+00
3.812095547743724389e+00
2.067534588916669414e+00
3.658205908250072635e+00
3.956427226533590247e+00
5.565964760338304451e+00
9.028697564550169918e-01
2.547274979633326719e+00
3.579832207544750844e+00
1.577696731458748891e+00
5.249090207949643982e+00
5.852811224327672868e+00
3.148138044546720860e+00
4.655891755544189436e+00
3.685585966867055419e+00
2.686861429063898132e+00
2.242051913759707915e+00
5.282555089881359578e+00
1.752500582582726896e+00
3.139604965810220083e+00
1.132923386213814165e+00
2.265385819806949641e+00
2.972813112885713149e+00
4.776651364600470018e+00
4.247962153796231988e+00
1.592709644302134020e+00
3.951247346960083728e+00
3.968549985746626430e+00
1.695541093733474280e+00
1.454500356501558400e+00
6.900938255595022497e+00
2.624329317234820547e+00
2.008273815412425112e+00
2.529854067805958895e+00
1.171373197866911964e+00
1.833046490143170892e+00
1.309673353612247126e+00
6.489525775762223780e+00
2.910581657700257896e+00
1.091318363454939488e+00
1.480110349828621885e+00
2.795851398016287348e+00
2.743258306405042202e+00
6.146521613905501447e+00
1.181582898421163375e+00
2.090895090948555080e+00
1.699400614020852629e+00
2.365884184304637650e+00
2.059589889636678439e+00
1.696751511564488668e+00
2.737929554397884324e+00
3.302943073303075572e+00
5.912124331544565958e-01
3.649372899028210160e+00
1.552540493852340164e+00
1.876139978790271057e+00
2.431608028009339950e+00
3.732133248837042228e+00
4.279924138379137544e-01
6.607190638275647343e-01
8.089841581479083610e-01
6.665821969881196019e-01
6.849070314766379397e+00
3.373939809373434073e+00
5.656180733988264153e-01
7.051046264914272221e+00
4.924360869143166397e+00
1.449773562445486386e+00
9.317405110449160643e-01
9.465896121258783324e-01
1.121729773912691686e+00
1.905444535262143857e+00
6.495925147192173732e+00
7.987234327631455022e-01
4.186578032389300930e+00
2.125229056003191008e+00
1.988646829398621030e+00
3.005964958608119186e+00
6.602866273647919337e-01
1.837217179619348384e+00
1.931174062850774975e+00
7.223650250947802220e+00
2.183553441980446763e+00
4.564053407788826178e+00
2.486990923625809646e+00
1.643508571473111690e+00
1.003222967584506353e+00
7.992713650888378041e+00
1.632850977429570971e+00
2.208703989679348556e+00
2.514532394649864333e+00
3.224901545461921870e+00
1.249529098312097464e+00
3.286601807168217260e+00
5.938128271273103387e+00
5.650865431006376838e+00
4.432619113991346893e+00
1.751537351188065861e+00
1.774174666519358068e+00
6.291473902879960889e+00
2.720864426534136626e+00
2.933639417438323793e+00
9.354384705867582195e-01
7.136714167228499939e+00
8.637933838558232935e+00
4.069005529651658626e-01
6.009043733813380861e+00
1.788926737764108044e+00
5.383694699991370847e+00
2.401427181980773984e+00
5.950234055822165580e+00
8.189259257688281224e+00
2.838531695582180880e+00
1.451672852655515378e+00
4.366372745529770505e+00
8.411636250886945776e-01
1.016365535970247924e+00
1.527620230234966847e+00
2.228968699865642389e+00
1.118620974742231544e+00
9.393946469628811968e+00
3.821206340245608679e+00
3.032804553420512583e+00
5.580767775076901138e+00
3.839010158971393860e+00
5.207550048172724821e+00
1.437137088153865649e+00
3.850961712272765070e+00
9.570966401309419780e+00
6.269290274673134711e+00
3.735445011349489253e+00
2.163235895844161316e+00
1.656833821175498933e+00
4.733918414844839440e+00
6.106966890643660939e+00
1.955102877445371812e+00
2.674835859591978338e+00
7.305458516089221810e+00
6.252359211879557899e-01
7.229046977191068146e-01
2.401119458985821353e+00
3.926580828597443507e+00
1.415792517520255922e+00
3.878117317716365697e+00
1.167695277234733320e+00
4.204990485336431050e+00
3.159407478540887215e+00
2.881766247453433127e+00
2.574433617125206464e+00
8.598244227461828704e-01
2.131511384738541626e+00
2.083183877121672634e+00
1.910330786176053675e+00
1.008412920190340456e+00
2.934105172613440615e+00
1.126255657967111246e+00
6.743425515428934425e+00
4.125553298275500325e+00
2.407031526899507057e+00
4.403366304828248090e+00
4.519892741458047425e+00
2.162825160681145498e+00
4.876209604597132596e+00
4.105983280989610740e-01
3.285902408188865476e+00
8.158099738797304212e+00
9.702100207265148546e-01
1.249006096808218613e+00
7.128073401576224377e+00
2.405459374771825143e+00
5.254174539554083090e+00
1.691938791707671585e+00
3.292714753157841123e+00
1.918459893475823463e+00
2.649910334873866180e+00
4.770872788943689713e+00
1.574803741420874648e+00
2.545646226034637749e+00
1.883320504853659649e+00
7.170556788395291647e+00
5.986451858676296034e+00
2.675628002294276442e+00
3.506640986041328345e-01
2.677812503785880871e+00
1.375385226482248147e+00
4.078086524185082218e-01
1.063653964393858953e+00
5.367873474288250568e-01
1.478400770526463237e+00
4.819938008526357898e+00
4.444287335446541753e+00
1.784089072629308825e+00
1.136877117450751928e+00
3.954336623824708852e+00
7.815674341689760496e+00
6.447004277927503857e+00
4.014419082556990759e+00
2.366419937098300341e+00
6.812542036314837013e+00
1.793899928152263401e+00
2.304441717452065386e-01
3.551472763384526221e+00
5.398211451260364058e+00
2.539680305434992125e+00
2.096519951387355807e+00
1.714360882575804323e+00
4.320562720734559825e+00
7.273341402249093868e-01
7.578807145032377957e-01
6.067164112023818667e+00
1.326279436392302058e+00
5.775809671748257657e-01
1.683651669872353374e+00
8.662329041592484735e-01
3.292918529244377002e+00
1.155271258076959295e+00
4.910381869832439072e+00
2.565638544053530534e+00
2.557455686720399690e+00
6.822410860665378607e+00
4.859787263853744932e+00
3.532552832336905535e+00
1.860033730669043095e+00
1.500245919793715466e+00
2.599426665911241052e+00
4.499236378709743356e+00
7.334477818640967595e-01
1.849206040628823544e+00
1.786906371601819199e+00
6.749716132453683848e+00
2.338775902879614232e+00
6.232325316703061446e+00
2.407752072480709771e+00
2.817572370883616006e+00
6.890100050824292666e+00
5.947597513802900693e+00
1.974878565625339588e+00
3.942563989785244249e+00
7.940721957092315986e-01
7.731286083521361263e+00
1.414245819316737984e+00
2.015224516404226396e+00
1.357498879731142472e+00
1.132847569164244339e+00
5.215479345381823784e+00
3.283880037067178126e+00
6.599953189917115104e+00
6.504237680748603978e+00
1.825284573585800318e+00
5.233257618518762477e+00
1.944058183298809084e+00
2.159741996373130135e+00
4.174661327180183568e-01
6.251284702364630075e-01
2.962276610776414465e+00
2.222548773236315167e+00
5.983399349181746985e+00
5.929853412522958500e+00
4.774836972215272368e+00
1.300731579840838537e+00
1.387336290677338102e+00
1.282447457334940033e+00
8.718229598833018290e-01
6.762399626487513693e+00
5.420036845218784149e-01
1.401766433846797444e+00
1.287016552084295329e+00
1.021071404840919294e+00
1.446453340184148395e+00
1.893021712896664877e+00
9.607454851371988180e-01
3.182361184066984983e+00
2.365842826183778946e+00
1.150426895605451749e+00
5.396099511539865112e+00
9.681493303150315866e-01
1.187265328756080374e+00
1.353852744260654717e+00
2.163536650568294029e+00
1.954251652181096421e+00
1.507613027944686657e+00
6.163050374782315544e+00
3.188278593413502726e+00
8.139721903869810982e-01
6.937426338519637525e+00
1.723930632710972244e+00
1.722718504356014035e+00
3.775171151090200627e+00
6.822760683863511311e-01
3.108990410040109342e+00
1.705595806248591195e+00
2.293207421754368092e+00
3.903393523179774061e+00
1.915652253917298209e+00
2.709681655295040681e+00
3.441572005861385009e+00
2.224944682040860933e+00
3.159613280634014920e+00
2.627070815448607100e+00
4.830910751482925036e+00
3.073346096553678741e+00
6.388866283635420196e+00
2.652996904665924749e+00
1.113387912508686517e+00
1.846892061018576170e+00
2.387651616582731950e+00
3.641145307860100822e+00
2.271198637241968576e+00
3.484220672376951100e+00
4.373758628277537142e+00
1.111622522804357471e+00
6.130676207188779259e+00
4.579491493317275008e+00
7.729011429494093477e+00
2.834410768655887036e+00
5.979639775406456081e+00
4.643996075772755638e+00
1.004833336454062920e+00
1.667334608413582053e+00
3.948990337920367022e+00
6.761352503305306350e+00
8.631935183385168742e-01
6.234849364122815318e-01
2.052085214836211868e+00
1.037330181734023471e+00
2.057383204942091925e+00
1.959510626434699754e+00
1.737426067804293206e+00
2.301326065536665855e+00
3.994221932766127470e+00
1.789369339996658592e+00
1.307380771500424643e+00
1.839916820726424485e+00
5.919507082040721180e+00
2.923246418938268754e+00
2.829109745335896875e+00
6.934023472202995864e-01
7.064170611124070298e+00
3.416251559102093438e+00
3.664275092369450260e+00
6.784161629426628259e+00
9.808345210152954463e-01
2.182704338923038279e+00
2.278304367506178263e+00
3.933105455152416052e+00
2.951198810030217778e+00
6.332057630931826608e+00
5.660617058760641029e+00
2.645841140880111464e+00
2.950849943566165479e+00
1.589669422477252070e+00
4.320879577964400475e+00
1.100458596927021970e+00
4.642999549093292933e-01
3.380606094160929942e+00
3.327296500440141358e+00
2.075110900100705535e+00
3.041449714455138675e+00
2.835584412047146952e+00
8.883959288847024238e-01
1.677096794172728389e+00
2.797532937187873436e+00
1.294217966602662306e+00
4.035615198285909422e+00
1.711479497405798744e+00
7.009957809893069935e+00
1.592989629028017440e+00
2.144604521236004313e+00
3.462468995401308369e+00
6.747222344355960466e+00
3.193782387978151061e+00
1.119310984044929569e+00
5.622023398074719402e+00
5.970921667633846575e+00
2.129003046803102261e+00
1.922416133957684403e+00
2.789744015134191013e+00
6.005101502560238336e-01
1.240831189617757735e+00
3.836685117853200655e+00
1.551704808204401376e+00
2.819234318884752621e+00
2.982024150104614080e+00
7.091471030604268755e+00
4.813656715724786039e+00
3.155245428224869197e+00
2.877195498189511813e+00
4.296763542093795962e+00
3.596345409613794342e+00
2.576798896471650835e+00
2.858835393438870831e+00
1.084922585632435066e+01
2.112758667445107985e+00
1.711760056005438901e+00
9.159193610164029664e+00
1.135807380494474161e+00
5.635928468924251256e+00
8.015295323668784055e-01
6.748593060875615279e+00
1.622945063768324925e+00
4.095979709631556887e+00
1.809187771343449214e+00
8.818606736580232308e+00
3.757472730430918340e+00
1.058584395573697767e+00
1.851576101759530912e+00
2.474590033217623830e+00
1.991129076638605389e+00
2.348536756033523965e+00
5.459596122100952797e+00
4.052661952381099830e+00
3.804178433390899894e+00
1.784644772001270363e+00
6.608878813983882772e+00
5.487573458300124329e+00
8.484912384882109526e-01
2.863012326680912434e+00
5.304932362823264747e+00
3.965404360653158045e-01
1.591167287732105695e+00
4.334880670687225823e+00
1.700818737372155942e+00
4.746058273708413822e+00
9.419982283574993565e-01
1.561053777832033473e+00
4.237555946680471308e+00
3.794360432073132561e+00
8.597152438515454076e-01
9.536400561410746102e-01
1.569105238441298678e+00
2.783524317170015472e+00
7.801679533347023465e-01
2.931652603297346893e+00
1.484277336004002468e+00
7.361750201247417857e-01
3.705190275707300529e+00
1.489761254960309866e+00
1.498677079990189842e+00
1.623207576492761817e+00
6.710475470195753633e-01
1.120493673687119696e+01
3.933955528887760345e+00
1.943121612665873688e+00
1.233146983548303766e+00
8.017149948127348935e+00
7.274866088979571321e-01
6.863529798480175081e+00
1.064850082783351581e+00
4.300644805126051295e+00
7.203435504150569102e+00
1.131163142676171685e+00
2.027714730570348234e+00
5.453392439870470731e+00
2.520430224075758563e+00
2.478198019078222014e+00
7.612100693564810783e+00
9.066424585222383481e-01
4.805945254828425384e+00
3.852234438372825753e+00
7.324230573886177709e+00
3.166691437634519879e+00
1.032795042716756928e+00
5.498226861022401657e-01
2.955979595820603212e+00
1.455696254621234642e+00
2.881313683898399702e+00
1.777333830397807235e+00
3.688370160116112739e+00
1.458203185830074800e+00
1.028919385389200691e+00
2.955865538098427781e+00
6.113242012750197851e+00
1.116075420739515600e+00
7.240674902691047743e-01
2.396637870903390422e+00
6.953230354611235065e+00
3.555625705262012382e+00
8.335249192428397791e-01
2.223165735509772922e+00
1.640747247799839714e+00
1.040104943432729412e+00
1.641310703946887717e+00
2.300498957695180646e+00
5.597630964822139177e+00
2.423069451091007132e+00
3.437741657533549322e+00
4.308564050467129647e+00
5.299396740601676203e-01
5.966858152673485627e+00
6.415605006986177195e+00
3.651641429676885320e+00
6.065499695272488445e+00
2.630331241423287558e+00
1.714084373343615741e+00
2.172720494810283398e+00
1.173696170781950210e+00
8.434148584412846095e-01
1.490896026682360542e+00
2.141037437032257795e+00
2.780299797622032276e+00
1.911353745577002217e+00
1.441734238549543079e+00
5.122803402016004704e+00
1.764521014123821008e+00
2.376051744964613466e+00
1.062144779165121289e+00
1.763597983966992189e+00
3.760193612441677491e+00
1.098257858519940067e+00
3.406276135058890819e+00
2.085157027901134441e+00
6.420962779527926045e+00
2.515736079290371130e+00
1.681887532235853300e+00
1.533368891101877907e+00
2.214999748147138625e+00
3.283996638037128601e+00
3.292241830207232933e+00
4.867645750602363819e+00
6.185457326281065704e+00
1.688329956591140268e+00
5.815102600970828206e+00
4.785628544153118114e+00
3.893139896081908802e+00
1.743141780772521354e+00
3.316580972474642675e+00
2.900601307750764413e+00
6.415277597992984582e+00
4.217205745291963126e+00
6.530522267561706951e-01
5.783624308867265640e+00
1.248213777781095990e+00
3.562955934071924124e-01
3.939068558760529637e+00
7.438433479719630093e+00
3.066667008597829813e+00
4.950676639996040684e+00
2.830765937366377383e+00
8.475558221487910160e+00
2.984995012648154145e+00
1.907952297014602117e+00
6.711903996479873236e+00
1.545004690274055736e+00
8.066897136255526846e+00
2.746215361771852770e+00
5.018637300382391864e+00
1.863050851088928983e+00
1.785969468689962092e+00
2.298462924898937221e+00
1.444637720969963235e+00
1.303220186364461242e+00
5.897871593548270397e+00
1.058239068380031567e+00
4.811231320000396217e+00
2.412172005018798693e+00
5.066010804697334002e+00
8.769208381141365694e-01
5.698040698771726476e+00
1.086630379294659665e+00
4.119969322335482964e+00
3.982356163643994584e+00
3.467455686216639243e+00
4.487983049421544024e+00
3.884571961669840423e+00
8.161873684337500379e+00
5.091976399907152562e+00
1.469721903569298105e+00
7.744947816300292054e+00
4.061748310242847104e+00
1.571452148481420563e+00
3.463131765806684026e+00
4.808474510461129725e+00
7.874623113647020389e+00
2.731001983577819203e+00
2.753387394154367396e+00
6.778302562772809958e-01
1.376289051479651082e+00
4.531921485350464351e+00
8.447409797660620612e+00
1.266045224285172965e+00
7.361408020861753831e-01
2.719720979055860965e+00
4.536026744873563388e+00
3.795073890206232647e+00
1.292945036212012067e+00
1.619914991527953596e+00
1.112870313232559916e+00
4.926330127715949914e-01
1.966822791404480686e+00
1.658948965537436981e+00
2.089257001317426976e+00
3.780638371749291959e+00
1.618937193036252165e+00
3.903579408856856503e+00
4.102596755711261700e+00
3.716852458586720420e+00
2.372839150046187839e+00
7.642024613157324398e-01
2.052155941092238756e+00
3.814312918526000740e+00
3.786091814691970203e+00
1.880886708503832327e+00
1.235138534437408842e+00
2.660247398101160066e+00
3.121892281291969606e+00
3.017267550454314051e+00
2.271763326889937762e+00
3.685233261729242482e+00
3.697662377874672224e+00
2.918006494566019349e+00
2.606549870553826587e+00
4.747036659103295086e+00
1.876723903351125156e+00
6.906109204195220563e+00
1.991456034700765265e+00
4.601158397919854259e+00
1.365445415199336709e+00
6.405313390609041591e+00
2.182287832204830469e+00
2.350146415516220166e+00
6.970976923746185605e+00
5.920692367736315020e+00
2.881872211990023080e-01
3.371513352525079998e+00
2.698920707368151373e+00
5.344213106250558454e+00
1.909871591239106436e+00
2.192975116484295217e+00
1.760255025390702110e+00
7.891151526231699798e+00
2.417777509701007244e+00
4.870803082227562975e+00
1.376702180311578427e+00
4.248519829826367555e+00
3.696035623975844508e+00
2.147042630332647306e+00
6.174352159739791901e+00
3.030315448639880893e-01
4.872474476713837710e+00
1.256189181910061681e+00
2.284832424872698997e+00
3.208293563922750113e+00
1.801562897497053228e+00
2.201688094483622571e+00
3.287948336314344910e+00
2.489588019434776367e+00
2.044325357230224238e+00
4.449292113728076536e+00
2.750813648658443356e+00
3.525494123570239502e+00
5.178282048443634267e+00
8.967393464350460475e-01
1.521162349267529246e+00
7.505307393321586362e-01
5.150622700678360033e+00
7.816818745158123249e+00
1.897792737198212398e+00
1.398296200099778508e+00
5.448774520009796341e+00
4.803261965770653674e+00
1.725238653385508858e+00
1.472602023768968316e+00
3.092793921753189679e+00
5.092440778304956339e+00
3.489467216927914173e+00
7.689751622402006825e-01
1.532828962689269936e+00
6.064932624123684057e+00
2.866548357182318707e+00
1.597437736264784691e+00
2.276436777323355809e+00
1.841768891920650963e+00
2.637577383342951443e+00
4.721135395103385868e+00
2.819928048533475451e+00
4.680628365355665288e+00
3.663417266739664058e+00
7.009212748452015029e-01
3.183984566430857921e+00
5.280348384125640671e+00
1.961592738896083432e+00
2.997123887222451710e+00
7.490073447883401236e+00
5.932986950777714874e+00
1.318775495871018055e+00
1.337113324928610680e+00
9.386474601596493939e-01
1.519877654531972988e+00
6.775327178045121634e+00
2.676395037122563991e+00
1.677466759042133271e+00
1.729048684880761133e+00
7.384582910962569358e+00
9.423715860039939551e-01
2.060220780805072760e+00
2.801146796477502310e+00
7.722549129974440874e+00
2.196052860004119367e+00
1.628762967464059352e+00
3.323784580451364601e+00
5.599711018084739145e+00
5.221538418007772187e+00
6.241406237275897162e+00
5.794192557323041726e+00
2.755208820705911332e+00
1.507757531665441908e+00
1.648222775159727371e+00
2.794387805442218209e+00
9.531663218550683325e-01
5.558404460334450015e+00
3.311726634899994970e+00
5.840203024109267282e+00
2.366323952399593811e+00
4.299092787703101770e+00
3.536298909286500702e+00
4.237852985194753508e+00
1.847271620788503155e+00
2.049528233759905671e+00
2.085096615519714813e+00
6.092448124183791336e+00
1.347755108731947926e+00
3.077688976291265366e+00
6.781658729980790667e-01
1.880571141689872272e+00
1.334705959267871611e+00
3.684632394658319043e+00
1.478633908793530072e+00
1.624477268194673529e+00
2.870388890688833516e+00
1.591072264121048629e+00
5.971364459239758560e+00
3.485080673610839064e+00
6.083313460788439819e-01
9.953123171877450437e-01
3.637263402364582010e+00
1.183276246865677006e+00
4.793839591016618051e+00
3.331098184796131623e+00
7.596319556412205465e-01
1.743031196720328913e+00
1.017496967150578469e+00
5.829090716468880551e+00
2.287427159017373590e+00
4.123814640206039606e+00
3.316937500748784462e+00
4.252138334352095761e+00
5.239094793247229376e+00
9.994159301963640996e-01
4.899367573504508910e-01
1.725934979460984176e+00
3.019563078014285917e+00
2.411435800207056168e+00
8.395220662988940319e-01
2.073111833456581010e+00
4.566591839030532007e+00
4.290547321109968060e+00
5.257764344112974442e+00
1.756032399362936980e+00
2.759989172111250610e+00
1.011897522069377331e+00
2.702279982846432560e+00
2.501414900162562738e+00
2.700706001320842820e+00
3.756499290580088690e+00
4.549273290116550683e+00
2.309463557103171194e+00
6.666575182747348727e+00
1.964381066287526068e-01
8.045243692652139345e+00
3.315343269336703091e+00
3.309126658080430605e+00
6.123821563418673009e+00
1.328724947592623051e+00
3.918197997922372000e+00
5.557282208682683411e+00
3.976878427054895138e+00
9.827210753383621711e-01
2.639008954447536581e+00
3.675820742001989938e+00
5.136982588295681218e+00
8.821126763223049450e-01
2.734006648055330668e+00
2.271330623714275632e+00
3.144921101824886822e+00
3.533374960032996004e+00
2.811014928868854845e+00
1.796172828645244524e+00
1.343738020161342916e+00
1.232065931613277598e+00
3.918642658198050466e+00
2.778911924759370322e+00
1.461159516537600345e+00
2.813585924807038285e+00
8.640007549117187935e+00
1.932560760761956598e+00
3.124502816991344911e+00
7.381538778716092430e+00
5.127029511401425488e+00
1.295909190067146000e+00
6.811769562125491451e-01
7.800729344237208096e+00
7.173860346986493663e-01
3.834326960169143650e+00
1.774695933303278128e+00
2.587413321403229105e+00
3.220716792771015413e+00
2.790029934129806932e+00
2.611421452067571369e+00
6.071030180944770649e+00
4.702562066936008200e+00
2.522926267611051987e+00
6.927484724314191489e+00
2.239148095064153576e+00
1.214555133288985900e+00
4.152024747457045528e+00
1.201799897919744886e+01
6.681872333641195816e+00
2.058453292015051339e+00
2.069081002176722528e+00
7.461825596414693784e+00
3.592325896593210999e+00
1.832907746575453301e+00
4.880722023344101324e+00
4.265334846822872450e+00
3.242595154859421402e+00
1.872540579372347525e+00
3.462522167867391421e+00
7.775572220424465719e+00
2.797856298242486606e+00
2.366376077696760394e+00
1.399643576142661328e+00
5.008225302693395165e+00
5.365580282380664201e+00
6.208051152753616186e+00
2.121014380368189123e+00
3.245487993837008922e+00
2.746127058788032649e+00
2.530069221128244727e+00
1.487299337670896948e+00
1.926415363490011634e+00
2.873454892064928767e+00
7.124309424251441314e+00
5.030364106166984595e-01
1.706892799962592244e+00
1.699211872050869987e+00
2.427433402699624043e+00
6.748772325821234652e+00
3.071763387153865210e+00
1.934854978955303784e+00
7.162843428683259184e+00
4.747222426290597319e+00
1.322495633101323120e+00
5.538952806231243642e+00
2.823525662984085027e+00
2.877734069887441848e+00
5.317932673768820173e+00
1.987177795076609188e+00
4.086792029294126216e+00
1.687844011153171619e+00
4.050552850058512178e+00
5.051306906990571832e+00
6.225826457748808274e+00
1.930381675468342717e+00
1.367977177941501976e+00
2.810708628398564390e-01
1.334689485296739253e+00
1.076945271794456982e+00
3.881550040256113387e+00
3.786778657383152780e+00
5.022140970664793258e+00
4.197181184989524638e+00
2.759822375791560756e+00
3.971297215579202344e+00
5.030827611269725885e+00
2.546291986801604512e+00
3.917639949396713561e+00
5.283250241159256788e+00
2.054245484645180309e+00
7.869913095789325297e+00
2.844323304783043849e+00
2.888315331688669829e+00
6.640984506793280673e+00
7.697516407736901822e-01
2.811999381574344259e+00
2.585003021277940238e+00
1.583455331143351241e+00
6.057909177819010615e+00
3.659399956200007242e+00
1.082051464436132449e+01
7.190181090602558278e+00
2.735511175839794973e+00
1.277212868538762702e+00
5.344143694072943873e+00
1.798619412234522486e+00
2.651724435098648858e+00
8.763742931837734673e+00
1.746391288698194266e+00
3.655374814358375968e+00
2.461531009296284100e+00
2.408554187512162326e+00
4.381410944404488639e+00
6.282504368522157989e+00
1.957528092164670941e+00
2.881198502735704547e+00
4.402303672034359572e+00
1.714053575606377056e+00
5.218312100243749363e+00
1.376218015728519095e+00
1.861643220657277720e+00
9.512628662864399232e+00
8.390174318876062465e-01
7.203362016665684209e+00
1.721254901915467705e+00
8.923943830408010980e-01
5.263207161614116281e+00
5.041332187252375974e+00
6.060583731767699156e+00
4.802684799812451999e+00
3.140887328411124724e+00
1.248404044760911935e+00
2.970736274865297233e+00
1.114781562597826969e+01
2.791594183216652869e+00
3.058398070764376975e+00
5.323173941429444334e+00
2.634912802985956759e+00
2.314774263494537632e+00
1.953391637393341984e+00
2.892828982835796481e+00
2.505074455934517719e+00
2.931988459471972952e+00
6.803725021426306974e+00
2.944059318750104737e+00
1.676587309140301851e+00
3.643715886363926071e+00
1.135345662880885564e+00
1.860095008819395268e+00
1.837613562556953406e+00
4.012407373741920580e+00
4.059968936365820902e+00
2.219736812743169807e+00
2.101167446403943373e+00
3.241438811882492832e+00
3.544794443764671676e+00
8.206471713834044834e+00
2.537801324816966186e+00
4.498125379617594177e+00
2.382903349988542807e+00
4.145132076552178191e-01
1.552661593511235338e+00
5.799983934389977058e+00
9.838993291277483566e-01
2.946503290727859437e+00
3.073969398046922485e+00
6.871200448063036204e-01
5.340815660313397828e+00
2.371544953332657801e+00
2.980485673141476610e+00
1.800867011389216010e+00
6.072993206654731857e+00
2.348823500724777080e+00
6.696032602027062630e+00
5.025224188350678745e-01
2.333842687649664072e+00
5.256519666156917125e+00
4.685668203419186106e+00
2.419306529471224376e+00
2.008532504464553448e+00
3.070003156468066763e+00
5.016579407807449931e-01
3.025979269129400517e+00
5.233076031768766345e-01
1.984930880000421061e+00
2.492801723332294994e+00
1.558519513336853679e+00
3.630526693589160914e+00
2.254394334712948034e+00
4.892784281609553254e+00
1.198439043436438034e+00
5.758596882701969122e+00
5.126841808941001721e-01
6.784159675130310596e+00
4.098346191830395391e+00
1.128793406822997447e+00
2.187700887065505029e+00
1.737751381425798769e+00
4.857652815017115877e+00
3.950162241199265178e+00
1.097238084560507421e+00
1.015845802994828873e+01
3.677299119083971224e+00
2.037171800367299390e+00
1.205612740887666900e+00
1.739057082115759822e+00
6.533797556298122977e+00
2.023877741687269083e+00
1.403921840679494215e+00
9.928290521235502153e-01
1.462180638432037050e+00
3.891965806501834102e+00
5.573089772257278973e+00
3.480273098049468050e+00
1.783894749790786660e+00
3.632404992783141218e+00
4.609700542642472421e+00
1.624031692187806630e+00
2.816537729372314391e+00
6.898027859079698398e-01
5.866395808923019040e+00
4.378670834954167645e+00
4.693744289972841877e+00
1.662863024537031942e+00
8.365930206252406576e-01
1.679712503915279154e+00
2.274764774680609669e+00
3.913507816507233894e+00
2.335531051757461452e+00
4.898344862071610351e+00
4.516645029432702074e+00
5.363547204938857504e+00
4.917574850403667597e+00
6.459447772546710098e+00
5.328862388757480417e-01
3.975336042390157587e+00
5.740453580562868474e+00
2.805826440118367682e+00
1.466285978730405226e+00
1.996385166064365668e+00
5.796314435566505274e-01
6.967711249638163018e+00
3.589718658829805342e+00
6.182879493046964825e+00
1.715915457298600177e+00
8.780422818415009045e-01
2.955740190510980359e+00
2.058049561960614948e+00
4.739084979718276358e+00
6.634375237746826137e+00
6.306048524421281165e+00
2.091381900512642833e+00
1.560555156615839989e+00
1.908604278129542919e+00
8.181910873707064491e-01
2.871332108836479602e+00
7.310898261172175339e+00
7.559558099799692510e-01
1.996246334828922997e+00
7.676860902088128435e-01
2.103509035288804174e+00
1.166120556504984584e+00
6.400238603408596738e+00
1.229945648454924267e+00
5.684998477846320286e-01
1.029640318202701188e+00
1.701976780076026152e+00
3.529137215800204341e+00
5.268548171637051247e+00
2.912290180903002401e+00
7.389329343152082785e+00
6.004683199395173254e+00
9.183233621569323324e-01
5.123106862890308477e+00
1.916058920449620340e+00
3.352552227946003160e+00
3.277007255869420987e+00
3.339149718946322842e+00
3.615123145520318992e+00
1.339207344302716818e+00
4.154251824017653583e+00
3.511118671955072656e+00
2.300305063478695455e+00
7.102474421358432544e+00
3.301480763285948861e+00
5.431399510339802283e+00
2.636517577236719312e+00
3.011305330983073514e+00
8.853301906475883332e-01
2.726211057931005932e+00
1.030943607530156791e+00
2.972621480847596587e+00
3.566541220464939599e+00
4.924957786887191324e-01
2.782579851999990250e+00
5.361310615495395560e+00
3.506456548712479915e+00
2.810317930487803650e+00
4.464492973199315706e+00
2.725095414813350825e+00
1.530011434222507960e+00
1.570570507256209281e+00
2.149330741478180151e+00
6.478290404979990313e+00
9.577001545523252446e+00
3.819004070876705015e+00
1.256025024904489307e+00
1.878129891512083371e-01
2.062746649700980761e+00
2.790296491511170540e+00
3.890348293793949530e+00
4.676615782873271954e+00
3.950648453382736403e+00
2.352701395197870582e+00
3.294516788898703918e+00
3.446625591320270132e+00
4.823173457194561031e+00
4.383233564983470387e+00
7.374681280554981067e-01
2.183086227940028046e+00
5.255015345239888447e+00
4.744076188127497318e+00
4.104034125191427407e+00
7.400609118834013955e+00
8.272127769768097494e+00
4.488415342999329205e+00
7.105960884846155068e+00
7.231524260418378258e-01
1.147096804402059300e+00
2.989493164793410873e+00
2.207271331362766986e+00
6.317934594165876661e+00
5.926352776849516779e+00
1.705806540418704165e+00
1.242924157592528944e+00
2.560089878539242303e+00
1.680020103767604356e+00
4.594677986030000660e+00
6.798844084558241185e+00
6.420998721245854135e+00
4.979401979251671051e+00
1.040606033195210856e+01
1.836294684149603285e+00
2.968319998731896892e+00
1.048918865031829295e+00
7.351124114748166516e-01
4.944756071474431636e+00
1.142672267927520524e+00
1.878424500763018257e+00
5.630317932289199412e+00
2.257186171515416451e+00
1.758426360000046706e+00
2.952607431453988962e+00
3.352594585081574596e+00
2.905134014779496621e+00
1.283220269079530906e+00
3.759875509928666926e+00
1.398231817781259378e+00
3.455334949888716256e+00
1.707251124640199569e+00
4.576628373669933580e+00
3.817027011088541588e+00
7.351987511582056101e+00
3.389010801711979326e+00
8.219578069562992750e-01
1.528503704480453029e+00
2.212117709224744377e+00
7.686112914170860400e+00
2.450691085817955805e+00
6.926382004854347851e-01
3.009431868393136700e+00
9.263475438114797678e-01
2.751100599642102740e+00
3.885814783771169623e+00
1.539844498525174243e+00
3.103671822668160107e+00
1.634857468926199875e+00
2.070158130223378024e+00
6.732621885709118459e+00
7.738830442137709653e+00
5.318033425220120236e+00
5.928656604639223282e+00
1.076175854356077766e+00
1.003792003757584927e+00
2.530201833723720650e+00
6.817250080910535193e-01
2.155283885132805111e+00
7.123090361546575267e+00
