2.567987227079189694e+00
7.319719455659441376e-01
2.227336059039848770e+00
3.147700112460770416e+00
3.608631589951182050e+00
3.872159464005249685e+00
2.301197578977153491e+00
3.737782000034031160e+00
8.253271969438866762e+00
3.592041033699643560e+00
8.070066332144795851e+00
1.092212211406672573e+00
2.359204963285001622e+00
1.058136344767825809e+00
2.982816289322104186e+00
2.170788122776821538e+00
6.990168941623597920e-01
5.576440971052315509e-01
3.466672938116856617e+00
3.957672603044783077e+00
1.769566835653762604e+00
5.875758977871706756e-01
2.062555921537449155e+00
4.422954824273517715e+00
6.222044760894775095e+00
1.468676638337782947e+00
3.669108116934822306e+00
1.458466599895202442e+00
3.155492390570683536e+00
5.707057074323382828e+00
1.221779815007751457e+00
1.582252461968061130e+00
6.230053541727883726e+00
1.473856733499866678e+00
5.228716228547953371e+00
5.562411791900916391e+00
9.798044110303996135e-01
1.528013223103163787e+00
5.641869503544710618e+00
1.755424448950615002e+00
3.161756530347709315e+00
4.310183912441424958e+00
1.552134690579866971e+00
2.013558655193050662e+00
2.647476776231186602e+00
1.614258662915396991e+00
2.625910441500740600e+00
1.384730155628450810e+00
2.472643139573047488e+00
5.739869670174444494e-01
8.926458174130597056e-01
4.684575367885755348e+00
7.464629544233293279e-01
2.187346301245692182e+00
9.770616033997390204e-01
2.854237097691557423e+00
2.582558789741587812e+00
4.971904176844134327e+00
2.504346765110999073e-01
1.811440772605659832e+00
2.687765992590210651e+00
1.038190347316075401e+00
1.443041035178363352e+00
2.977972853609083703e+00
1.467050528717455116e+00
4.720964694261887473e+00
3.741785083128038814e+00
6.400485415263726940e-01
6.178176102697151784e+00
1.111885368723481760e+00
1.629547549492638581e+00
1.146820414143588041e+00
1.318368040527847729e+00
1.554399377321195708e+00
3.216015053935346923e+00
2.251358626305992594e+00
4.119087825843547712e+00
2.483166660937414782e+00
2.033442652550871976e+00
2.413566316337828255e+00
4.442048176867161580e-01
2.121062912986683813e+00
1.662917070424345667e+00
2.079114418094276662e+00
5.905758742194759492e+00
6.237711418773002059e-01
3.494801877105491617e+00
2.002645286000987124e+00
5.391242464419061520e-01
3.601064822347571859e+00
4.730470573937942014e+00
1.285520353424066231e+00
1.691857557460499706e+00
2.967936859378650816e+00
5.677212177246381275e-01
3.987539325851453764e+00
6.479840369305993608e-01
1.084274782863446251e+00
3.024571319642046507e+00
9.982683370956714208e-01
3.112680458860004773e+00
3.081018374605486443e+00
1.389427909690248431e+00
1.499932603552326604e+00
1.509859894256281088e+00
8.847719825606756849e-01
3.681678894072315522e+00
1.148918230125107076e+00
5.808571955529513442e-01
1.476838544500402417e+00
2.942670843393990321e+00
1.219254012455773251e-01
2.010803350888143548e+00
4.903211256990799960e+00
1.170102124992745907e+00
3.317415043386073847e+00
3.697800080863717032e+00
6.507067493637842759e+00
6.824205817108882854e+00
3.622657616741763675e+00
2.233576023479224570e+00
2.242020415724490956e+00
1.971355774953921669e+00
4.744979668913874349e+00
2.874363649490837780e+00
5.469684035564548630e+00
2.215519728484686812e+00
2.673053006660156328e+00
1.410582020601800268e+00
2.144333265627504481e+00
1.378736501892210420e+00
3.478241931750369886e+00
4.979996386269789355e+00
2.362855193962826839e+00
3.192845375133735342e+00
2.647820483118638712e+00
1.359364717969574254e+00
5.257035669745480089e-01
1.061095098475959508e+00
2.033120674201227995e+00
1.455455396624944386e+00
9.016465851027822831e-01
1.674218730417029732e+00
1.230516247023724308e+00
3.623608266038387704e+00
4.339796167703461549e+00
1.624571882061452532e+00
2.762049033877510329e+00
5.193946277206837436e+00
1.210240204534021924e+00
3.186690107039030107e+00
9.539058360838266193e-01
1.348468165277007635e+00
1.498058914661164254e+00
2.121819064488120521e+00
3.304667539166102230e+00
1.351272247959538486e+00
7.612662744854923780e+00
1.394202421850973428e+00
3.190406206973864123e+00
1.630759021628737315e+00
1.492720835386807998e+00
2.880857285123615164e+00
2.076325037586466138e+00
4.875567573305536584e+00
3.759821855008202984e+00
2.069038976775469774e+00
5.285356694364027774e+00
6.264757467454942663e+00
5.298504129665868589e+00
1.389087628677855735e+00
4.641435777157251863e+00
3.906801902796711357e+00
5.036772718629182188e-01
1.522785851480699337e+00
1.734179755640117948e+00
5.380576395844621551e+00
7.882962728977118694e-01
1.410034982684443383e+00
1.140312346667760324e-01
4.882059328699357437e+00
5.635881579896718563e+00
2.356580078421821156e+00
2.874487139251398204e+00
6.049482155586833443e+00
2.441688001610081038e+00
1.553543937512382067e+00
4.774745920763716178e+00
3.277023583747318725e+00
3.291510453082959309e+00
2.815906951178601680e+00
1.709233781807901087e+00
1.638680412503998651e+00
1.703735797271918484e+00
3.368219425236575137e+00
1.318697944761762830e+00
6.906262683721871021e+00
4.006157705188856610e+00
2.591912526412103457e+00
4.276138295109469745e+00
3.217850971535363591e+00
2.435773192780965157e+00
6.614544201229957565e+00
1.857168860532301569e+00
2.814531431650500792e+00
8.978340786622649450e-01
4.442249272681020322e+00
2.347987062886129905e+00
2.053757696618737860e+00
3.293713323302213780e+00
1.624168557087926068e+00
4.798665621422304461e+00
2.234588157377608297e+00
4.611276525258567460e+00
2.392307923623477883e+00
9.802783077912070597e-01
1.107032155921012340e+00
2.675851606237647395e+00
2.346394261930012437e+00
1.012906411070825241e+00
1.002040805820762381e+00
5.740994681286257340e+00
1.886792962340245738e-01
1.582394021314726951e+00
5.199928192594970966e+00
4.399947616228915059e+00
2.666711794833229732e+00
4.284893510726762500e+00
9.349894331467789588e-01
9.492882507904477629e-01
3.929984592187354853e+00
2.060422585037866128e+00
2.479787914033011909e+00
6.180536340194856315e+00
2.264062928931334984e+00
6.535861063131276794e+00
3.487393278439704591e+00
6.058021389433006831e+00
2.056915620522760335e+00
2.976254967471546387e+00
5.569431783587005524e-01
4.516175871330299074e+00
2.027682881084686528e+00
3.723963924922339963e+00
1.352405730745010359e+00
2.683284268171810982e+00
4.051226614116162139e+00
2.886008164607543502e+00
3.815673957429498664e+00
1.693040484860137473e+00
4.220904598885252490e+00
8.626715331220017324e-01
5.875820576886598090e+00
1.360621841632526419e+00
2.212153228464772692e+00
2.978137921206499339e+00
1.141506062444938685e+00
1.201251556894037842e+00
1.004365350293096038e+00
1.772933323579224396e+00
1.566318772538854098e+00
6.355515487154807630e+00
9.139355965338581411e-01
1.311396668933668685e+00
1.951891767882435236e+00
1.958354611454923955e+00
2.956181703534312977e-01
5.159658940202006328e+00
3.781946160342428698e+00
1.789141256794142487e+00
9.197632925151323358e-01
4.263432966048178230e+00
4.279488510061592699e+00
4.527675268372423290e+00
1.178194641706166834e+00
8.050640159208130031e-01
6.123636002865167072e+00
6.116473251119463939e+00
2.471869109544662546e+00
4.455035019747597858e+00
1.957684435893757291e+00
1.291960230006078847e+00
3.795165387395380119e+00
1.614788086008257961e+00
1.602138860937418308e+00
6.892814886875251013e+00
2.335877256233976684e+00
2.220152926378330616e+00
1.025776347370798369e+00
4.449736158306378364e+00
6.109346661066738626e+00
3.409113649526460676e+00
1.837559139058978275e+00
4.393384147509308946e+00
8.815640441362084800e-01
1.169742135818393036e+00
3.811265426826913050e+00
1.131693934884827168e+00
9.866096409358936503e-01
2.967267714302831649e+00
2.494605422336133582e+00
5.685630793580610742e+00
1.863227934253319340e+00
1.812314274549496895e+00
1.151369315749431577e+00
7.497012703098653308e-01
2.409174211753066785e+00
7.058752556784771981e-01
1.258315066893554990e+00
1.948655197568639696e+00
2.150163744770351659e+00
1.462449945812613894e+00
4.366562197335881024e+00
5.027626645798942917e+00
1.841357441065801126e+00
1.444963053797440899e+01
3.302448363248423391e+00
1.937640185597371056e+00
3.534899468817632950e+00
1.695339614698661235e+00
2.182667789057697316e+00
3.691421538882186493e+00
4.408409336737178386e+00
2.879783674097426083e+00
5.506976319051086755e+00
1.588969939668240183e+00
1.160637265238660287e+00
2.324570088553906011e+00
5.382701752176188847e+00
5.104952138672543605e+00
4.387230236343631518e+00
1.479921458044951343e+00
3.821568688747905895e+00
5.243877332662538748e+00
2.205847584634960334e+00
1.100661783228314317e+00
3.327016147207963126e+00
2.482325836166400901e+00
2.069180475807282704e+00
1.719776184211508463e+00
4.028094609011317218e+00
1.468017347226945324e+00
2.096541004884802994e+00
1.054462239180582239e+00
5.563200197748566111e+00
1.467702480123684872e+00
6.538932860029261107e+00
3.635005141322827704e+00
5.315848122552175870e-01
2.934883631752191135e+00
5.781587045784727152e+00
1.486659147923455881e+00
2.636309553128858507e+00
1.219702109497381892e+00
3.511491991659149825e+00
2.054504292445081148e+00
5.982714061413142437e-01
4.486585910590539683e+00
4.672622526600480164e+00
6.476431852949331436e-01
1.302952809383593369e+00
1.691223442471506466e+00
4.980469800630173083e+00
2.320897418781056487e+00
2.159230037586146622e+00
2.166519140708974778e+00
3.523625542243431497e+00
2.465363889249430951e+00
1.455180531347928685e+00
2.938262607003129023e+00
5.479263440140807795e+00
2.239625093859611393e+00
1.819758199103034491e+00
1.702825997771016286e+00
1.556464998918545284e+00
2.671830981125158377e+00
2.126929698759501886e+00
1.587600643526069000e+00
9.794606293081304926e-01
1.222091149168779367e+00
1.462207609552585774e+00
6.303583069246626813e+00
1.585407694035593673e+00
1.805221628765655506e+00
4.144217423099916253e+00
2.084346637579477690e+00
1.618080309262881267e+00
1.735639820875971573e+00
2.804977024140131725e+00
2.032717296733734358e+00
1.602457581068361447e+00
1.131078295811271506e+00
2.064437489205938281e+00
1.559745595860001055e+00
4.649734653888945246e+00
1.427451115946513971e+00
3.365333127443020378e-01
2.341319868434194706e+00
1.424994530412508453e+00
2.003066010709327660e+00
9.064312334519368797e-01
2.662116590423661666e+00
5.171460125949677966e+00
4.179641878686167544e+00
5.429324844536286498e+00
1.562521683632360769e-01
2.901150741592205762e+00
4.513866935574868400e+00
7.504369473029566251e+00
4.470236696996201964e+00
1.025426283731261101e+00
4.552541681560501097e+00
2.079944503257337374e+00
7.180555342558939458e+00
5.685017930498512229e+00
2.383998050305973671e+00
7.287481580508020640e-01
1.059631620138406394e+00
1.957789398861488728e+00
9.016303276982194914e-01
9.792269396940757042e-01
4.973889816671541730e+00
1.397435851474449819e+00
2.876866272495369081e+00
2.039818936292129958e+00
2.921144301858686010e+00
2.258099336307029414e+00
2.046530903061951623e+00
2.375256851542240533e+00
2.383790540888637288e+00
1.332884643573796879e+00
1.534473613336133857e+00
6.405537066609891639e+00
1.932539572516982052e+00
1.274118425306010494e+00
1.666603188447983275e+00
8.476270769732672239e-01
2.458795032851855744e+00
2.225329135524278801e+00
2.249415748089099942e+00
2.006370790096208001e+00
3.654173012494263073e+00
9.039291249631256076e-01
1.311672046637594180e+00
1.577525535769158438e+00
2.824859042587037017e+00
3.002887873047548339e-01
1.918367535000068402e+00
2.734486865112821796e+00
1.983326000571718151e+00
1.498953262222513239e+00
5.663090783392616068e+00
2.077085355528690780e+00
1.816819576990996277e+00
3.258535512260316125e+00
3.078836400721852051e+00
1.856492018681383360e+00
4.263493143638068972e+00
1.753617784451696027e+00
2.580337908244987766e+00
3.573123468005979131e+00
4.887185304541146635e+00
3.172780009099617882e+00
2.858008207965444747e+00
3.638730854050015395e+00
4.059984332736187085e+00
8.266829092268428436e-01
1.308410017974070971e+00
1.543412881271608361e+00
8.615192335570780457e-01
4.996593335026219052e+00
5.448915494100677881e-01
1.342423995534115733e+00
2.473968881453113833e-01
4.230893715411223610e+00
1.172884055454094243e+00
1.646671170655979788e+00
2.787130551672110546e+00
7.658266267829688667e-01
3.061292943915420395e+00
6.125698005812564295e-01
1.336889045530906150e+00
3.014393193601319076e+00
1.904412677039100998e+00
2.773879832919519117e+00
1.138035908774832183e+00
1.315944354625384616e+00
1.959285297807227932e+00
2.227823728900544253e+00
1.209344656725139799e+00
3.425746699941049744e+00
1.665638777340758603e+00
1.277561097426896275e+00
2.613475686646622886e+00
3.772297695728307865e+00
4.607765066998679160e+00
4.429613978265408925e+00
6.869207214224145375e+00
1.578859693669709019e+00
9.708691772265366504e-01
2.203620768291529863e+00
2.480240738473140638e+00
7.149789103552727454e+00
2.911068437703532741e+00
2.310827816342276630e+00
2.415524802759283052e+00
3.931285000132535679e+00
3.607465303176765836e+00
2.911400078714749817e+00
5.654080248706273792e+00
1.980575157123143359e+00
2.749069953741669181e+00
5.581278523159889815e+00
2.404527107897379778e+00
5.847537949562755522e+00
4.019915751470999332e+00
6.383109407874603569e+00
3.138541413516431344e+00
1.644467308433868347e+00
6.246549419599696229e+00
8.917200723823377473e-01
4.507174651757067885e+00
2.151748337509176601e+00
3.577171181117368981e+00
4.533046858844095972e+00
4.150774255384334310e+00
2.511839868397147679e+00
2.078110927189023460e+00
2.914769506442105307e+00
1.865332504893261856e+00
5.241021806800427285e+00
2.162031060269960392e+00
6.516231703520364071e+00
5.906985330081482743e+00
1.087801610828622367e+00
2.627381803581951392e+00
2.102354309096825524e+00
2.065295287585815487e+00
4.417179650605175922e+00
1.781063596670310556e+00
2.903226223728345712e+00
4.590865281141611298e+00
1.117915066990368356e+00
2.397992906494538001e+00
4.521284285635490896e+00
4.091463940983271819e+00
2.209534299943523461e+00
2.382537471974847332e+00
4.481436789317881697e+00
9.105449938977187019e-01
1.940150657219819497e+00
2.975988373193315661e-01
2.868034736739016655e+00
4.942513308819168394e+00
2.421440931786225548e+00
2.711400450174799026e+00
4.604262842034889225e+00
4.181365899240811146e+00
2.405259084643409206e+00
4.237614470600250982e+00
2.859534518191955588e+00
2.026256737418180354e+00
5.018205471377459759e+00
8.434874725816708940e-01
1.835358067182797370e+00
4.617050858775185951e+00
9.924017380882820261e-01
1.088985267790377076e+00
3.138281227711503529e+00
1.520517337601763774e+00
4.837064109174445292e+00
2.685652587321776252e+00
4.950579519962007069e+00
2.081378839244549361e+00
4.305809184308190041e+00
4.040079032984214891e+00
1.297221060958125172e+00
2.849957370332278916e+00
4.875111796248590146e+00
3.559814457534903109e+00
5.700456709182664561e+00
6.443984737920939843e+00
3.677420266476967292e+00
4.214976800253748657e+00
1.450312583639317365e+00
3.962882482501178250e-01
1.595521407360311672e+00
1.372052218158191561e+00
5.009348514770143090e+00
8.490417605316163963e-01
1.671014387736856399e+00
2.168993126139493910e+00
2.737546099697216739e+00
1.565142488729967196e+00
3.154687168601488789e+00
4.983642199794096506e+00
1.447619573924085357e+00
1.938316588466321599e+00
2.096775563605846493e+00
1.196062710770909643e+00
4.943584721342983102e+00
3.279672285846634949e+00
1.894001729670158563e+00
2.703218992445942437e+00
1.586495514388321482e+00
5.998113322858613650e+00
5.260935314241944383e+00
4.360504740374754995e+00
9.027832461357825355e-01
2.858831200126542793e+00
4.654137456501482362e+00
1.222680407376826039e+00
1.017736062637687455e+00
4.956969413924166901e+00
1.564175008450936932e+00
1.205083064717866304e+00
5.812944388267819562e+00
7.835738200110387019e-01
4.321277164942429749e+00
8.984764126957951902e+00
2.128605714739991051e+00
2.721514307988403214e+00
1.058122325020747434e+00
3.254664832978309885e+00
1.367418674858378758e+00
8.466886142552034755e-01
2.519576382437699991e+00
1.462345623723022348e+00
2.995930195040321209e+00
1.364455909659944233e+00
3.717865494077358335e+00
1.308015593407343191e+00
3.915670252484537706e+00
3.006165097950118881e+00
5.145941304829686480e+00
3.138375018179727638e-01
2.471032247976294727e+00
4.812269138243967070e+00
4.667848711537328832e+00
3.763727403600749533e+00
1.041118848513224338e+00
8.489435497858365265e-01
1.838698125493647861e+00
9.681751205448152486e-01
1.618659961751873322e+00
3.180204999918905262e+00
5.087520102840734637e-01
4.115052594540262731e+00
2.411354133104328668e+00
8.408800094665856983e-01
2.710031407301441431e-01
6.138041889369091342e-01
1.870022234499654212e+00
1.410250264884779003e+00
3.313384840047674196e+00
1.264436175138529794e+00
2.167432365837855812e+00
4.125187462683765460e+00
2.094006280918758733e+00
8.113166226715767815e-01
4.589075209120598409e+00
3.949797799771206819e+00
1.783572363316858311e+00
3.616808535621303999e+00
2.511694429467465906e+00
6.083544970934576135e+00
1.284378791636637152e+00
6.153185823299128110e+00
1.171987430554696230e+00
3.393029765132096642e+00
1.022791444326316190e+00
1.921044114999818309e+00
3.786765787590299137e+00
1.593619228217840300e+00
3.293770889040797734e+00
3.709613255682151500e+00
2.387810676015959643e+00
6.094428757494561033e+00
8.051999016320400271e-01
5.000936066787928347e+00
3.439025630975107273e+00
1.542022843620650008e+00
2.767253824879947643e+00
2.887090294953702951e+00
1.613394323721226931e+00
5.169420042592120623e+00
2.776077523898543564e+00
1.717067234675272891e+00
1.680460949933895387e+00
1.083467353507475917e+00
2.560573191292694339e+00
5.733584373889873298e+00
2.018772640515176242e+00
1.168281671323387672e+00
1.112091765051048897e+00
4.143712753005740268e+00
6.961670146389034031e-01
1.773512669644261797e+00
3.150784709285964436e+00
1.992915140205210767e+00
2.865969615015288685e+00
2.827279534853613718e+00
2.695374589386000608e+00
1.133394388895266003e+00
2.106193468512080003e+00
1.469872538847392329e+00
1.296676292752379167e+00
2.794317783992343429e+00
7.167455448865169831e-01
1.596410335668248415e+00
5.800455481726176643e+00
3.546451332559299452e+00
2.616889509098355049e+00
4.377832106684517832e+00
1.322859476051978511e+00
6.809094512707424274e-01
3.827813215411678627e+00
5.919800431175350042e+00
1.804939223040339824e+00
2.285780590182760807e+00
1.722512014612328057e+00
3.014817751340255647e+00
1.684361512146106854e+00
6.456520439936052291e+00
3.694638597914425393e+00
3.770140126236764644e+00
4.538396488134615048e+00
2.530759497392272905e+00
5.311482896872252724e+00
2.294581035879571740e+00
3.709761409351400196e+00
7.807766868654388848e-01
1.655162466172531488e+00
2.328642263829641568e+00
3.142664492778302510e+00
7.575645121235309309e-01
4.906463451870090253e+00
3.783303848441255113e+00
1.311429661885137987e+00
2.996312177026059231e+00
1.836254963229508430e+00
1.789366781288290964e+00
3.219377392194650245e+00
1.287565981666206616e+00
5.132714382846691237e+00
2.288246053256703050e+00
4.425797641152918516e+00
1.194835754762784585e+00
2.708716774506645830e+00
3.851662489260432753e+00
3.450390660626406980e+00
3.485451054703025520e+00
6.182124922590781502e+00
4.864097082657607096e+00
5.920224649725239985e+00
5.805588535745836332e+00
3.528921317873712216e+00
2.697745660386706934e+00
5.154506051086827689e+00
2.326700422323054074e+00
3.595408276575845274e+00
3.051392786197746898e-01
1.864044901987077063e+00
5.351837441900155312e+00
8.337152582630850128e-01
3.301231217516689131e+00
4.204248688855819260e+00
6.073665144314305486e+00
1.298380845620601409e+00
1.180912830505042033e+00
7.539039296923438771e-01
2.091059809211284204e+00
9.742654162835571174e-01
3.201515473724912297e+00
2.079864892211984895e+00
1.102719113185162580e+00
1.973435117195475819e+00
1.905504710729811091e+00
2.163853414094348171e+00
6.862790820060091335e+00
1.193532801802055454e+00
2.627215300964123479e+00
3.740791773044776392e+00
3.015080908943010840e+00
3.756762599045293083e+00
8.719771776307294608e-01
3.635357066459984576e+00
5.076300171338368195e+00
1.183680426957741005e+00
6.296102286100431655e+00
2.196220105616895957e+00
3.906076380520744351e+00
3.599406244112939746e+00
2.083563361447865248e+00
1.339752391487834871e+00
1.083268368732438258e+00
3.111474713209587684e+00
2.000355132279351356e+00
2.389181125661762106e+00
2.405955699065561948e+00
4.262482405506337280e+00
6.391285353326680019e-01
5.408236133557719150e+00
4.056277195195568730e+00
2.975442821125719561e+00
7.456070309873255031e-01
1.501241021116124452e+00
3.316892202870163953e+00
2.983583569844622918e+00
4.167143228444003533e+00
1.131177386644963478e+00
2.847140131939423835e+00
2.362469388447843599e+00
3.131214418804229016e+00
1.026513816135304236e+00
1.120220597601019552e+00
8.216758228894650573e-01
9.114301003348228569e-01
1.201529501077749362e+00
1.438442492435918929e+00
2.128813142366904110e+00
1.998486861050654095e+00
1.691411238047970444e+00
3.109557039458426875e+00
5.128003158823441154e+00
3.446937173185275149e+00
3.292643496789550372e+00
3.961249039323911703e+00
5.206910723975910038e+00
1.391083107876054381e+00
3.928223383456816542e+00
2.683671458626692541e+00
1.745539191502594845e+00
4.781476197564130115e-01
4.299599229299719383e+00
6.492799390785089386e+00
1.437200930213146322e+00
4.064053621430941732e+00
2.221765640100346495e+00
2.358709039909506977e+00
1.877783802512626332e+00
4.864655917241008432e+00
3.242380667267658723e+00
6.957036554523619021e-01
9.266445569888775990e-01
3.641538174742752876e+00
1.976193972812746003e+00
6.006671607354787668e+00
3.414207963446032945e+00
3.538551571484170211e+00
4.224726793809495895e+00
1.723296763779120555e+00
9.005382862235113972e-01
1.620680808831276742e+00
1.528436201222016066e+00
1.787887290200549373e+00
2.024389185477966535e+00
2.124527732158457916e+00
4.104876717059592117e+00
4.927612964780685445e+00
8.454367049291476865e-01
3.167915314546712491e+00
1.973198324682938987e+00
2.566874296051162574e+00
4.604415914328789050e+00
5.625896784625711300e-01
7.799336837063762795e-01
7.744557222781751626e+00
3.465206728572364447e+00
5.890575142018657395e+00
4.678322210713536045e+00
9.327397605937676195e-01
2.797607184791248702e+00
1.151556078457952159e+00
3.110545420197750488e+00
3.940089269807834693e+00
6.020304006564908050e+00
1.563870770666581755e+00
1.792827928573567764e+00
2.145422034166247105e+00
2.035990886485116391e+00
2.291748989773898959e+00
1.272134034282728310e+00
6.752650457545995577e-01
1.689948738389167371e+00
2.316311605682150443e+00
4.643334958745825247e+00
3.868058608408294408e+00
5.059026600701098886e+00
1.127746638907245247e+00
1.198072963631568344e+00
1.232426719597807141e+00
1.300039479926861086e+00
2.082478253816484770e+00
1.022725554089645827e+00
2.647395793773541062e+00
4.277740019009105055e+00
4.518056489027661993e-01
5.638843128520257153e+00
2.122266075086273407e+00
1.990237355091686977e+00
7.636229999161369131e-01
1.051056176324526970e+00
3.217276326543034859e+00
1.519184980343615710e+00
6.758640302985494674e-01
6.577920792451038778e+00
2.827330543255195394e-01
7.255176110229043518e-01
6.305223676974531344e+00
3.721872013266570800e+00
4.349109465255285301e+00
1.348646095541632173e+00
2.749424465166456333e+00
3.748053491545550120e+00
8.597592967964515775e-01
1.724128101608657149e+00
2.971482729928764055e+00
9.905838255449483931e-01
1.384337440981917577e+00
3.850416875164613950e-01
1.830440472612620439e+00
2.351544016695719552e+00
3.159662445482334991e+00
1.763452770778979772e+00
1.585157126260003491e+00
1.791042009274693703e+00
6.694817798455710012e-01
2.553468571182522240e+00
3.162048012868667435e+00
1.202413405510057487e+00
2.656866012331094762e+00
5.426460170941711514e-01
6.163240706896129240e+00
2.428565529172710402e+00
3.697125598023934590e+00
4.704152222997808330e+00
2.406910612641949943e+00
5.284759748827362991e+00
3.814719956347757179e+00
3.894310798932679507e+00
3.155734565177754636e+00
1.758151737172520379e+00
1.230849742294719551e+00
1.519679668233697933e+00
3.207123499182139348e+00
9.473886114325887897e-01
4.571638665731557083e+00
2.549655379917813214e+00
2.249491062158226029e+00
1.358711526688377358e+00
2.046773580914342805e+00
1.992019571796429300e+00
2.765085260672309531e+00
4.345278157273581576e-01
6.782545631405984210e+00
2.378945951324197061e+00
3.402124526775408331e+00
4.613629308301788967e+00
7.378933569363609335e-01
1.070976217551178999e+00
1.886686204966088409e+00
3.237603384668826134e+00
1.235309015954368705e+00
3.392589215207506115e+00
3.642827672697135366e+00
8.511517672509026911e-01
2.044098427396492834e+00
3.545956145714483365e-01
4.200196858338954620e+00
9.399129226406230941e-01
2.475913113276165589e+00
3.431139132144311876e+00
2.767071698856112594e+00
3.686254204560410752e+00
1.106057327108024513e+00
3.089465305238583426e+00
2.476580492230437081e+00
1.902880931692634503e+00
1.371338218368807427e+00
4.317518747184313277e+00
8.574472270345296909e-01
1.760251627867358115e+00
8.085369039641040700e+00
2.045766032515557775e+00
2.556536016250298804e+00
5.578867094780723512e+00
1.540374620479468382e+00
1.193984688173416631e+00
2.179755795695319964e+00
1.034766593759100672e+01
1.141658325793330819e+00
7.305885263127948059e-01
2.297986490648632252e+00
5.312798748082131262e+00
4.343571314219065171e-01
1.602093168840359683e+00
1.970962747947978100e+00
1.336666243046338520e+00
1.852621931100405961e+00
2.903898589497950322e+00
9.614921457090063184e-01
1.344491424374401278e+00
8.261697722903645902e-01
4.194759016993719669e+00
3.952483346955709020e+00
1.809770792137821882e+00
1.166594883053470699e+00
4.349316693673646483e+00
1.991781560059089129e+00
2.969167655111737414e+00
2.699034763389430935e+00
4.687048816752683145e+00
3.774800482757264763e+00
5.998332409060767034e+00
2.207380243161880529e+00
1.447585993367823232e+00
3.459085982082251931e+00
2.032319537370715690e+00
3.339317894704954437e+00
5.037626754959713793e+00
2.078637344407276544e+00
4.239777447803017907e+00
3.660075141571431434e+00
7.283273442339388559e+00
3.739465130691127293e+00
3.598085879265969123e+00
2.081389104715549276e+00
3.403502451969121267e+00
4.428778110979880722e+00
1.453366465155289777e+00
1.544354348442775748e+00
7.639328007264317710e-01
1.558981196668651981e+00
1.886906773404472215e+00
3.397995928665288545e+00
1.986246248442078199e+00
2.117927092528238298e+00
2.827351451327758891e+00
1.402974665628261119e+00
2.180697361539484902e+00
6.863576257511520673e+00
2.255757627492390061e+00
2.328440192494084293e+00
1.526988325619605513e+00
8.143752989003061327e-01
1.116565855840321309e+00
2.253289699246813438e+00
4.459302023184077868e+00
3.801380074233963402e+00
2.992181097326027661e+00
1.787597439004915634e+00
8.549869626536685807e-01
1.194373834141488233e+00
3.859776291898210587e+00
7.068143704169468577e+00
1.512680556401930998e+00
8.867875128488237335e-01
2.115522856159918863e+00
4.880438640932950101e+00
1.893429045332166716e+00
2.589764332844195494e+00
2.134528401423693378e+00
1.601482409898484116e+00
5.928295195566728459e+00
9.824834134590602064e-01
2.218674889027621777e+00
4.007389466736029249e+00
1.416877849398450850e+00
2.962790982039907206e+00
3.935854593881565222e+00
2.651031236973884209e+00
1.031580017900737056e+00
1.955635415398016219e+00
1.263903394579269035e+00
2.741534832249602704e+00
7.644960744528362939e-01
2.036153600211027204e+00
1.942355611067769328e+00
1.915779866139520449e+00
3.073760347829133543e+00
4.044939974236598346e+00
2.415221569406370783e+00
3.218908622595701097e+00
6.160660854646565987e+00
5.652456661364766433e+00
3.219275773203603475e+00
2.572509000018682102e+00
1.553787360856844435e+00
2.227346411713822416e+00
1.960456136166280894e+00
3.041862747655807109e+00
5.649449035417397624e+00
2.758466068055319464e+00
1.720764742648186241e+00
2.631547103226179907e+00
1.505455480523976153e+00
5.436309622254981155e-01
1.321133358464987362e+00
1.927746775662281253e+00
8.307560553280587401e-01
1.304634543367622967e+00
8.959481002721759069e+00
5.857654882984571820e+00
6.571973355581406384e-01
1.490899800937353303e+00
4.852800395299995628e+00
4.568939340855179942e+00
4.836524676666586586e+00
4.453552703607209118e+00
6.257976074671996791e+00
1.745588298878625766e+00
7.762377891644253181e-01
2.862013623932587070e+00
3.902763823086435657e+00
6.729814065759232022e+00
4.588116302054089601e+00
1.970105866998578259e+00
2.580829760441618603e+00
3.706204172025316712e+00
6.835255304934619858e-01
3.085558491339725151e+00
1.063863355548839351e+01
5.164033102963916377e+00
2.554465322891463330e+00
1.975570635841360723e+00
4.668709441291504447e+00
1.131691487288403852e+00
2.201951399747755556e+00
2.519758612805445441e+00
8.492782270655266919e-01
2.083442317335050475e+00
2.108370158537368866e+00
1.647229509931662728e+00
1.252122028450349589e+00
1.513094773448758534e+00
3.984743163055179505e+00
5.613536147147205391e+00
4.341300441556271927e+00
5.135023463965838753e-01
1.414104093696302522e+00
2.606939183433776730e+00
3.644828268124379544e+00
9.479323026736689028e-01
5.172888937863358017e-01
2.816175593897225937e+00
3.345546261267527299e+00
3.629200047248801297e+00
2.816144857288000569e+00
2.142175744092552403e+00
2.469339614635102098e+00
1.059754116653781164e+00
4.019429378366597305e+00
3.077882879361151680e+00
6.033694188610726483e-01
1.715620559882749196e+00
3.586567971116563225e-01
3.540638539250845707e+00
1.129674767933171564e+00
2.626362693692331440e+00
7.408487948644427057e+00
8.917265425816580660e-01
6.001524427111935900e+00
4.964270631671682810e-01
2.130253248879360850e+00
3.452987439260197799e+00
2.399757973655763266e+00
4.221694834844290867e+00
1.365380294813180129e+00
4.134141750174133101e+00
8.543920859213109953e-01
2.224735800478368386e+00
2.296485520883070564e+00
1.460185855482610373e+00
2.237339562741885945e+00
7.853614373121119208e+00
4.336801651865902940e+00
8.882851808642751035e-01
4.999231541935219347e+00
4.614635016898677167e-01
8.897114428181644996e-01
3.833651488357979975e+00
1.896712402158489352e+00
4.423837191214321507e-01
6.183053220273777129e+00
1.939603432331295840e+00
1.832143143003819752e+00
2.218447975672098060e+00
5.897113125359752850e+00
4.334481618310527473e+00
3.871308298573512552e+00
3.851438831779024241e+00
2.420554275125717414e+00
2.321513236571236316e+00
5.698207966164184235e+00
1.596247869627107852e+00
1.177432494872057367e+00
1.317247247017391931e+00
1.470284575362363455e+00
1.928173604362931837e+00
3.045664033028396833e+00
4.223775623157423276e+00
4.094670467296637639e+00
2.879339059153932290e+00
2.484860931119698524e+00
3.759405313840893381e-01
1.834799685647270806e+00
4.883636425609534371e-01
1.749137112250039872e+00
1.165261725877876353e+00
4.521104648479810528e+00
4.342035831991511330e+00
4.160502843034231013e+00
1.017945381433183138e+00
1.538763047267697415e+00
4.066738705319847824e+00
1.044304776945037538e+00
2.997875062179619299e+00
1.774291298576229581e+00
7.113791760344450044e-01
2.615418490253170081e+00
1.510538332380707338e+00
1.347974445648124631e+00
5.083498249155917748e+00
5.930187772654362810e+00
2.191093077393988064e+00
1.774728418982709943e+00
3.898903270783861341e+00
4.201309499032416461e+00
3.482973141015155427e+00
1.776380259829909658e+00
2.850764668078906716e+00
3.142539432347108530e+00
2.227708509071518961e+00
2.514339706945879716e+00
3.917701884540561785e+00
2.028963771550738482e+00
1.583255446285110057e+00
7.300577882492722548e-01
1.415663175984069433e+00
1.509491270100309146e+00
2.501199527032590186e+00
2.759694699835836040e+00
3.428122427362998881e+00
2.755720015836881753e+00
3.019888769766933212e+00
2.473291079616803945e+00
5.095488817555674288e+00
4.989837603493133322e+00
8.269548896626675027e-01
6.238966786347914351e+00
3.271218638013171809e+00
5.249239667628370576e+00
1.322662964804682817e+00
1.286213891765668693e+00
2.494994740957356960e+00
5.349920280378390736e+00
1.933152322297227554e+00
1.616317728531392550e+00
2.052226481442574801e+00
3.199052757271580560e+00
3.174810512481915037e+00
5.691978458410974717e+00
1.118108251037900791e+00
2.810823221227463975e+00
7.415804906340004443e-01
1.737314511914362702e+00
1.681026400944435339e+00
6.036100169858702458e+00
6.827595010406017018e+00
1.713761806098138329e+00
1.196866629426145856e+01
1.045512579726268543e+00
1.102733850134443472e+00
6.002105734790122993e-01
1.878330719862138620e+00
2.283976503166650573e+00
1.805085972073661393e+00
4.202528784098549686e+00
3.361017647395057928e+00
4.617880403646807963e+00
3.372780377129109386e+00
2.476339819298181144e+00
2.543847615687445440e+00
4.266513848699004186e+00
2.494541314863007564e+00
2.067827789285031859e+00
1.497727174333948419e+00
3.753892410511720623e+00
3.251309629186025951e+00
4.248501849784640960e+00
5.465765151355839180e+00
3.516351843596649207e+00
5.388139590655448785e+00
4.653493114704302158e+00
2.614440549687225168e+00
1.533386311880546637e+00
1.097275843499470493e+00
3.738472982828628499e+00
3.523087189931134677e+00
3.632365200624900314e+00
4.315641829601585933e+00
2.059825397075490727e+00
9.925315631801474581e-01
5.035352102798015039e+00
7.507528870622578454e-01
2.411961604697955508e+00
3.090068660220591124e+00
1.103246295681399758e+00
5.112691068327679389e+00
1.319093512586591022e+00
8.562523388694897264e+00
1.513863073850854279e+00
4.239347315541672323e+00
3.591635526555440050e-01
1.952250906236598471e+00
1.557335130964730752e+00
1.085397607141206588e+00
1.965740882326629357e+00
2.280846116743453056e+00
2.941262016811840851e+00
3.828751597238855719e+00
4.026714306063975179e+00
5.642376867525147333e+00
3.200823768815635351e+00
1.263948425616605142e+00
5.247406431772799529e+00
3.519075004967491704e+00
3.897535509890706518e+00
2.352409263540966133e+00
7.227717020405239889e-01
2.261393869846661797e+00
2.590337288561378681e+00
1.327008909996433061e+00
3.221461262585917584e+00
5.106872055695790280e-01
5.079985535389804241e+00
4.990850289423425679e+00
2.192066524565366326e+00
8.531903711454478234e-01
1.899662754596737946e+00
4.377554239797097679e+00
1.991566292126823567e+00
1.667803985550704970e+00
2.415063270064987222e+00
1.301159940308715957e+00
6.370869177714866716e+00
3.203595360001583625e+00
4.109638193694228114e+00
3.796863685543575784e+00
4.695233796875213805e+00
1.734922453465281622e+00
5.814476377388329453e+00
1.504331397266735149e+00
9.331530699648817873e-01
7.634709949101837090e+00
5.068596870079169481e-01
1.466447718224461960e+00
3.730577409673488720e+00
2.768686044849475447e+00
4.495530431706799668e+00
2.638400313454324575e+00
2.892316769256321418e+00
1.886580298234747488e+00
3.648459435640861503e+00
2.458134255753531061e+00
5.366986619253690804e+00
8.625310064898314977e-01
2.046674173274594555e+00
1.518257186767489886e+00
5.725570169022506928e-01
1.670193937629206316e+00
4.266133099444306076e+00
1.168101906453757444e+00
1.510704491588844789e+00
5.799683043592446907e+00
2.810624422889094642e+00
5.382191429131726323e+00
4.785553285936167134e-01
1.745498835126222614e+00
5.493685951057190042e-01
1.423741138899803138e+00
7.891537028385224861e-01
7.025648046763460774e-01
6.746165194556399403e-01
1.061394846076609388e+00
2.991144188939900417e+00
3.911101108079226840e+00
9.532409977436274717e-01
2.719190751237313464e+00
2.318108400553843484e+00
4.146973410462758025e+00
3.786338877910606637e+00
1.515455415368323289e+00
2.613024965902846830e+00
6.550398318057075286e+00
4.696412658675278351e+00
3.710193845880234598e+00
1.202440804392263196e+00
2.990399468890525103e+00
4.010160806133296063e+00
4.813457565149786177e+00
9.075590726668448793e-01
2.342434121965253357e+00
5.374201732361328254e+00
1.806038568935770305e+00
2.482727616868527498e+00
3.700407624733062395e+00
6.033130821794346232e+00
4.036965485990029023e+00
1.721280760202364757e+00
8.856917062375682104e-01
2.376502337423334943e+00
2.907871687847122910e+00
3.272531755666437725e+00
1.065846765746434999e+00
6.386781534472690147e+00
3.000055486099145519e+00
1.652306365026062096e+00
4.380023204160410799e+00
3.091391389568387105e+00
6.261292047535018668e-01
1.101740689457018751e+00
3.926225075555915378e+00
6.218318466199202810e+00
3.612507794260644722e+00
1.330614322125701410e+00
1.961491252177119948e+00
9.211768560754076685e-01
1.297999344436217894e+00
1.329169795352262096e+00
3.696515235364839835e+00
2.409599221948572900e+00
2.482964610805629135e+00
4.867786841533239262e-01
8.404383335655110088e-01
2.443067894103760018e+00
4.790626076469714612e+00
1.629775759710162086e+00
2.362539600950004370e+00
1.938358952522929224e+00
2.098619928655247602e+00
2.891401306328461818e+00
3.039653727576805409e+00
2.354100653812454702e+00
1.546321848678159361e+00
1.851450093241840067e+00
3.435947830094122857e+00
1.042829730118230103e+00
1.424664876692721460e+00
5.766388042746818599e+00
2.604146252337199208e+00
1.332529323217975126e+00
1.162835765728413628e+00
2.220386205279809566e+00
3.961445003915303520e+00
1.877759009954948155e+00
2.924602525481381665e+00
6.147666041948275151e+00
5.698265970852154361e-01
4.663690886065268160e+00
1.706130693212940974e+00
2.469406962985410736e+00
3.754256861819221136e+00
9.677530555013355018e-01
1.402512782795691804e+00
1.231348115994669534e+00
6.722009467136643712e-01
5.973276432810469272e-01
4.999860584967306565e+00
5.497041802932748134e+00
6.171015609034208316e-01
1.606562158455491884e+00
1.896788510209608702e+00
4.613146807786210779e+00
6.063245615267260913e-01
6.403681357433831600e+00
4.154617701915165107e+00
1.161210802178593848e+00
3.355129633422805568e+00
2.740896099345559112e+00
1.244732684347941598e+00
1.767674583962943302e+00
1.898215994146346119e+00
1.164300777905103557e+00
3.155192638025122953e+00
4.725555282488001829e+00
5.052124247652982625e-01
4.220759639585694778e+00
1.752644585424196766e+00
1.680549692504351489e+00
4.121343701533829673e+00
3.015269249454427314e+00
6.403296778861766736e-01
3.232122503135058889e+00
4.376705941971662739e+00
3.280824049864650149e+00
3.258282035682325439e+00
5.539166143098118056e+00
5.717119554373493173e-01
4.030123855545578060e+00
4.645452799826568224e+00
3.901367631181247297e+00
4.267944925305033443e+00
1.275978458829721607e+00
3.331423506920336841e+00
3.013196586474784500e+00
1.730819832966446148e+00
1.082499624018518736e+00
1.282489465658761096e+00
1.630757909196236088e+00
5.119378223642071291e+00
6.150765795946431247e+00
1.278595574250218636e+00
3.006056446425997564e+00
1.953849056154109309e+00
2.509546244736327925e+00
4.396374576540234003e+00
4.132701875779566159e+00
2.119040944657513581e+00
2.884754082029704847e+00
7.431841065221633791e-01
1.448472303288917740e+00
1.755376054828689414e+00
8.936117941558509026e-01
5.616563039679951075e+00
1.404992556362021805e+00
3.911603920036488269e+00
9.055897414897614572e-01
3.000514023430703503e+00
5.626617863106271322e+00
5.792005024845173544e+00
6.203742272819954273e+00
1.475610213936958681e+00
1.891665914937898485e+00
2.420453296622841144e+00
8.074416500658827545e-01
1.342983364026168358e+00
1.549639352504393441e+00
3.582364275009597865e+00
3.702575909755737804e+00
1.338286694157163392e+00
5.345488254256361316e+00
2.014363871954781615e+00
3.743807506104715799e+00
6.126044946212618747e+00
2.764966510072701666e+00
1.101103315929188309e+00
8.225777512259173641e-01
3.262961769865495576e+00
1.976881288684942284e+00
2.516470890857485987e+00
4.856763998609363142e+00
2.963361091654189039e+00
3.785650609410107670e+00
6.163622617184538299e+00
2.215974525661666306e+00
8.203948681542982957e-01
1.590073849575112552e+00
7.427758972298343920e-01
2.234418251993338878e+00
1.991324657050309588e+00
5.463776883235660797e+00
9.793772762679515687e-01
5.766377587316277697e+00
2.186807462563292948e+00
2.704443019835595763e+00
5.594522181910752678e+00
4.290789363386647182e+00
3.118411588765903186e+00
2.420861915886937332e+00
6.036596339550785117e+00
2.172829401917821368e+00
1.732683304659720092e+00
1.280620285212944909e+00
2.550257116594305540e+00
1.608376500634752126e+00
6.729057908542093180e-01
5.422916060056377496e+00
2.751847222878899935e+00
7.250654506484325301e-01
1.032000958364737819e+00
2.505871164124135575e+00
6.880521311725574796e-01
1.857681224425804967e+00
6.041749616976752613e+00
2.979703640781826035e+00
3.510582702409716482e+00
2.566630748584519672e+00
7.473141580234241577e-01
6.101826877416395289e-01
5.936069796651546326e-01
8.601346094334992864e-01
4.263788042612712381e+00
5.359400176033614294e+00
2.523830224317400006e+00
2.103927105191826019e+00
4.401775351106898881e+00
4.170295049952137845e+00
1.177791675083506018e+00
4.020687022720874637e+00
2.921379612699190442e+00
1.518473037676979720e+00
1.437795674510026434e+00
1.016410569141854658e+01
2.601361263089478015e+00
2.551902558174690139e+00
2.360486428500161438e+00
3.555734677215054873e+00
5.561664835344308777e-01
1.285041403378411662e+00
2.381475592673895747e+00
2.197872670090165848e+00
5.021339460348680284e+00
6.591549303723115649e+00
9.209823386350000085e-01
3.286327517351391059e+00
3.818335521714425695e+00
5.966115232937000634e+00
1.658573909575894012e+00
6.303296611277012573e+00
3.941099965841333042e+00
3.137896479776063341e+00
1.788921521171800144e+00
3.797888284360134481e+00
3.579945619659810951e+00
7.959749764674587391e-01
1.282987657336573051e+00
4.718163453175093558e+00
8.772812051975605874e-01
1.527824547132974775e+00
1.486205601371847873e+00
4.449633231982550896e+00
2.526052748805901249e+00
2.151146121659621713e+00
1.952302251783742282e+00
1.268133911313074957e+00
2.002179432262843672e+00
3.035882816465913958e+00
5.975998284789038273e+00
3.896420375719541473e-01
2.350520103290583140e+00
1.165218098109647826e+00
2.129026891842320079e+00
1.365782260062532671e+00
1.315614852501040488e+00
1.761676645604171032e+00
6.685774058665449715e+00
1.593700852141452406e+00
1.786093766998972709e+00
1.385430506315994403e+00
8.847781487723995753e-01
1.054802884845579847e+01
3.866447894179069422e+00
3.064397277160401334e+00
2.390608819057983503e+00
1.290607531288778143e+00
2.444437175697296016e+00
4.546885766354527014e+00
5.531029508996612165e+00
1.567901082922164901e+00
1.721523747462330611e+00
1.320157812556883581e+00
2.315085668928298368e+00
1.157689376724487795e+00
6.582241008262806892e-01
3.781555021294013219e+00
1.486751795599012604e+00
3.949023434617242589e+00
4.059892094118191963e+00
1.789174749390511021e+00
8.557176265001938731e+00
2.628818905563562680e+00
1.942530652075827868e+00
2.168609189043562591e+00
4.046468975817755220e-01
2.864479429622546647e+00
9.706688472421967973e+00
3.986080805892829648e+00
1.450840136678194892e+00
2.084962776528830108e+00
4.399765895452226183e-01
2.440228772719164940e+00
5.064901200309144258e+00
1.221017924317690184e+00
4.384744024423850917e+00
1.933669764629451837e+00
3.457071150666779058e+00
2.043055978625243352e+00
1.063936943557773462e+00
6.391869565018371446e+00
2.662108923573432429e-01
1.152698023328121435e+00
1.708488334453132307e+00
1.654466116790965780e+00
4.335536640039209466e+00
1.347998881877134902e+00
3.158199101095543249e+00
2.548394043050330460e+00
3.751783193284426776e+00
1.432899485630044545e+00
5.834357948223822810e-01
1.858518029221616796e+00
1.472298984393394461e+00
5.022699328958424303e-01
2.379935224318656228e+00
4.413304050172020432e+00
5.455450237586449092e+00
1.689648310494036743e+00
7.428208597121567225e-01
2.694366334209245206e+00
1.271592383292157846e+00
3.350291458936839106e+00
2.224051216400143360e+00
2.765550037531602001e+00
1.918896804233078512e+00
2.646126748519258332e+00
7.040972484271771359e-01
4.256145336542764279e-01
6.836808094781104961e-01
4.177588783202883072e+00
1.569219728534620550e+00
5.566950602236493406e-01
3.470109389699921110e+00
5.565148012927779719e-01
6.520602953153023407e+00
3.332395228366160200e+00
4.076630177529208865e+00
1.318252920495347036e+00
2.937138820511402848e+00
2.784832286283795089e+00
3.459099555180703556e-01
5.188412272544873360e-01
2.003007847062642899e+00
3.568899022384888209e+00
1.982849946723340473e+00
2.766831126211135583e+00
9.605006497498022044e-01
2.006278248229852679e+00
1.839149489277126737e+00
5.873529541018695177e+00
1.150029188054101370e+00
3.687511988644932792e+00
1.593342203251531863e+00
1.896451753230356641e+00
4.610116452044509927e+00
9.234074378276739825e-01
3.419895919633823222e+00
3.860973094512738069e+00
9.152573775407001344e-01
2.754119515488441028e+00
4.067042465425618758e+00
8.180729350716210435e-01
1.621547842201249701e+00
1.310251546286959057e+00
1.255934051734144852e+00
7.902284311529500505e-01
4.644906314542848413e+00
6.252368911527044215e-01
3.596189585561606616e+00
1.040521086212989665e+00
2.311054935322326198e+00
5.446370665487760832e+00
1.113639393187389581e+00
5.085183894279918349e+00
9.353562559177651892e+00
9.177127076914322057e-01
1.515331514584900674e+00
5.755232339712357259e+00
5.318865354125727585e+00
4.290913844267962851e+00
2.626696030959784878e+00
8.441257039721338229e-01
2.459375331585195834e+00
8.668007130596464549e-01
4.672906497221720024e+00
8.070032755670860647e-01
6.781583202914436281e-01
1.468221451998150240e+00
1.090974531310736850e+00
3.657531806083861969e+00
1.586318838361028716e+00
2.374653694624753619e+00
1.504168427305549116e+00
4.195234103003429915e+00
4.525851441701304267e+00
2.825403795964442466e+00
5.076810155120724311e+00
1.735808200940457402e+00
1.620654265997356902e-01
1.391274349789024534e+00
1.706994878890431444e+00
4.717316493154364743e+00
5.219029086444185062e+00
2.495607963802945584e+00
1.232638661963209259e+00
1.741304026437126451e+00
1.329584872104482507e+00
3.046192013474571691e+00
1.047060112101244167e+00
3.194868550179363442e+00
3.135073547651677117e+00
1.160751660699823606e+00
4.069411058198245001e+00
1.215763933580225498e+00
5.986720358656594243e+00
2.970683602928839928e+00
7.954478579118468007e-01
1.028455918626093091e+00
3.039387334235265303e+00
7.413922145748038650e-01
2.341192224169420300e+00
6.994087752755364207e+00
4.199620203819142361e+00
1.241512037677237723e+00
4.655712837688819050e+00
1.564825652245657617e+00
2.744208364862494420e+00
4.916834467023465827e+00
2.374677223851713759e+00
4.725137502386655086e+00
1.127861407931632476e+00
4.058238307673112999e+00
4.270432607656790225e+00
3.797265090213866046e+00
2.109904424009405144e+00
2.341053067551820188e+00
4.315425788062401402e+00
1.568482265014616406e+00
4.997116268089818902e+00
1.788801961187706180e+00
1.638273730573302389e+00
2.859787487476356915e+00
3.538524150274947822e+00
1.863514408066720973e+00
6.225809441576947378e+00
1.491973316259374904e+00
6.195704322312463042e+00
9.370261859427385653e-01
4.853550636566829724e+00
8.622488320825226760e-01
7.722131367209576602e+00
1.738259167974695263e+00
1.598951388114060013e+00
1.851480497443015238e+00
3.531190066966428120e-01
1.665911823720312990e+00
3.951724025616086156e+00
7.472901972555676231e+00
1.988053038280540141e+00
2.569362781029358000e+00
5.063287553068335001e+00
1.896260410469660318e+00
4.523622187807126771e+00
3.944370164403673051e+00
5.286234027734990626e+00
1.314398418505052568e+00
2.414596511729050654e+00
3.342888975914616090e+00
2.942860143223851033e+00
1.983941943223641147e+00
1.580369497186706162e+00
8.003349745850997232e-01
1.409570991633955606e+00
4.748195403968209938e+00
4.012443445869413594e+00
1.892849753031637272e+00
1.286243737345234228e+00
1.904275703321488322e+00
2.597092796198266385e+00
2.924938405425208998e+00
5.327727787095260403e+00
2.760391768640722443e+00
3.064335535300480196e+00
5.720742725130486761e+00
1.009802911705776296e+00
7.256409354593842398e-01
3.015205872300144918e+00
2.253284180981942608e+00
5.040358047213210568e+00
2.164904978922061130e+00
6.569576625641387224e+00
1.514851119189837725e+00
2.195273367454083413e+00
4.094660483121736583e+00
5.604102224366450891e+00
5.069936118853981988e+00
5.162407709518125110e+00
6.200114272117438929e+00
5.030707579873246793e+00
4.598614529180276911e+00
2.494537258289943438e+00
7.656160089478074582e+00
9.850484170292659325e-01
4.514835675321989150e+00
8.046344006267055704e+00
3.646480693364214654e-01
3.579611493077669682e+00
1.746022260364406220e+00
2.917890846179000963e+00
1.482153771742984461e+00
2.414868178045806779e+00
2.016206272891447160e+00
2.356206522195448461e+00
8.602316973182008164e-01
1.563092848615186936e+00
2.763244944412760251e+00
3.669690057569800601e+00
1.464975151130647024e+00
3.820699651030384114e+00
1.159056779259807879e+00
9.753807797036179172e-01
6.286811251022190739e-01
4.508549559027168030e+00
3.988369646623252329e+00
1.374631344297304603e+00
1.771765712596231168e+00
2.106497146086806271e+00
1.184913091219820691e+00
5.296736963627436401e-01
3.426004835306488250e+00
3.457423903126501941e+00
1.205367247991879331e+00
4.208710075286275831e+00
4.041309106233677895e+00
1.127327689145721568e+00
1.628122720317259020e+00
1.447313946018325748e+00
4.471813313148836344e-01
4.116053626004105404e+00
2.900071315282463758e+00
9.654947810384686413e-01
1.776467479049796294e+00
2.703341224678804444e+00
1.631941524793436793e+00
2.054534591658083276e+00
1.437583116540566142e+00
5.359492882829681726e+00
1.367717268049647217e+00
2.977116988055909630e+00
8.056624938636097744e-01
5.147730959927934613e+00
4.285951205149468812e+00
1.609378404587448630e+00
8.346300122552756662e-01
3.757215737552126456e+00
7.609896079400781943e-01
1.203742284845937149e+00
9.157652823312646406e-01
1.688939067183663711e+00
6.386483871319561523e-01
7.845177799743407121e+00
7.573715071559399270e-01
5.099909340203202746e+00
2.515520254784849197e+00
3.484660595077310852e+00
3.125545197862365843e+00
2.936004463798185693e+00
2.537970347097903812e+00
6.332395441218187093e-01
1.252826057479976329e+00
1.533266651158566196e+00
2.328974673245419513e+00
1.055859001752823989e+00
3.034553921589204784e+00
5.022548759386594952e+00
3.558946347291817247e+00
3.222252743116272633e+00
1.088819678812323888e+00
2.027338694116039175e+00
4.527505009007447789e+00
3.002987176226482369e+00
1.702417231523057461e+00
2.057374992301034045e+00
1.362467923726335295e+00
5.703932834253242490e+00
7.125569002623116655e-01
9.890521444670701268e-01
4.531849908486067946e+00
2.165113650731365524e+00
3.324568131158961659e+00
1.603578764242921784e+00
1.121913339293693523e+00
1.161048690695901442e+00
2.820474343414763219e+00
2.252668451027012964e+00
5.686739077150273047e+00
1.628828024610555536e+00
6.139181404673563769e+00
2.945210335032228066e+00
2.961399313967548519e+00
2.904334098110701756e+00
4.567825285622144627e+00
2.007996219020452333e+00
2.830492071058531511e+00
3.828025624087086687e+00
1.514918092007161210e+00
2.387223983498084845e+00
2.754408978627703064e+00
2.214492369228386881e+00
2.486011928486065337e+00
4.335873520457631969e+00
9.315917293711075686e-01
4.726690717301600397e-01
4.809642481345216325e+00
3.671682020451659145e+00
3.172332565642536739e+00
2.402823020945346055e+00
1.190170971731145277e+00
1.953211881884574064e+00
2.073294677002775810e+00
8.846539715736621012e-01
6.506412926622549442e+00
4.757055829216938925e+00
1.140407075461511655e+00
4.277382449181176938e+00
3.751471016947187653e+00
2.876846712688440721e+00
4.602572750057243312e+00
1.445325824950991711e+00
1.310030791757531565e+00
5.098787699382146599e+00
3.503818568750524776e+00
2.006683986512169060e+00
1.574084824677496997e+00
5.905505100853420508e+00
3.010180191986456144e+00
2.468270645058921797e+00
3.292910949646266072e+00
3.195732368136374291e+00
7.754191710161721929e-01
1.796856157796985487e+00
2.310449163527124483e+00
4.956488315973466285e+00
3.181118159685439206e+00
3.009101375217844598e+00
5.895197892413684970e-01
9.019386068928024747e-01
1.083976849623558447e+00
1.909893951944800383e+00
2.374468153497162337e+00
3.015834440647024550e+00
1.985594735886168749e+00
4.219519331328722700e+00
5.587515408493342939e+00
1.448025261295129429e+00
1.111145590314447151e+00
1.200384992774726767e+00
3.169907787240071606e+00
2.777212000942125059e+00
7.148705884143433664e-01
2.638811782301212272e+00
1.051179030296455208e+00
5.210819955902369571e+00
3.178074929791008252e+00
2.064139716955134318e+00
2.392393089996830646e+00
8.592524690358545048e-01
4.894669307192685004e+00
1.746494532479370587e+00
2.227816071307657797e+00
3.518801178201868662e+00
2.025242933489837416e+00
3.133002661639449293e+00
2.845354801563380054e+00
1.505896521118491593e+00
4.882541679151628067e+00
8.921046139375629069e-01
4.090037537875791607e+00
4.168173358219225300e+00
2.930801747746933916e+00
5.447196862222567937e+00
1.193766948867210687e+00
3.984513887785829378e-01
2.209939483448594810e+00
4.581184376609412467e+00
3.152293583174603953e+00
4.105753585075159862e+00
6.638695550861058337e+00
1.825364418261199217e+00
4.932346366671112925e+00
1.308060484076711161e+00
2.455587249088201141e+00
1.306645364834577938e+00
1.962024236902628616e+00
4.940554799750390913e+00
5.496247966356962777e+00
7.838974877914217654e-01
1.892664027268250226e+00
1.874185836940537309e+00
8.590070032344839790e-01
3.596421728761589609e+00
5.381344347929123195e+00
3.495134153617865724e+00
4.922887414808289619e-01
1.357561002015184259e+00
1.750388382396989684e+00
3.003792500212732364e+00
1.816824371619990552e+00
4.109412409659574550e+00
5.974026315113838415e+00
6.315788210228120647e+00
1.629959440757212885e+00
5.221562021196444192e-01
2.339197420062438582e+00
2.178700428376188380e+00
1.546802779227272939e+00
2.299653710235487036e+00
1.113257298282624541e+00
2.152965758129370855e+00
1.842841841602636865e+00
6.051789608260009778e-01
3.112146835185818361e+00
5.036441406688634714e+00
1.261604933177824073e+00
3.211242820120986607e+00
3.684718135152849516e+00
9.622611710584473288e-01
1.299079112986908369e+00
5.250018904814161225e+00
5.202524796918319261e+00
1.504802713912817280e+00
4.599904096199626480e+00
5.738376870204739966e-01
2.422799430682052169e+00
1.005022924954591979e+01
3.981880615794624489e+00
1.731088609255687194e+00
1.627247398418712132e+00
1.711407403821002537e+00
3.911879669407190008e+00
2.147931884732284580e+00
4.439044519923337262e+00
2.988970902169560073e+00
3.923613973588531145e+00
1.640297473890536040e+00
2.867190830252631439e+00
2.004234053735722831e+00
1.743932512095769161e+00
3.341995113640985338e+00
1.843365702877746592e+00
2.354207913424680942e+00
1.063910746087805004e+00
2.516689633367659162e+00
1.701195351184576765e+00
4.057740930811266633e-01
1.031466634329011978e+00
5.239141172068908503e+00
5.978378245606219110e+00
2.764120530125468100e+00
2.030649989042774717e+00
2.004236262148299197e+00
2.912199029072709333e+00
8.694645318238838350e-01
4.323253515666548807e+00
2.181110696804309246e+00
1.795354452043506521e+00
3.547072411890783705e+00
1.556348778954057099e+00
1.870723580150457366e+00
7.053166717189244039e+00
2.600831881209755725e+00
3.771538533016120631e+00
2.086027846283208476e+00
5.712198156900236690e-01
3.583203167074164863e+00
2.372500829439877723e+00
8.959316177019486238e-01
4.443359519772148936e+00
2.905379629984615075e+00
1.817214309561836272e+00
2.006026878017515891e+00
4.939427430996651047e+00
1.196983647364116443e+00
2.078849988020836204e+00
5.385266325005094501e+00
4.269697128968696909e+00
4.284421310348612288e-01
3.083554351191309273e+00
3.341520368835895205e+00
5.671020730010426725e+00
3.028592623789295946e+00
3.556340612478660290e+00
1.381624722451047615e+00
2.424869834217568076e+00
1.575221486142762695e+00
3.675655024536772064e+00
1.711335911405013954e+00
2.020132554985447193e+00
1.687480052858752799e+00
4.892465511041208970e+00
4.241170444970899567e+00
4.157262140070280054e+00
2.001389793348183233e+00
3.294392323731327288e+00
5.359337378380544692e+00
2.440684409480208927e+00
1.476902893069295564e+00
4.310823789638627446e+00
1.154442443647366368e+00
4.820263383150855674e+00
6.247480036397739411e+00
6.746551858998985018e+00
9.516366220048155800e-01
3.659288562670999667e+00
2.608120546217941094e+00
8.767376351704997406e-01
1.393336076215321073e+00
2.244028627045946855e+00
2.803927647084369479e+00
3.359331467912862301e+00
2.023123230571401088e+00
1.689043077480748334e+00
4.629612953487970972e-01
8.134708022276500028e-01
3.497210382444386312e+00
1.766827736244903191e+00
2.297095270751990270e+00
2.954982582529582125e+00
5.607258246002752244e+00
1.353317186268136352e+00
1.496268680991984734e+00
1.389806054633541565e+00
8.993904792655206260e-01
1.116124063122714061e+00
4.724146293158316467e+00
1.955230600963700383e+00
1.621364373348385124e+00
8.032747002546940518e-01
1.199312626324180897e+00
1.506108850598447013e+00
3.265359529450794440e+00
6.936441338450189953e+00
2.040536419363803589e+00
1.213337811346322237e+00
2.880334765809771547e+00
5.616659903165779788e+00
5.165058841414664315e+00
2.795387523133067376e+00
9.387886809512321351e-01
3.344992534892394342e+00
1.860538152266808742e+00
2.411065783282680730e+00
1.482682989445252675e+00
1.829379039183077538e+00
1.824473231643176874e+00
2.649373888025754464e+00
2.485165214463924688e+00
2.658870224399856763e+00
1.526410485108340875e+00
1.865979058118012679e+00
1.139826141169478557e+00
8.917675992279671116e-01
8.269688119019797057e+00
1.007647765990576261e+00
7.686129180212347700e-01
3.613446000137625624e+00
1.094989526638444177e+00
1.104192198339835285e+00
1.476240061706744378e+00
3.316103124297560267e+00
3.036286683245586371e+00
3.581376830633452801e+00
1.073852700464705379e+00
4.303833630508228758e+00
2.068022376871670787e+00
3.688199372603220727e+00
4.833285843656362601e+00
2.545923622745751125e+00
1.936399499196548968e+00
1.155187285873221281e+00
2.973970706892241633e+00
1.903285349696784978e+00
1.877912271741859485e+00
8.260970972898150633e-01
3.928936629679616654e+00
5.779796545420029519e-01
5.378512427952701458e+00
6.084002044814929455e+00
5.520723801145908993e+00
1.119433740702425961e+00
3.331037593965071597e-01
3.999247526899700755e+00
3.070840975638621018e+00
4.556984140174110465e+00
2.986269133052115610e+00
1.560732712888273532e+00
8.342342081252679398e-01
2.269637199757257306e+00
4.011458310597753929e+00
3.057497229106444614e+00
1.505649115980409958e+00
4.473932257153649061e+00
3.615355988230808393e-01
4.255550761516409430e+00
1.652309660679131875e+00
1.223575934513996044e+00
3.739295100831178331e+00
1.627498745945148650e+00
3.063378130651725151e+00
5.335905905584713338e+00
9.878356034184637702e-01
3.954893751456364015e+00
7.103527037815653422e-01
2.429379903821641484e+00
7.299199024759617238e-01
1.818361880128570807e+00
2.163520040053234617e+00
4.401712025638716774e+00
2.570621559580352322e+00
1.829066059695533486e+00
6.097931438970565665e+00
3.630267693503866244e+00
1.954527804556088766e+00
4.584981278712064956e+00
4.856862246952426965e+00
4.063208215360562647e+00
2.535356965564900200e+00
1.415233071749654403e+00
5.700181748028386508e+00
3.012905775438750489e+00
3.392531786826368467e+00
1.525923820152909505e+00
1.524368770773967485e+00
5.119943558397671346e+00
3.063375041883046102e+00
6.039451558994078928e-01
1.150406789445728606e+00
6.009089768339506143e-01
1.852972681692364398e+00
8.625921300829675342e-01
4.002013354672439682e+00
1.380475761629340381e+00
2.612978816562476769e+00
1.629649630343601663e+00
2.114132566744447050e+00
2.381755109334450005e+00
2.060372512146039448e+00
2.102977026331951826e+00
1.181677921781966845e+00
1.736059661365687790e+00
9.856269171625950953e-01
2.402618629734543543e+00
4.359811364336758643e+00
4.268044434606425241e+00
5.853910833382899526e+00
2.523164832423428816e+00
3.535257711335814790e+00
3.106317126326564537e+00
1.323170567187768487e+00
7.371422106811945651e-01
1.686817012860885034e+00
2.760849852774320379e+00
1.813725622734363663e+00
2.592158167962048676e+00
4.876277418728049540e+00
1.454335123137939778e+00
3.228880955986725088e+00
4.335381487499357256e+00
4.223764532447181530e+00
3.290316265132734230e+00
1.875681337945048321e+00
2.197091076400072396e+00
1.528259542641085211e+00
3.437064363341301165e-01
1.644292211217633248e+00
1.325596746905027379e+00
3.674498169061437558e+00
4.773875038943845794e+00
4.675745743139571253e+00
4.380203416296270191e+00
1.029440049916821698e+00
3.081424353073678901e+00
8.897974427721895285e-01
1.350359843873637056e+00
3.743834122970863376e+00
6.519079406577448665e+00
3.821682757054582602e+00
5.685755852561531931e+00
2.465299344342825272e+00
2.405662714657043733e+00
2.656787026814134922e+00
6.068114422423932730e+00
5.501863087878285263e+00
4.536467075463590515e-01
5.512225839023751739e+00
2.847438365264439941e+00
2.324813841120330071e+00
2.490031263971078879e+00
1.532841360387708241e+00
1.479029729461988518e+00
2.967643673139755300e+00
1.627340131654115396e+00
2.879607808325165497e+00
1.168315967249583309e+00
2.222079522553162878e+00
6.438424749848290496e+00
4.850654393733146108e+00
3.121474574552762782e+00
2.319719484841185508e+00
8.144890332117640241e+00
9.737692565177674675e-01
1.841253555761604987e+00
1.626164730597915664e+00
7.838080952259041112e-01
1.411092089200384425e+00
1.011967976359962940e+00
4.999159105398316427e+00
1.781530375569677194e+00
1.627977532680516148e+00
5.350229313844226731e+00
6.997972529039273581e+00
2.198599087062967250e+00
1.728115466279932289e+00
5.810952293536846724e+00
1.084457092073445761e+00
1.704299496565347072e+00
3.159560794158385200e+00
1.082730549400173325e+00
6.379792851752774663e-01
2.212624866442278293e+00
2.692084542822869242e+00
3.320420132046394190e+00
1.555849816092778504e+00
2.651170383009454845e+00
1.720350305222301923e+00
2.574866517946706068e+00
4.372178194541668006e+00
9.994446129171518090e-01
3.215017761642402494e+00
9.643725888291059256e-01
1.885601487176886915e+00
1.127857842929061327e+00
2.374113144689572685e+00
4.435194687968161631e+00
4.855589971196388355e+00
4.808827668533681710e+00
3.268363530760540314e+00
2.353236617584439916e+00
3.193398723123841876e+00
2.201002596786509002e+00
1.017870530788337780e+00
1.490002047418071962e+00
2.321463005515956191e+00
4.915170160680516709e+00
4.090099911274407418e+00
2.309348620179085376e+00
4.555403923126982946e+00
7.966934384353130394e-01
1.745595091040154312e+00
6.144201298023418190e+00
2.340719461355751818e+00
2.931598548229153334e+00
4.545548268780081003e+00
5.100620404056011026e+00
1.398967821841826442e+00
3.873392927824365284e+00
3.900111291806562352e+00
6.269540189865892010e+00
7.051608994179471568e-02
4.622506963342470243e+00
1.090778836746815639e+00
1.565070233260439370e+00
9.328927189288022115e-01
2.768652240880648208e+00
5.848613650673501141e+00
2.178276616289281264e+00
3.945313421399502030e+00
3.681404039404434947e+00
6.695836673347497658e+00
4.398228870577390204e+00
3.842994637653713408e+00
1.724131790152042765e+00
1.343688259587685341e+00
1.949838486532916138e+00
1.951589390716610861e+00
1.136699303040636488e+00
1.263814330860591806e+00
4.725315214130066721e+00
2.269651707443294253e+00
5.827186080706051596e-01
7.105724252896503668e-01
1.090835379741669664e+00
6.038749264293821639e+00
2.181028255907091040e+00
1.364671498055928689e+00
4.751384531834839997e+00
3.797865705756865218e+00
1.090262927505646351e+00
1.906530135070190868e+00
2.280993195356056269e+00
4.607628761401132422e+00
1.422485744159619925e+00
1.858334729905448679e+00
2.730312147838648063e+00
2.520047941222814725e+00
2.866075768302640103e+00
3.609762804557952731e-01
3.433614409456300809e+00
5.596606293255198539e-01
5.671044195410168687e-01
3.887647272940303989e+00
2.386059062906480399e+00
1.408227896028905857e+00
3.417475118435682191e+00
1.079318527173828368e+00
6.144944178316137595e+00
2.419588328759946894e+00
3.833364188246135562e-01
1.558716920685092600e+00
4.308266740342377332e+00
1.121332412655440702e+00
3.651282610521636940e+00
1.213010845268789772e+00
2.646659780259192463e+00
1.764519748685011713e+00
1.153449428113268782e+00
3.393053053400815866e+00
1.873854161413413877e+00
2.111132694457548975e-01
3.077248967643058108e+00
1.383241303319480808e+00
9.777454912355897365e-01
1.896147690166850364e+00
4.134127014772298381e+00
2.951203975310017658e+00
1.389457663951125799e+00
1.769022886688521146e+00
3.354285356079018676e+00
9.691795101820982472e-01
2.893397378577895473e+00
1.873206097941107817e+00
1.873897692982035457e+00
1.778936852492136511e+00
1.024844717828974350e+00
1.649017016217370735e+00
3.268868369333832291e+00
2.053569412637211489e+00
1.462627786807809471e+00
5.818789594065293613e+00
1.088616641414967390e+00
1.620979948102112767e+00
2.320324480327582428e+00
2.933377372567790964e+00
5.997361572711614741e+00
1.488268468938281019e+00
3.221367035894169728e+00
1.576608481802954209e+00
2.727750744084294521e+00
3.956370972734342129e+00
3.380929093407754937e+00
1.772334398522311893e+00
2.673683573571363770e+00
1.520436469224385911e+00
2.393775411169822398e+00
6.128223073167506918e+00
1.372075245504139618e+00
1.275402140982387023e+00
3.373080428390542895e+00
6.451786536696495489e-01
1.728633781595992680e+00
7.460333454389804775e-01
1.277061477651187271e+00
1.179390534298838000e+00
4.834966054076483388e+00
2.709715998121996261e+00
5.611806353805945946e-01
2.186426918126235019e+00
5.689328873377166751e+00
3.617400722505347943e+00
1.204769358588631434e+00
4.835714309424212765e+00
8.276071744591294577e-01
1.494934455566992781e+00
4.632562448802834409e-01
5.266435205375228357e+00
4.579767796092749421e+00
2.706763446799345996e+00
1.798820907468780428e+00
1.564364925629240011e+00
2.916991043866652866e+00
1.431270456888761533e+00
6.123690788531768181e-01
4.300386803801025337e+00
2.927978508273118230e+00
5.793384750336445954e+00
1.474111310389168095e+00
4.449851129286875207e+00
2.289479474047463992e+00
4.608307931104053345e+00
2.207488569408690537e+00
9.457220576242126864e-01
2.243505171695821865e+00
3.824432844016631416e-01
3.176966085599778555e+00
2.624529196364531192e+00
3.337671755560536191e+00
5.199289403240521246e+00
1.603023531446150063e+00
1.241951435723538832e+00
7.609605274455569779e-01
4.899258041725687463e+00
1.054170585705816787e+00
5.160274768950963598e+00
2.412099410612172257e+00
5.255180602440010063e+00
3.676364184434527616e+00
3.960527782591342749e+00
4.079187771632905579e-01
2.654122790484676919e+00
3.132492380911364283e+00
2.931845140063788158e+00
1.922330017608694375e+00
1.998393574652126192e+00
4.198308901541187299e-01
1.161446512814447329e+00
1.185083077522463890e+00
1.879144855872485254e+00
1.513275088312891148e+00
4.750665665932498172e+00
3.011748753154277036e+00
1.598746242229146075e+00
7.826756721564203101e-01
5.494558652033478374e+00
4.202902657362565186e+00
9.955546398543665410e-01
2.993914800427390333e+00
2.618876896004400656e+00
5.202116622614227026e+00
1.932146573702397951e+00
1.904527896978065904e+00
5.326368997351517365e+00
1.987738699290809707e+00
3.196694092946429366e-01
3.075675014896778858e+00
3.095694035551507461e+00
3.885078634310893175e+00
1.210961096850974306e+00
4.636686643126814111e+00
3.959490837450410528e+00
1.896897736230666931e+00
2.877222970590996631e+00
3.780416703771484421e+00
2.659260614315982263e+00
1.488534977489690769e+00
1.943920370183807700e+00
1.612644813711998193e+00
1.468708880227030500e+00
1.086381924800773557e+00
2.773622452191031762e+00
3.653602826720562913e+00
6.040158506619563994e-01
4.978042859400897413e+00
4.628037997066186016e+00
2.066125165616948145e+00
4.435679701277674525e+00
3.037454491566381254e+00
2.140154856529814520e+00
1.277741907583505698e+00
1.422344711326126943e+00
2.784573838911489130e+00
2.163783163795148567e+00
3.850838652694045461e+00
6.949722240712969068e+00
4.993681758017848971e+00
1.780224703402691233e+00
5.907343170733780013e+00
2.105156569694606183e+00
1.980672333003125285e+00
9.123636497716898219e-01
1.398662677471408378e+00
4.115301719516061496e+00
4.861310447434680881e+00
3.143582509366749544e+00
7.520882306132661288e-01
1.976645074194103291e+00
3.419555992177804593e-01
5.180651533831607480e+00
2.577379509927998580e+00
6.168666743973557631e-01
2.268661996972429762e+00
3.502111035976091191e+00
4.472569834446509796e-01
2.450310551854844920e+00
2.743144043730596504e+00
1.837609583061427188e+00
4.336106682465112883e+00
2.352679325675282485e+00
3.710691833567378861e+00
1.270090506884516079e+00
1.286107224458995502e+00
6.495852982788066221e-01
3.119905981874067979e+00
2.787782322136675095e+00
7.450028410856388561e-01
1.053296036806840030e+00
5.913191910005084040e+00
5.010613018105762428e+00
1.838350060056832103e+00
2.459251873404254329e+00
3.994721661051835238e+00
1.272795310606658514e+00
1.361682640798876021e+00
6.637316712410800124e-01
2.172189254767497246e+00
8.190902375650745970e-01
1.534654736952766774e+00
2.033540410895625428e+00
1.868457476250606319e+00
1.839720140160753692e+00
3.108587516823834718e-01
1.010196822659248372e+00
1.550194102702442178e+00
5.043722367150803798e+00
4.603158689989364838e+00
8.577798685854656213e-01
7.829375492087734534e-01
1.601755700211944689e+00
2.931091199261255387e+00
7.665901500247007672e-01
1.792605338979931684e+00
3.433829754297336390e+00
5.460124463510103610e+00
4.789020783828609851e+00
2.605801957986775719e+00
1.661616827883179770e+00
1.272483129718837702e+00
1.436508788266464665e+00
1.236575001424084386e+00
6.270995409361096229e+00
6.089240175611086991e-01
2.042709162645275356e+00
3.605107333917927370e+00
6.916122306899366023e+00
1.872400990230091322e+00
1.984235722607020636e+00
2.286315074365235400e+00
4.606819768919662827e+00
4.506371447869621960e+00
2.283488376438033818e+00
1.833918711072850538e+00
4.946624057934714713e+00
5.576832586993250018e+00
5.457532162371898643e+00
1.917842256615057250e+00
4.267096247838219725e+00
1.367075977831281097e+00
2.278000175856645271e+00
4.633528656565447434e+00
3.848858528029605708e+00
7.594936548713220326e-01
1.700039279919722812e+00
2.595667156108195428e+00
1.320165244498775925e+00
1.601868387515069880e+00
2.122712581389669229e+00
2.273917938219152113e+00
1.442871691230192432e+00
7.266568965690529680e-01
4.918220480486720447e+00
3.482830396377152304e+00
3.678748539644216997e+00
1.509403299634496598e+00
6.540701560001837001e-01
2.385950508639627543e+00
1.920862138784916739e+00
1.307660427880357412e+00
4.744581359699402867e+00
1.254756532464996299e+00
9.874444382767296746e-01
4.373204469049310816e+00
7.440687568752351488e+00
1.447482471980563457e+00
2.248451042513751386e+00
1.682719279237005816e+00
4.689557266803177082e-01
3.627143935455261925e+00
9.815786261395470502e-01
2.965829899338171316e+00
5.735021432872897229e+00
5.134719662109773708e+00
4.129060102480529793e+00
5.122376010637416321e+00
1.645456385601202498e-01
8.587467826081235378e-01
2.285334710738883057e+00
3.707515927727089711e+00
1.388045976956034933e+00
4.975144043403652461e+00
8.028053373241282875e-01
3.356920089353739201e+00
5.323561310940126745e+00
5.064215826628726269e+00
2.082444311065569043e+00
2.213733189804231394e+00
4.036426516380539731e+00
5.686504976184015625e+00
9.298362212086869194e-01
3.674164154389272685e+00
6.227859717477540968e+00
6.434233155754950362e-01
1.884491451684816132e+00
2.743189939067216088e+00
1.320725112791215405e+00
1.844051132018176276e+00
1.651678219115090052e+00
1.495450523487169781e+00
4.102938218140973703e+00
3.779371121792590493e+00
7.482094775036713941e+00
1.643023070757112514e+00
1.605180360719672850e+00
1.254960173624804609e+00
6.478741248250105222e+00
5.125692791086773337e-01
1.384647889832494982e+00
2.462813379871544583e+00
2.897639637834684478e+00
7.264592506503169123e-01
4.109209526406976565e+00
3.729071771235055177e+00
3.126163916546880639e+00
1.634678708187611962e+00
2.800357617460037307e+00
3.221452104256053328e+00
3.990074049922059718e+00
2.201000383583726183e+00
2.213160410501133324e+00
4.807402581757128646e-01
3.597889696862747400e+00
2.801078568457743945e+00
5.239572583953061802e+00
2.429061541034121419e+00
1.204912044307432595e+00
5.364714670998862012e+00
1.571038798851275509e+00
4.782980075871797965e+00
2.807019928043169354e+00
1.830124761922569787e+00
9.912070832182187097e-01
1.987043637275196950e+00
4.658145557066105447e+00
3.602028082542268361e+00
3.427167514857107911e+00
1.180654667380867773e+00
1.671655069416442929e+00
3.817284999558833380e+00
6.018648164131181311e+00
2.210652949614897889e+00
3.764884674324892266e+00
2.323404077329257245e+00
1.414127300121201136e+00
2.804452690159013883e+00
1.315480484636110114e+00
5.140706940495623378e+00
1.148894463656639831e+00
2.268846623630209614e+00
2.326970310136565079e+00
1.783868245484964810e+00
1.205046605450340591e+00
1.032799159002601552e+00
5.568144990353059987e-01
1.387855025582499957e+00
1.326678977524366143e+00
2.565438369938684016e+00
2.486466875380936692e+00
1.853510202681248664e+00
1.338615751951571342e+00
3.491842489688644857e+00
2.760588642027980377e+00
2.076116044041574238e+00
5.465373013135000235e+00
1.796641866242551844e+00
3.228112948022657136e+00
1.757380759176216722e+00
3.531453532686165353e+00
7.749900521935344067e+00
3.150275092980481695e+00
4.229828170311384028e+00
5.700860226419650623e+00
2.077259619336862873e+00
1.902197592455303177e+00
6.830824584965271562e-01
1.023239074593503162e+00
1.294220848862346784e+00
2.954537675499866900e+00
1.758507796926756628e+00
2.077167477317316990e+00
3.286235765668744424e+00
1.660638988470111821e+00
2.227661024072356888e+00
7.457155895469860241e+00
3.587687641674751404e+00
1.180356808276406877e+00
6.151031269499017684e-01
6.309185776428307690e-01
2.942089652536987732e+00
1.276344750484508017e+00
1.089289306921522149e+00
2.274760593499185468e+00
4.987406756138633157e-01
2.011039755106573512e+00
8.715022594027763692e-01
2.541004541224620716e+00
4.678837205810594924e+00
1.364843871824265475e+00
2.165422304377294882e+00
3.503801046526792362e+00
1.621514914526284823e+00
8.298138809648105685e-01
5.946163523547453034e-01
1.277734792014459941e+00
1.927917274904838552e+00
2.312945741157106383e+00
3.644796715365330453e+00
5.950360740139814197e+00
4.298038775239147569e+00
1.019668496272967184e+00
2.716948551577509807e+00
3.860788348101747425e-01
4.544913625811441982e+00
1.130940693100776606e+00
1.159619212522121190e+00
2.425966383637206292e+00
1.519944053349097768e+00
1.413765395464114061e+00
5.225300950269902156e-01
4.829879560434002350e+00
2.701478534097479844e+00
3.124766484579579728e+00
1.545848760384983533e+00
1.726565748513667176e+00
2.245462868796898714e+00
7.255171938582801738e-01
1.975722737917203320e+00
1.930760570569097778e+00
1.080322776505738158e+00
1.240325695272254114e+00
1.588029642570473410e+00
5.655611373909609441e+00
3.001685250200937904e+00
2.255193447187543665e+00
1.317996857902678398e+00
1.754841244329178762e+00
4.483667179665185465e+00
2.865402442823636431e+00
1.961627477298782729e+00
1.754385961295968688e+00
8.002842205670894771e-01
2.590969920936060600e+00
2.360991229178626138e+00
1.956381944093265046e+00
2.418470415466476009e+00
3.862851061579331446e+00
1.238261948506324650e+00
2.522245001987248880e+00
2.020305517582301924e+00
5.520621482982432937e+00
1.426965758366428139e+00
2.604924792980653603e+00
5.546395599900758588e-01
4.062351842322708961e+00
9.393912193638834784e-01
2.605863459018357142e-01
4.513317181309639992e+00
6.636950153212912706e-01
2.106390315095124421e+00
1.252787566766231153e+00
1.389864792886537748e+00
2.344202697861819562e+00
9.847635185310438244e-01
8.246173711475451862e-01
8.885206168850245945e-01
5.144616215958004446e+00
3.685604275394288809e+00
2.512701449095329220e+00
2.234713256347287569e+00
6.758578996971838393e+00
1.657646149055139739e+00
5.576818565044013853e-01
1.015544549594129320e+00
2.624078344362547721e+00
1.442584714799361123e+00
1.488093441438537390e+00
8.821185566371013698e-01
1.813545924177998314e+00
1.556893007161206599e+00
9.931485208174090085e-01
1.571800316296736000e+00
1.887984000466604639e+00
2.411345091498483750e+00
3.820715876726437088e+00
4.855163729857994603e+00
2.285634202626915190e+00
3.116921207599963495e+00
1.505932602546254495e+00
1.049992372096015592e+00
2.565046028420638891e+00
1.706959628864562983e+00
6.928258960722287751e-01
6.245812795463707712e-01
2.114073415235772302e+00
2.943010368829331203e+00
4.382081529210613446e+00
7.499089835798294246e+00
1.172888583735866713e-01
4.246945167926441833e+00
6.802067359722556716e-01
5.089378300907889674e+00
4.003869311772420225e+00
6.413336473775417268e+00
3.721612692584296944e+00
3.938987385533046393e+00
5.244251218241026358e+00
7.725952673523113212e-01
5.099266321854750039e+00
6.665792769436339471e-01
5.824441983733478212e-01
3.406585490423286622e+00
1.205321960953837701e+00
3.907465107095672074e+00
2.578067426316577926e+00
3.098032329226243053e+00
8.525614627117402700e-01
6.193829718630802894e+00
3.272598525043986406e+00
1.101836829203492574e+00
3.079018103439257636e+00
1.472260155600953579e+00
5.818499997202245533e-01
5.516048671455394015e+00
4.111827837721603984e+00
1.046810568609823022e+00
2.620401992361475418e+00
1.925867665996063183e+00
4.304060649905845359e+00
1.250870322624685782e+00
4.606727230127514172e-01
4.665947816596643705e+00
2.445166997608594794e+00
4.485061882647034537e+00
4.769131947369343316e-01
1.868280099084074664e+00
1.380750627925613649e+00
2.284665444303386472e+00
5.811886863227430311e+00
5.477201514385142467e+00
1.988018653655687640e+00
3.571556214042123756e+00
1.237426873309041220e+00
1.596139677043931338e+00
1.950971487217477707e+00
4.432910836008140398e-01
2.031120449195107813e+00
1.369125045379592009e+00
3.119763913016653678e+00
5.625521619312691790e+00
2.596560080790174752e+00
4.088469283309386526e+00
4.455524329633531178e-01
2.653923769743065098e+00
3.278734969371898789e+00
1.056597464815304699e+00
1.523304531310903043e+00
1.649206808727851525e+00
1.092908750523270855e+00
2.878164114728670731e-01
2.443150819570710119e+00
3.136977573550345344e+00
2.273983736772126285e+00
5.143071976686170999e-01
1.329901170950954947e+00
2.772861022281348231e-01
3.056286132659679078e-01
1.059334408706289476e+00
9.021926009271569180e-01
3.759834175557908775e+00
4.181327724141111091e+00
3.241306137933385734e-01
2.622051706885557998e+00
9.042246289412345206e+00
4.999069224619042018e+00
1.958156719553312719e+00
1.388818020534192010e+00
9.019143563472514780e-01
2.609973763666975533e+00
5.195990432325161557e+00
1.931190401520967326e+00
6.354412183174918960e-01
3.301805885302807386e+00
1.500343076628258165e+00
3.136543663100720192e+00
4.031555389123237632e+00
3.727307160460723079e+00
1.503205693370660123e+00
1.164858922306731825e+00
3.384983926508119634e+00
2.000091402261009677e+00
1.687613492301609730e+00
2.020520580837284363e+00
1.322448146495529553e+00
1.566716517358565097e+00
4.125154269593473089e+00
4.223597423395737849e+00
1.088736983345034881e+00
9.670370393466020120e-01
1.423145672865776534e+00
3.384490910841070566e+00
4.116309419928641411e+00
1.197741736558703973e+00
2.376251984950322971e+00
2.297574107214946704e+00
1.800729304849882473e+00
1.177515086488225560e+00
5.415788483964552036e+00
2.432194137604692497e+00
2.696663010906378499e+00
1.921111469897742730e+00
1.659784329786185841e+00
4.949554658004643670e+00
1.041737383159832664e+00
3.981136658869703471e+00
3.129546055230915780e+00
4.552316350594773020e+00
4.076085497782192313e+00
5.278075925759004861e+00
2.720851047523912491e+00
6.269260983041727187e+00
1.609524858035402683e+00
1.895097473076290839e+00
2.448557907339457440e+00
4.933887942087501699e+00
2.646473273741837939e+00
2.717761630275493445e+00
2.311167960516308018e+00
1.750319276905919930e+00
8.354564475404773205e+00
4.083607610724921955e+00
7.676697401612440075e+00
1.667881879057786509e+00
5.532550556000119801e-01
7.806526509897131483e+00
8.914644320762045382e+00
5.629948234163370202e+00
1.811827434953512173e+00
2.250986372362848265e+00
1.853053682720626316e+00
1.251958021607787686e+00
1.595402651798415672e+00
3.780213241449831951e+00
4.676457903440646824e+00
7.417270195428382618e-01
2.399637078098269427e+00
2.487534603360659347e+00
1.527264259476418529e+00
4.230681952171109650e+00
4.391629724391673761e+00
7.851875114431324798e-01
7.927057907982750784e-01
2.032813760536524850e+00
6.645480528110038421e+00
6.222536129176911013e-01
1.599858785255736215e+00
3.132380404251948747e+00
2.175096722721697517e+00
1.777943020679107144e+00
7.592306741431403827e-01
2.090291461782616711e+00
3.873702857402317790e+00
3.176113703168703672e+00
1.066649618526793075e+00
1.319098869896273563e+00
1.438090355993479008e+00
8.852874358592567328e-01
2.523266942242496924e+00
2.099186596216896739e+00
3.367007934657752166e+00
1.513358246529001194e+00
1.720440196824033929e+00
1.122628561829302596e+00
9.191968638670586778e-01
5.183406323454929243e+00
1.590946520359980632e+00
4.485957623588658905e+00
1.405834341380062247e+00
1.964566301057484310e+00
3.338481203910703687e+00
2.002847062387867805e+00
6.943936551063729645e-01
7.544249586607214564e-01
5.816456572513034828e+00
3.829764386504851181e+00
1.010097139828492141e+00
2.134972953876053126e+00
4.303967273756070355e+00
1.770897493640543940e+00
1.587245762397668347e+00
1.698976390262946223e+00
4.293665240540591732e+00
5.152434219793979864e+00
1.102519912415835135e+00
5.550791732725942396e+00
2.857322786216525579e+00
6.316248381751030649e+00
1.139121088809863291e+00
1.222638032122955520e+00
8.958727443087054487e-01
2.220451199051705959e+00
4.135632465459812224e+00
2.268848569644770663e+00
1.748550150598936259e+00
6.977390170730428665e-01
9.226187171308610768e-01
1.166617501574453764e+00
2.227584182336871166e+00
4.799382084792243042e+00
1.841952178967646958e+00
2.877844687035154614e+00
1.252371884765166365e+00
2.163756009216935006e+00
6.664160105440299908e+00
9.116449563922509602e-01
1.725588182456982089e+00
7.487084618448015538e-01
1.461377322661399303e+00
3.783084304037432233e+00
4.411306861795836198e+00
3.110115576004169213e+00
9.333529844271708509e-01
3.215790996089124665e+00
8.420757425026902609e+00
2.631417277479683126e+00
1.351652109935931101e+00
1.741693549298944044e+00
5.671821225923664223e+00
2.063345399238817990e+00
1.191483828345708762e+00
3.863020198251256421e+00
1.094760630888923947e+00
5.249520856856555895e+00
3.043691446288727231e+00
1.787710730179607133e+00
1.459553978258403717e+00
4.336718908151238949e+00
2.375885610620566357e+00
2.334471293592728092e+00
1.673932770678375759e+00
1.870371646154689982e+00
1.678661800036178375e+00
1.803730873165842796e+00
1.315813887092951218e+00
2.453671113863554964e+00
2.065032570181825289e+00
2.337714367468506804e+00
1.693510425292538146e+00
1.422895893125723843e+00
2.108032244280408474e+00
5.808715551175471781e-01
1.344095918278375601e+00
3.408945043713335621e-01
3.238422925580098255e+00
6.318954686099570450e-01
1.482067157317380479e+00
2.075280702672585686e+00
2.668385091034916723e+00
1.335697251354456938e+00
3.304860254075540293e+00
1.793463127929576739e+00
5.147458255387438175e-01
2.547980138936827288e+00
1.363187026315334727e+00
5.117324632162677744e+00
3.392225895238219824e+00
4.904612517258703619e+00
3.614494093629662341e+00
3.975004220350478956e+00
2.337877034740102111e+00
3.399486763267946188e+00
1.962178705950089252e+00
4.548062490281489012e+00
1.296062417458926364e+00
5.838528098342882444e+00
5.605937557263160009e+00
5.705278670394100526e-01
1.276087085479113759e+00
7.828671703987025943e+00
2.196778181478033609e+00
3.115174378142296252e+00
3.195750308640723958e+00
1.308425760014979566e+00
3.323541350060020605e+00
1.988171790191532562e+00
1.217120035155711655e+00
3.708339710548612667e-01
1.897537351484004153e+00
1.587323519986671982e+00
6.129616865855471275e+00
2.302805130451949900e+00
6.606841907172853468e-01
2.411039964886930065e+00
1.997323502771250148e+00
2.499030624185075489e+00
3.885675399249093331e+00
1.044286367667353277e+00
4.503606627213526892e+00
2.887421542842418365e+00
6.638978276946712054e-01
5.203630914503321492e+00
4.944408463607580906e+00
1.457338844248938781e+00
1.519678375628443767e+00
2.159037687351661905e+00
1.053642772034469433e+00
4.642209761402282808e+00
1.375283401164549169e+00
1.494298301031183884e+00
2.573279235110972341e+00
7.450167996053601582e-01
6.369279161588129456e-01
1.062358245355708553e+00
4.800887595267739449e+00
5.787392279522164173e+00
2.708291200631359086e+00
1.236624310422490547e+00
4.552476390947589380e+00
1.253589740123788987e+00
1.842823833216791662e+00
3.434940276407709270e+00
4.348503137220907533e+00
3.180921398423732338e+00
1.072277946657725023e+00
1.846977998903180707e+00
3.837237826337424274e+00
6.319068285377141159e+00
2.430519068201746791e+00
1.048918138812035217e+00
4.120415795139694026e+00
4.982606306212410630e+00
1.564971220210616076e+00
3.599132639115527610e+00
5.479189801934021276e+00
2.609343132361058082e+00
6.860895648775393596e-01
4.302474585871451040e+00
1.692758656203363632e+00
3.542090429973261401e+00
2.047921342082117846e+00
2.220787043784522741e+00
2.734810008144606286e+00
6.615034121593111216e+00
1.591802352940300924e+00
4.218462866749410622e+00
1.306335469511967107e+00
3.171601673048706882e+00
2.045301511931086669e+00
5.461145792050486669e+00
5.020092878763481536e+00
2.255508221913611333e+00
2.643220184514487148e+00
3.693156654441094311e+00
2.344818828825113055e+00
2.097460828316876302e+00
1.271525579558890229e+00
5.393505918393806109e-01
8.126465958007308421e-01
3.345224889727807849e+00
3.488767039775901413e+00
2.686967000706804942e+00
1.339198948774702913e+00
1.904660475986026391e+00
9.049432392774883205e-01
7.565800070857159554e+00
5.850139478342431865e+00
5.780280892227108502e+00
6.589132185494552818e-01
9.939645908801519880e-01
3.305961816009892029e+00
2.743094945214634706e+00
2.794223357725099000e+00
6.689515332927129521e-01
3.338316247861072394e+00
6.092903788497936901e+00
2.721548888347198325e+00
2.624389378736806666e+00
6.298959776030705449e+00
5.558537064213242118e+00
4.239505651357801774e+00
4.678368645623375066e+00
3.735868437872626568e+00
2.625966163405483833e+00
1.359342731437008345e+00
1.742396818377210277e+00
2.228678338291845140e+00
2.032188090392091695e+00
4.769211022633895958e+00
1.522922256103529381e+00
5.380069876353320568e-01
4.072784885069133942e+00
1.578457207860904710e+00
1.167947877578360050e+00
3.719898248458907375e+00
1.487302209412116882e+00
2.015136991166327718e+00
1.805233504531121858e+00
2.255224419215496212e+00
5.052668309886079179e-01
3.723855165690223235e+00
7.080739702307430328e+00
7.357347418947914885e-01
1.877390046001417900e+00
5.231438033713850189e+00
1.260086530506056901e+00
1.691524306196368066e+00
1.113373932531556143e+00
2.062986283198426474e+00
1.109241305841547565e+00
2.045966516626620102e+00
9.240431152801962256e-01
7.915555003444272764e+00
8.895059648075536174e-01
3.328296184909997013e+00
5.158514130701670197e+00
5.239197688876107151e+00
5.088917570976601468e+00
3.316992986995056292e+00
2.527413459293994968e+00
1.601619300875751772e+00
1.964999928869769263e+00
3.338976851440001781e+00
7.730333811378893305e-01
1.080137764201405171e+00
9.466197885920184518e-01
5.151134581078575359e+00
4.233256696726098056e+00
1.365003202013909789e+00
5.117308534952801580e+00
1.082974954976896997e+00
1.806104691624868419e+00
3.468796536909856343e+00
4.736088159805158071e+00
8.077569568497131591e-01
3.597693686950829139e+00
1.217907507370660225e+00
3.449934665955430191e+00
1.871068727574476620e+00
1.411103993921097643e+00
3.226268066174559301e+00
8.331395690044509639e-01
9.506506772333078725e-01
4.853049328117747585e+00
1.893787193863790685e+00
2.647750730877956649e+00
1.234998652961458276e+00
1.591700680487256658e+00
1.441686941579087611e+00
2.170505969969870996e+00
1.589772114581968765e+00
3.125707290028521879e+00
2.896637726966982962e-01
4.506567796361841793e+00
1.380778182826626788e+00
2.230247527654940054e+00
4.299986471818247225e+00
6.274094453419642115e+00
7.822709823140636676e-01
1.416181992105093812e+01
7.805759233354016002e-01
2.630196767744211073e+00
7.069160201559232526e-01
2.133711275747318226e+00
3.478015017289317168e+00
2.298935420771205940e-01
1.173919932660978382e+00
8.191733416549693558e+00
2.757802713502646164e+00
1.666799891032178182e+00
1.315667746605388544e+00
3.787447017480822353e+00
1.808939114355105238e+00
4.463875207939308254e+00
2.939310375546572374e+00
1.627320230747098639e+00
7.864738094816496883e+00
3.686770753161435099e+00
1.726556219789953772e+00
4.935324331401042208e+00
4.814969799726871003e+00
2.692026139965383091e+00
7.101372379873658325e+00
2.569145999548454906e+00
5.490408711104024952e+00
9.865984879641710448e-01
4.780722180446457692e+00
1.702415453193187322e-01
1.294622016143224030e+00
2.591050652828840839e+00
3.195967233967459187e+00
5.315571201375684396e+00
1.768866623224830459e+00
4.208144924114371577e+00
9.706096550626639452e-01
1.149874327203755264e+00
3.498919219900386568e-01
1.444176601951178363e+00
1.949304672972306918e+00
2.981966251174144489e+00
2.993859750927975849e+00
3.539375080601156132e+00
1.802717596773411923e+00
2.969565655494740941e+00
1.522160784845309811e+00
2.418776193397440100e+00
2.081429284459395568e+00
3.368233316130219368e+00
5.259487669939680643e+00
2.061991999146126631e+00
1.657706744472157601e+00
4.777186348917448200e+00
3.662760279919536899e+00
2.901474031187257219e-01
1.808128632719580686e+00
6.877652613492579725e+00
1.431763465579774408e+00
1.741188429503051527e+00
4.036504824329791852e+00
2.438928149895105424e+00
2.112794405299982969e+00
3.597753767793992807e+00
1.643603447264309070e+00
4.287419709680534652e+00
1.135091993808567290e+00
9.384437080245293661e-01
3.280861932656649493e+00
1.926913924313520043e+00
3.971141392611129639e+00
1.333532180193409911e+00
1.310701186294393583e+00
2.696337191946052148e+00
4.317741437390771320e-01
3.271673307618713888e+00
4.360971999129423793e+00
6.639802871070180634e-01
2.007310516201674222e+00
2.721133158403000518e+00
1.699111231511627906e+00
5.180034001507066721e-01
3.659541663514191523e+00
1.825934399738671443e+00
2.947354617507787822e+00
3.364556550545808822e+00
1.369913830940289734e-01
3.059748600878744895e+00
2.668648056874072694e+00
3.381246378030013489e+00
4.700874745781717934e+00
3.627453446917473290e+00
6.139414712997423029e-01
5.580384058274194814e+00
1.476402737888938832e+00
1.357730132661776334e+00
6.200412190902973020e-01
6.934822729184455525e-01
6.320211432648908945e-01
4.960492804329194705e+00
5.214198598672409979e+00
2.070672272834070515e+00
1.726732453959454183e+00
2.091024552536755454e+00
2.582060423753904654e+00
4.886774687742263090e+00
1.463180027775257130e+00
2.856246906932963903e+00
1.915145770161283956e+00
1.617387225285878305e+00
2.317581711765432040e+00
2.453224316774418767e+00
2.219556895437536870e+00
1.254566858214984260e+00
5.124892970792904734e+00
1.434669817531713187e+00
2.234109997901974509e+00
3.868883960141984435e+00
5.355862705309573535e+00
4.961694928926505987e+00
2.773178541708800626e+00
4.678061197909379465e-01
3.099444564269967728e+00
3.870527538767196241e+00
1.374442600113546797e+00
4.168436381488785258e+00
3.037761848795741404e+00
3.037564467267213519e+00
4.460999844252169666e+00
1.560436641340633868e+00
3.614366052034805321e+00
4.975358858290468866e+00
5.875491783615474084e+00
5.352648968843144450e-01
1.132619956068553257e+00
1.926988748003815699e+00
1.697625710454681025e+00
9.844769629194318750e-01
1.345655505540488850e+00
2.953069186415677283e+00
4.456093776508470938e+00
7.542001752588195496e-01
3.116935537943051671e+00
4.123700870704591459e+00
3.198692148403361912e+00
4.837818003861192651e+00
4.543077915797073985e+00
9.481319787893014439e-01
4.239074274734524472e+00
1.675121509121211050e+00
5.874135626302582125e+00
4.640899290758930817e+00
3.826581376471058782e+00
4.667626924043371872e+00
2.452436336381243809e+00
1.139160372060073145e+00
8.244807108542936191e+00
3.308704711932005438e+00
2.339094218682012283e+00
2.874679820480278813e+00
2.195445891946363304e+00
9.118724429666004161e-01
5.897450616709801752e-01
1.858633867457137434e+00
4.223057638618527676e+00
1.824474257226920360e+00
1.453641951964697698e+00
1.576347478346854514e+00
5.591630980422140240e+00
1.171770838605413978e+00
1.859617398547715128e+00
1.448312912031358701e+00
1.467207909870264171e+00
2.498672488275786918e+00
2.576587705945867501e+00
2.571477613829450615e+00
1.297890298833642708e+00
1.625736668970486631e+00
3.737798808859392086e+00
5.984346656161414479e+00
5.948447220699227600e+00
2.637001926757913228e+00
4.657176817533570379e+00
4.152143498869183880e+00
3.544263008674847448e+00
6.230290783122450549e+00
4.419840814854931743e+00
4.701890024421911285e+00
3.758929889896557963e+00
1.796093021111641486e+00
5.202492553385854590e-01
4.721692610594403483e+00
2.458964978109332122e+00
1.134792997617510180e+00
1.475429127775712113e+00
1.655911341533094161e+00
5.006200483819232439e+00
5.611844955496491094e-01
9.762935083918226065e-01
1.007473776916559816e+00
6.384332216399012161e+00
3.451508569924256253e+00
1.697776100886126294e+00
5.332155432629750003e+00
9.267332808696038260e-01
8.791725241509381616e-01
1.014180671386680332e+00
6.455844931890830196e+00
1.377843148826654485e+00
2.245993900082249528e+00
4.705805321578106160e+00
2.354764502044283780e+00
4.911178133778792976e+00
2.152632631624220139e+00
2.267691392110142257e+00
1.539983682008814192e+00
2.587012807704849759e+00
5.279018725328525008e+00
4.270713562900941618e+00
3.602521758176989497e+00
4.295873916339688847e+00
3.578841592690721551e+00
3.741262118152854921e+00
1.033666535989453683e+00
1.526443185192101426e+00
4.835817432254962411e-01
4.598278382104917794e-01
3.738774753281771890e+00
4.244804741412045779e+00
2.024879896275111779e+00
4.449489213426195966e-01
1.731288068169357430e+00
3.804639485181249281e+00
2.588334959571890526e+00
3.889443885723763206e+00
8.776088713617457016e-01
8.548910339316877494e-01
1.610499423417194320e+00
1.205416912370264271e+00
5.284037369399204875e-01
2.470850703299540374e+00
6.376285504056910192e+00
3.854176554495900575e+00
3.734289368039946377e-01
4.495982147796699024e+00
1.779527816337924895e+00
2.100566389773571352e+00
2.026515504224474462e+00
1.875501088223397783e+00
1.804879891989120466e+00
2.958297115124718601e+00
2.749375458612240752e+00
3.381345625675312938e+00
1.135588943975194054e+00
2.291687138268293733e+00
2.438838750880320649e+00
4.154318464571067793e+00
1.556911959441628523e+00
4.732792321282775383e+00
1.317001744299140187e+00
2.948392316011370973e+00
4.408096872382392561e+00
4.208910618634527978e+00
5.420752012461822922e+00
6.355283246993590041e+00
2.669282097684211763e+00
3.472767015363324994e+00
5.876146216254938270e-01
2.437904451215193724e+00
1.528951027685609310e+00
1.540696465291981454e+00
2.685494532810466684e+00
3.935891260135884195e+00
2.001631118234028506e+00
2.217962552805329945e+00
2.354566987783001331e+00
2.875293890879596415e+00
2.987680876509330563e+00
2.139623105053026553e+00
2.672866945651861226e+00
3.009854506361452131e+00
4.375183252540398193e+00
7.377724569366694851e-01
1.284251040486018791e+00
1.666226937565270738e+00
2.201603449518618749e+00
4.402397531619551607e+00
1.412206827589966629e+00
2.166685800799503347e+00
4.109333311384737897e+00
7.004063722468218067e+00
1.715927093580962071e+00
1.736298230038537005e+00
4.440939201259347158e+00
4.987929209691002619e+00
4.083346123988916609e+00
1.032352151422592845e+00
3.728614786198261921e+00
2.514775392431618961e+00
3.197478850692569541e+00
4.636345499624249022e+00
4.153300072985733671e+00
2.581224169153419012e+00
5.906826274757161599e+00
2.846171451455500878e-01
3.786750771507028546e+00
1.593819922340866446e+00
2.057706780390220924e+00
2.553107426699412041e+00
8.282849189874033069e-01
1.030412875718823118e+00
2.423450288736562097e+00
2.284498043096132136e+00
1.794027746484219143e+00
2.891506598180459964e+00
2.625717612186482697e+00
7.483089399573994882e+00
4.850722600728972544e+00
2.840234167223658623e+00
2.742630579015901127e+00
1.743404269547254692e+00
2.123134940370190460e+00
1.949578078697254746e+00
1.710880880655198721e+00
4.280614974694276320e+00
1.923703845511145039e+00
1.223666394499128840e+00
2.426740236086141866e+00
4.883828268619087254e+00
3.158672651564248479e+00
5.638146727290767934e+00
3.697332741422527214e+00
2.279143641842823698e+00
2.478741842268832318e+00
5.231556059963096139e+00
4.735807513103179822e+00
4.975455933284969490e+00
9.695968051003795996e-01
4.447810471036263147e-01
2.478762552628291260e+00
1.471252737153995183e+00
1.000307208294570538e+00
1.622251994770754546e+00
2.712810191162862594e+00
1.166787860368095897e+00
3.151598680912318651e-01
1.141316338410814479e+00
1.623623288534989939e+00
3.967834075556238460e+00
2.380680388582549600e+00
2.470330994852923290e+00
2.393470135858233316e+00
3.584384603138215830e+00
1.804167605285514897e+00
1.741221511236016983e+00
2.034370784203507032e+00
1.175917445878626788e+00
4.023818800895870851e+00
1.986745327681502138e+00
2.693230689917517573e+00
2.109038209458744095e+00
6.210495345433965753e+00
3.797650120880499358e+00
3.886142427638884733e+00
6.374653422985362639e+00
1.345218196637601560e+00
5.733340400358247990e+00
3.198073447951667703e+00
2.883764294418371676e+00
1.433637093739699608e+00
2.205558422209032088e+00
6.576491411107869833e-01
2.008717261613589766e+00
8.827244961715556837e-01
4.653922256173125938e+00
2.194368282488190491e+00
3.730710511683203112e+00
2.703260267852138021e+00
1.496716687374737953e+00
1.333755003209330603e+00
3.894643307619822803e+00
2.155092557524094232e+00
4.794383110363201972e+00
1.127443555155077215e+00
1.253877230877060489e+00
1.620462981041906003e+00
7.274061698350116068e-01
1.166204327129015894e+00
2.856202231252048751e+00
2.124586375189171150e+00
1.891783243285939164e+00
8.345704019095498971e-01
3.931199204701343763e+00
3.675908387126278765e+00
1.533357501577628845e+00
6.553703722620377370e+00
1.358067908624969622e+00
3.006113440010290461e+00
2.513677881763929367e+00
9.798938998748479845e-01
1.595163627551746455e+00
9.541711570071983450e-01
2.312102608765615575e+00
2.465300544911349867e+00
7.506571844641397595e-01
1.449742003835069237e+00
4.493364392390514439e+00
3.069103418287089546e+00
1.407828465428233811e+00
1.501107904672834170e+00
5.493179571584681398e+00
3.076352448014400220e+00
2.677110323066552056e+00
2.731292877915595607e+00
3.808053821889056945e+00
4.905457741668133309e+00
1.658847951368928264e+00
1.909536926487618747e+00
1.188277474896826558e+00
1.890499600192594221e+00
1.238835587714621322e+00
1.896000071489342131e+00
7.962228259874262193e-01
2.224367257724230829e+00
1.987053600409745879e+00
1.275992003271306796e+00
8.867129202465883209e-01
2.560107103372268433e+00
1.588358604210128089e+00
1.369557543728252558e+00
1.053600038364038260e+00
5.068037886669412018e-01
1.411441875817039726e+00
4.649744010642545611e+00
2.592626484540282217e+00
1.305870664520266455e+00
9.472465027899704682e-01
8.763428360060303568e-01
4.277266216143130073e+00
2.946327510316008258e+00
1.756782514827167851e+00
4.705141399897460275e+00
1.807483752166097135e+00
2.137967534398887093e+00
8.990064818841738692e-01
2.982097594487533865e-01
4.700692609955204659e+00
1.094383184114195995e+00
5.685731562617700519e+00
1.739882635834199220e+00
4.141085728575873759e+00
1.218595130898228796e+00
5.094566255080812844e+00
4.963425196257955641e+00
1.535482670978699060e+00
3.413046565408778488e+00
6.911665967479777573e-01
5.254312434563779277e+00
1.637408304997598485e+00
2.466373239461794320e+00
1.825835511256389321e+00
3.631030636560110381e+00
8.134782518069437751e-01
5.149416804678275561e+00
1.794098743577488442e+00
2.431974383860945110e+00
6.901578662679278331e+00
2.191165317385787237e+00
2.712688444002259835e+00
1.482317343938632126e+00
1.085154302988616593e+00
4.406344373575478812e+00
2.586619396544653338e+00
4.377242692721883266e+00
2.423529710549539029e+00
5.114669243535628906e-01
1.845995842542800025e+00
2.769945483796612873e+00
9.648421823958657217e-01
1.942496419703290567e+00
2.144878252625739723e+00
3.802257328488954258e+00
2.438457970059491942e+00
3.753377360471263913e-01
5.766119491180440093e+00
8.307050808579968804e-01
3.479049159565128946e+00
1.496173745898432550e+00
1.024919869833941233e+00
2.274584687499399571e+00
1.843852441818520704e+00
8.940363534692825631e-01
4.434675444707414371e+00
2.103100018727343645e+00
3.240137376834739236e+00
2.654433743746666075e+00
7.038090936738941927e+00
3.199248632255366154e+00
2.106537816074594893e+00
1.518241779322578644e+00
3.309046692116693666e+00
2.177050888851933319e+00
7.704505553714794397e-01
2.317575487615580077e+00
3.539100685741958685e+00
6.549656302703647626e+00
5.155007173833594969e+00
2.504059028683302213e+00
8.769988476143033562e-01
8.748124764999045677e-01
1.635334389772422070e-01
1.587446969156181664e+00
2.280648985743510604e+00
2.864464603299455625e+00
1.872060359989073053e+00
5.467467569837740626e+00
2.069957443532336239e+00
2.222571112414747141e+00
2.580853419793674330e+00
5.745669860921815975e-01
4.049467813161242269e+00
1.204224305437354481e+00
3.828633114172927954e+00
1.228083895005117387e+00
7.629108426107044316e+00
1.128721518121190037e+00
2.596810144502328388e+00
6.266628903230625269e+00
1.895070697937242254e+00
6.828513200217390278e+00
5.660429933477953313e+00
5.353214256902473878e+00
1.624843210774806312e+00
3.535211993716575130e+00
4.989944990147045623e+00
1.138650806271189975e+00
1.530096189277018182e+00
2.470745149969030496e+00
2.951012656560860759e+00
2.931006265586786341e+00
2.898939941376176499e+00
1.953034362901193477e+00
6.186122579190981519e+00
3.357003343731115308e-01
2.266586641256394863e+00
1.929742651833094902e+00
3.978315896811072783e+00
2.375992276399983005e+00
6.143488162828679044e+00
3.194025597303900010e+00
5.571117021651143197e+00
1.170266987130491820e+00
3.906198264656546293e+00
3.554102509140850241e+00
4.139198483617204438e+00
2.605132885242210872e+00
1.515496452048806342e+00
5.292310166877694400e+00
1.665970816275213595e+00
1.085711171670241670e+00
2.307213571998152912e-01
5.516418106165454915e+00
2.298053788944006137e-01
2.284043414802511496e+00
2.195329968788943376e+00
3.621258860748974406e+00
3.689217063088101156e+00
9.636094744993802808e-01
4.211832898628384392e+00
1.401627386387807261e+00
5.964775329784374414e+00
8.817734167177940785e-01
4.882981191682967292e+00
2.044660622830360985e+00
2.229482941259075091e+00
4.390884661744411055e+00
1.951715861613489089e+00
3.547637594412213602e+00
2.765356313602404192e+00
2.590523708146355020e+00
1.820817423066515062e+00
1.005888146639105418e+00
1.983744879529498073e+00
8.711549446788778850e-01
3.165136287484357158e+00
1.879323616094144223e+00
2.549634730792861514e+00
9.963127096621734458e-01
2.305392410440971762e+00
7.324459690765622311e-01
1.278199480402446797e+00
6.993475781737104047e-01
2.128928945875973255e+00
2.415205162107333603e+00
3.024159956639827507e-01
5.755453970884319759e+00
2.809212688335577024e+00
1.673667758946414619e+00
4.658229698344229064e+00
3.846112692854320780e+00
1.836610209009183370e+00
1.080485951535052003e+00
8.841091676180286019e-01
1.441768986119049245e+00
1.876701728587414575e+00
3.051302390971772471e+00
1.103543097816351626e+00
1.103326337788597344e+00
5.380651397949862691e+00
1.656031315120584768e+00
5.078214231848986460e-01
5.479069055389182097e+00
7.740779236462982382e-01
2.302837843532474338e+00
2.432619739976804585e+00
1.982812527138682945e+00
2.002092645222977918e+00
3.175938136575629400e+00
1.264828976187920784e+00
1.673768364054553093e+00
4.670809723756112142e+00
3.377221372919412712e+00
1.966479639618158748e+00
2.440199700516794579e+00
1.760000212285803167e+00
1.664458617365468296e+00
3.850687298574587469e+00
4.865086479287902499e+00
5.505439932346732235e+00
1.170227232038907994e+00
4.434907808263085727e+00
1.038739788301021649e+00
4.193647754443137643e+00
2.820114330551093840e+00
3.261664282202687559e+00
2.554163370643496744e+00
1.997614460677940906e+00
5.483196280223534558e+00
7.605165236053362809e-01
8.150784474990209194e-01
3.543267089797017988e+00
4.099405017040761656e+00
1.954726047942577649e+00
4.113745087890105623e+00
2.333051871736324223e+00
2.087668167693108145e+00
1.535003411906132431e+00
2.254553763144535594e+00
5.745090096732504037e+00
4.595159294562862762e+00
4.101182373896406830e+00
1.509410539868105916e+00
2.840379093556545165e+00
1.672359328699894565e+00
4.115766880662984128e+00
4.147571687629492132e+00
1.904662873088741160e+00
2.012132760293683820e+00
5.048664785441200564e+00
1.069269760159404337e+00
6.589063315321185499e+00
2.427055616201790222e+00
5.353974318584688419e+00
4.017732879013013125e+00
2.757110236944054105e+00
3.848185187232101345e+00
2.951718592575345745e+00
2.252787057209522992e+00
1.672335476133370413e+00
1.600664093452614400e+00
2.375131382421448389e+00
1.347448604130575767e+00
1.185529277455617425e+00
1.798572142461756007e+00
2.924331047097257663e+00
4.442098080936911941e+00
5.836596460189868996e-01
6.482318635252095618e+00
4.631477432513801396e-01
1.449326232526565006e+00
1.995097152362143245e+00
2.694608301005603224e+00
1.590057408750649159e+00
2.355012215082935789e+00
2.728822477307100147e+00
1.101040119338452694e+00
4.931972875174188253e+00
7.226739706530989071e-01
3.687927728003923100e+00
3.015414520473934878e+00
6.115148869381839880e+00
5.557527843692284364e+00
5.058280760172632062e-01
3.378193760971079929e+00
1.013900969391599460e+00
7.445947959517289494e-01
3.613361428270979836e+00
1.320032323567107646e+00
3.971292913574271388e+00
3.401172581686956686e+00
5.097029869102851052e+00
2.065310413139000989e+00
2.098378612815199773e+00
1.094055033424492285e+00
4.899014350929324912e+00
5.830859070107310416e+00
3.594805494714356175e+00
7.006786114766391238e-01
5.295320929006644306e+00
4.116248604108901255e+00
3.600629896957381337e+00
3.260820944468437510e+00
2.043253814699522941e+00
4.840249432514458050e+00
3.936978677904229063e+00
1.356666583010793348e+00
2.702808170019064704e+00
4.676293395633865480e+00
2.687408032154135817e+00
1.065368986930780526e+00
1.438405508548612932e+00
5.156627478489411942e+00
7.593396305226157716e-01
1.633292370355054146e+00
4.134546166584129878e+00
1.422725208967618782e+00
9.330159548503400568e-01
4.828509650396064501e+00
1.368175102109306929e+00
1.497645781934621834e+00
2.137558155614196931e+00
1.931541799435067430e+00
5.691993376034141683e+00
1.604230649557905286e+00
2.748507040082120767e+00
1.034979191087115780e+00
5.362843866139096249e+00
1.811558795088094920e+00
2.093504203930818708e+00
5.808560425384237114e+00
4.180484724620511017e+00
5.260087307920218613e+00
2.562450064523569271e+00
2.210279345112267979e+00
2.987035632098984372e+00
1.336580366029699096e+00
3.795686115425565887e+00
1.768839096382512022e+00
1.707523690894817925e+00
4.012996923806483984e+00
1.592229656977916408e+00
1.110626839964834911e+00
2.033871583067899724e+00
5.904616460147199319e+00
2.645098899546472815e+00
2.416623215518374668e+00
9.184599495544836234e-01
3.925624375354876072e+00
3.369082108966852118e+00
6.310513813090855351e+00
2.943700058717070522e+00
4.581714130620865966e+00
6.245816612036239057e+00
5.474669183017382146e+00
1.042008464310071769e+00
4.396009231326863720e+00
2.420228369882966746e+00
1.394518767342045829e+00
2.355896396367085810e+00
3.627072964235644736e+00
2.037021793299366390e+00
6.474243942416189057e+00
4.118825412740635628e+00
3.049620803096046107e+00
5.113998153576622130e+00
1.083460372465772981e+00
3.714436292260055783e+00
2.293073130926999159e+00
2.701838566055481117e+00
1.231835740960936398e+00
1.600719771633944521e+00
1.952369076409794735e+00
2.343091107772145243e+00
4.610854356300947643e+00
1.490018940700326366e+00
3.874562938639437348e+00
2.416807746029529191e+00
5.825093175580883242e-01
5.212429603521592014e+00
2.587516194941302583e+00
3.269247386940351330e+00
1.498876872557838746e+00
1.530252184044986752e+00
9.740059476368523317e-01
2.141420103329678248e+00
1.341052568746876394e+00
7.689143773676049287e-01
1.086313478750360773e+00
7.905705284503742325e-01
1.994907055247038263e+00
1.919044911979627788e+00
1.033743611660579820e+00
2.202002493618135492e+00
1.974362918624332774e+00
2.432477988650206591e+00
3.256361464653629412e+00
2.946546374772565979e+00
5.739965399741019381e-01
3.160167217244869597e+00
3.002291158973714680e+00
3.836127765060790562e+00
2.455113071883042064e+00
1.700561077785686770e+00
1.177945037135677442e+00
5.513746299824052954e+00
2.012096215883469430e+00
8.712582624148759169e-01
8.099710797703053800e+00
2.616783624462702296e+00
3.900132635227892663e+00
8.950404231331873239e-01
3.085190205161320254e+00
3.124691198258523706e+00
2.247545773444068917e+00
8.861289636202177578e-01
2.852363678086093479e+00
1.255226850528963656e+00
1.153036046158246730e+00
3.025803448398352469e+00
1.625363796955161089e+00
3.317130641837364724e+00
5.576926489250729091e+00
3.066867130902489080e+00
3.735640489864170188e+00
2.095058379014256289e+00
1.037917866735127648e+00
4.767755732950590186e+00
1.918127765696094666e+00
1.902122611419113207e+00
4.363596270562454471e+00
2.306579201193717399e+00
4.040503399583978528e+00
2.079471628946248707e+00
5.547709380129333567e+00
4.323087807496538204e+00
1.594248876317865271e+00
1.397408483249906519e+00
7.159595633031170525e-01
1.471742737510639332e+00
2.837283238527525508e+00
1.181368743920738540e+00
8.625995090654641206e-01
2.205334227075586462e+00
5.850643558657609988e-01
2.789965327766894099e+00
3.647723910913903023e+00
4.865571676959312697e+00
1.459520255513764964e+00
4.824466716713780023e+00
4.516589124523305188e+00
3.261552221376211147e+00
2.840931765127008735e+00
1.023292190039420291e+00
3.900008451013732724e+00
2.109408724263284629e+00
4.506698726023458668e-01
2.761282009156218908e+00
1.861554235784791400e+00
3.634521590134054847e+00
6.666906769688831780e+00
1.823706940702961576e+00
2.115855982868472207e+00
4.071638973483274526e+00
1.121529564101859222e+00
2.058650236409611978e+00
5.488515489741153885e+00
7.913528211447417027e-01
5.996814297185548703e+00
2.038908819876398049e+00
7.851400128066662321e-01
3.297111373990359251e+00
3.210202298502909279e+00
5.192541194687160022e+00
5.760599396544971995e+00
4.222934279440176297e+00
1.055488906248995162e+00
3.632392105292323592e+00
1.368764244655802598e+00
2.969247338230469602e-01
6.443523777246432660e-01
1.706154365130931883e+00
5.381869340861062945e+00
6.661834086655106901e+00
5.158829222559641714e+00
3.505835810475573577e+00
4.201957420749238281e+00
5.168873631829886683e+00
5.123293460195766258e+00
2.116394746764521884e+00
7.443419941237088278e-01
2.133625682905275323e+00
1.953777058203861605e+00
2.517963660532319903e+00
1.581512965571305607e+00
3.460054158397780633e+00
1.048622295419918027e+00
3.323485575586076823e+00
9.084780225538542364e-01
4.658808219418379082e+00
1.579548037749556100e+00
1.749469097476155088e+00
2.002605211347577185e+00
3.030147051985325746e+00
5.304426350550448532e-01
8.455463108306588982e-01
5.392100463916713604e-01
3.681461788063794316e+00
1.645560426328942505e+00
2.437302974724871341e+00
3.751785028202992756e+00
1.412890932811498246e+00
1.399085712613127308e+00
3.979829893149442022e+00
1.743667373616362148e+00
5.416455668298662651e+00
5.859010024444335052e+00
8.897880226187381281e-01
1.511997403034454068e+00
3.154741791983300736e+00
3.048941202131634221e+00
2.177867354762554886e+00
2.130775423384943412e+00
2.913441198158257528e+00
2.947738701805016071e+00
5.494554924829273546e-01
1.959158566493149234e+00
2.167555451355947849e+00
1.487494560767854912e+00
1.214411150131594841e+00
1.074341224484046453e+00
4.097653121062183601e+00
1.319980081736713773e+00
5.594914524829365909e+00
4.682891082143110673e+00
1.063463716768885847e+00
1.599302046029877467e+00
2.154479680400573915e+00
3.608878002504763316e+00
1.629250514681373385e+00
5.149062472264298584e+00
5.652922304051973157e+00
9.510470409035146622e-01
2.464397756014537588e+00
6.527719474701086932e-01
3.190993740259197242e+00
1.145759211824620261e+00
5.063110294662862110e+00
7.005302881580023344e-01
1.842170489312080717e+00
2.010229421604814437e+00
3.811544154457873201e+00
1.632847011062167564e+00
1.808164412470506077e+00
4.614420046159139588e+00
1.595674123866200000e+00
1.005422781474335503e+00
1.335203335449654860e+00
1.905895189841908755e+00
8.443628673005439955e-01
1.186414133625704137e+00
4.257352024587384598e+00
9.467961757261802447e-01
5.725960970198517686e+00
5.537117659731462638e+00
7.422156407456323102e+00
1.456975292589172577e+00
1.264750464736827507e+00
2.001252410191974640e+00
7.117798859069996986e+00
4.389150937603031544e+00
3.086252548931672113e+00
7.503448820029278155e-01
2.071112217519584409e+00
1.929970155133182486e+00
8.074460272615231471e-01
3.295071259186705515e+00
1.685665758678341009e+00
1.956442790608168059e+00
1.832944855600836753e+00
4.106380680381349180e+00
3.465147112201067414e-01
4.307065665093375628e+00
2.857531336607578965e+00
2.861710546364844010e+00
1.225712634022173342e+00
3.246358621559477520e+00
4.264167079242825231e+00
1.433691877252656122e+00
3.963949424751026518e-01
4.102840522062755291e+00
3.861370927403433573e+00
1.941362093469438221e+00
2.712317318543881584e+00
7.531700723523778729e-01
7.739266035710388181e-01
1.149295048625487592e+00
3.127889931675683854e+00
9.268261560131666466e-01
4.717686216488869988e+00
1.534992544933874603e+00
3.674603833408459086e-01
2.828625797451038704e+00
2.975477847923774455e+00
2.218025209282570742e+00
5.948989792445924074e+00
1.945098198250372334e+00
1.509888652259798514e+00
1.621070065301996266e+00
1.478699485711704620e+00
6.968893980902968188e-01
5.487721810672169909e+00
1.639768450177530257e+00
2.247030566471792667e+00
6.359837376925249197e-01
2.125665590595296806e+00
2.480912595107402030e+00
2.014108154811661500e+00
1.580015747028646445e+00
2.707095700363429724e+00
2.176821234186169463e+00
2.782982172202223659e+00
4.357752803383792006e+00
2.832985754501034847e+00
4.915701544183913363e+00
6.047138379986048307e+00
1.344121221299499958e+00
1.001460096376299846e+00
7.104130150232588647e+00
8.447815147610332476e-01
1.432789086575473547e+00
5.146183505572262895e+00
2.180547794287679864e+00
1.289664212303974100e+00
6.188769190680837973e+00
1.508460289550725753e+00
3.432203886368770718e+00
5.015298587275542452e+00
1.368260421713720421e+00
9.545988435276153705e-01
4.790680746087129016e+00
3.946127307149852825e+00
5.382812863138767057e+00
2.720707776254676524e+00
1.095761300154689311e+00
2.254890443122291810e+00
2.895207580071061937e+00
4.417814600021261029e+00
1.851940705592100889e+00
1.201387021457180904e+00
3.027346074073744120e+00
9.438886283357791340e-01
1.188263823080028869e+00
1.619290776817935873e+00
2.174536940381589289e+00
1.847244738542043407e+00
1.619004526547447087e+00
5.883716250335141673e+00
1.241182338089921844e+00
2.160537763018778978e+00
5.402328079601233846e+00
2.799435747288800513e+00
3.527332075082630247e+00
2.993488169947783106e+00
1.490406015992979727e+00
5.642671524782165271e+00
1.773345270276930785e+00
3.540868765723263589e+00
2.552819119986561081e+00
3.756544521366581346e+00
6.782802700660764295e+00
1.308916242484184922e-01
2.140060589677612146e+00
2.466856918994466241e+00
4.399744058108939981e+00
2.894941706883016774e+00
4.167509776843682623e+00
3.828587622237082932e+00
8.264486120988850937e-01
7.789775652423482910e+00
1.026148429037048393e+00
4.786806621370436332e+00
3.062342656113204331e+00
1.405389112672367435e+00
2.765594900568855596e+00
1.411125408846802820e+00
5.345034742553352203e+00
3.775385963561992408e+00
3.382459948744810596e+00
8.813251636473837802e-01
6.651548087365373618e+00
3.075478825089881796e-01
4.080331345414357713e+00
2.004754968842988649e+00
6.057124710265173739e-01
7.619154022857191899e-01
7.062383207429735466e-01
6.860039561631903204e-01
2.203126854034781701e+00
3.606830280683914758e+00
7.328629751885998855e-01
3.641062674808173139e+00
9.543887802261721287e-01
4.132466025609095261e+00
2.246557909003962461e+00
3.011147099106280312e+00
3.780812541094081158e+00
1.039324779294120926e+00
2.524558237346887335e+00
3.099515446338988234e+00
3.304132430025128908e+00
2.935153685137866564e+00
4.425054954871853852e+00
2.079646588386124595e+00
7.317111683023329594e-01
8.385710064976990008e-01
1.991288746164408208e+00
2.322812965230539817e+00
1.359867305928394332e+00
2.001862076493261089e+00
2.138755479639555812e-01
5.727834311051374527e+00
4.163882898468834526e+00
5.079214340926498039e+00
9.248773664046215925e-01
1.119212629021981709e+00
2.681008337764317684e+00
2.315688455079007557e+00
1.353291977141660052e+00
2.213573740770700127e+00
4.423487371061517237e+00
2.793748286743480858e+00
4.212310012915516211e+00
4.998964640542183702e+00
4.787480159106956457e+00
9.012414049450776510e-01
3.876694277487054308e+00
8.083450922696002294e+00
5.483354933280331522e+00
9.823665469225295155e+00
1.556233350076651645e+00
4.115040205094061321e+00
3.475208376676228728e+00
4.279006462105605202e+00
8.240563448426364568e-01
5.243550820288004566e+00
2.070479039072855354e+00
2.170276000050878729e+00
3.419778537468761037e+00
1.684889454530763775e+00
4.528457866777730878e+00
1.107330864353399447e+00
3.169097737755726563e+00
1.892837076742786451e+00
2.662095870085707805e+00
1.519786270377266879e+00
2.679605907883841009e+00
2.674396283686467868e+00
3.773931688408457497e+00
2.096307775164227838e+00
3.638956405315713738e+00
2.028339577904230140e+00
2.920852667185504181e+00
1.982453747766558250e+00
1.622902210689842528e+00
4.354989083963991092e+00
6.638516210326271150e+00
2.332015390750018291e+00
2.092304866941542940e+00
1.386031220846691836e+00
3.147348885484757552e+00
2.298049500379593990e+00
7.215393050366956551e+00
7.483256106991630352e-01
1.420272930040981985e+00
8.618364406020585511e-01
4.842320052034915889e+00
2.074330535030544986e+00
4.862189958120307409e+00
3.439724339234823791e+00
1.752453027258823015e+00
5.670952827534793350e+00
6.532626846641118590e-01
1.907397299142481462e+00
2.821658986733448948e+00
1.346078597356908269e+00
3.792020518870526047e+00
1.304874705692408821e+00
1.620204088578363955e+00
9.897694430266374965e-01
2.177897494415268476e+00
2.186635867274243861e+00
3.804601136655000548e+00
2.779484670034613192e+00
9.029024221142679663e-01
1.040019180929348419e+00
7.319893296900851221e-01
3.853180304009272916e+00
8.507539427198903326e+00
3.727553486102493707e+00
4.588177621497461445e+00
3.219886824066867437e+00
1.188509826630568922e+00
3.973487628013891992e+00
9.695186565825845149e-01
2.075553517749676224e+00
1.199605622047941411e+00
1.677591395159327092e+00
4.932330056718885913e+00
1.548494794742051539e+00
1.546022902277986555e+00
1.109791242109053666e+00
1.708806963063149498e+00
2.456110494544298639e+00
8.115566795396556898e+00
3.457996078386320615e+00
3.545770456370795465e+00
2.091669637002836701e+00
2.010049449569948798e+00
1.633907083161525886e+00
1.952950996108714365e+00
2.696205452126680502e+00
9.853994558971436168e-01
1.797283760017483134e+00
1.182231040945483036e+00
2.852914922050709290e+00
4.799058972639734244e-01
4.403519220239650700e+00
2.114710993437107778e+00
2.041186814840974417e+00
1.949525088912752668e+00
5.593690979519507778e+00
1.080750973353419075e+00
6.883865071029635629e-01
1.443232917103613344e+00
3.614970336023385578e+00
3.891932285682481396e+00
2.166052098994422082e+00
8.364145391012605124e-01
7.872653714108048817e-01
3.987985663725225116e+00
3.937220948193294046e+00
1.667356905223470909e+00
4.157802503972263253e+00
5.507090806377292758e+00
2.836659707070276593e+00
2.853369375013848241e+00
3.662992147515423014e+00
3.899017986569883298e+00
1.176618447993963867e+00
5.268588412300628798e-01
4.084181815495008472e+00
3.778078940547685338e+00
9.830997830912800994e-01
1.456338179782741715e+00
1.289800275160436049e+00
1.334226530661645871e+00
4.109142561223346313e+00
4.332630295361886041e+00
6.061476295498866129e+00
1.314452173372662847e+00
2.419858329330340840e+00
1.732689449655875569e+00
1.736354840991900295e+00
1.641910000255789148e+00
3.432683957040532086e+00
3.871085032805667403e+00
4.545745047166346531e+00
3.951439104504595790e+00
4.211729709608132310e+00
3.390640339939128722e+00
1.602214545968208448e+00
1.748701578677017032e+00
1.771203960073048256e+00
1.679541442633466941e+00
5.037927296204181005e+00
5.108044530208227130e+00
5.032137166362205427e+00
1.007746421714730056e+00
1.353580422219891055e+00
2.100626338420808370e+00
1.924643912660144007e+00
1.103429654114282732e+00
2.978902346431783865e+00
3.452021005072934412e-01
4.505630297993666211e+00
2.110812449521716427e+00
1.569830163401025880e+00
5.190091097216794402e+00
3.177915395866746984e+00
3.801724163243433985e+00
3.266838155234994989e+00
1.135695771570004009e+00
3.707462820819475979e+00
2.236038937970838081e+00
1.259065042687091740e+00
4.732072142457046660e+00
7.180936505931121427e-01
5.661792277778344706e-01
8.412172236497899025e-01
2.033351318219995374e+00
3.092364907095363602e+00
2.242865588205510630e+00
1.266726900724600924e+00
2.209123458364432135e+00
6.893688835548627658e+00
4.774447157729066582e+00
8.715949616767635355e-01
2.352303851723180905e+00
1.705001763509137458e+00
2.078261115687897842e+00
3.393946375220157741e+00
1.864774640521636995e+00
1.834338906117134460e+00
2.968560134840715570e+00
4.546228967270931953e+00
1.635237938977564198e+00
1.976539431847625483e+00
1.577145381597886420e+00
2.296345838182959120e+00
1.238697433788555902e+00
7.855696772166640418e-01
1.767397786581355712e+00
5.338585677383092865e+00
2.963267046760979628e+00
4.901002291893015728e-01
2.658966303401644637e+00
5.407653187038938825e+00
2.649030184589270753e+00
8.525674035477645019e-01
6.540765313504671497e+00
1.986166965630158820e+00
2.517153653248616063e+00
2.732451554823765782e+00
5.300487609174914461e+00
4.219018755399218890e+00
2.236531327950476822e+00
4.005687095681209620e+00
8.121565653984075261e-01
3.840453993442925817e+00
2.596414874092493719e+00
1.208742241085997815e+00
2.702058122527471795e+00
3.132191117361760035e+00
5.004161553260606965e+00
1.205125689753331120e+00
3.696452754320236900e-01
4.213802545382987930e+00
3.843840399203850566e-01
1.667712760504197700e+00
1.013443744136929281e+00
2.558220738322119825e+00
3.296502789897586716e+00
2.825743036511070727e+00
1.865029502763539737e+00
3.388927407842566186e+00
1.519054903433827874e+00
1.697939471371682885e+00
1.393423536679610386e+00
7.378124477182197438e-01
1.668912936947513970e+00
4.334107267726579948e+00
6.277302949597809434e-01
1.002618181073131609e+00
3.780251020386361738e+00
4.324062100401447672e+00
3.004460483006363702e+00
2.114119035525509283e+00
2.660887153227731172e+00
1.361510489005261615e+00
3.706763349658349416e+00
1.457031281110839016e+00
1.942446491635744010e+00
1.178027046913943554e+00
7.989771339788782623e-01
2.029153383603921501e+00
3.383649450895771515e+00
4.611425557104161799e-01
1.821884378898977586e+00
1.960166997692778246e+00
7.547962263606864397e-01
4.756558605244477711e+00
1.697447114016605196e+00
1.336016052940589782e+00
4.407221463687513996e+00
2.233696233305512813e+00
2.075301860716612268e+00
1.648253932548774614e+00
4.867562825549967442e+00
2.807784695084300175e+00
2.168804803197881714e+00
3.786884616738627862e+00
2.098307338094429486e+00
9.128880749588161869e-01
9.344789857521463849e-01
6.434732812206034325e-01
3.939905632572485050e+00
9.851876383349885691e-01
3.222407628239540411e+00
1.458089642863690472e+00
1.386633865261102772e+00
1.318390979102109117e+00
1.660232023436248650e+00
1.083086240947972900e+00
2.157354511300810795e+00
1.566927766059320881e-01
3.149557576208597887e+00
3.115645846317571799e+00
1.826410543299737732e+00
1.632762001106584870e+00
1.923193551794558198e+00
2.693322540812047805e+00
9.788268918700736565e-01
5.852988288031445663e+00
6.122921463077938498e+00
1.013539741066900035e+00
1.245956770429594851e+00
2.120562477297854187e+00
9.190844645959699299e-01
1.575924428565425250e+00
2.660915168280152177e+00
9.804140728750543321e-01
7.554228878628527211e-01
2.403144426790310817e+00
1.372768360272743404e+00
2.312611591642609099e+00
1.482106574090019446e+00
2.297812869358728527e+00
5.451691818288166402e+00
5.345518751178112149e-01
3.208637784018161465e+00
2.049848761707002254e+00
5.334303726984286342e-01
4.372830441358710907e+00
1.509275498333328525e+00
1.033890233555682547e+00
4.507952825014412745e+00
2.826502664516518770e+00
6.797423826182444895e-01
2.052557408177575038e+00
2.233734034861734052e+00
2.603259352296430240e+00
1.707042892394025957e+00
1.939974316058036719e+00
1.361585980980506427e+00
9.291644969496554163e-01
7.051258740851281459e+00
1.601789564798889121e+00
5.570161521292805951e+00
3.561302820943068603e+00
1.638858917682738836e+00
2.067781726496423556e+00
1.500716898977296987e+00
1.665968737332214511e+00
5.111438206713139643e+00
1.594726663487385510e-01
6.916149954572421432e-01
3.390215612241999743e+00
2.728213138177023600e-01
3.195003352419202081e+00
5.229104384084691581e+00
5.915460899917479587e+00
1.422795945828641884e+00
1.406817665348198521e+00
4.227439793513008581e+00
3.322811562932723284e+00
2.789191107659693802e+00
3.405840219118837275e+00
4.817577030274815542e+00
7.731057403272093564e-01
2.113635760329369617e+00
4.402512259801921735e-01
2.288769553449945260e+00
2.072943127964028243e+00
2.890382630498701921e+00
1.971364626549806154e+00
3.257186957864707910e+00
4.125077874872049577e+00
1.551663091369517522e+00
4.328054789381021727e+00
2.726161740458284299e+00
1.084336203541922616e+00
2.078036204780053353e+00
2.131261242328499339e+00
4.042639324544846424e+00
2.392162465760466539e+00
5.987155854272558919e+00
1.911014255992387056e+00
3.985512677980785234e+00
4.106357387939995718e+00
2.709269699144790433e+00
1.293907572650261795e+00
3.890384211423433936e+00
5.091207921068179765e+00
3.883729492650770609e+00
2.142792515367888839e+00
2.708994261243869772e+00
2.063769087698846150e+00
6.970495684799902669e+00
4.811433809534316097e+00
2.679511797429298348e+00
2.121181954286289528e+00
3.879210296673451630e+00
2.675254259277627167e+00
9.129264960166676435e-01
6.436984493202451141e-01
1.891484252040761760e+00
1.202049966374534318e+00
5.066807336580190224e+00
2.336362466870300025e+00
4.846316374419187056e+00
2.156680779165631723e+00
1.560109124372739853e+00
8.857442319460865354e-01
5.188377360270227889e+00
5.261917603762969797e+00
2.360963291513274775e+00
2.326659717591728960e+00
2.803562476708123086e+00
3.126059461513867710e+00
4.519738909882965672e+00
1.439039304962567378e+00
1.734770679931431081e+00
4.995255683324593576e+00
2.319757382166475423e+00
8.371859081969251770e-01
4.189705371096534847e+00
3.366276446143785073e+00
1.453987783197710382e+00
1.194022962972724144e+01
1.155515188372532087e+00
1.869570080736213891e+00
4.476136551083716775e+00
2.008564806518764012e+00
1.430039777846276117e+00
4.715648847856252601e+00
3.165073556643396735e+00
8.561632273845544150e-01
5.645778120251513599e+00
1.720586009730538324e+00
2.136343477149487580e+00
4.404473325151876395e+00
7.381947212342278242e+00
2.060764517488586911e+00
5.045878046938416794e+00
2.601360877133097826e+00
8.887617834417756990e-01
1.359257605487598886e+00
1.322621256410488666e+00
1.043184027944024095e+00
7.364928538051657148e-01
1.798579444923608328e+00
3.582012620201482811e+00
5.547836181879966411e+00
1.180058247299375918e+00
3.214561884077878240e+00
1.468987690136131175e+00
3.036792336278532733e+00
1.259467558429129719e+00
6.833351081746737998e-01
3.255977676243334340e+00
8.805812074484914431e-01
3.636864246373244125e+00
5.095363469032696102e+00
2.695288854776026533e+00
1.196161466096168358e+00
2.427995826510329191e+00
3.106705466812822891e+00
1.667448292817615974e+00
8.731232626615051950e-01
1.369186734552380269e+00
4.480086718733852003e+00
1.538061037459454106e+00
7.886390453506495479e-01
4.436593145038134622e+00
3.432978567296452344e+00
4.861202267401898425e+00
3.675977241754143421e+00
3.744564172045857564e+00
1.456702715856680319e+00
5.418050505579675935e+00
4.810380465064800326e+00
3.464316734387553609e+00
3.821887660294896460e-01
1.501202141244742050e+00
3.608848103941229013e+00
2.408922217252456921e+00
1.008920281862668133e+00
3.672238216362116336e+00
5.430432942860447199e+00
4.187615909548300763e+00
1.514096053289950561e+00
2.946617044428297305e+00
9.247116541294664316e-01
6.615166716502562494e+00
7.163122232855033689e-01
3.156317779393978729e+00
1.104861824202080234e+00
3.861622173093673283e+00
3.835469215554934141e+00
1.817718324543609709e+00
1.207287224228532851e+00
3.226613551040773853e+00
5.184305662212397969e+00
8.690672420045995050e-01
1.265097752802537334e+00
3.633134572928684580e+00
3.247334843352474909e+00
2.140450992910556405e+00
2.398142854678638969e+00
2.036533224823290578e+00
7.442872574360387405e-01
3.509210790890451737e+00
1.384213819668991707e+00
2.126665891020576904e+00
4.675820685347972017e+00
1.002760431068357327e+00
3.304501296448971726e+00
1.768014421371928657e+00
3.281396420011425619e+00
2.175547689440389121e+00
2.054960104091913209e+00
1.156829290114587128e+00
3.607356956465272102e+00
1.813477786372071465e+00
1.331474489877800593e+00
1.011110046784635674e+00
3.905466515754262069e+00
9.465864782087354268e-01
2.938568774061941724e+00
1.737274521849114350e+00
1.164848328611320261e+00
8.862286461336155163e-01
4.061375342464052629e+00
1.779324609770498444e+00
2.416470357243212685e+00
1.662960854209506678e+00
3.617431425282195967e+00
2.275815983740625992e+00
4.479528469216303321e+00
5.547015569221861675e+00
2.779601305214801865e+00
1.834693811646485262e+00
3.097729194697674160e+00
8.762027981018222222e-01
5.654973690066779746e+00
4.797301664325712700e+00
2.942935096780147308e+00
6.427317562501539960e+00
1.356060442452510673e+00
1.605372522299651772e+00
3.027885544528029271e+00
4.865084273270132265e+00
8.381177568615508777e-01
6.752361432563800392e-01
1.781203285311826257e+00
1.222722619724633253e+00
7.196342471664119778e+00
3.779235120235135525e+00
2.444879350771517412e+00
1.634331567258267448e+00
9.434866035395698125e-01
2.431920270294897435e+00
9.931214126830635314e-01
2.990152888218557958e+00
1.090285368665725896e+00
2.748543791153801319e+00
3.147179471118424221e+00
5.203208001267268790e-01
1.431361882373733740e+00
1.356645720191362425e+00
1.419671002922670899e+00
5.320017126241206817e+00
1.473972096202797788e+00
3.117857200097199577e+00
3.249264610505643969e+00
3.669807473818241572e+00
3.250447468875195423e+00
5.522430994391203107e+00
1.762688313570931475e+00
7.210296238100836197e-01
1.367508864720060613e+00
2.799698099348847613e+00
1.316520731313630010e+00
1.895191277856559386e+00
5.533202087013027182e-01
2.957485812237569345e+00
2.146784883785049836e+00
4.128595129126315655e+00
4.196076853312181498e+00
1.945896703799461669e+00
2.034195860856960358e+00
3.056319871705510671e+00
1.391096396944596636e+00
1.530854037125028100e+00
1.321613620433448544e+00
1.482728725142077764e+00
4.617293805585525490e+00
1.711383533850689309e+00
1.894384614784434318e+00
7.178738706269341741e+00
5.801392488155006966e+00
1.270877087881144396e+00
4.412052706036529770e+00
4.313339471928708591e+00
4.678101904184043924e+00
6.339382141378372415e-01
3.167113115715455063e+00
4.290645230601509041e+00
2.136522771846298685e+00
4.979534234299994644e+00
4.744787881282475972e+00
2.093619515613515780e+00
4.262907613271475604e+00
2.757347005479166668e+00
3.811239342083422521e+00
9.698442867280560042e-01
7.435182227530960919e-01
2.735915838099750808e+00
5.039992942692282263e+00
5.392138919085103232e+00
8.286586344787306713e-01
1.441079702246418348e+00
3.137673741180537768e+00
3.877504387587594525e+00
3.474322343810107849e+00
3.489022240413917064e+00
3.896167785613076640e-01
1.352103577224183617e+00
1.004530301357785316e+00
2.690521343773262686e+00
3.695214318511410578e+00
6.503046291491752839e+00
2.369183828817805093e+00
2.864204431604572054e+00
6.914352201952255195e-01
2.972553351832860180e+00
2.772049633315638584e+00
6.184906573788208739e+00
4.206464516549457855e+00
9.505199648911247801e-01
1.609969533934272556e+00
2.639628750386161293e+00
6.381064870025950242e+00
5.743316009470057715e+00
2.981979472198611703e+00
1.411064241741891934e+00
1.505044334729991107e+00
5.506847440814494066e-01
5.004951520368992046e-01
1.499668691998615744e+00
1.840251534508341003e+00
3.000723899652883997e+00
6.472584674755757383e+00
6.023473469995402674e+00
5.413293094474827427e+00
2.957107476725393091e+00
1.010036181577449677e+00
2.522492792314282362e+00
3.774749914108661564e+00
4.492055782419053234e-01
4.785440817494988508e+00
2.226545165424340222e+00
3.987034045271002913e+00
2.041227479188716831e+00
1.948843655560933863e+00
3.796477086690429381e+00
5.445933159589135819e-01
2.069823485918410810e+00
4.101030310139167412e+00
5.582951289247018778e+00
4.074708348178706530e+00
1.813044808778484729e+00
1.683038640853536716e+00
7.861352343461071035e-01
2.318003484365225297e+00
4.899820919476431058e+00
7.804411588576182224e-01
4.161095303877223373e+00
1.392088720233139121e+00
6.539155110134849735e+00
2.777788259354188938e+00
1.943423086646459019e+00
1.933589172662068201e+00
7.917543945568249475e-01
4.370777461446491152e+00
2.000485413926115008e+00
2.233332488963788887e+00
4.602251611351391603e+00
2.026118525111215263e+00
1.754780437708194585e+00
3.269435534322423731e+00
2.219959825397914255e+00
1.376461112410636067e+00
4.355304454406848436e+00
3.545236409611528305e+00
4.581209233421394411e-01
1.218904594921202289e+00
2.626032232741602801e+00
2.290952594990082414e+00
9.420400012852464533e-01
4.215598247825233180e+00
1.127786146000444800e+00
1.525293671578604293e+00
8.304771300148990898e-01
5.063003358437152990e+00
2.972051986465205520e+00
3.352518104183803693e+00
6.090932131517944548e+00
1.312447049850419267e+00
1.882356023779536258e+00
4.466895301826209197e-01
8.176700775848156910e-01
5.770425359775074092e+00
2.635746832823471664e+00
2.597529336253345367e+00
3.119366087980445013e+00
2.259520826186999010e+00
1.390014116773780284e+00
3.692541956895011968e+00
2.385545706320980841e+00
2.096685140582773776e+00
1.692386637824326634e+00
3.776747444787019958e+00
4.908678051477268767e+00
4.710460439468787008e+00
4.406624201326065915e+00
5.955137884597395903e+00
4.110231375064365977e-01
2.051254943786028573e+00
1.458522707366177507e+00
4.647090084052445391e+00
4.846100887873475038e+00
2.196015547193133077e+00
6.177642521746548709e+00
8.816513927071820689e-01
3.151943887236617670e+00
1.218335238745478222e+00
2.370655337819709718e+00
2.767264157212012687e+00
1.554603220924234197e+00
5.032637672072505453e+00
2.104563342671931514e-01
1.320868987374671066e+00
9.552361908142622537e-01
3.507857041729992353e+00
4.622455428979345138e-01
1.759484126531139170e+00
1.350631039498531916e+00
4.361648883202331461e+00
5.690514645102069391e-01
3.209813665739934319e+00
3.688866093159445914e+00
6.127967265083061887e-01
1.334101298391213497e+00
4.520650969511877726e+00
1.712104835565713801e+00
3.864975184129422203e+00
4.235972733676296009e+00
2.329990220216307417e+00
4.926856468689583934e+00
2.879338288978448013e+00
2.598457503000457081e+00
3.667848840273000732e+00
2.994950638573453894e+00
2.399655854294877599e+00
1.098925567965073347e+00
1.289844309203970196e+00
6.157772546634202593e-01
9.203237532000113630e-01
2.826093058669924662e+00
2.295890161489736681e+00
2.788965400513118809e+00
1.053785070239282362e+00
5.083502617396271184e+00
4.735178119601223479e+00
2.507989889749954404e+00
2.822430132102973666e+00
2.240222639601351595e+00
5.802588421369343941e+00
1.861545225202044573e+00
9.036404800888157007e-01
5.273207683135656687e+00
1.045853949049041276e+00
1.915117934242146047e+00
6.995948595553307392e+00
1.053952169888919377e+00
4.535381197384628749e+00
3.629541635728291471e+00
1.826109383017262999e+00
1.216751351466571096e+00
2.172330152309371432e+00
2.262783947712156962e+00
2.682567529219975100e+00
1.115371489610164302e+00
1.897769640240443811e+00
1.643053652470160664e+00
2.171525842036811316e+00
2.993155342052506551e+00
3.094381426951776426e+00
6.930787448381892091e-01
5.961761032659850912e+00
2.242285793739480226e+00
4.440344488022408775e+00
1.409788013820833186e+00
2.351898360021623446e+00
1.267469946880225962e+00
9.785007256670712472e-01
5.746959431015501440e-01
5.587766203489485051e+00
4.039559626250524005e+00
1.912363895049085549e+00
2.902958179248944948e+00
4.461497470437753243e+00
3.162842837176524036e+00
5.083611328066679036e+00
1.847697676673417000e+00
8.636421914984365733e-01
2.061442249386293835e+00
1.590064761299302187e+00
7.396617729161035770e-01
1.179961615905105621e+00
1.030459591885577897e+00
2.730685089375900265e+00
1.459678516312814089e+00
9.424912800059592755e-01
1.298817843260762439e+00
1.314893371246820930e+00
2.349187968019154304e+00
2.114432411546911084e+00
5.138798606136082192e+00
1.081429291193784392e+00
3.960338831277686045e-01
5.406412383111985243e+00
1.123959983441533028e+00
2.790114727924543292e+00
1.059357206512290484e+00
5.751105528133679812e+00
3.200589071553044729e+00
3.410043844026913185e-01
4.577334996742850493e+00
1.671640969800279208e+00
2.837923422028755471e+00
3.797223549698579337e+00
1.733977319845890985e+00
1.703194733546119055e+00
5.301145074197870066e+00
1.872657742185766860e+00
5.125468108830005143e+00
4.026497417381416533e+00
3.713635883470530086e+00
3.806150255950528916e+00
3.816260211215976028e+00
2.526434357011080767e+00
2.195914163628285731e+00
1.529785451326339807e+00
1.994267005570669937e+00
3.774377041944433353e-01
1.277293981424535207e+00
1.025053850575320391e+00
4.831059797635862019e+00
1.929832816588948452e+00
6.447960369597823815e-01
1.864867397660411763e+00
3.890371977594560882e+00
1.038169013509478100e+00
5.839392421199712579e+00
3.936393709459984347e+00
1.123927883476831591e+00
2.556035021788615413e+00
3.584661551510169186e+00
4.653183652194358366e+00
4.515598745032843198e+00
1.727275362062043351e+00
1.757935950586905216e+00
1.538465566099403992e+00
8.557758761427720628e-01
1.505045870584170720e+00
3.882407393766279302e+00
2.281946999517617147e+00
3.911431663441215179e+00
5.803907298180817520e+00
4.410866769488246963e-01
1.278255636390468908e+00
4.370344343120779129e+00
2.645342430770605713e+00
2.486714919988091133e+00
1.615694956438580743e+00
6.136477173904943960e+00
3.276792933976398370e+00
1.346499051929826107e+00
5.479221155229805795e+00
4.352825736165536696e+00
1.172731252992142537e+00
2.957191895148526317e+00
3.316506877116892404e+00
2.245182962836004936e+00
1.322685298775730711e+00
3.919966075215711054e+00
2.205543036018333680e+00
2.959903231514371846e+00
2.404264387000845549e+00
2.529621968111433361e+00
6.696246951149248616e+00
6.026171976489050897e-01
2.256212360165024577e+00
4.611564053586769241e+00
5.589160640095428567e-01
1.935052377286948566e+00
1.494198668334221436e+00
4.304376188305385931e+00
4.424184139934723703e+00
2.681732934794280876e+00
2.301957088189869882e+00
3.914898775921421770e+00
4.320372195203458610e+00
7.795490431224317840e-01
1.869122306584501958e+00
2.609939905320759035e+00
2.685972633057357228e+00
6.002541963848372575e+00
2.190381949039915899e+00
5.590181511610087917e+00
4.557090013593556144e+00
4.289740068185586175e+00
1.077384160087331288e+00
6.485176054877800134e+00
5.175704666019563582e+00
6.364140476152905457e+00
2.237985338702326299e+00
1.768755052694857222e+00
5.994127586350015413e+00
1.995999751880053852e+00
8.888352779057452357e-01
1.016020147262967521e+00
1.063308578651229963e+00
1.540213523539748941e+00
7.039389977541359755e+00
4.828557657805141012e+00
5.535347565103293732e+00
2.777907758157345253e+00
1.565002529380822072e+00
1.337619596782288145e+00
7.811913548972034826e-01
1.202104046408499771e+00
9.943418232313022687e-01
1.634682305278652326e+00
2.930819522444801706e+00
5.514045237867492233e+00
1.008145907400044727e+00
2.267395014963305311e+00
2.840441419412925050e+00
8.810640944510552686e-01
1.942610054501500150e+00
1.768098696542103054e+00
2.152166313745822901e+00
3.988938297542424127e+00
3.782983638957611028e+00
1.436870041464537673e+00
5.522960140644642912e+00
2.485470329948377355e+00
2.857404170312975555e+00
6.448885169248642413e+00
4.467456286471338522e+00
4.068237209443800850e+00
2.674912152034166102e+00
1.800017504181177008e+00
1.879970968174307977e+00
3.309912377257029359e+00
1.501631596592778006e+00
3.424522567880830426e+00
2.289232578295731457e+00
4.082877571974796282e+00
1.862962090619272759e+00
6.185977877417943027e+00
1.498414871244563074e+00
1.659027008145124604e+00
1.341313446348541438e+00
1.620303456965674682e+00
1.452910108387406751e+00
2.221793340743497325e+00
2.339110179658817845e+00
9.800372670677712783e-01
3.465998783153828366e+00
1.732955105750302982e+00
5.892961031738521704e+00
2.257160360442128866e+00
1.991253364043809926e+00
1.207427580993428284e+00
4.626985978124792176e+00
5.690930602497458857e+00
2.959360912138411237e+00
1.421273732666706202e+00
1.351352030321318676e+00
9.233394992272239143e-01
3.527988930767759879e+00
1.286281328578795069e+00
3.569678685189840994e+00
2.388459416412663128e+00
4.515752913113150413e+00
1.400901836247504084e+00
4.801272909595549976e+00
3.634932186432377144e+00
2.039199876690524604e+00
7.732734992052033851e-01
2.182146105444605855e+00
2.406237906425370277e+00
3.145116441853031408e-01
2.141151187941755296e+00
5.425829723839821206e+00
3.523791824523159200e+00
1.765100288883927115e+00
2.510178337944499738e+00
2.482794942334133115e+00
7.705135412055206245e-01
2.137606866388874760e+00
6.555556266210823324e+00
1.459051186303880643e+00
1.789427309168715396e+00
1.794925927436624047e+00
1.636416756415944196e+00
2.231252525428991440e+00
1.387320192843055411e+00
2.789138604594211035e+00
2.456973527846280092e+00
3.167800644521093556e+00
1.147101050554464541e+00
1.812871834130083570e+00
7.153159357264078366e+00
1.415992273065531437e+00
2.471451110954452801e+00
1.371222539038933208e+00
7.775949057838773548e+00
1.767892598246314506e+00
7.197184534530640665e-01
5.056694332851516371e+00
2.190349098201396671e+00
8.946627891141691880e-01
1.969189923430205047e+00
1.604623397846332677e+00
2.899868201900453357e+00
2.689082857902954427e+00
2.716620412574099475e-01
1.836511286319955749e+00
6.202421934403441917e+00
1.421734734208148998e+00
1.365467023385387613e+00
1.441911826479480796e+00
8.480459364895501784e-01
1.474699348641717034e+00
2.134967889618135661e+00
4.151287524344722257e+00
5.053921133898428231e+00
1.133062613472224367e+00
2.330389015092505733e+00
2.500275835637232547e+00
1.959740599035582731e+00
3.738459040309002557e+00
6.685879248099506178e+00
2.885978106081888317e+00
5.495404601833534741e+00
6.282393414718540070e-01
1.681083221236797431e+00
1.984980642506569914e+00
2.224254766235465475e+00
1.025872267434205565e+00
2.748038944781383996e+00
4.983383775934302484e+00
3.917493237215486257e+00
5.902177946707881873e+00
5.743476138099788963e-01
5.631978685738377344e+00
2.540456870968848868e+00
1.563319949849536705e+00
4.266952710608110877e+00
3.055067834204850286e+00
2.754926969830375771e+00
1.082080818998655714e+00
1.621973236900886794e+00
5.016463599519878969e+00
2.780419028269333293e+00
1.732450645655956967e+00
9.368521178782523995e-01
2.159798611049026373e+00
9.888870712655352113e-01
6.148007112754015679e+00
2.379271500521646487e+00
4.506280996905178249e+00
2.240400695241604456e+00
5.525408928335565628e-01
2.283861713491717182e+00
1.879229873651357519e+00
3.084948152863745463e+00
4.076853713767693677e+00
3.399506661145553110e+00
4.750565630103573689e+00
2.094003284412893962e+00
2.418647502006550098e+00
2.075301255609797835e+00
3.109873315564239959e+00
1.241038518638853727e+00
3.516176937493348920e+00
6.033159522440562084e-01
5.349774506589070278e+00
1.849925342282920271e+00
1.653272657766849285e+00
1.415806195580485038e+00
2.054419034068529548e+00
1.489304425702473678e+00
3.881965696940259836e+00
4.159476408571181061e+00
7.072839214377077965e+00
2.388010725501313214e+00
3.414138797621203425e-01
1.754124005948712206e+00
3.604184799080456525e+00
2.822789757324330129e+00
1.186710588772428077e+00
2.131049381536139986e+00
1.694263284787490553e+00
2.111148004880655904e+00
2.837057596893856726e+00
1.727872242074463882e+00
1.748092564946187588e+00
2.774746993286276719e+00
3.646853793426475754e+00
4.652984215639885401e-01
1.196445610314830432e+00
4.693880002689139630e+00
1.001849665595914196e+01
3.460648838492298207e+00
1.667678496639581454e+00
2.993174734024818484e+00
1.403321833393297968e+00
3.079581728911509497e+00
2.219258313878617273e+00
4.759344429399225085e+00
2.392440852345860236e+00
1.545077518533346961e+00
5.326299078691475231e+00
2.340117990630932621e+00
2.124050330359247507e+00
1.557986762941883763e+00
3.621653108454032211e+00
4.546383838015578327e+00
4.542480239461282210e+00
3.209468638169385102e+00
1.609909321845745866e+00
3.015745888581155665e+00
1.811289499089522748e+00
3.243732974154339921e+00
9.673617529165026152e-01
1.134030142032146582e+00
3.266281749655596922e+00
1.760055478022556574e+00
1.323263660695385147e+00
3.415357166893390417e+00
1.888370711964992399e+00
3.914399343918810281e+00
4.952015616817941890e+00
4.665297482072030100e+00
1.441646223211545452e+00
1.158646973496527011e+00
2.873113287114755776e-01
1.150198584060711626e+00
4.247410312869741134e+00
1.316537284725548318e+00
9.412174228676537524e-01
3.265292599974323196e+00
4.935124729314192216e+00
5.941720776554854311e+00
1.561432844142844889e+00
5.305606327751318796e-01
5.678320076111926795e+00
6.377122170236619425e+00
2.176037693717646437e+00
3.136663558910385508e+00
1.400928641043848177e+00
2.449454675981712626e+00
1.114211818903707574e+00
3.186414479877971440e-01
5.973349823675491166e-01
4.934143940650896454e+00
5.274618542106191965e-01
4.336701281368793737e+00
2.732582258499883121e+00
3.479658558079265496e-01
1.765682118214822349e+00
1.624053805395329286e+00
1.287453671459549698e+00
1.342999719936363912e+00
4.055714688903477416e+00
1.414496260739497080e+00
2.175687076645517415e+00
1.765777622818325066e+00
2.650840689824788043e+00
5.644247914734407345e+00
2.409764714074444480e+00
8.051776934929074647e-01
5.821889754016708274e+00
1.060169095324436261e+00
4.395527480411038468e+00
2.977559167180594102e+00
1.769879864457006402e+00
1.196012262857797825e+00
4.376085093638857337e+00
2.350858967592179383e+00
2.900336426102000598e+00
3.634835449296254684e+00
9.167536964780677033e-01
2.524510582981534412e+00
3.583689036032672526e+00
3.102252031375758001e+00
1.766260098639009124e+00
4.687057380192054090e+00
3.262053368737137582e+00
2.114720150365437146e+00
2.777053003538590747e+00
2.215362315455825293e+00
3.764139319344807610e+00
9.392404695983312957e-01
2.478270830393393354e+00
2.134554998451771546e+00
1.749569172084985746e+00
1.049347154711964381e+00
3.839504077560004891e+00
4.381504862758944796e+00
4.553136525497731846e+00
1.918809688929908885e+00
1.569387341999037566e-01
5.701048750888499050e+00
2.191098370017571906e+00
3.878580652144022700e+00
9.926657053027599931e-01
3.191844463481067429e+00
2.343015464732411512e+00
7.650025395264034023e-01
8.493428607014386955e+00
4.946399129885183932e-01
5.978911685454501246e+00
1.093867127049600541e+00
2.827614007670807617e+00
5.464214723847582000e+00
4.480194814031731809e+00
2.414133473067025637e+00
2.780073963932141012e+00
4.648256224657605351e+00
3.801688251477940650e+00
3.981252020011098569e+00
5.999267624414168054e+00
1.148301176532240397e+01
2.003933613953958748e+00
4.296212736757425432e-01
1.629222204369761062e+00
1.554371143144878564e+00
5.624571931311123762e+00
2.989168973147742658e+00
4.181254157240962499e+00
2.924761372137592907e+00
3.981864947880868311e+00
8.905381915885770550e-01
1.521748440904123090e+00
5.240579682583322629e+00
1.620535138501117300e+00
2.835782069812256889e+00
2.096521673347002235e+00
3.578994499396501716e+00
2.041090087483382831e+00
2.408054699107935015e+00
1.146716626329266076e+00
2.478771802145395942e+00
2.154104189913691680e+00
5.124820007968106772e+00
1.059746897516855135e+00
2.232561831270174491e+00
2.853621911694173896e+00
5.758134729715857603e+00
5.161643650949186757e+00
3.663634458688090678e+00
3.060932620503200141e+00
1.294504370846478958e+00
2.441530457383912278e+00
5.713587069816853381e-01
2.699059722772986003e+00
3.006040239629581112e+00
2.434097026625442695e+00
2.634395382277031072e-01
5.122795268160619919e+00
4.192359157041503970e+00
2.425666979765349396e+00
7.328578676532637726e-01
1.774377404575210759e+00
4.471821760468929874e+00
3.459984619754398860e+00
3.484046512219850289e+00
1.456709066269788355e+00
4.215469097468787396e+00
2.960071084521423757e+00
8.522557861813920832e-01
2.775180223548049163e+00
5.876033984851834369e+00
7.561561908496862161e-01
1.991609904205498882e+00
1.873411350396655406e+00
1.801027778113189814e+00
4.598806284578034642e+00
1.542723442177098114e+00
2.726806462798264441e+00
6.979186456011345907e-01
2.128877805453270877e+00
2.303324839175678207e+00
2.405287111704946135e+00
3.063352705508396667e+00
2.071995906833209666e+00
1.225964016794486744e+00
8.512870245342304187e+00
1.084161196264715299e+00
8.809870506523921341e-01
1.052094940678780732e+00
3.433467823243235184e+00
6.629325414162146046e-01
5.494225525079592387e+00
5.037810544912793009e-01
5.747778310830774506e-01
6.918974434918231387e-01
3.959470733133626297e+00
1.318300175600795709e+00
4.301597432485426253e+00
2.907850476705413634e+00
1.642624942795180454e+00
1.278101928044374169e+00
1.803594203866398793e+00
5.031352267629237929e+00
5.007188444943080796e+00
1.944701369770548416e+00
1.775857962791931088e+00
7.749442303179776559e-01
3.227076521576687895e+00
1.727782878485891516e+00
1.608517653284378790e+00
1.243842860943517703e+00
3.429200587492431840e+00
1.738468272197745579e+00
3.620029775189162358e+00
9.994508635308466671e-01
1.634856665136574350e+00
5.483696993171827572e+00
3.312600010492225522e+00
3.414434837188475402e+00
3.904925623242545996e+00
2.754141306376691301e+00
4.355674197402915837e+00
7.550359124228176455e-01
4.136479465792681331e+00
4.932055726821047870e+00
1.385983503275508566e+00
3.512722378281049274e+00
5.274151049328088980e+00
2.401155763117625241e+00
1.690352428762853965e+00
1.819830789638335666e+00
2.247999677874268354e+00
2.171963073822190449e+00
2.576748668335573367e+00
1.301276148196903293e+00
1.697166513648729724e+00
7.432552087544146424e-01
4.002206262270100900e+00
2.965894634123207751e+00
5.011880074309407185e+00
2.681247768933393782e+00
1.959947912860640296e+00
6.974143603467719554e-01
5.565992242388536404e+00
3.523284818444968547e+00
4.038026108808693060e+00
2.992372590101963770e+00
1.289989811457499247e+00
1.570487580138333783e+00
2.170922963111431958e+00
1.315715167768466198e+00
4.481170976233157077e+00
2.706146835881274804e+00
4.370374073897141720e+00
4.853921327967378296e+00
1.881841612301852429e+00
1.145585842440832725e+00
1.272458251337743151e+00
1.203548601156240405e+00
1.540668338091158551e+00
4.435974985122786762e+00
9.301448914577545857e-01
1.260072858138698848e+00
3.788311532014631666e+00
5.722182014384368465e+00
5.756176920339619585e+00
8.112389468956817673e-01
5.586623926105513505e+00
2.046633673743410320e+00
2.422185199977163972e+00
1.755993484928650261e+00
1.413921112435080341e+00
2.009011036847066833e+00
4.630019307416424645e+00
5.204690108415112038e-01
1.797368235894837518e+00
8.931221079567694954e-01
2.999271783352857046e+00
1.017525488671084499e+00
9.891302469460296898e-01
4.880251561244021374e+00
1.804724944966945355e+00
4.995655195005518578e+00
3.806579611479321557e+00
2.002675129456565450e+00
2.184557428684126279e+00
1.037562081856325813e+00
3.980832566581775644e+00
2.308991839605870400e+00
2.085454081846754626e+00
1.530328768372211767e+00
3.777745691144462903e+00
3.180879540619344414e+00
3.281362334292183824e+00
2.250533172434088236e+00
4.628329051394875826e+00
2.335935344402073177e+00
3.032812132586805376e+00
3.451217543889983475e+00
1.481683606136185327e+00
1.871497155014387292e+00
1.287565902356207825e+00
2.307591889548897157e+00
1.964058065490730476e+00
1.384936745191093888e+00
2.489139481273408006e+00
1.201550010518892542e+00
1.280388424868796005e+00
4.471627417301133334e-01
3.331152263188139617e+00
1.045895951947830582e+00
1.194120653589918257e+00
1.105844914452937644e+00
3.914815655111266945e+00
3.393642006823538004e+00
3.979648865662081647e+00
2.592736913260738518e+00
1.841465909996955475e+00
1.260074233213629658e+00
5.110976752241605858e+00
4.283912208106103847e+00
3.184652519960029071e+00
2.175423645781392690e+00
2.734500875188860203e+00
7.409726165443388801e+00
4.306936968793847242e+00
2.516924268954560784e+00
2.354927843499170059e+00
4.815405291544468724e+00
2.238739790358956316e+00
1.209147354038538236e+00
4.949048262578469526e+00
4.485669245216820755e+00
1.830221603466187563e+00
4.639733295024467630e+00
2.498595019535426509e+00
3.723023908785330516e+00
3.806124148876635083e+00
6.488908038035327008e-01
1.356756563653336967e+00
2.868078684104010012e+00
7.866792303604371872e-01
3.889787019808635282e+00
1.494252076087595471e+00
9.066091725002392465e+00
9.312167376718473166e-01
5.619569942228433312e+00
4.790899176229407530e+00
1.927852352018049720e+00
1.339579113994656900e+00
4.574002755047815727e-01
3.436529761654799842e+00
3.633103886939547333e+00
1.878160892785577518e+00
1.572478202513618362e+00
4.228978344043738957e+00
1.752513855496034445e+00
3.499006263902671776e+00
6.905171421897978723e-01
1.694363051297801848e+00
1.397913265827610274e-01
2.013623705224079075e+00
1.434774212721870557e+00
1.395572361358737190e+00
5.285300590615977789e+00
5.842096391891496987e-01
2.499313674988123068e+00
5.530823992301671765e+00
4.554390695769434672e+00
2.543871638007233038e+00
2.348559213652314792e+00
4.678287695065942664e+00
2.690110978062034253e+00
4.637321834001556731e+00
2.654786066261797028e+00
1.716862293567761544e+00
2.472688792427990001e-01
1.689468100365113967e+00
1.214384712657100573e+00
2.584102958973416353e+00
2.148865358621148580e+00
3.119968096968588345e+00
3.122605109324390948e+00
2.018056892372079858e+00
4.529349752770738036e+00
4.690135694858242332e-01
2.027402667671230674e+00
3.904145263967775392e+00
1.457739896181748041e+00
1.387173194200354454e+00
3.138772216275528493e+00
1.341616443194245667e+00
4.300985595215490953e+00
3.854093777346763616e+00
3.820360255368177693e+00
4.950610540631748435e+00
8.122535581967346152e-01
2.867117291576051663e+00
6.874598182799830148e+00
4.036988427090603793e+00
2.331506291917614160e+00
1.982042360569612693e+00
2.998402678589245252e+00
1.136914752396615658e+00
2.923050266125037933e+00
3.640310979953115478e+00
3.507918321674903694e+00
2.225586692473811912e+00
1.867317965466634089e+00
2.558422608052429048e+00
1.725957966083501383e+00
4.825436955480230661e-01
3.359725058833125999e+00
2.721790367918110132e+00
2.307913548395042813e+00
7.126528360726397393e-01
8.092623022548135481e-01
3.567422752640223127e+00
1.209173805242525823e+00
5.494499524864365547e+00
3.232973243006424191e+00
5.747605560729857288e+00
3.584951904041033810e+00
2.869579307676120461e+00
2.643789482727755491e+00
9.578151347264118876e-01
3.098348144255565373e+00
3.724350974003848069e+00
1.560588457492356973e+00
2.351541409411455064e+00
1.475307389207217934e+00
2.901026459040592975e+00
4.642113139320883874e+00
3.768294557592477112e+00
1.839723349071780811e+00
6.674965030043886749e+00
4.243872477080715022e+00
2.028615728784216810e+00
1.194115501024076265e+00
4.014548438045836498e+00
6.351378817998766912e+00
7.143111696285847634e-01
3.008282062540572621e+00
1.567326455163439158e+00
2.228033807134459643e+00
3.884293120400003296e+00
2.492645863902533510e+00
1.323116029746044031e+00
1.604726451068171578e+00
2.548259996362487900e+00
1.973762862593585909e+00
5.235245670868356349e+00
6.198779885245243593e-01
7.279589768543159423e+00
2.061706344653352119e+00
8.026733059872972476e-01
3.091096691032706456e+00
1.742995743375036044e+00
1.281941241471251880e+00
2.731730275578900802e+00
4.423462428365043664e+00
6.338108488632538062e+00
3.885843329556022963e-01
7.907197928045766044e-01
1.694448358510896258e+00
3.465223281756726781e+00
1.935713227046425455e+00
5.644215740434852080e+00
2.865518514167175734e+00
1.619012726512884193e+00
8.900742242968885387e-01
2.279798256212834051e+00
4.929605268614452029e-01
1.063335364208920941e+00
1.992811082740197470e+00
2.534468114588860566e+00
2.892706531078904852e+00
2.369525653163611967e+00
1.448634989078878776e+00
3.301323892875238641e-01
8.469770951716931728e-01
2.630385822602099744e+00
4.350079345406273390e+00
4.394667034081016332e+00
3.264733634569820797e+00
1.653351159354894406e+00
2.124024058163504147e+00
5.413146078280662188e+00
2.416288717186318991e+00
8.319173028516794188e-01
1.454976885006523890e+00
3.656933271710984368e+00
3.799114285006138236e-01
3.440718931113513346e+00
1.707335770543040088e+00
6.076194616791787517e+00
1.655485131425786793e+00
7.518485175764264561e-01
7.537033358393721016e-01
1.742494450767922087e+00
8.408512447266277556e-01
1.611297289750477146e+00
1.429704576212470934e+00
3.324557335883976172e+00
4.417846776123268704e+00
2.278528065859003693e+00
1.875982156842665116e+00
2.206440320112584619e+00
8.217664765714177699e-01
6.918125003046997179e+00
2.674758048053547999e+00
1.956205934156336923e+00
7.484256388871391996e-01
1.040013416190182172e+00
3.378229300400329205e+00
5.194090438445704727e+00
5.440942505530470541e+00
3.241874894455024414e+00
3.785139460401241607e+00
5.554529543935808000e+00
9.284552418723575062e-01
1.431276229808130296e+00
6.408066599141783115e+00
1.143218930946278356e+00
3.218421846011138232e+00
1.218479402164749370e+00
2.326819890077352238e+00
4.824188796654132361e+00
5.337951611431612342e+00
2.324765227379422594e+00
3.108021957639924615e+00
1.870279001442705091e+00
1.191330808885617154e+00
1.899152153740996773e+00
3.346558192740915150e+00
1.103571821666090136e+00
1.828461513517480430e+00
5.070224347886878036e+00
1.052240398148660994e+00
1.261817107244649572e+00
4.396326051098753851e+00
1.539002489710509680e+00
3.005175813876496793e+00
4.299737343987379390e+00
3.498607661222843834e+00
4.213442624209911891e+00
1.384099797724089032e-01
3.964747266841759377e+00
2.438856151061925992e+00
9.193577575927392997e-01
1.028559778215396570e+00
5.659186918827155743e+00
1.718510293061539240e+00
1.781002677643172438e+00
7.677921188453306067e-01
1.693611520701830075e+00
5.240303198905754911e+00
1.355619390623505227e+00
1.395768364124293504e+00
4.489789046125208571e+00
2.271343900447548414e+00
1.207933441741016578e+00
3.115706080435815206e+00
1.091323548656846221e+00
2.160554358249538343e+00
1.007093727865044253e+00
2.621267003658656947e+00
1.845051549658713652e+00
1.578979099999961777e+00
6.461030621093077464e+00
6.663716377353625653e-01
1.808902873591255789e+00
1.432641857288727838e+00
3.215928622578470009e+00
1.654762519723782077e+00
1.179950107604509579e+00
1.071202821768150404e+00
1.860344123507833514e+00
2.799106458477095938e+00
4.852387487799988186e+00
1.754392138036064308e+00
2.665386578279859364e+00
2.220749407105049755e+00
1.238579519938930673e+00
1.597309609194870639e+00
3.752908370693339157e-01
2.176184472615072529e+00
9.157472443806031759e-01
6.625987683447083221e+00
5.703705143371343489e+00
2.287127512492052261e+00
3.892891613865869793e+00
6.599824540991447108e+00
8.888202901567204828e-01
4.477098768021781972e+00
3.834970757579203582e+00
3.140086481831313669e+00
2.622351470547298558e+00
3.608548289009216870e-01
2.667049939947367054e+00
2.074204603283071435e+00
1.903911580242466650e+00
1.687299330010506027e-01
3.983287112527420071e+00
6.669589612383303168e-01
1.564683048908592111e+00
4.082962394137625850e+00
3.051522668669837568e+00
2.405041711569551044e+00
1.367660119124294305e+01
1.950916153370753303e+00
4.265572494603575571e+00
2.091429884320736843e+00
1.661116066195714280e+00
2.271225247204734288e+00
4.017631932117255111e+00
1.025421026575821237e+00
3.131411222028622099e+00
2.329448167856539076e+00
2.394432557835360686e+00
6.062412099163722701e+00
1.504837051902115475e+00
2.707244760439621256e+00
5.668153614169015420e+00
1.207631210068473404e+00
3.919370196181816368e+00
3.105820631630411111e+00
3.897899523176000525e+00
1.226333585513593505e+00
1.178321804039224041e+00
1.814425286610605426e+00
2.100359936402930394e+00
9.991263902215257175e-01
4.031770317459092645e+00
4.035324572362996243e+00
3.785521159391393109e+00
2.404013951891012191e+00
7.787209704189169690e-01
1.437512768846161304e+00
3.752538432346602448e+00
2.291106052738678400e+00
1.449742537334447245e+00
3.254621120082481944e+00
1.870470976204042790e+00
3.935100105642262314e+00
3.393273898607670258e+00
6.747217817561503850e-01
1.912716413409459637e+00
1.234191272982493759e+00
2.813409962313761614e+00
2.345313653683908761e+00
5.563708455466684910e+00
3.476178530841520065e+00
3.999252976534904302e+00
2.173475567058364089e+00
1.723591340742603784e+00
9.937599668775699557e-01
2.454205009360509226e+00
9.196263752842658290e-01
5.185614860298491280e+00
5.881814561451678358e+00
4.249047766424338679e-01
3.121752761201277870e+00
6.463679932859018429e+00
2.797260337978790368e+00
8.875481472319151077e-01
5.761595607289304866e+00
1.095504964036274176e+00
3.153753654247202221e+00
1.003060873146119691e+00
1.773313030517136069e+00
3.818618521852698233e+00
1.216560632160723632e+00
8.444195246431911439e-01
4.262391938858573148e+00
1.754629198550379243e+00
3.493318270320551200e+00
3.226142682522498806e+00
5.341670265478727586e+00
3.701354646331213694e+00
2.755358148100314430e+00
2.779343092648414171e+00
3.125134303159268434e+00
1.082449423853761417e+00
3.493845879937147902e+00
8.701147891181656435e-01
5.225477823247022258e+00
1.294122622433702352e+00
1.575615156888409141e+00
3.654513354347864063e+00
2.641942597620246858e+00
1.234214432756519875e+00
5.922265872177968404e+00
8.003860012476621266e-01
2.950884462408995823e+00
4.550417584911921054e+00
3.626214239331317035e+00
4.361567729595618559e+00
2.500816735284190351e+00
1.177773668386410622e+00
5.043401967586013335e+00
4.300701166807574083e+00
2.103072225997884015e+00
3.438531130215980447e+00
3.736971457997769530e+00
5.357189730935332683e+00
4.836904379584973768e+00
5.611780145232774686e+00
1.152705659660461457e+00
9.336185529139183759e-01
9.189778595903377312e-01
2.126195051774663725e+00
3.033484457465656536e+00
1.823911859801777835e+00
2.816376434863315792e-01
5.619976861846293303e+00
5.042020779562815802e-01
2.524794864040733611e+00
2.543673484434379795e+00
5.631342068002491708e+00
3.396213538116322761e-01
4.764394292713199697e+00
2.724496358675241314e+00
4.108422162937834798e+00
1.775688210717888627e+00
3.501508405841099236e+00
1.876111423542444312e+00
2.320654060008054298e+00
3.354281796687929251e+00
3.589359262184701915e+00
2.619151293066919628e+00
2.737291500695373525e+00
1.151495187260867192e+00
1.782483702985929730e+00
2.017058191098659581e+00
5.239900875597013119e+00
1.791511104710412416e+00
1.946963377224907088e+00
1.834033191826939468e+00
4.042915255104523986e+00
5.918530894350285898e+00
1.088871628578394368e+00
6.227382726202609575e+00
7.172615651466873743e-01
1.100475987780674680e+00
2.821000532760714385e+00
1.882558268810264224e+00
3.856871299125770758e+00
2.194258418869508898e+00
1.991741917609990198e+00
1.460175669781583530e+00
4.882933543097971452e-01
2.063489710373802577e+00
5.664896205642871330e+00
3.393045106858740834e+00
7.063391707486988969e-01
3.946481477424844897e+00
2.755484643674793066e+00
1.939811109674667966e+00
1.452201069252805787e+00
1.381817125867572438e+00
1.458878605352351476e+00
5.642814360670853624e+00
2.066817058211882330e+00
4.188540014098016684e+00
3.909072439919397901e+00
2.175409489485736536e+00
4.028229887939348330e+00
4.774875051936933623e+00
7.377097625880727483e-01
7.018615209617341533e-01
5.536611669408690872e+00
1.696878068025965414e+00
2.619061153789785656e+00
3.586756299385065905e+00
2.384091284830837765e+00
3.033603126309655895e+00
2.151306232384915695e+00
6.121334742217695357e+00
1.393828389674623525e+00
1.436420171956444669e+00
1.275814790024505596e+00
3.911870822561230199e+00
2.821087865703088227e+00
2.075672556649573952e+00
2.281065598389830917e+00
3.808089393990869542e+00
3.667083020281288963e+00
2.130354286958856314e+00
4.968391387409537785e+00
3.586375994858398641e+00
9.170697848731801383e-01
1.133967102361946422e+00
1.892378631525719612e+00
2.319450287189630089e+00
3.561013993080993867e+00
1.040112707357686794e+00
2.340324709872982911e+00
1.292823852839525056e+00
1.156424753002891714e+00
1.181127160505306639e+00
2.176364139031032430e+00
8.527728501788520710e-01
2.432355043007741635e+00
4.968280563600407262e+00
1.463906285433987264e+00
1.038780191092125715e+00
3.921519642339775125e+00
2.220678490338653610e+00
1.047872771191474817e+00
1.356826680687968967e+00
1.589286274874287530e+00
8.991516372988649364e-01
2.502784495340152127e+00
4.942521817093816772e+00
4.922014715320337963e+00
2.891832822766335909e+00
1.147289478991129652e+00
1.244575277263477497e+00
3.716840864013368329e+00
2.602035406000672069e+00
2.337691604976015913e+00
1.246950093996517239e+00
4.715674538022881279e+00
5.400033191456693693e+00
1.897739932303109667e+00
8.145509242418439433e-01
6.069762714536016013e+00
3.917701886362073171e+00
1.473521978860031778e+00
1.663929649567564617e+00
1.769895379223200615e+00
2.635685235354488398e+00
1.024400649947489583e+00
1.302152234978205536e+00
3.947701641023189989e+00
2.357139297649931908e+00
2.529936625040151377e+00
2.554704206320796089e+00
3.633639750071151031e+00
3.072755197250249815e+00
1.118343231934025184e+00
5.072090829158280911e+00
3.489107104683822236e+00
1.216505996735431250e+00
1.836256579485366469e+00
5.630146052233556020e+00
5.544530800534844817e-01
2.501393908760950247e+00
2.047983750480829812e+00
6.883231359961883289e-01
1.521764636023879902e+00
1.982099171250392144e+00
2.878296909453546437e+00
3.414327532574211066e+00
3.767435618747255521e+00
2.488260690794268815e+00
9.424594938412289569e-01
4.327305232730346063e+00
1.858631987902213289e+00
2.393981432051812686e+00
3.751478224619391177e+00
2.759315642535368429e+00
8.141416004092723036e-01
6.877909665286196628e+00
3.936292199909571909e+00
4.745720090800799262e+00
7.170811968979989848e-01
7.373619434134258688e-01
2.334768642852449450e+00
2.816967929632561152e-01
1.075476803401905768e+00
2.155029063047062543e+00
3.605575468429879749e+00
1.387316402701801676e+00
5.446669861854201322e+00
1.401450703313724455e+00
1.800029151443165443e+00
1.924460552519900780e+00
2.297263965580109257e+00
3.418924491549498956e+00
7.321149989727478991e-01
1.555589143851058509e+00
3.009916672514795888e+00
3.100011441825912151e+00
6.241606205283254383e+00
1.438335047547422807e+00
4.859908688299130475e+00
7.051986083847127773e+00
1.611746110169890667e+00
9.536732363475101115e-01
1.177247715559747832e+00
1.851795525692252697e+00
5.956374379755819959e+00
9.611516811696704465e+00
2.243297504091940731e+00
4.680263623651507388e+00
1.059990171999579012e+00
2.746201928454965024e+00
2.061378246992888297e+00
1.095195895962215005e+00
3.331200284229492770e+00
1.447248537298400528e+00
2.552108639053082495e+00
2.276086403848933681e+00
2.073648810384671748e+00
3.167815806954834112e+00
3.668068918335551931e+00
2.340971520606403899e+00
3.165618282860891863e+00
2.216560844987552681e+00
4.665920888645648468e+00
2.444764939494465938e+00
3.182295778458388735e+00
1.973807422226596442e+00
4.285152167769783915e+00
5.595623297637498439e+00
1.909748756456082885e+00
1.494312030753819798e+00
2.939204000869001909e+00
4.270087548779953224e+00
7.322336398068574059e-01
7.668431918277788029e+00
2.902902021265592492e+00
2.639421757504052835e+00
3.687786281726071369e+00
5.656398813089242417e+00
9.431639679078603899e-01
5.686433358758420376e+00
1.196813690782706940e+00
4.047985723175437478e+00
1.698692013735812800e+00
3.412467184905653372e+00
2.347562073436662899e+00
2.330057455077231943e+00
9.291341394773848794e-01
4.285855681144242091e+00
1.834840236453712858e+00
5.514247050004998485e+00
3.469207532231858071e+00
9.015170570602083489e-01
1.402235496092999245e+00
2.118889991715322996e+00
2.023109719083235447e+00
2.156060297589808883e+00
5.708034454163092519e+00
2.734912641206806772e+00
2.869903332031701559e+00
2.834785841638678416e-01
1.263695109996914479e+00
1.464782592760067725e+00
2.053089925492510126e+00
1.615219373436404648e+00
2.800077344632873722e+00
8.482174953314863819e-01
2.832539769395383988e+00
3.789349099093842987e+00
2.613646941946506708e+00
1.591676860349681588e+00
4.698813043129658418e+00
2.589855812526789425e+00
4.362986651484486167e+00
1.842294465615117671e+00
5.195084311802961707e+00
6.627877506404478147e-01
5.275109063780378804e-01
2.053787364288812256e+00
9.965171440176965323e-01
1.015878487276677511e+00
3.356698789404930938e+00
1.479848896979122364e+00
6.293223864879842644e+00
1.260175975842036555e+00
2.078120351497199092e+00
1.083649048884255839e+00
4.538853807824197339e+00
7.265210799123377861e+00
3.932385388585575736e+00
1.946186702200949137e+00
3.952488072014451514e+00
1.277241387898135683e+00
4.016154753811705724e+00
4.552733397099258950e-01
2.073569520959310353e+00
2.107330099743355944e+00
2.589646342926669398e+00
2.264998244333365385e+00
3.079051824750252742e+00
2.040098757629985382e+00
1.992905028021794811e+00
3.031622455659891191e+00
3.308141232966105072e+00
1.558007630980448477e+00
1.606812431739320202e+00
1.712439672848238281e+00
1.085632060063663973e+00
1.018327429514245264e+00
2.285638267076183894e+00
2.367057037209185477e+00
7.278468040217296320e-01
4.697049121073793576e-01
2.058600596847397934e+00
6.356149655253227060e-01
5.775543818002809582e-01
1.924615094368721024e+00
1.826564393736022751e+00
5.220072477355897078e+00
2.123036300042035140e+00
2.752786525772159543e+00
1.789141432310408453e+00
3.380584199998314165e+00
4.091734918036902258e+00
6.712508110573880415e+00
6.420064219501044889e-01
3.447762799719586546e+00
4.331848354201047080e+00
2.242701845091495394e-01
1.598162922216473492e+00
1.332922502542118526e+00
5.481551320903154334e+00
1.567740270782696621e+00
4.003457059731289069e-01
3.624957884670133801e+00
2.584699449799984894e+00
2.437940942338985284e+00
3.171265677934811844e+00
1.987215878140084158e+00
8.026456246015845064e-01
3.142769711851530534e+00
1.140871158772299498e+00
3.668014225278913187e+00
4.209457465897575190e+00
3.987858196651581810e+00
3.050823661010778398e+00
1.634520547081697250e+00
4.949581194807818108e+00
4.125265788000394451e+00
1.352722351099388653e+00
1.305134529419693656e+00
4.029701849935498181e+00
1.073165629700574053e+00
3.169502966272407019e+00
5.365011090557845641e+00
2.388709258969632820e+00
1.217646126199065870e+00
5.850355085870574179e+00
4.853316200415276782e+00
3.674619027231591950e+00
3.155097067032827329e+00
7.227382437182688912e-01
5.111433742537816016e+00
1.436323971601249028e+00
4.108225795491761367e+00
1.408259365146468767e+00
4.378962495436257152e-01
5.322084410178512748e+00
1.181846829774172880e+00
1.123562596586621609e+00
2.295301993883315461e+00
1.403625337971594611e+00
2.672134298971407862e+00
1.450888511954433913e+00
1.007627997177739321e+00
9.506882053261310750e-01
7.202479301498099229e-01
6.946639829887256701e-01
8.571188509203380157e-01
4.195025858244777694e+00
5.312545558730104922e+00
1.342753751438359400e+00
7.289490647046827920e-01
1.555127917093336087e+00
1.371978608467394833e+00
1.322026448984292779e+00
3.822838382118546097e+00
3.858219167751931078e+00
1.975850028447845741e+00
1.382162536641065698e+00
2.022553491504044842e+00
1.808083989271189296e+00
4.329004813433240173e+00
2.021907964255186485e+00
2.372799868463546069e+00
3.224726900558667619e+00
1.787273796106577439e+00
2.065542693672096419e+00
4.368938125721030907e+00
2.386382178617911354e+00
3.124671577419505297e+00
6.068727092099180709e+00
6.953773065096540140e-01
8.858930438527471196e+00
1.222290080066149365e+00
2.101487555794359086e+00
4.520883755908583268e+00
1.235501705472612066e+00
4.784009711704319656e+00
1.313101452129821878e+00
6.354654279145566242e+00
5.094679720856375660e+00
4.829989765762984000e+00
3.005020759330107705e+00
1.694673951284873414e+00
7.324902439803831378e+00
9.628037284758713676e-01
5.250738467738249149e+00
3.604222037083464780e+00
2.784099556025047661e+00
4.167536716454949830e-01
1.726454789767014830e+00
5.099376463400511206e+00
6.156581407812894646e+00
4.686720628068964167e+00
6.579766772318957901e-01
2.627044847135100003e+00
1.800522270900513977e+00
5.163339380432221404e+00
4.283682211427700004e+00
3.950422656004391353e+00
2.986463037852681524e+00
2.463614589625052975e+00
2.954418266689990524e+00
2.965450661651626518e+00
2.616809342775002545e+00
1.952131644345157291e+00
4.993230439141848720e+00
2.704919061631744004e+00
1.824013101322700114e+00
3.540306159912393280e+00
5.232430040663194060e-01
1.628194469456645921e+00
1.317498595520179894e+00
2.727450262681673898e+00
1.953042661871619456e+00
8.518692788594105503e-01
1.358015405926005226e+00
1.571155733330016790e+00
9.320811537295206062e-01
9.991800057023010329e-01
6.043185809182639368e+00
7.016169565486762849e-01
1.513871804597321402e+00
3.718500689392229663e+00
2.748509338827638704e+00
2.053283972450838935e+00
9.095211504962539273e-01
1.053126699205494399e+00
1.603491717041340969e+00
1.815383264293074062e+00
1.870243924941183744e+00
2.693043933954399893e+00
6.794224140327393968e-01
5.229871351531678592e+00
5.886560017582411319e+00
2.348949648533010137e+00
1.874336345814048288e+00
3.883609702634735150e+00
9.658141043405139570e-01
2.787416642914989584e+00
4.141833116064883136e+00
3.619340563311411518e+00
1.099750496635966179e+01
2.371947797066843666e+00
1.688642882036661241e+00
8.061205208175982406e+00
4.413875443953609867e+00
3.174906479889722632e+00
4.776815229392931350e+00
6.457261537712422061e-01
1.082800067921487397e+01
5.312462065810012568e+00
1.084829918103374702e+00
1.355821762153778698e+00
2.468887474703301610e+00
1.022877234415826786e+00
3.603491668957299332e+00
4.094677456641369062e+00
3.614521210594458633e+00
2.755463654149510777e+00
5.475810933848149764e-01
4.856481157760857315e+00
2.460636904168401973e+00
1.434073891274381118e+00
2.342289903572297938e+00
3.985291167822798020e+00
2.685213466504546620e+00
1.193491695471649461e+00
4.219697266972529670e-01
1.642275058042924618e+00
2.762907550208220098e+00
2.949438194151536408e+00
1.492005731152240111e+00
1.801739897313020977e+00
7.767162171846379692e+00
1.625202988103431556e+00
2.451566201938566447e+00
2.935061652563780488e+00
9.680691107992791533e-01
3.682569073792104852e+00
7.482775510086956849e+00
4.020737768841442517e+00
1.671070013334724047e+00
3.106836864501863360e+00
4.044361724619235932e-01
3.097485182807040438e+00
4.606977112014779330e+00
3.791346039887458996e+00
3.260266882291890655e-01
1.522670793698741809e+00
6.274141301563743722e-01
2.118025675878994374e+00
5.386447032416574743e+00
1.387950735717475848e+00
4.262579818995674508e+00
4.548736808836554957e+00
1.626774245606329661e+00
5.368917865908459319e+00
2.854225244229397607e+00
3.482448010134958860e+00
1.831740000037342941e+00
3.860617624655656499e+00
2.213753597274580542e+00
1.550261543861067182e+00
1.653225618018810961e+00
3.419016017061175639e+00
2.941152994246777119e+00
3.203180306708402370e+00
7.403644911894111669e-01
4.439893337783309413e+00
2.721118789172109476e-01
1.647123491979672227e+00
1.677539132994748439e+00
5.147744351059912127e+00
2.045194257839166863e+00
4.327617629123114540e+00
5.762188650123794886e+00
1.662000632326555483e+00
6.531357018504015954e-01
3.806657261677687476e+00
3.087537147985351282e+00
1.292767063268383199e+00
4.874521898471651404e+00
3.126502748038291646e+00
3.307986605431163518e+00
2.437402914469088966e+00
1.835651251789711003e+00
4.752731839567343464e+00
1.697138228895573864e+00
4.086361984675417780e+00
2.830762388040237720e+00
8.564693245669247057e-01
1.899376677612043318e+00
3.772439783133310964e+00
3.251118202386860556e+00
2.432186318831497385e+00
3.835242684732312224e+00
3.726585673161775247e+00
5.801291357580662833e+00
2.629274764895740191e+00
2.744167076527624705e+00
1.715407601692155559e+00
4.573499805978730182e-01
3.557286307845944684e+00
6.684939238920427629e-01
5.876038091761840221e+00
9.168369908400220147e-01
1.825844541893035355e+00
1.703154593101219083e+00
2.598240673275537205e+00
2.744005344571268434e+00
1.489364803055188924e+00
1.873233078936038742e+00
1.480891352093132385e+00
1.208570901916878437e+00
1.325134715597453772e+00
2.929836065029550518e+00
4.779817382463977249e-01
1.454181740418851065e+00
2.066953257970828961e+00
2.734421021693675513e+00
2.497758285106797871e+00
3.090334914773600783e+00
2.381113796079140921e-01
2.747136498439791463e+00
1.388150798745098502e+00
4.097925616091625756e+00
3.158690309750433300e+00
1.749154977672099820e+00
3.796475128210402339e+00
3.336434509048420427e+00
2.486273306561414209e+00
3.445954924505564954e+00
3.444942026766644627e+00
4.282337048756643227e+00
4.924578594818339039e-01
2.772516588287194050e+00
2.421621118657235616e+00
3.857814951086979693e+00
2.220848687539364263e+00
2.302222178230779015e+00
5.420156208328594793e+00
2.170304903155951148e+00
5.378762192586478363e+00
5.490326472366377608e+00
1.936109712004213890e+00
3.750016099615671283e+00
4.758674602313557322e+00
4.108234364189119248e+00
3.616103118211633216e+00
7.689035363973819592e-01
2.323672813268490955e+00
2.896957985759918586e+00
2.746124373279884789e+00
6.193251961924585380e+00
1.500865564186033119e+00
1.510171773319758604e+00
3.414693245832546964e+00
1.643961685032891751e+00
1.958916877467054674e+00
2.920723570147497394e+00
2.663106798886075044e+00
2.206953863651196723e+00
1.907189845084113822e+00
1.610790251071846813e+00
3.146020908335454003e+00
5.425964952960458554e+00
3.875106703845509148e+00
3.291749051347135246e+00
1.110279921128070946e+00
1.911729989824884290e+00
8.512922611969309106e-01
1.449144916000695948e+00
4.728380819601415652e+00
5.019710514714720517e+00
8.348517181086062555e-01
2.212517552394618114e+00
1.111002252040578453e+00
2.960010973696946657e+00
2.493317821807492507e+00
7.568093004027722781e-01
2.197045886081867128e+00
1.700677226576961187e+00
1.283225492546087088e+00
8.291955635619033815e-01
1.720587999803253609e+00
4.890129053022354455e+00
1.833692891929228796e+00
1.171418980620717365e+00
1.180023980014315743e+00
1.433444428324801345e+00
1.390556607222139807e+00
2.013874237543099799e+00
2.945861276627854686e+00
2.558666341522876753e+00
2.788257093593594860e+00
6.387159280808186734e-01
3.041161167596553749e+00
2.034964347042905075e+00
3.914650079123767057e+00
2.091993735019160638e+00
1.999768864211315611e+00
2.048276404539544071e+00
4.314742356048106409e+00
3.584114772157394935e+00
3.664493549137433082e+00
2.580046337449840355e+00
2.174498661738075267e+00
1.928635699802183634e+00
4.107006057424761103e+00
1.783560317954601793e+00
1.755717491503479666e+00
3.794475315299609353e+00
1.710484653315119008e+00
3.222013699403441844e+00
5.182541170531357322e-01
3.072330120857936109e+00
3.255955390011174178e+00
4.834433213257369744e+00
2.392036170801125294e+00
1.593742047067469247e+00
1.112184065165197522e+00
1.811049148504961570e+00
1.959802590727500737e+00
4.341893582209516822e+00
7.217242537401421520e-01
6.160162049975123066e-01
1.489048288051040281e+00
1.272261487518026923e+00
8.354404896174892903e-01
1.087889778399273366e+00
1.731203370821740251e+00
5.445433558761977544e+00
1.482521937858546579e+00
4.560452074548964063e+00
5.150134264150120211e-01
2.025974438497876839e+00
2.507603261723332810e+00
1.962077173954817511e+00
2.006274582719262956e+00
4.958162074506261341e+00
7.945847295715926517e-01
2.995152809369863611e+00
7.383849363400494248e-01
1.121457569387969810e+00
4.299264226606319461e+00
4.481924297996812356e+00
3.345943406122297237e+00
2.276358365226011315e+00
2.273146407011432668e+00
1.312107841192214241e+00
4.783194737781007455e-01
1.169394376531070145e+00
1.548209864660045953e+00
5.238916811275315943e+00
2.641643779818410476e+00
4.429883650937746609e+00
1.654237155031352380e+00
2.134251375181234422e+00
2.702643734113246321e+00
2.769679211730160517e+00
7.405982907045058461e+00
4.341575351548200956e+00
5.106110658902620614e-01
6.984669920708546087e+00
1.219838716305938764e+00
2.629086193354314815e+00
5.997990253255437665e+00
5.752190979925482672e+00
5.458218890658557143e+00
2.979082368580395990e+00
1.659704202682587226e+00
3.677783238795598209e+00
1.467395099463473906e+00
2.268960631699907804e+00
3.102387031433719855e+00
8.288402337328999447e-01
4.112616638926781754e+00
4.522271919174372101e+00
5.417174613944333750e+00
2.285612916094204916e+00
1.667046895148642127e+00
6.828350984041538396e+00
1.976254171214329780e+00
2.195547920745168025e+00
2.073056912273602226e+00
2.872164225614934452e+00
2.650999903102672750e+00
1.944566609489877029e+00
1.708572202111001914e+00
2.714400964230107682e+00
1.777057009266233445e+00
3.279195024939022485e+00
4.560175902669167947e+00
1.608413512857078009e+00
1.935391492532094526e+00
3.009149476296186787e+00
6.004841970281165509e+00
1.629080917961372998e+00
1.609361888669707863e+00
4.664089300921781422e+00
1.993583711699249639e+00
2.989621620032880678e+00
3.616712625363443401e+00
2.552995271195277027e+00
3.713117456378161485e+00
2.532464605906966870e+00
1.662300478788230507e+00
1.057565382101047113e+00
8.495956323952996714e-01
2.509152162234867145e+00
4.210618863620307906e+00
1.418642281279982376e+00
8.933074663506413993e-01
5.731451043686238478e+00
4.754606685223845552e+00
1.331215006388183575e+00
4.026745994079159452e+00
6.660030909997622928e+00
2.676893399237999738e+00
1.530841619400131526e+00
2.896489387999225951e+00
3.035302644528197646e+00
1.806704011468871496e+00
1.355169451146341020e+00
1.660856965012656339e+00
1.705269145551662424e+00
1.186637035270418750e+00
3.220112718238549387e+00
1.918082381345137089e+00
1.337511693978155503e+00
6.071576008183027895e+00
4.125633612549218121e+00
2.004643935071711791e+00
2.062537179010006216e+00
3.312078325691170999e+00
3.559249726722876428e+00
1.046164293479857177e+00
4.203482888528339068e+00
4.541859038665417181e+00
1.557604918778253911e+00
8.070376090508192268e-01
1.719784251559425492e+00
1.085658371365473274e+00
3.010373947250551296e+00
4.446067925233930573e+00
3.814107113907100555e+00
2.409810818396257659e+00
4.097944743436995552e+00
5.367333019439255004e+00
1.676397548504238388e+00
4.197757823459672188e+00
1.767427485357450312e+00
9.409013437316438022e-01
2.664627615902632307e+00
4.593792462606361759e+00
2.596863246374301326e+00
4.010562035515624402e+00
4.212012604458151621e+00
4.524518561327542265e+00
1.087795121340424664e+00
4.481110884127081029e+00
4.481624543864688448e+00
2.573506168968504149e+00
3.989942932099220574e+00
5.798221674815050797e+00
4.492983906103556468e-01
2.333761976568173413e+00
8.278625626189461961e-01
3.608163044657134666e+00
1.049490047503830015e+00
1.383589191103957949e+00
2.740916269202022804e+00
2.536209316066234898e+00
1.616507224702966816e+00
1.023264012474317530e+00
1.785705498699993177e+00
1.721725676480564626e+00
2.910434477749594517e+00
1.069063496977126437e+00
5.036047889829490920e+00
3.488186518259682067e+00
1.472911352932911422e+00
2.615079515893408146e+00
3.901696974289207365e+00
1.313593427141852343e+00
1.348484521834768302e+00
2.116688740064454954e+00
3.419748205944073138e+00
4.206535398420637506e+00
1.722189757482555095e+00
2.587051909157023211e+00
1.880239719739899229e+00
4.289606731575253740e+00
1.658240723124147165e+00
2.490887124921718598e+00
3.917745354455620888e+00
5.123610548757679961e-01
1.787292434730544777e+00
3.972813507240886999e+00
1.350894267598289344e+00
2.125983429332484409e+00
3.685344972805967956e+00
3.516321452638983214e+00
3.099789415396113856e+00
2.437930837444737708e+00
4.625474851790787767e+00
2.225924300925958388e+00
1.148284803602652504e+00
4.866189033897350136e+00
1.242523372171471463e+00
2.307855220962074849e+00
6.309289642485316207e+00
7.808158147978562225e-01
2.329707224721222492e+00
1.431548512284450902e+00
4.555335821085159331e+00
8.064285567416819012e-01
2.204960030854434372e+00
2.153510446301949433e+00
4.952796002814978116e-01
1.616725878376463754e+00
8.384433967249910191e-01
1.068440525402875485e+00
4.318269437973620839e+00
3.188042536858477494e+00
2.669424384235941528e+00
3.641945811636783770e+00
6.940967056847856531e-01
6.390557648114462141e-01
2.161309726113203045e+00
3.542762303978458149e+00
1.626882844557975938e+00
5.370164790594087911e+00
1.575789599239707295e+00
2.241337721636317948e+00
1.616703857169085878e-01
1.856833474421497820e+00
1.782670993440254259e+00
2.169643120640914358e+00
2.135414840027789030e+00
1.191701695920800219e+00
1.251299403172797309e+00
2.157238549628944124e+00
1.659098948405380636e+00
1.518329660759489830e+00
1.999836951091012782e+00
6.768741092394165548e+00
3.554589053749642513e+00
2.993193274560010497e+00
3.873224235865024845e+00
3.267458012197647754e+00
7.912240298647868819e+00
2.040567750846630002e+00
5.260370539276514101e+00
2.891377265968762433e+00
5.364385723648714688e+00
2.684759550836704367e+00
9.587554711375928518e-01
3.845641011335115600e+00
2.606042230120648728e+00
2.298203408919282875e+00
2.082320393940177983e+00
1.430648766064875899e+00
1.809941314485106645e+00
3.979204505000200620e-01
2.066243646361531461e+00
3.012187875877875953e+00
2.133484947577974467e+00
4.397154965417393591e+00
5.735094224286024778e-01
5.390807829390844574e+00
5.407043064870667770e+00
5.514081901191268287e+00
5.377407765580604071e+00
2.730376145415462030e+00
5.061955711441316730e+00
4.133437238401000968e+00
1.678134045962032195e+00
6.424842803390862223e+00
1.601141136800583009e+00
1.839290244081713377e+00
1.271661577503915008e-01
8.582318417702718971e-01
1.901819221179814834e+00
5.059161839987880604e+00
1.030099142657925571e+00
1.418168604737906735e+00
1.116398787047621077e+00
4.541967054810962523e+00
2.874518620746869590e+00
2.684976104030764699e+00
2.148198726754969368e+00
2.940362323265527156e+00
7.174532084591169756e-01
2.104877072030581164e+00
6.067663033813584406e+00
1.767280006231439327e+00
5.526121331073484022e+00
3.242125077584269821e+00
1.832486911799233509e+00
1.607213175651142301e+00
5.900081592452052881e+00
4.126397006869772177e+00
1.889469342243199401e+00
2.812100182100738532e+00
1.053244480012926587e+00
1.470670210092348995e+00
2.981834372735701066e+00
6.595377934571950984e-01
2.515538079818515182e+00
2.110476766373342805e+00
2.307993242320916849e+00
1.968636884629049622e+00
3.075804863745099649e+00
5.368698152082412856e-01
3.141569192505278441e+00
4.241167249368848147e+00
1.746788898242257027e+00
1.579741134606424957e+00
4.746721491433884665e+00
1.736094995777894834e+00
2.722661231085636846e+00
3.671422329511629723e+00
3.538698476607611276e+00
2.324520987872700228e+00
3.024358523097241402e+00
1.097731441617365578e+00
2.296404902215329447e+00
5.742102980982521920e-01
1.675099427163514232e+00
5.159458525187909927e+00
1.903759174616660443e+00
6.997211835655151591e-01
1.302714118862729142e+00
5.255236173669761257e+00
4.249979210588148426e+00
7.344472221283550040e-01
4.246713881095510068e+00
2.198460845256048124e+00
1.760497204681064964e+00
8.696347633501136931e-01
3.587972877681948614e+00
3.448553039138892107e+00
4.386489500227698457e+00
1.567766203201603536e+00
3.924937895052640791e+00
3.791273037081893005e+00
4.202005846985652937e+00
1.057344254377205583e+00
1.132183189516516197e+00
1.929464861384722507e+00
1.096153769278590762e+00
8.287477663091395996e-01
2.594035485941694308e+00
1.032564106063751597e+00
6.643469144254395609e+00
1.835245926609931910e+00
2.445243653096062175e+00
5.258585845697608896e+00
1.746384729834564498e+00
1.915310135712340767e+00
1.707278225993470233e+00
1.034049191942021606e+00
6.597545657209444414e+00
1.667866386905980880e+00
4.091805611951929933e+00
2.385775892011076316e+00
2.546828306168598122e+00
3.684717086685141307e+00
8.906999670942532532e-01
3.751288225197225490e+00
1.527570378568484655e+00
1.153512688526511676e+00
1.201806630822316757e+00
4.954349965281934054e+00
1.670052241475794563e+00
3.719437090830211456e+00
6.506055255303771823e+00
4.019015322421489067e+00
2.291055198624303735e+00
3.100133860857777979e+00
2.091822349498757561e+00
6.533629757797100090e+00
3.943411736332079531e+00
2.442546987467306696e+00
1.887220227290323793e+00
2.339697638262260515e+00
3.520793693315704243e+00
3.439457106896701255e+00
1.746868997873030960e+00
9.221160468654386877e-01
2.294199129523887937e+00
3.054221114623788313e+00
4.545007334743847771e+00
1.258070085055854159e+00
1.283496049118765470e+00
4.835018842459657407e+00
6.085719630093368693e+00
1.845703395418070158e+00
2.577174459757922698e+00
2.332610453070782519e+00
4.348236797010932797e+00
9.889472954689351170e-01
2.571065802388216692e+00
3.816487343222595974e-01
3.210160882382352643e+00
3.384381383170442348e+00
3.760748568211505383e+00
7.235620301127159593e+00
2.964115235067353638e+00
2.248367149501842910e+00
4.505197851146514942e+00
9.080772527912036596e-01
3.818335663186481765e-01
3.564862035870360213e+00
4.940085623398014825e+00
3.565817818756089608e+00
3.653823922062058749e+00
4.398140463259387900e+00
2.978468882199519996e+00
1.509741337128328809e+00
2.296977896742792513e+00
2.342979654072898654e+00
4.707507362783724503e+00
4.670184799200616688e+00
2.228334907678459320e+00
4.652505362124993660e+00
3.069811015932115250e+00
2.757874033620120180e+00
7.819981610329617139e-01
3.237507761161229070e+00
2.703641654349088874e+00
1.611222191221294953e+00
2.604323310358035659e+00
3.592149309997942908e+00
3.045779458976560772e+00
2.172904342687465018e+00
5.639722652498180722e+00
1.363082515786232740e+00
3.816648412168905047e+00
9.109996936333611961e-01
3.077217546351657340e+00
5.004843524135410560e-01
2.254261087158678567e+00
4.511442672427952161e+00
3.337172984320172286e+00
1.388327854405721373e+00
1.936996972120997196e+00
5.553842440505096789e+00
3.772998506345128233e-01
2.575254021484036926e+00
6.431226326315445441e+00
5.861414514843886536e+00
2.352294688468655082e+00
7.393585954941646055e-01
4.313554489042055629e+00
5.181624075547321517e+00
8.113922095098318188e-01
7.492975463781313961e-01
3.558639975860962590e+00
6.698597712431711981e-01
3.655871910318964524e+00
2.838692280803812640e+00
8.332832920288232303e-01
4.278125625482291916e+00
4.887413342502503255e+00
8.364543641183910694e+00
7.240525960501348557e+00
2.940822667573188554e+00
1.232601111715328157e+00
1.330123637762045563e+00
9.729256696810385519e-01
1.775522467138163973e+00
8.725790348520729989e-01
4.241645599191416593e+00
4.266828308363663780e-01
1.085739769725844184e+00
3.905586037656466392e+00
2.299370481103738317e+00
5.048511478691479759e+00
3.190029847208197822e+00
6.863930343162433223e-01
1.876822547239039407e+00
4.736812455487076079e+00
2.398934883145519947e+00
1.234756373090027726e+00
1.394137556173008274e+00
1.859577412750346825e+00
5.058905520956085589e+00
1.305497234888132407e+00
3.881746873767261352e+00
3.925757913317975412e+00
5.104209668273814060e+00
3.474266502280111801e+00
4.126470445429669454e+00
2.455625270929148396e+00
4.877231144647353744e+00
2.544162421503426863e+00
6.917235510973571699e+00
2.377415775684567745e+00
2.602399037279395699e+00
3.683692933373265088e+00
8.826761687798816425e-01
1.526923659648978360e+00
1.591246856482946948e+00
7.730774067826543750e+00
1.157773517195289337e+01
1.935798149887311359e+00
2.510193690223409213e+00
2.923482438500038860e+00
3.555226325063976844e+00
6.330064346263428732e+00
2.735684816454616364e+00
1.647385572832995360e+00
3.878292013476252631e+00
5.201379026424299834e-01
1.590063407000233742e+00
8.837864408260667215e-01
1.731159946465588240e+00
4.019534970085500980e+00
2.586133053464412690e+00
1.533049789106959881e+00
1.779291328513552761e+00
2.613786157827006740e+00
6.565734714039327402e-01
3.494633818456288399e+00
2.920798492986447226e+00
1.461181369015044140e+00
2.921954515279002074e+00
5.230354317598729708e+00
4.200361233998602728e+00
1.300826705564807506e+00
5.031629211836603499e-01
1.636094315923005471e+00
3.170647631288564305e+00
1.456199448860818979e+00
3.454960992870837799e+00
2.922893223326511691e+00
7.411427861584658494e-01
1.199103063429267646e+00
1.324295412118395854e+00
1.377412997439244391e+00
1.836773980790558536e+00
2.329806917648861164e-01
2.848350529419291011e+00
2.924233817431706406e+00
5.497517243764202810e-01
5.031477151716506668e+00
4.231225774221358815e-01
2.339438334519098994e+00
1.869111418613899733e+00
2.280303819096670681e-01
9.469213578408199883e-01
1.596651384577884469e+00
1.813756693118761643e+00
3.502983520237542336e+00
2.321422943012312778e+00
4.724060436770871618e+00
5.324381938748424581e+00
3.017941072558123050e+00
4.770881190745756228e+00
1.989307528953744519e+00
1.191406818551018709e+00
1.617730941780854526e+00
1.920410314193604862e+00
1.425531335586283754e+00
3.095967625528289080e+00
6.481185131493275797e+00
2.349120019475689602e+00
1.118485638562649820e+00
1.225550038814730902e+00
3.512958314498782375e+00
1.257670418187215811e+00
2.561984453774686532e+00
9.548003073567629118e-01
2.430999645667360376e+00
3.237162362603191568e+00
1.170518118117798378e+00
8.029962498841446417e-01
2.958181372390267239e+00
2.538195174002697119e+00
2.669140228199679665e+00
1.864853323767721394e+00
4.860810604129887302e+00
1.151418713729346344e+00
3.509826715771319883e+00
1.593626481478782830e+00
1.726276726099934766e+00
3.728005471212624933e+00
1.482623837105441655e+00
1.599769080007628075e+00
7.886433374831289811e-01
3.045246506533452191e+00
2.198448375958722778e+00
6.950909356489423097e-01
1.982800901701778695e+00
6.628460130400556372e-01
1.329811451219928387e+00
9.229591154525902397e-01
2.702043218136082725e+00
3.497592350783090165e+00
1.671806237486288316e+00
1.135733604778268901e+00
2.145500429521900454e+00
1.185120741072525297e+00
2.539480930442266526e+00
2.418738829098193488e+00
2.452240579259279851e+00
1.410724852064318746e+00
2.428571461704622791e+00
3.542547591900181203e+00
1.938395383817203221e+00
1.325820142146546532e+00
2.158013951434672784e+00
1.142615199444449336e+00
3.175097309122465017e+00
1.095647784708533079e+00
3.562197827602624933e+00
3.106949796838115230e+00
6.403210050837412126e+00
2.343113035296152891e+00
3.218691896039041822e+00
3.042450364911157390e+00
1.436108385619758510e+00
9.307544792951037982e-01
2.095882508642254116e+00
1.940103342959646371e+00
7.486708264432524462e-01
6.930700840759477011e+00
7.063835271429976803e-01
2.916113047781455414e+00
8.783861705618624116e-01
1.560593933545893153e+00
1.224296410363259202e+00
1.030314586866675652e+00
1.340399488419259155e+00
1.234488367497345029e+00
4.303865321712764924e+00
8.532918784635397103e-01
2.673492128015563019e+00
2.653785032646956754e+00
6.260977467972421273e+00
5.026234638140739008e+00
5.998617929681639982e-01
1.625649149770455937e+00
5.988853917701510987e-01
3.983911525219849370e+00
3.766809059212905542e+00
2.905587944900256403e+00
9.099057689659784121e-01
1.387066163547568509e+00
6.141125545988982415e-01
5.555825518915156636e+00
3.638561120700903206e+00
6.180640245424696033e+00
2.805049339472907022e+00
2.309708116564839209e+00
1.976586527477362853e+00
3.205148172771019155e+00
5.289449677596334887e+00
4.996442783765767892e+00
1.871264439412595015e+00
7.824136675126095453e-01
1.277731678396072601e+00
2.566405148812186177e+00
2.121795342581862531e+00
2.717706301021050930e+00
8.415514658300149442e-01
1.026032186075345853e+00
1.577186438987929540e+00
2.431507540582957372e+00
2.161785042489981823e+00
7.916482972233173099e-01
1.807098683739864597e+00
4.839654757741604918e+00
1.764642361229697309e+00
1.912287913147144192e+00
2.363694839508851064e+00
1.092420713810254407e+00
4.055210666108756135e-01
3.040028507048321949e+00
2.780202837366799518e+00
1.435661243108116603e+00
1.769226580976922980e+00
5.119965335237856019e-01
2.580684586303749750e+00
3.637560545974102943e+00
5.040785164645797067e+00
2.309252947955303448e+00
1.781792958385937098e+00
1.762565034711946810e+00
8.791881359233725268e-01
1.214455277315681370e+00
1.091414645235514680e+00
1.567085691784814383e+00
9.137968383023906682e-01
4.057588247386221703e+00
8.359341589819023755e-01
1.486247060929713815e+00
6.117553349731005286e-01
4.627260907856836636e-01
3.837115860502728015e+00
3.252439152594519101e+00
2.861838697861590841e+00
1.050438968693297781e+00
4.764340349390590923e+00
1.291301733335045387e+00
3.726527085873144518e+00
2.874261923818626219e+00
1.208171490342045074e+00
4.117956452361879904e+00
1.131070564305158621e+00
2.001991088005893094e+00
4.662887951701591760e+00
3.429903856557780184e+00
6.132300256867221577e+00
1.073529398701633664e+00
3.323182551144216568e+00
1.733281373854014706e+00
4.430894903936769325e+00
3.171342345130863993e+00
3.263289963970810170e+00
9.270603132279087166e-01
1.809679807373792526e+00
2.073014816523591541e+00
6.029129861694495496e-01
4.251894614189946964e+00
3.830024647191859977e+00
6.644601670771434598e+00
1.039201703849812475e+00
1.408392118647103564e+00
1.536831657798945594e+00
4.391190214964860061e+00
3.886473231456476718e+00
4.952888829740508925e+00
1.924183506057661086e+00
1.756545116906951698e+00
2.336679318093481950e+00
1.708756625567390941e+00
1.877143557812755326e+00
1.376929247649776089e+00
8.211555452589243131e+00
3.916546984594445613e-01
4.582630617457284394e+00
3.823041331415226729e+00
1.478188950237612209e+00
8.116006605058183609e-01
9.044337239322645106e-01
2.714708336575318182e+00
1.190610330486545410e+00
3.681624885034322059e+00
1.306760097939217991e+00
1.162448799401070376e+00
9.193836113219151507e-01
1.870305810994278284e+00
2.398255974811893232e+00
2.669249628813788799e+00
2.108472153950636141e+00
8.787865823896593431e-01
7.664529470940104616e-01
3.083048908135139321e+00
8.418071117970720163e-01
4.781376330215990400e+00
2.062987490208497920e+00
2.252179059022686669e+00
4.257486433104618051e+00
5.310067840054765398e+00
4.136588370023500660e-01
4.739471307117228527e+00
3.714055192071191946e+00
1.435686509545306633e+00
1.784480971327952359e+00
5.516887562313442572e+00
3.433540556993982307e+00
1.995359607910643707e+00
3.733343777461976210e+00
4.488203726151445694e-01
2.881804117416206346e+00
2.575877208199786494e+00
4.972285539680029842e+00
5.745059655869482640e+00
2.515423886967090628e+00
2.092531584676863954e+00
4.415025125551276020e+00
2.861820014046106753e+00
2.947127541954912999e+00
2.142023357509345249e+00
2.755965355384776494e+00
2.810262083278782352e+00
1.806280963952348717e+00
1.864521485243201271e+00
2.346838627403610822e+00
2.023253931123453420e+00
3.273886457208257550e+00
3.129176208548650195e-01
2.733223069386252924e+00
2.606534336864565926e+00
2.267260082755098161e-01
4.465145609550140726e+00
4.455472336432291236e+00
1.781502104737844983e+00
6.138709091875067081e+00
5.897161385252102761e+00
4.347677235866814982e+00
3.272140353320852846e+00
2.189348861110822941e+00
3.430751663444728816e+00
1.862244092113414684e+00
1.467894293927004323e+00
1.425085227282295586e+00
5.119121392612940191e+00
9.357075435344839320e-01
2.333635967835937741e+00
6.485059675099478227e+00
4.402985878992927482e+00
5.695121299543251858e+00
4.809801465855457536e+00
1.481005139614253840e+00
2.824612420620526976e+00
4.551602210123433245e+00
1.810014287874224914e+00
2.238497738889404509e-01
3.712875295289875588e+00
1.859561271417913941e+00
5.732259424939878834e+00
1.710676059573812857e+00
2.512335018521461016e+00
2.212373664253048489e+00
3.023063507968926089e+00
4.558888483336533071e+00
1.707694310958997264e+00
1.887814585572179737e+00
2.487215400878480587e+00
3.373178974755771442e+00
4.352999168843250999e+00
5.329957885246082938e+00
4.325653554528801514e+00
8.653566729303510119e-01
1.097717279617032027e+00
2.098489294594952370e-01
1.500173506011040381e+00
3.090106802149704901e+00
5.646481705560796982e+00
4.065331760268391825e+00
4.664297368232319663e+00
1.747959476701599790e+00
1.142434254780106295e+00
3.885529447519233237e+00
3.880504223051100876e+00
3.054023962159007510e+00
1.697163887745718247e+00
4.074903033886871029e+00
9.839690886018541693e-01
1.385177750606330527e+00
4.942083244855031587e+00
1.906858578773744428e+00
2.026148439992011330e+00
2.415697737138015277e+00
1.367441375562493011e+00
2.570738703002350523e+00
3.984281352526473530e+00
5.127673210468767451e+00
3.461151457021381717e+00
2.389095349743326491e+00
2.499773870001003484e+00
1.017035694948132507e+00
1.140606495436832457e+00
9.883127411450121080e-01
5.990661817984768156e-01
2.017461505617416773e+00
7.688055654079845036e-01
1.152154259962878013e+00
3.944970720720172075e+00
8.220934954236494008e-01
1.664949543460814807e+00
1.138548596020352077e+00
2.583045092079442995e+00
4.560198799433831773e+00
2.771539215630387520e-01
5.141329377108696974e+00
1.304683238449976690e+00
5.561693759558071548e+00
4.909956266771463795e+00
1.778611387511912945e+00
1.096273484681514088e+00
2.177694466807606144e+00
1.035890216431169630e+00
3.315490659590371259e+00
1.931934513265558762e+00
3.740662934231649306e+00
1.240975513335110136e+00
1.461342473151670873e+00
3.402677336317585954e+00
4.504957600734681655e+00
2.461275822048872630e+00
1.549634671680793163e+00
4.763921384337892917e+00
2.912343817246104916e+00
1.570083640448949769e+00
4.427547913611371122e+00
2.896720496223289754e+00
3.380034028441799787e+00
8.148149481191909738e-01
8.763587698639046408e+00
3.871469155545400387e+00
6.097131403203109201e+00
2.198929560001673167e+00
4.695669247225459308e+00
6.270719636859606538e+00
2.341735926309784332e+00
2.399687177144568917e+00
5.108946326755383183e+00
6.983665001270315642e+00
1.037584261744398884e+00
8.498557646925990472e-01
5.431325934066846273e+00
1.653140939317384150e+00
5.025287050236360020e-01
1.469201839032274082e+00
3.866836560366411213e-01
5.833375306980403074e+00
1.467290502380782957e+00
5.093642513006394701e+00
5.967934098055649450e-01
8.885135458435338141e-01
6.640151863719795378e-01
1.142698660127537957e+00
1.827396357236782176e+00
2.064044464545967461e+00
3.418892282676579519e+00
2.049904582661945529e+00
1.285013235380833452e+00
4.702480199878614542e+00
5.560564664275019275e+00
4.632328693463819036e+00
1.984876572671162354e+00
1.000408035961024122e+00
2.257493928443923714e+00
2.294756696950967623e+00
1.519184934810812404e+00
3.614104213771529572e-01
1.908465382985903291e+00
2.277021648447034696e+00
1.691601599413925294e+00
2.777568757228702001e+00
7.940430202789591219e-01
1.549379459627557853e+00
1.713356409922185852e+00
2.820880349902938011e+00
2.502618993890700416e+00
2.079527779194807913e+00
1.296877944330490973e+00
4.691191287877533256e+00
1.611068116772959025e+00
6.213937351240505613e+00
4.453325403018439488e+00
3.295514195012076986e+00
1.500424079766217611e+00
2.043322906502699876e+00
5.437073759422477615e+00
2.493851779797806145e+00
1.842549380278096782e+00
3.829392530573859421e+00
1.335270595501028001e+00
3.618858481809989591e+00
3.766733857120722728e+00
4.300752345551746458e+00
2.420209689328080227e+00
1.058675857582469737e+00
4.722062951803202679e+00
3.435159813540713980e+00
2.296197061238458570e+00
7.044800466355719548e-01
9.751228621986676171e-01
1.336258820010690851e+00
3.336593915888631301e+00
5.909128481103852470e-01
1.774037876566415539e+00
2.478133515944656473e+00
1.880995991263341605e+00
1.255141535197410674e+00
2.634756692982542337e+00
2.270342621875766742e+00
7.109604714589526919e-01
1.723127728741789655e+00
9.624997740946720226e-01
5.305066633810024079e+00
2.840003827763589506e+00
3.596189012972274668e+00
6.212487797668587497e+00
3.020359024776473778e+00
2.150630772943300961e+00
5.990873809101668890e+00
5.142317752760361849e+00
4.745928218841080515e+00
2.882981799903214792e+00
3.297394667751787356e+00
2.295352206698703323e+00
4.220011336711118055e+00
4.851696446487137049e-01
4.931252852502773898e+00
3.467273706006863243e+00
5.339862824547529918e+00
1.120930968364039826e+00
3.291207074424163714e+00
2.002140533687831958e+00
2.827486809906079923e+00
1.495422176877489129e+00
1.545689001179296973e+00
4.676893441783290584e+00
4.414065557578910948e+00
4.363870262808422495e+00
2.815835646140616433e+00
4.917452207034788358e+00
4.320679003795042661e-01
2.434807525720449561e+00
1.873076558466113539e+00
3.763275570343564524e+00
1.611034927836388020e+00
2.588827513439579509e+00
1.222443393848223980e+00
3.387555995020859800e+00
1.095535452251825026e+00
3.205723008042476785e+00
4.569439444765334812e+00
2.252665674691347153e+00
3.961313334856066071e+00
2.228478817044454274e+00
3.677058390154606116e+00
3.565056868791723232e+00
8.498223636192233643e-01
1.542619987484883382e+00
1.933075477307408807e+00
1.543171929654008512e+00
1.147073218513981141e+00
4.193263576750401178e+00
3.215267301202165307e+00
8.207756514329787034e-01
7.442597101697759676e+00
3.594729738692626242e+00
2.147376970153364706e+00
3.440448292493284654e+00
3.072008534575209282e+00
8.949880817362655394e-01
1.483910787467982662e+00
4.028976119782013754e+00
3.546245647379723476e+00
1.904875267828147312e+00
1.842990360928891569e+00
1.789264188207943862e+00
3.898544818772020637e+00
2.075680586143441531e+00
5.696999875458367057e+00
3.937605271064145818e+00
4.692076191124145090e+00
1.913530018684333811e+00
1.918725542210957924e+00
5.682464863429733670e-01
5.400991364942578699e+00
3.617553777780723401e+00
2.045957298076053199e+00
1.359143986454443009e+00
3.900549071985686567e+00
1.243112682016231041e+00
5.730152343544975935e+00
5.879095948805182381e+00
4.343460424905077666e+00
4.898000597591125604e+00
6.770608717766784856e+00
4.745557502763671387e+00
4.597852696010490625e+00
1.545786418087185421e+00
7.893409776312204640e-01
3.695450128031717796e+00
2.220813775953993652e+00
3.305009053539896602e+00
3.597801136143468081e+00
5.657392084618625638e+00
1.263328733122039305e+00
1.621315723819674925e+00
1.352093626011980687e+00
1.666032564554520423e+00
1.179145190295307843e+00
3.058840384428077375e+00
2.571006294076956245e+00
3.959859809731633540e+00
3.751702520124273299e+00
3.149904018510717219e+00
3.078725652078803332e+00
1.265485717319111192e+00
2.172950344304765746e+00
1.833216361565643160e+00
7.009572346093525530e-01
1.733499567152735121e+00
4.428695168746038746e+00
1.815149791434661264e+00
2.173302434234711367e+00
1.518933310430110373e+00
2.728080916363621711e+00
2.136667430808746548e+00
2.996096085523229480e+00
2.608240211921967422e+00
1.757961470271925952e+00
2.540846741909033923e+00
2.020893170219310697e+00
5.688824954364910980e+00
2.310342142067891125e+00
2.063772929399600109e+00
6.547881706899378873e-01
3.880216708395357372e+00
4.227753054511823372e+00
3.125246481700580503e+00
2.515761320827317515e+00
1.615448182958960865e+00
3.714761569793276763e+00
4.276862392032682259e+00
4.048613759910677956e+00
7.244852276937164826e-01
1.137216317357059081e+00
3.115241312774308380e+00
1.726493969440422438e+00
2.226093657396833070e+00
1.595221083286755714e+00
1.941017940463549474e+00
1.559947023259781851e+00
2.368740919269133993e+00
2.495915127759671115e-01
5.603775088745384991e+00
3.742867092506671156e+00
9.520241336885626460e-01
4.972460842299629924e+00
2.148214814778054205e+00
3.794169809487150324e+00
2.851858226509876304e-01
8.484878857163954402e-01
1.209859519491792490e+00
3.674992464791000391e+00
9.274126721980387345e+00
1.512113163298418828e+00
1.725214632426767647e+00
4.036162780427098973e+00
3.446307313047609622e+00
5.970816461533912101e-01
1.885518067754682781e+00
5.242489270586603745e+00
9.862670351895240772e-01
1.557606642246346151e+00
2.388292271700640512e+00
5.715456642261005804e+00
4.122400777247973380e+00
2.557960486287251367e+00
1.840989550305285105e+00
6.588131754503757653e-01
1.355867924040193628e+00
1.730056448452318429e+00
3.501986436105409162e+00
5.690769225049908897e+00
1.511278531773658340e+00
3.150377462776675408e+00
6.719691570188974783e-01
2.268824015368115621e+00
1.651199831833800813e+00
4.778375865921760557e+00
1.934765399712862211e+00
5.808890895886987815e-01
1.093106361859558229e+00
1.610625514037726358e+00
1.032850885390196538e+00
4.370188349580299558e+00
1.532503552413075010e+00
1.747999198040443902e+00
2.737304591628556327e+00
7.740596723744790353e-01
2.279882532026915598e+00
2.917342721148241225e+00
1.010997178847634181e+00
5.362124221688632453e+00
5.739480744205486040e+00
2.386382218997140647e+00
1.607450495034114635e+00
1.473093717366755095e+00
5.163137117339792859e+00
5.923740346878220153e-01
2.726149250922268674e+00
3.312598737949613570e-01
5.139077799181814399e+00
1.216390006859994433e+00
1.778757638127342222e+00
1.975805083058095102e+00
3.279476441825416089e+00
3.197626328437912946e+00
2.497310722937996275e+00
2.663410727328347161e+00
3.732242864855179310e+00
1.933824092303247033e+00
8.746055777163897815e+00
5.766717489640316163e-01
2.254763204738333471e+00
4.458231751464610149e+00
3.973609020395845182e+00
2.949793400748222272e+00
1.872410080281500244e+00
2.978652928819897738e+00
4.280421240671200778e+00
8.113082718613615629e-01
6.646793718658573269e+00
9.572313195854051937e-01
7.788475464012786231e-01
1.653289029775794727e+00
2.158522147047300166e+00
5.078179803274498028e+00
4.276062947589958974e+00
5.383439872873315934e+00
5.042972353633878413e+00
4.428769223096098884e+00
2.722194411486036358e+00
4.391298694054331264e+00
3.555296615818754891e+00
1.270421798636649502e+00
1.752395589380320251e+00
6.026371010168322107e-01
4.642887560231474531e+00
1.487235878733825123e+00
1.435944570055122549e+00
1.621037328932408039e+00
2.263937382783185459e+00
5.769403471852887932e+00
6.586886125818287585e-01
3.223865247148073099e+00
4.214126973508374618e+00
3.574265219552637429e+00
4.368476199334937249e+00
5.960803682894705524e+00
3.841919823602414574e+00
2.190957457692173982e+00
1.809329374936500479e+00
3.308459923116436663e+00
1.155481161865372419e+00
1.150507240497417261e+00
5.879152717689592578e+00
5.690327267305226311e-01
1.442017678006991099e+00
6.668689329321589199e+00
1.358379212516019896e+00
1.642304923760688373e+00
1.759357086157315564e+00
2.714045486976309984e+00
5.146608677854135117e+00
3.415565141434249163e+00
4.260830246572171909e+00
2.729653877227188108e+00
1.934009021467555600e+00
3.164958673248181142e+00
2.465564910047802538e+00
3.312879560196301476e+00
2.409696365968895027e+00
1.571204553146082983e+00
3.557316751189605331e+00
1.102780556831156833e+00
3.762119274323201701e+00
3.328438028492291423e+00
1.949100399746808154e+00
1.110912878147981786e+00
2.688662707479692493e+00
1.451545851364406614e+00
1.931900273758522246e+00
5.802587814639086794e+00
4.182979489137479412e+00
4.912057574737698218e+00
4.013118579507620076e+00
1.597763503385907446e+00
2.204864136975109190e+00
2.035193225463328925e+00
2.485866475968545597e+00
4.950542652065987426e+00
1.416324664401735767e+00
5.295492021263505045e+00
3.363048835641679446e+00
5.153021092388891056e+00
4.804957189791213779e+00
4.373857093648967798e+00
6.911684744711770190e-01
1.565358200687794854e+00
2.070729966964452995e+00
6.966394315642534529e-01
1.420062731693859215e+00
3.640749794169451992e+00
1.213574131202189710e+00
3.096354188837197707e+00
1.806292786094204406e+00
1.597635235088240568e+00
2.831996417510479258e+00
2.627944338043808337e+00
2.881410877350681243e+00
3.861340041413294344e+00
4.074844115459335114e+00
1.443253139414117703e+00
5.699685923003241506e+00
1.927279463654051783e+00
1.206484040857927376e+00
9.579535013266693433e-01
2.810258506694151226e+00
4.466692303462826530e+00
2.360312507922713632e+00
2.693017352983251289e+00
3.035669966081885551e+00
5.466150598662575355e+00
5.427081147181286314e-01
2.469942913939862539e+00
3.236782742897571286e+00
2.575468389874808306e+00
3.633015080641139427e+00
2.726982187880902408e+00
6.014392585756434428e+00
1.256016929043823227e+00
4.041389741522012358e+00
2.300918902428192858e+00
1.686511061115609333e+00
1.222190244880584808e+00
1.025414485011077126e+00
4.358109530962778422e+00
3.171516753838248270e+00
1.565479491422810288e+00
7.650930109900040410e-01
1.465818973160283978e+00
1.007002725536185084e+00
1.969106113863874796e+00
4.155404322986899324e+00
3.982448998274354057e+00
2.664992399305448068e+00
5.362212230647529942e+00
1.099900836974747831e+00
3.704650049536468703e+00
1.840622720327306450e+00
2.428471616401115529e+00
2.954209159236715454e+00
6.020902403563066940e+00
2.338900397045551305e+00
1.033754751663964022e+01
2.315753127261835687e+00
1.893898565612414764e+00
2.351928995292627889e+00
2.397453259069362463e+00
7.757681241364697833e-01
2.981624391753323167e+00
1.894080227378925452e+00
1.929246897094272661e+00
3.735377984126195816e+00
2.318749189668352528e+00
6.190861743689677343e-01
4.583933767484936972e+00
1.928692955409150755e+00
1.822717462884380968e+00
1.274839612125595378e+00
1.204449870895868413e+00
1.424920068905893178e+00
5.763885956398763888e+00
1.949854048116812510e+00
1.805470440419919331e+00
3.888973101607582361e+00
5.476701204899661946e+00
1.929930857561532820e+00
1.499540782210891710e+00
1.748995643075488715e+00
2.374061607238008076e+00
3.854774002851091286e+00
2.387505155753046893e+00
5.069042273584750014e+00
2.582758017114840321e+00
2.258300832150889725e+00
3.579467065809918580e+00
3.848659834975840965e+00
1.688793813462870386e+00
3.311296476353374540e+00
2.094907184407608369e+00
2.079236341080429540e+00
2.829626996419620788e+00
5.210418453467039690e+00
1.586012322469197322e+00
5.484145027196520861e-01
1.748842507528684420e+00
1.789176021232506297e+00
5.249800540815040550e-01
2.618200342793610691e+00
2.466038263850395040e+00
3.006596912615776773e+00
1.381910150551706629e+00
4.383318314198762167e+00
4.954593541185140282e+00
1.471307031590014969e+00
1.480522906238127545e+00
2.774766066060686320e+00
1.628629939583262631e+00
2.292135889442655561e+00
3.235600354911112309e+00
1.455694934161133602e+00
4.287169867695021175e+00
1.540194462256368801e+00
2.170663834551723514e+00
4.470097816358351572e+00
2.322721414634609349e+00
6.481129032263903689e+00
1.251506921329089694e+00
1.466982694966623368e+00
3.434932271202226328e+00
2.570546932998308609e+00
1.917381879190627636e+00
2.224346652827210225e+00
1.486565429515139813e+00
2.143244196868399065e+00
3.185312763475550035e+00
9.818554836352706428e-01
2.441765405015790869e+00
9.549239942435468365e+00
1.185724241140753143e+00
4.059201947622411488e+00
1.155084697672749572e+00
1.166931559247251560e+00
6.417604343427812275e+00
9.861822205670470742e-01
3.128849527696325517e+00
2.531379173373982105e+00
9.215547561241290708e+00
3.181285313320788344e+00
4.119080236567824294e+00
3.309136921016132771e+00
1.460584591774118035e+00
4.237667207073654296e+00
2.452182266685292156e+00
2.800692400592605491e+00
5.632376344444395500e+00
4.499471782408904552e+00
6.696046818901961739e-01
7.848413890194313458e-01
1.623053022682440227e+00
7.266873789459432631e-01
2.193295776798244834e+00
1.868986357031214629e+00
8.732794372552561413e-01
3.534054124008200404e+00
1.208474376693061014e+00
2.973393834517287893e+00
2.828097834173508129e+00
2.177607027150816776e+00
1.605545103418905883e+00
1.827883563847008563e+00
1.651829386722527993e+00
4.872337537148560216e+00
2.614848460498695459e+00
2.325549790496096669e+00
1.842602731651632020e+00
3.356114070095152169e+00
1.325855148867619349e+00
4.413504135817500895e+00
1.653744588638184743e+00
3.222437753818103268e+00
1.263032840461995709e+00
7.510599889627322945e+00
8.760648840094095169e-01
4.809216959366334976e+00
5.802478662001524512e+00
4.827841076639763251e+00
2.255139358906710800e+00
2.722909680138963839e+00
3.064039607490372852e+00
3.257841336030252943e+00
5.511143307511877865e+00
2.245941041329684307e+00
1.439767407168781599e+00
4.065069137890860773e+00
2.512640975226272388e+00
3.197681643979934929e+00
1.834896057176658157e+00
2.482270010893541379e+00
3.446492081313714984e+00
2.219207646544060442e+00
4.892724664915538924e+00
1.953068876401129250e+00
1.541421389308136547e+00
2.882992482221902186e+00
3.132192196206268431e+00
8.585423624269048481e-01
3.262440795987975761e+00
6.916963361491043072e-01
2.811977444755712430e+00
2.600770523345880658e+00
3.378289398440289748e+00
3.570670611824801721e+00
6.512900364748338555e-01
4.337024964742180799e+00
5.660934816466718367e+00
2.095551644124461710e+00
1.048146725672963298e+00
3.414353063534224297e+00
5.909361262640594470e-01
1.829013638562184019e+00
4.883217562728788153e+00
4.117821012952215476e+00
2.335766915869832427e+00
2.512101159645958148e+00
2.373546658572321721e+00
1.439098571431034923e+00
5.219999285101013520e-01
1.979066818039231457e+00
1.512135368171147132e+00
3.305339507938866550e+00
4.908040666033069988e-01
1.252164999681071977e+00
3.048548030884581372e+00
6.103703097969177094e+00
1.182109524893698138e+00
7.101045524310305446e-01
4.122616748130070619e+00
5.444133972330527982e+00
2.051419616784304623e+00
4.139801549651981993e+00
4.329821903201831468e+00
2.301980910465169838e+00
1.198552036235907226e+00
2.095283832507883748e+00
2.014355257360518348e+00
4.594344040946764629e+00
9.474061299213749621e-01
3.779633568103007324e+00
4.020152296868121589e+00
1.145921897124997146e+00
5.396589285957077209e+00
2.974279591175737814e+00
3.413055196928509449e+00
1.617415313830663726e+00
1.429089572717844980e+00
2.086536109031195352e+00
3.786711394441873324e+00
3.548781872360739609e+00
3.637798675571166207e+00
7.618713875832654470e-01
1.740802692112436212e+00
4.141954981314164286e+00
1.674790603294923796e+00
3.544136292139405953e+00
1.887437974181360445e-01
3.137988478187822228e+00
5.456139714905054561e+00
2.631258322200555000e+00
7.355426921468509960e+00
2.410454435275367402e+00
9.317427583873236774e-01
3.615004193503745800e-01
4.359056445873988217e+00
1.433105063488445241e+00
3.426089001212029306e+00
4.769769089294837450e+00
1.069296619480538668e+00
4.364970657587909919e+00
4.899784785195974379e+00
2.479792235265857681e+00
8.751434536811232290e-01
3.289897466818660465e+00
3.523563816115814262e+00
1.995196071029498919e+00
3.726379529806080004e+00
2.243649829840250298e+00
1.361796293661783785e+00
4.292386460685888139e+00
7.815765733740400734e-01
1.183562207372450770e+00
4.835184016608326196e+00
1.192209413228558113e+00
2.408539534590634190e+00
1.520495075882743130e+00
3.522202110460672220e+00
5.226199601888382951e+00
1.792927276061375252e+00
2.957998961317940267e+00
2.664909970815308782e+00
4.501087786471726915e+00
2.667767911644158385e+00
1.399154545042031073e+00
3.624797214180275340e+00
3.768456505660936706e+00
4.744260847597889352e+00
5.350047347004503351e+00
8.622740907774594232e-01
1.729539899580823992e+00
2.464955331691951024e+00
1.078583300684934132e+00
4.304940541501087736e+00
8.897171746751839638e-01
1.690586527244765103e+00
3.729465746559280870e+00
1.279713864468411844e+00
2.108807516791182668e-01
5.173731830763939499e+00
4.787953109507501637e+00
1.909725089749375382e+00
1.303984490931607398e+00
1.010229859279793585e+00
2.638516080708503520e+00
3.043268195986576607e+00
2.143108068664850929e+00
2.619379317816100006e+00
1.934596116081534589e+00
2.844595540732487216e+00
2.237106426011672422e+00
4.240453013780036251e+00
4.426200368899981363e+00
1.406796233406290453e+00
1.268574056116356319e+00
6.768414008042300978e+00
4.632774668371022475e-01
2.275905722661017094e+00
1.351835538165478745e+00
3.673275097267798994e+00
6.752575415406977477e+00
1.497055077738213447e+00
1.179072557151990441e+00
1.222934206836474358e+00
1.164713334310138043e-01
3.262190144863741370e+00
6.889157932748328772e-01
2.216521646342642260e+00
1.296960349355752884e+00
1.056355374309251527e+00
2.924044300858987366e+00
1.019960623859561988e+00
2.463706862461876756e+00
5.886296326131180479e+00
1.454117385777152771e+00
1.635213341909365958e+00
7.741887446992435917e-01
2.018774142255909343e+00
2.199605547840731035e+00
1.405711657814640914e+00
5.313594894405059499e+00
1.158535495113702574e+00
1.634242069729780811e+00
1.335481729741429202e+00
3.027470124012712205e+00
1.769148854849699415e+00
3.278974884902977394e+00
5.297556378241293551e+00
2.163302569822586285e+00
1.311116159087778898e+00
1.399704939129474690e+00
2.966499765171887404e+00
1.718845293529277063e+00
5.869919456544979042e+00
1.596775869883244825e+00
2.462754647112720185e+00
3.175891917058490499e+00
1.953910980290181287e+00
2.405461557465951028e+00
4.647338371663147782e+00
2.832614883050290633e+00
7.317581009194613628e+00
9.983595162011107416e-01
2.164566542989296405e+00
3.673319567023724641e+00
2.873677505468456239e+00
3.365319140446716428e+00
2.617507031271739670e+00
1.536779845212818962e+00
1.271654239857206603e+00
1.331936981408514242e+00
2.044085459208392130e+00
3.689793452578131738e+00
1.401381380267739285e+00
4.230596498346059220e-01
2.640002612725437903e+00
2.286961881634655747e+00
3.316492303012530396e+00
4.446431287845968860e+00
5.587753132432228043e+00
6.021418191985510759e+00
8.367034050534651879e-01
2.902194644602323237e+00
6.961178208501946685e+00
1.432707119761531755e+00
7.362687560643820461e+00
3.614999625796138538e+00
3.999370166678863026e+00
5.618088319387996243e+00
4.809619235020014649e+00
4.919366163645030987e+00
2.072273945306270182e+00
1.105021843127544923e+00
1.769341226470200645e+00
2.269206633691435382e+00
2.770755781489637304e+00
5.312980578357515249e+00
7.290242975536096459e-01
2.221895506506476714e+00
1.168939470845523854e+00
1.220386279709975819e+00
2.304489033764601125e+00
1.228140013797575980e+00
6.212983532731401581e+00
4.932001180827234599e+00
2.084580847026292094e+00
4.182649045480366645e+00
7.976270493403453399e-01
4.669209837688206299e+00
2.291810122351594536e+00
1.748016634677247438e+00
1.021985362154471000e+00
8.001474101807513062e-01
3.294617619653651186e+00
1.358309395818820597e+00
6.129806407083688846e-01
1.840857909385286817e+00
1.656608098338295809e+00
7.374431359400884789e-01
1.790383509601547685e+00
1.501856795996097116e+00
6.062758919121675305e+00
5.318138089444960137e+00
1.722051769365756213e+00
4.542496559253233812e+00
3.431580751421968944e+00
4.293826897697161638e-01
1.094853725699770797e+00
8.786762442427972220e-01
1.739031663777937498e+00
5.446898298883003697e+00
9.529296079121819529e-01
1.607480216195305678e+00
2.004856899845087526e+00
2.489518913937493583e+00
5.487042119062103041e+00
9.283920139576541386e-01
1.326330462683475320e+00
8.947076240776080880e+00
3.942413687374098252e+00
2.730440570727832306e+00
3.973198760636399207e+00
2.364566163688627931e+00
2.511496023516794018e+00
3.882589801007644059e+00
3.899259806670783757e+00
9.190091448843201505e+00
1.946075753011477172e+00
4.100915249481634994e+00
2.706491981122113533e+00
4.569809457024573973e+00
1.567307132039648110e+00
6.149591817755512224e+00
5.364578285301536908e+00
4.463311309877679101e+00
2.210603272656240570e+00
1.325162797745432997e+00
5.403419181092218970e+00
1.209482673599338920e+00
1.406880421666539371e+00
2.426483558977094557e+00
1.707052533832166485e+00
3.349537848789319483e+00
1.729741566202034564e+00
1.691248329089018787e+00
2.424457963224548873e+00
5.914898965903792494e+00
1.759414731259339781e+00
4.641105128681128456e+00
1.746470122752516563e+00
1.887492628333842015e+00
1.371261302072971144e+00
1.578196906733995819e+00
2.074711354915582451e+00
2.325747587113105919e+00
2.289531892483500641e+00
3.009129782333831216e+00
3.094382500414530668e+00
1.409079495929139059e+00
2.879927150135204172e+00
2.514382392280869460e+00
2.344666736837810017e+00
9.948256632846834702e-01
1.391187456915224274e+00
3.142438802039088763e+00
6.483758575267916768e+00
4.304617980712194480e+00
1.184689282235731334e+00
1.321798541225290613e+00
3.301187519597104103e+00
1.968538634073520921e+00
2.563430704621948664e+00
2.498260222040600720e+00
2.342359419752461758e+00
1.351957449524852084e+00
3.232719906445446600e+00
5.846494149208628421e+00
1.478720855725162320e+00
4.150589880513998686e+00
3.323442230292982913e+00
5.501967005462560678e+00
2.347484193060216828e+00
2.388313567937592641e+00
2.242958062345985493e+00
1.252961230510198920e+00
1.273185594559911316e+00
4.998034085086107137e-01
2.629258378927544992e+00
2.208960590370656618e+00
1.174499405753913983e+00
3.767062925423755537e+00
4.182375646149361081e+00
1.802043857166142127e+00
2.112103418633368257e+00
1.073856964081578047e+00
9.686778844556637180e-01
4.904783098741775649e-01
2.887654203536686115e+00
1.091437394364570546e+00
2.780059468079907781e+00
1.487257201458230149e+00
3.352857600883864642e+00
1.773798966134509492e+00
2.017879182849957598e+00
1.244334831539859909e+00
3.820239935305901557e+00
1.543004368494798717e+00
2.870399816298694784e+00
1.579331970557902531e+00
1.752211634088005399e+00
5.281248748052892239e+00
1.661238272697646012e+00
2.246588956526561542e+00
2.911447694782860918e+00
7.472710953473067352e-01
2.555300542969599853e+00
1.799920736508988650e+00
1.518954820764258029e+00
3.464670395606305853e+00
2.159580337852180509e+00
1.240031837170839868e+00
9.093219104135207287e-01
2.442407000734973632e+00
5.615007145568591262e+00
2.579129509717597468e+00
1.506668434467462347e+00
1.200288905889712820e+00
1.620605050638180167e+00
6.173960446593803830e+00
2.374809235350688663e+00
1.754622640516870336e+00
2.958316965056593251e-01
2.230329969307413673e+00
1.160155343666727790e+00
4.570996395390950262e+00
2.706482303666001954e+00
1.849795070987247048e+00
1.873828847166830958e+00
1.945161193038536851e+00
3.446709219171824490e+00
5.967296339198411737e+00
3.460077660809330435e+00
9.864233251655636636e-02
4.489193057471675630e+00
9.178997036680774935e-01
1.100274228316894032e+00
1.378151019721368442e+00
7.784698896317417960e-01
7.574288905384330972e-01
3.699807815372403663e+00
3.168787901338464330e+00
2.305867968193213269e+00
1.910104372862541977e+00
3.870429087428029380e+00
1.753897809157964449e+00
1.145013682572046720e+00
4.695290889018305158e+00
1.520316012479313361e+00
2.425202639722871645e+00
1.611153823430762300e+00
1.343988044651516445e+00
5.335612470218673131e+00
2.546656579227706718e+00
1.054942197785317282e+00
3.609483899739339918e+00
1.532425591045472046e+00
4.322606219047824716e+00
1.953946374873999359e+00
4.389944224636565195e+00
2.954630343461638997e+00
5.648342112910957447e+00
3.526953281991347833e+00
1.901482294220923297e+00
2.014538459969016149e+00
2.282983081788164892e+00
2.161031717180206702e+00
3.326513707893540062e+00
4.503875041019756331e+00
2.130731619327588255e+00
1.507702076975425465e+00
3.682196180646506001e+00
2.164764964862456509e+00
5.160373161701389932e+00
7.939027098931913384e-01
5.910306384487533649e+00
2.210821039775586971e+00
1.900980963720848349e+00
1.133066034005542289e+00
2.237915768674389128e+00
1.803532534463569981e+00
3.716978694248818993e+00
1.652676266408308781e+00
2.529778853210707723e+00
1.991566683128774828e+00
1.699509138804362163e+00
5.056812882169404944e+00
4.837844221983173654e+00
2.323290020496557862e+00
1.226589460603970227e+00
1.226451898416464958e+00
1.539239888949148094e+00
5.456691730032755316e+00
4.408387170798775401e+00
1.125667967178087370e+00
3.256377463509055659e+00
1.246546454920104186e+00
3.129372593033261207e+00
6.193198562383189554e+00
2.312705410219442648e+00
3.510882616593363093e+00
2.411134869311284845e+00
1.890090011845324991e+00
1.582572812663024298e+00
2.603242489111330826e+00
2.512389348854681348e+00
2.201477301204342041e+00
2.546893373086923429e+00
1.424619567752132276e+00
1.569024506108750217e+00
4.350856492336416359e+00
1.384785940434734242e+00
1.615872595637966702e+00
2.115092677544477162e+00
7.708618346277866795e-01
1.452338612093438730e+00
3.195930875441158836e+00
1.939660710258064746e+00
1.576963757697624979e+00
7.125822714146913484e+00
2.315102203080390275e+00
2.262851028322987013e+00
3.867613158683302022e+00
1.453502049567704679e+00
2.361894088064901087e+00
4.278081113090773435e+00
3.590402667742953913e+00
1.451351045065061296e+00
1.348318890846379015e+00
2.235666762929676921e+00
2.518532565354476560e+00
2.180335019676180597e+00
3.414693976499995287e+00
3.837820273061023801e+00
2.530449297089470306e+00
1.916681544113768787e+00
4.739384838823645474e+00
2.524178745992509576e+00
3.449967923169615425e+00
5.644577115918990806e+00
6.926787198098173448e+00
1.130486138956471542e+00
2.629488408377106623e+00
3.135220368660722290e+00
5.218338383757959775e+00
7.036324800960079173e+00
4.536334673019918995e+00
1.786535363644564001e+00
1.033077433675805512e+00
1.739423673459041808e+00
5.928017350552662990e+00
1.465511915421730427e+00
3.109389493602488841e+00
2.890107915635964808e+00
2.965076459217964366e+00
2.279107544746363789e+00
5.610123158041789182e+00
1.643042106982509409e+00
2.265466285327667251e+00
2.835132918417045733e+00
5.144954839442401173e+00
4.883672168614930698e+00
9.297971006170473451e-01
5.284561583528768480e+00
5.144798536259367339e+00
2.826143375456121820e+00
1.714143391493028856e+00
1.322710416361725816e+00
1.126495728329996782e+00
2.625340630060745362e+00
2.964065984845123403e+00
1.696569923948219039e+00
2.220579448937757938e+00
3.739576143111319251e+00
3.698550980731301951e+00
4.572116831158804295e+00
1.829553354778136409e+00
3.039273509325997491e+00
3.437790979863156071e+00
2.101905078904479307e+00
9.090457762293672195e-01
3.780308775772172059e+00
2.092995090468225516e+00
2.484510703675111287e+00
1.504014189602599583e+00
2.628498386357881245e+00
3.166019344911095157e+00
6.340767338604440528e-01
4.523669675014581060e+00
8.183592057340317583e-01
4.252433390979756034e+00
2.178587265475537826e+00
1.522011759978799894e+00
1.949528218999978524e+00
3.371527573598506855e+00
4.884381884560796472e+00
2.049221533134865325e+00
3.957870350394310677e+00
2.708740943543021196e+00
4.223203551454371762e+00
4.350283451895631259e+00
3.776725808644083582e+00
1.316851375822401637e+00
2.407882162375567958e+00
5.127149417270973508e+00
2.136551664519111826e-01
2.278518934037302657e+00
5.943493337369057272e+00
3.459426272530489843e+00
1.020314385612193453e+00
5.423917800118482901e+00
1.500153701610346335e+00
3.317868713995178798e+00
2.823530337108560051e+00
2.592694678065415648e+00
2.984056487327262808e+00
3.450466049503353005e+00
1.946214714533567092e+00
1.552718260852909316e+00
1.809198063947009549e+00
2.835658627681183486e+00
1.574486141300875275e+00
5.958246983849843303e+00
3.076620827003416991e+00
3.711227239908414521e+00
9.645758686105296853e-01
1.675810751778594287e+00
1.679984308325748854e+00
2.464083959820554615e+00
2.898144402222501803e+00
1.854211415871483748e+00
1.420769493795589034e+00
1.188812247761485752e+00
2.388923704097358769e+00
1.819760366822215758e+00
4.515820184375266777e+00
2.273508288323036641e+00
6.472013844954446427e+00
1.242393771490615029e+00
2.083503187170709925e+00
1.912535156668142999e+00
2.540714748548223767e+00
5.645275067216598330e+00
1.237214411937591851e+00
4.046106437493238950e+00
1.792063543977559403e+00
3.168625340691390235e+00
4.555370198281672778e+00
1.952435752667062374e+00
3.952074217466103878e+00
2.278912001954210176e+00
2.408402464359548301e+00
3.676634216570023650e+00
4.518221322098034065e+00
3.297843244858518652e+00
3.078205906569333461e+00
2.158398999544298924e+00
1.778516907707661687e+00
4.504438956736955824e+00
2.581708056908547988e+00
4.920356541088061419e+00
4.975773412382216598e+00
4.817003083522753748e+00
3.976738734848391132e+00
1.528968813700740892e+00
1.639221515271934271e+00
3.179927585758671071e+00
2.642284488123753494e+00
6.086586650870505544e+00
3.011496468060406606e+00
4.528731234457147536e+00
5.260014779954746089e+00
1.152590257821328512e+00
5.031260592610041771e-01
3.304406398689781366e+00
7.451170741927242158e-01
1.450736728315015434e+00
1.904447078601419763e-01
1.497311590394803105e+00
5.727592379640107367e+00
7.987558415730273698e-01
2.788770303222767755e+00
1.020518391137497538e+00
1.962670680518654009e+00
2.519051070710362161e+00
5.384282800659363488e+00
1.250038878086237260e+00
2.110817047500428423e+00
1.874940574406074534e+00
1.556219385982246628e+00
1.347511906020682382e+00
5.010474543038436757e+00
8.776285542894379788e-01
7.037616154748993491e-01
1.309847369363886349e+00
2.313864701309918726e+00
3.201100264490674530e+00
1.985192751995541016e+00
5.805969205818954926e+00
1.475273852336363989e+00
1.669496394370457049e+00
2.789004985779038659e+00
3.206637875785933289e+00
7.524436524167219531e-01
3.878763598772565047e+00
1.946346232971776669e+00
3.850601471775233264e+00
3.183939552894881952e+00
1.285497787938445047e+00
6.934957612549500494e-01
1.758265050332472601e+00
6.623654153290857494e+00
4.291243604567838155e+00
8.347329830501480918e-01
1.269419820530182541e+00
4.271438905580909662e+00
8.214039970783950650e-01
1.113043017498696052e+00
2.586111040118642013e+00
4.832883847703421054e+00
4.417827836599537150e-01
3.372685910826252798e+00
1.354529085451128267e+00
2.159170215803800197e+00
8.507130203161777926e-01
5.407689086616916718e+00
1.625797161674295443e+00
2.154870679192574912e+00
1.767470329842978805e+00
6.978316980209845477e-01
5.462282630970174857e+00
1.758923329795783363e+00
3.013363114315438906e+00
3.458084317767144533e+00
1.329408552433836821e+00
5.810427434838238980e-01
5.520635444458882546e+00
1.229632595786986915e+00
3.115193774092557710e+00
7.341971693216420292e+00
1.618928846619182016e+00
9.355691637871310640e-01
1.804177284177989504e+00
1.184261647631701830e+00
5.897860030833761424e-01
2.574407042873261720e+00
3.334846142797856849e+00
1.441219451852747246e+00
6.597405168293382083e-01
1.124995837376461916e+00
2.224038431989947995e+00
2.817737287190411166e+00
1.900853298799063396e+00
3.973043887337619484e+00
1.348414011036799254e+00
2.517319522763165285e+00
9.558222838744833139e-01
1.708007119061408341e+00
2.122482559299328386e+00
1.299701640137546743e+00
1.292594759694475126e+00
3.042515660838178260e+00
3.258802351572918088e+00
1.147454688505733067e+00
3.558451932866615763e+00
1.411058197377433876e+00
1.752767117711995226e+00
3.006295053660628103e+00
1.269563838376185805e+00
1.661469081694461725e+00
2.475562953698066782e+00
2.859163349792924524e+00
1.456101867113265280e+00
1.693715805356905246e+00
3.067850117491550233e+00
6.593201004289968026e-01
1.317475342405340477e+00
2.419650377736096925e+00
2.457770377770580161e+00
1.038498958511904435e+00
4.404691227373014328e+00
5.318405894643457366e+00
1.499777008778086174e+00
3.485933537575673480e+00
1.805701135942171742e+00
2.458363757827567664e+00
4.533940489081532021e+00
3.279956311432471683e+00
6.718769089712653297e+00
4.645891779330542093e+00
3.499912964784243741e+00
1.398290328732795906e+00
2.043326835275744990e+00
1.838453034588596324e+00
1.616428752463869023e-01
1.509729991580038622e+00
1.732802218608886280e+00
1.642657431797945877e+00
3.599317690076957454e+00
2.033195458159151148e+00
2.798309271296038236e+00
9.232052973389583972e-01
2.304011168078823779e+00
4.992855882166855608e+00
5.429624116654371946e+00
2.420588719200450267e+00
6.044990518473438712e-01
2.619801553164696983e+00
2.072082151690362029e+00
2.747447386591526985e+00
2.762345556416617498e+00
3.831659914428537039e+00
5.622513031604010614e+00
1.357339953009958133e+00
9.163886553383345790e-01
3.714036669484135356e+00
5.049898989591437015e+00
6.547200894546256755e+00
2.071648480700115869e+00
3.620704871138497261e+00
4.532758668919462330e+00
6.942082907771299771e-01
4.412204083565527846e+00
2.045753959906902786e+00
8.183688903850737661e-01
3.778880226706466505e+00
3.881172695200525879e+00
5.358520824755469647e+00
1.850832264050751297e-01
4.727272518299057147e+00
6.892479300070538661e-01
3.462931445323156332e+00
5.438206471279173337e-01
9.931706946434097460e+00
2.565759550101048614e+00
5.735697053420725666e+00
2.109769158244699128e+00
1.110803840292630351e+00
3.286614963267825651e+00
3.743878434380825571e+00
3.811709522110958925e+00
1.843625272785915703e+00
3.535265646827194352e+00
4.195573479589971733e+00
5.823366020264429288e+00
8.491633887672382919e-01
5.005639330852560853e+00
4.141674375149621667e+00
1.900961571638410508e+00
3.267524799805622049e+00
2.387415727405836741e+00
5.222697816140266625e+00
4.289605653997099033e+00
5.309872684321788050e+00
2.773783343896614184e+00
2.321539428805963201e-01
1.891146381895762119e+00
2.087782413865236997e+00
1.579336231319825368e+00
3.595828952009537449e+00
3.078037304311894928e+00
1.093156530960376127e+00
1.547145980827300704e+00
2.029215673508671713e+00
2.663918871390675847e+00
4.365082211738294582e+00
5.358192524514652888e+00
3.802987759400875412e+00
1.447071065901872178e+00
1.918446490184894548e+00
1.157092808521972715e+00
4.394908959827523276e+00
4.009100786753384327e+00
4.181919555201324634e+00
5.395101683351036570e+00
2.050595991911358773e+00
3.049563522647256164e+00
3.379145085327576403e+00
3.158412535801477183e+00
2.468148951074939479e+00
3.720409687974606805e-01
1.650114780350816268e+00
2.369432182626143302e+00
5.687099978785534304e+00
4.389725682141849994e+00
5.459556978149809225e+00
2.520449710615508820e+00
3.125967643389476969e+00
5.448692752790036398e-01
2.565481657434406149e+00
2.107944967879014087e+00
1.544928824026296610e+00
2.262544437350211712e+00
3.490212391856998053e+00
5.299677464217070089e+00
1.492012373745489562e+00
2.757839144610784388e+00
4.777957782918072382e+00
5.463872478547183498e+00
2.608801012531124286e+00
1.996488487524126887e+00
5.787705476364382040e-01
1.582780286861847463e+00
2.499459043982177775e+00
3.670442354732853296e+00
1.569135827508252978e+00
4.443177732158992477e+00
9.069965462443196902e-01
5.624955102119152173e+00
2.997261914474718125e+00
1.273727785616173280e+00
5.966099077000147410e+00
1.336368112674378050e+00
4.384716599077264076e-01
1.963437603068918680e+00
3.382646363794034716e+00
2.579591861189736601e+00
9.093944517271926875e-01
2.753005826509740572e+00
2.637137933836316339e+00
4.162187787216422130e+00
2.158665049376594869e+00
9.199471028984784748e-01
2.702843308674709011e+00
1.517944127592771197e+00
1.286916185229653564e+00
4.985713192854059450e+00
1.989364400478601747e+00
6.969871940288282497e-01
3.765914123921164869e+00
2.521525447266669939e+00
1.953265253576748517e+00
1.563457327812249220e+00
2.925095394720337083e+00
4.951475654348945099e+00
2.664942921300855194e-01
1.230840857211725092e+00
4.110799167064492110e+00
1.863397584876037127e+00
2.654584460982148286e+00
2.913594038994551827e+00
2.349608939752963810e+00
1.541777950705805811e+00
7.977000757320533708e-01
2.524083768194541388e+00
4.603119518227589246e+00
1.725857806718998688e+00
8.432005560154397505e-01
3.563610669216464188e+00
3.010173324418569774e+00
4.366154288641097558e+00
1.929813649261357789e+00
5.589846979200087773e+00
4.162200134127618689e+00
1.809154274143167429e+00
2.052333888741871615e+00
9.041555273305778018e-01
2.299814004799608735e+00
5.265144294539123138e+00
7.327055781939503021e+00
3.532608448803721046e+00
1.811001311277376624e+00
5.227917415757626252e+00
6.794883279369117179e-01
1.575563586055011012e+00
3.096549307139309981e+00
1.534726580872877166e+00
1.904355921479313096e+00
5.740686310132003811e+00
2.420123325031150685e+00
5.819378884628285675e+00
4.562385991877478730e+00
4.325476088472859360e+00
4.391997412070421380e-01
2.561693669543852359e+00
2.965040960115994384e-01
4.238112110536510713e+00
4.941594033141478270e+00
3.101017944858210029e+00
1.224032881502085113e+00
7.975077038046108902e-01
2.587024288279001105e+00
5.563001716727112189e+00
2.570748086976535784e+00
1.623120318019082076e+00
1.859466022670292595e+00
4.181057504194085617e+00
1.742214977081002703e+00
1.043748768400063032e+00
5.975266800603447059e+00
5.153329120542229802e+00
2.517062620169517206e+00
2.600691617396589717e+00
1.827765401222700481e+00
3.019648012531607861e+00
2.200416338603472521e+00
3.511259706046377271e+00
2.946065620904074311e+00
4.781702409686261923e+00
9.684311109323147093e-01
1.947024313671005702e+00
1.033737367707320498e+00
1.764148522031799615e+00
8.066386583827522827e+00
7.351452168456146241e-01
2.083732374560398615e+00
3.806970770349810795e+00
4.366753828637158996e+00
3.566222203760493148e+00
1.619360664212874390e+00
1.517145506212977057e+00
5.803806326371845792e+00
6.498668082262805790e+00
1.359727453080130655e+00
4.849041225819970435e+00
1.345223946673501425e+00
2.237662448834548901e+00
9.517494099503316374e-01
1.033588067240096331e+00
3.091438895007720511e+00
8.988046685740682662e-01
1.534811358984354612e+00
3.609719477815242161e+00
3.597182162534010352e+00
1.444847913121301008e+00
2.815286015729069558e+00
7.582452676495313737e-01
2.255808034897648362e+00
1.539154952149481614e+00
6.157363936882324085e-01
7.729536684634517485e+00
2.327520466689614320e+00
3.100519466038631933e+00
3.568316934464135226e+00
4.753092641794060214e+00
8.934044900529661604e+00
2.387582134369343745e+00
3.098971578683346273e+00
1.663715243540197175e+00
4.331959292190306954e+00
1.310954585317503307e+00
6.374219759346061442e-01
1.600358738419003446e+00
1.692510495227314227e+00
2.476893661196214236e+00
5.497825071272846031e+00
4.249327923263853890e+00
4.603662061689688834e+00
1.341833617133092682e+00
7.453047139201155247e+00
2.783889951154591813e+00
1.853384704668392446e+00
4.409931450670735664e+00
2.090597533293564236e+00
3.917312579800457772e+00
7.047712729379966845e-01
5.454038146439672552e+00
1.531507947872709385e+00
4.491338665653254125e+00
2.096608800083745727e+00
5.232366638376970691e-01
8.262071311285511532e-01
1.631286998565981028e+00
2.035449236071330326e+00
2.529712903987166861e+00
4.593881303258927851e+00
6.153294204211076313e+00
1.456968513817830546e+00
3.598250794890517579e+00
1.553777103667692616e+00
1.542064360963670167e+00
3.704340281759189502e+00
1.193028428616794701e+00
1.016122718197481900e+00
9.722258267056923531e-01
4.742260032096327294e+00
5.348342996287442919e-01
8.368830110654899457e+00
2.812584214855792464e+00
1.154269921561803303e+00
2.627450710081824958e+00
3.388687427022502252e+00
2.551213272434055490e+00
5.244821000858866711e+00
5.231662144859146046e+00
1.604283261510913272e+00
3.482704222802501803e+00
1.392472632515677100e+00
4.027859212165683100e-01
6.889432669194648362e-01
1.731553795550526020e+00
4.306676279262319440e+00
9.731660466862026571e-01
2.587910132101638894e+00
4.436082130079233465e+00
1.152889752470025453e+00
6.362565368466913007e+00
4.708958572849471835e+00
5.411337944451131143e+00
1.026063898213902981e+00
4.812132022906078888e+00
2.635930779983731487e+00
1.615472874338091502e+00
1.186764118243761379e+00
1.267966139353143840e+00
1.145879221265386994e+00
5.801558482590259302e+00
3.843774669016926104e+00
3.078753761019780377e+00
6.914949553639641033e-01
1.058478589916633572e+00
2.658607517537740161e+00
2.062162066010392092e+00
2.162254226340489804e+00
4.611909533112207527e+00
2.617813306985219413e+00
4.989275904439475440e+00
2.026754844935228395e+00
2.252270555364379589e+00
2.187242226150892588e+00
5.722526995220557744e+00
3.524785149703901777e+00
1.248553506181687700e+00
7.873361173178636818e+00
3.224110215823469350e+00
1.602929514637517983e+00
8.496340471325052324e-01
7.285865853628197719e+00
5.681761373965708017e+00
2.092938152168120958e+00
3.017075221981579514e+00
6.196374266151956078e-01
2.161706465946110711e+00
2.709180647632620786e+00
1.088471464538707245e+00
2.360015566506946438e+00
1.085581673157245630e+00
7.473678308543675319e-01
6.562191271413001514e-01
1.010244320859799538e+00
3.222668055470279125e+00
1.967587699590094275e+00
3.697420260220715793e+00
8.680934840380487572e-01
2.435504342148711476e+00
4.980619283940040276e+00
6.184209924688652826e+00
2.490901233801061210e+00
1.254368613253738607e+00
4.096425751623535838e+00
1.821789436369773307e+00
3.071780646081145871e+00
2.777657426593313605e+00
1.325310572047323721e+00
1.386212658860783042e+00
2.632731626084859666e+00
6.518085056265873867e+00
1.998541652808957680e+00
1.747512376983962445e+00
1.861988200340503052e+00
2.119800088630698465e+00
2.997545416089139270e+00
1.428656458732745049e+00
2.239895465010561804e+00
4.083881455804113436e+00
1.973889291259906864e+00
1.961651938574330511e+00
1.936762384613548660e+00
2.659481785923706543e+00
4.440768721915028472e+00
4.421724125491064861e+00
3.533650041567539812e+00
3.079846796607347503e+00
1.027970867352984374e+00
2.018123987479889081e+00
1.879117662135375788e+00
1.780154036627444203e+00
4.909754424088635716e+00
2.835996682750870246e+00
2.478015468399124011e+00
1.852126280168476802e+00
8.746266301066106807e-01
3.307781466409309257e+00
2.207307188693406808e+00
1.807846847671308099e+00
3.195976344194479957e+00
9.210272650795341409e-01
4.829152573539636784e+00
3.557765523305293165e+00
4.108581759740353334e+00
5.778307212149565331e+00
2.898532100408738099e+00
6.936427707436699563e+00
7.801171939178579429e-01
2.966734304292778734e+00
2.491189726039807706e+00
3.989496917560054090e+00
3.998373267384583762e+00
1.572373501234414661e+00
3.500209205522384792e+00
5.181774728071542491e+00
4.643531636805294127e+00
4.173593534346835554e+00
1.625468074471327240e+00
4.839398840720343209e+00
2.181988117105019054e+00
7.347844641872315341e-01
1.028146818836887411e+00
2.693870635584339368e+00
3.639214409265260741e+00
3.840047423944911831e+00
2.869845689442538372e+00
4.863960249557164772e+00
1.070338920751544798e+00
1.112622020655674504e+00
2.800805328561666308e+00
9.525673708766322356e-01
4.659118759641223129e+00
9.364661753786709397e-01
3.417114906756780535e+00
1.752721000585662603e+00
4.863981607105115401e+00
1.511952559168355137e+00
2.640284194552889208e+00
7.681329528190384615e+00
1.861732892418401786e+00
2.610138099239372789e+00
1.957950742656839660e+00
7.231284027311175588e-01
2.431199979602049588e+00
2.840583067900622538e+00
1.080599191936980397e+00
1.024864246010356306e+00
1.029190096315051095e+00
4.764635233434610484e+00
2.003713459498554617e+00
3.839800636225592978e+00
1.174544406580140476e+00
3.738090276851639526e+00
3.569971491024150012e+00
7.728098585169793644e-01
3.889338554025461470e+00
1.341519574439040019e+00
1.813793872576592747e+00
1.945406055434020010e+00
1.091348184083958950e+00
4.452691134232390269e+00
4.511028082751451507e+00
9.987362852570594862e-01
2.031753776517137400e+00
9.959895969479189981e-01
4.344538291856792966e+00
2.240620096343836742e+00
1.307912732350781981e+00
1.575524570226202403e+00
3.658426509337680876e+00
1.982117891787302577e+00
1.910130105387746191e+00
8.245711871017572525e-01
5.353437606825533379e+00
4.740401939149957222e+00
3.529729353912369305e+00
1.769770224599397368e+00
3.937198831830928114e+00
3.823075703050395013e+00
1.855668660045527663e+00
2.882877710874678812e+00
1.795548795665039776e+00
1.147213841631202547e+00
2.583881130878824539e+00
1.474553649420709656e+00
8.751631027672176488e-01
1.396534749101634221e+00
4.292949297815300547e+00
2.482794367417845649e+00
9.994429108154202490e-01
3.545844441022182547e+00
2.303935099059645886e+00
9.374422474308239384e-01
3.434761994260407736e+00
3.503463155272836804e+00
3.433647885685464640e+00
7.527115465406081229e-01
3.399800693837507493e-01
6.642340013604073334e-01
1.345826276155915213e+00
3.913412915694487015e+00
1.877377062264773855e+00
2.474285928501417153e+00
4.514925279857652463e+00
3.844568727157076093e+00
5.032249838265552278e+00
1.553431354363308703e+00
9.278733670559035085e-01
6.376358570305555418e+00
5.528919644584154858e-01
1.993764501793193755e+00
2.038071239001444823e+00
1.780294086466857273e+00
1.927506280226892299e+00
1.817975302488945122e+00
2.974738429771539128e+00
2.893502703695971068e+00
4.626526685243742776e+00
3.161402693232585825e+00
2.882174005538374661e+00
2.907944772118739252e+00
2.166235589996745148e+00
2.724958623721602358e+00
3.932140598876788129e+00
4.272749600812617565e+00
4.609152031596041255e+00
1.319511883597731083e+00
2.406848537359742579e+00
2.991068523631740805e-01
6.588266588222400522e+00
8.363223940467239270e-01
4.580310893356434931e+00
6.169859922817980014e+00
1.174285823089065817e+00
4.354253470883446830e+00
3.571561948121852126e+00
2.328200332488980617e+00
3.509039342674922679e+00
4.813069362394881701e+00
1.993536183852133714e+00
2.119341418012322009e+00
1.629971323954212181e+00
1.019010493039247844e+00
7.844126799479133050e-01
5.133475562059623520e+00
2.616340195364782240e+00
3.957007539892864134e+00
2.745244100941038656e+00
1.790917318894758470e+00
1.415977803531520252e+00
1.298173107118414826e+00
4.274362473924101735e+00
2.061960960079236571e+00
2.214525305495969487e+00
2.162503824925414708e+00
2.560912012355868406e+00
4.159369079048389928e+00
8.304043103960246919e-01
1.923531628383957859e+00
9.649157812754433072e-01
1.688184601481654390e+00
4.586306278973372841e+00
2.452401491382742549e+00
7.395640872038339531e+00
2.188894482291251276e+00
2.272142760206724343e+00
2.129081076913962534e+00
1.860638048789880816e+00
1.938764690278899305e+00
8.885913042652697769e-01
2.994099590342425010e-01
6.555306562880832688e-01
4.251231180143211219e+00
1.878318074342221200e+00
5.653960363211541384e+00
1.751633510283340911e+00
2.214528680649344494e+00
5.907878120940426303e-01
9.261832892005955609e-01
5.248914206441694930e+00
2.373189209604808614e+00
2.709207047925838108e+00
3.286832014176922723e+00
6.970962911334989132e-01
2.428702907778566011e+00
8.920343990393754252e-01
5.205714140528398204e+00
4.282893889168571278e+00
1.017371364924186228e+00
8.530668421231709653e-01
2.268107957110597983e+00
3.019177220306699105e+00
3.496041983263765918e+00
2.467872066401660014e+00
2.551543233314570447e+00
1.525594598099863530e+00
2.965835959071304817e+00
1.668473161899057589e+00
2.207173674531274887e+00
5.753340177267241007e-01
1.718226382657146001e+00
8.359430779082748231e-01
4.478110120752392120e+00
1.607661693218680909e+00
2.064807909449326129e+00
1.679086457484079364e+00
3.669020968542885619e+00
2.492330589613423353e+00
5.063812541558773361e+00
2.284709462207493491e+00
4.114360474137343515e-01
1.949225511275292089e+00
7.997545028302340819e-01
3.338544715496423620e+00
1.588368623641813526e+00
4.457741827883878294e+00
3.663719885091887285e-01
3.752638627953551964e+00
1.156834407370435081e+00
2.902996396202448093e+00
1.756040966997468589e+00
2.486874410451655582e+00
1.608889231190955726e+00
6.770190131116147203e-01
3.130782966537865253e+00
4.814124264887234439e+00
6.325361055961684187e+00
5.243654161096408473e+00
1.079225145167026501e+00
3.898207005930997671e+00
4.318923657389791559e-01
2.608973234696267962e+00
5.042351634781645942e+00
1.392287452590700747e+00
1.153382173127194488e+00
2.625487832315693826e+00
4.065475659674797626e+00
4.095732915757042569e+00
2.645727359458565076e+00
1.719516880138622472e+00
1.320680190730505688e+00
2.077445705031836898e+00
4.024695758505774990e+00
4.148929358394322087e+00
2.429905960334417525e+00
1.566574522485453702e+00
3.692673151567444467e+00
3.420417502031936952e+00
6.676949122280563254e-01
9.330745928970195502e-01
1.359391837313906004e+00
2.622663128797984022e+00
2.216868177270467033e+00
2.052488784520760667e+00
4.903358527462401639e+00
1.934936878877863808e+00
1.890315440525603297e+00
1.852755803723614481e+00
8.840240906370364637e-01
4.248665850407882805e-01
5.104747713512824525e+00
1.240432983406924317e+00
2.778188022171316884e+00
2.080005043384013153e+00
1.923668704947214980e+00
2.191268857767617373e+00
3.710215300344447353e+00
7.078752061078779079e-01
4.036542399893042976e+00
5.830822973453584357e-01
2.052045343997235705e+00
9.651389582709956061e-01
3.946422262366616973e+00
1.970580695721015241e+00
1.451945021069785735e+00
1.779361390692364875e+00
3.045236144857902616e+00
1.690690282410302503e+00
2.586882676904114220e+00
3.151714805828322419e+00
3.456985379125476765e+00
7.714089364494577383e-01
2.051608733531273820e+00
1.646322703522823838e+00
5.030149996876873253e+00
4.685591451809473007e+00
4.851429272780547031e+00
8.038565377699874448e-01
1.146949359590722528e+00
3.900875271703434510e+00
1.632088651385663836e+00
2.007627393284066475e+00
5.209490264782377089e-01
2.397260550491360220e+00
5.196484713002195832e+00
5.226787840802495033e+00
2.899567476895625440e+00
1.941139152188857686e+00
7.590512633502126683e-01
4.572651356508083964e+00
5.100835151624510289e+00
2.326456016583599240e+00
5.320111371971538716e+00
3.557317042794832407e+00
5.108280595945971392e+00
5.226770030968632685e-01
1.203405698910039234e+00
6.965990672213484558e+00
1.613515916597253463e+00
2.102072391221126768e+00
3.306852699097244219e+00
7.346636091570647231e+00
4.249035477015373985e+00
5.233302926875452954e+00
4.218752000950126479e+00
8.536383029392746735e-01
4.789517323813558214e+00
1.238965998421021952e+00
9.154888643885594757e-01
2.348129728475989442e+00
2.292338395695922237e+00
1.957135244584941258e+00
1.052065739144596002e+00
2.372453183828845624e+00
2.106662676207418095e+00
1.771730536784346333e+00
3.690882954494842938e+00
1.152487686918760579e+00
2.096701979347836087e+00
1.104263358351177837e+00
9.764754311531749220e-01
2.277166686267571460e+00
9.916752232828708324e-01
5.599684492180086792e+00
6.715105801379545269e+00
2.078483441947762689e+00
1.605298991785684359e+00
1.567740866212705031e+00
6.085887820174817442e+00
3.658569447140642694e+00
3.656765811385726650e+00
4.210710574773522730e+00
4.388511002251415327e+00
5.919155350351038791e+00
1.243260057576256239e+00
4.133821621801289758e+00
1.130281740094432275e+00
2.090525191431347185e+00
2.002896525495946101e+00
5.784207609602219691e+00
1.696279552598805695e+00
2.013341643582347018e+00
2.685091837506321966e+00
1.984538136548022802e+00
2.100370178435184254e+00
2.676749914561527444e+00
6.573148480378678826e+00
5.885456812241226743e+00
2.208147704722318583e+00
3.108011921554446833e+00
9.698775289980449132e-01
2.723901887051777493e+00
3.652792954514828772e+00
3.005161491860532053e+00
4.184919002638475050e+00
1.074189454245184860e+00
8.290680361484913385e-01
1.535094251959842282e+00
4.199459751396380724e+00
1.600612218699984046e+00
8.854863749249188842e-01
1.628863355879591523e+00
5.519452642231524209e+00
5.371193452651333189e+00
9.638377440535675689e+00
4.025342020317030034e+00
4.461796191495803754e+00
1.489155418872059045e+00
1.302177256094023905e+00
5.540954004756478035e+00
3.097119704121255257e+00
4.678141617324289570e+00
1.470483596662910397e+00
1.755819413195173206e+00
1.877357593945523817e+00
5.434082402459488925e+00
1.587917230768291388e+00
8.513818482805243226e-01
2.975501050750390064e+00
5.341700929548376386e+00
4.792406758755248575e+00
3.318186351912370657e+00
1.433326022320792648e+00
5.278982102649719010e+00
6.172146369242462960e+00
1.761798691037023135e+00
1.688102905344009086e+00
3.426338405994702629e+00
8.424756054746094236e-01
7.120659218291427450e+00
5.645851357074161969e-01
5.403640089036154670e+00
4.509215271802428759e+00
1.182018305761922683e+00
1.231734531506458730e+00
2.958707615466339647e+00
4.760020250435703648e-01
6.469405168872239820e+00
6.632411266183774190e-01
2.297352188732864509e+00
4.909229392616880183e+00
4.947881806235340463e+00
4.897391635680614641e+00
4.328294924702160706e+00
8.830837256452623851e-01
2.893412736615139202e+00
1.885733728284740396e+00
1.230789309332250836e+00
3.269280557708027946e+00
2.069173738391010264e+00
2.666209105871703233e+00
1.797510724750882805e+00
3.604591127064377787e+00
1.240554772354096391e+00
3.537094258681670045e+00
5.715570486334526024e+00
3.676639265871170181e+00
3.226817458999637012e+00
5.080011115483827666e+00
2.634240351346778919e+00
2.024332892380739324e+00
2.349854766248131721e+00
1.518263420671189134e+00
3.149360846142615245e+00
3.458709418697818005e+00
1.919248604235722855e+00
4.302550645331139734e+00
3.571126755537555653e+00
2.260453160865902422e+00
5.415628763572499338e+00
1.400752929837431049e+00
1.703799753891397151e+00
4.802416023796730826e+00
6.303528438519516719e+00
3.874300089286951909e+00
8.740729025995232604e+00
3.263058170871659058e+00
1.972726075316024952e+00
7.796035375443094440e-01
1.328513862984545657e+00
1.437565238811506552e+00
3.288116647935482195e+00
1.211453997889001544e+00
1.036986923552785989e+00
8.361445675968411928e-01
1.537802040692863637e+00
4.427466524335744502e+00
4.031232818209204538e+00
1.363811579288129350e+00
3.084354757853621010e+00
1.743295847440680113e+00
6.478943047549997614e-01
1.934328437699248227e+00
6.394333977607529640e+00
2.019818199607859910e+00
1.831281759976443047e+00
2.807222414622548623e+00
2.830694518015095973e+00
2.846992827153241201e+00
3.527328529379373911e+00
2.959020695570104831e+00
4.072958230335594898e+00
4.438615575197391028e-01
5.221271913551053245e+00
1.971386916382241283e+00
1.947912510003315445e+00
1.797342800031088483e+00
4.030326935524469967e+00
2.460529643125543675e+00
2.901472570360914549e+00
5.329057222877619182e+00
2.412239251870143431e+00
4.984504756924637903e+00
1.510437196390264969e+00
3.867079734666494240e+00
1.955021898923232859e+00
1.240806340613968661e+00
1.654364869443669450e+00
2.608117901904161595e+00
1.979716993383252133e+00
5.992468727902446890e-01
6.880562840036706262e+00
4.396960052258270579e+00
1.449424491681957861e+00
1.608142926600379496e+00
1.947636554855520119e+00
1.401737390189369714e+00
1.598225375823164596e+00
1.709480941265645759e+00
1.193136206269505228e+00
5.829629905574948978e-01
2.135177299076576052e+00
1.894754944154263043e+00
5.981964130415454939e+00
1.921284973404081553e+00
2.721332859436572438e+00
1.918961872548966774e+00
5.094096194738503947e+00
1.734104074588501687e+00
1.078884213310954632e+00
1.029352367162569504e+00
3.961837156785965597e+00
1.094707969554245208e+00
5.875687248021440823e+00
3.994884082650571600e+00
1.392911034242068968e+00
4.912762651863546992e+00
7.481975751481295678e-01
3.206585396709508817e+00
2.454642825508587034e+00
9.147603415568497098e-01
1.222761457424575537e+00
5.304668436615552096e+00
1.046474296040827534e+00
6.123876382047305000e+00
2.342766980000862365e+00
4.849721297417746158e+00
2.065756968090182610e+00
5.912745979939363350e-01
4.336857648901438544e+00
1.925651547132375185e+00
2.193693998141038382e+00
1.380188488230413402e+00
5.928050653947770421e+00
2.009813734257317019e+00
5.443266396221043912e+00
3.623490119390753605e+00
9.280027395405936463e-01
2.223811868887334064e+00
1.419372374836707751e+00
3.459830063292541169e+00
1.740327728306866995e+00
1.057097433195262726e+00
1.085630444583025600e+00
8.710573485091657187e-01
3.172429157939722799e+00
1.764134366542573495e+00
2.003201874044901576e+00
3.525474755627047596e+00
1.594833102455865070e+00
2.093618510182017722e+00
9.569252943828708835e-01
2.614677568558622323e+00
8.083145613171621724e-01
1.590461038440540209e+00
3.441200920137864827e+00
2.566237126630830367e+00
2.399399370670481257e+00
3.745739071137025089e+00
4.216571694323819841e+00
1.821444146038754708e+00
5.156064458233569958e+00
2.309669931175742708e+00
3.439301979540420717e+00
3.440816997660609555e+00
4.750709611568989743e+00
3.393966985077288889e+00
4.025055206485459003e+00
4.854846857520064063e+00
1.845378892219262212e+00
2.517943276416442000e+00
3.487312018896022270e+00
2.086182943120048261e+00
2.171279291446271742e+00
3.323496788939905411e+00
1.257629877913173599e+00
2.010806493693328978e+00
2.557075674858599879e+00
7.081220860192292132e-01
1.446674751171853623e+00
6.235138013325498996e+00
3.761658248654405678e+00
2.561041398315696327e+00
8.948900504970025427e-01
2.248699086204614339e+00
1.097438948583318030e+00
1.108403659596728597e+00
2.953669743248382940e+00
4.030671195037602850e+00
3.394761586046848856e-01
1.096218482402664174e+00
5.131462886274366753e+00
3.121680041704294251e+00
4.575506962445230918e+00
2.177300994565964487e+00
2.158578424496271797e+00
2.190657752259115298e+00
9.544568512065362276e-01
3.580678766984358163e-01
6.996347856141975630e-01
6.041682860726701465e-01
4.732620608742625912e+00
1.747137823677669566e+00
5.885324962050476394e+00
4.675725443374644463e+00
2.168945369410882673e+00
8.269948067788209789e-01
2.768382944047200311e+00
2.161799145133478817e+00
1.227744183793664012e+00
3.003219538681334733e+00
5.174428372037931823e+00
2.192413407961387506e+00
4.845637608529531626e+00
5.264080898740314263e-01
3.191398362933291821e+00
3.437492648093124714e+00
5.798153150090830099e-01
1.395609698107314722e+00
1.752643571415393842e+00
2.728865427388099008e+00
2.123474964205504190e+00
1.487553917354337951e+00
5.057645410169526734e+00
1.535737745084720274e+00
3.815502862668837647e+00
2.228082128533704243e+00
3.576227752190895171e+00
1.810028211562644263e+00
2.856616040739005324e+00
2.416576803839960874e+00
1.871756732673853341e+00
3.019212872034423789e+00
1.326261053794874689e+00
5.453875365651613905e+00
1.544681191783140450e-01
2.606061349714546171e+00
2.102256029196232223e+00
4.006943821342403567e+00
9.607041475921049289e-02
1.099296432349079478e+00
3.881680641206075144e+00
2.349216463696476520e+00
4.002224597592971556e+00
1.159276203966360885e+00
4.331200850436839112e+00
1.142440145410575036e+00
1.535326599045083285e+00
1.955123872477905200e+00
2.677927785171945185e+00
1.500264077087598347e+00
5.401662441343948906e+00
4.080509961181189027e+00
5.315663517224661128e+00
3.800545534939954617e+00
2.101147014832902560e+00
4.204153924957955368e+00
3.212051411250380628e+00
1.162857905684306692e+00
2.755749697507140272e+00
1.483771199209656277e+00
5.438021151551625465e+00
7.926664280388427741e+00
2.664533193910237685e+00
5.534717390524690472e+00
7.125228513839534372e+00
1.848797364721357139e+00
1.789665404817669003e+00
9.626990000778316015e-01
1.245038800765042364e+00
3.314112133548892114e+00
9.491827255818099385e-01
3.029308395859517056e+00
3.106529535477843496e+00
3.823918156335323282e+00
5.492806751181075420e+00
4.237738008029325876e+00
3.137290052089119374e+00
5.606021181445440149e+00
1.646095111005800860e+00
1.194268562236261433e+00
3.216213512466102653e+00
5.553726240686169824e+00
1.255805380067985144e+00
2.674767738271138562e+00
5.718828364555850641e+00
1.994836187912235381e+00
8.824882706551935296e-01
2.196298388080755171e+00
2.203914202278498546e+00
1.899556488871226634e+00
5.857199649268304276e-01
1.751019996403979428e+00
3.014019178472822524e+00
6.327030422778346264e+00
1.387109968323367637e+00
8.288125634278850073e-01
1.444101643950053360e+00
3.287592725404092420e+00
6.471093720260754356e-01
1.206885559650912487e+00
2.243479872751862114e+00
7.945937364454880303e-01
4.991453246899919982e+00
3.094734753397062832e+00
4.629623145976101695e-01
5.147227795443755305e+00
2.687149373878598091e+00
6.870168531032886605e+00
2.300770774226225335e+00
3.471695991269301729e+00
4.491879725786117383e+00
7.364661360465971640e-01
1.853916503116653347e+00
7.570873951810270786e-01
6.076044039277150866e+00
2.788065428386333977e+00
3.230479473869927620e+00
1.993544636250149660e+00
9.253148339289333890e+00
1.736133679423997878e+00
2.005596977813222548e+00
2.074776586017232916e+00
1.131061686317838211e+00
3.927648785108286855e+00
5.283031545489895286e+00
6.369466275056640647e+00
4.087309199952585459e+00
4.335278382774716555e+00
2.392724552039868779e+00
1.230798687166223537e+00
1.876954499082716721e+00
5.112672340091452661e+00
2.336051091472187924e+00
4.394701370797947426e+00
8.038031017995191929e-01
2.957090896924686074e+00
6.179319404107105562e+00
6.610408517890025593e+00
3.795031181303267331e+00
7.184133153749259204e-01
1.155782001832480255e+01
6.941885272777572613e-01
2.955798304384813946e+00
1.438976276616724004e+00
9.463432980846011588e-01
1.325332916899770730e+00
1.218894455086576123e+00
2.943553818173088032e+00
8.676520406792551654e-01
3.370143641259244482e+00
4.453144784414804214e+00
1.360139696488028127e+00
1.158860380823642400e+00
2.135713440258102835e+00
1.247836626884813338e+00
1.744665483601443690e+00
6.096558284337127098e+00
2.343989617119884628e+00
3.607314824167026313e+00
3.264892276798460724e+00
5.037301146293005516e+00
1.468939794694231527e+00
3.740998500525264614e+00
1.105285124443484479e+00
4.069432872563930381e+00
3.317262664816046591e+00
1.121352775253374068e+00
5.688642484340793892e+00
2.666444404902957199e+00
4.107413200746273141e+00
2.948887732231771697e+00
1.565843414137407130e+00
4.544224608751278538e+00
1.571338765611642208e+00
1.639615063875142997e+00
5.437396792675657231e+00
5.177170142390850494e+00
5.225258407309688602e-01
5.965840117893596251e+00
1.647232730927864930e+00
5.112832736344660844e+00
1.474334180883466239e+00
2.925886596614367896e+00
3.084085893777443577e+00
3.886742691613020995e+00
3.669563207979824604e+00
1.457651253911147249e+00
1.176049109292818473e+00
7.425489239821442267e-01
1.745872789372002742e+00
5.841409997462412740e+00
2.947657197229462511e+00
2.700685762512258670e+00
1.454808833190907036e+00
2.754539651767293318e+00
1.263845726781634315e+00
2.144274725693134709e+00
4.833071161816949513e+00
4.416584412746890287e+00
5.204356222289741929e+00
3.781474861480614624e+00
1.693548767231556118e+00
1.157233938668059237e+00
1.258838184705169283e+00
2.068339913149798370e+00
3.989512595758870184e+00
3.576064409710979497e+00
7.226284874939690184e-01
2.003552663162536884e+00
4.451061730901165525e+00
2.050270640242241704e+00
4.300878792255390159e+00
5.267493324429938006e+00
2.292284550776523044e+00
4.262878001789391469e+00
3.706695091791706975e+00
3.865474189389212611e+00
2.713021732927178409e+00
3.211963906167843774e+00
3.003593713800790432e+00
4.582829507252591528e-01
4.434087097319753257e-01
1.757701498174575327e+00
6.414041873898772117e+00
4.092491757225816151e+00
2.337252887364676734e+00
1.239196330607724050e+00
1.438483480580424301e+00
1.892637878365456494e+00
9.704403981785286737e-01
1.973056463857981280e+00
5.149124748822729636e+00
4.161068756367475530e+00
1.947850575230615888e+00
8.031858915859529935e-01
3.096286824372722624e+00
1.160787778785442814e+00
4.150685428484746531e+00
1.670435791989000329e-01
1.630820161515135425e+00
2.459361201381734308e+00
2.865828003127411261e+00
1.248571530638745308e+01
3.357662122801281956e+00
2.823186780622042313e+00
2.629616667739418934e-01
4.136858208297522488e+00
3.366419464749486612e-01
3.311865871443932186e+00
1.136875432779294037e+00
1.915501072655928727e+00
1.588130491661279287e+00
7.905464458179835008e-01
4.722379507435992885e+00
5.774563402692195480e-01
5.100968370346578240e+00
7.682337824845515861e+00
2.390020798621965703e+00
3.925771224891529076e+00
3.043978662444806194e+00
4.167684424486021832e+00
4.362674152152440921e-01
1.666979707057429705e+00
7.894830437658140188e-01
2.020060149457383769e+00
1.469806737877062508e+00
4.038563321964945274e+00
2.052726000790284111e+00
2.011595851750457520e+00
5.191590336303413267e+00
5.062220232607542725e-01
6.751805937027937077e+00
3.986593964586035987e+00
7.067315048123752774e+00
8.560489350137929776e-01
7.628378296903285394e-01
1.035928786872470475e+00
7.703151979688545037e-01
4.980764137919511114e+00
3.317578183740945263e+00
1.348531030496467942e+00
1.347769384587271579e+00
4.008489866961952863e+00
1.628158148654203607e+00
4.148007476909670643e+00
8.077686896819477269e+00
1.172741414979870500e+00
1.776455240623128207e+00
2.746857620395978472e+00
9.378114498912468733e+00
3.243266013309610063e+00
4.010888939202157388e+00
1.766692674044500810e+00
4.726112455622227593e+00
5.201001754816508615e+00
2.402467473353762983e+00
4.054349503994032489e+00
3.327501468494578618e-01
3.922729012661978931e+00
1.218596673212234194e+00
3.036837975135159517e+00
1.850004071481879286e+00
2.896643401180103883e+00
2.012065007323899035e+00
5.329227626180674804e-01
2.234558016870283215e+00
3.044280719159016879e+00
1.620639824766430204e+00
7.483921369848537175e+00
4.421905766524475645e+00
2.144135517975335414e+00
1.506721900001179337e+00
3.456391296220070242e+00
2.254334214008574477e+00
4.173516576000880107e+00
2.788175041651427488e+00
1.014096566364007801e+00
3.489155417976585571e+00
3.888883301968482087e+00
1.578095505793993825e+00
3.315942228217366505e+00
2.478402993716606773e+00
2.542739364901216437e+00
1.684881222669376122e+00
4.811032824404060548e+00
2.808495195996592031e+00
3.145978743232261010e+00
3.557153768501833291e+00
1.814393839758651872e+00
3.438331151405801478e+00
3.171442876604533279e+00
6.027240255493379273e+00
3.423134760715409897e+00
1.897589308969443778e+00
1.745122470770187562e+00
2.700865115517835147e+00
2.254701186500287946e+00
3.346744204398518274e+00
1.720997793805483012e+00
1.157752667845132644e+00
3.811355691303471627e+00
7.916570340350109758e-01
1.391910420731724107e+00
5.616456205544108293e+00
3.346746485337137589e+00
1.087815703275686108e+00
9.406096626994041587e-01
3.472827205250595295e+00
2.917510454135182396e+00
6.274029928367401698e-01
4.436961951880710409e+00
2.420022484027327447e+00
1.582889621842302308e+00
1.689903874084497826e+00
3.854223593248890634e+00
2.115819213288203215e+00
1.410891736215143188e+00
1.900833490938183212e+00
2.816586180241940962e+00
1.017243464188581914e+00
1.748887510133417145e+00
1.414379492646173686e+00
2.166412932554486748e+00
2.730274423340107059e+00
5.075454800692088320e+00
4.008784381657057416e+00
2.059112816025667758e+00
3.660966863536663674e+00
4.290986259358127164e-01
1.291419802400386230e+00
1.662297182880842161e+00
4.481233312295886506e+00
1.950923207241312296e+00
6.736976726242173363e+00
1.895195821495686772e+00
6.152518671397620764e+00
4.573825347029934818e+00
2.488873364393763055e+00
1.948731436625137814e+00
2.072790716765799957e+00
1.781515439224332642e+00
7.768839645114717918e+00
2.256434147103640431e+00
2.136365126104603718e+00
5.324516829519051697e+00
8.838906799517914914e-01
2.668603456830277221e+00
1.806882207398425866e+00
4.252998723570790673e+00
2.670807088470081858e+00
2.025973712434181451e+00
2.061850431411545781e+00
3.330298208808069482e+00
1.189201435286045161e+00
1.905394932860887458e+00
1.347733200196144621e+00
4.681382244227863865e+00
2.845477497495485508e+00
5.295577761338260636e+00
2.994379511437073038e+00
4.198009805176579512e+00
2.338424973974523091e+00
7.886780331781472420e+00
6.678736513145466791e-01
1.784009613171558151e+00
1.154377878697070425e+00
1.952089280514202052e+00
8.380437160697098431e-01
1.099297310936587735e+01
1.561645996287021498e+00
3.722550870566696979e+00
5.112590201254880284e+00
3.126823454862858842e+00
8.833546262819462314e+00
2.991332855339954744e+00
2.266030583627431039e+00
7.498904644284705157e-01
4.732326904353299390e+00
1.780670802326966395e+00
4.928378262196074999e+00
1.047807656488752626e+00
2.515760341663789035e+00
1.957332138806122668e+00
2.430793786897381903e+00
1.047915812715388251e+00
6.268081121523383814e+00
1.084241393922266150e+00
4.066482881394935411e+00
1.709711160921927764e+00
2.332270230171856529e+00
2.586094901337680163e+00
2.838859161190303571e+00
2.026525794579065565e+00
2.662391875287124954e+00
3.902394369603902735e+00
7.156786015328310491e+00
1.127272549870048518e-01
4.648151594033115508e+00
5.200883327777751752e+00
4.885594163765278886e+00
6.146762827589271616e-01
9.524462512010429815e-01
3.229120022319265093e+00
4.090487087983927239e-01
2.047605051765942985e+00
2.823705326045867103e+00
1.977239323629001566e+00
2.683272552622356866e+00
1.498102427927614499e+00
2.595629403260609980e+00
1.524284479551427207e+00
2.026110635058388620e+00
3.778752067157900019e+00
1.250829167059045011e+00
3.218602332863012894e+00
2.579015812811029651e+00
2.921635275373707596e+00
9.036522608738717377e-01
1.093019143458986209e+00
9.704041107529676191e-01
1.362755017576987804e+00
3.782968528584566226e+00
1.917030083113150596e+00
2.042738189675086691e+00
3.702801209815773098e-01
9.089724685085728950e+00
3.162137090685148699e+00
5.745524295461621911e+00
7.751874789623185436e-01
8.321950702391369692e-01
1.223042521847389486e+00
2.938010778217852614e+00
8.603844502338955369e-01
2.768616348821639761e+00
5.816511974811477970e+00
3.848206048382487587e+00
1.173703490097863567e+00
3.383707046130473461e+00
2.971088011870608447e+00
2.650179563148651884e-01
2.432228009964435778e+00
7.467692118482460728e-01
9.654168468927727398e-01
1.057155443444023790e+00
9.548402669646166574e-01
2.272523129110865181e+00
2.903909401750499608e+00
3.254559650611843935e+00
1.588571335304577392e+00
1.210781460372986507e+00
4.500758856932023377e+00
3.181932710176660350e+00
2.211382626232605730e+00
9.831945566176069073e-01
5.835899103442590885e+00
1.447701238130884693e+00
1.595938197155212235e+00
1.713215275726110320e+00
1.739671867203285593e+00
3.556249925672339884e+00
1.335804005973966202e+00
4.941464528764585751e+00
3.038476015697195720e+00
3.338134271813406162e+00
2.576046310509837234e+00
3.938041746098414730e+00
2.136255358827087392e+00
2.232991119730128649e+00
2.662080660542585964e+00
8.974611421946737666e-01
4.644735833145534065e-01
1.895027786293779659e+00
2.256455029360140419e+00
2.697209699844590691e+00
2.040482228231974116e+00
1.950587958209476280e+00
4.571764833945196393e+00
2.458742117411052419e-01
1.729852445510298375e+00
2.052946689022719706e+00
6.023717165075172630e+00
1.104338583889828307e+00
1.413523238211412902e+00
1.932627687071974742e+00
3.252938840844668889e+00
1.547693756733045545e+00
5.401216864327860634e+00
2.209114532638104755e+00
1.207042340309862904e+00
5.080568669785740177e+00
3.021481176963303206e+00
4.400775657451283962e+00
4.649306887571998281e+00
4.963209672674309125e+00
4.794417850265880077e+00
6.517637234056529172e-01
1.031066266874199444e+00
9.161981306475729392e-01
7.809435197905973958e-01
3.789197095960048944e+00
2.253966556074673999e+00
3.125884889143744072e+00
2.407351781516427813e+00
2.593968620698794414e+00
4.245926373513942309e+00
6.407736417353127045e-01
1.456549153128446683e+00
6.208610742093582324e+00
4.685449316158886823e+00
3.779254309908317566e+00
3.694766269833205108e-01
1.590221994092686941e+00
2.168934017995642005e+00
5.507574821721441083e+00
1.112069056713432369e+00
3.512643483126644206e+00
5.589291584364008969e-01
2.051655174817562433e+00
3.606114370333753261e+00
1.550784510477247524e+00
5.116415096113320793e+00
2.820427360270360673e+00
8.619151747740658731e-01
5.236325532615480505e+00
2.179477070121387250e+00
1.726947766184784738e+00
1.434699496764311411e+00
8.217051882680488362e+00
2.927965090611638566e+00
3.950163947542336684e-01
1.814553401608776761e+00
3.507978999903917483e+00
2.464004662074303909e+00
4.246245938854896984e+00
3.306894928888191032e-01
4.063506649313554320e+00
5.940785089664840868e+00
5.957692233414014993e+00
2.037137997294578007e+00
1.456374443927284990e+00
4.524715487274877823e+00
3.191761358711962426e+00
4.677751641974906782e+00
5.137513350502729281e+00
5.900820094841489727e+00
3.551443044827386153e+00
5.103050176329291254e+00
1.867363359251149602e+00
1.695226547731286226e+00
1.287279741208385175e+00
2.211491416841950386e+00
4.326325868412092213e+00
8.020064533640136606e-01
2.467251964505067452e+00
4.289468333712896708e+00
4.752782686389276812e+00
6.434797436739291498e+00
4.034625938573960013e+00
4.180475354321329107e+00
5.271774852325737726e+00
4.867613774308096275e+00
1.392863115499303195e+00
1.414215485729581667e+00
1.978945015854802314e+00
1.121762153028989850e+00
7.298685834206367629e-01
5.794177711372701545e+00
2.417279040299350701e+00
5.656530243669463109e-01
1.581030877219314457e+00
1.706583491794464891e+00
1.789263016245140392e+00
2.990537914556399279e+00
2.457294800793631051e+00
2.817150651946589868e+00
4.904796555417151538e+00
3.326673044122224976e+00
5.618896496974822519e+00
7.119755607730781088e-01
5.569922714498671823e+00
1.053847625265704524e+00
2.316884937262944533e+00
3.563256146161938975e+00
1.788964072916066961e+00
2.288448561921636148e+00
2.677450176696690054e+00
2.530524054327356609e+00
4.216275685336579926e+00
1.277151329561047488e+00
3.151491777174641129e+00
4.071235260907208442e+00
4.881274256801301448e+00
5.075629245724989858e+00
4.044912511508153230e+00
2.709026871743761777e+00
3.082756901703556540e+00
3.967498324126935927e+00
5.182724455592240265e-01
3.207022784339979449e+00
3.218098970992497310e-01
4.056520353596351214e+00
1.674350313381993027e+00
1.997079578612946493e+00
3.054974935065824848e+00
5.335499403090264714e+00
1.666135093140420187e+00
6.696209538843286291e-01
4.096402649094515347e+00
3.583699136672293228e+00
2.029225022706148795e+00
4.291055702032437580e+00
2.078827214294220127e+00
4.144250852050029188e+00
1.975010082348003460e+00
5.363817218238630780e+00
3.496244155314410129e+00
1.466060971888766051e+00
5.618167794126507353e+00
2.478801350577211515e+00
2.910962111974477295e+00
1.374024404092101248e+00
7.599567557192101752e-01
3.354313768262775497e+00
4.675461170987884607e+00
1.606896114425595323e+00
2.863229631961464516e+00
1.789303149696507056e+00
4.315414776767203975e+00
4.394287456755032295e+00
3.373324311176904899e+00
1.216532315741461590e+00
2.756271975718373124e+00
1.563942108423618915e+00
1.673791765603485526e+00
3.853564050229721705e+00
4.761449714179287085e+00
2.130838690985039197e+00
1.694330978062240867e+00
4.066131236988447029e+00
2.973069806710453289e+00
2.755784646188539355e+00
6.019252594208918339e+00
5.835845266998678227e+00
2.770378686473613516e+00
1.654027204558170094e+00
3.376414802504373203e+00
2.887116887700672763e+00
3.187366923328545099e+00
1.410104963478582052e+00
1.554059231058483981e+00
7.073851440589490336e-01
3.206238449854486472e+00
5.324833447064365011e+00
2.698498159828123466e+00
2.092236048245644131e+00
1.744501570016476100e+00
4.188354211587618892e+00
2.560188733934945837e+00
1.284859276750325296e+00
4.867721602642785861e+00
1.143186566657716119e+00
3.467176555009452876e+00
8.300688913484183251e-01
5.549712073560011838e+00
1.133841301818198088e+00
2.713724400994938168e+00
3.441640959933462973e+00
1.740362211354235855e+00
8.626454467962346717e-01
1.982367778860026242e+00
1.944559415716786033e+00
6.212010538382769731e+00
2.371041919582490554e+00
2.322751210760713114e+00
4.347298416934690657e+00
3.254974303018193016e+00
3.195214203566564937e+00
1.733991327466650523e+00
8.908431687690552270e-01
3.162489716857363575e+00
2.797500505438189400e+00
1.201356407415787197e+00
2.694513085581994094e+00
9.649053052644117612e-01
7.056065674089052608e-01
4.114319868014259640e+00
4.591725871368058876e+00
1.051240699996068395e+00
1.691341825690002354e+00
2.902908925717627486e+00
2.802523248610704787e+00
1.422031415775009355e+00
1.562494387883254454e+00
3.321836874972200704e+00
2.709271820505996242e+00
2.474058012416153751e+00
1.044575491259139177e+00
3.264599658136085214e+00
4.282212310186246818e+00
3.918500872394052426e+00
2.512776857978992862e+00
3.483539811250024876e+00
3.844826302224671810e+00
4.951521238299514405e-01
1.668310858067295843e+00
3.248007658830975863e+00
1.153302805677354881e+00
1.752992932628632872e+00
2.222082378657026513e+00
4.116748862986034929e+00
2.411785821658159357e+00
2.966036333524490587e+00
5.507795606150883039e+00
1.654686543150153177e+00
2.783589199854883844e+00
9.407196404138843393e-01
6.254019336071229285e-01
1.931236672015378630e+00
5.943422419503724408e-01
1.034208852974010995e+00
9.481728200116977812e-01
1.691408735436896293e+00
1.579082977749353356e+00
2.350373088659402310e+00
5.165660404093520341e+00
3.155338481625295621e+00
6.542130483128704377e+00
2.919044030448429083e+00
5.024256700857939961e+00
5.392045272978163162e+00
4.666785957419018693e+00
1.717994648469842289e+00
5.019545365964050987e+00
3.305788311361466558e+00
2.330010995634538062e+00
4.102620162337355048e+00
3.107350292137551762e+00
1.196247915123503702e+00
1.765012880570572040e+00
1.546720772542669042e+00
2.327570874525940248e+00
1.790988254719308337e+00
2.026355883476999242e+00
1.479192301138273713e+00
4.235514565474057136e+00
2.133518291266955913e+00
4.864198243542854350e+00
9.285777811895917777e-01
4.842119458786470432e+00
1.048628750543891375e+00
2.547713385367833094e+00
2.015245774795737965e+00
7.791381006190382097e-01
2.357077104150327784e+00
5.971530081679946811e+00
4.141806023682969240e+00
3.699393146410177469e+00
7.921319133163818860e-01
2.095222260204038900e+00
1.737315460763684039e+00
3.501521029458206424e+00
2.952719513508702320e+00
2.969071844323673659e+00
6.437411270539530328e+00
4.595779090046978155e+00
1.070097113216668117e+00
2.699632131577624605e+00
1.294176906824608286e+00
1.265883512761698526e+00
2.115224048608512764e+00
1.088257655195530527e+00
8.556412964793342901e-01
7.082047690662532702e+00
1.814726638068987485e+00
6.114647965446331490e+00
4.212108591709136540e+00
1.359596659081447667e+00
1.722067948693940309e+00
9.830974715430890187e-01
1.135819459132206610e+00
1.851164267604030744e+00
3.735525307354309099e+00
2.112229299643912039e+00
1.971093856782601295e+00
4.050186568524897224e-01
1.330114722087871293e+00
2.062020849550248336e+00
3.224700699057355457e+00
2.712997677305131639e+00
1.132809936069044232e+00
4.156518637776883018e+00
3.837457953337186645e+00
2.276583907233028281e+00
1.412392639404702832e+00
2.904101801539378247e+00
3.570058775815406982e+00
4.536022521621097425e+00
2.656031920024671589e+00
2.466497926263761631e+00
4.123222192668777986e+00
1.527141191738992543e+00
2.589173654389397505e+00
4.399159322405026273e-01
6.526066765957316385e+00
4.322020735036655736e+00
3.735012381183013375e+00
1.628089861355884516e+00
1.530301443064834066e+00
5.124747855430309862e+00
3.546545893303663988e+00
7.160542105772749188e-01
3.249787606057908285e+00
1.616922765314808830e+00
5.660305779730368414e+00
6.374899312849677813e+00
4.873747171018295576e-01
1.741140926473762285e+00
1.530699149036013784e+00
3.583077436398351079e+00
1.961890240754503800e+00
4.770372294549185099e+00
5.985766739298971073e-01
2.767145785705404037e+00
8.957073542096704033e-01
1.691230929331713373e+00
2.056432438084860870e+00
1.434818922057095048e+00
7.354519887555294178e-01
2.434873050367846403e+00
4.582392699808942815e+00
3.213497569353174210e+00
2.121149630367290762e+00
5.423692542831723529e+00
9.764977092631155209e-01
2.700850992605767775e+00
1.298247547350136699e+00
1.652791011636856489e+00
1.316835427790412405e+00
3.866431195342626470e+00
5.345529106528926766e-01
1.406452053474714914e+00
8.076121790986838800e-01
5.900817085960881947e+00
3.722753001994599131e+00
4.327425404036697287e+00
1.435207892077322356e+00
1.353796920231408629e+00
2.979527393353510689e+00
4.746012181087236215e+00
2.878628769972236601e+00
3.051905891074554678e+00
2.164147078285307391e+00
1.658620056682698740e+00
3.647559436139977684e+00
2.088608963141351804e+00
1.578847074272388795e+00
1.732864392390836228e+00
4.867267851889561570e+00
2.822848026194648252e+00
5.403023652678224487e+00
4.376617855721040229e+00
3.719512205539682537e+00
6.160078937984021508e+00
3.188246259887518530e+00
3.899467050158486270e+00
1.183042163811539815e+00
4.341935814363284685e+00
1.443612257122075304e+00
3.667618483416341113e-01
4.205072167917197845e+00
1.766242539795202182e+00
8.923824873468380048e-01
3.143063444715938903e+00
3.769770979178559411e+00
4.901849625638195818e+00
3.093769334828478268e+00
3.048616263351000111e+00
4.494300150285967632e+00
8.845952838643841298e-01
1.593124550331549871e+00
2.982111947674325858e+00
1.672352216116196111e+00
4.170465236139934362e+00
2.733152713989885019e+00
1.693590436170891556e+00
5.048784998607487751e+00
3.440376422436071557e+00
2.271339525173111884e+00
1.741339779695729062e+00
1.472541974523068786e+00
1.945592089079347220e+00
4.406461594887585598e+00
2.105244911644821748e+00
4.160167506079162969e+00
7.543783152217103938e-01
7.728717309514374634e-01
1.188342471048073223e+00
3.140199712654805353e+00
1.926423308801778811e+00
3.349948182131041730e+00
5.626890114904524509e+00
5.624930507244844113e-01
4.551353598495667896e+00
2.114331320465867581e+00
1.803834217774086923e+00
4.147110336303466482e+00
2.116233509438224303e+00
2.372337676157115993e+00
4.858089635563857200e+00
1.400848326570937274e+00
6.065676983725772686e+00
1.162356304946644547e+00
4.666920973301466269e+00
1.324170218826822509e+00
1.585342186884017623e+00
1.981903508117982105e+00
6.322905483940076898e+00
1.262258191859826795e+00
1.767040991735754574e+00
3.680444495550731610e+00
4.034888442790367513e+00
2.598912444946763767e+00
3.974627975081877818e+00
1.987367142261867725e+00
3.699999108093938727e+00
4.017141448605895171e+00
3.625472190469702038e+00
2.885409861633129847e+00
1.371784331467851059e+00
2.091612089092515170e+00
1.884922662301553808e+00
4.233409110115677443e+00
1.276448717084477380e+00
3.354068502333352075e+00
1.854975743077529327e+00
2.355408583430147029e+00
3.060817713269741613e+00
6.966662135441614723e-01
6.019918092614730654e+00
6.096919769976084424e+00
2.708531825033463902e-01
1.980670134211775624e+00
3.777079470378049475e+00
4.726045398416083287e+00
4.447046639433938964e+00
1.347431698750382267e+00
8.072061238535817029e-01
1.231774247516895571e+00
1.964021722993084973e+00
4.599205623595389092e+00
1.243416765730617879e+00
1.172213433584703424e+00
1.059131559524679078e+00
3.708756637507689469e+00
1.313780274178217633e+00
2.613644670490836042e+00
2.135334224977981865e+00
3.205522304783337884e+00
5.306595058966273371e+00
4.430708746322909342e+00
2.070612052600610209e+00
1.911806432423808433e+00
2.606498442861263420e+00
3.296752445665191988e+00
3.663020775883585767e+00
9.318335976278043775e-01
4.581081487724554258e+00
1.573854795450922772e+00
1.565123932438584387e+00
6.158492945131461838e+00
1.410541778326356521e+00
1.746127272150142185e+00
6.735944386389669525e-01
4.808883717639984567e+00
1.579927387823241824e+00
1.996439965159022112e+00
7.960339133678576706e-01
4.125742414528772883e+00
2.308904969502965088e+00
6.045550403677021123e+00
1.295414359521871228e+00
8.931625167880105076e-01
4.762323091155138854e+00
5.051373196457493719e-01
1.933835608278215767e+00
3.381431118478439135e+00
4.713031404374437905e+00
2.718171007925324734e+00
7.137849409252084776e+00
3.493696869176636355e+00
9.998171759459469898e-01
1.876838883422672355e+00
1.304359361526271188e+00
3.000260505294844116e+00
1.904443912369833791e+00
1.138879304898436695e+00
2.316830009536702484e+00
1.747297824456555349e+00
8.952310270355281485e-01
9.604639340504840250e-01
3.633332033468581468e+00
2.371547424539407256e+00
3.530958186216688777e+00
1.262367597559788779e+00
1.576920896697689756e+00
1.784501778137231209e+00
4.469884333151267874e+00
1.005242129701888310e+00
2.107636496168390217e+00
2.342655800445076153e+00
1.004075824093711766e+00
1.616244433101384770e+00
1.738730164545088552e+00
3.161227462975695790e+00
2.332641087953210679e+00
2.018762862602389685e+00
2.088691738603062564e+00
5.005736784836363640e+00
3.578993961538095014e+00
1.558862331094597486e+00
2.752558613170830171e+00
2.201963499748143871e+00
3.954736135277860498e+00
2.026169017272601902e+00
3.061288314072491801e+00
1.449987544554348196e+00
1.975247620365379930e+00
1.585694347960084016e+00
2.341347514695396370e+00
3.908744936650185853e+00
1.595986880184621315e+00
3.124373315653183880e+00
1.112545250234112659e+00
2.783607017861510435e+00
1.953399874778025458e+00
4.093492185978771403e+00
2.370780962284424476e+00
5.720405887887276108e+00
3.076941742037673677e+00
1.956527695895725394e+00
1.704477075838419342e+00
1.236556294503186937e+00
3.273235273948528867e+00
1.421419656559248068e+00
4.385932853490557726e+00
6.235824917294422676e+00
1.661164511705519597e+00
3.980182558951013583e+00
1.855136988935854880e+00
1.635095864207579908e+00
1.894203663367391099e+00
5.850944208305260297e+00
1.968283303883739288e+00
2.691595386832552617e+00
2.157673437632452895e+00
2.998135003961569733e+00
3.583433251390022889e+00
7.015845573098069110e+00
1.484558815072764215e+00
2.167966661755233559e+00
2.524837375743155921e+00
2.178337212688887359e+00
7.664096892777032544e-01
2.773356557509908171e+00
1.589639691066881300e+00
2.378223899460462309e+00
1.567598056399394757e+00
1.471890177117609833e+00
8.324840777655740709e+00
7.466217031685966621e-01
3.553764863168360044e+00
2.741349286930293339e+00
2.194845269871232851e+00
1.654499704561189111e+00
1.438743993149871336e+00
2.375713768119709801e+00
2.110721119763776077e+00
2.238373335829985766e+00
2.566822252836538087e+00
1.593126475184055701e+00
4.143094578372063630e+00
1.542371369480711074e+00
2.077600833086899801e+00
8.351340492315320052e-01
4.133737322986652529e+00
5.520781801660222810e-01
6.325403538209556364e-01
1.833570562268268755e+00
2.972181799399292057e+00
3.241346472308398674e+00
1.278838328869303487e+00
2.732396731809123569e+00
1.361381848544460649e+00
1.112343479558030701e+00
1.981891669022173730e+00
9.703096352799965851e-01
1.826577817576754414e+00
1.118806251617578962e+00
2.177694183271858375e+00
9.158737718853622312e-01
1.791211165595738786e+00
3.840242974553783384e+00
1.676930757918652093e+00
5.903393720165861502e+00
3.524132614924131435e+00
4.023029712962146398e+00
2.051164285664410336e+00
2.856697072104302126e+00
1.663225628442286386e+00
1.724025354497432883e+00
1.723674947672654056e+00
8.335892571819776276e-01
1.022623508603318854e+00
9.422673077786142271e-01
5.020356428103156077e+00
4.017407069982240841e+00
2.835645155535077677e+00
1.375939601683512370e+00
3.702606856272167235e+00
1.750794142968741252e+00
2.337030795734256650e+00
3.900833137927040895e+00
5.627447927041442366e-01
5.105018787904203492e+00
3.287030112983721608e+00
2.573197407553625027e+00
7.910174479982949869e-01
1.484795131858139605e+00
5.115701165638037118e+00
2.342521807690882252e+00
5.463504759030087810e-01
4.255261940286835798e-01
3.080692477110138050e+00
4.568659691351560248e+00
3.488997531607434421e+00
1.112916366025509668e-01
4.311014610839199790e+00
8.731874629210510941e-01
2.793155016021628079e+00
1.731477095846590819e+00
4.413220468949194952e+00
1.327675176092580456e+00
5.956850023972904751e+00
9.770367462110598478e-01
5.127034721626039904e+00
4.384567131333525936e+00
1.155805584807233943e+00
1.216016747199199388e+00
9.707503786566284987e-01
3.232543892564748056e+00
4.700951547814714360e+00
1.050302892511508102e+00
3.123247075495285241e+00
2.070682842986387939e+00
2.802831229596676632e+00
5.227346498193911728e+00
1.530367093367433595e+00
2.485337331638132863e+00
2.930720784262578427e+00
1.378928325255349918e+00
7.531499276483530902e-01
2.342240485366230196e+00
2.106816571220006651e+00
2.116904287173047461e+00
1.239715565235951944e+00
5.356167287651516506e-01
1.319538268287669069e+00
5.894237589776959441e-01
5.776654616355920702e-01
3.832791052465017501e+00
3.877029719290359999e+00
6.408567176945625388e-01
1.876692370090803585e+00
8.062148589103805829e-01
1.962508379152872351e+00
1.056034091653787366e+00
4.165337933369361867e-01
3.161237985891097058e+00
2.372972569545236610e+00
1.685095413439915868e+00
5.556687243727456149e+00
9.820970532300260514e-01
6.095435407654618665e+00
6.712866501572699596e-01
3.453531462303486510e+00
1.743944231606192385e+00
9.003352441380981785e-01
2.300149739080163069e+00
1.431118782108141252e+00
3.258048021836545960e+00
1.188094978353679387e+00
5.588959666522915093e+00
1.850435696002047381e+00
1.568957895207441222e+00
1.260097619639976019e+00
2.509517662927361670e+00
4.042343341348925811e+00
2.240986808218387694e+00
4.261097180603368173e+00
5.648528714684862839e-01
1.397340045624472227e+00
1.021490375859318345e+00
3.244088644088255702e+00
1.485395363963219140e+00
3.111765163475202822e+00
4.139794525385214641e+00
1.811133768532015464e+00
1.784419233712032149e+00
2.387022144921185696e+00
3.732209081712605681e+00
3.841136039000224045e+00
4.690018882858573157e+00
5.250128054681693079e+00
3.877774841914046533e+00
1.462797970024986460e+00
1.757033020767450271e+00
6.427138561239000403e+00
2.212375761057450152e+00
5.534978042691559352e+00
6.820619880173914851e-01
1.495951773856899036e+00
2.313283830946788022e+00
3.592756586272292996e+00
2.837256948115263189e+00
5.572325052981097926e+00
3.151498004475471237e+00
1.521162746127981080e+00
2.859634088122197326e+00
2.289995237086027480e+00
4.875307992664672518e+00
2.323424339842632413e+00
3.608808215878058778e-01
1.229733017786917237e+00
6.673383589914797520e-01
4.019630008249007957e+00
4.743566660943701940e+00
9.301356912849263470e-01
1.075188810249607219e+00
2.798247505817135661e+00
2.254714981448886491e+00
3.905527470063419937e+00
4.486757210971256349e+00
2.069535137922727586e+00
3.274827969452980270e+00
4.330866765040596533e+00
3.333667504634836742e+00
3.748405210100489438e+00
2.382017104625131054e+00
3.432962470204786509e+00
5.106997027730073135e+00
2.094508140078920277e+00
1.794534019138845693e+00
3.883732062890702608e+00
1.856955777111529704e+00
5.739708750049293151e+00
1.443389220669796913e+00
1.526585817774040787e+00
2.390778182038292510e+00
2.854274739190933996e+00
4.934107752486111664e+00
2.048549178046898067e+00
9.091434247950637149e-01
4.530007985635780443e+00
9.178897991761730824e-01
2.996389652106366874e+00
5.641202741106015495e+00
2.514727640027234479e+00
4.525048366906823105e+00
9.672971565208945410e-01
3.979583648818271424e+00
2.303602574572793493e+00
2.017855256315295165e+00
2.988293232371767250e+00
6.014571527766217507e+00
6.963663760243552492e-01
1.868632763897030591e+00
5.772705458288212910e+00
1.637526146657227732e+00
8.523394420951160289e-01
3.316973767945436968e+00
1.735944954073640023e+00
3.747767578432668500e+00
1.497715829464385529e+00
2.160936808765002493e+00
4.050985441863940828e+00
1.238290688842038634e+00
2.509311763785233129e+00
1.994356695177493144e+00
1.673044593478391073e+00
3.236440197278771080e+00
4.945129790558624450e+00
4.977544902870874033e+00
5.019141433828018251e+00
6.685992308170368714e-01
1.329500439672249623e+00
1.280641358650439710e+00
1.014578200743679881e+00
1.888330290701949243e+00
2.814899635279749290e+00
2.966227544930446491e+00
3.625635007263980913e+00
5.888378183130114074e+00
4.513402211283413124e+00
1.029447650864980357e+00
1.891820123888700689e+00
9.126372036562485635e-01
2.481854554682388692e+00
1.476250332839201151e+00
1.355038263026300260e+00
1.555681181773926225e+00
4.881416973540319559e-01
1.652913482862153671e+00
5.399202332574486007e+00
1.352553059111933909e+00
3.980099955291491298e+00
3.489338207125519120e-01
1.099559536416383487e+00
2.220783666198889339e+00
4.162189965595066710e+00
4.058529468051692568e+00
1.704381433833970449e+00
5.620036453408011390e+00
2.169629671164128748e+00
3.847723653501032626e+00
3.818541158875231378e+00
2.356856742947033734e+00
5.199161302670498586e+00
3.202343165949617099e+00
8.237434600695124898e-01
1.146331857173791491e+00
2.941386137399150780e+00
3.358181638811688074e+00
1.856926466778585638e+00
3.745350857160583136e+00
1.406578569449665084e+00
4.901999385679282284e+00
8.320531845258571924e-01
1.761682691918711186e+00
1.800602627732999172e+00
4.043560017173329690e+00
7.109854416766316909e+00
5.959144498652509725e+00
1.577733105107974598e+00
1.672099060962077166e+00
3.022818322961903448e+00
5.034174681350214620e+00
2.386746748128594220e+00
1.551817216263546628e+00
9.324800502546391812e+00
4.689947257493265020e+00
3.864568475265040437e+00
1.197101055479672382e+00
9.034016516015994647e-01
5.303584070093300795e+00
2.773034597188078099e+00
2.064778403073646018e+00
1.638408170427478883e+00
1.926979635389558521e+00
1.078536135079850578e+00
5.449921415977385664e+00
6.982079152517352227e+00
5.106639724540460001e+00
3.885808769665117790e-01
5.730637988143294059e+00
5.778677050000730731e+00
7.109758137320487670e+00
2.185740571103417906e+00
6.977717938250215246e-01
1.086021522847931742e+00
1.489289401160830195e+00
2.363768311768927877e+00
1.193113133965207684e+00
1.051552090360746261e+00
4.872865151209523127e+00
5.208430696204109367e+00
3.793271798619359814e+00
1.626550429187204827e+00
1.407080569005265014e+00
4.448905141292931020e+00
4.965860268713615966e+00
4.002259410769715586e+00
1.286360209163237123e+00
1.266187384909281732e+00
9.618425954644466147e-01
1.296094612190938911e+00
4.490446434361607508e+00
1.685758236195634974e-01
5.506816702045830070e+00
2.631512987102786472e+00
2.715427804693595348e+00
5.612081395631788538e+00
4.741791062214610442e+00
3.757468977704605528e+00
1.701215196030946952e+00
2.350579111261933196e+00
1.521630791658067361e+00
5.246574639585052324e+00
5.912049025944327241e+00
4.459762610724143705e+00
9.201723201586061718e-01
2.468589224489525780e+00
7.880331624592663564e-01
2.862733860872646030e+00
1.903136553339065840e+00
1.727073614806405422e+00
8.548604446342351615e-01
6.320859438727405077e+00
3.763428360566214437e+00
3.664416062356708803e+00
2.386603772126898892e+00
2.296740439769469955e+00
6.523877479396415602e+00
3.453150174073801093e+00
4.014656706239114747e+00
2.092619448748346489e+00
1.270096493054096110e+00
3.579180365981310619e+00
8.129701365209361930e-01
1.987762137970864318e+00
5.068626178695702089e-01
2.148275495896229792e+00
1.085376048781640179e+00
2.351063527073086856e+00
2.871537140243952013e+00
1.817301766441222322e+00
2.997901183093512500e+00
8.019557162559230790e+00
2.317422049672626549e+00
1.205708287438295612e+00
5.951110798517763811e+00
1.736451346920069971e+00
4.157440195121743898e+00
2.925976531277627135e+00
5.592900159858757991e-01
1.511223676749268163e+00
3.850777202153643497e+00
4.449147291274759830e+00
1.199720966639061803e+00
2.873655317529906661e+00
2.594414721691832515e+00
3.232691358325424424e+00
5.409237860670565112e+00
1.259655253737829383e+00
4.420389572946665346e+00
4.129743500251208843e+00
3.036118060474426006e+00
8.298468912240466455e-01
3.386052334966060062e+00
3.027575829393360340e+00
1.183778797537011762e+00
2.829617561237063317e+00
5.545401837091744612e-01
1.890211378260159503e+00
2.352928515157824307e+00
1.702842765369947609e+00
6.398708082244030093e-01
4.345261312783073038e+00
4.086133045523678842e-01
4.226451129474718904e+00
2.032154010330448735e+00
3.732002889146418756e+00
1.305972666383722558e+00
4.051301569434733629e+00
9.195354113004825081e+00
1.739413398682412959e+00
1.314931821924033128e+00
1.157217475844253496e+00
1.708684940413708997e+00
1.391814012228865138e+00
2.210774024792394599e+00
3.120751921840329679e+00
4.741162906464849947e+00
1.718559662863021753e+00
3.296239756004233801e+00
1.908702323865078210e+00
4.288612464609837360e+00
1.855999072303835984e+00
2.390233015061249411e+00
1.879536468769558599e+00
1.011901343885661664e+00
2.529126778341546533e+00
4.112534570663863853e+00
3.407581299662804319e+00
4.944681885195648441e+00
2.118257889023723806e+00
3.797048119241915654e+00
4.713895789697574834e+00
2.296629180788174907e+00
5.904226076664642608e-01
3.958627318733059841e+00
4.513200697731598154e+00
4.518532483154596435e-01
2.263755227111441837e+00
5.190347049370141796e+00
2.500528253392091393e+00
9.355154225672309698e-01
3.544947439883288087e+00
2.509117568813870491e+00
2.076451380639099398e+00
1.295426760811466682e+00
8.428095963981845351e-01
3.263426876267802257e+00
4.139032940279283146e+00
1.251814924892356728e+01
7.377882097401859962e-01
1.622838816745228119e+00
5.041671591524261586e+00
1.568161190510273473e+00
5.448678624641126511e+00
5.363678588250039292e-01
9.174162344381915357e-01
9.068527593792784502e-01
3.872280818096840882e+00
3.590294619681582589e+00
1.955976319487219506e+00
2.474459629651795556e+00
3.545805338787633598e+00
9.430026154155306539e-01
9.249768960914277471e+00
5.772844513632517049e+00
9.396685623553552302e-01
2.279758514044829987e+00
1.526829420809428628e+00
4.623445175200434853e+00
1.426966353288864564e+00
3.240652918601862886e+00
6.134011401737439195e-01
1.512780342202761252e+00
2.750303841043524322e+00
1.061077364622608821e+00
5.850019849152990226e+00
2.213426268327849833e+00
5.428828578439773622e+00
2.751842713766647908e+00
3.763176781823611150e-01
2.312864852344345135e+00
1.639037301745131181e+00
5.941834114651420862e-01
5.416208717085252644e+00
9.197969941251783466e-01
6.358113632381217961e+00
4.090056496730863245e+00
2.270537044882404931e+00
2.586800110089842342e+00
2.492913277866980248e+00
3.448604144891972201e+00
6.991190924832950682e-01
2.228637613833450715e+00
1.683534345976253954e+00
2.620960889233365343e+00
3.553968398079279112e+00
3.810908150798141047e+00
3.983122988392208796e+00
2.548541625353906603e+00
1.644477455006357058e-01
5.047642820420962906e+00
3.291579063056915722e+00
5.935436493374517397e+00
4.916696096127131987e+00
1.786023256811414051e+00
1.042646277291980361e+01
1.653852060848570504e+00
2.319624523268514871e+00
3.616854101990005788e+00
1.098092516907979377e+00
1.690540182620202003e+00
2.970264371230905809e+00
4.544749204219018957e+00
4.012436702800163069e+00
4.871033544205492838e+00
4.180890586356577288e+00
2.323212199278634760e+00
1.882341118579280881e+00
1.797940767715838106e+00
2.497297100281941074e+00
1.312916418368834215e+01
5.601391686142209281e+00
1.017296278982249058e+00
4.015067459141538286e+00
1.945127025785324815e+00
5.386960303473724565e+00
3.495582446267222032e+00
1.564388598525232377e+00
4.025852347055773883e+00
1.483025794962851363e+00
1.587467048620910814e+00
1.682591763394158724e+00
1.032058417829441854e+00
3.202043162933095211e+00
3.930868574821235750e+00
4.530246281249340257e+00
7.670459247494058053e-01
3.139257295981534579e+00
1.725994040617466307e+00
1.752197835400630899e+00
5.721510962044881188e-01
2.685449382413393593e+00
2.092855711174975486e+00
3.880605664881637829e+00
4.396212648213522201e+00
1.908105772234522712e+00
4.178918864271216727e+00
5.701001596127160731e+00
4.476091146177773261e+00
1.270104320810043319e+00
6.165074024545365017e-01
4.267333611723426401e+00
2.325914598260227617e+00
3.218157329791902832e+00
4.649552716382777007e+00
1.958003945932509593e+00
6.023047771371146553e+00
7.543760774354156817e-01
9.510797686754797198e-01
5.515420671809335929e+00
2.657291092207234140e+00
2.261534034331862397e+00
2.130152121469374382e+00
1.698378191033311779e+00
6.398854279590720395e+00
3.738686769105282082e+00
2.575016423108069663e+00
8.554257634901326623e-01
1.649781845605471142e+00
3.431534420448097755e+00
6.757882614080040540e+00
8.998959692283425849e-01
3.274936146377154689e+00
4.663048716980744857e+00
2.487254274249039110e+00
4.407827373906105350e+00
3.841916912075081569e+00
2.415387695786028743e+00
1.974721269785199462e+00
1.583175480813987512e+00
6.236965522843866960e-01
5.506730563701078829e+00
2.152585670025720876e+00
6.890599791099172311e-01
2.308736145290568142e+00
2.134893939364630455e+00
3.524905541399418141e+00
1.971278495487965410e+00
3.133814924659051204e+00
4.236011123862435390e+00
3.713614478034726663e+00
6.105160879898025028e-01
7.846355749433110205e+00
1.533555389605919306e+00
3.201869654190359960e+00
7.312649101507578964e-01
1.658392740377468755e+00
6.030266945455705629e-01
1.899577495701529228e+00
1.193368763492199669e+00
5.573944121889629955e+00
3.844165822865583504e+00
3.680715584874577062e-01
1.948244445942253211e+00
5.577820281535494917e-01
2.870839500699613911e+00
3.478397164798272101e+00
1.128675088517137715e+00
2.571241229431010744e+00
2.105118812357063440e+00
4.066216579601436898e+00
1.937721572367903766e+00
3.152305575885788524e+00
1.887645886353727986e+00
1.525367722395564396e+00
6.644428815206660843e+00
3.412845820093537430e+00
4.361879732367805573e+00
2.016995363083988746e+00
2.150370365869273659e+00
1.207861287256302152e+00
7.004682033899741533e+00
3.051818173796083666e+00
2.364328650685885602e+00
2.648080068737726389e+00
3.014855978395876601e+00
2.223328703554514618e+00
1.515089012109845257e+00
1.746670985634138917e+00
2.863863522342582790e+00
3.348806660137015445e+00
3.442949442494915857e+00
4.982225293097510277e-01
1.804081736372186162e+00
2.998618715988301098e+00
3.608074522290734443e+00
4.228997840982363421e+00
1.342054896866983871e+00
4.248487442774087519e+00
3.278234146347430045e+00
1.094708767732721633e+00
5.435495487537295167e-01
3.922574497963550844e+00
1.550598616575934230e+00
1.895578415298972974e+00
8.069195492001518533e-01
2.896605538551828118e+00
2.055118821977552468e+00
4.421194526223837684e+00
1.341663900689407773e+00
2.268826724883521440e+00
5.932494117023396907e-01
2.466557668656951030e+00
4.167949337955727529e+00
5.689218232153701038e-01
4.137025642065871978e+00
7.243414630269461307e-01
1.326051528449609274e+00
1.014417952163019265e+01
6.652902729042813323e-01
1.153104214652470594e+00
3.659950740679034809e+00
1.895195684053892160e+00
1.659764143388766877e+00
1.843869204979118326e+00
4.861101871507389482e+00
1.219323176255136865e+00
2.551354960075176592e+00
3.106996711325793470e+00
2.862638815720708330e+00
3.209230727794617266e+00
2.184393956602441289e+00
1.722421276329072048e+00
4.201094437975526397e+00
3.576379173959488345e+00
1.819646776704712865e+00
4.002765724635194644e+00
5.813098434558843230e+00
7.621694351395837952e-01
2.275426506293441786e+00
1.428678771788264301e+00
1.731380940800358204e+00
1.184218056318089962e+00
1.654954494147147237e+00
8.450179727682288755e-01
2.813909406557000281e+00
3.873288779299602691e+00
1.934153179011197210e+00
6.227581208789865208e+00
1.660627527376240087e+00
2.718334434439144687e+00
1.849890146894793697e+00
2.253230491271740465e+00
3.866985161126226256e+00
4.108061836368086084e+00
1.307739451852917734e+00
2.966908445182880882e+00
2.585812989786149707e+00
9.543595575084872218e-01
4.412662307467236644e-01
2.893853856178256745e+00
3.566529853105606662e+00
7.971678559176609724e+00
1.409403676318803145e+00
5.556586232716484552e+00
2.628387497681093699e+00
2.534742426868587639e+00
2.483345112808919453e+00
1.770439900627486685e+00
9.770415171529562848e-01
2.730977105581510411e+00
2.569517310486503892e+00
3.466137235229644009e+00
4.047253245248432663e+00
3.994549081753909103e+00
1.983975457344782312e+00
2.830238118842919981e+00
2.619140093010024817e+00
5.469136709557086640e+00
5.037337138965669148e+00
1.345939634470069146e+00
3.561855388529251876e+00
1.417734720552735084e+00
9.705068273127761547e-01
2.081803269052028504e+00
2.278467601043634438e+00
3.434793984158924562e+00
4.369115232666897164e+00
1.356775849422107161e+00
8.104618813101224228e-01
1.562737770531859249e+00
1.265999234636126625e+00
7.200409181617884791e+00
3.638641461923561859e+00
2.713332818430806093e+00
3.654457446025980438e+00
1.337149411979718927e+00
4.473955101916065935e+00
4.451691888376759998e+00
8.875637943065394220e-01
7.210548391038356097e-01
3.313306244784297028e-01
2.571177770193412648e+00
3.213957636990983247e+00
5.684362914389424759e+00
1.909681377072211195e+00
5.776070332914541972e+00
3.938154210395935273e+00
1.192067937008039813e+00
4.761193546405626087e+00
1.276400208452222795e+00
3.698572000236298063e+00
1.077918001050229391e+00
4.108642628243479145e+00
9.450804427248555850e-01
9.290853489009648358e-01
1.786488526335455518e+00
1.339434631817374211e+00
1.391958943659639347e+00
2.510671474558319183e+00
5.858812478400307056e-01
3.121040692120688131e+00
1.435870196236578300e+00
7.320701379181446811e-01
5.594301183475730355e+00
2.246174865676210164e+00
2.058365930896099094e+00
5.242900618204982877e+00
1.633212811851139090e+00
2.252835961172330315e+00
1.975941114932439069e+00
1.985384838606127467e+00
1.762380177958776217e+00
1.063156753035790603e+00
3.355657729056808591e+00
6.075833408150630888e+00
3.773249155666964061e+00
1.471237081137920732e+00
4.668727305847044207e+00
1.364531895296466013e+00
2.149453793463846463e+00
4.608770297717309283e+00
1.802543525384874723e+00
1.313725762106599193e+00
2.153691588146616098e+00
4.936756629622831127e+00
7.831117461659191648e-01
5.581822920386819931e+00
5.087987421896670526e+00
1.163123858097976582e+00
2.950480868891030006e+00
2.284883751890893322e+00
4.513484440734164771e+00
1.682364604541594089e+00
1.621924039657507866e+00
4.895248568779285492e+00
2.792594259789061617e+00
1.230798412862515789e+00
1.981330709293671610e+00
2.188236393545804237e+00
5.961686571291759051e+00
2.961628324887222607e+00
2.968927525975235682e+00
2.119426722328876522e+00
9.740350365869842042e-01
1.260728916642180009e+00
1.866086545576273625e+00
2.046957688275438336e+00
4.746064519721915786e+00
6.332281194921759448e-01
4.488668674775373901e+00
1.642593426194078887e+00
1.775531242910696195e+00
8.963141636248467270e-01
2.657101713347762018e-01
3.852378118301310383e+00
3.892734318828261042e+00
8.536991266542021117e-01
3.453757624563364992e+00
5.858539364248026793e+00
3.946581102637908955e+00
1.811838290708235544e+00
1.381569443665533914e+00
2.367760163491858361e+00
3.001309133529502127e+00
1.929858672038170742e+00
1.273040061494268516e+00
6.805062302506053040e-01
5.673911716827364060e+00
4.676266959482372698e+00
3.485741747405676882e+00
8.858679509980039724e-01
1.582253375376025950e+00
4.463010962315556718e+00
9.732410278879884968e-01
3.612496704742742981e+00
4.611382996362944908e+00
1.778375189479119323e+00
2.393781915428024654e+00
2.039707007185832310e+00
7.019001197588694119e+00
3.076330395132071516e+00
3.004726411260565833e+00
1.906333409801636236e+00
1.621984797125746836e+00
1.037593363389952561e+00
5.629866628040232079e-01
9.488858141995087925e-01
9.135865359508886785e-01
1.158976684620619535e+00
1.876931291569913451e+00
1.989290475585361540e+00
1.316709199440258438e+00
2.584769649057836460e+00
2.543952115016168136e+00
3.849028013195420872e+00
5.111537950774519778e+00
3.444406928256469769e+00
3.964175056284196419e+00
8.894241490106832293e-01
1.418368360384729909e+00
1.466038789098220718e+00
1.752321215471757121e+00
2.259325638999121644e+00
2.389056873852967833e+00
2.488262588423943988e+00
1.741906985312190903e+00
1.533119135435254021e+00
2.153324120396344465e+00
3.105019791489109782e+00
1.187192182195288659e+00
6.040889347369653883e+00
1.222615039237070489e+00
1.507379267486468999e+00
1.652315748036563781e+00
7.018476578231903851e+00
2.532303798517229421e+00
1.390772876532786695e+00
8.746655535072414001e-01
1.461930934371805657e+00
2.736100559378809916e+00
1.619916198998599510e+00
6.983371882460841285e+00
1.810300664857419584e+00
3.911572258847233474e+00
1.612059128405654684e+00
2.498830285293556663e+00
3.274213507700153958e+00
2.556463555182502567e+00
2.788689575270375087e+00
1.465714613086920526e+00
1.705681899721428030e+00
3.488257431981815593e+00
4.604303035833497759e+00
1.274826003029077004e+00
5.334773158452293274e+00
3.467736315805727276e+00
8.191692610711318601e-01
5.947021778895431154e+00
2.360386558432959525e+00
1.592030088150533595e+00
4.707997219586339099e+00
7.704565693029734597e+00
5.222684590020826079e+00
1.438169553909172116e+00
4.364013721786121458e+00
1.715952281786401024e+00
1.852111620310595397e+00
8.715968535581369858e-01
1.123061276172932166e+00
4.637443559420827199e+00
3.606440597287665639e+00
2.927811734004221123e+00
9.488770170738709542e-01
1.725463613516210248e+00
5.484962694152240914e+00
6.754589798161938496e+00
9.522364171821052770e-01
2.014982032128433964e+00
9.076158779537945032e-01
4.902806412458957652e+00
4.881361268751652993e+00
2.019521119999228009e+00
5.365251975527927097e-01
1.396838153622660395e+00
1.404642550028117665e+00
3.369391158173546064e+00
5.350785590066969855e-01
5.642188546074550004e+00
3.948186027068654180e+00
3.565774399229479918e+00
9.737896235941585488e-01
3.178719553203487980e+00
6.517779931669115179e+00
3.256743535848643845e+00
1.390786714792643375e+00
4.848460172911266852e+00
1.295465148434708613e+00
1.491818236311730939e+00
4.287573558677127750e+00
2.342107797043639916e+00
2.358454595112772001e+00
4.949915029710115100e+00
3.202206378022267153e+00
4.133518502254578841e+00
1.791916795676439245e+00
2.369270726311369035e+00
1.353145637989353167e+00
1.456965457514094231e+00
2.822636273512606486e+00
2.529109929887061625e+00
2.176550293749721643e+00
2.367110047193785594e+00
4.224936970161208727e+00
5.139178463948448350e-01
3.649229138783680160e+00
1.063230875379665763e+00
6.709622726593196251e-01
1.266877772756703768e+00
2.437304365780359916e+00
2.688403619897840269e+00
1.089312962614586766e+00
3.842584263369680286e+00
1.628884326970725382e+00
4.822408748832854641e+00
8.584976180085839292e-01
1.276293543417923892e+00
9.255341147465674378e-01
4.697388823385156620e+00
4.550568333516322284e+00
2.410033951865200308e+00
2.321113330156208132e+00
5.595183583995860799e-01
5.292790199609422430e+00
1.365206224638567889e+00
9.013721607112771039e+00
6.952477256343487788e-01
2.656564613382060180e+00
3.396664206188345858e+00
5.299086745319537828e-01
1.956608519863343165e+00
2.102969813695599210e+00
1.835721070982592851e+00
2.386653886365887711e+00
3.893422921765726130e+00
6.211177045246189188e+00
3.280361422707942065e+00
1.477264670631368348e+00
1.624370489857399624e+00
3.018548838673110524e+00
3.305596069637121381e+00
9.564411529501057885e-01
2.684812242979062624e+00
3.429622757809323019e+00
4.243036840538890964e+00
5.074127985290039611e+00
3.897092477890443440e+00
3.573021211855889057e+00
3.039441788385367715e+00
2.270995290402327171e+00
9.388273568066389796e-01
2.446701589331027549e+00
3.023541050022188426e+00
1.246965252776407684e+00
2.136685642607462299e+00
2.702051205006340329e+00
5.486925344749582045e+00
3.167422116590383308e+00
9.830995856974968916e+00
2.262611092508506339e+00
1.320818196744479200e+00
6.080660827853410222e-01
2.436756672181432659e+00
1.081064424496199994e+00
4.723754074400397407e+00
4.701842049112592292e+00
3.464495770360609850e+00
2.489905665010841318e+00
1.145595491538580646e+00
1.763633495217791447e+00
3.598175373919602738e+00
2.430178847160191946e+00
2.705542198038692447e+00
1.581721929392088555e+00
4.200609629859941130e+00
3.985312173376656553e+00
2.192662648252562185e+00
2.444245237852826769e-01
1.422154431030743238e+00
4.542777177957972867e+00
1.251282280010951098e+00
8.794194056971353035e+00
6.415784665644875595e+00
2.897476187582293861e+00
1.747583886428809574e+00
1.545012713109713776e+00
2.032363587758229784e+00
1.564629684533610954e+00
3.643942295393554520e+00
2.955629280131672587e+00
3.383387565239715511e-01
3.033362749045407813e+00
1.443367159778909059e+00
2.002151886420009852e+00
7.215842850429484701e-01
3.918545436512232971e+00
1.583541932231035343e+00
7.695459001049821390e-01
1.373591329192609622e+00
1.520855042720152595e+00
1.605373590131461192e+00
7.744820972835842809e+00
1.636124961340949646e+00
2.540469030731118405e+00
3.397767736521678295e+00
1.389146498295262377e+00
1.006583553763631844e+00
2.446606085556840338e+00
1.107047470623249596e+00
6.619511342659686548e+00
4.967415850871123695e+00
3.433383617035920210e+00
3.864650145037861417e+00
1.895608074365626505e+00
1.564329018106075830e+00
2.857735019732210002e+00
3.399435083596856089e+00
1.710835042838753317e+00
1.916271694960337335e+00
1.740137474494488856e+00
3.513707880436808928e+00
3.195475347588442983e+00
1.534024416991726092e+00
5.299636456896310577e-01
5.435652339839800895e+00
1.809441328563703211e+00
1.114096670438100789e+00
3.877825011769016950e+00
4.850544292392063639e+00
2.630986170241466748e+00
4.155099883333056354e+00
1.429584468610741288e+00
1.937123734063715297e+00
3.679401829734394447e+00
1.373377719268605412e+00
9.697939625479644610e-01
2.493337542811960184e+00
9.366105351116956745e-01
1.486880123197936943e+00
5.109432245063554312e+00
3.999500628227095511e+00
9.704820344156223078e-01
1.239793480939876069e+00
8.312818390180933825e-01
5.321226421054261024e+00
1.614884123208319533e+00
2.371782805138001660e+00
4.851887200415002432e+00
6.433308128201753462e+00
1.443833435949410493e+00
1.287924536721565261e+00
1.804660154898250823e+00
1.731720757216402173e+00
5.793285178253467116e+00
5.366145090635259685e+00
1.712366953582897589e+00
1.939905334817756621e+00
1.915429274902054058e+00
1.138028948251702310e+00
4.505468589998321782e+00
1.259001154571825154e+00
5.848026374633259472e+00
4.342504014390589084e+00
2.757817138379853095e+00
1.867617988124605999e+00
3.913659843362408353e+00
4.133630697205423199e-01
3.270556927151269111e+00
2.146699574909709973e+00
2.979842513949178540e-01
1.655780356078305315e+00
2.733204689308616153e+00
7.802769211479164690e-01
4.888373447097746016e+00
1.696625196753296816e+00
6.047607129050571295e+00
3.410713176664190160e-01
9.929862296349916129e-01
6.861150663355878088e+00
9.799090220546112784e-01
7.590856926326390308e-01
2.139011129990266546e+00
5.993944880566888678e+00
3.771563537209120742e+00
1.572584156259329680e+00
1.579343660434106456e+00
2.285999475077549636e+00
3.816199145399759018e+00
1.505357282433018140e+00
1.846346269102950410e+00
2.762049666536318782e+00
3.146546834904511591e+00
1.569617088256923365e+00
3.068726040365016061e+00
1.242108838912529878e+00
1.673874973403779221e+00
4.137943500099756200e+00
1.541843953608010853e+00
2.224289006829990978e+00
1.686819649290844936e+00
1.425816421503824483e+00
1.232872434881353785e+00
2.229372806447900146e+00
4.464908832190332078e+00
1.856357114545027942e+00
2.615342902179804252e+00
2.905553697340138797e+00
2.913268887310655142e+00
1.952855255112146304e+00
2.179411661299963221e+00
1.749081930455427702e+00
1.410395670181430638e+00
4.863087359543229127e+00
4.482282247253350782e+00
4.263969318785421514e+00
4.928089449694144086e+00
5.915486458118556889e+00
9.177227517473686147e-01
3.917478775901391597e+00
8.663343402117092973e-01
1.269368586037528335e+00
2.593423949346247870e+00
3.192832146808162186e+00
2.694944540118072496e+00
3.869379782871800622e+00
5.160470291613992622e+00
5.458843511015007977e+00
4.896650201214211684e+00
1.980181291568061441e+00
2.859210901771815028e+00
4.414787029322741474e-01
6.181622155627464199e-01
8.581548852881661915e-01
4.164092819548649516e+00
5.198357944657209906e+00
9.021318509336668789e-01
1.411747182407435464e+00
4.051590489761366598e+00
1.167651093385108307e+00
3.538181097592037361e+00
1.193819366175604690e+00
2.792099112704181429e+00
1.731062301043634566e+00
1.794039727528975892e+00
2.304804135586731917e+00
2.683223213845257415e+00
2.632665383487866162e+00
1.891824187248961842e+00
2.466346523156524029e+00
2.245452662348263573e+00
8.835952742141447658e+00
2.850695071688431170e+00
4.718889030828805176e+00
1.524615486711552448e+00
2.306487321671898183e+00
5.577540008238160985e-01
2.566861709711106165e+00
2.283755006969491408e+00
3.138748391388942682e+00
4.214318441347148614e+00
1.311930203068624179e+00
9.715625130737494120e-01
4.403009527363904496e+00
4.438987717903718710e+00
4.192573585655521740e+00
2.278045832239054658e+00
2.390741911298432498e+00
2.628395713683552959e+00
3.552896337073152111e+00
1.917033191353361365e+00
1.195264354434305121e+00
2.942147521590452453e+00
3.179525628728959941e+00
6.867802668247168230e-01
2.884163144388286248e+00
3.825090464636885734e+00
4.585958656687295409e+00
2.995765876821582019e+00
4.504115732602396172e+00
5.427389169838100713e+00
3.012649738953113943e+00
1.057428542454524445e+00
2.116960798732551385e+00
2.308271192718997167e+00
1.746115942304219182e+00
9.440893752657324445e-01
2.736506948348471635e+00
6.182138095998995775e-01
6.478050656806487062e+00
9.274919950668024660e-01
3.545000058900322770e+00
4.915474666374357149e+00
2.944224336514122964e+00
2.310889586578102062e+00
2.627659731320706182e+00
4.398434502369550358e+00
1.294910277658849029e+00
1.910691491875750936e+00
4.054731989991938512e+00
1.198975652792145574e+00
5.803053333488269239e+00
3.666442846046067405e+00
4.538289280506315748e+00
1.934301523680485024e+00
1.143996538133452479e+00
2.087411993819977329e+00
1.966848058468526617e+00
3.662468332836630758e+00
1.867205065651068807e+00
1.613418308049146876e+00
4.572473762832143240e-01
2.523489775899810272e+00
3.965412160052162793e+00
4.323192399941729214e+00
4.427229567644672237e+00
4.788032676450059810e+00
4.927484137628270311e+00
1.226139838523497394e+00
9.779464371751185325e-01
1.009521102069459886e+00
1.072498599721056101e+00
1.088275218312125814e+00
3.059893988614429627e+00
4.684204585066895632e+00
5.408105606389499442e-01
1.864912108312844374e+00
5.247488852800368697e+00
5.227675916566185688e-01
3.570273894948001736e+00
3.795431395895817239e+00
8.952226912398718595e-01
5.226338210278165697e+00
3.705734346203316765e+00
1.693653175898283125e+00
1.504878171817198185e+00
1.012609499625805931e+00
2.427467094816615933e+00
4.535523508798490866e+00
3.356723899245725118e+00
2.729433309814121689e+00
9.199822989537235207e-01
5.575277772168345969e+00
4.504940288294651651e+00
5.211639796363714439e+00
2.256885348481443732e+00
3.087875004247130128e+00
1.805082303209008643e+00
3.302883468009254031e+00
1.064835331253571438e+00
1.273356236355033255e+00
3.346736973721766262e+00
3.403363994632174094e+00
4.231240483635632543e+00
1.782174809863353415e+00
2.022280867049287334e+00
1.136941953948489292e+00
5.414314476816846522e+00
2.078431508045964105e+00
1.270035397440995917e+00
5.762947298093137327e+00
7.017290245223426481e-01
7.326088997410659331e+00
4.476703365450983574e-01
6.098977459338755125e+00
2.127663772711575696e+00
2.068183557779244452e+00
2.536549969223810930e+00
2.154045703173157023e+00
2.881711148574174874e+00
2.190054239921027879e+00
1.932721439660492591e+00
2.011861106233935992e+00
1.108145246429773856e+00
3.906446988780921448e+00
6.810410469824701885e+00
2.782655507582449506e+00
1.889483534901037265e+00
4.292708670713953900e+00
2.273193052035590966e+00
1.572786271598966668e+00
1.116247293161664489e+00
1.536401670576463374e+00
3.609432833118775275e+00
1.786166266903770561e+00
2.327385003659060203e+00
1.270801058968774822e+00
1.698249381973539585e+00
4.250236841932732546e+00
3.871873585194936407e+00
4.078337664633375326e+00
2.273980957661991376e+00
8.246337695294752024e-01
1.472607690205916198e+00
4.104792667253360783e+00
3.353097996173680428e+00
1.735808345646863815e+00
4.039588600038094945e+00
2.181608692668462801e+00
5.376494050913539491e-01
2.676861015824556045e+00
2.465039392577829336e+00
4.575216449193202806e+00
1.133063198668503357e+00
6.000608078644838805e+00
6.265129356206037947e+00
1.133202610606277805e+00
2.300486062752281402e+00
1.578467424090372218e+00
1.465906572648749684e+00
2.197073209095605772e+00
6.653119965354145293e+00
1.797209142245252966e+00
1.869105174917887746e+00
1.902356577060618559e+00
2.702944754546102057e+00
4.477656151455943423e+00
2.329798927522025664e+00
4.537942368558877781e+00
1.836003536646500400e+00
1.417178903847968519e+00
6.063696785667297418e-01
5.069865862875121643e+00
5.342364850568917412e+00
4.897865350807225404e+00
2.542802442159850518e+00
4.171917459711524501e+00
3.273102344762571558e+00
1.438255700884009336e+00
3.779395737865455907e+00
1.895062229143835486e+00
1.514664813850059577e+00
2.739504980802875966e+00
2.813895758518762946e+00
3.195630284946758159e+00
2.319563612169575073e+00
4.700080455132492396e+00
3.659621985439825753e+00
1.218196691238839557e+00
3.436377691037225013e+00
3.352465809734759272e+00
7.562056460014077164e-01
8.443826276014189114e-01
3.730184486021053125e+00
3.969945757789676288e-01
3.069754789846643739e+00
4.649610351432033717e+00
1.792022333709173632e+00
4.269784545470253767e-01
2.667095991775652486e+00
2.853722301071706102e+00
1.760041291284159870e+00
1.320202107054307517e+00
4.555717381346871875e+00
5.245484642469499192e+00
4.452654333208513115e+00
4.190554431012634140e+00
2.095384205774606379e+00
1.598416337621842098e+00
1.156608309280542146e+00
1.166502993796930676e+00
1.023054081975886209e+00
4.758596484965069706e+00
3.349237939067754688e+00
9.940794983681403574e-01
1.470080654319666280e+00
4.209049630749357895e+00
1.462251511666153858e+00
1.343000609935554257e+00
2.294618497837296101e+00
4.232952641574379449e+00
5.647723752228176686e+00
6.577438061904867794e-01
5.481842551910788508e+00
2.438038231422531510e+00
3.545370198590647171e+00
1.381238955021509174e+00
3.321172377465682057e+00
6.354639735731444361e+00
1.295447988821555985e+00
2.918796876843363641e+00
2.309385878732712616e+00
3.728289410053142738e-01
6.410633739784481477e+00
2.450467592782618720e+00
1.207203429271059170e+00
1.394100916752160524e+00
4.262082910406244096e+00
3.933274319146516262e+00
5.250018123845206830e+00
3.210380079315221291e+00
2.546663305708955161e+00
1.708061819633938327e+00
1.055663153380341113e+00
3.645380701255573008e+00
4.676900755160559697e+00
3.555581174715592319e+00
1.153624723552966858e+00
6.069818503668703791e+00
1.528693503154862965e+00
2.709130746093280528e+00
5.871090273815925409e-01
3.678935628934866253e-01
1.709352842977803322e+00
2.319825121346388297e+00
5.232875822111332731e+00
1.045259873688234364e+00
3.112681363151120539e+00
9.371533432931399288e-01
4.055866663901524838e+00
3.787288074061000209e+00
2.258381644023982115e+00
4.308064612094488766e+00
1.069512213564300263e+00
8.921400475893800364e-01
2.300318173825809609e+00
8.866165459824191242e-01
1.512034873099296739e+00
1.537141089055404253e+00
2.908653587189055312e+00
4.623482434894373050e+00
3.105041551160833802e+00
3.242844984544777986e+00
1.581919240821473727e+00
1.322789913965148001e+00
1.868855751426127476e+00
4.548984980435427872e+00
6.822457092334086592e-01
1.246829436483163134e+00
4.864194782910219450e-01
2.181380528052804024e+00
5.341479430349674651e+00
7.711629249668158215e-01
3.832485181352616621e+00
3.453374247013183851e+00
2.200733744970558625e+00
1.802739655213247527e+00
1.004733462703424118e+00
4.148720098498628772e+00
8.405382816701251203e-01
9.893667050507221061e-01
3.463804903040392791e-01
3.975002231652336793e+00
2.316328842862065418e+00
1.095459030676712020e+00
4.205689592923497422e+00
1.708087670810366276e+00
7.552193254133021227e+00
6.506045469199401854e-01
2.239969122552520897e+00
4.824399652101841518e+00
6.663566946054606532e+00
3.851559557076846829e+00
1.017294106803481535e+00
1.400573504840625150e+00
2.458108774892204362e+00
1.779823936154224517e+00
3.095440714901360302e+00
1.367206983226836758e+00
2.705461721282103049e+00
3.523113237093981720e+00
2.422383126286554944e+00
1.135492506192262718e+00
9.525160238712844230e-01
4.240690743285335351e+00
2.670225823798085596e+00
8.651252294843800872e-01
2.981365901699458032e+00
5.762692911775698867e+00
1.141359033073848339e+00
1.634629247110275907e+00
3.194644474579958704e+00
1.352769229876003676e+00
4.794473496647615463e+00
3.480909647618838143e+00
2.135043347711033324e+00
2.922500383410888247e+00
4.150932202325874343e+00
2.802804076801302724e+00
2.310055352430060438e+00
1.559809132350902683e+00
2.509644144739160421e+00
5.494870855236418272e+00
2.793698601451955810e+00
1.112611237759772775e+00
5.429762125846133713e+00
3.324558231766036265e+00
5.554090869424358701e+00
1.453184363894633124e+00
2.556754626396771535e+00
3.774842562914247690e+00
1.478865186952031063e+00
1.641311261666429822e+00
1.339620493496582299e+00
1.584742501968083639e+00
1.276322986310848506e+00
1.352534341837051235e+00
1.363051297942757145e+00
2.814058721946542718e+00
1.625095792352507340e+00
2.097205686030363836e+00
3.036348171463135959e+00
6.376894368080184838e-01
7.844900717166484183e-01
5.722721486236157062e+00
2.936737342744294210e+00
4.920143401270700600e+00
4.228624210462848865e+00
4.106694788957633846e-01
2.503595307226123001e+00
1.225721355472940699e+00
6.580938773307607903e+00
2.454407762646991120e+00
6.472809881328684511e+00
2.262970333511295618e+00
8.755587620842242291e-01
1.139118504605899140e+00
4.275174740902913939e+00
9.627005901230779594e-01
5.881306755579548629e+00
6.700253661735088073e+00
1.145014622731569620e+00
1.083329338815633314e+00
8.552147407807635382e-01
3.470497852401088323e+00
4.400370013076787323e+00
9.565944973285746000e-01
2.174025039511082280e+00
4.724332312892716601e+00
2.109223074718805435e+00
1.033700260111459990e+00
1.771226228402619007e+00
2.916172579230495110e+00
1.052807196071278151e+00
2.210918203073176880e+00
1.725895117420193747e+00
2.841550145365536739e+00
2.400001528493564074e+00
2.343209581934084351e+00
2.123376030627239341e+00
1.889576606914343149e+00
4.487771654653660569e+00
3.146547013127612757e+00
9.871539772905337795e-01
1.191651817327441382e-01
3.905476817598655614e+00
3.556608560321669721e+00
5.376430638607193835e+00
6.272101300671605095e+00
1.030125144509145052e+00
1.245353111441574789e+00
5.635697581446618365e+00
2.628299198022675753e+00
1.302558668322481905e+00
4.861239475229067963e+00
2.270912323119074205e+00
1.974901778433729493e+00
3.186852390076221120e+00
1.314785173807874852e+00
2.900610641597455519e+00
1.390755835708983978e+00
1.197000157046573587e+00
1.214889261691293854e+00
1.112568808296547029e+00
3.462133601630621893e+00
1.850328015043349650e+00
4.596497167740061229e+00
5.116224570703457708e+00
3.920291666124917640e+00
2.840814894471882734e+00
9.862645334943280773e-01
2.939637239045754580e+00
2.502163332251204242e+00
2.378980146577958088e+00
2.090691989437515108e+00
2.429773378302413356e+00
3.382513818380279869e+00
2.744312117835909781e+00
2.462102660962405487e+00
1.855063098875026073e+00
3.533030148761636013e+00
1.592668521361543688e+00
1.588952974654643358e+00
5.104019350366749030e+00
5.117694857691435395e+00
4.023727245444721490e+00
2.619363301636957519e+00
3.533617698501737348e+00
5.968796258169619673e-01
1.888932354273222147e+00
1.189535164225548947e+00
6.066278189777949414e+00
2.891230756063466689e+00
1.433929811271027033e+00
1.547882188728831654e+00
3.249364155255756170e+00
2.421607287969897992e+00
1.656416103310363930e+00
6.755294714634681341e+00
2.285283978002170535e+00
3.774480727971917027e+00
2.138865695426939606e+00
1.911157649441356687e+00
4.293766400108797399e+00
1.199214392521538164e+00
3.119084518117287264e+00
2.676586245843936673e+00
2.601851394416409669e+00
1.339015938168287345e+00
1.158217515408590526e+00
6.130125766539238796e+00
3.665319676910852031e+00
4.048504692538226202e-01
1.696171926859243229e+00
4.664974412043784824e+00
3.748399602048562151e+00
5.926539981182291639e-01
1.806162547796167583e+00
7.762169801521759949e-01
1.463183081108551775e+00
1.463690451051526509e+00
1.158027479737391729e+00
1.721761886455503321e+00
4.758562225206305563e+00
2.489647527336237509e+00
5.920111393950151069e+00
2.927566072262330454e+00
1.848566851600392136e+00
9.997781336996087731e-01
8.069005040414646501e+00
9.201684804350497293e-01
7.986349677342929887e-01
3.594718374275319039e+00
3.275186339547323300e+00
2.999434933940320569e+00
4.367541559569269594e-01
1.401650859493787982e+00
8.634677993255195361e-01
2.919344735847471117e+00
2.419576517752867861e+00
2.950309249673709999e+00
4.263539496421093311e+00
3.322436288528494597e+00
1.704654359719560253e+00
3.235526798225497380e+00
1.378939004714020422e+00
2.431049657085586180e+00
3.369254989537545875e+00
3.055099930108627682e+00
2.767713775100673512e+00
6.894223530463148286e-01
1.234259171575179836e+00
3.234596043909306218e+00
2.308334573303504111e+00
4.607924948576476609e+00
2.237319081144349298e+00
1.265337852800159535e+00
1.004338559697152577e+00
1.795825949236511843e+00
3.198541264076696589e+00
3.067718082357627107e+00
2.668143856604572761e+00
1.795716893824391924e+00
1.498018613820379485e+00
3.331654922997989710e-01
2.535475711344707506e+00
1.872728805063108570e+00
1.954713142786869140e+00
2.795918413285406245e+00
1.248586247003343752e+00
2.608621343768282141e+00
1.506086842628735933e+00
2.224165357668569154e+00
1.089382086707966435e+00
3.207576638313518469e+00
2.797043863107089301e+00
4.447382302588869796e-01
5.649209591295273336e-01
2.149083263769401508e+00
3.908759583749212840e+00
5.641064182494607060e+00
1.205537061851404967e+00
1.504762054279921379e+00
9.549902002799199874e-01
6.349882098712830159e-01
1.097632583511182203e+00
1.043270715547413019e+00
2.742827824327745745e+00
3.804450306199167464e+00
6.370652373817590863e+00
5.085896314900563375e+00
4.367334302569481075e+00
4.607084691526869058e+00
4.394457193927874705e+00
2.698084103928330979e+00
6.411862489180903957e+00
4.309203966929534779e+00
2.051490038735313881e+00
2.315658630475568636e+00
1.415522504082372457e+00
1.794128647140109667e+00
2.362229853165974891e+00
6.749925314586754377e-01
7.402484857202065172e-01
3.304914379974151828e+00
3.648555133122243443e+00
1.237335095149170394e+00
2.316413384032570910e+00
6.611200957643895038e+00
7.900197685676041415e-01
7.180726283877802985e+00
2.611155924338483203e+00
7.089992390197916716e-01
2.566587359005155111e+00
1.189018374814634571e+00
2.644515728099727347e+00
1.493313409168594008e+00
2.210596724906796151e+00
1.298120617178507796e+00
2.694209668399084379e+00
1.089273124601438436e+00
1.103968772827818468e+00
2.334238262734070535e+00
1.711129766287458054e+00
3.337005985425067767e+00
5.860378846135779751e-01
4.802668178535285826e+00
3.164967837492624447e+00
5.851622709678707679e+00
6.160187801761630721e-01
4.944813553787311688e-01
6.009600298925440676e+00
2.785626433456150686e+00
3.918521550726820291e+00
6.938279369225339721e-01
4.370658877631120376e+00
5.380968154072941267e+00
1.961205264325761144e+00
1.299780435111581367e+00
6.000063587890279715e-01
4.387029276981455617e+00
1.468879686340523127e+00
1.995914649514175521e+00
8.239957517039181445e-01
4.578818620094974534e+00
4.426736947899382102e+00
2.836124526833765369e+00
4.805928657370394319e+00
6.717154550269000879e+00
5.621658003277220317e+00
5.714690753004845192e+00
9.546143872340064895e-01
2.048883524151854818e+00
2.149545659483142135e+00
3.224626319220803783e+00
2.200478181638229724e+00
3.018982761606952447e+00
8.347002724994649903e-01
2.376405850175962176e+00
1.001675562398873343e+00
3.274284453633374614e+00
1.598525221416723818e+00
1.830518549438404641e+00
4.668832830966833214e+00
1.560311514737078742e+00
3.264031655740353255e+00
4.597872339954009568e+00
4.433983706123034274e+00
4.800530162355416408e+00
1.698911514562954528e+00
9.571790388998698829e-01
4.862310075555563493e+00
1.562917661920204537e+00
4.406416153648247125e+00
5.039913325223679408e-01
1.727087435217593114e+00
4.401895711045159310e+00
4.918085856459517125e+00
4.074578755655663187e+00
3.570789979781404000e+00
3.425515627756109627e+00
3.027776501426820310e+00
3.593048101632618341e+00
3.176091936048541342e+00
2.093236190432656407e+00
1.909511908463084051e+00
2.470795364805334238e+00
1.850514914077253437e+00
7.760020234997753175e-01
2.467430917898286502e+00
3.715571662893680571e+00
3.974564285747641978e+00
5.115381356533738710e+00
8.745741591574216489e-01
7.014285327238483525e+00
2.774657536562674220e+00
4.309041836012874604e+00
2.658499795400885546e+00
6.197712856913860646e-01
1.154722191167484313e+00
4.682752978539608257e+00
4.699871511411843894e-01
7.293954822196709875e-01
2.880168704037819438e+00
2.325286559961211363e+00
2.892707788783528855e+00
6.233747213921219110e-01
1.028611641372734864e+00
3.377543200414991342e-01
6.520212856316848216e-01
1.730558841299323136e+00
5.725536060461601906e+00
3.071497132949276843e+00
1.605591504167200423e+00
5.704711039732870859e+00
1.789469634775447959e+00
8.396010816888890282e-01
1.617336492738102427e+00
8.531993495878861467e+00
3.850377201031796481e+00
6.573651573281770188e-01
2.630284144412547764e+00
1.774677130341892450e+00
4.174463144398160352e+00
2.022756584150327885e+00
5.762847447475095919e+00
5.988928510142513595e+00
2.072004343393114567e+00
1.662688238113986250e+00
1.333667087872656198e+00
3.040735248888135178e+00
1.388579136511556067e+00
1.741229180097603857e+00
4.432155611153337560e+00
6.072503541614334033e+00
2.063082779113600385e+00
4.181149895660506211e+00
2.147676863150098203e+00
1.940620514646075767e+00
4.321506119785318845e+00
2.122979434808272448e+00
1.402057453381858609e+00
4.237045400670947259e+00
2.138371977093679543e+00
1.265096343967457404e+00
2.763014526711158769e+00
4.145274401548091348e+00
1.059652561801043946e+00
2.524713731249177862e+00
1.371958671784768713e+00
4.838149293912961113e+00
5.793893258666966695e+00
1.245110258165606387e+00
1.639095153604859467e+00
2.363414468879235120e+00
2.504965426738652301e+00
6.407769008775938691e-01
2.504567065482839805e+00
1.730001732620638943e+00
2.378191338584210612e+00
2.744855703066861441e+00
5.996323254886516629e+00
2.991588379009047394e+00
1.361323527176402148e+00
7.825895338887116637e-01
7.688351985010042355e-01
1.650535152474496003e+00
1.868636116774171629e+00
6.024301652430561482e+00
3.667447565367922380e+00
2.890721067207032480e+00
1.034585943187483981e+00
4.124476011044342805e+00
5.859351553439878124e+00
1.092468693705671123e+00
2.712738801611807915e+00
1.304674254684613954e+00
7.497359290810815757e+00
2.137034867226231150e+00
3.399968937331822705e+00
2.895310787347044279e+00
4.234449629993870978e+00
1.538098929556894978e+00
2.071509219199526353e+00
3.437741985792723831e+00
1.631964546193303223e+00
5.123694150539903625e-01
5.414062084163908661e-01
2.483240028078500750e+00
1.934759362142526307e+00
1.611297189444976796e+00
5.045936901214689296e-01
3.400917293492715210e+00
2.653459341257151216e+00
2.726151817220291651e+00
1.564144383214295608e+00
8.758761661092789863e-01
9.322879197009791286e-01
1.336332421345327148e+00
2.388784218297889783e+00
1.218764730849075217e+00
2.623533002524177871e+00
4.471727044556152997e+00
2.778853943318349451e+00
5.881578317847542259e+00
2.256130142389126014e+00
2.028887982628533759e+00
5.513932342178577528e+00
5.012324764884867001e+00
3.728464761290772866e+00
4.654811373241991568e+00
1.114033196054850849e+00
1.258808986816243314e+00
4.215953994623166778e+00
4.327696075392434061e+00
2.140892375759963162e+00
5.648629547471058387e+00
2.321017518664818535e+00
7.918679160261939964e-01
8.782805758441271093e-01
3.929302478694575385e+00
1.201817196454483039e+00
4.509760145618189497e+00
4.281918631879666037e+00
4.511652264092687936e+00
7.223988931320634022e-01
5.632946044795490437e+00
3.298084006024233794e+00
3.260524948432784065e+00
2.905485005732701520e+00
8.375502476328279045e+00
1.466815026397736199e+00
3.419113285467027197e+00
1.902522996986653059e+00
6.415872034932819545e+00
1.940832103795303132e+00
8.032254907299359870e-01
2.239043524116632877e+00
3.903196652981816062e+00
1.278080770152589141e+00
5.199972896811636325e+00
8.196510574354962664e-01
3.367871659220955216e+00
2.294433105702980313e+00
9.940358895999369393e-01
1.451153140689157794e+00
3.238789265428354547e+00
7.800774752124970401e-01
7.888598472684087426e-01
3.339649407730368225e+00
1.922622328066694752e+00
2.121899675289097509e+00
1.694521168709407721e+00
2.607198057118244705e+00
2.034348325508665845e+00
2.542791734864475739e+00
2.134978073863039505e+00
2.197424875682126633e+00
2.865608694625019215e+00
2.188146538680468822e+00
1.215002299698054955e+00
2.953774582748320832e+00
5.675873340715845927e+00
2.214323032422909066e+00
3.048601042727271171e+00
6.193029010782383992e+00
1.661262319136688426e+00
9.110832718284188614e-01
1.395640362141796986e+00
1.615755344155586970e+00
2.077634401309671475e+00
2.144575000731424819e+00
2.737840885770759680e+00
3.972313182222136696e+00
3.351840353450229681e+00
2.257568761499948007e+00
3.157164940239236550e+00
3.205033682726892597e+00
3.457742964828425247e+00
8.480861316741253875e-01
3.516240567517542992e+00
2.740809446523579940e+00
4.616817176608100759e+00
3.679907565146131265e+00
1.358780270498846088e+00
1.920070959372252473e+00
5.334347866499212998e+00
2.539813097634313177e+00
2.056849638288059001e+00
6.401790021807812758e-01
3.233947658409985770e+00
6.731049190550099759e+00
1.166171587044412927e+00
2.595257107728922374e+00
3.158887352733524168e+00
1.640386142518262647e+00
2.337882511231027305e+00
7.466612494016326984e-01
5.397437627467799315e-01
3.142758153812472255e+00
2.231216561639233653e+00
1.333763287760268756e+00
4.351795415897792729e+00
3.983809421253479144e+00
4.343650549518164539e+00
4.875539737459917866e+00
1.237485985185509119e+00
1.038681753538580832e+00
3.007475457752023740e+00
3.415149753725685411e+00
6.957072261557373238e-01
1.884182045275556661e+00
2.638710506132192712e+00
1.898020261810845710e+00
2.962166871789930322e+00
3.402848850614713871e+00
1.772228071076179301e+00
6.844643871870103036e-01
1.908748720124509912e+00
2.107517784228719882e-01
1.760728161484221621e+00
7.333868183777729755e-01
4.031225610182572971e+00
4.377514149360874463e+00
3.639783605028122704e+00
2.400303398657933851e+00
1.517059488517888965e+00
3.029309748407720271e+00
2.557729747452714975e+00
1.704193017260950960e+00
1.999903094504056567e+00
2.303773509679268194e+00
5.086273588693190462e+00
1.019964841210512896e+00
3.247352748616951335e+00
3.884524922727709217e+00
3.820169036897832271e+00
5.529921441341420163e+00
4.892409490743252931e+00
1.132858495280993916e+00
8.298869965984104757e-01
7.082388378567687770e-01
2.782879012499461346e+00
3.012501929077499696e+00
1.511592880135408379e+00
2.102551451959589368e+00
7.189458197879317058e-01
2.640192062052720612e+00
1.527480417012868186e+00
4.171972461890883999e+00
1.863965725388555539e+00
8.260584669174045880e-01
2.950542443684681881e+00
1.329297436669793386e+00
5.899271198607957345e+00
5.334394142100999936e+00
2.282835175446588760e+00
5.103079984026970273e+00
5.477888805839417508e+00
3.233569039532072420e+00
1.889654261463519669e+00
3.975056955924305413e+00
1.255842270258947568e+00
3.391652432223206226e+00
4.263208053136119169e+00
2.770969206386983519e+00
2.914049712553003602e+00
3.653514451790959683e+00
5.249054404985924904e+00
2.689564125716223941e+00
2.855834677494535789e+00
1.077859602591522359e+00
1.425852894455595266e+00
3.951783717334094614e+00
1.598332135654646713e+00
3.189577707904929227e-01
4.789272453326012702e+00
2.148264689000253469e+00
4.059341393208075743e+00
4.797006418516859050e+00
1.611104888295572524e+00
2.138026100773273264e+00
5.649685164726450104e+00
1.946186620106489462e+00
1.363534315954207266e+00
7.126129864294276084e-01
2.037751269367921836e+00
4.063410784846261059e+00
1.993482154155599595e+00
1.801216088153409167e+00
3.277195255868390333e+00
2.129816045382471934e+00
5.201268411392727664e+00
2.471757966327507994e+00
1.673613197778334394e+00
4.336026282724609437e+00
5.083212255161440041e+00
1.639001361523789946e+00
2.169222051087929870e+00
2.452561236178937509e+00
1.288267985969863805e+00
2.852531104920347005e+00
2.462217946923441758e+00
1.416557215713750484e+00
5.275886011851261159e+00
3.497295879741701530e+00
2.339887956628323717e+00
4.426689199207612391e-01
3.135181236846379171e+00
9.202811525574221552e-01
1.588861887393836048e+00
4.409587119755011386e+00
3.533013675377814522e+00
2.947212702570320086e+00
3.080030353133616838e+00
5.037426714671275896e+00
1.334485588068589745e+00
1.730652639366417445e+00
1.109622335605215282e+00
3.406277316471697070e+00
1.832633743733533604e+00
3.570153332731386353e+00
7.209289960360437677e-01
2.978589814086517684e+00
6.729604753419955010e+00
1.506048723006526480e+00
1.659893216181803910e-01
1.140000930644024191e+00
1.026730300914162619e+00
3.761704401256233954e+00
3.914584207538544636e+00
1.421873398779561981e+00
3.724532169833690620e+00
3.179208326784537242e+00
3.164843945738087694e+00
5.299895178572791021e-01
1.864556621832975436e+00
1.717709397021534468e+00
3.276606069520290987e+00
1.194359903148090041e+00
1.452566171928445282e+00
2.904321233330602325e+00
8.690804564843769286e-01
2.455376625101744814e+00
4.744909327470788085e+00
2.089768158053308678e-01
2.996287456147603834e-01
3.834763278977912915e+00
5.804535484544902646e-01
1.722386193756596073e+00
2.477970225273231630e+00
2.535224646430132900e+00
1.285816725614353562e+00
1.051654987349630588e+00
1.400653221623731959e+00
4.397902146061594131e-01
2.675837956376380333e+00
1.284700745984414416e+00
5.808060004192626913e+00
1.962762829674708609e+00
4.276235642747349353e+00
3.479534976190835405e+00
1.460323441909817888e+00
1.278688535726974607e+00
8.018322952138371429e-01
8.527142970807155553e-01
2.499699940344159099e+00
1.817580115052719103e+00
3.595731537787417942e+00
3.329813323453316265e+00
7.680145649110797779e-01
4.219964393622253951e+00
3.783727106736456403e+00
2.418493160454803004e+00
4.419139491667785968e+00
1.328339963018644987e+00
4.921633402674945312e-01
1.887531358041165452e+00
1.707327062826633046e+00
2.911883550966336554e+00
3.493408660531687637e+00
2.641874830877267932e+00
4.009443152829388346e+00
3.941523668343266396e-01
4.493834171112203180e+00
2.838701597719695879e+00
1.052230334677728196e+00
1.323406350956142896e+00
1.742182765919801701e+00
3.697282102170027063e+00
3.364518844996777780e+00
4.907507010527198954e-01
4.892941876222491437e+00
5.436740501188314090e-01
1.373157873444966315e+00
5.367693195870821832e+00
1.285062378254010484e+00
1.528216924326034620e+00
2.279789848578777534e+00
1.601180594988884653e+00
9.866574801135182815e-01
1.340976642765108862e+00
2.826372113123563512e+00
5.330690080423791777e+00
1.298288210362304573e+00
2.381937207419142943e+00
2.247568541064906888e+00
3.535453002841174808e+00
5.489422464862166784e+00
1.347329185162305709e+00
4.055235218132070329e+00
1.143117273475836138e+00
5.533666294445751532e-01
2.694882493250087219e+00
1.340286876004980643e+00
2.274462707282823626e+00
3.445520465303099300e+00
5.701779478642870380e+00
4.936935266202225669e+00
7.003827933750516044e-01
1.195914770128993387e+00
3.738772061386305801e+00
9.064024230789380354e-01
3.621229667326174351e+00
2.657045218827327471e+00
1.531225723529304750e+00
2.309452214934298642e+00
3.280281451984797148e+00
5.768968894371541367e+00
1.966178824611259479e+00
1.883992165230074178e+00
3.522030881101725797e+00
3.955292819135625138e-01
3.980185491292083988e+00
1.167763050624973431e+00
4.692167209800482297e+00
3.783233392032272935e+00
4.109128288770556914e+00
1.855192613884407926e+00
4.915207704148478740e+00
2.282606232284986270e+00
2.750286575492072227e+00
2.185044695330805364e+00
1.713186644286840643e+00
2.299067026588531348e+00
2.809788439792497705e+00
3.447049753271642647e+00
5.926649861653198847e+00
2.229882149929492741e+00
2.384607526341441908e+00
4.409195588626854345e+00
3.630730557586878682e+00
4.878749666178165967e+00
1.847569567841405247e+00
1.316459745408252502e+00
1.752575941515199132e+00
5.371561098063928341e+00
1.258101517919133938e+00
1.135914676173744864e+00
1.666785735125971613e+00
4.357803973573392220e+00
2.483230637654616491e+00
3.714211801465189478e+00
2.111925925796182213e+00
4.001144588402752333e+00
1.803706469066345131e+00
3.113006961739773093e+00
4.567753356926907982e-01
1.085932722950859564e+01
4.429445455192528414e+00
1.531156140054381609e+00
1.449805365727956818e+00
6.292296876577002429e+00
1.564767427216135154e+00
2.108558303747729124e+00
2.145105652272120411e-01
4.745091242527477604e+00
1.956439183866688802e+00
3.460925381309095883e+00
4.477550784575717202e+00
4.564000110649180542e+00
4.752688048249218866e+00
5.766973058739583990e+00
2.451931869075610670e+00
3.105055927092549961e+00
4.427334478042855181e+00
2.567700162173557565e+00
2.938447165524575411e+00
2.053715347553223047e+00
2.059177673367224681e+00
3.758639144158545609e+00
2.968379560016005669e+00
1.176333597794726904e+00
4.277908304529375094e+00
1.793788574634308297e+00
5.524013857802441585e+00
1.861227712957537861e+00
1.362125214546968444e+00
2.012844260770008109e+00
3.452488062469285968e+00
5.201359957951813939e+00
1.996933298969778781e+00
4.757849140335028260e+00
8.326540508356081727e-01
4.594129232353874492e+00
4.165417584157437680e+00
3.683207935931373189e+00
9.889745979220835315e-01
1.116788768777309260e+00
2.077237318314340442e+00
2.171576630316860879e+00
1.757513664448707935e+00
4.325495060640888845e+00
2.342495475592357490e+00
3.084209493396269597e+00
1.130520223772563115e+00
1.537088133941301393e+00
4.522752305000716788e+00
4.196122367142416820e+00
1.963256309804496169e+00
1.629882643502313044e+00
6.932930163307835514e-01
5.832741370805093473e-01
1.422134147574056984e+00
1.060670088520845988e+00
2.986928717456545090e+00
1.982511402218165353e+00
3.472114194482605498e+00
2.093125817311326298e+00
1.478658796716751711e+00
1.826171743110488910e+00
1.334107407473038576e+00
8.167963247556326856e-01
3.687468222989263467e+00
3.520819818331813345e+00
1.410860236178240301e+00
4.714856428194257099e+00
1.471043342369282581e+00
1.065030545279340712e+00
1.754921360838835875e+00
5.811604755294055735e+00
3.841223404289102916e+00
3.825881789955287271e+00
6.670679920145438091e-01
6.300790429693667427e+00
4.197050024367860566e+00
4.054834048597706797e+00
3.727885451316326204e+00
1.913505690532151027e+00
4.160458683951143044e+00
9.319698674117128379e-01
1.529700037574484917e+00
5.357044382188360210e+00
3.334812754170184856e+00
8.799855233114103337e-01
3.141955849250134936e+00
2.225639364425702205e+00
7.769663363352948826e-01
9.462412233582300214e-01
1.096966975209902717e+00
6.203067112538644956e+00
1.123431336264679281e+00
3.604286010592811507e-01
7.709588980175646533e+00
1.324977868818136395e+00
1.603521226830717072e+00
5.762218427689184352e+00
1.868364259072289757e+00
4.913185543501674246e+00
2.829944012370687823e+00
7.980366811580751341e-01
5.300009175865150191e+00
4.749116664027439150e+00
4.893547622945485287e+00
4.014240047395717603e+00
3.856541195177195291e+00
1.407563413131205809e+00
3.872057962760516059e+00
1.180703325536761605e+00
2.351732098521872150e+00
2.274793727219376116e+00
4.849624968031362116e+00
7.206018015759446449e+00
2.743664319553096309e+00
6.867021260439612362e+00
2.682071199056658806e+00
3.600562086703360531e-01
2.273311035832625393e+00
3.610898846492178738e+00
3.192173133933693396e+00
1.673087424827321090e+00
2.915027987676843235e+00
4.289526657984771063e+00
1.387378921381416053e+00
1.891062397130203188e+00
5.349784262416728886e+00
6.529780137109013616e+00
1.362853658149285385e+00
3.039565153845149581e+00
3.937305399776942494e+00
1.937720844560975042e+00
1.619023537912761324e+00
1.484870820057266338e-01
4.163759285953750222e+00
3.072864501575994556e+00
8.735854851336756211e-01
3.796883652814452059e+00
1.053224706669326771e+00
5.213354926666118327e-01
6.024012340565289669e+00
4.113816292299731225e-01
9.057803711713154904e-01
4.922838543948265588e+00
5.392726901194333955e+00
2.303297050227353093e+00
1.297653033559362568e+00
1.358110011090887692e+00
1.783583584300411529e+00
8.402923836135381963e-01
2.200718049451102498e+00
1.256486450150256839e+00
5.903011747601897952e+00
1.381130799266493403e+00
5.742882937127823162e+00
2.770144474641008880e+00
1.520962223238117472e+00
5.505734075199594457e+00
4.054649450624386198e+00
1.093429546281229348e+00
1.094808418331744360e+00
3.412525408702452800e+00
3.614482728463755290e+00
3.739330136664575477e+00
2.928581643490486996e+00
2.229895233175588576e+00
2.727483890618352724e+00
1.858276317413187106e+00
5.707074123491127082e+00
1.224701589662222867e+00
3.064768230046870823e+00
4.925672987535103076e+00
8.200993857769222073e-01
2.251964911701530792e+00
8.899422456676687743e-01
3.719124789698118327e+00
6.526250054940228029e-01
1.425888754588081175e+00
1.854875727842631994e+00
1.007717624384540267e+00
8.600508949779728241e-01
4.335786031968554610e+00
2.166190761767470274e+00
4.754787387306092405e+00
1.909014431456759198e+00
3.215507114008751000e+00
4.262315046696154575e+00
3.475722246812409377e+00
1.908404731056407178e+00
3.353521645454593969e+00
2.194938017676737019e+00
1.688624496240650030e+00
2.975431956271180844e+00
3.842308108956981605e-01
5.762642287167546229e+00
9.263005012374359026e-01
7.338237805986771445e-01
1.451791766735089917e+00
2.421117471105100449e+00
2.700845575466941373e+00
1.909338183791970067e+00
3.298247415743690070e+00
1.456541848123212635e+00
7.220975757829963815e-01
1.470156340081391289e+00
1.340575866447249131e+00
1.695008425784814365e+00
4.643176461520605258e+00
1.697713320897636935e+00
3.769412941542340967e+00
7.035522547954195183e+00
1.500614213415215836e+00
3.415148448800180425e-01
2.020716283498785959e+00
1.634047536838432846e+00
9.688333235312690528e-01
6.307337858285935184e+00
2.318302523387414382e+00
8.569061909650380615e-01
2.986702585967183854e+00
1.999426831584577124e+00
7.967513715396200569e-01
6.448024231981913879e+00
3.491508192548632650e+00
2.941075832063450690e+00
1.067619019849903816e+00
1.352925561648409492e+00
1.027754285111453836e+00
2.176636736465050959e+00
4.134928053516967239e+00
2.961538507969076583e+00
4.530756028513800437e+00
1.554869616273549582e+00
3.730029595489240624e+00
4.000953923097256393e+00
1.518822603390867609e+00
4.296326928982622029e+00
3.757298494242649056e+00
2.600042125838064155e+00
6.150865325252816262e+00
4.201313912287627517e+00
6.030834676552091267e+00
4.711097672365799127e+00
1.872997840640106881e+00
4.536870763296183107e+00
2.065399525862344543e+00
1.311665330982425548e+00
1.488769195762782660e+00
3.433847240540705670e+00
1.422286139769760371e+00
9.236149337755595878e-01
3.486457274624148006e+00
1.706525120168195908e+00
3.745990981813128951e+00
1.560786327045467381e+00
3.248877332284096031e+00
4.356378844818190599e-01
4.810263480037431982e+00
4.673903575042526626e+00
6.891400739598128045e-01
2.286706608994808931e+00
3.350471095632641116e+00
2.921720165053933282e+00
2.177934673590430581e+00
6.357275174181709065e-01
8.284606905418111511e-01
4.505855393561482014e-01
4.975631581661040137e+00
4.603712492150522806e+00
2.867098391968524673e+00
2.903133142875863992e+00
2.053825981353604391e+00
1.007533049209981213e+00
1.356721378499784691e+00
7.961143288073616375e+00
4.473882667318018314e+00
1.948690925674203989e+00
2.942941982747143470e+00
1.140167678617984182e+00
1.738450066372089431e+00
1.650253849460092015e+00
2.534161746322917796e+00
4.290924593120621466e+00
2.012292137224064081e+00
4.448061042950037347e+00
3.331763770339394082e+00
1.835626755905784169e+00
4.553289057319415356e+00
2.722177172584655747e+00
2.262618295088782538e+00
4.082759676580569597e+00
2.039714901060456498e+00
4.475034100639033063e+00
1.763752853988807212e+00
1.399702568294922678e+00
2.340620703306333539e+00
1.408876050051895090e+00
1.379076276659868983e+00
4.472105807255428722e+00
3.422203470562530825e+00
4.659121540305529940e+00
2.408687161015674150e+00
5.380055916423672757e-01
1.395506726871943659e+00
4.511637799503757762e+00
6.263308111772087017e+00
8.262810566522398315e-01
9.321654831622824267e-01
1.367276687240562172e+00
1.315114196641089528e+00
6.522527175073383754e-01
3.527025534112421479e+00
4.384207332340153584e+00
3.291313017709694311e+00
5.216519485767192599e+00
6.325421116598386462e+00
2.125061291152466225e+00
1.715002239919109162e+00
1.947025732274885401e+00
5.590644177350725386e-01
7.276167634643907478e-01
3.099716680532441426e+00
1.923751704301591037e+00
4.874955093801808914e+00
1.207417302258339431e+00
1.552794616325684718e+00
8.824767288882064520e+00
1.123619221147938108e+00
5.658451479834167408e+00
1.170126813401407340e+00
1.132009019393890314e+00
4.242910623698337602e+00
3.000329760680386926e+00
4.248913761711420101e+00
7.987977032832816349e+00
2.378965745369072682e+00
1.358852860857890033e+00
2.442035091759604093e+00
1.249276535226769846e+00
4.540339214640572330e+00
2.499539281626905307e+00
5.550335985990023424e+00
1.420098250937074091e+00
4.503089710164127624e+00
2.359943372091074743e+00
2.334721568640518274e+00
2.352961445949783403e+00
9.316271428717662895e-01
6.154511415307765132e-01
3.511911414703202450e+00
1.192986581534784873e+00
1.215654321848470554e+00
4.954113723779322243e+00
2.831451162457328419e+00
4.860250574347149133e+00
4.930052801395073736e+00
1.807387136618304080e+00
1.760129595927129698e+00
1.069656358653459538e+00
2.019525832295499423e+00
2.169630933764940206e+00
2.629170152756174605e+00
2.955576455757425336e+00
6.641628441785837111e+00
2.487597386920640918e+00
2.778882636432252973e+00
5.428616544544659916e+00
9.931497341742635543e-01
5.400169453794610774e+00
5.244680435021652265e+00
2.948498899221411840e+00
1.495448032451331066e+00
3.004575673606056263e+00
4.208354113460326396e+00
5.859838501063665106e+00
2.618743803843012419e+00
5.137734447823493866e+00
1.244816445025886287e+00
1.438769118449763074e+00
1.216591929661401394e+00
1.398503251332950725e+00
5.284487501391611275e+00
4.853288356175418095e-01
7.160910267877056423e-01
1.528448852385255075e+00
5.374486990005710396e+00
1.088837410492778712e+00
1.579988874410506838e+00
3.115668415942002945e+00
9.672532101518770409e-01
1.042557018617994657e+00
7.706208650206142430e+00
1.883564099073241183e+00
1.727384030719220087e+00
3.543020465417194842e+00
1.378139271020035972e+00
3.572270227607634574e+00
5.132263815411535646e+00
6.229181479078410577e-01
2.509767179328475262e+00
1.224473160803800642e+00
3.959919174575047052e+00
1.666486177298214244e+00
2.105904184455114514e+00
3.074412845097671543e+00
4.159514516281806462e-01
4.445424269989563193e+00
1.437443808915173316e+00
1.763935204665312062e+00
6.764130492877926670e-01
2.919228458249142122e+00
7.478273212482416277e+00
6.702031207364529841e+00
1.051365737787032018e+00
2.899933048100033606e+00
7.647519036988118524e-01
7.098724532108421359e-01
1.254593069144124051e+00
1.485629132670883701e+00
5.303781800282567627e-01
2.089764721898718758e+00
5.508201263623350163e-01
5.264863955309464494e-01
5.473237291343939326e+00
1.123797539943919732e+00
3.907898064780250369e+00
2.232607967112047120e+00
4.581511352027827222e+00
2.315689114502689439e+00
1.145388501006223247e+00
3.769425036961404629e+00
4.199347867929625444e+00
2.744584738446950389e+00
3.205704798836727321e+00
2.251710130672327281e+00
9.825789737705510341e-01
4.353765128218634040e+00
7.415518153607441931e+00
1.236046678761421713e+00
5.515577519861835754e+00
1.627689166377415786e+00
1.347734818461031825e+00
3.081148371232972139e+00
1.894230495614654286e+00
3.414219550678863069e+00
5.338012785164392149e+00
2.618376183264151891e+00
3.948523285271251293e+00
5.026398695628315316e+00
6.268060082779752129e+00
1.287138030814001022e+00
2.991671661387417913e+00
1.896274981554999295e+00
1.887959056805864844e+00
7.037751766965087086e+00
3.738438634356689327e+00
1.753593156903306305e+00
1.794702040018876232e+00
1.654732254014563919e+00
5.316768384133820469e+00
2.455608163092180884e+00
2.448527642362142043e+00
6.500151104785849121e+00
8.556699243234164864e-01
6.305495442559268859e+00
2.262477955661890583e+00
3.468510316810268002e+00
2.321243192510160647e+00
2.031181453367037371e+00
1.284037792091859087e+00
1.696572956216393147e+00
3.811962785759192673e+00
3.997200648945627766e+00
3.639005826182631687e+00
2.180902081443092388e+00
1.644805570017795704e+00
6.571684837156764880e-01
3.022462405362599025e+00
1.718464056134635376e+00
2.733009051667564471e+00
9.362540030056990537e-01
3.990649859172790137e+00
1.618609072164885143e+00
1.053684951752839050e+00
2.441291850969455890e+00
1.712501963804091032e+00
1.394445427990800956e+00
7.132761607875083065e+00
1.097516763912287585e+00
2.045944469395019283e+00
5.095008920425391885e+00
3.553632380807674629e+00
2.602826668978575064e+00
4.236490998135113095e+00
2.597804238507919194e+00
9.502945129563069582e-01
1.311720831724750624e+00
5.457558456244870904e+00
1.303024898807142007e+00
3.178042531407818672e+00
4.483011376059561570e+00
2.860509639214389388e+00
3.242156087765998951e+00
4.603755682229631496e+00
1.615825687163924718e+00
1.183033530562898505e+00
4.524513029846978007e+00
4.821056969355210775e+00
2.705953386807359973e+00
1.064138126341994228e+00
1.549017688503835810e+00
4.272992815905740649e+00
1.540949475978021344e+00
9.112964323660596166e-01
3.518598304083870421e+00
9.885207223507049834e-01
1.520350897909774845e+00
1.976709195363431260e+00
5.468332968261603533e+00
9.175239722860731861e-01
2.236799355261435807e+00
7.023198269570984920e+00
3.026964771992047165e+00
2.175951828322011838e+00
1.151392250689816432e+00
1.427096197836246194e+00
2.035557732106211049e+00
1.921024014147842074e+00
6.600566484018934865e-01
3.163971068203262682e+00
3.858337719777943597e+00
9.030502218566073269e-01
2.141802434405450928e+00
8.857340678095205755e-01
4.339507595493911296e+00
2.466459689653725196e+00
1.984224877492260841e+00
7.476509670830275844e+00
3.076965179433800657e+00
1.980235093977989580e+00
1.856263462870791470e+00
3.315092236403845760e+00
1.884156675679092174e+00
4.577968087446631529e+00
1.315301538063348818e+00
2.656390353311343766e+00
4.822831268481690081e+00
1.634030712292563248e+00
1.192625624055919653e+00
1.663365211747395378e+00
7.936062225372155776e-01
8.698312451843336346e-01
9.367677612577648416e-01
5.370864049090609882e+00
3.241641733607157683e+00
2.423719560203999368e+00
1.956633185537569597e+00
1.283193107823396906e+00
1.663447451526759657e+00
2.035230768502557908e+00
1.801773121702741953e+00
1.673176218693852579e+00
4.277776855057209282e+00
2.391150877069520675e+00
8.807028178164300058e-01
3.200312806131617727e+00
3.802923528408526987e+00
2.031758945210485390e+00
4.614620686237266511e+00
2.608108528250811631e+00
1.420581116265360322e+00
5.162094877745331267e+00
1.460229007781389310e+00
1.478855800527062891e+00
4.107540790533317221e+00
2.054691773039873048e+00
2.023297321716019503e+00
6.793954514913302489e+00
5.064364210672547273e-01
3.761341749588109185e+00
4.549216018342931989e+00
2.953950270989500471e+00
3.213040040371864858e+00
1.210095153797429379e+00
3.117652929930801786e+00
3.451318595302213854e+00
9.510199005436458242e-01
1.032324233860531848e+00
4.493512969168032001e+00
4.676048675658311282e+00
2.327424313551764712e+00
1.288883387489889731e+00
3.819856145481829390e+00
1.742723674882815876e+00
2.306009461996840315e+00
1.600003368600391607e+00
3.071770819265265740e+00
5.927099157152425413e+00
1.728429979871474398e+00
5.380532829154759611e+00
1.686131213320105848e+00
3.357603458008456609e+00
1.839358137302839147e+00
1.657962871230312274e+00
3.397333535186528586e+00
1.737493884546791767e+00
3.950239687514379039e+00
2.957000947516885248e+00
1.970727627844786944e+00
2.795663482569437530e+00
3.465043153027517420e+00
3.974386360309335453e-01
3.515077097096895198e+00
1.244203464796305392e+00
5.737325316041205880e+00
9.932751502817656064e-01
1.945434062877366088e+00
3.852255350882890728e+00
1.219008872754889339e+00
4.744572844482229712e+00
3.791619412172054115e+00
3.063268780850116002e+00
1.073488653429586659e+00
2.247444705621254535e+00
2.249658510432326342e+00
2.853376703916068902e+00
1.751207718019217596e+00
1.135196213257579689e+00
1.821011386378988739e+00
1.039752514334702393e+00
2.228410584647325887e+00
4.318098309607822927e+00
6.098844226757043074e-01
4.771867202276666831e+00
2.147811565202216944e+00
1.704529427835689281e+00
3.716268225775615885e+00
1.960999989479808914e+00
4.291651131774153249e+00
5.254195438941668961e-01
3.432228415375553343e+00
1.961169971164464565e+00
2.850120074748100141e+00
1.042838286927353586e+00
6.149945822434041975e-01
2.093186555744038557e+00
4.183435006280418755e-01
4.980053723252312103e+00
1.561188583942949792e+00
1.993689702406632458e+00
1.952945799933822446e+00
2.191737822341881525e+00
1.533690731242000949e+00
3.181439160926493592e+00
6.087232241854375836e+00
2.908271147661447120e+00
3.867809609709190966e+00
9.071570182973983876e+00
2.013794213130364330e+00
1.665028597953780443e+00
4.953466431046112284e+00
1.533352970792435377e+00
3.789353933309925981e+00
4.762888048246761485e+00
2.864897565004350888e+00
1.445900892504805357e+00
5.453355167522331293e+00
7.734996938801491417e+00
4.542272620215634049e+00
7.527035444080618642e-01
5.950053275165425148e+00
2.547764981031997333e+00
3.508845448355029095e+00
1.780334976381312773e+00
3.862335223917777949e+00
1.567950396425311199e+00
1.962890071645555734e+00
2.364381651570567566e+00
3.566284570502835649e+00
3.707249847714559898e-01
3.604907578416618907e+00
1.519134637067502736e+00
4.983358679519977463e-01
3.976052276643102346e+00
6.183263757179465969e+00
8.532276325076755263e-01
1.646831144667700197e+00
2.698006494929132693e+00
2.598863697294163444e+00
2.634631153495931688e+00
3.606212462405434138e+00
2.901706801690772330e+00
9.769763261979355073e-01
1.310770908165039828e+00
1.166434312134993823e+00
3.932104124069578877e+00
3.540998866804306200e+00
1.496406246496714276e+00
5.896790796532090262e+00
4.466399467647181876e-01
2.227710376035491269e+00
2.029502785489370797e+00
2.171637553630137774e+00
5.997122751337785829e+00
4.787672480193811531e+00
1.307234827562648194e+00
2.313865008358324538e+00
1.602794684250458346e+00
1.018170019302472751e+00
3.790956117756776877e-01
1.354077365491807017e+00
2.121914454338700740e+00
2.093008910220990781e+00
1.021097533162589999e+00
8.043802412700725712e-01
1.125722800330588136e+00
9.385888324965929730e-01
4.359237336442055799e+00
6.555225265362058629e+00
2.484098768659529277e+00
5.716345873620853446e+00
1.641989651228671798e+00
2.479019614169512220e+00
5.116064944793174085e+00
4.092781417752715534e+00
2.176641236989306005e+00
6.540816239226881379e+00
4.755610644315669155e+00
3.690579528408469923e+00
3.986365766609062167e+00
5.673593044433586918e+00
2.024566823539322158e+00
1.848818607138075887e+00
1.791084695594216125e+00
4.472914817477104066e+00
8.409199224487942104e-01
1.339589428377960800e+00
5.584540770718354530e+00
6.291943940814980207e-01
3.900552128226026039e+00
2.755069323575496387e+00
1.921442092860772943e+00
6.564410974021170020e+00
2.251409402028921480e+00
2.172577346883871385e+00
2.258423711954550495e+00
2.962735933549161427e+00
7.705264047701688712e-01
4.060968141510606699e+00
2.047663623869389937e+00
1.503345291772242964e+00
2.141406935989105254e+00
1.815305144250398905e+00
5.255586587059952741e+00
1.568561215486868665e+00
2.542162831385330612e+00
2.418307748911586064e+00
1.837613587665021253e+00
4.270929388679467031e+00
5.261495797621260628e+00
1.567772979664406430e+00
2.203936182770834584e+00
8.594852464334893583e+00
2.697834243857935022e+00
3.786718894279685887e+00
2.049921187754462526e+00
2.036736768408523357e+00
3.690717758872673393e+00
7.162272338461590504e-01
4.899349159391326758e+00
5.447573302475592349e+00
1.437636240323297177e+00
1.684128816008974017e+00
1.077489864464038272e+00
1.287321192329025088e+00
4.639030128907530859e+00
2.156608149435195187e+00
2.443714936177968866e+00
2.599947186742848637e-01
2.138921590047058174e+00
3.100545066035746533e+00
1.816335512948247244e+00
3.747903788957647642e+00
2.405428212242037400e+00
4.793349324745728168e+00
4.542194322244198723e+00
1.106152309176087867e+00
4.837086374851813919e-01
3.432823705703314410e+00
3.702910249219331096e+00
2.280309193400511525e+00
2.047414348280597096e+00
2.164334750189014667e+00
4.799671664048094755e+00
8.769858209265986027e-01
1.922305195751167484e-01
2.096811417440808789e+00
1.115634740219163118e-01
1.607694043521022298e+00
1.753893690112482417e+00
4.465031496165423164e+00
3.634589056246850358e+00
1.277107872927739418e+00
4.735015572249667293e-01
9.622890111816425618e-01
2.883234289219769320e+00
3.544940484704541372e+00
1.113226256420112747e+00
1.515648895757756520e+00
5.916684604964081551e+00
2.036629916255800588e+00
3.044815081799224998e+00
2.087022938191221311e+00
1.748643148341215925e+00
2.244094090593549584e+00
1.697861978519842996e+00
2.059818726684848667e+00
1.558292107895781875e+00
3.403291839183277823e+00
3.421923200977247781e+00
1.151159904523551658e+00
1.003272464250962587e-01
3.479402106614841728e+00
1.057448144947392477e+00
3.528643885417706016e+00
1.750181032862264230e+00
5.961423086218989198e+00
7.201411651579417983e-01
2.259495423529280789e+00
1.581710352197077230e+00
2.218201809211484132e+00
5.211254383099605647e+00
2.483573609615893574e+00
4.431159804506196842e+00
4.416574164955078707e+00
2.375109478101926630e+00
1.402287573879096527e+00
2.195707103905201407e+00
1.019429408429457062e+00
6.277626371239780845e+00
5.896650507195131397e-01
1.707505907294431413e+00
4.052773968859112230e+00
1.914477567881259334e+00
1.838290808807345078e+00
5.965877654341934289e+00
3.438602362378625710e+00
1.547016156534885889e+00
6.976076297141045046e-01
2.706428944564457595e+00
2.022974909802782495e+00
3.876671500606098331e+00
2.365763030492783248e+00
3.220153312688541103e+00
1.778676912202629801e+00
3.259302243787657982e+00
5.601683289845148295e+00
1.821281688379142283e+00
2.670208796314650357e+00
3.641032069901432244e+00
1.410691872813039316e+00
2.276489231887436571e+00
2.860254313479748234e+00
1.042928397008880070e+00
4.081626908020740352e+00
2.548170787360864331e+00
3.605383675643684782e+00
8.667529217751952508e-01
3.742067907514666114e+00
4.696897619054295703e+00
7.431494563204417148e-01
8.836814064413496261e-01
8.393707898984219540e-01
3.043214323062275906e+00
1.559062040533221172e+00
2.684027434936621770e+00
5.494797037240765292e+00
1.987038449251745664e+00
2.885342520665189259e+00
1.609542258548855020e+00
3.091919177324673473e+00
9.339011530783464243e-01
2.105762411796131772e+00
1.750251187604820791e+00
3.299816041096198749e+00
2.045675982687272576e+00
3.349776504759185869e+00
2.012281421573542506e+00
2.481494144501079191e+00
7.132073279552763045e-01
5.337674734779303876e+00
5.553358354265206742e+00
6.089501495446675294e-01
1.436732486566056455e+00
8.510618751337617471e-01
3.944747029440209829e+00
1.333503388030022885e+00
4.960961587982056997e+00
2.221680556386017802e+00
3.147881178092237331e+00
1.633199649214293503e+00
3.622807725881382890e+00
6.884308909663614529e-01
2.700005160020686912e+00
4.199219742289782786e+00
1.689587288822294253e+00
7.639353808257260070e+00
3.074698839022480978e+00
8.235000080878761564e-01
2.569902074185549168e+00
5.358944656199185808e+00
1.605157493207507002e+00
1.646946486978171142e+00
7.015143831802636010e-01
1.672183911494265596e+00
1.493935291615005490e+00
2.275291089467208927e+00
1.672262443221800510e+00
1.074975826329530149e+00
4.217645461137358609e+00
1.119480904067633009e+00
7.542174074333357625e-01
1.285007783964930983e+00
4.716963201761291025e+00
1.096167674561693284e+00
5.587650974161838313e+00
3.659409693075492243e+00
9.920958611108384728e-01
1.536808787810277188e+00
7.751768456584086087e-01
1.039663445564174005e+00
3.071642643039113718e+00
5.571406095553984805e+00
2.925082694182814080e+00
8.298479207278255387e+00
5.694603211617010885e+00
2.339785385261945461e+00
2.473755834129879538e+00
2.933426746304073962e+00
3.039897303910627624e+00
7.444298702593218353e-01
3.566269532379836349e+00
2.375167203615355493e+00
2.795799729435566316e+00
1.912726165125899325e+00
1.963397316398699077e+00
4.422978172885691173e+00
1.294165829642383025e+00
1.427687689814130190e+00
8.595600506149050357e-01
1.100840753400734950e+00
1.019249768579739479e+00
2.084307966134696155e+00
1.627081331564727673e+00
1.538575029490848456e+00
7.876848575074378855e-01
2.978267740350609927e+00
2.301361630047277895e+00
5.145196012915090655e+00
2.172858161322754889e+00
1.771043207376064466e+00
3.880870798930626364e+00
2.728207427840902533e+00
9.880863757090921906e-01
1.481110371697742734e+00
3.861556594546060150e+00
2.177724257515370798e+00
5.269196540927784111e-01
1.498500926968041380e+00
8.544189456194264398e-01
1.534255917140952663e+00
8.439632618331316394e-01
4.740825459879141612e-01
9.560650562332657643e+00
9.553951024456984742e-01
3.643402995702363256e+00
2.678839346521023845e+00
1.149549897016336919e+00
5.431438700199358927e+00
2.881493810490534990e+00
1.514461842562988103e+00
4.403390773003700076e+00
1.656177510792770313e+00
7.592345376390001732e-01
1.311771762200831359e+00
2.451674647356074210e+00
2.410576897933344398e+00
1.414050060952313448e+00
2.001108164688970792e+00
6.899422818190954487e-01
2.882378454800924583e+00
7.699285395830108847e-01
5.340617043105174488e+00
2.957035306478562831e+00
4.483784176599647231e-01
1.376458446268143065e+00
5.463540526842209033e+00
2.540271768905966621e+00
8.564452405699068960e-01
3.473500769273411226e+00
6.491261878953272557e+00
5.558086647837320982e+00
1.709464462422882969e+00
1.855286121098023822e+00
1.458889157387716740e+00
1.414912151413390662e+00
5.585163197532422075e+00
1.872420715399266689e+00
5.958449787853586699e+00
6.161395469611884224e+00
2.737361386549881814e+00
4.788476169715406350e+00
1.333078729055873213e+00
9.169238811757747243e-01
2.330479419183976830e+00
2.661141953632462087e+00
2.825809415282634518e+00
1.727630937042156978e+00
1.763743714499159898e+00
1.332532857183816200e+00
1.945522893719820789e+00
1.946190621643465235e+00
3.436213650225050209e+00
1.335083488049803702e+00
3.969807616496844993e+00
2.817037556680482169e+00
1.332408066458697027e+00
5.056835150780680799e+00
4.579850627623356374e+00
2.828313714682637592e+00
2.506095134333564456e+00
3.576035557620649730e+00
1.316806075743262694e+00
1.873945245088487255e+00
1.497239984671485002e+00
1.104706520102784806e+00
3.126892057766534450e+00
3.744320861673164025e+00
5.272511685979183405e+00
2.108286181083271593e+00
3.132794047261773240e+00
1.555895955906190675e+00
3.187846174639234587e+00
2.206842326786261577e+00
1.214223555592705672e+00
1.485159328975304449e+00
1.580088957584627307e+00
1.701518553096905251e+00
2.876267860109279262e+00
8.019931327633762486e-01
3.135251809301359271e-01
1.363399360094225132e+00
1.796383927256234525e+00
4.529127303883633715e+00
4.531386474926157426e+00
4.839235641567127821e+00
4.832634800472825454e+00
4.023109886555800152e+00
8.519519915614602867e-01
1.848613988540140474e+00
3.751448990661859550e+00
3.661577132416896863e+00
9.352364153370983368e-01
2.625149302499036441e+00
1.390751188211132749e+00
4.404283426267014967e+00
5.316606064983396607e+00
4.691348869111127584e+00
1.917888343321132893e+00
3.853418839071270696e+00
4.992790510500133006e-01
5.710879571401690669e+00
2.563924341109310223e+00
7.491552417360674010e-01
1.770680269589802069e+00
5.988597057115850220e+00
3.373216187611840056e+00
2.100500981614013440e+00
5.099224376384561275e+00
6.297133055792405898e+00
4.293958973209166530e+00
2.038183987428882737e+00
1.241108798545798253e+00
3.600498423622042754e+00
5.659793238735652210e+00
1.273689908279252991e+00
3.936442434139706847e+00
1.442300225738054609e+00
1.050964981713923940e+00
2.497875510662887599e+00
2.736120343063561666e+00
3.408291078373518523e+00
4.079771548954968630e+00
2.585326147476384229e+00
1.272063686088174217e+00
5.375200829192672280e+00
4.452967858676899482e+00
4.998112419337537915e+00
4.067134842036606024e+00
9.895787825684930761e-01
3.087661308104888924e+00
5.398016492360601326e+00
1.583719643099262164e+00
1.021735548671071525e+00
5.471650017546455302e+00
2.797065452854290424e+00
6.937206104234573401e-01
6.572315529604566109e+00
2.557542583355908228e+00
2.056129576110983237e+00
9.051765211019041635e-01
1.033523614417585446e+00
1.562646161514111398e+00
1.211459147287242022e+00
1.441326774552976087e+00
1.108845119184128425e+00
8.533760303651750645e-01
1.199649708961459948e+00
1.605786141449683013e+00
2.340480840455184453e+00
8.904028437825943776e-01
2.956775306906223921e+00
5.876259504885037011e+00
5.946736060163507531e+00
1.175891631194919462e+00
1.470070352598533692e+00
3.171874953296854649e+00
4.438544851058567886e+00
3.734235639437264442e+00
3.749462279344396798e+00
2.859673148067804149e+00
4.840156361049334777e+00
1.825057803346562979e+00
4.449198441105312263e+00
4.163867109691329560e+00
1.847157703317544586e+00
3.187401773473928834e+00
1.947946267458225078e+00
2.453718862502308973e+00
1.797902335854800082e+00
2.704995954592985807e+00
2.521298444687422702e+00
2.817241974217780776e+00
1.335927282203318356e+00
6.005862572658233312e+00
1.577873073221099709e+00
4.443786716878417309e+00
3.713156621295674586e+00
5.474794729842996643e-01
2.033454083944421953e+00
9.818750525992933076e-01
4.272815786760224555e+00
2.153181748308563570e+00
1.131970572107048767e+00
9.791823829075437802e-01
1.456463993681732072e+00
1.896613128412844684e+00
4.349277221805152749e+00
7.533260165694520838e-01
5.941804734742222927e+00
2.492182453669984810e+00
2.893096611323385581e+00
4.610770431700957239e+00
1.777350832117814194e+00
1.298822687568885081e+00
2.006801811938451863e+00
3.993684137762442354e+00
1.252410948597383111e+00
2.680420609333342252e+00
3.288809689397979241e+00
2.271390014071925922e-01
3.232683017615592291e+00
1.063302950126911561e+00
5.287989249660697944e+00
1.336787364071345685e+00
2.495678896614339504e+00
2.755434766353938691e+00
4.129870234006443930e+00
3.534552319626925510e+00
2.583736372609362064e-01
2.223874457968298746e+00
2.774989600135093770e+00
1.001394035272832772e+00
3.255683962715083091e+00
1.159962589854844905e+00
2.970279820581763541e+00
5.015321963977092956e+00
1.895328500620811596e+00
1.526096924645189201e+00
3.198588429853626458e+00
2.891174978926565942e+00
1.053649510466511341e+00
6.804877346676260430e+00
3.786778887508760683e+00
3.859859182293943647e+00
5.755499317156102634e+00
1.978771480926973414e+00
1.744875072729293430e+00
1.154264730626353153e+00
3.164388762826084278e+00
5.209735357520787424e+00
2.027171781767232339e+00
2.018801731406827837e+00
2.355756584387675101e+00
6.466422321068675316e+00
2.089020338396738286e+00
5.092410623980282658e+00
1.501689836826418434e+00
4.204836821002549407e-01
2.863463731261442824e+00
7.601198846662451380e-01
6.304797253594061957e+00
6.130409219672102061e+00
1.282499418529722268e+00
1.326255532750924671e+00
4.532744329871205125e+00
4.804216543296025432e-01
3.456509865610793764e+00
4.660440983432766693e+00
1.273676293952936511e+01
3.422343810457851632e+00
2.619387793083116200e+00
1.923717297337817822e+00
5.874040481238384181e+00
2.135068371898921846e+00
4.495550090838851709e+00
3.802150224168932002e+00
2.219736011276000287e+00
3.689598349805327526e+00
1.434818024038489348e+00
7.620714774636395683e-01
4.940786019523336847e+00
3.771740765864232348e+00
1.634643888040675286e+00
1.720124041636576395e+00
8.747501505702003355e-01
3.612250927422834046e+00
1.998352231523796707e+00
1.596346628387995903e+00
4.646363834736355614e+00
4.249331271668811638e+00
1.783304946942144698e+00
3.692529563094976375e+00
3.336309425921122784e+00
2.690992982614911710e+00
1.550883771259416788e+00
1.476141108933707535e+00
1.292644403937469377e+00
1.800850193709548908e+00
1.829800769084017009e+00
2.833110414784147046e+00
8.050941305258217939e-01
4.725957583467018885e+00
2.798824656914697506e+00
3.681186774220929436e+00
2.076513855524621643e+00
3.670138583853508774e+00
4.879412740948212424e+00
1.037194852431518877e+00
2.408168072201482435e+00
1.984032724873007858e+00
4.640751360515600332e+00
7.165351894024991619e-01
1.403481745209098186e+00
1.285976904345672578e+00
2.897335017909788757e+00
3.505552531367986724e+00
2.392007834194976645e+00
3.800209385269423201e+00
1.856982947373982951e+00
2.710223616080245534e+00
1.714401878176697203e+00
1.162935754542414157e+00
4.944674534212353478e+00
2.348600567211786228e+00
6.589988892408915611e-01
2.713157722492787194e+00
9.846099146904191413e-01
3.858907002356129490e-01
4.041619689855889597e+00
1.915449897114654076e+00
1.435038984999466249e+00
3.152040078473989482e+00
4.560522351907684957e+00
4.237896752876665118e+00
5.430398654459686725e+00
6.980546482135442377e-01
5.071176684024273129e+00
7.464092890070258557e-01
1.711287090470045014e+00
1.041502965576171391e+00
5.136858794765626346e-01
2.588343335204238649e+00
1.543002399334016728e+00
2.095379302394212662e+00
6.104394469343624507e+00
4.546426953644868263e+00
3.858746798327979288e+00
1.269171155390804717e+00
2.757565560285042405e+00
1.360498013571116882e+00
7.533425015554980897e-01
3.456564734380775938e+00
7.721409693325906876e-01
1.429713695934012874e+00
3.111027363301217985e+00
3.707476636869620368e+00
5.928660866262196905e+00
7.527128815638060466e+00
2.237113776817545308e+00
2.142273174582251638e+00
1.381198055125415491e+00
4.862589584106036256e+00
2.369346094111625778e+00
5.168380872238452772e-01
4.524475711195859340e+00
2.713892049104677628e+00
2.606256283025104814e+00
3.972931175910042523e+00
6.785304004434538072e-01
1.114484013298957743e+00
5.704833965086294478e-01
1.343656243697601393e+00
1.330987031029574830e+00
3.424971859084766646e+00
2.115951072894714624e+00
1.713160025416090582e+00
2.695569808146458080e+00
2.297802829674880698e+00
7.810526433951071601e-01
1.756913724057009185e+00
3.925151298101041686e+00
1.993272387385260469e+00
4.427277457295824448e+00
3.229775699350362572e+00
5.362703044902056959e+00
9.046199680851058078e-01
5.865337422019575087e+00
1.666852228886043896e+00
7.704227618140024880e-01
4.911470760732593810e+00
1.352594163338961764e+00
1.630115114245602959e+00
3.219346443613208653e+00
2.796576934420607508e+00
1.884424348874704336e+00
1.490839931043989930e+00
2.059077266081766222e+00
3.309981445535707500e+00
1.180738114720626841e+00
3.808768603773782235e+00
2.386535582545922018e+00
4.827273941470753726e+00
2.775107178874738345e+00
1.968422642680053736e+00
8.036990061239066563e+00
4.923853053924725387e+00
1.300441258366986652e+00
5.148433113428212415e-01
3.284482542562977336e+00
1.886993399847040953e+00
1.190571127891810743e+00
4.030659129789480488e+00
3.290079256352536063e+00
5.248421495612089593e+00
1.920029827004771983e+00
1.576678739729822976e+00
1.983383386744008714e+00
2.150260676901619483e+00
6.942159805405129225e-01
1.746098742995749076e+00
1.693555352095019506e+00
1.286601218361739685e+00
3.846246572349045323e+00
4.258952065370569251e+00
1.096333074610349234e+00
1.684461578690549244e+00
2.700368226394343374e+00
3.930595212553165574e+00
2.393787993747048759e+00
2.275795220179368528e+00
1.236810744406673379e+00
7.204491620907985450e+00
4.623584092900324904e+00
2.275481475769107309e+00
6.518976909174326595e-01
8.893107899617564982e-01
2.876549155016313364e+00
8.938206032201531315e+00
1.299415192020656695e+00
2.528058171385612063e+00
2.253613748831769126e+00
2.324573015905961881e+00
1.490106704301809692e+00
3.952526131965040102e-01
1.523015047555233092e+00
2.465390571240281048e+00
1.512280265494716724e+00
1.329549710920678640e+00
2.640151749505007750e+00
4.457732795688443828e-01
2.732694438240036217e+00
5.014889180140668756e+00
2.829493901417585278e+00
1.237720684350140044e+00
2.364019171461838820e+00
1.566351485163377966e+00
5.047941595914987367e+00
1.361585915603408914e+00
6.387977151067935289e+00
1.271111241695268568e+00
3.819085891827809665e+00
3.920684453351494181e+00
1.696016881303190171e+00
2.464173480084597134e+00
4.054847997687965666e+00
5.317590712567923372e-01
3.848201089974697009e+00
1.750258920857790113e+00
6.162442173559284919e-01
3.163631172214206977e+00
4.217243255506744504e+00
2.106260708023142580e+00
1.842867009215253704e+00
2.476775053956489447e+00
1.628243436394720467e+00
5.022394834515038209e-01
3.522010107090843167e+00
2.999053735340790006e+00
2.961859714318940018e+00
4.726726820962852571e+00
3.048846459762897698e+00
4.922975018613577447e+00
5.084738447316957677e-01
3.303249030807288822e+00
4.021335492631918918e+00
2.731364330161484499e+00
3.718129446991342846e+00
2.122945372065650371e+00
2.094724966717145254e+00
3.721507870105192683e+00
4.499345652521149930e+00
1.338254330813123616e+00
7.544680986506912213e+00
1.857423066436430403e+00
1.159461673389070802e+00
3.256878537546075592e+00
4.550966348970097997e+00
1.261297757681636433e+00
1.230912096698614899e+00
8.285049155839049329e-01
6.406129689925922355e-01
5.683805997165598534e-01
5.755713260429062395e+00
2.214706050714170704e+00
5.310594177430569829e+00
3.680233664680483407e+00
6.371773076202077446e-01
6.724569448191734189e+00
2.367787350414027436e+00
2.216045066735455205e+00
8.723701010357749475e-01
3.042779967300943245e+00
1.734543993159844755e+00
2.950888350866127219e+00
1.768565921955645548e+00
4.262606896930653200e+00
2.214686772342776777e+00
1.562985502500237711e+00
3.939738155801476016e-01
2.028863294296997299e+00
4.390190290339272217e+00
4.317374197544078029e+00
3.307086920780464290e+00
2.701082938551140789e+00
1.419037770811333088e+00
2.212749275212752220e+00
3.852676503714877132e+00
1.786405336166950075e+00
5.661738808598685502e+00
3.780798898426758203e+00
9.094983034922075049e-01
6.715376294458276440e+00
5.420770315323232280e-01
8.812341191140257157e-01
4.286746890030955548e+00
4.459728520870376300e+00
6.799813599421681509e+00
4.583667493652423097e+00
3.018336423028729509e+00
1.869892557527162325e+00
5.071555225167921677e+00
3.275560593571227752e+00
5.740513237451528861e-01
1.775904347946909878e+00
4.295564689201927244e+00
4.663447084341282078e+00
1.435557799456837813e+00
3.874899114085925689e+00
2.889277620957463100e+00
3.489813595334138263e+00
2.164065635210562277e+00
1.230296987981051249e+00
1.005246902104448337e+00
1.520072183785214026e+00
2.190262862204110483e+00
1.661365900850007460e+00
5.478587667780249859e+00
1.681380097461686374e+00
4.148723637432183864e+00
3.132174346944912813e+00
3.591620356555648375e+00
6.806778231457836448e+00
8.447749193993375760e-01
1.924302335722374302e+00
2.041303934700114286e+00
1.154684267628746763e+00
9.895033817909283380e-01
1.735803271927735869e+00
3.142678638360489440e+00
4.155501330853694220e-01
3.658063886295188194e+00
2.879679132504301631e+00
3.409091322288222425e+00
5.832459838548214925e+00
2.378355542561974456e+00
5.004377942703213122e+00
4.409357869037873634e+00
3.541816162499022091e+00
9.335601612491536416e-01
3.064579236461208112e+00
8.638540131521411647e-01
1.706858146676457855e+00
2.563468370785740191e+00
2.343509566171452008e+00
3.807223909528119954e+00
5.343645772208356348e+00
5.316438409004943466e+00
2.377847731477240600e+00
1.601759380885891870e+00
2.489672740833602571e+00
1.049765702663552513e+00
3.213470354907412840e+00
1.698282187226878071e+00
3.842140475980088787e+00
1.010289390915098062e+00
1.549084660271594638e+00
2.570740153625596935e+00
5.420487161099234008e+00
1.414035929372261080e+00
3.258685575682617408e+00
1.383880754404130942e+00
2.879146074149414147e+00
1.152271091392543134e+00
1.251827192151736545e+00
3.738180989391528986e+00
2.709231914527525653e+00
1.743740202198719391e+00
3.258181828821582027e+00
3.112703538488458488e+00
1.566726988623026617e+00
1.391594501607710255e+00
2.102641053241780078e+00
5.445666129865203153e+00
3.593214686394306412e+00
7.774303532249245974e-01
1.769634041179436235e+00
2.833059190226026480e+00
4.357607062918845919e+00
4.688009053173608498e-01
1.619554966945505159e+00
1.770885354411694035e+00
1.897326176726116032e+00
4.636328618996806483e+00
4.154135794717862318e+00
4.885043309063340722e+00
4.171712391905788575e-01
4.522317170567756506e+00
2.689913440757469409e+00
6.299186504336183212e+00
4.961111542761774906e+00
3.893803614263548596e+00
1.766936037899524914e+00
6.068638700774277694e+00
1.794817692103103379e+00
2.282806237046586695e+00
2.557493041034956782e+00
2.624795318109574449e+00
4.445341289296946274e-01
7.991795278937751101e-01
2.926628306431489523e+00
2.143152212862335038e+00
9.526635137322496671e-01
1.001006993985867011e+00
5.011537539139819808e-01
1.679748910553445329e+00
1.888394317994722904e+00
3.682862454676750996e+00
4.609853772859975329e+00
2.501322936136858743e+00
2.395407638703189512e+00
1.507263769889470861e+00
1.812532637523859735e+00
3.024888872160300668e+00
1.382535401507764883e+00
2.613042701501711917e+00
3.057251059768117951e+00
1.697353331881183092e+00
3.229134263434068064e-01
4.712058688703634424e+00
3.171302883858668320e+00
1.265376130108553099e+00
2.150988365215928511e+00
3.256968764030121477e+00
1.370974002278471104e+00
2.789391919029604150e+00
7.110996431895848513e-01
5.160680039334074820e+00
3.159137401412929758e-01
1.768769803887205727e+00
3.388750650693753030e+00
5.316932465214740944e+00
1.919659078028925214e-01
2.298116582227602400e+00
5.931995948698547849e+00
7.861191860819261024e-01
2.334604950152561642e+00
2.108028212231491061e+00
2.660514436235992708e+00
4.601008343812559076e+00
1.622016631200776882e+00
2.036368880736696418e+00
1.207693992274714967e+00
1.080125754241694214e+00
1.670597854993065789e+00
5.724927235953057192e+00
1.905604225782622896e+00
1.786800734767382881e+00
2.220896228056299382e+00
1.295505970310321775e+00
2.036795008971685306e+00
1.215202556967103886e+00
1.432614738337779192e+00
1.360956681454363437e+00
1.944220603482560872e+00
5.852407351729232765e+00
2.531688878035322610e+00
1.766340993130984804e+00
1.550581446423334953e+00
9.064484666933596557e-01
6.985903430746334131e+00
2.098437283417494914e+00
2.952892468677975835e+00
1.571506051893304168e+00
5.353792872529803404e+00
2.286408571330815764e+00
3.056318037356210215e+00
5.260125369122044425e+00
5.061599612808851845e+00
5.470177914721837453e+00
3.949949396853629668e+00
1.761115564931605038e+00
3.957368980185756779e+00
7.345856997951695222e-01
6.100717010089617531e+00
1.296151120633824094e+00
2.220805609924196844e+00
3.307740564969764652e+00
3.466991702394854880e+00
1.024893231376223346e+00
2.508872414278583651e+00
2.078378073696820927e+00
1.491783385425280217e+00
4.402844906465363195e+00
6.592206962323423625e-01
9.467544502906101167e-01
7.345232896097337871e-01
4.275314266771458094e+00
1.889169462516431031e+00
9.890208367222005359e-01
3.001355697753475660e+00
4.141611915470265082e+00
7.728559878706249275e-01
1.507044854402896483e+00
9.968472979064387784e-01
1.462627847039980500e+00
1.689094515715166445e+00
3.689406987251325098e+00
1.368817616281167604e+00
2.891188098920528304e+00
6.434479028371135279e+00
4.197679213625010064e+00
1.812742092286081963e+00
4.118083381942988508e-01
4.645369668745299663e+00
1.761725915269785059e+00
3.303317590704444751e+00
3.715263238367405130e+00
2.098476732332162698e+00
3.627367800459698088e+00
1.993911624060236587e+00
2.986976646766782650e+00
1.991698949638689431e+00
4.988039227264697395e+00
4.356860832400824890e+00
1.224506005744414150e+00
1.325244570546352696e+00
1.161575187271833176e+00
6.022999323270274985e-01
3.157044136474016938e+00
2.223010562777449461e+00
9.948740602064267691e-01
1.681741143158011376e+00
1.305087610702634127e+00
8.970677904225259347e-01
2.244215652652573390e+00
2.856807402660833439e+00
1.685083154843090014e+00
4.384121099844676905e+00
2.256892873176606695e+00
2.295319467366865762e+00
2.485889769270022587e+00
2.783923164690692786e+00
3.669810618234985888e+00
9.252200620763953998e-01
1.123367617291842535e+00
3.403336123339798291e+00
2.743995199682491393e+00
1.977729925917227849e+00
2.618140138577734977e+00
5.734578295012179305e-01
2.064379940451650963e+00
2.374487612437109263e+00
2.066128617684042990e+00
1.026146178658501773e+00
1.219186007869952126e+00
1.981899526475483786e-01
6.573604829280788042e-01
1.371881942328055048e+00
2.890493022165438575e+00
1.784920013338687772e+00
2.552783266664614636e+00
5.643538973519635071e+00
1.868799983781273211e+00
4.399751640441939671e+00
3.958236729468600945e+00
2.013077382612002975e+00
1.218878908429406716e+00
3.739572696597917911e+00
1.497777195235646452e+00
1.429493592932542967e+00
2.174784595792144781e+00
1.814445915045405533e+00
1.238674984713254990e+00
8.970467070918533015e-01
3.004978815785985802e+00
1.352511898129945322e+00
5.359183243247131578e+00
1.927276147049316934e+00
2.754917059090953746e+00
1.413962014840373094e+00
2.259212602636757161e+00
6.056952448592730631e-01
1.237699482319656541e+00
7.210370115098930555e+00
4.085423059366412701e+00
4.290626310896941575e+00
9.907941084194309411e-01
1.486335163334639109e+00
5.070523789702947592e-01
3.154075089670221210e+00
1.931958488894101489e+00
1.440420933022398042e+00
2.313008142464455297e+00
2.630995158717656324e+00
3.814258158303159174e+00
4.145740405273414808e+00
2.274104485866108138e+00
1.368409726638197155e+00
1.025012553207294230e+00
3.402878361461146195e+00
1.363884069762797857e+00
1.586890449681803705e+00
4.226510858247240598e+00
3.032915414078124705e+00
5.093029159648861715e+00
3.717896949368677095e+00
5.037785548974484939e+00
2.451471572797330190e+00
1.561466869294166004e+00
5.235006720213601028e+00
1.632378772199509553e+00
3.933967789796425585e+00
5.322427979200034187e+00
6.668828268770198520e+00
1.120788540695544455e+00
6.481616005549319937e-01
1.616853902065075177e+00
1.734391444951028705e+00
2.820169570619788679e+00
2.924861650391287871e+00
6.936093424955340758e-01
2.235793118143102554e+00
4.651711331015103035e+00
4.308711382640560750e+00
6.922854084917263506e+00
5.337388909195558639e+00
3.217834815423980643e+00
4.362819791154255000e+00
2.089104126147788065e+00
2.011690519952268108e+00
1.884578099015157049e+00
1.834835406647634448e+00
1.234680805015553329e+00
3.069156313869891850e+00
4.445509314680627710e+00
2.782831108568714296e+00
2.155395558328429217e+00
7.365535946001239509e+00
6.080623965862221425e+00
2.051505341245439595e+00
1.135567687254852354e+00
1.861918226731333670e+00
4.004095473213338252e-01
4.135759258016388773e-01
1.054936671489355104e+00
1.623652464473344992e+00
5.883160096941273842e+00
3.479508849693262906e+00
1.880455860129463641e+00
5.400616768590555061e+00
5.257286174479816054e-01
3.060836709344159079e+00
3.202366613030301234e+00
1.774965223133488257e+00
1.025468975058782650e+00
3.657248155939905931e+00
9.170269209355014217e-01
2.776286317020254302e+00
1.914260208471085134e+00
3.181839743862233227e+00
1.935826751158321590e+00
2.067060059208045253e+00
6.093788996299826621e+00
2.619947311291248138e+00
1.505672485817566075e+00
2.142964689270174805e+00
3.904382483327443421e+00
3.321656624603065211e+00
3.454812277472601778e+00
3.533497362922287666e-01
2.039418001346749332e+00
6.211349486464538217e+00
1.814175520167321976e+00
1.734082673050538315e+00
3.289299312090262273e+00
1.693124783866365224e+00
2.107754244314261172e+00
1.036744028556677133e+00
1.640438465779118671e+00
2.947696865505733399e+00
1.593718266499132508e+00
8.465084045584422290e-01
2.799882396812789942e+00
2.106372326129030359e+00
2.865618879024975030e+00
1.088295362532879729e+00
1.756427253735202587e+00
6.246286758474846046e+00
1.636941190005511082e+00
3.612302816873599998e+00
5.572542792719252791e-01
5.938764048032097342e+00
1.312386040979182100e+00
2.534128756360527479e+00
1.362418422901022774e+00
1.988403164902357911e+00
3.980036788661779568e+00
3.139340731245471527e+00
6.082873876209434982e+00
1.065738246267621259e+00
4.501792858537645436e-01
5.364707323507768244e+00
2.537007693663649643e+00
8.855036403964476222e+00
3.467884200125628258e+00
1.812001789328811618e+00
1.672882337832390043e+00
9.134717810656194370e-01
2.313798532206022607e+00
1.519006433364259445e+00
1.236565308396286422e+00
5.715069496566229645e+00
2.893331808046880393e+00
4.461137586793389787e+00
1.998667249565139636e+00
5.575029875255030909e+00
1.283594281323074071e+00
1.202528896751112519e+00
3.784606957454087262e+00
4.851735248270251155e+00
9.417697332465118087e-01
5.200313319180786209e+00
2.858126741535771398e+00
1.481189779388452754e+00
6.601031596112419964e-01
1.693104823394031344e+00
2.480345505287301577e+00
1.345404645502326968e+00
2.667535938243589477e+00
2.723756787114336664e+00
2.519757329541006730e+00
2.143084445084263656e+00
9.529692781712587601e-01
3.806959849060668866e+00
8.355641969265328317e-01
1.257868877199487700e+00
5.888005185463481617e+00
4.816889392846914753e-01
2.625948021625670759e+00
8.700861363364692513e-01
3.020815888236013436e+00
5.330123469296007777e+00
2.486234618080724434e+00
7.447446505551478246e-01
1.195307924555035095e+00
2.709666442964046240e+00
2.611499695231341178e+00
1.715113438076468544e+00
4.618505163884837894e-01
2.086656539007828215e+00
4.667971261757455359e+00
9.229244247835000081e-01
4.120311600882681446e+00
1.897369249320588924e+00
2.274324492932043196e+00
2.122636196707923695e+00
1.648551400792688471e+00
3.551887739196766258e+00
2.093920884619541845e+00
2.675385091607653365e+00
4.971707484384920939e+00
3.473299450772558306e+00
5.135776473100446715e+00
3.050644729971450975e+00
3.004144766449310389e+00
5.391364168358395936e+00
2.510271373044600463e+00
4.532119398035217905e+00
1.491809978374881274e+00
6.226881322611683700e+00
5.121453607523220874e+00
1.397835737322406624e+00
1.726837270314146133e+00
4.028765480629238560e+00
5.042582714792513521e+00
3.018610201306465513e+00
1.124011715508943965e+00
3.987436734807558114e+00
1.828064388400632456e+00
1.527775794557677980e+00
1.246451439255261917e+00
4.098456896996310661e+00
1.178390257293923549e+00
6.232909801238247560e+00
4.806249617570682031e-01
8.592200127531851583e-01
1.689265572160129736e+00
1.713476166069499707e+00
5.121043669331717396e+00
2.785787068201079908e+00
3.364155964702684187e+00
2.034042427773385953e+00
4.322930523534972425e-01
6.061283004296200705e-01
6.215556253775676998e-01
2.313644569887658875e+00
6.836446316088726771e-01
1.719746577334948512e+00
2.943922837582762408e+00
5.509316700138065848e+00
4.156226757756497747e+00
7.464283916003748409e+00
1.473053428619284233e+00
4.424844060655598099e+00
2.496324206931465284e+00
2.103607600967477342e+00
2.579411254755921146e+00
7.637446834205622315e-01
5.595801252123570046e-01
2.460840063167516245e+00
2.756330762107542132e+00
5.943611506932604094e+00
6.336601098891826211e+00
1.075942524526892541e+00
1.158941216921184125e+00
1.853194480823765700e+00
2.777269813619075656e+00
2.846140975870659950e+00
1.749294967674331902e+00
3.022785446473783999e+00
5.634903555764441130e-01
4.067807875732003531e+00
3.639659968480060570e+00
2.333358842111946441e+00
3.413810619484328512e+00
3.254524021983387527e+00
1.590381067272442550e+00
4.367806642501205872e+00
9.278397261762321158e-01
1.313212807033891094e+00
2.935829306902280500e+00
5.336538719934099007e+00
2.346394134724383296e+00
1.349028008652459087e+00
2.121546584386512002e+00
5.926818521360356584e+00
5.034175697803065397e+00
1.719773095624553605e+00
1.368575535850543146e+00
8.606732586568852650e-01
1.476021273478920648e+00
5.711783112349646530e+00
8.109198874098582088e-01
7.081311285867175620e+00
1.192878735618509989e+00
5.205658757422858329e+00
2.836399459213479801e+00
2.916700201852450824e+00
1.035990502510379052e+00
6.084786682608998021e+00
4.292769852010700049e+00
4.987198354121503918e+00
4.949120203165732867e+00
5.682539161383932225e+00
1.856208683476845867e+00
5.133676806087749789e+00
2.205495485382059417e+00
7.275753625582142003e-01
6.425438713242671795e+00
1.538517422661363598e+00
3.750537875284582157e+00
2.374701245148281625e+00
6.065337841953508224e+00
4.345345953710970655e+00
1.437119653673039066e+00
2.016283059344079476e+00
8.633150557630897559e-01
2.813479521637831104e-01
1.146058935772332532e+00
1.427304006638474343e+00
2.382324115446328161e-01
1.861820809508458963e+00
3.816724439243503575e+00
2.387957016890744910e+00
1.492511812536290394e+00
1.882224902950897061e+00
6.342923162875406362e+00
1.865179900118492329e+00
1.377940525768517999e+00
1.632694207337215708e+00
1.580461070757393616e+00
1.012118897853427679e+00
2.509731415380969999e+00
5.293048837172875665e+00
2.288813190363658823e+00
3.282678029342340320e+00
3.297855970439448114e+00
7.338524955713109366e-01
2.581816318410392608e+00
5.046964472098589560e+00
2.355136889334823458e+00
6.177025383255562829e+00
4.501315431887721097e+00
1.239608507873528165e+00
5.403935236020491750e+00
5.695681648733079694e-01
9.708750688108965798e-01
1.799970887418130383e+00
1.192821061902560542e+00
4.468037259677691608e+00
1.390051472550236866e+00
1.574169105013852876e+00
1.540219276496826550e+00
2.572582430025748046e+00
4.564889180676333424e+00
1.949140160834903934e+00
4.113458480487096836e+00
1.446195536537997928e+00
3.222784761331883185e+00
1.611577552741591424e+00
8.323179511601205283e-01
7.895250129168603914e-01
7.484244413086703629e-01
1.168151833620576951e+00
4.610631873598236119e+00
3.083313591471743997e+00
2.884357378252975224e+00
1.837378771799591304e+00
1.834128125645436036e+00
1.501864052070892797e+00
8.579861640266553957e-01
5.335958531433214524e+00
1.359140189552418443e+00
5.252870517164673458e+00
3.851638592691544183e+00
4.863584507105069399e+00
3.452683187220363159e+00
4.494920419253860544e+00
1.260998813347111724e+00
1.357339114689301462e+00
4.886251046336195780e-01
1.669193344118131916e+00
8.177905412700483545e-01
1.318525375154893764e+00
1.408341599803716093e+00
1.247282847034624220e+00
4.701283365668861514e+00
2.687957613517153899e+00
1.363574362876587509e+00
4.881648951959118854e+00
5.524952976076507483e+00
1.082489577811877712e+00
4.585888720490136627e-01
3.127832912240374963e+00
7.576419160720472945e+00
2.261577729296567529e+00
2.376312009004103665e+00
3.468369629213403083e-01
5.039307713855401438e+00
3.029834155632536774e+00
3.092090927699089775e+00
2.033488871115048280e+00
9.678873375999141881e-01
2.018794177357390307e+00
2.653901096021807238e+00
3.622824361852325925e+00
1.604748687976460753e+00
2.258901286643221429e+00
3.091864429030234174e+00
4.507977064682472168e+00
2.322011696652636736e+00
8.432877840801868530e+00
1.394991983892506449e+00
7.106027676517221003e+00
1.442139238800448586e+00
1.768546505927785617e+00
1.741551802442141916e+00
5.630680951688563418e+00
2.620316756323195051e+00
5.981816421525468108e+00
1.031545515843955263e+00
1.281652867026919829e+00
1.250747496095284017e+00
6.319800471424334987e+00
2.359576867699745062e+00
6.623580774987661846e-01
2.353898013398907807e+00
9.115772150707214250e-01
1.661287118555171860e+00
1.120608845731250192e+00
3.640292050332020857e+00
1.378917947393788701e+00
2.563084973222153451e+00
2.584046522199206830e+00
2.435503390422898651e+00
3.120644558294025650e+00
1.184683132131137295e+00
5.293384416633015732e-01
1.465990124704641850e+00
1.484702735997735168e+00
7.482833545421800903e-01
5.131513556842798529e+00
3.106848814812761983e+00
2.655676174770041253e+00
2.068125002969801507e+00
3.998630767628095217e+00
1.100174859725966625e+00
3.909530773039882057e+00
9.394439857599571342e-01
1.670634785992013649e+00
9.440918614890556615e-01
3.256410112244659150e+00
1.462825207040312492e+00
1.578709432017386449e+00
1.522654642304715367e+00
9.890749063779026296e-01
1.770569637958639753e+00
2.518211799519932015e+00
2.576037068475290681e+00
3.172549879744781087e+00
5.288631882419933206e+00
9.883936001806806759e-01
1.238506984092580643e+00
4.194887498136457893e+00
4.049073508511537689e+00
1.707279299921392157e+00
6.606090754949037747e-01
2.077336125151256763e+00
4.649048383631650516e+00
3.346985610060241090e+00
4.028841149507527142e+00
1.636603879168654574e+00
1.787602213042593924e+00
2.401580801408751853e+00
1.490775291456156282e+00
2.418892263050993030e+00
1.606290800805716845e+00
1.887754979535226418e+00
2.387988560888738121e+00
4.337507132440683755e+00
1.330013549095181213e+00
3.828931291095171385e+00
6.054040780498489704e-01
4.651244451069008967e+00
1.773527360444250078e+00
3.413422034070816569e+00
1.521837039834168959e+00
4.106843174266811225e+00
3.933783805991334148e+00
6.463059673492796975e+00
1.767197940335211603e+00
2.031133658258978958e+00
4.271164679337092096e+00
3.365340206798471456e+00
2.747110617391288034e+00
1.117004232135852648e+00
1.361183089576789351e+00
2.495011587247485618e+00
3.196940613921740226e+00
3.817710651882974204e+00
3.818761256703232743e+00
2.100512496020998210e+00
2.114648876301329583e+00
1.752239483624009886e-01
2.128461347041336715e+00
1.369236938583650698e+00
5.817725313428075751e+00
3.545780984404768965e+00
1.693199720481397108e+00
1.806024658913729874e+00
1.200419538866253077e+00
3.324962717446311444e+00
2.098711616387869405e+00
2.053557366699682696e+00
3.778672560040631900e+00
2.822045153451993915e+00
7.469441464432663436e-01
3.110524531992509001e+00
3.753885557989784960e+00
3.097159423156594205e+00
6.561151705411521817e+00
1.800036762106607569e+00
4.907688399295297543e+00
2.105294333337298873e+00
9.083291039160107383e-01
3.644287299884805265e+00
1.358748193966324846e+00
1.424252452160657545e-01
2.089927869346693168e+00
2.261505754289559800e+00
4.654069872458109103e+00
6.846902791691234391e+00
3.520486944223994996e+00
8.432286882061509337e-01
1.673531220703551314e+00
3.289735477319966517e+00
2.352000987828977152e+00
1.419382651802046258e+00
4.395425249572632254e+00
8.932801446503146892e-01
4.901764378700012692e+00
4.452880707817134187e+00
2.544147302867787452e+00
1.375449818483214681e+00
2.266781205837087754e+00
4.070250109604021560e+00
5.384906362181210326e+00
1.506935591887857750e+00
5.908113354962209129e+00
3.588070188415754647e+00
2.619424243221209370e+00
3.227695657679601648e+00
5.267384024457854252e+00
4.547475114432737997e-01
1.504570093341679016e+00
3.402528589455362518e-01
3.964501286060446716e+00
1.036406976036013505e+00
3.579910164528139926e+00
2.041451935536823470e+00
3.751440801398236768e+00
2.560529822564459490e+00
2.654752763502956636e+00
4.630427440519637727e+00
1.578121531983014636e+00
1.962184786353634136e+00
1.005638897970543733e+00
2.885331698205634510e+00
1.256503639756538115e+00
7.514072740213406654e-01
4.253121431140840514e+00
3.085221123347462235e+00
1.081156674860987321e+00
1.855363832068488206e+00
2.278773054660518049e+00
8.963494010107969645e-01
1.056314607782142811e+00
2.379578042829133100e+00
1.865218659533065981e+00
5.218443162634939902e+00
2.496580265540015164e-01
3.557446012459443807e+00
2.724506996757160238e+00
6.412699875222267032e+00
4.294699749247445020e+00
2.079484837501221595e+00
3.971930343968748556e+00
3.227111258793606385e+00
7.116931880872624516e-01
3.457033721191627329e+00
2.044294394349140731e+00
3.714430271312145759e+00
1.881508855138056990e+00
8.862902877813392255e-01
2.241960845087240362e+00
4.141827130331141027e-01
1.627616995161889069e+00
1.769552806719754567e+00
3.077636389834671693e+00
7.117997981115388839e+00
2.160140103730590955e+00
1.548168364931596708e+00
2.482984693360738238e+00
7.444876119310719353e+00
3.721266553231202590e+00
1.653098849378556778e+00
4.016369123432689037e+00
6.314056427911690639e-01
5.077908498033950613e-01
5.695106870518493736e+00
2.884245268769751736e+00
2.773255493562182039e+00
1.941204959259963170e+00
3.050533002842759633e-01
1.581212619868961777e+00
2.668713189201680436e+00
2.710426102039631413e+00
1.930361901981440420e+00
2.786154810916021685e+00
6.722825566360376426e-01
1.601716043131018230e+00
1.199197764364995145e+00
2.969042771744114795e+00
3.473769341947617217e+00
3.188450193645023134e+00
2.155766711090540966e+00
4.744652984326811485e+00
3.561871699959173743e+00
2.556013659902958590e+00
6.325790865840055233e+00
5.491321920180087801e+00
1.668196441073222847e+00
3.585490962235851065e+00
3.903340470624563352e+00
1.676557483962188400e+00
9.068591331877348116e-01
9.580590892176946705e-01
1.552083403110949389e+00
3.634944495720136892e+00
4.783849644156587644e+00
2.459364789967144915e+00
1.251325608008466705e+00
7.557972554359622119e-01
1.599004529191462742e+00
4.041013547689773056e+00
1.737898617252018552e+00
2.512867845601367112e+00
3.456317805137268717e+00
4.191225906389948186e+00
1.740339038433795338e+00
1.698089284383605291e+00
5.718332417501953202e+00
4.709124914683356700e+00
2.997664357026871507e+00
1.992304765625555252e+00
3.907756380188331935e+00
2.838121847810069820e+00
8.983096974168449655e-01
1.103794966517936293e+00
3.909215499560108054e+00
2.262043006018855884e+00
1.426478228547080063e+00
9.864113222922124002e-01
3.537063254339179452e-01
3.468146229069839492e+00
3.706226557032462399e+00
1.697953720351911722e+00
6.931209226638778809e+00
3.313283942893208156e+00
1.866774543571696476e+00
1.729645566775325882e+00
2.093281490327052907e+00
9.378012227195910988e-01
2.391422831874014054e+00
5.672836440298113736e+00
6.364268709426672110e+00
3.833447167427063818e+00
2.659143724867311320e+00
2.918015206350089485e+00
1.652318041433668450e+00
1.903673774347516945e+00
1.383449306008203816e+00
1.236063125570115329e+00
3.890190886842899154e+00
1.939703856636995960e+00
3.884748728666636453e+00
3.163138095714112641e+00
1.611344133722277361e+00
1.001395016227869084e+00
1.269051585993191233e+00
4.640173830208230932e+00
1.763289126347637126e+00
6.597058676297109514e+00
2.825259999864567106e+00
3.602052493870261607e+00
1.057117098610238726e+00
2.313816261734404023e+00
5.397134477564639710e+00
5.351821686416067259e+00
2.229860659120697530e+00
3.597378163376926619e+00
3.589699012598043026e+00
3.178570692262136177e+00
1.446713826042646867e+00
6.590848490094215251e+00
1.302790110499997711e+00
2.240932043390115425e+00
1.530273807483973014e+00
2.001928612777915006e+00
5.926765512989472739e+00
2.046329552272985186e+00
3.804515269228103680e+00
2.779204527383949852e+00
1.678019618942668267e-01
3.854274548640199249e+00
4.791340141906436090e-01
1.843101024271641242e+00
1.519116175289360937e+00
2.402000860009209759e+00
5.572180960274588202e+00
5.139407178953206312e+00
1.960383720267771412e+00
3.694859699611466652e+00
2.424419973307562870e+00
6.435170798482571008e+00
2.161534219876367402e+00
2.372835540168924062e+00
1.803362019246906200e+00
5.249014611029678257e+00
2.601294203702606556e+00
2.134544139914003935e+00
1.751502573911454697e+00
3.967871016272094487e+00
1.466829690879522197e+00
1.636804827364474635e+00
1.921077561922142074e+00
2.155859528350034360e+00
1.381749907993314874e+00
1.192859635585387101e+00
4.977661189815791309e-01
4.416380972829482054e+00
1.384095497554287846e+00
2.044911757776488148e+00
1.843781896725025460e+00
1.640595577782787640e+00
2.037719097365465526e+00
1.705202410617299380e+00
2.835452065521197884e+00
1.070866060967666566e+00
7.143309794381219602e-01
3.977833185199403765e+00
2.848734143350010850e+00
1.283057483355810158e+00
1.821845095080319332e+00
6.695231834382764369e-01
1.278427025560511243e+00
1.588783100355191547e+00
1.059092327189088190e+00
2.081734833115352235e+00
1.389050750268234324e+00
1.238765754960638787e+00
5.542813577027518868e-01
5.507147755251986077e+00
2.265160984181285642e+00
3.031874918766270799e+00
4.825518519281971841e+00
2.374740204537074906e+00
3.913629999380696223e+00
1.302559334020988668e+00
9.906453038152609469e-01
1.936974657135382083e+00
5.555781511821803242e+00
6.007827567536995872e+00
6.939403836911791856e+00
2.934157660001610601e+00
3.711552702235032974e+00
1.293613937104731271e+00
1.017385102806560804e+00
5.114682506310403554e+00
6.939282410947174462e+00
3.814073092819578292e+00
1.674233000746464528e+00
4.723476197006476696e+00
9.784492792215896406e-01
3.503850615362910759e+00
1.397203305727513278e+00
1.896576667194284305e+00
5.101171844021970436e+00
5.029012402518628910e+00
3.501723615549663937e-01
1.646074870592871831e+00
9.112153082461169618e-01
3.188737779852480525e+00
4.108129438983638693e+00
3.285184002204536657e+00
4.308093376810161246e+00
5.826270988939189266e+00
4.192597343776315100e+00
4.937118862465170288e+00
1.456324000935438345e+00
1.448923215730000935e+00
1.246977871720282849e+00
5.750223545831338434e+00
1.091128848664598250e+00
1.651897536898532470e+00
1.953604361527194300e+00
6.435634071324718430e-01
1.639870984784052022e+00
2.255419958916983880e+00
5.422901137278512529e+00
1.112765362032198890e+00
4.542612819087897158e+00
1.577953450556325521e+00
2.927804247483057676e+00
8.662400436708231899e-01
2.724945925405941161e+00
6.409831568303139271e+00
4.309271361968274761e+00
1.533566095454202305e+00
3.343255648506837208e+00
1.539387347828582220e+00
5.457285364210546774e-01
2.026670305448748266e+00
3.379336035768521818e+00
3.891161503224055185e+00
2.867217375454845119e+00
2.745474023311556433e+00
8.732066792174414394e-01
1.258574084085069655e+00
2.671104578707680144e+00
1.951183228937908298e+00
2.695390748151379690e+00
2.557107679963095404e+00
4.707048465493518741e+00
1.510907223979116365e+00
6.991591583200118087e+00
1.365430983655140373e+00
3.492562295822579710e+00
4.318719288417502078e+00
2.222032629274499183e+00
1.929995679551658627e+00
3.191714995549190359e+00
2.026511859257253523e+00
9.121009381951579176e-01
7.547562091108756199e+00
1.778060291484682809e+00
1.497565583593531979e+00
1.202937686299403230e+00
2.151222269655598485e+00
1.017428027674238011e+00
3.039175216447076000e+00
2.333099947991187140e+00
2.819186655106705519e+00
2.049067974421942218e+00
2.382462474899552873e+00
1.645979285972472450e+00
5.684166260227614398e-01
1.698735839472387044e+00
3.113303116372546420e+00
1.211540847736178650e+00
2.688255788507831756e+00
1.580584448027492428e+00
2.983405981141503016e+00
8.017054795845229842e-01
1.585153827319627062e+00
2.769179953058743537e-01
8.290412799826826218e-01
9.807500445107096843e-01
1.735976687663172813e+00
2.905502130522373161e+00
3.525156972506821251e+00
3.887903411308795576e+00
3.613603189546522376e+00
1.270055009543505697e+00
2.440562382820849141e+00
2.065030185993605105e+00
2.643375909934656764e+00
3.807771317104014397e+00
3.304713199769853560e+00
9.568081410426381161e-01
1.885014416438327123e+00
1.804726362965781705e+00
3.371977842732659103e-01
5.783398448901029276e+00
1.731766416356794513e+00
1.721021041750618874e+00
6.268200504020823516e+00
1.382728507117038097e+00
2.627072248027018109e+00
2.484532241353085258e+00
5.169030683869492826e+00
3.206610383768206063e+00
3.508285183871220347e+00
1.531266380597393839e+00
2.800435581047282074e+00
2.351344572267947797e+00
3.435413996790967150e+00
1.935783070236450021e+00
5.792466187443377379e+00
4.041033236173196208e+00
4.212304678990525630e+00
1.688854908413516931e+00
1.405147843155952203e-01
4.932553866896108197e+00
5.359941718108412800e+00
1.091339062896131029e+00
2.555106236805786413e+00
4.573424333947975207e+00
2.323998670338597528e+00
2.943567184537682735e+00
1.249189963683835058e+00
2.093703475100753941e+00
2.239862811637307161e+00
5.145196566776312430e+00
2.464688545047067247e+00
2.237002869879303635e+00
2.338535988081544836e+00
3.380632061826662760e+00
4.745650547826689269e+00
2.027759397290191501e+00
1.641660258135079209e+00
1.973316555033019615e+00
9.402482421227804643e-01
3.322157502782168148e+00
1.440136517464530863e+00
3.879222970393431336e+00
2.561132304421972705e+00
4.201731240575875326e+00
3.509422501557946550e+00
1.014745856417613945e+00
1.375389769492918690e+00
9.856594087447189123e-01
3.406187566157584889e+00
5.534208337835080371e-01
1.442858889555328039e+00
1.074465888917445877e+00
1.179415912711811121e+00
4.820549755843004824e+00
9.250155279372282990e+00
4.813329459477078132e+00
1.798096160828668744e+00
1.372205304418102401e+00
4.249921412657573505e+00
4.347496716607094136e+00
5.077514064134484251e+00
8.412441021351210191e-01
3.329906812028092578e+00
1.922241355719443989e+00
4.837730775447404596e+00
2.785992002013748969e+00
9.681990028451434860e-01
1.091007204676571751e+00
3.921539676289533816e+00
3.884954679639704533e+00
4.828028752792674183e+00
2.083172283267830327e+00
4.450419099162494341e+00
8.693103381947929753e-01
3.315354732253430914e+00
2.043673470660741565e+00
5.858987908596522409e+00
1.577895672938141036e+00
1.511352625888939594e+00
4.024663825050180499e+00
4.653109421665614143e+00
1.102416253610964958e+00
1.105825357579965029e+00
1.178346202821486388e+00
3.200967416162225021e+00
2.446585734774344711e+00
2.166640323244004129e+00
2.633995974810183327e+00
3.764494204455362425e+00
3.585467446998800600e+00
7.232960396393911751e+00
2.370496309651251909e+00
1.801779381720056028e+00
2.236477307830420980e+00
8.212875378653885505e-01
1.059377161537063072e+00
3.376629193783619698e+00
1.415089064451929834e+00
2.299972335389505407e+00
4.714815211950511120e+00
4.041022170548274062e+00
1.246546647308707900e+00
3.721203536179037208e+00
4.384701022370064649e+00
5.439248911902467398e+00
5.917822718447763641e+00
1.667801432001606798e+00
2.517392322510382474e+00
5.522857509341517535e+00
3.961011189413950806e+00
1.269358465233358046e+00
3.402383117485993314e+00
2.711018180195816640e+00
4.998004874517032015e+00
1.163589089805871613e+00
3.791713744238687678e+00
2.440584404943136665e+00
4.381108823758514070e+00
4.195207132456381771e+00
1.050876194943059394e+00
8.015325348180548648e-01
3.205228539808229193e+00
1.339727197247630119e+00
1.408456370867064988e+00
6.337500562120362169e+00
3.198977674141612604e-01
2.546605857997367384e+00
2.195515767148295827e-01
2.315226260002457348e+00
2.022374513073400770e+00
5.066809020599758462e+00
2.879991065580511655e+00
2.470520302836261894e+00
1.914034100952588524e+00
1.373955513403861906e+00
2.313598481970998044e+00
1.972530270842022260e+00
2.234028279127894479e+00
4.649821976945142765e+00
1.011653372463868772e+00
2.442362862810324664e+00
1.694075303740039340e+00
4.231720612298039086e+00
2.136998162301070980e+00
1.487155634212478761e+00
2.442091841099612637e+00
2.672468339704197504e+00
3.497720793942647788e+00
1.361738726914673459e+00
1.795223154820234424e+00
2.082153969776770364e+00
3.465197211023572366e-01
2.130093936983716407e+00
1.448144074275039328e+00
1.473639250872971873e+00
1.439026342157464278e+00
6.639926604902378848e+00
1.736726695075845539e+00
1.056252343548821804e+00
1.096658453327206573e+00
5.774296486708996312e+00
4.394023990150007997e+00
1.148098133936811038e+00
1.159802469683221204e+00
1.312558168757243848e+00
2.392936023378863020e+00
4.110602273135067541e+00
2.060428718253590308e+00
1.284410798033026380e+00
2.767549626479662628e+00
1.213868107849884304e+00
2.860940596539686354e+00
2.529053977754376903e-01
6.026500227396733855e+00
5.832866331182830599e+00
4.605662735583146095e+00
6.012024037610078864e+00
1.695592730444468232e+00
2.624798514304723440e+00
1.771709649422487765e+00
3.965680313566275927e+00
4.320118455059970941e+00
1.444018420938267377e+00
1.828986292402851044e+00
4.329700334902247150e+00
5.224748102167165342e+00
1.033646592891473537e+00
3.617769834082755764e+00
5.514012532869927874e+00
1.864307594245099287e+00
2.554818820470971641e+00
3.757965811807020717e+00
1.348722955541615143e+00
4.750778946988040374e+00
5.507893271402712898e+00
4.338985968137963667e+00
2.435826953528681393e+00
1.912778754959419736e+00
5.532064734235515147e+00
1.821481412150082635e+00
8.237386192305750088e-01
3.292480261768069738e+00
1.363843618153865567e+00
2.394619078242470334e+00
5.674836328025038235e+00
4.993320465689023990e+00
3.293287073223650996e+00
1.002479208010349065e+00
4.712591485796263413e+00
2.978959632653238820e+00
4.713094724007008018e+00
1.738025835239911610e+00
2.338650762051832643e+00
2.209128513724307297e+00
1.235385812342190581e+00
5.779164853111591338e-01
1.002927745562957940e+00
2.162292350764757565e+00
3.579044215111089500e+00
1.464928410991957364e+00
1.223955596880349717e+00
1.813476474367628155e+00
1.037313318056484190e+00
1.764330727944821930e+00
7.927140837895069403e+00
8.343162152393779341e-01
1.796953684358711723e+00
2.523302105299996878e+00
1.804863899176183839e+00
1.534245849512565707e+00
3.939007584030852271e+00
1.062673637750798594e+00
1.150492172517797451e+00
2.048411586353514391e+00
3.286596636831071283e+00
1.984669241509287696e+00
5.770938755333997250e+00
1.040360280334754695e+00
4.265617458976163512e+00
2.063295835344542528e+00
1.695996232451707941e+00
2.554516103362630464e+00
1.089845296068682190e+00
1.301968102349148060e+00
3.200583128399924426e+00
3.737409891267327922e+00
2.124558808550358613e+00
7.048019876037872500e+00
2.682790741360264519e+00
3.540589068446577059e+00
1.353467326762107514e-01
1.714465854375747167e+00
2.309549504297469191e+00
3.614202440679229689e+00
2.541559285247453559e+00
3.088108762497049575e+00
1.161940601412323248e+00
9.040167559264720154e-01
1.174196230176071776e+00
5.345341325304496793e-01
5.315649320064046890e+00
4.043498918802411524e+00
3.314349555556245885e+00
4.877497491529777740e+00
5.683854284761541420e-01
4.528630870014157317e+00
3.259846389486056761e+00
4.771578016736399697e+00
9.294022947499921417e-01
1.391885694418470321e+00
3.272617937328524018e+00
9.513396463394058200e-01
3.509820685217280634e+00
7.299023972603191357e-01
5.964823422168192835e-01
3.988485630133674409e+00
2.356221172562378285e+00
2.539581458274636105e+00
2.991322324998063387e+00
8.957683750074588724e-01
9.808173109510363030e-01
1.111462180372611241e+00
2.189275067944614239e+00
2.449487815705769123e+00
1.958863614187650093e+00
3.280827548576064956e+00
2.302845607930975813e+00
2.694570446647003514e+00
6.316431162671592325e+00
8.793951988923097707e-01
2.878787919339815371e+00
2.150782868731537345e+00
3.806305739835145641e+00
3.165856348005190668e+00
6.452214009397028605e+00
6.469026891783642874e+00
4.873488447870201412e+00
8.078296275542810045e-01
9.042230497625106667e-01
1.327265510107044966e+00
6.500515055715133661e-01
4.284576004849109943e+00
5.210651567619716928e+00
1.495211856568916753e+00
5.179334589381254794e+00
3.217635025783496694e+00
1.819122645204609867e+00
2.209967307811179893e+00
3.619419964385842015e+00
2.307115334357486280e-01
1.870495400715033396e+00
3.903692013386230286e+00
3.446788747308969558e+00
1.468579765192631559e+00
4.138475851662798632e+00
1.982413704408793054e+00
1.109275797532078611e+00
8.264859015211799331e+00
1.969360397627157866e+00
3.667570403161128478e+00
1.610092035895551499e+00
4.940230892384295025e+00
8.997402817177789780e-01
4.476435739007321502e+00
1.846391818281297059e+00
4.465361157270265835e+00
2.511502427075301469e+00
2.380934499232623569e+00
2.082196162453550325e+00
1.883297547097906754e+00
3.142195981643626013e+00
2.751903557681072421e+00
3.322603254836943965e+00
5.492681056101837100e+00
2.934565120342581546e-01
3.621634367701519697e+00
3.453535191270172611e+00
5.264652254446199997e+00
1.733529577351647921e+00
1.478094599082652394e+00
1.007147427311469556e+00
3.138076660681273555e+00
2.846408859547898018e+00
9.569055798784669165e-01
6.508224583613758440e+00
3.366331870319136499e+00
2.881769976050143622e+00
1.977823301618688134e+00
8.798222275800846592e-01
4.416508852953250575e+00
9.251518572678650854e-01
1.286677007596940481e+00
5.017367865712677677e+00
1.376350735793258506e+00
5.886436776980265684e+00
1.010030043793968657e+00
1.945157467813598107e+00
2.281005648002195851e+00
2.673686527568836180e+00
1.863368685717520901e+00
7.569904176691729658e-01
3.358413403391265373e+00
1.672822306376233303e+00
9.493497899446626809e-01
7.407609065772560175e-01
2.688115420194885363e+00
3.328563995350196425e+00
1.437920168248226549e+00
2.165217108955256542e+00
2.206854503828959757e+00
1.963397441857004821e+00
8.103542071208426067e-01
8.058084457709566717e-01
1.749043080988851750e+00
3.289894445420657121e+00
2.337060882888228885e+00
2.701348324263691314e+00
1.397895504293456659e+00
1.389900173521422921e+00
4.381256660261523272e-01
1.553216720624925884e+00
3.432854229644171085e+00
2.958077897673474954e+00
2.181696890237334152e+00
2.141010190877027597e+00
1.343782851697926439e+00
2.955965331545971964e+00
2.362578724313430190e+00
4.288029055096878928e+00
5.742469463388512274e+00
4.820724720350061610e+00
1.789871712454437880e+00
1.892720911230730607e+00
5.450967217956955047e+00
1.361367953531699371e+00
1.140719636659063063e+00
3.393372583855534419e+00
5.591000626891026393e+00
4.262306139463773569e+00
2.167536418124286879e+00
3.911578026273077491e+00
4.411309909456883283e+00
1.983887043689707808e+00
1.304730341302969832e+00
3.284617058731204575e-01
1.597274848815667614e+00
9.638385958093063088e-01
1.309942913208586690e+00
3.698986658321398391e+00
5.053103951607570643e+00
5.899918220399561486e-01
2.452539367838099338e+00
5.007479364360265528e+00
1.955808606268455652e+00
1.064006415813941286e+00
4.215486547444397658e+00
4.871557249649706378e+00
1.701652630615436923e+00
1.884503034636567431e+00
1.328501879803301922e+00
4.888243591264050281e+00
4.907770162706354355e+00
9.495407710624866882e-01
1.884404204784478010e+00
2.593882028825945429e+00
5.090551023649199536e+00
1.837784373590658715e+00
3.315634625689628301e+00
6.255282479122333816e-01
9.192824440558915455e-01
1.677327213994686206e+00
1.301504271908105581e+00
9.964221812017682867e-01
3.705042415054758953e-01
3.099533680483269049e-01
4.544500952620054157e+00
5.526354533684624926e+00
1.943725527465162584e+00
3.352799429790163543e+00
2.294487805330855501e+00
4.014982316904802673e+00
6.918665177316356552e-01
2.913312149219725367e+00
1.231834737912829159e+00
6.914452190581179547e-01
1.652227228917236168e+00
2.045188468451414998e+00
2.618662869746785304e+00
3.014573648168376252e+00
1.982501820930979708e+00
1.422114459605019698e+00
5.261814620428479472e+00
4.540975558754460906e+00
1.711405415229797722e+00
1.331073994152975892e+00
3.488201528895767733e+00
5.893601380564088998e+00
3.955992087928060563e+00
4.929173643748052114e-01
7.136956988757873432e+00
1.429189104412606381e+00
3.943501329335415306e+00
4.138439934583748592e-01
4.871975659596173180e+00
2.392163861885848064e+00
2.226209695064373495e+00
1.378902097359784751e+00
8.429689921640231010e-01
2.648411657616271508e+00
3.464507007244573611e+00
2.151047923937242423e+00
1.850810777507251537e+00
2.529194662033583008e+00
4.682354606019317522e+00
1.953087640179777873e+00
3.471872487917351702e+00
3.841692801518213685e+00
1.635354095387818507e+00
4.307695140313790638e+00
8.471518719600491520e-01
3.907427351763622436e+00
2.241664867550300144e+00
3.446398483827843306e-01
3.182624536726551767e+00
2.000105346659489136e+00
3.368294159256887355e+00
5.103967987909822313e+00
5.549683050704652842e+00
3.934345303310695652e+00
5.476561095176950555e-01
2.335637524665801212e+00
1.956291563656553878e+00
1.885343472751475069e+00
2.972113025645166662e+00
1.335726925080536809e+00
4.135385217545326952e+00
4.942158404312425368e+00
3.513389951072085626e+00
1.363939848448818548e+00
1.815391507319832121e+00
5.418922308652471820e+00
1.012968064423044767e+00
2.936837115141100352e+00
2.195993059700100947e+00
2.937979228301426993e+00
1.012265763442090849e+00
1.852238287426144936e+00
1.140726854118039091e+00
3.048744911558201931e+00
1.826822757949808862e+00
2.133667365846012132e+00
1.295895874424676908e+00
4.871767166406077987e-01
2.149400420347283180e+00
2.298805480781020538e+00
5.276642131532675029e-01
1.425511716214161062e+00
1.376793980731274569e+00
4.425990914567003109e+00
3.780564105569145017e+00
5.518240454904317360e+00
3.427172645589582789e+00
8.092929650023130250e+00
4.569671849365784411e+00
9.018293648832845788e-01
1.136866303253335042e+00
2.662706173137724619e+00
2.746822238962919105e+00
3.279843177250220787e+00
2.640759383089080981e+00
4.775372049706856359e+00
4.338112490288644985e+00
6.495351272965428358e+00
1.639746982861026714e+00
1.621158785366082711e+00
1.558066589391484236e+00
5.758702153235369936e-01
2.068875964015295388e+00
6.273336909600892852e+00
1.567519026987573394e+00
1.380771726747020534e+00
8.590226455245829618e-01
1.821756241044600211e+00
3.189087414908282625e+00
2.935277727832892758e+00
2.637576939592185088e+00
1.423317484026248136e+00
8.320500676270009555e-01
1.971235519519795254e+00
3.845807645088395343e+00
2.304032601717623585e+00
4.906761919565775787e-01
2.255270635604659901e+00
2.761559736193005765e+00
5.553469805629635658e+00
1.470926679320452735e+00
7.920971303479844572e-01
2.190139464791570845e+00
4.734088868092740654e-01
2.192287696218005344e+00
1.428258061957215608e+00
2.489986699166742756e+00
6.957061691193890951e-01
5.791243861223987821e+00
1.204236061984272466e+00
1.209837019901583410e+01
1.934731294669413737e+00
2.260605650994208293e+00
1.066895859891366705e+00
3.376340523637378688e+00
5.584036537865746830e+00
1.269967391286929592e+00
2.238874551018576575e+00
3.943527896468297822e+00
4.316290032168176083e+00
7.717657385531971892e-01
1.718437328513761297e+00
6.979619115130941687e-01
5.280607035963521767e+00
4.245896008264685051e+00
3.263318358969680588e+00
2.422614787175689788e+00
2.465513238467278878e+00
2.832644081205512254e+00
5.482262459775454566e+00
5.544511479841798263e+00
2.707626791843154468e+00
4.205359877333187058e+00
1.315398644095142400e+00
3.473844061579365317e+00
2.351276096061349463e+00
4.710537850811883587e+00
2.853953939182098054e+00
1.997985372512407043e+00
6.241961502473748480e-01
8.658638450516481511e-01
1.873133294278398253e+00
1.449912862784795253e+00
5.193801802049288874e+00
2.320484084288137794e+00
2.847551701342927011e+00
5.107709154181272027e+00
2.179582148891681115e+00
3.582968019728806297e+00
2.072634926995759130e+00
1.647046460122010059e+00
1.862604526519875625e+00
2.501202669709786885e+00
1.360034433441423829e+00
3.035984452433445835e+00
4.284131712565881323e+00
2.469170582413856341e+00
8.260928738881325728e-01
7.631470877608925729e-01
3.866719696866508293e+00
4.547682556083668004e+00
3.318923909191601851e+00
4.651643032181439708e+00
5.446971141359855828e+00
4.377913802267225485e+00
1.322547808232770628e+00
3.022881674973775912e+00
1.573413824988019405e+00
2.199463046398179689e+00
1.453627901297527281e+00
2.828823842457350857e+00
4.700495046492453532e+00
3.760960669440376769e+00
2.473608527710422944e+00
2.464358610907767755e+00
2.251465611515825582e+00
4.405517030693311131e-01
2.182831883551478835e+00
9.911529723640299494e+00
6.456013353403371458e-01
4.842365977597494542e+00
1.212032883492501689e+01
1.082661454861610029e+00
4.568445764554221356e+00
3.091785801686520063e+00
3.257127699824729383e+00
1.272272772097451154e+00
1.365056715964878320e+00
3.896606864257116776e+00
8.960035662919080268e-01
1.924461251507253223e+00
1.446586669813205495e+00
6.043311856515431124e+00
8.610369606888046423e-01
3.204867722568723654e+00
6.111878329594503612e+00
9.857089479236967877e-01
1.505991184044800812e+00
9.867670944597534133e-01
8.566858943949086092e-01
2.535130862374576299e+00
2.278842392005574702e+00
1.317491307453571237e+00
6.954900230931704286e+00
2.191898993997074108e+00
1.017018651725228873e+00
7.440344321690935958e-01
3.343077895070049710e+00
2.632558915751528783e+00
2.531940392727299205e+00
4.241457482036055660e-01
2.044256167446475647e+00
5.332405427754115301e+00
1.383693087015363865e+00
3.262565344806477086e+00
1.796442739330247118e+00
2.588950444105600379e+00
1.893545062872814322e+00
4.875644552273360688e+00
3.852316636784751669e+00
3.658875364187614831e+00
5.403217561779889877e+00
4.920272236133440558e+00
1.866747908684910584e+00
1.836858009282900106e+00
1.669189359299456443e+00
6.332725367548541762e+00
6.040005986499999757e+00
3.848568618885697568e+00
2.178012491187440780e+00
3.043129297677683365e+00
3.722762080733916346e+00
1.011092315225924132e+00
2.964580310143748232e+00
9.156653610859945003e-01
2.120492724187871048e+00
4.350086651254715164e+00
2.611080938092622095e+00
9.979858964110190911e-01
6.056227552599201758e+00
1.782932403689222900e+00
2.118222116371895947e+00
1.227484442687171828e+00
1.000722897969455349e+00
1.060771831022472078e+00
7.930700539567425711e-01
2.706080640772930757e+00
1.856719251815010185e+00
1.467283845052972380e+00
3.163458799776876607e+00
1.901047637342281105e+00
6.051528563926662052e+00
1.851300372453149823e+00
9.423193218043378394e+00
1.867998677981018041e+00
3.623157665413034412e+00
2.641244451562480222e+00
5.646398165981906914e+00
1.555454103735537830e+00
9.038318379681170578e-01
2.781155328785525516e+00
7.039472121308480990e-01
2.278417463034065893e-01
1.417448276045638167e+00
1.513415568339366857e+00
1.886852515446984402e+00
6.802644554193426618e-01
2.300416009473526646e+00
3.696591337165524127e+00
2.009508359281046097e+00
1.446120902910522199e+00
2.990434723031705211e-01
8.542599094928552406e-01
1.838950804711309006e+00
5.429069018249067513e-01
5.248019722481732430e+00
4.738342833286444566e+00
2.453432280379789887e+00
1.211831160576337219e+00
1.117857123257932628e+00
7.888940124479568716e-01
2.640800696571703021e+00
1.799411347365342584e+00
4.710613453378357462e+00
2.621756712059975403e+00
2.752189304937176395e+00
3.232239983080209544e-01
2.209697001288639218e+00
2.422248140623045387e+00
3.590202546880724377e+00
8.127369904650365573e-01
1.539130102796552491e+00
1.839408167218157031e+00
1.349343468384024192e+00
7.034721558114408246e+00
1.416051735448983218e+00
1.724731572583229511e+00
3.265157331747806424e+00
9.760051343762653486e-01
4.516427017336964056e+00
2.433202342828656661e+00
1.761216235055100165e+00
4.706224638274685290e+00
6.901736788783082721e-01
4.725073517499950526e+00
1.949252716658222306e+00
2.300417207672124764e+00
5.998434817712928746e-01
4.760360918372176009e+00
3.067016274072542181e+00
2.437626635577649914e+00
6.854867120929674762e+00
3.067236534364039535e+00
1.233695210257407249e+00
2.019134605152638429e+00
5.659206053949630721e+00
3.755822871772102722e+00
2.691462162166919025e+00
5.243088871529680617e+00
2.428028997112991583e+00
2.021950067091563330e+00
4.283361830878980037e+00
2.424642727077746862e+00
4.636363182736224609e+00
2.415840165470855005e+00
2.481160629045670252e+00
1.017975684869511399e+00
2.732820697391282305e+00
2.043667981961401647e+00
3.804199275718166184e+00
9.156875501240451243e-01
2.128072247334137135e+00
9.090549735675009790e-01
5.376957806689430797e+00
4.716150078565900294e+00
1.837929811876953590e+00
5.897465985680701017e+00
3.810703948588596290e+00
1.925317008633253613e+00
5.002805630272043835e+00
1.026635712973214654e+00
1.755299609360303936e+00
2.987715462317860116e+00
3.748351410060600131e+00
7.695610697984617277e-01
1.614510422105127851e+00
1.654803834777619498e+00
2.708172670029937112e+00
2.568671564548348218e+00
4.293884712084701682e+00
2.769118596688998402e+00
2.029328338686693822e+00
3.153273278636421040e+00
1.062322262038414955e+00
1.460618924819318210e+00
2.541606368424553231e-01
2.447006263432482953e+00
1.337643327123940740e+00
6.014006066632951786e+00
4.907889994144044365e+00
4.463174677052058059e-01
3.839635620778693248e+00
2.432970936883268820e+00
1.574797769059688601e+00
2.697134542033102100e+00
3.199135423796433120e+00
9.083328866019930725e-01
2.925502558299142741e+00
5.842350972424070754e+00
4.121479267646353861e+00
2.228127397863994830e+00
2.318202127460975870e+00
1.157455200832237630e+00
5.871970166811492753e+00
2.687473399564746845e+00
4.067644420427178886e-01
1.031709328731600372e+00
2.701499561945368555e+00
6.183879319965882360e+00
1.924718158605349227e+00
6.563596252087345873e-01
6.159095014877044250e+00
4.909749533861507587e+00
5.046663546168201897e+00
1.026256360704919546e+00
4.323361747566429325e-01
3.915631194057784814e+00
5.112553983407799318e-01
1.511465869517657046e+00
1.180137916169243795e+00
5.358645102236390123e+00
5.276306019813724824e+00
2.547804936235378737e+00
5.249480163914576281e+00
3.631499565119256978e+00
1.352785767444194098e+00
1.572000483762750145e+00
2.252139405838165409e+00
1.448116430844734515e+00
7.243392783372525345e-01
1.393701690923768943e+00
4.799557864017997666e+00
2.237486673995869868e+00
2.008004531238404056e+00
1.867470956660615800e+00
1.280540309949040223e+00
4.424593856544553616e-01
5.390279664645956537e+00
1.489892636314622987e+00
2.020800895137710551e+00
2.081436352930152278e+00
2.451549854698579001e+00
7.507605697515442600e-01
3.424311326566974234e+00
1.414859318863033399e+00
1.460214313554967891e+00
2.050232345222060104e+00
3.046937754517647257e+00
5.957626732976199158e+00
1.134754502804538268e+00
3.698233802071245524e+00
4.451447804742259429e+00
4.394022243605327560e+00
2.698975408947704047e+00
1.152090226271112128e+00
1.797710113210241767e+00
8.614595378260936354e-01
3.379370915368423045e+00
4.188828185922773839e-01
1.842257653542457296e+00
1.546259096767973018e+00
3.105860027905359200e+00
5.137906787245156259e+00
2.199334187741661673e+00
2.995311129518170912e+00
3.708321956516816620e+00
6.069654562070013526e+00
1.740574852591300958e+00
1.300667157505141613e+00
2.298336141622882689e+00
6.805866226902380633e-01
7.236887260448529036e-01
6.970540005850244247e-01
1.973842066643372029e+00
4.725354057023757548e+00
4.744914937761303797e+00
1.669754651159868208e+00
3.637295635969970853e+00
2.623352085312511406e+00
2.846842725801560281e+00
8.292835339289459373e-01
1.186348810594885839e+00
9.639434152461440197e-01
4.834367809438335328e+00
1.150776818061207019e+00
2.364225608550647006e+00
1.843069535492367850e+00
1.835930046015289197e+00
1.675459954198367685e+00
3.525386404137988983e+00
5.466195528327013164e+00
2.847444047390926158e+00
1.197505923016588314e+00
2.055305072859459070e+00
1.199300689912230267e+00
4.026454651926385075e+00
5.750643054510364394e+00
4.246149944393081022e+00
3.699882153422129338e+00
2.019943420076454998e+00
1.408886747320269972e+00
1.813481913502208220e+00
1.175874282626480083e+00
3.925765371668739623e-01
2.320335430828886825e+00
3.930344016246254402e+00
2.018503501041903903e+00
2.448141410668865259e+00
4.707406124771218892e+00
3.255622435576691398e+00
5.307689319365220371e+00
1.767644053272933613e+00
2.593387653296880480e+00
5.636364941913660331e+00
5.977869097655967856e+00
4.285310098241104981e+00
1.057459168664123927e+00
1.770505768760231247e+00
8.372766776682252221e-01
3.011795074162079811e+00
2.828175660710539940e+00
1.703918575583118544e+00
2.549216545321014049e+00
5.017769732423332130e+00
3.850956464543384694e+00
3.282383894168083405e+00
4.462980633235844152e+00
2.311221509728692780e+00
5.949566943512574646e+00
9.595933092671128373e-01
3.054407464724713694e+00
3.606396467701838304e+00
3.023312889978207352e+00
2.149057152182526131e+00
1.114106880312450087e+00
2.201847293314585841e+00
2.625548376782475213e+00
1.739693957641844424e+00
2.085312618455679612e+00
1.008991029042187959e+00
3.624159120279118795e+00
2.123873993644420644e+00
6.417297414551715207e+00
1.171883173153223767e+00
1.289339789859660801e+00
3.731148591598148823e+00
1.406219151352532393e-01
7.961689668026311617e-01
4.166096114306706788e+00
5.373335301344216219e+00
4.365795321468000090e+00
7.214699598345178932e-01
1.760396817145070569e+00
2.067940402212352424e+00
1.755088761110210394e+00
4.426728261668627873e+00
4.558235167289122813e+00
1.450101301506631080e+00
2.617039965032504689e+00
6.793580178647216528e+00
1.548731545206968541e+00
1.099781297892099552e+00
2.798655122670856699e+00
7.560228936006819778e-01
1.441671981719681250e+00
1.061767880066030623e+00
2.182971483752686570e+00
6.991039123535691679e+00
2.346216579811246206e+00
4.354250391450531055e+00
2.587923387596351432e+00
1.508983271747876387e+00
3.938921722667392711e+00
3.310096358705641451e-01
4.810188959074801041e+00
5.083418089903755099e-01
2.538123631625270438e+00
1.726864153709742444e+00
7.052800124916238644e+00
4.748669838251176500e+00
1.366348919703820108e+00
8.664038475075843682e-01
7.908096418491713742e+00
1.947255892371467345e+00
3.160098680565055496e+00
4.265133441853762086e+00
5.277814120066324222e+00
1.292116609175245623e+00
5.257277358720886085e+00
5.777249795269414179e+00
5.967261849047886813e+00
2.667989639031244309e+00
1.971891286957098366e+00
2.107084536751226533e+00
5.357282531299066619e+00
3.778763437113120904e+00
3.436639544444181293e+00
3.069789416292958428e+00
7.383764384630639555e+00
2.221709513641127121e+00
4.196234256408820862e+00
1.572898415662491223e+00
1.305772468951100107e+00
1.012238659694040255e+00
5.055334159446839282e-01
1.656913351700411763e+00
2.935962065317207159e+00
1.540595123231437436e+00
4.402194742383636950e+00
5.276722393554131862e+00
1.335950776475564927e+00
1.977085406962979075e+00
1.978070699680398725e+00
2.867796788495183602e+00
1.248139179081502848e+00
2.897386399276049573e+00
2.315037029205158525e+00
3.980110349230692179e-01
3.092660695772755819e+00
1.460448433322764750e+00
2.516752099863954761e+00
1.995541646269703984e+00
2.406780025401982215e+00
1.154594001326844532e+00
1.129710918506078965e+00
2.076550551921013898e+00
2.464158846476828035e+00
1.712638484980073095e+00
4.042112929962543788e+00
4.506579456984006526e+00
4.295460237060313879e+00
5.828361315141426857e+00
8.704380015296699913e-01
7.071015412816037404e+00
1.967339815098299471e+00
4.204787725248266383e+00
1.324557630505883932e+00
3.757477829102628064e+00
7.264187484084427826e-01
1.867421987998142408e+00
5.926716691162000394e+00
1.407585592048441026e+00
4.173680805072948807e+00
1.919359434316931345e+00
3.741520040853208329e+00
5.157068307014115449e-01
2.818237795011856228e+00
4.730980164459839266e+00
1.946646057213084813e+00
1.622996184797541597e+00
2.132918550343968711e+00
2.361548763185023159e+00
3.811398866501298333e+00
1.346545534267224120e+00
1.949990680468370652e+00
4.596516549986660038e+00
1.860445021717873182e+00
1.262707632628035315e+00
9.266866573167312771e-01
3.180492731845227516e-01
1.247077472124107578e+00
2.759314934642556505e+00
1.558508378077934298e+00
6.635151800442494974e+00
2.292114537086897386e+00
2.822605257320457639e+00
8.601385310120505112e-01
1.027316909878709605e+00
4.250015370954832505e+00
4.051935937879794558e+00
6.468483042426390384e+00
1.699510480449333061e+00
2.129520650861879361e+00
7.562317514605479962e-01
1.408741395839045785e+00
9.844930742271011948e-01
5.596415786395488645e+00
3.407835719145080322e+00
3.220504959661904198e+00
3.350797064813193504e+00
1.817345909588107933e+00
1.586011458444402500e+00
1.072634726048040887e+00
4.467261010966934620e+00
6.295350177289817495e+00
3.195836576651035266e+00
2.842540523491624338e+00
3.380488489097151827e+00
5.042094553984967753e+00
1.557574101551184365e+00
2.391181032968668241e+00
7.660504690827795171e-01
5.110241728888106572e+00
2.251207973940295481e+00
1.952872574533195627e+00
3.080864039767559071e+00
1.482355716081320329e+00
4.183751833243304574e+00
3.615266493506859913e+00
9.689507344891831186e-01
5.776950108783156956e+00
5.847899648042985454e+00
1.779817024513445256e+00
9.167302195835771439e-01
3.930892320330194312e-01
1.302637539900334263e+00
6.661652164109082008e-01
2.028884895704674118e+00
3.453962920085182908e+00
3.625587613911793294e+00
3.138023844349707936e+00
4.988505746135254881e+00
2.856953378663546150e+00
2.209469402302964625e+00
5.124065489651401073e+00
4.695402471265012423e+00
3.769563525639519908e-01
3.896115021865051542e+00
1.282463780644438556e+00
4.705414994542057805e+00
5.736319736889868182e+00
4.654139363841836463e+00
9.738987159098119406e+00
2.416817467596176439e+00
1.421078273447715423e+00
4.649339641293017245e+00
3.825376427885210928e-01
3.583035485828149458e+00
2.082165198873789258e+00
3.543079152871467574e+00
4.873848055960030123e+00
4.017450432707367014e+00
2.364761854595212931e+00
5.006748311364808579e+00
5.846686994887920763e-01
9.668591216501479790e-01
2.055307243535247519e+00
7.604517353579680616e+00
1.007954656121483605e+00
4.584101041874883542e+00
9.143593870406294677e-01
1.760917960839551766e+00
2.443815624631888728e+00
6.150424551370877069e+00
3.946062930430887850e+00
2.045462149868259694e+00
1.253875307311301146e+00
2.133576334353179949e+00
7.509941612541890521e+00
4.759556324290204365e+00
1.014645826978628929e+00
1.593287705507589580e+00
4.546452135399227323e+00
5.252815845703787012e+00
5.856548473224644447e+00
1.862169423204742991e+00
3.763950670260384435e+00
2.532264754768055681e+00
1.129320646074332135e+00
2.367310722694309977e+00
5.279846904417981435e+00
6.745185857426799991e+00
1.458148099436344491e+00
1.959193937450724787e+00
1.440890532277107949e+00
3.646608428504398702e+00
3.064434153346505152e+00
7.024063661460027141e-01
2.650268625745224149e+00
1.580650148113171172e+00
2.004101614134304210e+00
7.387071096909081369e-01
6.323430995982506353e-01
4.476719258208746943e+00
3.074103641018883781e+00
3.578129722724984862e+00
9.666088752922864513e-01
2.151147450037455666e+00
4.064591053540392629e+00
3.388406192760429203e+00
7.089858447336526703e-01
1.968835569302369137e+00
1.522513434805320642e+00
2.120483897176335120e+00
8.525758699899673720e-01
4.429346036762239258e+00
4.758405994804728145e+00
1.068306498397549875e+00
1.964855700344486200e+00
2.169881945188657291e+00
2.460384429181471599e+00
2.932650618675665122e+00
4.745491095283730587e+00
2.399201519238214342e+00
9.647766883306840846e-01
1.450699872281784986e+00
4.802939349105445288e+00
3.715423621269809296e+00
2.418521068040423216e+00
1.896852700703635319e+00
2.117088423670350217e+00
1.359570878935783877e+00
3.563034707116538247e+00
1.615268076179973367e+00
3.918794329831194467e+00
3.381646556313556484e+00
4.002987970641771476e+00
1.849574269333826626e+00
2.889858852033226455e+00
2.698478205082560866e+00
1.403799178519974600e+00
4.726566309454823589e+00
3.165582534324906105e-01
6.212669628269962274e-01
1.022266339690885539e+00
1.642595742411339543e+00
4.948516636678319536e+00
2.742773634022916962e+00
1.204832420515860480e+00
1.115391186684609348e+00
1.906078449243842732e+00
3.586974199103952543e+00
1.405593851953480744e+00
2.072887715674439413e+00
1.247892128254191713e+00
3.539431873614238722e+00
2.772464326045534833e+00
4.084584955826272790e+00
2.659197179810302902e+00
1.384596718513662728e+00
2.223631854640286676e+00
3.613384738070922975e+00
2.218927759783463127e+00
2.252786254622520801e+00
4.761651659815719029e+00
5.825505382492995210e+00
7.267703257361133318e-01
2.589663627974960747e+00
1.882974391441177620e+00
2.584772978122898301e+00
2.962518737667461544e+00
2.308792823700665409e+00
1.332528361419561103e+00
1.198670005888552215e+00
3.773683722959932485e+00
7.297174978227626285e-01
2.066306740434882272e+00
3.108683622875934027e+00
1.633360149643495518e+00
5.946132580057764905e+00
3.994136071802645738e+00
1.571747683920022398e+00
3.174473243837908409e+00
1.163657912911015613e+00
1.055865418046123327e+00
2.236884704191192341e+00
1.514167552197065669e+00
4.700375396508460923e+00
6.282831837359698079e-01
2.163882873361413495e+00
3.198682130664491474e+00
1.868394583287872557e+00
4.169890788020157446e-01
3.525965102977433929e+00
1.337532362089035143e+00
1.962143457582554040e+00
3.068052913102004009e-01
2.286515881904622294e+00
6.304340999586399708e-01
1.217708434916525695e+00
1.750478846856530435e+00
7.978504722195186583e-01
3.119536068570918808e+00
2.507332495190087052e+00
1.917626600052674268e+00
2.589047301865361916e+00
1.245504570771524211e+00
3.729199010545324544e+00
5.879285237458553581e+00
4.942026794392396782e-01
8.155841537629900939e-01
9.511964748694319294e-01
4.587688783943780990e+00
7.754453650278713139e-01
8.271501450843115055e-01
2.232689887156675823e+00
4.574378390175658282e+00
2.626592903555079239e+00
1.081437253301927637e+00
1.818324608280397214e+00
4.119524794369777254e+00
1.858052060414615569e+00
2.289357120173857396e+00
1.336995638299981692e+00
1.398542497269701368e+00
2.970305078980252311e+00
7.435140174739313101e-01
2.681672006600608338e+00
2.873115873993199454e+00
4.388944693961019716e+00
4.051552697861958485e+00
5.836722026829638255e-01
3.874677687293081707e+00
5.432151665119680395e+00
5.779813691552149635e+00
1.832155494490860681e+00
1.421480403544396864e+00
3.418182408226927649e+00
1.282617667489102997e+00
3.894002240963761352e+00
1.021767752377485294e+00
7.398593645514992545e+00
1.547659996297296114e+00
3.125481492271325656e+00
7.822527616751178137e-01
1.066799056617255381e+00
3.165051868391596024e+00
2.625181028190386900e+00
1.928982744133345362e+00
4.608442258366170385e+00
1.147240079464102003e+00
1.851068198224998351e+00
1.065774099392613916e+00
3.751711822856661716e+00
1.642943321059893824e+00
2.723748481321520476e+00
3.596981734947379383e+00
3.968263022208082802e+00
6.728243365198074422e-01
1.963873114901063976e+00
2.998431930636971554e+00
4.339878724739743454e+00
1.706811826072193394e+00
2.276412740452256056e+00
1.125855514283812919e+00
1.612350630285157349e+00
1.859629261934331979e+00
1.186803897437144206e+00
2.731997941275108310e+00
1.944601709337332673e+00
3.110688149520973944e+00
4.744848559927294041e+00
1.467098680749589823e+00
8.193293918333393933e+00
5.768242171449555755e-01
4.341781882275182802e+00
2.076701253416547654e+00
1.362279173512066732e+00
2.890890964632013116e+00
1.743168930871616729e+00
5.609157784197636998e-01
2.562030037209929390e+00
5.615083110893790419e-01
3.557574358842822804e+00
4.058689822826940130e+00
2.234065201752049035e+00
1.672878397688774887e+00
1.721414478781476687e+00
4.357893394593935987e+00
1.234131387435343230e+00
1.644344594101892598e+00
4.135642900292466173e+00
3.213668434824852760e+00
5.349969918987732775e+00
1.501332241409281121e+00
3.638034447162266538e+00
4.846837735507508071e+00
5.136283744290906839e+00
2.591821119996639222e+00
7.113698157762049501e-01
1.308906231831835854e+00
6.283960424464203776e+00
2.326459980553959639e+00
2.069433229677833719e+00
2.045526953602815112e+00
4.697851405424182669e-01
5.691210926145743976e+00
1.764250661496634454e+00
3.366456233763225114e+00
1.040470913386246643e+00
5.544864731063928076e+00
4.016159495215504194e+00
2.052542090953102250e+00
1.622674182826247646e+00
2.186998675318947871e+00
3.380850105021615981e+00
1.975812196167421320e+00
5.054354258723195770e+00
2.164908690633507327e+00
2.064681895242072240e+00
2.186494685595621601e-01
1.841688467904807780e+00
1.839389887243884525e+00
8.490612453868477516e+00
5.062418219238459471e+00
7.020794784503931574e+00
4.865443150587585031e+00
4.001043553501805405e+00
4.117037351628788366e-01
4.916909551668855904e+00
3.086028973084426585e+00
1.362622216787567453e+00
1.825138213571381840e+00
9.660414264793483197e-01
1.210236664236243209e+00
2.124573222594388078e+00
1.578038065394142819e+00
1.369809470397583606e+00
5.254465868554868635e+00
1.674535984252010445e+00
3.725190406127018239e+00
4.199774221191934664e+00
3.332202309013740038e+00
8.375123273603627405e-01
3.885244075679666231e+00
9.421642097649907122e-01
1.141920698053370486e+01
6.147080215025056305e+00
1.861780472778448825e+00
3.426931384135948555e+00
3.043878544724915258e+00
3.783625843368600972e+00
5.441988325073623400e-01
1.692050325523072773e+00
3.859399498878511192e+00
1.262899924422747899e+00
1.441818003761743183e+00
2.091918568005007195e+00
5.351190762569533632e+00
4.536060311509510612e+00
8.311633541682894588e-01
4.707362700171595193e+00
3.794222125613478713e+00
3.306018708486608837e+00
1.378855593886618713e+00
3.797144859645622095e+00
3.031186440760274881e+00
2.718777682024748010e+00
1.978616515291938827e+00
1.802511947724368735e+00
6.376339879926168352e-01
2.533278230780559248e+00
1.436643955199860878e+00
1.504029946840516052e+00
1.535592494252650209e+00
6.641068571476708149e-01
3.480365071846281300e+00
7.229626965082901480e-01
1.314297564794410400e+00
2.078878394044519240e+00
8.016006153808844514e-01
4.913847091309344606e+00
7.584570789668219071e-01
7.378084131498527931e-01
3.916644055816408176e+00
4.461553698047277194e+00
2.628687656818256446e+00
3.047566019146168426e+00
2.567656159722006226e+00
2.306689522359665734e+00
4.125734609878993098e+00
5.599983392189755271e+00
5.811200605099849703e+00
7.873748878852343536e-01
2.144907226039467929e+00
5.021916297289925168e+00
2.626522810094927607e+00
2.111341756630747302e+00
5.264339781824320497e+00
2.341847940768519543e+00
5.504511563826495646e+00
4.431578974764890155e+00
2.820997973840567941e+00
1.718265172843830957e+00
5.468930845570302957e+00
4.276760425749471795e-01
1.245148090475473257e+00
1.082970729142415767e+00
7.467792344575976848e+00
1.191534352125729113e+00
6.946042279080766768e+00
5.460476931105540110e+00
2.777213058146291935e+00
3.515897156403389179e+00
5.086600645727037406e-01
1.044895325115867912e+00
4.038857949911019318e+00
3.993789800854011141e+00
2.822564069245588225e+00
2.617969751085743813e+00
1.959462643746729071e+00
1.572398458502826557e+00
2.864130648428792281e+00
8.089675417474290198e-01
3.088538026275294612e+00
2.488961785158774642e+00
1.884523205554460734e+00
9.675909415551104953e-01
2.615988138765133808e+00
7.233445328832405208e-01
3.037868317339640800e+00
3.080936533323031412e+00
2.784297216731942637e+00
7.642920067106565574e-01
1.189183913815421656e+00
2.169537425506519401e+00
1.589203569675313732e+00
1.736065263654187119e+00
2.426508175966478831e+00
3.784389660275955247e+00
7.711567159451071518e-01
8.509366908065638668e-01
2.371418557555629913e+00
3.318262101059431757e+00
4.898671273526390202e+00
1.250191862126516007e+00
1.780702395487225420e+00
1.424093394545276281e+00
1.663291706607213261e+00
1.405340187424539922e+00
3.131783288967716405e+00
3.521602005522376011e+00
1.113995952325985028e+00
6.700073846665792754e-01
3.514690475409891768e+00
1.161357613849556270e+00
3.524493586092128261e+00
1.998836978147251031e+00
3.906751892783673963e+00
9.950310963892965432e-01
2.340736524177442490e+00
3.717464371574141335e+00
3.929058184489791827e+00
2.556695165900977340e+00
2.297609132657195463e+00
1.263135361407722090e+00
4.192342702817366096e+00
1.149529787449643514e+00
4.164521859129911796e+00
3.372738842918737157e-01
9.641110182197635270e-01
2.103254491878719712e+00
3.543327364720554762e+00
1.335505399147788541e+00
2.176780474433151369e+00
6.815063091822811003e+00
9.275175338370474920e-01
1.884737703783542440e+00
3.115535274082595674e+00
2.200399276414152450e+00
3.067147996330007675e+00
1.729840249386140894e+00
1.501361339467685241e+00
4.915675822015019847e+00
4.120384507922705275e+00
1.788345562763874907e+00
5.663515908305984503e+00
2.083925318729280995e+00
1.379110868428747194e+00
2.653801076896157962e+00
1.157617799716998741e+00
4.048319914176080836e+00
9.979987975834674341e-01
1.381401572089160812e+00
2.619528203481193085e+00
6.703297646439965618e+00
5.429517295243959651e+00
6.560154231143919823e+00
4.607504243230789776e+00
1.711224548613154317e+00
2.567931406608867206e+00
7.152141504623502621e-01
8.190097412627653783e-01
1.015458938438264180e+00
5.553547715038381405e+00
5.518858585939214301e+00
8.236333508207582810e-01
1.174795349172426340e+00
1.414689645615978542e+00
5.215771183235250463e-01
2.337562425133024480e+00
1.128752764972628109e+00
3.624104188949736738e+00
4.341012320781538314e+00
2.109634822638759122e+00
3.855219758986348833e+00
7.261429803927177407e-01
3.903271008756880711e+00
5.124496878059282778e+00
1.377997797626057119e+00
2.257112474199842289e+00
4.799815228980671478e+00
1.662449125054126897e+00
5.577080685515376501e+00
7.609061453740646463e-01
7.251197848390413814e-01
1.871914419899246340e+00
2.291951298185487484e+00
1.066313635456421327e+00
3.536947406141503603e+00
1.423059139796773120e+00
3.116374363956478710e+00
3.682295699772824893e+00
3.829276690091353963e+00
5.489299124214945813e+00
3.279831467247070087e+00
1.607553906311036007e+00
2.394934755540916616e+00
1.244873824017367347e+00
4.329700054947501542e+00
1.514108983416145415e+00
3.992122227298386061e+00
1.709486252669605966e+00
3.651276652200571293e-01
2.346527553157639279e+00
1.859175597403983193e+00
3.924097143567810697e+00
3.272201102853466104e+00
9.719901866104547761e-01
2.046151092639652891e+00
5.287554253577563257e-01
2.953844836073453273e+00
1.223591038227220373e+00
2.112011418941306395e+00
9.531271471059231670e-01
4.143784997327666808e+00
2.635886252284421527e+00
1.349544920393226821e+00
5.264983462309023032e+00
3.523628585355337961e+00
7.504894449510459697e-01
1.627143002170182706e+00
5.160686024918178738e+00
2.258379896610319015e+00
1.457398570275576066e+00
3.507865344043309408e-01
7.155411827742342190e+00
6.683989453581712370e-01
1.101848088562693784e+00
1.355140767468893337e+00
1.123525522554070122e+00
2.797560095667368518e+00
2.396407966842394544e+00
3.192294539310079671e+00
1.674120512030115471e+00
3.825574050892850853e+00
3.650361120938481641e+00
1.469930954299512260e+00
2.497438153092859103e+00
3.275498495564127754e+00
1.232209105187968889e+00
9.804962202809349714e-01
3.061225552227264668e+00
2.127144098534947680e+00
2.662013162556845725e+00
1.219362017376098839e+00
5.633204700995057657e+00
1.338222083810518104e+00
7.006143489293313875e-01
7.123818519037815600e-01
2.420122200959297754e+00
1.009917669961716724e+00
6.375673080118930969e+00
1.239213436249362976e+00
2.549521223244424206e+00
3.930774632267084012e+00
2.667931000891767823e+00
2.341993872972418789e+00
1.788946252271301773e+00
8.630082625995262324e-01
2.941917741403712316e+00
9.111553673464528602e-01
3.345386061266720112e+00
1.608272719252431981e+00
6.419490024846499665e+00
7.786541782337869089e-01
2.168158151217172591e+00
1.427922599292168915e+00
1.062418103461276186e-01
6.519233285371491604e+00
3.271237989262588686e-01
7.024441363902572677e-01
6.012009155872797272e+00
2.703902021613628470e+00
2.390497091683451369e+00
1.177911402948921049e+00
1.834042988392317941e+00
5.646288972356952485e+00
3.913181362951640985e+00
1.766001775151275099e+00
1.767114973449491755e+00
1.197928952583670936e+00
2.090330451578199522e+00
4.491853494208736031e+00
6.650472101970258620e+00
1.060899033689999493e+00
4.378930063077999257e+00
6.772017800557457168e-01
1.227628108940548302e+00
1.686211984857618473e+00
3.984790462970251745e+00
1.877027706518745065e+00
1.384741863758024216e+00
2.249542025413391322e+00
2.624546983161911040e+00
1.424643033089516120e+00
8.188538629691417547e-01
9.290296145615617451e-01
1.625156367074530595e+00
3.629604244463453533e+00
2.745030780961266181e+00
4.801680203175049400e+00
3.665978530626211818e+00
4.762299188413032347e+00
2.267406700792741425e+00
4.113300017042095469e+00
2.077836701938487796e+00
4.323911289417558201e+00
1.866867737503715485e+00
4.301072044907218839e+00
2.033038578332518664e+00
4.433679124106511438e+00
1.503542599971926297e+00
3.506700900177205149e+00
1.322536041886919866e+00
1.678838132847736642e+00
1.588671642590490984e+00
1.573463713346552995e+00
7.071519495816737333e+00
3.033071548937561701e+00
1.691835834194185262e+00
3.589552498585214746e+00
3.709250111819526019e+00
4.405428052084428003e+00
1.528883931533077556e+00
1.770176382795771275e+00
1.710744744559488106e+00
9.369403519799092139e-01
3.972247043137999256e+00
8.565521716654671991e+00
1.955272893280195046e+00
9.585233260366385011e+00
2.647948657830006880e+00
1.382807696285555110e+00
1.819151671128211412e+00
2.741896513289534987e+00
4.838220738159222378e+00
1.080907360497303404e+00
5.153157451480691043e-01
1.689536946027885067e+00
3.905421851792545418e+00
1.521327534026057471e+00
1.755552546716641737e+00
1.592531831690231270e+00
1.711728701751486836e+00
2.747654342153092788e+00
2.532797148115620622e+00
3.106639647687004846e+00
1.690104797622680177e+00
2.450820931668701519e+00
3.076036038951995621e+00
5.000687265337898424e+00
4.581918183557315283e-01
5.243538550874229820e+00
5.103967177636606900e-01
2.226566692926160052e+00
1.794294048977519207e+00
4.420215111069858871e+00
3.812729362543073819e+00
2.020579490273995749e+00
1.674852133138459598e+00
1.725264572253596196e+00
3.021820001330474348e+00
4.791499831005143761e+00
3.434007689106995720e+00
1.676071088073149307e+00
2.541884934833470666e+00
1.786862500795169284e+00
4.903920684793600770e+00
3.833798061508242871e-01
9.710284764050914674e+00
1.811301681228057792e+00
2.924754680063532675e+00
2.283534035280062824e+00
2.806273076221539320e+00
2.914790962753540438e+00
1.362313827793855570e+00
1.880910303211188905e+00
1.030243620280982597e+00
3.999924980676360597e+00
1.682623239949380567e+00
1.960399642159902367e+00
5.397668986645192124e-01
2.056119566696013035e+00
1.848563704164258414e+00
2.571161271414747596e+00
1.825650242590126870e+00
2.944051839664148407e+00
3.992399518465882480e+00
5.124474340980311737e+00
2.837439706763847269e+00
4.408610568103069061e-01
1.788837530537419784e+00
2.551979658845352716e+00
3.118500074646957998e+00
1.146286920564933309e+00
1.425376680912736616e+00
1.345972958826443300e+00
4.978703093239722932e+00
1.088578436877865485e+00
6.071285763135496616e+00
1.229779256713809055e+00
1.088908623379810425e+00
3.244130935355560297e+00
7.008350291189753278e-01
1.888653197096588965e+00
4.140054682476783654e+00
5.144712439902401790e+00
1.968628073011952084e+00
4.095935341060296331e+00
1.502145195880724149e+00
3.711510731233517379e+00
3.314116910189632836e-01
2.172383798918410491e+00
1.362633862774205395e+00
6.361348601975750583e+00
3.628376268560577600e+00
4.114460700896796830e+00
5.783790882648520260e+00
5.145296031099720224e+00
2.584353726879811575e+00
3.346353664082911017e+00
2.147049326682855419e+00
1.911304939366736400e-01
1.044138013290456524e+00
5.170038642089430647e-01
8.941706243457457626e-02
1.533093405646848373e+00
6.154061726094666618e+00
7.704544390681605792e-01
5.610988242832916084e-01
7.724513411094299231e-01
2.442944897945704685e+00
4.120602421679179450e+00
4.436094618472410378e-01
3.098933142184574940e+00
1.044037401473023374e+00
2.083433225041444015e+00
1.108402245992956781e+00
2.408924968136281652e+00
1.238968678331163309e+00
9.686867976441017047e-01
2.173474886347413815e+00
4.204217531149263998e+00
5.250479047163681301e+00
4.067147367514812650e+00
3.276897990800870186e+00
4.115438538044828398e+00
2.837088476952694283e+00
2.238931846656345925e+00
1.294145493654093482e+00
3.644350394123794690e+00
3.484828288311660582e+00
8.998956943208666903e-01
1.216161999542364036e+00
1.306407278427799135e+00
5.079993118974847732e+00
1.791860115867813130e+00
3.392881352715975130e+00
2.597165809551658544e+00
3.821386541979406637e+00
3.928900198438370683e+00
1.552647154488354664e+00
3.160655612231937361e+00
3.973184035220621357e+00
3.172288222711391104e+00
4.707494326480095914e+00
2.648669917112085326e+00
1.459454939856733358e+00
3.388253680023868508e+00
7.052355087196636729e-01
2.174302495708736238e+00
1.487693882387318700e+00
2.001905724667146558e+00
3.806747281192852217e+00
3.444765850024350762e+00
4.416318394166720118e+00
1.215663741962019762e+00
1.175849544074764275e+00
8.826310153263732250e-01
3.285832891286299073e+00
4.562700972453925807e+00
5.570687278774843598e+00
6.185091347054840760e+00
1.564251719228153759e+00
2.527830391774064100e+00
1.372694097413617476e+00
6.745030109443105992e+00
1.141260136739356001e+00
2.612323018878841108e+00
2.918476607148499546e+00
6.880823317807954753e-01
3.582661885819692582e+00
6.331452050240243601e+00
1.483935433769125511e+00
2.007269314232261070e+00
2.333313169002536380e+00
1.830345078180048990e+00
2.611235497552427010e+00
6.107385090467052358e+00
1.294000774262681785e+00
2.306861918193397809e+00
1.457994198612022840e+00
1.888308125556486416e+00
8.762275480206612732e-01
5.330819457206003698e+00
3.205479693194594581e+00
9.378500020324818109e-01
7.437501914037729644e-01
2.073988402915685203e+00
3.516780440579657441e+00
8.788474587035114416e-01
4.879567139994576586e+00
4.716120244721627053e+00
3.565956932850397276e+00
1.328360722113690828e+00
1.860290811106425801e+00
1.589133940373415266e+00
3.756331355186890431e+00
1.642951457548315730e+00
1.926919559040652263e+00
2.369563342002682926e+00
5.824140612186889499e+00
1.044696544774645242e+00
3.981588184892709048e+00
3.013305640969645705e+00
3.804436947250537493e+00
2.585544932931492568e+00
5.735564602435814230e+00
7.548527664855300578e+00
6.371032330129646759e-01
4.509610895797502295e+00
2.292944603484419197e+00
5.581019569392448254e+00
1.892139805561642074e+00
2.214559656505749263e+00
2.441495146460888055e+00
4.457225553273066687e+00
1.305014784939004580e+00
4.934834391184377722e+00
1.296000455910879534e+00
1.952973482515494519e+00
4.014171877576583114e+00
2.760536164169981710e+00
2.496206827990857580e+00
2.097661200524244318e+00
1.831470580257606784e+00
2.045243882909154376e+00
5.506612951527610988e+00
2.579761022489798883e+00
5.157156156324942398e-01
1.354661447347060177e+00
2.140190837612514496e+00
3.550988299995371911e+00
5.662093038383133603e+00
1.273614423603783408e+00
1.420116550940997646e+00
9.039926066726392540e-01
3.310741330703736551e+00
1.198448106382342226e+00
2.679742439968195278e+00
2.108376194998700548e+00
2.661800960758311962e+00
3.413714128948837523e+00
3.549404550359138710e+00
2.372325032519490229e+00
6.640785366386177113e-01
8.314679091857108961e-01
2.082155719998360688e+00
3.719568096491887133e+00
5.538669028091137925e+00
2.253339399848850455e+00
1.505064332667722882e+00
1.249772616660558722e+00
2.280840438113974855e+00
1.871646909096075673e+00
6.469878243356425029e-01
1.532475716578218794e+00
2.559181950461980382e+00
1.528258938777834031e+00
5.840800123980931069e+00
1.204871296965046801e+00
4.315921923314625097e+00
5.963742753218004289e+00
3.822357624968924394e+00
2.043313013842610992e+00
3.729276697922339956e+00
3.049004823934613029e+00
3.603008854993915655e+00
4.163913284715089702e+00
2.964251512465372884e-01
3.644134224897021657e+00
1.833087695278772689e+00
4.090904070318646113e+00
4.173121984629471370e+00
3.456164412861089552e+00
9.040221556051409868e-01
3.904900615774185457e+00
3.269868503232570056e+00
2.715310469357776313e+00
3.044610890743713494e+00
2.759461579214586013e+00
1.211366217128326817e+00
3.078654372497055203e+00
1.754793295589132551e+00
1.666627526186587716e+00
3.792282290217596330e+00
1.069622640607781117e+00
1.356760424583713043e+00
6.496145380003699010e+00
2.810732264447862061e+00
1.189036879059147234e+00
1.391528479974855514e+00
9.822066510122472449e-01
4.948679112516033207e+00
6.762434303147829562e-01
3.434132128053489552e+00
1.911147941941861550e+00
7.028551361010283216e+00
3.829813492096934446e+00
2.284244274998532998e+00
1.148345352204015679e+00
2.269954604672700604e+00
2.464777963814711814e+00
4.832925436042648792e-01
2.062853156222840045e+00
1.694837090026102056e+00
3.069761492107933698e+00
5.450951354377719049e+00
2.428568710336891368e+00
3.174834291043135526e+00
4.186323631200547624e+00
2.179562554738881275e+00
2.109193396053033798e+00
2.251976335431115306e+00
1.822358331671777298e+00
2.100023356361816695e+00
2.729427205375700272e+00
1.618517803495135077e+00
9.665012213178412193e-01
1.887629483209973369e+00
3.813908259640519383e+00
1.593740332151789563e+00
2.413600156848412226e+00
1.976685849633639025e+00
3.448469788238377465e-01
7.109466544017275513e-01
1.778000843115898011e+00
1.642179221423556212e+00
9.836154030104078405e-01
3.316493016672522387e+00
4.724330548167406718e+00
2.861581523362555668e+00
5.974397485767415361e-01
2.462486555032715962e+00
8.845599864734852158e-01
5.022527336030444545e+00
3.373653318096277776e+00
4.759125901276610726e+00
6.186698182638290078e+00
3.615160455883320356e+00
7.032113050508473684e+00
1.368968773840369080e+00
9.336973004884057126e-01
4.730823393534921095e+00
2.963310661434679361e+00
4.645163553075393637e+00
4.049172930850449603e+00
1.922879771412976391e+00
2.392820277245414129e+00
3.631910642222551111e+00
6.939355911639634167e-01
2.960011352112875471e+00
3.266144921966079195e+00
1.129334412764940287e+00
5.026021931585209490e-01
1.830104348807884529e+00
3.748338666448321366e+00
3.975279562145804801e-01
1.282660146455061989e+00
2.290907106797677617e+00
2.439591897790899466e+00
2.319669685121421132e+00
2.216118240564698638e+00
4.392725454004214880e-01
1.968950986009273763e+00
3.572772817635362586e+00
2.131211449509193834e+00
1.980761086227320389e+00
9.477914523495271082e-01
4.035167573186340562e+00
2.590037472247558537e+00
1.284279053361371048e+00
4.085083181797479313e+00
1.686998491561836788e+00
2.934427708765130483e+00
7.956488376199727375e-01
1.082630382692057358e+00
1.888827730491666967e+00
3.820243607931419927e+00
4.585278661625449281e+00
1.106428836488057232e+00
4.159183508165616772e+00
2.310603289632465973e+00
1.229161868137689018e+00
1.293761682303764315e+00
1.571451568404590438e+00
1.226805357127870533e+00
9.649949716413424028e-01
1.331800909120446130e+00
1.127749434727684630e+00
2.553911334743631745e+00
6.285934559854045034e-01
5.965849350251891003e+00
1.379477114749226407e+00
4.692423517796067145e+00
2.341717138390533748e+00
8.854240491553633241e-01
2.020207996527990879e+00
3.566284233993830100e+00
2.920063761564923421e+00
3.060948591292603549e+00
2.140928722780417903e+00
2.876115245800585196e+00
4.013289210346716374e+00
5.055649940448415869e+00
6.075269408897075785e+00
4.415107394492950199e+00
2.596463798315242322e+00
9.971006665998805030e-01
1.653485577558486908e+00
7.758339389117935303e-01
2.123945233790195175e+00
3.156931177486590467e-01
3.022597223367126773e+00
2.607490969671858227e+00
1.212650719297685642e+00
2.442937535838825891e+00
4.464644171262567518e+00
3.884772850447756554e+00
4.114010609205459801e+00
1.883884319621485837e+00
2.557028522373872015e+00
2.471772322966136581e+00
1.643149918989158520e+00
7.284194884882285725e-01
5.224311970663015892e+00
4.540602719031561207e+00
2.168262760404625844e+00
4.666008822151741953e+00
1.362780078720358778e+00
9.894933056792776238e-01
2.709246649522216277e+00
3.534069599031681719e+00
4.601872417793665626e+00
2.213273374966788332e+00
1.663183576043233192e+00
1.586680557921929857e+00
1.190916751399333506e+00
1.207027437600870279e+00
2.334514314598199025e+00
2.393053558261847513e+00
2.371904853338793195e+00
5.219096762249263222e+00
5.276853179156022478e+00
6.817198462478711640e+00
5.001894162063918792e+00
1.807653499813084652e+00
1.053473315814529743e+00
4.745190686876732400e+00
6.051366914642010819e+00
4.627781988150882597e+00
3.201490984522103123e+00
6.283458723509702804e-01
1.248023129592481739e+00
2.494729180465166785e+00
1.703643326525293489e+00
3.168796312808338733e+00
2.748148872753643612e+00
4.499899172040151551e-01
2.886295325694360425e+00
3.731822956237015987e+00
5.224624626970566510e+00
2.514853391527470006e+00
3.964512125266336451e+00
3.788172838893258731e+00
3.691886696046574823e+00
7.109909106606494555e-01
3.246540748270112520e+00
2.128925514570150668e+00
4.907807469744734696e+00
4.404591777759502946e+00
4.362806967317717222e-01
7.645384525142804311e-01
4.487147078601957162e+00
2.087225996151507168e+00
1.721883081968999640e+00
1.165718908359701489e+00
1.324587902055778921e+00
7.551180045177732225e-01
1.841413372888859756e+00
1.710056617692886194e+00
3.849970227585335802e+00
1.645260264365454583e+00
4.064154019763992487e+00
2.501652393892830784e+00
2.441379828365112026e+00
4.421820082028718346e+00
3.947299220950653886e+00
6.175875128843933304e+00
8.686625360825016573e-01
2.691225974324255255e+00
1.143854135139346528e+00
7.184227883786057367e-01
3.020799154920672525e+00
1.703990301460018397e+00
2.757947009023590468e+00
1.132579465843939426e+00
2.418536620619075261e+00
1.291828523490480940e+00
9.204791727680114999e-01
6.240911440956309342e+00
9.490439475531471381e-01
7.972298889561224566e-01
7.524450775571553951e-01
8.265466875798715973e-01
2.829034589171823821e+00
1.831912318775701154e+00
2.575593414610808818e+00
1.623331303691400329e+00
1.846208007579734911e+00
2.152838080939317500e+00
1.833869544131848217e+00
6.249735574561715579e-01
3.052739579797835390e+00
2.510732767944298338e+00
4.593067869079161092e+00
4.515465402417606078e-01
3.302041982753915583e+00
1.130274116049464039e+00
4.968623550149161794e+00
2.459137332384870422e+00
3.585580024796198639e+00
1.909974451133033213e+00
1.407776707518173742e+00
3.805616209474703471e+00
1.077749423867544465e+00
3.710235279743587800e+00
7.597785815084682204e-01
7.523448543434509972e-01
4.672657910793956759e+00
8.366955207801469729e-01
2.964451301522847082e+00
3.527635316053198800e+00
4.173638177794163795e+00
2.841217667237346145e+00
3.953550190848326817e+00
2.203138548552202369e+00
2.233236713421562492e+00
2.263327389638235321e+00
1.350866520955392280e+00
1.379389441950350959e+00
3.654266998084374496e+00
9.543403086726726103e-01
1.320933662879991921e+00
1.888839659314906605e+00
1.222882272197049369e+00
4.283684965178999882e+00
4.440493991147469011e+00
8.363747473968761170e-01
1.123781711882748002e+00
4.139010467304317764e+00
2.839462090634979674e+00
3.728101350727952568e+00
2.308525791059802934e+00
1.774625219853491087e+00
4.169800470738353582e+00
2.657050125108277427e+00
4.535922245588659862e+00
4.821789267083039121e+00
5.323152097537358962e+00
5.431429545658390978e+00
4.229676397184069181e+00
2.241820631366754135e+00
3.763839367107383538e+00
1.643361913474268077e+00
1.423527271184517939e+00
1.799593289163919918e+00
1.754669986415793304e+00
4.296252285598690435e+00
1.735320257999871219e+00
4.525122110991902424e+00
4.396970521379637731e+00
1.321129558121921788e+00
1.467680350877166751e+00
2.766679499136173170e+00
5.055727145509468778e-01
3.494682323590075246e+00
1.485203489377300734e+00
3.554344249001297307e+00
6.186208255061798944e+00
2.337162519821970097e+00
2.680932746670478206e+00
1.241293745523945447e+00
1.989250668942803557e+00
4.591802190124139926e+00
2.279827586537541695e+00
1.852179883850989528e-01
2.660625339284774959e+00
1.312866875329306682e+00
2.122466212892024640e+00
2.216646420258067796e+00
1.051027468830417089e+00
3.757610881077183773e+00
8.996581792161926217e-01
9.620186007929347749e-01
1.728167457557857611e+00
5.624480198459297364e-01
5.956461581672126471e+00
4.063943016808575948e+00
5.448383076875786379e+00
6.636417354241095357e-01
1.818528063804621953e+00
2.253532205302868352e+00
5.899433658568819183e+00
1.612381297814031722e+00
4.942467721089788490e+00
2.613267968171960831e+00
3.881330662997269698e+00
1.627535325062949845e+00
1.335135706841906522e+00
3.058576308140001476e+00
1.312863357263931663e+00
3.143747672074184596e+00
2.719098142809093233e+00
2.109300422686270604e+00
3.421983514336994769e+00
3.704050200780179658e+00
3.660417572044112777e+00
6.855559294316622143e-01
1.965282382173331399e+00
7.867349322558061964e+00
4.108083924687626620e+00
1.464225689914948836e+00
2.464095271390498887e+00
2.042877090412850816e+00
1.082644689088484213e+00
7.552922453860916319e-01
3.932559333217702235e-01
9.078620467078981626e-01
4.510424214199043824e+00
1.598583537809512789e+00
1.187844447166203965e+00
1.014481289674110220e+00
1.820757464189651564e+00
3.165761414673530894e+00
1.371731678892311068e+00
5.237813015643776104e+00
1.270497764421567810e+00
2.930291211140980123e-01
1.899368093931402157e+00
3.832980699695174298e+00
6.477015240751788028e+00
3.696665196437316503e+00
7.889602270873850021e-01
2.013065247547122461e+00
1.582815825347692718e+00
5.893085288137462463e+00
1.787379842912096395e+00
1.583021572322643955e+00
6.119370315652807868e+00
1.108778060289430023e+01
6.271263334366871112e-01
1.149497753921386201e+00
1.703028250149470457e+00
4.528542009822177583e+00
3.683673673574506147e+00
1.641091305454309035e+00
1.701300496573626475e+00
2.802131188724496180e+00
9.867708544199632614e-01
8.064675342213083908e+00
3.316310799623651828e+00
7.685576638659716853e-01
6.503034227201665018e-01
3.148865742988153471e+00
7.267195711586939000e-01
1.209951833464989024e+00
3.685541373804994691e+00
1.035625245603176925e+00
1.748692630809882687e+00
9.312597309043603167e-01
4.376173813608115637e+00
3.359933467922429529e+00
3.956371911919199125e+00
5.062488720850805812e+00
2.271589654557078397e+00
3.313394951694978552e+00
3.512436707418300053e+00
2.214832644415676288e+00
3.346417120288386560e+00
1.829671914964631219e+00
1.099421195476933288e+00
1.715995244512903417e+00
7.060786009732376023e-01
4.981495404933711235e+00
7.979488315049099612e+00
2.611322863847289177e+00
5.072817853789200804e+00
6.113756243550592551e+00
3.530768938769201171e+00
3.647564342535612791e+00
3.787413374596900972e+00
2.184221091718334229e+00
3.530590557119011041e+00
5.167189840476183349e+00
7.736424466715877690e-01
1.306213082165026407e+00
5.239566537693103321e+00
2.746601374167932708e+00
9.797916677245033235e-01
1.193360486972568468e+00
1.966524737802995526e+00
3.152814925723947059e+00
9.871467314451560782e-01
1.284941453078482620e+00
1.571772529658511885e+00
3.721487325113255640e+00
2.708279511241100668e+00
7.660905631520727788e+00
3.703948741027983882e+00
1.842627021125263109e+00
9.358190895631595119e-01
2.341692845172959281e+00
4.057085628615086037e+00
1.407795514845719964e+00
1.405726985482144809e+00
1.889131452391202615e+00
1.078833600125228331e+00
3.673675853713236350e+00
2.476855039611856935e+00
4.516055706309858309e+00
5.520500832307669192e+00
6.361679183833279794e+00
1.767654983639254995e+00
1.005071291974489522e+00
2.171902324079293400e+00
3.944898738024004370e+00
1.617220178657719609e+00
4.235346140756171884e+00
2.913668074646126094e+00
1.299080775101152385e+00
7.023996497128601746e-01
1.646351723738374018e+00
5.608992566661527235e+00
2.458986756316384081e+00
2.370059651150035140e+00
1.211222941559753741e+00
2.601230604116942402e+00
2.085306657927823881e+00
5.402215073727243855e+00
1.809196497396329484e+00
2.930393205421641500e+00
4.263361698595969251e+00
6.201863816259530537e+00
2.418375462707187840e+00
5.201001859781438696e+00
1.001444680818503574e+00
3.908743051175625371e+00
1.217024550907977343e+00
2.315144118351146307e+00
1.005443989927472526e+00
6.502424794295171839e-01
1.953444456176633981e+00
4.738480737232655393e+00
1.792310508499198374e+00
5.051626461048184247e+00
5.201439371532235789e+00
4.378428425151382974e+00
2.603919411921913341e+00
3.284576658007503536e+00
1.039654619853434658e+00
3.488485444339043173e+00
2.395847147875623140e+00
7.894766788773879274e-01
2.285894513619589841e+00
1.101710512585988733e+00
2.874457714639510275e+00
1.995385640416675432e+00
2.129641600609873286e+00
8.468645471966378402e-01
1.627233807179732983e+00
2.977495823480025838e-01
2.499301623370230985e+00
2.988029741999360667e+00
2.456203377943658506e+00
1.410784137694985008e+00
1.499848482927056192e+00
5.649648835424476268e+00
4.966318293321958954e+00
6.082022244669218480e+00
4.474491569793589640e+00
3.075340298439906972e-01
1.443514973326084361e+00
8.022735275378751751e-01
2.744487521422430021e+00
1.044967256688641122e+01
3.939892729342868161e-01
2.766986662909672656e+00
2.369444236232883583e+00
9.187531321060898870e-01
2.785161300224042513e+00
1.692299402197874558e+00
4.499247578287311811e+00
2.061172474231949714e+00
5.197701878475731618e+00
1.386690612607196949e+00
2.157817570576971988e+00
6.212070681202739308e+00
5.008031796680481484e+00
6.641768596838534267e-01
2.633772115173536932e+00
5.765301763103905408e+00
1.742104172197644685e+00
4.691312982444650892e+00
2.126863075971026529e+00
1.038404495124403581e+00
3.537281025867283990e+00
3.002429880510451898e+00
7.835501745309205290e+00
1.442764651990526392e+00
1.877735457944111230e+00
2.141063019885505181e+00
2.620455304519490269e+00
7.963269247126443240e-01
9.776725728385573522e-01
2.986082628983288245e+00
3.519601397241708618e+00
4.501683336080077424e+00
2.075172107794542420e+00
2.410524106780670195e+00
2.462024709164526648e+00
1.555330819557596833e-01
4.649833041306978831e-01
1.438433992466916278e+00
7.877981493137867774e-01
4.159796272071767831e+00
6.479571214595947204e-01
7.627176624765790169e-01
2.668114701608945261e+00
5.436983051552670254e+00
1.805957200460794443e+00
7.657891619215991819e-01
7.484458446661835795e-01
3.720159358229005342e+00
9.295313087450776113e-01
4.032933679374793634e+00
5.710245782671311554e-01
4.247167683831115426e+00
4.983769717043320946e-01
5.164637420643559906e+00
1.956267369302294501e+00
2.622843155942654381e+00
2.624788667346942717e+00
3.988351570550810798e+00
6.721341496831430007e-01
4.433422256294400121e+00
1.223206243650883707e+00
1.136389713451857242e+00
5.065037918894450542e+00
4.462415328384632951e-01
1.728731910196454225e+00
5.231779406212444528e+00
1.613863956795203114e+00
6.851796154166900354e-01
1.330033771898031514e-01
6.521165180550574370e+00
1.608854024586203524e+00
2.107293872241634780e+00
2.153418375915304939e+00
1.396542670763260441e+00
2.305573860313514967e+00
2.512411384664976932e+00
1.466343716552036325e+00
4.044046820630023298e+00
2.836558682293527145e+00
2.061907317422062125e+00
9.899982158943394506e-01
1.380257519503273578e+00
9.261341567659383545e-01
1.369348075232172057e+00
1.614814244075589267e+00
3.275162874217557807e+00
1.930671806328341900e+00
5.457480697668257719e-01
2.144356668774933805e+00
2.522388285835261534e+00
2.145936407749115649e+00
3.897105787124742093e+00
1.571357559818473248e+00
4.541381624597499167e-01
1.315277522273644140e+00
4.368594144825082459e+00
2.953125670772327904e+00
1.680121914635074098e+00
6.592009077753870017e+00
6.442403726096812555e-01
4.367315504169590135e+00
1.578978210876653465e+00
2.179285681515344741e+00
1.775970379002132171e+00
4.161514829743251376e+00
1.669160605107810724e+00
1.138717461058624147e+00
1.086268027181379603e+00
1.188561987340077897e+00
1.420603192757750710e+00
1.049611575805101005e+00
6.220569029240190062e+00
5.296312635887422182e+00
2.083185607767255476e+00
3.948304203637453380e+00
5.293965830510579673e-01
3.708263979897675977e+00
4.559263608820494085e+00
4.545802112541339035e+00
1.962358922788151938e+00
4.811972866661941239e+00
3.311482533661696537e-01
2.424084116372008602e+00
8.494317061113920708e-01
1.985478436470537789e+00
6.114474078495024223e+00
5.762089597361897297e+00
9.459236348920323501e-01
6.071474448563406234e+00
2.378549822437920458e+00
6.453164156882963631e+00
2.599836045073615320e+00
4.486480825922278370e+00
1.103083821824165867e+00
2.272390430739597456e+00
2.949546929347730995e+00
1.576660454114411136e+00
2.767948065770653887e+00
1.571984610389291603e+00
2.196135583188048024e+00
3.161023206838674771e+00
1.206580607594469834e+00
6.330284053256503007e+00
1.491497319245188136e+00
5.938836364602321005e+00
6.168567374520464774e+00
4.319972684593241241e-01
1.777586101689667908e+00
2.235649042820686550e+00
3.243093790780349206e+00
1.223239870882720570e+00
2.401348000849254039e+00
5.961976228025244184e-01
1.040471533758557277e+00
2.700347467610185515e+00
1.603601485561722662e+00
1.596047037539090940e+00
8.875745874804849000e-01
1.389299015047589680e+00
5.460468829100561194e+00
1.266207418955558772e+00
6.382158956526339244e-01
4.565715047879103095e-01
3.467311322244496452e+00
2.500712961775909626e+00
2.525814806587387995e+00
2.571465820638039190e+00
2.775858046797526235e+00
3.428552550679309530e+00
2.497228824353888488e+00
3.663964130255099594e+00
1.104090931147669874e+00
3.221317451287510014e+00
3.694538474995150867e+00
6.499060544712199849e+00
1.885955978665243560e+00
1.527143197222005533e+00
7.507601700531952860e-01
1.216711080344592411e+00
2.259661323261906940e+00
2.607130031803146952e+00
1.387829801243939398e+00
3.497307067188781371e+00
5.900378277351217449e+00
6.384591765421248510e+00
2.210140158273941058e+00
2.601083402358767227e+00
3.036992440836389751e+00
1.894645334514380774e+00
1.458966085367893184e+00
4.870465426345385929e+00
1.331491939912620825e+00
1.312013485644302424e+00
1.876514603377013701e+00
3.816278094957416211e+00
2.739811304233135125e-01
2.634689324677131239e+00
2.109103501346933029e+00
2.397609051178201778e+00
3.097950346377655428e+00
3.852769083805430927e+00
2.266704189020321003e+00
3.896651858037451177e+00
1.822407393151998622e+00
9.931935856963010067e-01
1.841533491263371625e+00
3.934675533937137537e+00
2.562649433548701339e+00
3.339392746948587565e+00
4.222858465104091685e+00
3.906951190996260870e+00
1.423916561570064854e+00
1.348808877368985915e+00
7.462841292345737676e-01
4.703210922926455595e+00
3.493429095990706834e+00
1.332774232546559245e+00
5.253561945214022977e+00
3.357555030861508083e+00
2.936017956429976206e+00
3.360070036368888236e+00
3.393421374673699642e+00
3.133133214280180989e-01
1.464218168365207795e+00
2.078871195537790761e+00
5.484719238254843532e+00
2.208039383876846617e+00
1.552808169593622223e+00
4.601447191726315555e-01
5.302012293233469897e+00
1.554665128359454362e+00
8.393264006512689557e-01
3.816105760852146478e+00
3.511442953002296363e+00
6.354737930922238487e-01
1.057190970665676577e+00
1.203384126037130075e+00
2.340652953011858273e+00
1.850310347621118234e+00
5.001036850378357101e+00
1.802771461426379007e+00
2.637203707475564318e+00
4.212010111896330677e+00
9.950579168840592459e+00
1.979590211685619217e+00
6.437231376355132539e+00
2.134422286329150431e+00
5.301253976351769204e+00
1.952500342423356683e+00
5.151112490516874587e+00
4.468408437685583934e+00
4.728240351007179321e+00
3.367419460250330676e+00
2.574290480846865847e+00
5.354115586761270862e+00
1.696945117744118381e+00
6.229093936980212298e+00
3.769119298397342277e+00
9.373279958462331640e-01
1.463801646581289972e+00
3.589746846070787534e+00
1.541928918616818134e+00
2.993578165020786663e+00
4.205869320003720269e+00
6.034407796747200514e+00
1.703696887280632621e+00
2.486538256192835306e+00
4.082808873732028387e-01
3.152219567269868516e+00
2.004186151933570859e+00
6.373872674090048207e+00
4.388174892291292650e+00
3.536350634305779117e+00
2.273631116468944668e+00
1.308907885430178109e+00
6.105302945180068441e+00
3.037502906266149050e-01
1.512130406508045199e+00
1.875219028801537791e+00
5.951948341076235494e+00
3.655259438487280743e+00
7.971610664628829834e-01
5.162294146459071698e+00
1.939789452993259777e+00
3.552604385857610847e+00
3.653062776772622477e+00
1.046411106810395619e+00
2.237063404707309022e+00
3.559481533754159432e+00
8.372364328243735443e-01
3.375731855662837511e+00
1.508445157345866594e+00
3.222763495487888985e+00
5.786091443517980437e+00
3.778989242999686304e+00
5.065746110513184020e-01
8.391492784453995490e-01
1.643482716890288131e+00
1.607182354732145768e+00
9.885063592607726823e-01
1.525534787592150776e+00
2.976357710914494081e+00
2.066067769993167769e+00
1.909655437359228269e+00
1.477834513619187495e+00
5.109823891597049972e+00
2.372744159308925571e+00
1.382568383867972983e+00
2.602967409715568614e+00
3.580856265446601849e+00
3.072165755765779327e+00
1.549570332170175480e+00
1.197869498457324822e+00
2.410592080208600496e+00
2.085794384448200312e+00
2.356775224844469108e+00
3.728051206241170146e+00
2.019350762361126428e+00
2.646457313056563176e+00
2.333970720878500327e+00
4.776350672941529929e+00
2.610201747520275894e+00
6.328839040353530621e+00
3.672128679094786907e+00
3.490298985687982469e+00
1.924104591057889113e+00
4.282787629426009879e+00
5.755637533310834497e-01
1.335345256321854190e+00
2.298585005369455647e+00
2.411827777901398573e+00
5.684617807772527343e+00
2.836497294826904270e+00
3.567494671448384835e+00
4.184209674358956299e+00
1.009652009965171793e+00
1.978696650984538952e+00
4.173341132270978804e+00
1.066891297000197358e+00
1.910102432994077670e+00
2.532276703617615699e+00
1.873153113452107776e+00
2.296118808523945898e+00
9.152916252010088183e-01
1.749777792013802458e+00
4.228335650330055984e+00
7.134889815211068465e-01
2.221162672768461910e+00
4.164999567236583822e+00
6.115685079977304373e-01
4.039053346725010485e+00
2.334831848220028316e+00
2.882645658456850501e+00
8.284008214970505213e-01
1.459363335967757136e+00
1.255545044129181997e+00
8.602672957573924695e-01
6.475452797646598091e-01
6.785054931412645152e-01
4.797009941476126915e-01
6.108508354147470065e+00
2.227658241374130377e+00
3.454370673467129560e+00
9.591621545010634575e-01
4.477370669650181156e+00
5.802605068572056490e-01
1.495735467061366508e+00
1.889822801863449753e+00
1.304138344524901738e+00
2.106687935836973669e+00
1.708364710798521147e+00
3.208616542397099369e+00
1.587630963384672356e+00
1.527028104758465732e+00
3.985488148287970933e+00
1.721180608187254268e+00
8.852991915775727527e-01
3.281811682064313285e+00
5.246370967774544702e+00
1.322149389946078779e+00
2.321134473927080055e-01
5.288355025491568107e+00
2.469974065852808653e+00
1.650843607808728741e+00
1.420647309247304424e+00
5.493372511230289135e+00
3.009631110923235209e+00
6.145334555812269173e+00
2.285119241027278036e+00
2.050047635481786479e+00
1.740643000353292447e+00
4.427997844308040776e+00
2.673084692624988268e+00
2.281099934736466661e+00
3.279215102704879925e+00
4.086990029147893999e+00
1.837507988069118081e+00
3.150970116324080195e+00
1.303041595453313883e+00
7.352815564737388954e+00
2.224459881263069594e+00
1.359574791637885749e+00
1.925463372981620624e+00
1.437667763657224818e+00
5.113219153060351019e+00
6.512023195280283616e+00
2.023135842840536824e+00
3.895959048349749931e+00
3.003273121927849676e+00
1.771564154052835738e+00
1.264068635366172533e+00
4.964114465396122000e+00
2.456675395453823629e+00
1.923013543156410377e+00
5.206951168194079216e+00
1.845968688108910571e+00
5.876095127928349093e+00
7.497303014016654110e+00
3.538418731942870377e+00
2.147703541841265551e+00
1.129146081809295099e+00
1.097249445204025120e+00
2.849916455922090197e+00
2.186577483186764592e+00
1.342693670480545443e+00
6.764069442013824762e-01
1.635464282920969126e+00
2.671401940530955255e+00
6.203967499024246601e-01
2.204156822196220222e+00
3.200380431798584890e+00
2.699747729245970174e+00
1.634777417620847828e+00
2.662455259177072708e+00
5.393370451320943504e-01
1.501246451402165061e+00
1.965159818604343300e+00
3.334389990339056808e+00
5.325901561191945355e+00
7.370491375338820816e+00
4.707326275990245001e+00
8.016939650347594259e-01
1.723021157490163713e+00
2.656669509371425431e+00
1.100228462654533335e+00
1.538833626581470382e+00
6.401391871902157860e+00
4.996325686622583584e-01
1.638334613839949272e+00
2.017449128984034612e+00
1.577569167696569963e+00
5.517493699806509611e+00
2.436029303299743543e+00
3.081083206974033484e+00
3.334978263508972418e+00
1.500999623347970102e+00
1.724447499007635498e+00
1.333882341797308912e+00
1.737223413330126087e+00
3.740279570899265771e+00
1.118112467926176246e+00
7.300244541612628701e+00
2.097884091300346476e+00
7.713892321284153697e-01
4.373128022514401358e+00
5.133752743482996372e+00
3.996391196211077634e+00
1.110599594081869368e+00
1.583327410790677625e+00
9.765487423995699023e-01
1.362695121864059722e+00
4.212260243712174557e+00
1.442119671177590989e+00
2.227986345656046474e+00
3.058806766914389463e+00
1.590429981608525667e+00
1.803216115156000443e+00
1.334727699982085625e+00
3.990436968716923327e-01
3.600095651608953506e+00
3.803362798990312044e+00
3.666414623028504405e+00
7.732757600733507486e-01
6.216827522868982214e+00
2.327339862831830697e+00
6.617630184574544217e+00
5.867519532972476526e+00
1.152703124872524798e+00
1.040855012691885850e+00
5.584036931890272726e-01
2.682233658479124205e+00
3.385429929622816303e+00
3.877154780420886571e+00
3.357845031404278036e+00
1.760976761840565841e+00
1.303420347118155131e+00
4.846861666257546553e+00
2.714151672598469567e+00
9.056065803601216491e-01
5.397137372535412148e+00
1.064024674141732296e+00
1.116640216363482319e+00
2.238104589573588932e+00
2.782880237113919630e+00
8.378398546908262245e-01
3.294395202773722442e+00
1.559628017504634867e+00
4.148225231778570610e+00
1.750069342459553257e+00
4.226294992677329887e+00
2.757116846660368825e+00
4.431332536958549895e+00
1.774905887403861904e+00
2.145894612919013511e+00
5.326113327045169044e+00
1.526644846580253345e+00
2.088192993359011762e+00
6.376949208868201602e+00
5.467356363970939270e+00
1.703695639802233375e+00
2.913299487495605522e+00
2.300939935995329311e+00
3.444613805420293939e+00
5.797222853897081585e+00
4.799322124901054920e+00
2.278963080961714294e+00
1.405871061210445028e+00
1.054199591909739553e+00
4.901254723813508463e+00
4.449564606111495735e+00
3.913177732871635506e+00
7.751786826431604771e-01
2.704258837696533746e+00
4.499180416751123346e+00
4.749749279498402643e+00
2.118847003726351375e+00
2.478093390243797156e+00
1.195677814232930514e+00
2.035889279305528543e+00
1.073021821787093266e+00
1.615206546764809792e+00
2.654197027640226025e+00
4.229480199964494314e-01
5.974976939750069604e+00
3.176451145025790179e+00
4.461202876225984326e+00
3.045706788304118895e+00
3.777253925302858306e+00
1.554247088406061073e+00
4.016600334580798792e-01
3.285989717703019508e+00
1.682727952730867393e+00
9.126687745468692325e-01
6.894795735423144833e+00
3.230078484670643402e+00
3.208498807399983832e+00
3.996490317587822361e+00
5.246901909068840020e+00
3.898181054740497142e+00
3.794751462222701210e+00
3.877293646499315738e+00
4.914667704705284912e+00
5.601443977765724114e+00
9.203491311938762909e-01
9.574076817205685597e-01
3.418834174787577673e+00
2.942562317493623070e+00
1.323642317067461605e+00
1.570690606844918680e+00
3.130633995370945666e+00
4.130363176237355383e+00
3.587379753397217819e+00
4.346939967357553058e+00
7.384960443546876085e+00
4.662560746320528082e+00
1.580146689470989685e+00
1.587696827065710581e+00
9.610372917325953779e+00
3.703208991071650358e-01
2.458159305528369920e+00
2.178130181124756426e+00
3.297999991938357578e+00
5.944531444292070477e-01
5.012170281707332364e+00
1.756031216448981302e+00
5.310665399953482080e+00
1.484604246990324672e+00
3.772406818185750854e+00
3.087554368731313392e+00
4.555134959393780214e+00
2.928309809728240065e+00
2.195706086306229654e+00
8.324558125657333107e-01
1.974924280436476831e+00
7.557138731992019132e-01
1.110736433737189222e+00
2.565488534042795532e+00
7.164900400865626295e+00
1.661288082416708001e+00
4.591462220456134169e+00
2.020205754110872221e+00
3.280414770967744698e+00
2.300631869675794583e+00
1.003174874708957498e+00
6.868048692363410979e-01
4.540833419672781091e+00
1.726092617818040464e+00
5.292854637587712574e+00
2.307238653187734023e+00
1.291960620791581027e+00
5.998599602304963696e-01
2.103261182185712119e+00
1.654235971758724499e+00
1.568301602456718236e+00
4.683674528479270904e+00
2.058563266158436544e+00
3.718941917190324187e+00
2.212282769797279780e+00
3.053947080062690222e+00
1.161171548636546369e+00
3.509954166848631374e+00
1.592747635874219636e+00
4.724271768894594103e+00
1.240496494521583282e+00
1.624883894671584006e+00
1.889997459266303359e+00
1.855964936144729460e+00
2.438063200438455702e+00
5.400336159523065893e-01
7.137246657380704740e+00
4.068957549769871562e+00
4.225238683405469153e+00
2.639998504475513652e+00
1.685917961043493118e+00
7.556592756772396724e-01
6.969713309937398016e+00
2.030149815313674999e+00
2.969033518271197103e+00
8.340702119156331307e-01
1.661346176492304538e+00
4.129576110333212036e+00
1.441437421085003834e+00
4.175119740955135939e+00
9.265195738098023215e-01
1.436717354177402539e+00
2.498439676949421262e+00
2.639776143562997834e+00
6.239433682024568828e-01
3.330035737846517296e+00
4.782665418722563899e+00
1.629456922271240504e+00
2.449831067234297333e+00
9.030971848910401834e-01
9.328516593137050616e-01
5.013384699904857911e+00
1.997758886882062157e+00
6.256068645508443549e-01
1.665604462535519747e+00
4.329275531623428819e+00
1.795158307560978717e+00
5.119094509817308847e+00
2.780093705237066448e+00
1.312756463738067758e+00
1.804763730195612093e+00
4.406864656932929947e+00
4.402183499897878605e+00
2.163678856377639459e+00
3.608953638638550565e+00
2.616935389775162157e+00
3.236507286575671660e+00
5.226177110391457603e+00
1.267194839889518754e+00
3.974760351018693960e+00
1.869862550094465226e+00
7.741799012685529613e-01
1.465337712755805599e+00
7.245206614219663610e-01
1.712916355586848072e+00
5.466507436215817251e+00
5.638378126043434690e+00
1.750816088504121293e+00
1.279739259330080703e+00
2.364700823034689758e+00
3.620411593543098050e+00
9.082299047147307514e-01
1.267468755642556344e+00
5.184524805417795257e+00
1.892504385500627162e+00
2.205686794511615645e+00
2.869365701248892009e+00
1.660031413589952987e+00
1.759719496729955868e+00
1.464900902970057039e+00
1.893812332545252497e+00
3.932182762167026890e+00
2.057997863022558604e+00
7.553665806282215733e+00
4.972031345135387248e+00
3.771282014869099530e+00
4.952675461918405020e+00
5.826172917783583927e+00
6.493665554364217662e+00
2.319027886506343616e+00
4.120439073263231222e+00
2.442280114792700907e+00
5.869587599943706380e+00
1.076766470142797250e+00
3.016308495127342670e+00
8.784587502761621591e-01
8.729588678945130464e-01
1.497864507190906469e+00
8.341991729843034609e-01
6.939158903924720345e-01
1.413156527814112495e+00
7.651969399098605962e-01
2.072826702018165435e+00
4.967319137035037802e-01
1.682366779175781479e+00
3.208659494300847292e+00
2.325397415624526953e+00
3.752388985098460417e+00
1.161001922133924280e+00
1.107683383170804392e+00
2.480476462134861282e-01
3.465304546369985417e+00
2.446907076981691631e+00
1.037344251488359959e+00
1.849610212547829313e+00
4.005702711670228844e+00
6.053027206067116417e+00
1.643499345977309511e+00
8.177535640076035728e-01
3.108972919488114162e+00
1.577500127942074393e+00
8.130518769292316428e-01
1.791824662956363001e+00
1.192009928942364683e+00
2.908711733509560915e+00
1.550450729515394421e+00
4.049600008623486680e+00
5.549421846243278722e+00
1.285715885469830511e+00
1.789332214340741301e+00
2.245721573786139125e+00
4.452592970209002798e-01
1.234654120375383801e+00
2.622959435664537153e+00
4.223083146304364988e+00
9.573479233445986170e-01
1.763206069621734873e+00
6.086569688100657238e+00
2.234976339172511928e+00
4.509588852239181378e+00
3.483213824921599144e+00
2.818547823661695872e+00
2.243243909443765727e+00
2.098101395922398638e+00
3.024374879318526554e-01
4.373710353442625376e+00
2.051911909739466910e+00
5.471047894208264317e+00
3.367417956155123182e+00
2.948088957425298862e+00
1.209902914624322978e+00
1.503452240256283101e+00
3.383229852398688120e+00
4.639303650742820473e+00
4.004618173433591721e+00
5.693744567476008100e+00
2.404083308152349385e+00
6.127743192290495244e+00
2.911963123675588516e+00
4.411215930102269311e+00
1.486318794837464097e+00
4.658857024171955352e+00
2.036666114342561507e+00
4.302581887594451260e+00
2.296643883115961682e+00
2.194846641666281073e+00
5.429239447710831001e+00
7.989833785505966013e+00
2.323191792241285469e+00
2.180013885176439015e+00
3.152619061504677855e+00
5.050488660704778310e-01
3.423493390706069839e+00
1.034286093461433298e+00
2.538059290993866846e+00
2.449584057643856561e+00
3.878001863085933199e+00
2.522162828531443690e+00
1.557109639265117140e+00
1.162839936240641192e+00
4.445355267453627413e+00
2.699092803608996505e+00
1.727055779630509935e+00
6.097553768945263464e+00
5.172131251424407772e+00
2.523726128059485596e+00
1.384841719543409067e+00
1.589440151887201891e+00
2.044385112091734236e+00
4.483356113756481243e+00
5.472592134319502755e+00
9.138369346728022480e-01
7.817821598421905716e-01
2.240787733853690789e+00
1.974525983344265878e+00
1.761224215201212306e+00
8.263940969437925110e-01
4.242166940267016351e+00
1.019159043761065142e+00
1.018252458090493029e+00
9.317674911015989991e+00
5.647603894869009933e-01
4.532722848095983359e+00
1.154396297197384680e+00
2.465413080738552587e+00
5.841502467094614737e-01
3.797990887112763225e+00
6.832937581399868066e+00
2.684867490237549337e+00
2.285479580439363279e+00
3.433504714906042921e+00
5.823338638575323856e+00
8.520597916028394003e-01
2.219175458144930335e+00
1.411872840774144322e+00
1.532155150083239326e+00
2.154996181245300235e+00
4.430186361366374115e+00
1.774613254665167839e+00
2.202528842079260585e+00
1.964841648268981666e+00
1.135169630061465096e+00
9.413197919775776468e-01
3.312669957289917644e+00
2.665315450182295098e+00
5.215057580113826141e+00
1.719503583357370469e-01
2.563236934151627899e+00
1.900176184783900935e+00
2.692570008029595119e+00
2.207087648297461957e+00
2.645045719559803832e+00
3.048966678085176074e+00
3.050407005567917551e+00
5.246428213502678517e+00
1.379746227838469563e+00
2.305324862949746478e+00
1.024720309956133724e+00
1.770410936293494331e+00
3.205853994581373545e+00
5.725817119958822587e-01
1.534788121756453405e+00
3.582386745804281070e+00
3.577359778929322331e+00
4.523037708298474513e+00
2.434817685830496625e+00
1.117263662553232617e+00
8.775802413527939549e+00
3.287535569764886478e+00
1.997639610915810549e+00
3.198114133900291645e+00
3.688743769747427237e+00
1.070348759225193014e+00
3.395064459215875186e+00
4.065753166451058220e+00
3.399443795286862802e+00
6.306252336404682968e-01
1.249425569177364359e+00
4.915243776441184487e+00
3.472399092499227180e+00
2.050004608244812232e+00
3.773561356137148159e+00
1.261792848061469963e+00
2.415162838216678320e+00
4.111912586342990394e+00
1.803048366151462689e+00
1.499751661756504539e+00
2.970741487897456956e+00
2.152759528642274045e+00
1.372342917631787396e+00
7.282446782238627847e+00
3.924897621397720471e-01
6.085306008148079648e+00
2.413375460536896000e+00
3.383719755546944707e+00
5.112300571143670425e+00
1.318325715269428322e+00
1.919191510072648876e+00
2.230649475736984133e+00
3.906642121552669211e-01
5.421313861599060147e+00
7.265561172170155180e-01
2.826562298359584613e+00
4.647134000981051116e+00
4.549478572126074982e-01
3.844853236625070725e+00
4.211498427031918901e+00
2.474862568514625938e+00
6.383926798236140954e+00
9.976578548790747680e-01
1.143465159148134624e+00
2.036282943981673643e+00
2.082197561367401750e+00
5.562244572934953446e+00
9.672625453810012042e-01
1.093269739558709652e+00
1.435706177434024067e+00
9.834744376177837477e-01
1.183674583220903243e+00
3.238419103820392442e-01
1.688350520742272209e+00
1.688936928925240055e+00
3.683095897769791627e+00
3.405886618368345609e+00
3.001687857116099867e+00
4.316454939962584447e+00
6.165252332147511893e+00
1.695430737108497343e+00
2.594680145594612686e+00
6.671688338705809684e+00
2.045245421494418014e+00
2.421386376398575457e+00
1.966522662889715445e+00
1.956974191401910312e+00
8.186111788594866434e-01
3.057512003988650306e+00
2.041248641100703143e+00
2.503194264582636386e+00
2.331179464032145265e+00
1.335516784410700541e+00
3.961977173887216264e+00
9.136170802754411957e-01
1.560530682638586075e+00
2.170454959842714970e+00
2.376941118516293638e+00
7.489076809520408551e-01
1.778986235988857079e+00
5.444158318461632895e+00
1.130396195658760705e+00
4.966833429864800920e+00
1.288957589991021946e+00
2.918555501062232604e+00
1.813073307333388007e+00
9.043165863585673758e-01
7.956284069617425292e-01
3.717015844359771837e+00
1.132054045507577156e+00
1.473953867982647603e+00
1.717363623727352406e+00
3.428268572041500151e-01
1.261515984398567491e+00
8.379189704244912607e-01
2.154677653753391375e+00
4.277039776556939010e+00
1.887885250257888892e+00
1.171484644320710311e+00
4.922126406992611614e+00
1.842989699967712669e+00
3.777833033036257948e+00
9.337673430849715572e-01
1.497064704838835025e+00
9.163250948625972780e-01
1.322109829782065260e+00
3.050538597380475725e+00
5.321810428360778111e+00
2.676650434274513657e+00
1.469834168017613907e+00
3.125491606645364850e+00
2.250603819895092172e+00
5.728656739293501055e+00
6.705790741868964844e+00
1.603101191050100294e+00
1.023146645903795671e+00
2.670223622373800065e+00
3.476056409152630255e+00
1.547954551008268176e+00
5.145996601533739501e+00
5.225913616267395589e+00
4.195163177395252241e+00
3.310823548450699594e+00
1.834716895784384683e+00
5.301502613533610742e+00
1.724285012423926844e+00
4.677468697913735873e+00
3.916173232759653455e+00
2.664514985309146322e+00
7.066827862550328909e-01
1.124379184649751284e+00
4.013820311026163878e+00
9.483417046542326201e-01
2.686132147766894018e+00
1.901911230092372174e+00
3.540313135386541799e+00
3.776595610046079354e+00
4.837895016623560807e+00
9.870853877342495863e-01
3.287893654475565253e+00
5.991561034231850158e+00
3.119450591624552516e+00
1.115051193758246351e+00
1.715218225089836235e+00
3.604793447630338932e+00
4.238265331471914088e+00
1.761938430836991420e+00
1.552915280464472358e+00
4.180045633253006265e+00
2.574790964237108515e+00
1.594753559931860742e+00
7.678085512577289551e-01
1.956263914210528254e+00
1.370935862187319110e+00
4.937299830484612073e+00
3.304498914766966777e+00
1.459967661376627479e+00
5.737847185280103846e-01
3.351466225232968998e+00
2.157175738243027219e+00
7.047561686631673705e-01
2.577610443072470225e+00
5.747707611351492218e+00
2.518202841259952418e+00
2.639089954111342617e+00
4.309965645848082616e+00
2.830958989152725369e+00
2.312773854424836628e+00
1.951507438535311056e+00
1.824439274728445470e+00
3.473870312570207508e-01
1.565617696574611806e+00
2.207710339847770875e+00
3.905478849773075467e+00
3.652451031777678825e+00
1.312156942755538402e+00
2.257375053596414993e+00
4.556517306993998595e+00
2.272501821754224327e+00
1.431887660330980250e+00
3.361294493136468109e+00
8.844499708571613716e-01
2.891229642883671236e+00
3.140799684144718107e+00
4.140906735144133322e+00
2.241871866878195618e+00
2.461990755353096194e+00
5.438226304442273396e+00
1.321453565703468946e+00
2.957686228790153304e+00
2.071318469979912980e+00
5.204601820561446601e+00
2.963995518442656962e+00
3.455491060383236501e+00
1.433139328768360810e-01
9.281798073537973481e-01
2.736565671738973027e+00
1.731317782948969208e+00
1.351610731593302361e+00
4.835831704921428553e+00
7.759362949539508891e-01
1.907573399540414272e+00
2.474224378415931458e+00
5.535382837172852177e+00
1.449755018806930140e+00
1.846050960824489717e+00
1.723793689623301040e+00
3.870167163395677790e+00
2.277045975896447860e+00
2.191819789005863495e+00
3.006731496636280143e-01
2.998407653547217944e+00
2.624412942822418326e+00
3.413493603321870129e+00
6.852757499236377114e-01
3.958873443049272911e+00
1.138445091309814527e+00
1.382517296739268264e+00
2.050400386734395397e+00
6.237675946950110628e+00
1.573842526408197662e+00
2.918333928412665812e-01
2.330086770525951589e+00
1.947322446060455903e+00
4.664329599606799270e+00
2.460812741395473235e+00
1.794924105317320162e+00
2.616405423822396048e-01
1.175166467235001067e+00
2.211166295383264035e+00
2.588469179644169227e+00
3.846973698763190175e+00
2.899419396797513038e+00
1.302064852663997740e+00
2.377781410272481466e+00
1.720800674439129097e+00
2.690611336975132772e+00
2.746776160269247757e+00
8.512902816260138339e-01
1.573985460713840601e+00
5.889624863566682578e+00
6.843529053359437286e-01
2.185720828781592129e+00
5.049382106981057383e+00
3.526913607123851602e+00
4.013129568638972522e+00
1.000172313151311609e+00
1.484377415437770686e+00
5.635475813983486404e+00
1.034250132814737766e+00
2.451530030753462430e+00
2.974327755918890759e+00
8.089068625858085726e-01
3.801568469584104992e+00
1.516489091685039980e+00
1.690973000045536967e+00
1.612550649046944340e+00
1.878791273504011983e+00
2.847055092545216937e+00
9.155943458482475039e-01
1.066839016941910856e+00
1.535658797616300975e+00
1.565926532920483671e+00
1.604753677689432667e+00
4.811966543217860881e+00
8.998336878885336843e-01
1.605004577281198053e+00
1.540303331083391791e+00
2.060207614824020261e+00
5.866055668492115016e-01
1.808844562635718356e+00
2.598275991509481742e+00
2.198149429468389648e+00
1.644288549713301961e+00
2.048286211500718768e+00
2.616049860578023356e+00
3.561060661512028602e+00
1.568390466063438460e+00
1.043870590974970813e+00
1.546999255713852328e+00
2.219592637637505472e+00
3.139676673895605674e+00
2.808752122951681418e+00
4.735899343804015338e+00
4.643075984075080598e+00
2.123714385763155299e+00
2.291795171465197178e+00
4.089112624442599930e+00
1.438884724577814467e+00
7.189956362882605756e-01
1.524771079499422033e+00
3.997530434445883407e-01
1.375588114318547994e+00
2.704057098856377461e+00
4.391401589459231758e+00
3.572157104597499355e+00
5.705109117258705176e+00
1.300070025317199507e+00
3.865222903605867177e-01
1.977948059246378065e+00
1.924687555506523706e+00
2.838700349850664661e+00
3.339625482198644413e+00
2.488367328921889499e+00
3.237705107690723949e+00
1.469340005453805720e+00
3.044061117289805551e+00
2.396366889409263568e+00
1.977490048603184558e+00
2.360165172393713817e+00
1.962428568509232418e+00
2.434684286050724289e+00
5.909082315223860293e-01
3.436906540942882948e+00
1.448534603303509138e+00
1.641746727112871840e+00
5.717289392617272092e+00
4.129679935203503405e+00
1.124717921934173415e+00
3.565657652631284424e+00
1.395720323051529821e+00
1.545057932728100658e+00
3.277610821336585101e+00
3.122323379447077052e+00
4.376849891716501073e-01
1.094932403451057468e+00
2.450049453493582607e+00
3.316957852285632224e+00
4.289454503326306956e+00
1.322663803538303373e+00
5.481545742991245085e+00
6.674758747142141013e-01
2.748328570152843042e+00
2.197409844134561308e+00
3.082308132902509712e+00
8.048521734946094686e-01
4.318819666298676196e+00
4.739128605237205027e-01
1.419995968751097459e+00
4.375351152734357818e+00
1.193426175298530234e+00
9.504224192234700386e-01
8.390603401085122703e-01
2.845331089512467049e+00
1.613930684422181905e+00
2.256805935037988320e+00
2.685955265702071326e+00
1.025404692538301132e+00
1.198396308771901841e+00
3.135046656569234980e+00
2.348136637610179989e+00
4.920291310813718622e-01
4.307492331513125272e+00
2.608876788684907133e+00
2.118168302710920603e+00
1.870569426570324545e+00
3.512531104389470915e+00
1.745801474197197445e+00
5.395510108266674543e+00
3.310768484528253897e+00
3.522888115133973486e+00
2.574427024407445419e+00
3.556563061578822404e-01
3.371050956675236243e+00
3.656484470556263133e+00
4.122080435019670475e+00
2.149655910188857266e+00
4.679155669358225467e+00
3.016917487266963072e+00
9.073792840001135840e-01
1.985188138327886653e+00
1.674692763459851186e+00
1.715681667603352167e+00
1.940174279336233543e+00
3.487106908181382803e+00
2.139219969053789860e+00
9.047524214827564748e-01
1.838189502331700531e+00
5.903805160846482991e+00
3.264283440761968524e+00
3.159161367129567299e+00
1.119737850510551080e+00
1.122425328212846463e+00
6.185722190089089079e-01
6.681275672236789198e+00
9.495519651888204571e-01
2.617543758694205636e+00
6.234767470227849939e-01
2.247949895328224645e+00
8.100139265202869865e+00
1.649218462263725815e+00
2.131682800827717550e+00
5.581470730951127557e+00
3.580690311376473201e+00
3.634075367628079700e+00
8.934713703888779168e-01
1.360913927552800606e+00
3.480340534928329621e+00
1.291502322681002735e+00
1.445395083855138374e+00
1.047913545632071397e+00
2.364930487732078035e+00
4.011004399520709640e+00
4.484464667479506339e+00
5.972173712681759561e+00
1.048918217993573654e+00
3.901184612464181800e+00
8.323542153122998055e-01
5.486720949467277286e+00
1.913354837538361553e+00
4.177132458747823129e+00
9.061379641341393842e-01
1.715752341245881274e+00
3.489707070036595082e-01
1.928108934642243977e+00
1.471490686772704670e+00
8.557339676703722420e-01
4.744193271810410728e+00
2.353647451225073794e+00
3.442378700661311353e+00
3.655085958919954248e+00
2.853242590739581530e+00
2.919785417227708013e+00
3.651791740308128809e+00
9.478791270843378580e-01
1.908581858226554351e+00
2.211104750062382607e+00
1.119009500992947270e+00
2.129780662616576059e+00
4.767480289451710540e+00
2.181374879610617601e+00
5.535259339063170358e+00
3.371151865002156800e+00
6.165922597888029433e-01
8.723570735089641870e-01
7.097218405521333873e-01
1.213249002656558106e+00
3.951616109847203351e+00
1.300249084613697592e+00
5.999957105708165761e-01
4.075462205119183778e+00
2.554156230383704429e+00
1.067307542118780539e+00
3.712059421634427370e+00
4.321807092682243834e+00
2.085278384230178972e+00
4.120821524721150375e+00
4.130568132914971713e+00
2.303009077863706455e+00
2.783709702777070749e+00
3.734467976888149909e+00
2.793435699094388269e+00
1.602596731421340737e+00
1.274222316229463692e+00
2.418662672793602919e+00
5.508791243846668628e+00
3.708568359456960284e+00
4.443794632932323019e+00
1.856214522326554039e+00
4.949911896628672814e+00
1.264473769708938988e+00
2.779797049246376162e+00
4.798980569732645307e+00
3.302958470143519509e+00
8.629808405570792429e-01
2.142088208186970544e+00
4.574362220986833094e+00
3.919020489546158892e+00
1.533282492766512295e+00
1.443895753240632018e+00
1.371228413590510398e+00
1.416208429169327321e+00
3.818806343036940110e+00
4.908625434721929359e+00
5.898888995147784087e-01
4.547481601148589014e+00
2.554755568010191880e+00
1.202953772963667900e+00
2.537033368481796280e+00
1.540520954507122786e+00
3.611385149527889471e+00
5.592836930080784974e+00
4.255433652025239155e+00
2.136791677245830190e+00
5.891329704078244411e+00
1.575555486096689162e+00
1.271023076629469895e+00
9.428179935804357203e-01
1.728997418174427647e+00
5.177091370960227312e-01
1.312165825628631932e+00
5.776744724409436094e-01
1.614493585930102615e+00
1.040520233655012339e+00
7.755689281729694073e-01
1.310676504706555612e+00
1.091563460969529054e+00
1.933047847034990330e+00
3.788934176766352024e+00
1.857904319204907617e+00
4.828814794835645685e+00
4.706791567544247101e+00
6.419585695631290223e-01
9.904048306002739555e-01
3.349088922678201907e+00
1.200915349912426100e+00
1.515696277634993816e+00
5.796438261572165018e+00
3.836937407723618687e+00
6.359938871658155080e-01
2.023024079430911115e+00
4.737519926534324632e+00
2.065695124423803986e+00
4.438091449863232896e+00
4.870049096386138032e+00
1.166255901093379510e+00
8.314579130154715614e-01
1.272642166727835811e+00
4.218754782383747903e-01
2.064543915717564015e+00
2.762620729040122791e-01
4.171983354052063220e+00
2.327402443268405285e+00
2.059811149969677846e+00
2.167933530126653352e+00
2.884317644955205040e+00
3.976948945148208736e+00
4.065846685185907639e+00
5.871304278768641360e+00
4.652122853246957845e+00
5.580346702490421862e+00
1.310849462263905529e+00
2.862287998412357037e+00
2.914666954189212067e+00
2.229745368530177352e+00
6.272585121539874242e-01
2.906734741933038713e+00
5.804283977898919034e+00
3.006662372443873465e+00
1.509537235849291781e+00
4.783813602641531659e+00
1.079904434769321631e+00
7.688364622309260543e-01
2.451277766203406205e+00
1.118230577347779642e+00
5.926239900475570588e-01
8.429279384161141309e-01
1.231082683831438152e+00
3.187483658375519280e+00
1.693826638598812329e+00
8.610459358730047086e-01
4.328356671372892706e+00
2.862531664228012307e+00
2.347383012418475356e+00
4.850321661329318523e+00
4.060682733976889836e+00
1.454442684197776225e+00
2.059887873662778812e+00
3.737917165894454552e+00
5.574773207676708697e-01
3.637437638902827342e+00
1.865237541492948514e+00
1.405537756613083555e+00
9.509385030564280195e-01
4.136580558154938636e+00
2.104988006178295734e+00
3.657521553983852147e+00
6.279458545583944229e+00
2.552800373995411043e+00
1.710255867424078202e+00
4.439467717656571111e+00
1.952877993503191689e+00
3.801553091324981537e+00
3.217850705838970704e+00
1.609376128879090873e+00
1.867106206922334088e+00
3.040240205369978632e+00
4.856588047355405280e+00
2.523543431404600579e+00
1.225365920932333985e+00
1.601634755646063279e+00
5.925021293668905287e+00
1.508453285652731291e+00
2.750816487360849827e+00
3.824489214578754126e+00
5.135722710034737126e+00
6.255706401659883120e+00
5.326158856042683132e-01
4.553025678728817582e-01
1.907417348568086979e+00
9.527602295022839840e+00
4.196776524083952076e+00
1.147692948951816172e+00
1.952557311000241436e+00
4.524950557947788887e+00
4.539985070502683961e-01
4.981629836857208282e+00
6.163529210057280494e+00
5.980565619653210874e-01
8.063727266855875708e-01
4.960271478169772763e+00
2.927999767859708946e+00
4.221161115322479951e+00
4.354079687969157675e+00
6.139546280890173513e+00
1.942230403443292452e+00
1.221301544918105053e+00
2.465731792772607012e+00
2.574549249566065345e+00
4.906133538774419378e+00
5.413783742435711588e+00
1.822606878316248569e+00
5.315774560643373725e+00
1.152949212854014194e+00
4.209753264830187192e+00
1.567616560794925729e+00
4.030007477646409875e+00
8.334646461204344714e-01
2.719870476839046258e+00
1.586668299044752706e+00
2.323650338303491658e+00
5.201965965697165295e+00
7.970070508246686281e+00
3.134885479801392538e+00
5.579014806998073617e+00
9.754420015739176719e+00
6.232891426497751963e-01
3.418887417564511200e+00
3.585896122778077899e+00
3.625953027366866976e+00
3.199781120704448867e+00
2.017093039587389391e+00
1.086214336987349149e+00
2.048134116816063610e+00
1.914047990204953198e+00
5.025825111766647701e+00
1.247391414071136850e+00
1.698119169502524950e-01
3.078555450586173858e+00
7.856168310281529399e-01
1.317999448075447111e+00
1.760897037200722659e+00
4.714017870447245739e-01
1.011923036594641889e+00
3.142465649109334347e+00
2.088041500730849709e+00
8.540352728355304901e-01
3.409178722237606873e+00
2.881233277528179482e+00
1.620774257571616861e+00
1.757096342124165878e+00
6.105748734534335309e-01
9.905527131025365639e-01
3.058121224123497406e+00
2.363713584517470601e+00
3.036882159069639098e+00
2.355809889544868252e+00
2.015287146720780243e+00
1.642012877311492591e+00
2.567793700950167235e+00
1.669512182197156358e+00
2.303895902446729593e+00
1.090274016904281495e+00
1.457418970855191231e+00
4.096934925242970316e+00
2.349036301671519666e+00
1.946687492607235503e+00
5.226900889869867672e-01
5.706811678977478763e+00
6.927908410088068347e-01
2.357788404188873699e+00
4.049691999475974136e+00
1.962771894500062508e+00
4.925299769450230514e+00
3.482716581077091256e+00
4.410527169202755893e+00
4.103710572006952439e+00
1.613937541175894275e+00
1.484841876903204128e+00
3.302462039345463563e+00
2.431255481378851169e+00
1.078973898817254140e+00
3.766768646337984361e+00
3.068325899491089359e+00
4.781724819704029628e+00
5.435055288095272275e+00
6.367322924884445401e-01
1.818583623620452450e+00
6.472001827268404561e+00
2.716621808930718363e+00
6.280373845894954954e+00
5.028890827455778201e+00
3.169293177104389958e+00
9.662584218932530611e-01
3.003877520121985167e+00
4.110327125770306012e+00
2.063798320248986240e+00
3.685352750414151224e+00
2.583717769508893980e+00
7.286967645894627532e-01
7.374641309639826670e-01
1.662952056587351457e+00
1.172327696267653208e+00
1.227079935705194691e+00
1.438046878532263984e+00
2.328310387833593786e+00
2.793783284088148022e+00
3.187036750477876268e+00
1.069157685704948735e+00
3.155078200212273920e+00
6.241799021374958567e-01
8.005716331345897885e-01
1.371192947623141700e+00
1.921040961818845316e+00
2.676354651315041355e+00
1.046802893085330588e+00
2.175007470856010094e+00
1.078628358660062903e+00
2.317704337378195145e+00
4.573608473371688632e+00
1.035415099389729310e+00
1.006925186911021397e+00
2.020028719154797425e+00
1.625501009946005437e+00
6.496166202224532782e+00
1.600538755335558116e+00
2.660943676565339366e+00
2.302536372739887760e+00
5.956859701939239748e+00
6.030000169624922357e+00
1.785588484416166688e+00
1.431821516841439657e+00
2.581610592173648300e+00
2.452973280943201662e+00
1.137877979322739597e+00
3.958179216900867381e+00
3.430959479745142593e-01
9.844634370427182146e-01
3.252986760395089494e+00
5.603712172277127701e-01
2.209549809226336148e+00
6.808510721001965749e+00
7.160434688844267148e-01
1.225284772551900048e+00
5.496816681609553612e+00
1.419002545507936475e+00
2.163987229401735046e+00
1.821508227923862577e+00
2.392525787239312862e+00
2.059945821256234932e+00
8.427741734059605028e-01
1.334590989995001475e+00
1.638385912266310918e+00
9.433495394803433909e-01
2.428683718004657877e+00
2.655510039978240311e+00
2.646809891446471941e+00
6.461705615394381930e+00
1.918452053268455249e+00
6.007086150007184822e-01
3.607164203056771434e+00
1.465698172996795279e+00
2.610005908455145462e+00
2.712815219111966769e+00
1.584614355341842584e+00
7.187239668158748040e-01
2.191094813728795554e+00
1.764578898742013680e+00
1.838187279931131402e+00
2.560950555606143375e+00
5.233254599848111699e-01
4.645948272576689853e+00
5.099171853193546156e+00
1.505203454614599812e+00
8.498185485850701104e-01
5.073766670069736584e+00
5.779190442052492216e+00
2.417340149163901497e+00
6.112509274560825823e+00
3.931062458315691122e-01
2.264166276650069420e+00
2.368224227889544675e+00
3.325363509600316014e+00
1.436462572852822195e+00
3.138503917731856330e+00
1.870576253327833394e+00
4.401734049680229077e+00
3.686988625266095276e+00
2.888573366143418308e+00
2.422820869451793424e+00
2.805936931042964488e+00
1.787082239462055577e+00
1.978878673670004584e+00
5.668358296872494151e+00
5.317350811188937598e+00
1.352890251467006477e+00
5.069467083510012628e+00
2.671911286899752547e+00
1.351401799719747165e+00
4.681587527046940700e+00
3.696868100961126391e+00
2.407771700950697369e+00
2.356329204040157776e+00
2.717651515937808515e+00
1.332356072685917381e+00
1.149815823909797530e+00
2.163308812025073191e+00
2.327389099535527528e+00
3.092685930955700435e+00
2.659244083701806982e+00
1.273479478647883578e+00
1.029438662000834892e+00
4.040878029963821838e+00
3.869934771879000923e+00
3.034194143358109663e+00
2.238152925631528678e+00
1.606507048892291456e+00
3.621429272730312565e+00
1.874203258142546513e+00
1.484385774354102239e+00
5.763910781317470367e+00
9.278402202367111995e-01
1.765518070195802425e+00
1.063296636033205900e+00
1.631332301557052222e+00
2.313563434624014370e+00
3.707389680751803418e+00
1.433906574380074739e+00
1.927617158811830711e+00
8.105442386495712581e-01
3.256209544004516676e+00
1.081666409106064597e+00
4.697743499524558608e+00
3.149503708882568809e+00
5.009799655792781081e+00
3.263245264960007219e+00
1.182131400648721353e+00
1.254509802182249611e+00
2.474016410246415720e+00
4.114850127329686025e+00
2.195886980803746891e+00
4.092088872259398435e+00
1.070212300634449054e+00
1.098872262286228363e+00
3.114922521125713217e+00
1.018318785184133102e+00
5.301500578065410529e+00
5.446820819576725370e-01
2.068758344887191125e+00
2.751331321978566891e+00
3.060004571065908952e+00
3.247116447174891452e+00
1.962577175958646780e+00
9.422735143802719593e-01
2.267459242572673617e+00
3.606491555816460526e+00
3.825170931159809218e+00
2.287701429339334958e+00
1.061067896269471289e+00
1.760632660545720318e+00
2.458510990254485495e+00
2.925761449936241654e+00
1.722526397142245980e+00
5.488598934072001612e+00
2.374740883805117608e+00
2.306333378536160161e+00
6.890273436250630157e-01
2.421911387817548444e+00
2.696161874587481577e+00
4.349600609887288805e+00
2.240196238211942692e+00
2.661764870110375103e+00
3.572719212968641922e-01
4.729031832984434303e+00
1.395956893943934407e+00
3.972945622740377658e+00
7.175295938442589616e-01
4.857757614897379561e+00
1.263296041769308875e+00
2.621017460857161474e+00
1.842604976188074284e+00
2.421212345118124443e+00
4.453170081117211687e+00
3.603906396247497756e+00
5.161959219003349197e+00
1.730102867085529850e+00
3.156060826023907584e+00
3.659434262668288529e+00
2.324109689416073987e+00
2.268887142184268679e+00
5.191220276875135875e-01
2.405777344959109665e-01
6.043253854834707894e+00
8.796198366999784524e-01
1.674677817839783645e+00
1.971726796331717990e+00
8.360346818121027201e-01
2.857259231571701807e+00
2.175052164119517517e+00
1.380166926607365063e+00
2.797169535431646814e+00
2.154588309495113929e+00
3.201676874716878451e+00
1.938428261211821990e+00
3.205167541831718925e+00
6.553837038496096667e+00
1.773379731720481134e+00
2.049660542510481243e+00
6.708991658235869959e-01
4.637850784394750292e+00
1.586665099051793426e+00
6.403235865635330093e+00
1.899354726430888540e+00
2.211404059307024550e+00
1.868072759492717561e+00
3.113020713288417785e+00
5.274116129461051905e+00
1.176095898589984978e+00
1.496753111548744908e+00
1.814140430541776761e+00
4.098452549007019385e+00
2.134975622944472295e+00
5.135971469563791469e-01
1.166985600544514362e-01
3.849374568948548792e+00
3.641581242119636297e+00
1.430683921321874275e+00
3.878704384079226131e+00
4.636406577538657814e+00
6.529127444929286872e-01
3.948571597421463686e+00
2.513268601387036227e+00
2.178527654697776761e+00
5.175681084610328497e-01
4.295970553951763193e+00
1.664921552070100175e+00
2.809255788008691024e+00
2.385832838125040656e+00
8.702009069532328223e-01
2.415707401276675270e+00
7.446388664679230995e-01
1.500632542860370178e+00
2.551802459034551163e+00
3.247856299346500109e+00
3.886229922340739940e+00
1.441319627329624486e+00
2.951206723577021407e+00
1.198759543969786678e+00
5.339283570760616549e+00
6.863639547526856788e+00
1.274559329668752072e+00
5.225945895354201731e+00
2.013545519678091811e+00
2.410845070404126211e+00
1.894409351263863339e+00
1.980649042844498720e+00
2.096858060483404174e+00
9.203961298659428802e-01
1.682362190445709116e+00
1.181263023050562966e+00
1.333884412496475713e+00
5.894998154180242977e+00
3.410911573757077875e+00
2.323401760913716085e+00
9.865821900469410322e-01
4.423221638552401913e+00
1.589821027353634841e+00
7.432628927449599354e-01
3.181909827718264694e+00
3.798169127132808853e+00
2.454643314006295540e+00
2.542680963760275414e+00
3.576541302212335793e+00
3.531925698265765412e+00
3.157887108398559128e+00
1.549046196705968992e+00
1.006454893261608641e+00
3.749217648578317519e+00
2.319078955842043488e+00
1.209978798564222524e+00
1.701225021661324055e+00
3.883109955508596389e+00
4.558557184838939236e+00
1.855047046900974994e+00
4.976416482719779211e+00
1.164394122788119379e+00
1.902884130554538755e+00
2.554334976963939408e+00
7.073852919848157006e-01
3.438310404960655209e+00
4.147570839009881993e+00
2.259592081039532019e+00
5.517118359475959188e+00
3.853946060848243427e+00
1.545653339777891544e+00
3.228100066169194537e+00
2.516806995758857468e+00
1.623187654147693060e+00
4.708586327881017830e+00
1.725588030358952807e+00
2.018782933269412272e+00
8.029831581179135425e-01
5.333105222887985164e+00
1.040221592060607936e+00
2.328711631309137609e+00
9.718172816970219730e-01
5.672880096595878996e+00
5.824877573730611324e+00
2.050014395239714737e+00
3.749442353097728109e+00
5.637822685928497446e-01
1.995967444825831549e+00
1.945970404121594166e+00
2.666249148203265307e+00
2.905154075564083893e+00
6.364924635722851498e+00
1.971445154797758059e+00
2.932274380092700028e+00
4.666421108986286370e+00
1.226788907004341844e+00
1.563242272104038211e+00
4.473213043712211068e+00
8.134779682060296890e-01
5.566598873348026721e+00
4.474549072838390096e+00
3.067061199661121673e+00
1.707209673211625756e+00
3.144643802878936967e+00
1.575328509373859376e+00
4.686987512573831616e+00
5.582714386274834517e+00
2.084100055785343741e+00
3.257610241037407928e+00
1.742408997988549757e+00
1.810862402752789979e+00
1.762159186157545632e+00
1.615614879192663444e+00
2.550994338725148136e+00
1.540991265450702308e+00
3.142043894074656674e+00
2.898386898529897504e+00
1.823130080103230410e+00
2.297794309667902990e+00
1.465799731764898306e+00
4.615040336206883254e+00
1.448612417748318837e+00
9.680771817892647180e-01
5.332791094735656934e+00
1.272502348409066508e+00
4.399048881467843231e+00
2.892963150597648081e+00
1.347143735204617165e+00
5.685538745727646948e+00
4.363147274539237230e+00
1.632307849176842351e+00
1.866418332248082956e+00
1.988297748491871575e+00
4.251873321368553782e+00
2.253186859395852615e+00
3.559891542094666961e-01
2.712772819969043070e+00
1.415989124953033418e+00
4.240930076865523368e+00
4.012357500277317968e+00
1.714866328661577510e+00
1.076987920123932518e+00
1.231394997762705223e+00
1.146510796737204796e+00
1.090441966850723254e+00
2.673874878596271376e+00
1.168311231320783738e+00
2.882971642282809999e+00
2.076572777314543927e+00
3.734381339693681578e+00
2.596960342335407734e+00
5.851714450196817907e+00
4.214300034962963792e+00
2.278993303086051192e+00
6.603411909972551008e+00
1.922831717111314287e+00
3.291367267219939663e+00
1.527265890757616207e+00
6.934197629606315694e+00
3.513021878242650775e+00
3.467394723384375599e+00
4.592292950765310966e-01
4.029315436394674599e+00
1.109337259254426167e+00
1.945973581699260269e+00
3.158616713049065883e+00
2.402070934316402173e+00
1.030472913678640579e+00
3.007951087131345957e+00
1.513485048659480414e+00
3.800687463254504461e+00
2.415573097249828383e+00
2.264169546142871692e+00
6.656211607227376703e+00
9.190291420998381033e-01
6.652264687393133480e-01
2.232952029336400468e+00
2.776653242756297324e+00
1.939032804443953095e+00
2.097496109018540111e-01
4.091806287592914870e+00
1.082423463791271967e+00
1.160772918856365798e+00
5.011361345571602399e+00
3.306651363645705111e+00
5.816679401121098714e+00
4.955853651310588859e-01
1.342315804911777599e+00
4.050154369375747798e+00
2.202546596288380787e+00
3.995601272594535125e+00
4.028291960077049261e+00
3.985665163831021651e+00
1.461442181928744866e+00
2.436672577769612769e+00
1.784021302896094063e+00
1.787445720948057426e+00
1.356871977649309446e+00
2.738352473099575413e+00
1.000655322379825352e+00
3.126729228497655111e+00
8.175560703086026670e-01
5.724027678463273539e+00
2.911042857318745014e+00
1.641693826620107988e+00
3.605694529856747543e+00
2.119948678889494342e+00
1.605351013240019054e+00
5.298705265821016752e+00
5.711778997148510228e+00
1.790507520190507629e+00
1.433028350596473821e+00
4.897236386196562208e+00
7.388610275526299453e-01
2.513560880553648680e+00
7.166990369338538391e-01
2.311875603994252515e+00
4.395942564657834950e+00
2.370014451031948521e+00
1.697715313634184098e-01
1.559383746044614494e+00
4.058736254019160050e+00
2.757768100828187574e+00
2.809387421801691431e+00
3.203133973579991522e+00
2.723988990268358279e+00
6.127548035821029915e-01
6.922534157263585008e+00
3.747683520405324931e+00
2.378622159257176794e+00
2.733181492905449428e+00
5.235820381055494188e+00
5.767540609362198367e-01
1.832397039475485601e+00
4.763296638167929586e+00
2.891583937556551298e+00
2.656693747344894607e+00
1.507097493044283754e+00
2.412059519329165180e+00
3.243326471824755419e+00
1.948765960072111225e+00
3.262797904856406195e+00
3.467969825847312393e+00
6.243737833346277633e+00
2.695890906276151355e+00
9.796876843288723213e-01
5.954942894959089905e+00
1.425411148952107299e+00
2.039777645231154235e+00
2.566089968418065137e+00
4.291806428628767378e+00
2.732621800629037701e+00
7.984167191198414670e-01
2.115728683887656558e+00
2.221115247278494742e+00
2.517194367998214943e+00
1.210359946862033853e+00
5.089388875689655478e-01
2.799224973857174170e+00
3.530034325387962024e+00
1.487340570716011223e+00
9.802234508014523451e-01
5.913827911994530950e+00
3.205106897466924121e+00
7.210547559932638517e-01
2.007842391945843907e+00
5.016410140228494186e+00
1.508177603681535528e+00
2.510965144101557911e+00
3.399992447312667476e+00
1.804944350048823365e+00
1.839539876461784740e+00
1.400328953686607925e+00
2.591475924485751481e+00
2.818234491249076434e+00
3.125016415912388990e+00
3.033198811152139740e+00
4.387725934881312462e+00
3.463379723740632965e+00
1.083901860064552691e+00
6.494982922211959275e-01
1.902611781819596892e+00
1.416176409750866894e+00
2.238543823505082742e+00
3.942140816670746784e+00
5.876186992342118387e-01
3.566015595685675943e-01
3.697653464870849671e+00
6.486307227492925653e-01
3.071648156544784403e+00
1.723769349202262546e+00
3.769701766730681136e+00
2.639141724050214410e+00
3.433214664458275611e-01
3.874663511251762227e+00
5.147608277282039069e+00
9.956364650926299298e-01
1.847617658794374673e+00
7.234454630378234219e-01
2.543352632309016315e+00
5.691677113961021384e+00
1.682726788036357002e+00
6.528406581353767280e-01
2.687699796157551280e+00
1.590881253030433484e+00
9.270731206599314156e-01
9.761882244797437380e-01
3.049121067829482890e+00
1.767695388414963542e+00
1.882812553695190294e+00
5.725618619974236267e+00
2.123754186769002850e+00
1.930915069014337515e+00
5.092276935406603755e+00
2.776936206237074489e-01
2.719614246830914794e+00
1.976219822564672768e+00
1.066059401314680244e+00
3.198126969480256321e+00
4.707850525207715187e+00
5.061942767355491313e+00
1.228134309877310981e+00
1.422136826235871565e+00
1.700121386971069848e+00
2.653633471889227380e+00
3.682471135976428389e-01
2.449066141814055797e+00
1.027006494387297764e+01
4.740083468504559860e+00
2.024380146638486977e+00
5.242626762541662266e+00
5.878217090479984641e-01
4.033363791450989666e+00
1.197924098855341679e+00
4.218712454263819467e+00
8.189201734960784851e-01
1.044447706938343323e+00
8.058508519605224407e+00
4.786999720337014708e+00
3.529443335513338553e+00
3.526546507845957468e+00
4.046113886794063141e+00
7.831261389432452313e-01
7.003722794271213914e+00
1.888971224232793178e+00
1.346834571514364809e+00
3.978908063756947389e+00
2.429731457217831458e+00
2.239324289745713070e+00
1.838238693355051856e+00
1.843923511943961202e+00
1.501229037149433898e+00
2.127016895872102520e+00
4.469579637816142537e+00
4.365302172117483948e-01
1.322395611495480461e+00
3.992445981410450262e+00
1.912728375346339549e+00
1.427810543640701813e+00
2.243171805910423533e+00
2.408780351926384622e+00
2.263669043512388068e+00
6.503230659153396154e+00
4.054596012584719134e+00
3.492535430719876377e+00
1.145584365983812081e+00
1.178094596015445195e+00
1.329347364236457274e+00
9.852866767280578086e-01
1.311152981979260890e+00
5.653622695456753888e+00
5.021637811879911872e+00
6.566330954183116297e+00
5.270750990982034700e+00
1.680648376281617340e+00
4.571504155519149570e+00
1.094081559223027078e+00
2.416029586632623793e+00
3.500569202279111281e+00
3.195703673676089540e+00
2.091529165430423554e+00
2.399804552780760769e+00
5.643222877739640708e+00
2.813810922427402605e+00
1.252421238304848972e+00
8.066082670890408757e-01
4.928169780863196792e+00
2.473897195924682268e+00
6.886063917583633565e-01
8.064640373959519604e-01
2.428438497538980556e+00
2.101376236308923673e+00
1.540686337407216167e+00
2.432152822949249060e+00
4.108755884706215333e+00
2.126891804692176535e+00
2.883374699665632868e+00
6.204668044643888436e+00
2.321276434262963928e+00
2.340992207119608093e+00
5.141638865210632403e+00
1.916349114568594025e+00
8.811271929499870925e-01
6.580371613348040327e+00
3.609374315023758051e+00
2.791676141518713017e+00
3.426147193789542467e+00
6.184775699563663132e+00
1.648665885132179154e+00
1.907234954790657522e+00
2.740304252934626650e+00
1.921236956646205085e+00
4.332906267955278778e+00
3.111881528720711998e+00
6.336669364056246145e+00
3.657868816172421322e+00
6.468112673455544970e-01
4.580738841547695728e+00
2.869854696348603351e+00
1.822430375942517111e+00
1.650119665039308847e+00
2.568812992267150541e+00
2.000719820905259461e+00
1.436237150438779864e+00
2.798802458953155270e+00
4.527603741234655921e+00
5.888473505897317217e+00
1.925659320078516146e+00
3.662553097692004211e+00
2.336048970792141688e+00
4.649573467807449845e+00
2.240714661801734398e+00
1.921622379948869197e+00
2.107987169838357211e+00
1.305917891211866966e+00
5.287853055487844678e+00
4.553709911347375794e+00
3.026759342272520747e+00
2.066099417012809969e+00
5.640018979745643257e+00
2.135295602931459591e+00
6.477585427483825598e+00
1.273917777605707125e+00
1.788475324088005136e+00
1.730229124126744233e+00
1.196473682581657538e+00
2.609498097197156863e+00
1.418021230588958348e+00
5.858489664755179405e+00
6.107221074520367665e+00
2.337004975053116773e+00
2.824551086774750974e+00
2.009235895436054520e+00
3.317142158169066768e+00
1.531768997062558757e+00
2.409103417937330516e+00
3.447778731929017848e+00
1.376388040958079761e+00
1.505151972976219499e+00
5.346330687635823864e+00
1.959192407199824570e+00
3.655844403954989552e+00
1.548556669517439977e+00
1.853455910154287789e+00
4.477949249791810082e+00
3.735581853605812075e+00
5.505194691658597428e+00
2.925242620526513626e-01
4.009548826058497717e+00
5.111845226095700134e+00
1.709620183152387174e+00
2.000831249285863311e+00
5.325669934945615580e+00
3.582979742865568973e+00
3.239127792814038287e+00
3.790139374343112433e+00
1.417216052214564259e+00
1.219898180770160101e+00
2.534354198661000979e+00
1.845633130023449420e+00
4.129124468588861063e+00
3.477704470191316233e+00
9.664409768561910141e-01
3.759596863927706423e+00
3.638400236769649521e+00
1.154112855334067600e+00
6.146340623538297798e+00
1.998921767124054449e+00
9.999123077345518640e-01
1.047235642384422682e+00
1.152573627259634526e+00
6.577102251875114325e-01
3.109475932484980554e+00
4.091737376978072938e+00
6.338970346968081593e+00
2.076702338939667936e+00
5.131842020870216459e+00
2.564695161153818237e+00
1.991372614767350946e+00
2.955053635484186536e+00
2.070303119418297477e+00
1.236978732058197084e+00
2.014502718631014933e+00
1.158424271880846845e+00
1.946242500830204003e+00
4.252383109799379390e+00
1.298919681508037050e+00
2.806877348840386865e+00
3.196854077707873998e+00
2.147535214559932459e+00
5.646967658095454645e+00
1.359090785133014512e+00
1.705778549487502405e+00
1.219224001071627983e+00
3.204521910322508216e+00
1.510917205418434106e+00
4.134207049358124664e+00
2.192972620110274828e+00
3.489723683668339849e+00
2.297407264135555405e+00
1.820640851537228766e+00
1.733433229782529228e+00
4.084507142303902549e-01
3.819543497426935996e-01
2.844550778140007008e+00
9.921794204184166688e-01
3.576590685045631268e+00
3.195991455596371988e+00
1.170461241450923229e+00
2.321563749189575088e+00
9.454979887219281398e-01
1.423436868409343692e+00
6.329881481660204479e-01
2.241577835496097126e+00
4.773142485344084918e+00
8.373269978930673041e-01
1.359037011991700350e+00
1.259302081213964364e+00
3.109892583719492176e+00
2.653855555926295740e+00
9.267851257443985302e-01
7.591572203243302397e+00
5.703340935303378156e-01
1.820862148286829685e+00
5.010153928694632164e+00
2.482812562399041134e+00
2.013422186195463759e+00
6.013972085831531977e+00
1.696511924943284511e+00
1.926445325411308307e+00
2.054970072234376222e+00
5.324753826342121243e+00
4.723666597353309626e+00
1.543830103926479902e+00
2.352643447720871972e+00
1.367683076913941642e+00
1.851727783105620695e+00
1.805214236252290716e+00
1.287261120009195459e+00
3.733062505025881883e+00
3.546841739532387461e+00
7.784245155304689856e-01
5.554051634562304773e-01
2.400394411052056753e+00
2.839833272573312861e+00
3.802670225951191085e+00
1.333033287639869835e+00
1.579230336038429439e+00
7.133156716577051526e-01
4.394681574428741300e+00
7.278655839533885619e+00
5.691591264317318988e+00
6.739197285885401456e+00
2.081452454368485139e+00
1.911037013094152304e+00
1.767453985044633802e+00
4.076222783506286973e+00
4.870750740813967639e+00
1.623679227252678325e+00
4.055523309390182796e+00
1.880155078882176811e+00
1.669305294166283149e+00
3.390726601720339684e+00
2.652823141655377803e+00
3.522491581393647486e+00
2.346873138616343724e+00
2.033491121126856704e+00
2.947447986834472733e+00
1.587258155328195919e+00
4.512142906255235175e+00
4.281666939769746882e+00
1.582967012416660380e+00
2.776001617638139685e+00
2.976292127904747620e+00
2.283084356199116094e+00
3.820509328640972146e+00
3.732753283535278577e+00
8.475663673853651714e-01
2.145872957294708616e+00
2.165387575629992511e+00
4.240705601919703582e+00
2.040420198706521582e+00
2.001212669569846447e+00
2.007895726402511904e+00
2.379344708743319714e+00
1.053914362319187559e+00
2.275974104017561839e+00
6.041123554553267105e+00
4.534717149145270021e+00
3.024743831729231225e+00
2.946490934334202283e+00
3.117920065351011960e+00
7.513599924260571106e-01
3.588587301563279652e+00
2.070111970890927910e+00
4.884197394300643147e+00
4.086548801392485553e-01
3.056660297590804820e+00
3.598853768947623877e+00
3.186403969508464940e+00
4.621211819444241975e+00
2.298632515310568003e+00
5.595035200574422163e+00
1.995404228948487235e+00
5.569534945830473260e-01
1.197788370381817069e+00
3.625355828135735869e+00
5.581332337769635554e-01
5.937706491890969218e+00
3.879859077282328261e+00
3.416256411813323735e-01
3.188917126879888819e+00
2.470062978568864143e+00
5.738567662718270235e-01
1.263822628768669576e+00
9.727568133734357803e-01
3.849774338475694169e+00
1.176534965889681761e+00
7.275073278755550099e+00
4.616640098638847611e+00
5.573848390786431573e+00
3.426988331095873086e+00
5.934876297413404167e+00
3.253809763280739897e+00
2.065868321625842441e+00
1.108546263871478255e+00
8.318342273821353050e-01
1.755603188491039024e+00
2.096173019495522816e+00
1.904714645424595121e+00
7.626301945367305324e-01
2.933047074047292480e+00
1.252013586566921965e+01
1.580930083686052923e-01
4.541904617630031282e+00
5.707968614376298433e+00
5.994158729163758803e-01
1.045735263981360852e+00
1.778571917003854752e+00
3.355435326504677018e+00
3.922527539475812119e+00
2.654878639048921407e+00
1.352761568461388952e+00
2.552611681212810346e+00
4.591431634392286298e+00
2.166128798923211640e+00
1.366544029968423724e+00
5.399741722285505752e+00
1.470841840500859421e+00
2.179317839601766948e+00
8.285718776956537690e-01
3.062195119686661915e+00
3.144378793426559238e+00
2.868362454806896888e+00
3.513432598089535563e+00
1.650637112420212382e+00
1.281950224291308116e+00
4.650259187373571912e+00
3.182699202875699740e+00
1.709815196980308150e+00
2.977063610365128010e+00
5.177527814183919830e+00
1.588708006199634371e+00
1.135471226781690657e+00
2.054794288688940540e+00
2.890066066087074059e+00
1.050368901232122454e+00
2.404971918676579001e+00
4.240805062973332262e+00
9.640077043712175220e-01
3.077941050281109980e+00
7.825273392524872973e-01
1.795780108748988413e+00
6.195471788626882859e-01
2.446650940452690826e+00
3.755663949083916098e+00
5.994140961960778391e+00
5.083670954303436407e-01
3.385820125645564893e+00
5.476049760967725000e-01
2.087470937175523567e+00
2.298431897846396676e+00
3.641755726701580542e+00
1.602686916788277127e+00
2.213639137321151029e+00
7.259358665964806834e-01
1.607295330474838746e+00
4.570237870940349612e-01
4.603792354370848106e-01
4.470800188120506391e+00
7.411138242511516872e+00
2.836883386776308580e+00
4.178695579601263144e-01
4.178288437386358467e+00
1.442993128002130643e+00
4.871993932148082962e+00
1.092879391571072834e+00
1.715783985286736701e+00
2.232013868262247236e+00
2.583443799970805088e+00
1.356427960433117974e+00
8.031727667094435974e-01
6.680469554446354374e-01
4.660882587579938452e+00
5.639476936914684657e+00
6.524580534161162904e-01
8.620344533472873438e-01
1.192630620543544406e+00
4.232378826296224084e+00
8.952007942814125263e-01
2.021394895108088896e+00
2.043680962678777469e-01
4.241935177413823865e+00
3.196703170693324214e+00
2.616185017461059470e+00
1.459340497800681646e+00
2.692465576589035070e+00
4.293584102941809810e+00
4.436602093223513066e+00
5.629767949123538173e+00
4.034222503761619727e+00
3.200255610231226733e+00
4.169080909601538210e+00
3.773268693903404802e+00
1.882960453159408853e+00
1.073094456903775029e+00
3.088172776968745481e+00
3.289817685705870076e+00
2.437837062762280738e+00
1.903394656515750238e+00
2.596473700040096144e+00
2.944320301890426261e+00
5.058597875054299031e+00
2.761291258069239252e+00
1.674453753732546346e+00
1.991333892807792605e+00
4.889601663372147300e+00
2.794332068297733507e+00
8.427281690678375625e+00
3.810150541553103398e+00
1.031541814452267669e+00
9.559245251844912250e-01
6.287685705697075633e+00
1.897290852854658816e+00
1.440125990623647656e+00
3.303674551626279765e+00
1.789445761964354675e+00
8.769411555135386838e-01
2.047421040782719803e+00
1.172261672083798389e+00
2.681079582877742062e+00
1.564069433610903448e-01
4.659946708915452263e+00
5.642069342681256927e+00
5.241930903797476837e+00
2.488218387268521514e-01
4.477567525999022635e+00
1.308497561636469575e+00
5.032769539016770377e-01
2.670398918869837601e+00
3.962108878162288739e-01
4.060877011716208074e+00
4.274823365087137894e+00
1.614901014125391887e+00
1.681903815111596812e+00
9.510094613372918060e-01
2.173696259962832222e+00
3.232633743105385538e+00
4.087309578228834006e+00
4.303732087549700047e+00
1.778287209424241233e+00
4.144565097386242236e+00
1.168258448214797074e+00
6.301505215975617524e+00
3.252663800548762918e-01
2.978800968461739807e+00
4.211943131555051956e+00
4.899739739973938413e+00
1.112636580488805205e+00
3.711368247920812546e+00
8.393077812440794538e-01
1.508424642383230374e+00
1.277284674182267210e+00
1.329889336170477110e+00
1.519800615012326883e+00
8.828962341349306797e-01
1.417165984284139757e+00
4.566199311914032499e+00
2.938588360803311428e+00
2.042725813321262240e+00
1.004933717273260640e+01
3.727975444717356535e+00
3.951143145023010561e+00
1.508566003805930755e+00
5.318819930198086077e+00
1.318131233270026126e+00
7.522338451616432664e-01
1.879987676390573403e+00
3.467012608029601317e+00
2.022640810086337559e+00
2.046344576114942360e+00
3.570159385723131962e+00
3.827934773381232336e+00
5.799472438703716648e+00
2.525512774631062829e+00
7.162168875973160542e-01
4.352868472009572720e+00
4.073916826690259896e+00
1.138523391504235427e+00
8.522257408652557098e-01
5.721985012924954539e+00
1.296636909014527550e+00
5.408498280977907413e+00
2.717732453153790306e+00
1.286900058009493142e+00
1.731496619590508601e+00
4.233444834471379314e-01
5.227392296446526032e+00
2.544709438026921955e+00
1.727579410022242135e+00
3.871960513797414460e+00
2.124601415211370359e+00
3.065287489526990150e+00
2.684673529785302382e+00
1.698893762759301485e+00
5.167230181793458499e+00
3.961736819085611150e-01
1.960875389677884995e+00
2.567824442965330523e+00
2.787834063937620677e+00
1.935948571868633783e+00
6.270170773526737129e+00
1.776007283474554166e+00
1.920878537203591030e+00
4.293835926441235351e+00
5.805788276421385952e+00
1.583241137593998316e+00
1.228651113592020616e+00
1.312318784256739201e+00
1.062845178653277545e+00
2.119308300106139242e+00
1.805460944049334326e+00
3.500024096061327139e+00
3.274201315543021629e+00
3.976778494889471549e+00
2.267150188207083694e+00
2.010573370609664234e+00
2.307716395975513812e+00
2.712594078668169484e+00
5.531646755153654116e-01
2.174214534997057857e+00
1.907717425944036593e+00
3.723367658422241711e+00
6.813791459459170419e+00
1.172756712525794054e+00
2.305200118869915826e+00
8.665104450419252036e-01
1.460743071967774753e+00
5.654918000954258339e+00
1.729357810788652250e+00
9.978409656784530402e-01
4.878688519386953359e+00
6.549282826923401579e+00
2.776209574988458773e+00
4.041473022714861862e+00
1.571410569115947675e+00
2.152536614663112857e+00
2.407203777336901940e+00
8.244533092048187406e-01
2.131090369273523688e+00
3.425096169308116334e+00
5.020934948255406205e+00
1.919707523219073453e+00
2.038663758350767186e+00
2.753038182915182652e+00
1.112805754929862889e+00
1.889211692066564918e+00
1.393228935324310802e+00
5.374246597740100384e+00
3.575766220158612008e+00
4.236743719198996061e+00
2.268916110380105433e+00
2.039138150174272912e+00
4.278828861717124177e+00
2.469092025953546710e+00
4.701910157151096392e+00
4.721515096110849186e+00
1.100355594314435193e+00
1.225512808069452841e+00
1.321475182296081297e+00
2.070744994687904406e+00
4.850318277527242650e+00
4.661708719736623041e-01
2.014363586276445073e+00
2.772789810986784342e+00
4.086701715980714411e+00
4.140540985941875363e+00
2.356441834048885742e+00
2.151370697489946249e+00
3.303747740001372613e+00
3.668791651578645396e+00
4.122524146857542426e+00
5.236983209512227511e+00
1.302509331938791926e+00
2.370807231611496313e+00
4.485709930177008253e+00
1.784437420361149051e+00
1.359758778590197670e+00
4.394992662180682963e+00
7.049544686305836194e+00
1.319927450565888893e+00
7.150355206515953688e-01
4.999021632357235845e+00
1.506357638739298732e+00
3.017806648274987236e+00
1.889796783013584003e+00
3.659349192109495608e+00
3.681526200115981862e+00
1.857255174621359028e+00
2.716229190183932385e+00
4.939812557569819518e+00
2.604175090493774825e+00
6.293366298823249716e-01
1.439239878336727729e+00
1.961022837251399142e+00
4.378174769384508558e+00
1.622033560680567588e+00
2.206664622768018003e+00
4.812018998005090253e+00
2.333855867541715923e-01
7.541015735194047664e-01
2.014347152021997989e+00
1.779427763797330364e+00
1.905303433759564458e+00
1.752170666333739524e+00
1.133747794649442087e+00
2.440206888528708262e+00
4.782169540211890002e+00
1.938655188147312636e+00
1.816840531338237863e+00
1.073187489774152903e+00
2.818962225829368395e-01
1.824306896275263545e+00
2.541504479872877198e+00
3.016222636413772307e+00
6.355151483839743598e+00
3.236890313353786297e+00
1.388837084931491006e+01
1.783629800431926871e+00
3.209773051381884734e+00
2.497692294195722251e+00
2.088169537387653207e+00
1.444369079267066258e+00
3.927004325354690906e+00
5.251304063342093542e+00
2.777635121669782325e+00
3.053617526325857146e+00
1.115204926590663170e+00
3.959525252325920341e+00
2.178315408460121727e+00
6.139187029702687148e+00
3.938125010174351015e+00
1.770396442588421326e+00
3.400542948295016021e+00
1.810648126514776024e+00
3.933283242568325289e+00
2.151664941984980040e+00
5.201628098038989512e-01
1.525355309880719101e+00
1.286721442490284861e+00
5.215553902361186545e+00
3.524403900231358300e+00
1.251642112860114953e+00
2.727969925021822561e+00
4.893813189735188196e+00
2.070676542992918368e+00
3.242563836125464949e+00
1.567106630910830134e+00
7.746559595829013434e-01
3.729478369538570703e+00
3.724378984260057757e-01
2.933180546588275650e+00
8.855550772820424132e-01
7.183101019104860541e-01
1.449132073245695818e+00
3.803606501077041013e+00
1.731660104391686827e+00
3.735330534259761581e+00
1.165883170311246664e+00
1.789953937412310125e+00
4.381195386424474592e+00
1.529123770418099104e+00
1.594703436890157366e+00
2.102327465392319628e+00
5.039936516513054521e+00
3.623876451725444259e+00
3.567168731126320935e+00
3.007656454138410318e+00
3.304487022803759277e+00
3.289470715575697479e+00
3.216868756833707543e+00
3.891870410152014959e+00
5.288980813275050430e-01
3.352037528594340010e+00
3.737362417639529255e+00
3.159187942881062305e+00
3.441395881878396512e+00
2.837616019127335409e+00
2.404900726294105784e+00
3.482730861461810434e+00
2.974071400101503837e+00
2.513318051917411644e+00
4.127823427750848317e+00
1.574771882858542416e+00
1.341636042750166125e+00
4.392957298959834667e+00
5.144811819134357478e+00
4.312435176579056395e-01
6.048812743386502433e+00
3.871112383589242256e+00
7.117975686624198328e-01
2.305539314430969711e+00
1.417258373668664806e+00
2.845573330737095841e+00
5.048816138131990705e+00
6.502254473486160258e+00
1.628247933075912313e+00
2.386685915605876840e+00
2.677462688330825902e+00
1.170493895638361037e+00
5.222791455622174617e+00
1.978974390792879623e+00
2.669756522157935130e+00
1.793651204689224787e+00
2.488528963662112847e+00
3.619982726465576395e+00
2.978748832900371291e+00
4.010380814883451883e+00
2.727212518417076126e+00
8.306072681834247851e-01
2.008441613378968871e+00
1.565223691659641370e+00
2.713629753672688771e+00
1.386555974121367552e+00
3.428342713175219547e+00
2.180750047440184858e+00
3.299162690392764219e+00
2.100581039692261065e+00
2.450531000623180411e+00
4.163461933743759502e+00
2.324006238241079991e+00
3.252769506465080784e+00
6.140446196758312380e-01
1.454935633303229503e+00
3.881807035522331084e+00
1.670258547491491496e+00
1.423052541450450903e+00
2.564503929301823693e+00
2.974461160031157014e+00
8.462217856418563500e-01
1.662024842222125542e+00
1.537421140420157650e+00
1.469924125743236276e+00
1.730423036039604900e+00
3.965487082936553609e+00
4.506416487521009095e+00
2.832796031542948456e-01
1.942538367009013722e+00
5.366480360623352430e-01
3.976721557110579397e+00
1.946558394525202518e+00
1.552277248379656305e+00
3.043859400627297429e+00
4.511008234680497608e+00
1.274577624212481997e+00
3.963501131754964213e+00
3.403586009248701583e+00
3.036698555873114103e+00
5.511950001381476838e+00
3.064697077579214390e+00
7.772957436278477017e-01
3.201475152891811060e+00
5.045630051017750972e+00
2.793887673491087575e+00
2.314797542445119483e+00
3.316927842307077601e+00
3.831458184505161846e+00
2.471410015143781003e+00
5.099442028721154152e+00
3.956656157950291686e+00
3.182984154194719917e+00
3.648145634008293503e-01
1.029626623202962277e+00
4.636508186627344763e+00
3.014759882526495627e+00
3.942665764854396127e+00
1.184069752694641542e+00
4.361277556685644874e-01
1.971687396819394644e+00
1.786348423287453135e+00
6.987682584549431475e+00
2.560079984213486703e+00
2.521029051666639820e+00
3.569472611437690013e+00
1.134334640333845012e+00
2.748323915951329077e+00
1.015552350000857862e+00
5.682286725741544586e+00
2.426881667070700521e-01
1.166845610832483171e+00
2.352289603526788397e+00
4.587367104544636476e+00
7.816754590025551508e+00
4.925902420015389360e+00
1.657366667129874349e+00
2.931285000054967949e+00
2.238893572878278615e+00
3.001433943395054094e+00
8.046703890329750530e-01
2.743027682785819099e+00
1.155296630145274950e+00
4.273497819590193814e+00
1.017408907118570349e+00
1.967071498541478114e+00
6.645965736935443013e-01
4.961421431900383539e+00
3.592615464878940124e+00
2.118339078741131143e+00
5.668705647340655851e+00
3.254132593012096786e-01
3.709798195771972118e+00
7.802265220628080700e-01
2.845728510436054570e+00
1.181980903090373181e+00
6.077173895020400174e+00
5.439405227596496140e+00
4.517830715114960149e+00
4.024149856902853095e+00
5.574437136759605060e+00
5.412476743022125447e+00
1.814388838281429495e+00
2.261810639619588059e+00
2.164154537883695273e+00
1.110977475331706898e+01
2.407057344505913132e+00
1.172094411175301332e+00
3.359709187570909084e+00
1.690940235318255436e+00
3.574257821379229205e-01
2.161922240446807919e+00
3.395732952949442662e+00
6.000260760887587530e+00
4.928810593674775475e+00
2.828396009116243448e+00
3.605281228861948239e+00
4.188916990767867610e+00
2.372444099866454881e+00
2.641375777724827678e+00
8.603928448188634670e-01
1.004181435931461364e+00
2.051247156516547987e-01
2.329297330888737694e+00
2.624049712883385954e+00
1.121891752142629484e+00
1.727617875619634313e+00
4.166555847064307150e-01
2.140749877525185418e+00
2.894090268127715415e+00
1.335515994934488582e+00
6.624102003829730467e-01
1.399253879840526960e+00
1.343647613494931337e+00
2.083034067708192438e+00
3.616342655461857181e+00
8.897258545346483638e-01
5.631377623521339970e+00
1.556247319534269868e+00
1.667346047282468602e+00
3.719761535078465631e+00
5.318988486949565164e+00
1.169688371047763020e+00
1.251755788777720424e+00
2.483970645444472325e+00
1.338650296320055277e+00
1.289926185580249962e+00
3.543092406859782439e+00
1.127140704937726889e+00
3.982575199326448878e+00
2.526105182331236598e+00
2.303080835141693150e+00
4.888664132658018247e+00
2.430632793047817319e+00
2.872188274890669746e+00
5.334256747145139421e+00
4.630789121968009736e-01
1.606250157418148472e+00
1.042305110113575850e+00
2.906166672213902125e+00
5.927756971473437941e-01
4.214082053902609815e+00
4.470007399093727685e+00
6.342882668934236579e-01
3.807935839558948654e+00
7.230896127065761236e-02
2.518207107107462317e+00
7.276572738627611336e+00
3.721114986162624039e+00
5.322856856302427886e+00
3.759935276835583817e+00
5.215038267606816547e+00
1.966827914510962616e+00
3.532884572657527311e+00
2.578711662209915989e+00
2.360643304461193637e+00
1.556941238285046936e+00
1.677833569006922598e+00
5.188638951574420233e+00
1.245568549796175928e+00
3.129367788598205191e+00
3.754336709870741196e+00
3.013374688277265179e+00
5.038805829475727194e+00
2.940906707681709253e+00
1.841130492049531053e+00
1.636262835917777325e+00
8.409533607919468245e-01
1.227085733174398730e+00
9.214341175899833924e-01
2.252695005993990751e+00
3.088388329592206549e+00
1.762905734759296905e+00
2.999038672799414496e+00
5.649451203645817543e+00
5.025958638373347220e+00
7.406244752307862278e-01
3.070937320414623972e+00
2.321183836727553018e+00
2.983854128539566108e+00
5.890260471712054358e-01
4.597406667615022258e+00
1.410031289715398595e+00
4.361194966602492507e+00
3.303725203207344419e-01
1.326601462029538769e+00
1.197354299934922262e+00
1.662429657919408665e+00
8.867795710091623818e-01
5.160799050999814064e+00
4.327996893049971261e-01
1.071843562215214263e+00
1.022305789180313340e+00
4.681812185327536291e+00
2.475843445997817582e+00
1.664196776153123336e+00
5.153712684206653627e+00
5.525697016637074910e+00
6.854232884839893680e-01
2.014198945031105303e+00
3.349339318567165158e+00
1.668897838189511873e+00
1.740617799499657448e+00
1.981838549102444835e+00
3.583392719859343156e+00
2.962872023775958041e+00
4.758442151487374261e+00
1.775741344465330496e+00
1.801101178823912297e-01
1.088657186760885853e+00
4.934171250991512103e+00
2.504429464998586319e+00
8.963439638934288523e-01
2.495192317689893358e+00
1.680985427939864829e+00
2.587021194047430583e+00
2.981203541539018342e+00
1.872658133022419680e+00
2.003012574757720987e+00
4.119386773829750936e+00
2.349603082030509160e+00
3.360436402790151433e+00
3.763653365168520892e+00
3.622264197162499588e+00
1.817212840552296704e+00
1.717033256035976452e+00
1.729628216195545187e+00
2.193562100938907466e+00
1.291020231079332614e+00
2.732226465524188797e+00
2.634414666942508365e+00
4.821188011375205029e+00
6.964879660316070087e-01
1.078733278301608811e+00
6.418785231536453750e+00
2.804880743309870805e+00
1.006800926727537737e+00
4.956594272104603682e+00
1.953929998848068728e+00
3.168834878684588130e+00
9.193826888367203631e-01
4.452594276774814119e+00
4.191220004310117098e+00
1.547294605681369228e+00
1.878077732829446012e+00
5.796414830630783221e+00
1.899934671915751494e+00
2.809148961870694960e-01
3.205668600254045209e-01
1.664212122751920431e+00
1.594255447678693427e+00
1.160016567045925262e+00
2.065033229032348316e+00
1.103688261498299683e+00
1.820590784431981968e+00
5.868156071152888842e+00
3.195828066992685290e+00
1.185299063383290497e+00
2.268544131647125539e+00
1.798885098831311424e+00
2.260149964191556560e+00
1.897860494196297321e+00
4.484645907482028626e+00
1.019126773190936364e+00
5.062874555425682210e+00
2.171424365141562784e+00
5.832315489584670720e-01
3.716647974323460613e+00
1.306038631234659020e+00
1.625260181664005765e+00
2.406743415031871614e+00
1.306782683219391394e+00
7.079384629118155026e+00
4.875063128715216187e+00
1.971311917600130803e+00
1.987102069325339837e+00
5.385561369533338194e+00
2.323512265019038736e+00
6.624156895779867327e+00
1.914100778705257522e+00
1.125697002346015996e+00
1.176209352591776502e+00
3.116597492547143577e+00
4.192502488676969286e+00
1.124188081760632896e+00
2.893372283456966176e+00
3.576773452248952712e+00
2.127330130761963645e+00
4.846930076163948442e+00
5.378699174486020418e+00
1.364457524721408355e+00
1.570070713284640318e+00
3.736419718742280072e+00
2.430233010144692951e+00
4.196878037916304649e+00
6.313026464003026472e-01
5.531022920662223008e+00
6.431078033605008848e-01
1.604802822845338151e+00
1.015802622506662312e+00
8.180386511034773989e-01
5.165057553018834291e+00
7.112865669359054177e-01
2.020738221215681918e+00
2.452931496953532520e+00
1.652857146254967935e+00
3.945582142985160523e+00
3.391387159420146347e+00
9.978027485820412101e-01
1.322188240070420573e+00
3.231300432836891279e+00
2.497625571519209497e+00
1.210005127768413846e+00
1.840034475253307988e+00
7.870282671517122575e-01
5.326162456684149227e+00
1.052136497768722201e+00
5.709792260510047512e+00
1.537519711333402705e+00
1.293503473031135442e+00
3.694678521949311900e+00
2.739359861698592358e+00
6.045083317897734787e+00
1.817303314478866172e+00
1.543190179875667312e+00
2.793738798521402611e+00
2.077642595848202767e+00
3.397036908897089091e+00
1.795062178735675973e+00
1.403896066024381328e+00
1.717557159935985345e+00
6.427444488174012704e+00
1.072133661138280569e+00
5.569912487651702548e+00
6.336626051491629497e-01
5.096203848843341433e-01
3.439705461097702255e+00
2.419530847686649278e+00
1.203864035684389933e+00
2.154245144378709842e+00
2.452241505258369259e+00
2.099403848341974133e+00
5.486674911347893868e+00
1.778822979832811235e+00
8.067028539429207390e-01
2.423082047469963030e+00
1.897155684496496297e+00
1.226501087976230364e+00
2.388904847344899274e+00
2.129722429545903850e+00
3.921697868585407587e+00
6.199424292639729162e-01
1.160468253668952565e+00
1.035094461489852957e+00
1.689917447010799600e+00
9.334371939248379491e+00
9.048297260080251370e-01
1.847101517211794164e+00
2.200269994386879535e+00
5.846094155936435222e+00
1.632745519521490385e+00
5.444470221775494778e+00
7.158054355007742231e+00
1.200203786728232025e+00
2.518845421223187220e+00
8.223514554145870958e-01
1.213015709920399976e+00
3.382593632635426228e+00
2.612925600841991880e+00
1.776171704742532498e+00
4.516528926645515085e+00
5.016269205971727985e+00
1.592950396084665821e+00
3.378313995936876868e+00
1.246563893744037754e+00
1.428227534726650649e+00
5.525429076808586082e+00
1.998966814969587835e+00
2.858957758035532315e+00
6.404647317840301390e+00
1.438092831168840346e+00
9.439564391883640271e-01
5.599495560240571379e+00
5.070266841685011627e+00
1.392505866035221196e+00
2.638408411861885128e+00
1.726365935848876543e+00
1.878443418656756903e+00
5.825890772002529694e+00
1.809225226494948657e+00
1.720708797011597513e+00
3.675573694270588110e+00
1.884004702546096865e+00
7.813327779490517599e-01
1.279802540875495165e+00
1.302909334946808384e+00
4.686134776644006017e+00
6.241987932293868724e+00
5.005004126026791234e+00
1.102301627718044852e+00
4.369652712670463401e+00
5.863365160771527584e+00
4.899079655207960293e+00
3.780759269886739382e+00
2.240125261160061498e+00
4.072581583203191080e+00
3.851586459303343535e+00
2.053771977787561820e+00
1.747484992494962919e+00
1.311917161313227442e+00
9.334868604389380264e-01
8.327509163983610740e-01
1.543591097891885644e+00
5.109378478074036778e+00
4.972953052431506649e+00
3.114574511743836815e+00
1.282531965521312101e+00
2.018394407415348368e+00
7.795693824601773736e-01
5.293816694126348921e+00
3.501037913330269369e+00
6.546247985681709070e-01
9.663825184110760302e-01
2.202144376436567352e+00
8.710691841804241164e-01
1.145111411783720223e+00
2.803283688995525935e+00
4.542725508313096405e+00
9.999411305757901047e+00
1.618517682642184541e+00
3.186214815217117469e+00
3.894863079966768282e+00
1.856319402359645654e+00
6.675473965984474845e+00
4.660530436028195167e-01
4.650582177293970609e+00
1.132921322824167465e+00
8.864261668972447383e-01
5.271787160675402983e-01
1.960570480411440109e+00
1.327829688375654404e+00
3.490440758724760784e+00
2.251452938807694704e+00
1.274353462568935669e+00
5.513143948478145262e-01
1.536210783640066690e+00
1.418039863402817291e+00
4.823003987348016608e+00
6.166857806363426064e+00
4.296217105044450868e+00
1.764596551687350523e+00
2.812711423761015350e+00
1.907373849627494122e+00
1.369631517530455644e+00
2.449990654375813648e+00
1.472630227014065429e+00
2.991329970384397186e+00
4.178875469944395071e+00
1.906248222702292994e+00
1.777513256416577647e+00
7.818260403061576547e-01
1.201022738026661374e+00
6.511790626525481018e-01
8.927509302704591532e-01
3.303107356536919337e+00
2.337709027928217775e+00
3.636289300927721957e+00
2.647112345343144213e+00
2.540954030882712988e+00
3.762067083641766896e+00
6.711893755221191249e+00
9.706598232637416723e-01
5.464439100912725777e+00
6.744134454190319206e-01
2.317151793277990368e+00
2.906675964966287662e+00
5.358769057297335658e-01
1.480731327270115694e+00
1.621140806489981046e+00
1.543683699114652530e+00
2.692356087455808566e+00
3.048217524828609193e+00
1.549395201973779779e+00
4.190489554732208077e+00
5.042353777468066234e+00
2.730102490576947538e+00
4.532024853728763958e+00
2.886496277212074357e+00
7.814281596968495336e-01
2.738205175227346189e+00
5.684328289150727187e+00
1.413765521543195458e+00
2.062697184541686823e+00
2.251681743680764569e+00
2.944911332190378594e+00
1.132900140008301637e+00
3.079140292128712542e+00
4.891775744695314287e+00
3.227672144122319065e+00
4.688012413064079453e+00
6.343849302973381121e+00
3.323642375567701368e+00
4.121899264709393051e+00
2.967044038355496571e+00
4.108788094611121267e+00
2.496447004940291148e+00
3.088692526787346626e+00
4.565391378830385705e+00
1.859206917141142279e+00
1.511105974732695367e+00
1.231558590170896084e+00
1.764491638807281326e+00
4.794463994167970533e+00
1.204978681183030753e+00
3.872614611291988584e+00
4.812018941910920944e+00
2.382321391502866703e+00
2.232536994577130063e+00
9.227374127090023359e-01
1.076569427315510197e+00
2.704267095246525088e+00
1.014906291133324201e+00
1.243357637783879976e+00
1.728780859735744801e+00
1.370656020139489506e+00
2.001112393489804742e+00
1.772160625697803082e+00
2.128286899836135948e+00
1.461006086022573314e+00
1.720935066164676286e+00
3.776604252234984305e+00
2.005877220506513847e+00
1.845096535928167025e+00
1.216076747471745767e+00
3.611854797059588229e+00
1.325609559449662855e+00
4.969320445188266433e+00
4.826602397054280402e+00
5.586336585613536521e+00
4.963340116833073523e+00
2.043849089720098711e+00
2.446007395841236498e+00
3.556809991435396334e+00
1.177425466451828440e+00
2.279766609300191593e+00
9.919455354156991866e-01
1.148921451108910530e+00
1.501856978611479709e+00
5.234838302874246452e+00
1.865511751474762558e+00
3.527444299428944774e+00
1.609723123371973985e+00
2.877136335103217757e+00
1.028447358554620106e+00
2.775870175844372234e+00
4.665587781787434274e+00
2.618431542707599480e+00
1.162212851651371448e+00
2.142325886843812643e+00
3.070365851262760959e+00
1.986240561034443797e+00
2.757554130802382986e+00
5.991844255565197397e-01
1.690657102842850534e+00
1.536105573978784999e+00
2.538023810035060723e+00
1.377879002071369596e+00
1.637406569891494135e-01
5.435384184919484163e+00
2.146499584706925923e+00
4.155600732728304436e+00
1.557331779048005016e+00
3.058595972690183462e+00
1.207397803019218951e+00
1.771256469136448741e+00
2.199596954793607839e+00
5.030946962898656949e+00
5.119775550232892769e+00
3.264845627405835060e+00
4.074262418532908825e+00
1.640278900811604101e+00
1.531131948999071568e+00
3.958775409733403805e+00
1.353409840528606356e+00
4.644815925473336549e+00
9.484613400415541351e-01
4.088137252690658308e+00
1.669916082960565262e+00
3.802171282431382693e+00
3.073057570402454974e+00
5.771263220638171987e+00
5.176090772474767343e-01
3.345849321751304117e+00
1.809497489586259222e+00
2.131599755955394304e+00
2.160372295337502191e+00
7.272103909883588235e-01
3.108890680140878437e+00
3.244903285573629059e+00
5.948316404160481241e+00
5.207801368058169622e+00
9.810041431514470167e-01
4.130677890139077491e+00
6.670826550613279116e-01
3.108835578814195699e+00
1.177213518592518104e+00
1.668668583340181089e+00
7.617219609218531806e-01
6.396636893365619247e-01
1.614695925072207716e+00
1.070262707990455864e+00
3.135631254114217725e+00
4.757709521931073327e-01
1.618330400385874279e+00
3.997645338487580524e+00
4.271956602796525893e+00
5.233353463915367598e+00
2.150027914632302473e+00
2.176740299482900820e+00
1.444114998357401758e+00
1.160830372878415728e+00
4.549565504471605237e+00
3.624333887895535344e+00
3.578741409536939422e+00
5.948638028821693347e-01
1.650843649854700779e+00
3.509529883671060890e+00
5.966051137004451110e-01
3.210403379023325510e+00
2.991528304011549455e+00
6.468732621536985583e+00
3.913782477665966208e+00
3.839483723910213087e+00
1.071332026651260261e+00
3.050115367197086425e+00
4.097973045097169198e+00
2.788310484256902644e+00
5.172204940951847796e+00
2.087913191283425007e+00
7.509214820116112410e-01
2.373674888979877551e+00
3.755215775855496929e+00
1.532013660662837173e+00
8.204559527325387958e-01
6.029855557795927856e-01
4.484486283552392649e+00
4.504597054046482363e+00
1.095110204615739047e+00
1.884041446315022128e+00
3.854288489945180363e+00
2.645097645059542923e+00
2.759507448646471683e+00
1.929645260419187380e+00
5.503856726497276419e+00
4.167638760513030505e+00
6.750605723587559392e-01
1.118143386365433756e+00
3.821812386461271416e+00
5.306045266614926703e+00
1.249424229732593261e+00
1.223707371833136381e+00
1.007296232517630008e+00
1.567592299052608329e+00
1.780373456526154641e+00
3.406233759885867851e+00
1.556219097493643178e+00
1.591559028140904442e+00
3.238839154050149549e+00
7.854149146487694466e-01
1.774318673582149453e+00
1.247802206105776968e+00
1.238174398114635588e+00
4.626577622174758986e+00
1.150329767527301206e+00
8.136287407952879080e-01
3.524175613201903534e+00
4.754855298526773133e+00
5.172084178234801932e+00
2.093651751747135137e+00
5.016478743908594495e+00
1.543806889051144937e+00
6.474685135797595414e+00
3.089738457947175387e+00
2.367954978379912756e+00
1.411793910780548833e+00
5.704615951176511546e-01
1.617387636809997975e+00
5.104174381737502486e+00
1.327978004614110308e+00
5.321568404386884055e+00
4.078255644685960135e+00
2.418475213881619901e+00
6.454204338268143992e+00
3.954575761643882803e+00
4.520984284369836459e+00
6.592214444482135116e-01
4.404226423686803393e+00
3.625942874667240634e+00
1.260416263160345496e+00
1.081711136638489723e+00
2.659435989245909404e+00
3.590302158601381244e+00
1.266656161523985524e+00
1.470801148358182431e+00
2.358716148564678150e+00
2.663216047769913608e+00
1.872511302580597281e+00
7.049378655267338090e+00
3.692957538779728210e+00
1.570919786904514615e+00
4.382327627687864435e+00
6.179572146746994399e-01
7.919433457603179960e+00
8.908849522503472507e-01
3.580603280484382811e+00
4.684079438463757405e-01
2.968232675430486633e+00
4.677556164991775844e+00
2.773670755022050738e+00
1.694550794486604506e+00
1.772548542702239827e+00
1.946898143790524172e+00
3.557339114965078597e+00
3.641637414301874265e-01
1.960503433330188949e+00
9.347860304475893445e-01
1.277463025498243709e+01
2.690160797272989956e+00
1.967400763267571406e+00
1.202899071785938467e+00
3.928092486872083899e+00
4.540357189082524947e+00
5.750799118328389525e+00
1.231234378472717994e+00
7.305629864992643441e+00
2.533621011624191954e+00
1.099441132940681021e+00
1.529541310043449842e+00
4.975764769452567293e+00
5.371101388027042844e+00
1.186016073531100501e+00
1.070572803014233632e+00
5.921586758821866248e-01
1.044916219347963748e+00
1.691630162632678624e+00
2.340894561397453444e+00
1.542284224550586114e+00
3.767036339846471904e+00
3.783825099313006035e+00
5.740099125589813944e+00
3.002432492578728684e+00
1.510706881982796235e+00
8.001204368393342037e-01
1.194669359847932322e+00
3.509402015930213281e+00
1.024829316437081861e+00
3.732482952263456166e+00
1.486052913091095995e+00
1.592951172682765648e+00
2.030922261598056888e+00
6.686007981077816353e+00
1.616775158755745734e+00
4.353714396979229129e+00
4.108849673577292805e-01
1.121199613771320713e+00
7.085183939519856811e-01
3.158928170182169204e+00
2.161379445440420266e+00
1.287455761395470022e+00
1.468564306027613453e+00
5.243286772863568146e+00
2.813652604596693418e+00
2.244613191670563168e+00
1.515822549994397361e+00
1.777795077734757756e+00
1.362856138631553193e+00
4.643137571574468048e+00
2.950935827667710232e+00
4.805424987739098874e+00
2.381000440170255139e+00
2.778139870437447367e+00
1.620691018593814370e+00
2.101778793023893144e+00
7.801759565763611848e-01
5.760707145443198840e+00
1.112991664522140045e+00
6.679845398472656903e+00
4.774969688784687638e-01
4.603058548443931031e+00
1.594831664055704978e+00
1.554202853551512664e+00
1.288176902318850514e-01
1.015593863792946028e+00
2.396496803781330787e+00
7.730247042363243004e-01
7.505905107275376853e-01
8.527004253945044132e-01
6.368674282350932359e-01
2.884164679695804701e+00
1.594124643491680704e+00
2.126744816208510080e+00
1.957669537816974614e+00
1.905687517180264523e+00
3.269302222597567198e+00
3.962517459991814484e+00
4.862742111256214139e-01
5.813628435098444847e+00
3.970907953276927582e+00
2.408699350828503061e+00
2.131268657863486293e+00
2.103406118517479051e+00
2.646207859045296207e+00
1.728893394564771313e+00
3.237235890624883261e+00
3.002374306343340127e+00
3.015740694714426073e+00
4.591048420784471951e+00
1.172356517201119441e+00
2.135038084450549434e+00
5.696869621715776599e-01
2.101631517078888844e+00
2.869351299074534012e+00
3.657868950929696439e+00
1.359351843283561179e+00
3.576816754571300550e+00
2.480375793168622778e+00
4.572159548662299677e+00
1.942178918181321379e+00
3.980169017492455996e+00
6.272086246716207514e-01
2.345426271676648522e+00
3.264118316440093981e+00
1.220893270449156187e+00
6.508326511183837315e-01
1.944637288215181004e+00
9.937996652816774024e-01
1.447188693185590180e+00
6.808166002445068976e+00
1.674052304739807040e+00
2.365792348387896205e+00
1.993408214395731015e+00
1.596605367429959177e+00
1.982481273498246876e+00
4.903229334328842448e+00
2.506133876808800398e+00
8.773192500559102713e-01
4.677755480747554984e+00
5.370990671666762140e+00
5.019626734256935841e+00
1.635260312937367733e+00
1.256465115649236353e+00
4.610152103659975076e+00
1.843047290884932021e+00
2.824826997967076370e+00
3.176432093338487750e+00
3.068667668033583151e+00
4.978992457428815577e+00
3.454073691205427732e+00
4.108044490474065391e+00
5.580339998350973829e+00
1.552356396449185327e+00
2.209393083426450577e+00
1.373103400149041420e+00
2.893105787048311228e+00
6.790123644140556580e-01
9.859223205441537408e-01
4.859514115849772331e+00
3.131014639237252428e+00
3.555191640024673916e+00
1.530731369829048116e+00
2.322336866028106073e+00
1.360656942542449288e+00
2.381878682642138756e+00
1.626665567060577189e+00
4.408710948214822345e+00
9.496259342522996860e-01
1.728893407869003696e+00
3.443116015956208198e+00
5.765777993480248220e+00
7.689556646308507437e-01
1.966568263832780827e+00
6.029963300680957872e+00
9.337049901425855669e-01
1.652510149463293665e+00
8.228789039154343898e-01
1.740206995025323833e+00
1.263321933575018985e+00
2.786135571221459273e+00
8.953192682859640872e-01
1.137596013477649048e+00
6.913978728167239574e+00
2.567820757940891263e-01
1.177692187068913210e+00
5.071199813157545755e+00
2.185810030620089606e+00
1.881793101192492879e+00
4.989127449452911978e-01
1.896934851251476983e+00
3.123366793407364561e+00
2.365849057028926783e+00
4.682352754738274281e-01
2.649147166091842642e+00
2.643387085024599958e+00
1.835105688244898836e+00
1.611675236445430315e+00
9.256825480688117835e-01
2.891986381759875435e+00
4.596555730662041483e+00
3.563614669974076721e-01
1.635094335001308741e+00
3.747997570070539020e+00
3.471389999567897178e+00
4.611668032147678287e-01
4.451999169395691958e+00
2.759021629105155249e+00
1.899117864506408182e+00
3.976291624870166963e+00
2.497635617269343467e+00
7.763991231449361985e-01
1.025203079176867593e+00
3.582676158837475366e+00
2.275349479535026642e+00
1.009687383666462157e+00
1.237240812750061592e+00
1.592284988523525069e+00
7.743663585721173304e-01
5.903096133050595995e-01
5.667054220349838634e-01
2.230672666465808529e+00
1.625884259958858546e+00
1.949157661171767808e+00
1.324722277168475015e+00
9.612301210526751349e-01
2.886728597689385278e+00
1.951417948367437871e+00
1.554671227223901830e+00
3.170241762817463727e+00
9.970770545464651136e-01
5.912854403866348640e+00
6.729942319719874888e+00
2.682501112369239937e+00
1.809625490943130632e+00
1.556753254979824197e+00
2.534974196880936503e+00
1.248184121212081221e+00
3.504689380640289009e+00
6.444646879351358493e+00
1.013844003671161120e+00
1.250074189936081437e+00
4.499095993502121971e+00
1.084559490593784314e+00
1.854105660513956533e+00
2.593967686738640310e+00
5.716983578812096845e+00
4.693828933598092057e+00
1.112187456317974332e+00
5.832578978554568749e+00
1.946154847949314037e+00
1.106456218229928234e+00
3.007016254525457288e+00
2.900586107037383066e+00
2.451004163769368471e+00
1.163333149874810957e+00
2.096328612923987311e+00
2.195652824196886677e+00
2.318224832222132825e+00
1.985343547009984277e+00
2.069145652074849018e+00
4.652160019006609026e+00
2.010470921264599475e+00
5.325941900046611721e+00
2.104772899522489915e+00
3.364113784282289910e+00
4.243281110372150167e+00
3.663669342122849226e+00
2.208499719932284222e+00
7.204649192142903447e-01
2.850572063113636645e+00
2.172706985861975415e+00
3.277165853913504012e+00
2.812346793388014632e+00
2.040655376470736471e+00
4.112427557480881291e+00
9.945737010385038435e-01
1.883532268122550590e+00
3.722660654526215862e-01
3.911318117361216373e+00
1.740518073512305364e+00
5.948721500979656795e-01
4.900190278774314123e+00
1.849642969421176675e+00
1.288536066197915941e+00
1.833842983143176397e+00
3.659664665077693613e+00
1.875131119975886440e+00
3.708164334581846688e+00
2.021637389773747628e+00
2.206871389844249798e+00
2.225650274523823580e+00
7.363781864556844248e+00
4.844450139498880925e-01
1.303205397369237017e+00
1.763979782650284767e+00
1.482192748050506159e+00
2.240062104337817495e+00
8.276838900757023110e-01
1.215059287086088569e+00
4.815884256971359356e+00
3.325466097451264869e+00
1.257572009874180718e+00
1.786196223577998898e+00
6.362316391723097375e-01
1.488805164613064669e+00
1.132013861290805945e+00
2.620269801254439201e+00
7.703094103855043784e+00
3.475705281104297217e+00
4.339533407631416928e+00
4.893352397039099522e+00
2.290069532682212028e+00
1.855795121308920992e+00
2.288383929117713489e+00
2.872864164127957753e+00
3.417597795943393191e+00
6.131461535081222936e-01
3.080016411647469976e+00
1.171341644612515775e+00
2.392776213127693730e+00
2.079202800092707193e+00
2.248983845616539412e+00
4.300560148101731706e+00
1.189272092706438189e+00
6.289785544032906017e+00
3.722216618513543018e+00
1.765995456378931516e+00
2.155715219473400168e+00
1.858381408921167655e+00
4.493470421436255080e+00
2.111925604458186445e+00
2.078008413854311787e+00
8.188477575798457364e-01
3.194138758548881185e+00
1.647488773578663634e+00
4.442604694690119871e+00
4.723809288688583408e+00
1.202266926836310201e+00
5.798325571106371257e+00
2.454810549891073723e+00
2.031750430445857791e+00
2.263813402206139802e+00
2.958855371061174799e-01
9.958436422964286328e-01
2.408951210337786808e+00
3.282857122426259266e+00
4.092532292263499905e+00
3.643652167203383030e+00
1.628423099893314019e+00
1.583362357795850883e+00
1.360860442629986178e+00
1.188128367543281216e+00
2.340587369930913653e+00
3.256538744353798087e+00
8.704639098746844716e-01
3.183101424385164080e+00
4.714386346956159102e+00
4.951944437643265751e+00
2.524704190345333998e+00
3.863642507054562802e+00
4.066822638280306323e-01
5.044304102795372557e+00
5.335093887692220482e-01
1.468850319307758445e+00
3.473522863200584787e+00
1.352760051613359105e+00
8.339774588541764011e-01
6.212921238455556550e-01
2.996655608780773417e+00
1.009091358596124977e+00
1.103970291663328052e+00
7.936896101785577695e-01
1.656464692525259741e+00
3.728537352300760777e+00
7.827392415604486064e-01
7.773465601565495042e+00
3.662235530917694604e+00
1.360018137361852508e+00
3.262670905941753574e+00
6.861660112958488655e-01
1.150237860960611203e+00
5.538851628613922884e+00
1.526862574950999418e+00
4.238734552483490070e+00
5.543642727248245805e+00
4.255023487761780965e-01
1.570743450524309415e+00
2.182295894788064849e+00
1.512563706413236675e+00
1.295911934396521747e+00
1.245030581650609758e+00
4.325532681471504048e+00
4.180273747141258767e+00
2.084069296004965821e+00
8.507154305507478753e+00
4.505448376567130708e+00
1.059289287966030502e+00
1.211032149548908921e+00
2.761705787122032074e+00
2.038881657419830518e+00
2.617741423876815521e+00
2.376211423249189547e+00
5.168438623624798112e+00
3.802924695978669778e+00
2.963632134132636153e+00
1.100027910910652329e+00
3.933111905704903322e+00
2.669555954839704537e+00
3.007304037398352392e+00
2.240542494498000803e+00
1.602814373908018508e+00
3.490337459065349091e+00
5.059825491500129502e+00
2.927699470401805115e+00
5.732506604202817435e+00
1.723436079204243576e+00
2.998557022044392895e+00
4.305569371854542027e+00
2.598044857408317032e+00
3.304785372940956201e+00
5.328463182287254796e+00
2.171930783167739798e-01
2.640956412872956349e+00
2.093061101623630016e+00
8.005048662114937486e-01
1.421210225335773014e+00
1.263100183773432805e+00
4.241932907021638499e+00
3.728642299161195606e+00
1.273238587364951657e+00
5.180188543103374510e-01
7.557106547791653917e+00
4.979573700523264534e+00
3.626191822857240510e+00
9.488729359153399434e-01
2.624362579521696048e+00
6.781759340307985440e+00
7.796320157427741870e-01
5.421521644897469905e+00
4.266169805215575650e+00
4.791444686377972495e+00
2.438170936170885206e+00
1.343183222396999055e+00
4.510314796177430807e+00
4.184270934118554663e+00
3.143307466375686587e+00
8.716099804392747341e-01
6.111589165155115744e+00
5.096838716576995054e+00
5.302519088813804515e+00
4.464361114053262192e+00
3.658169379639093943e+00
8.536829281282722892e-01
3.662737143618555624e+00
4.499045434146359490e+00
3.380280654325690914e+00
2.477352002471405967e+00
5.092842358175021511e-01
4.534568194082941872e+00
2.106281800102083324e+00
1.002287587522561196e+00
1.286003458342559913e+00
2.644101032092901260e+00
6.168991685792651891e-01
1.968365770479900245e+00
2.594624771857877654e+00
6.378574495804231859e+00
1.257317526699115007e+00
7.358661365169328894e-01
3.365794628021494539e+00
7.111617280107296324e-01
4.344774958781044027e+00
3.798352069442283874e+00
7.446708554673305835e-01
2.132691247293331482e+00
3.699525581721978096e+00
4.288027425691629091e+00
5.010271505031151928e-01
2.502784305218015870e+00
1.526493229038042632e+00
3.201525857855544110e+00
2.901923402151151521e+00
3.760911225401135649e+00
1.230326905307028929e+00
2.627207319189482249e+00
1.586252066926240989e+00
3.530014549753145658e+00
1.780300051689799101e+00
1.122496751164887785e+00
2.985459367098221239e+00
2.480776738835971607e+00
1.169090744046576980e+00
4.607563433286117061e+00
3.995934736132435550e+00
4.587111688291448885e+00
5.475696089172430447e+00
9.877591097649928154e-01
1.094402760163370791e+00
2.123492523769910711e+00
2.308663063771545509e+00
3.138527596372222561e+00
1.932948301520485357e+00
2.274243384757972386e+00
1.098941418095311651e+00
5.923219857945321465e+00
3.925709603917335144e+00
1.439948105079133622e+00
1.720182759671642136e+00
1.111537761696948401e+00
3.870789784957363810e+00
2.133053045796101443e+00
2.009739444965971789e+00
1.298924104330359874e+00
4.120633603017687108e+00
4.202366930896855202e+00
6.425456242710629873e-01
3.625062044255121130e+00
1.463567814021161873e+00
3.622493257658240928e+00
1.176889476928508982e+00
7.447659565274219240e+00
6.288841913890700575e+00
4.258845384506454224e+00
2.033980879156629396e+00
1.368088544389697514e+00
1.832206662034732814e+00
3.384406789607826926e+00
5.090051807383515481e+00
5.018130412782058514e+00
2.827115856407032002e+00
5.583594218622848437e+00
1.833972126778255829e+00
5.627665201293665653e+00
3.508445725059178288e-01
4.116284333436176723e+00
3.380125917960138615e+00
1.301714575793407658e+00
1.353442448023098654e+00
4.021250345555406724e+00
1.506976149576476631e+00
5.614744621124014401e+00
4.188847594073294989e-01
1.863474906253454577e+00
4.748993660277808004e+00
1.318280919543302288e+00
5.124081479225107039e+00
7.930372921970553213e-01
4.084275146667901701e+00
1.722317423759827104e+00
3.951168069050878362e+00
1.723697134245798290e+00
2.549890685543414914e+00
5.530773182168348123e-01
3.494585062154572874e+00
1.707814717721375386e+00
4.709793645422063690e+00
1.809355164112963488e+00
2.420350951743204249e+00
3.545608233577938417e+00
3.963413799602034437e+00
6.277991901395473917e+00
5.131221311875206581e+00
5.189332192640192076e+00
1.149756035262353260e+00
2.580648953192442807e+00
5.028951391542904048e+00
9.298340027978886368e-01
3.044044422647415704e+00
2.250786638300354081e+00
2.616505649097986552e+00
2.832990866071028346e+00
3.457381629236322862e+00
3.743593711678741887e+00
5.405328003780366153e+00
1.143725001345821779e+00
1.674577579682429596e+00
3.266891369536716550e+00
2.938827930146655110e+00
1.711320328003704594e+00
6.658356980906624534e-01
1.506872957740061469e+00
4.550824302397401766e+00
2.875093609170982223e+00
2.506098605342338637e+00
2.273654048451487775e+00
1.101267326344815389e+00
3.752292672841407661e+00
5.933328878693549413e+00
6.469890103920699076e+00
6.027265696804222195e+00
6.021079548003338999e+00
1.444445824068289363e+00
4.075729250717263774e+00
6.963389546526483898e+00
4.619855741397548066e+00
3.651486694526626220e+00
2.208821914065489445e+00
1.537906886605309387e+00
3.843660976086504810e+00
2.209524730467361309e+00
1.257362532930007104e+00
4.237178005282925319e+00
3.021529049281543422e+00
1.289885562022467624e+00
1.760769407208329751e+00
2.795028856038022536e+00
1.414801628394849686e+00
5.366379756727917005e+00
7.904382410000407866e-01
1.887504961380036539e+00
1.336793072378667846e+00
2.198127376210261552e+00
4.138403032667326897e+00
4.493791450546097188e+00
1.666583476046819223e+00
5.678628917108622609e+00
4.227714063533440481e+00
5.221501089759084557e+00
2.020513727581288776e+00
3.157866569584847571e+00
3.932456056997524652e+00
1.536850779842336090e+00
2.477201090156925911e+00
2.405769889680287932e+00
1.620532651118280709e+00
1.218182139909780481e+01
9.852782663377421812e-01
2.892197592908656745e+00
4.763646584361842962e+00
5.143954954875585628e+00
1.726150078118315001e+00
1.648744476957168414e+00
1.690342053405911482e+00
1.971603990487672986e+00
1.756050915069087059e+00
1.297762060023024633e+00
4.041319083824647329e+00
1.208090111194565219e+00
8.503084997698555636e-01
2.405507222828052072e+00
3.813944606052662500e+00
3.807197361594186980e+00
4.387691702383732739e+00
4.542567940429216300e+00
3.636786495115522211e+00
2.073349771567835731e+00
6.206501566953054327e-01
1.129370643818309095e+00
2.434405376108583319e+00
2.560146971204726007e+00
5.626393984608459853e+00
9.028441113131484563e-01
1.275552060897108042e+00
1.433365774468003950e+00
6.759123812195773073e-01
5.633527225144273842e+00
2.420893069037989953e+00
3.956462565318959790e+00
3.459081057165888651e-01
1.986877684670925959e+00
3.467968184507056684e+00
1.809733483896277306e+00
7.936148165226115658e-01
1.712238547878152994e+00
8.272242460201633119e-01
9.787757550932161266e-01
4.166366932547866497e+00
2.552994241309029633e+00
7.803787228148914679e+00
3.588855945972687866e+00
3.667749701208550928e+00
2.636272641476225864e+00
5.311371238015500928e-01
6.324855107149787159e+00
4.895590805019474523e+00
6.388199563396788072e+00
7.671251453748645366e-01
1.633011404895629681e+00
6.972002520859748032e-01
5.763067379897620413e+00
6.491480155028114041e+00
8.873972126083674583e-01
9.407904299490105204e-01
7.998044591237363221e-01
1.447244655569791538e+00
4.029452919407523481e+00
4.472687959340267305e+00
1.264140837396428463e+00
7.001965301532671049e-01
5.776871081960336163e+00
4.677825208421851677e+00
1.666909940517904420e+00
1.928196713050890576e+00
3.055027378908515612e+00
3.563403564087364028e+00
1.501309732083946136e+00
2.676991205274952268e+00
2.026574656534409158e+00
2.907621300904562833e+00
3.735387996731654336e+00
1.920397624077070375e+00
3.760150283020572193e+00
3.208809322533179742e+00
2.217525076368468628e+00
5.510858276710135506e+00
1.469003628707103548e+00
1.988405930368414731e+00
2.175317672822536519e+00
9.572667332760240733e-01
2.310092758427063409e+00
3.701568865361007266e+00
2.911274518739648709e+00
1.598306990674796646e+00
3.677873533120531224e+00
3.071298285840249775e+00
2.452856598656294462e+00
1.648693896447704033e+00
1.572879896079885320e+00
5.032797819158476571e+00
1.687860083700749358e+00
2.251830961407463416e+00
3.287678563840560120e+00
4.290316389132289743e+00
1.063771360644322872e+00
2.285629790906632763e+00
1.061608510242204817e+00
1.804760621849959445e+00
1.511683616599090119e+00
5.019611016125621106e+00
1.847042334065603253e+00
5.233501897084366306e+00
2.718869468301416958e+00
1.157600325991958057e+00
3.977558753486623910e+00
5.661362408069492425e+00
2.094129612431212095e+00
5.072248261865325958e+00
1.812707886812183755e+00
7.589542155643529853e+00
9.682161461379523715e-01
1.651685480102779602e+00
1.230495391305688857e+00
5.346851540078882969e+00
4.347373332448137617e+00
2.240728358783466767e+00
2.572963179016018564e+00
1.387510638088435888e+00
1.463119118165675803e-01
2.827959676767339836e+00
4.112024352532710481e+00
4.127640546328840143e-01
3.933826449347617160e+00
9.042730261330638175e-01
3.500508011887066839e+00
9.841882220782813828e-01
3.451586819870196443e+00
3.172654199463684321e+00
7.043335289641704522e-01
1.569114525007520689e+00
3.783463527040447083e+00
3.452800181199682239e-01
2.460725880544295308e+00
2.682083439957411830e+00
6.748341897892055075e-01
5.807452964376034643e+00
1.629238669620575175e+00
2.244325628073331025e+00
3.397968264875591338e+00
5.851079982917816169e-01
1.595273358328263225e+00
4.526090284229409733e+00
1.487063231194378332e+00
3.171694968763013378e+00
6.847543220377287909e-01
8.673782137414626225e-01
1.128124660967556592e+00
5.287267569546206580e+00
5.056124460160333456e+00
3.019178548794425154e+00
1.965048864353355906e+00
3.852958666138087018e+00
2.167805972073269416e+00
1.246742837958166206e+00
3.674237403621263276e+00
1.313788013069646654e+00
7.367279058488516164e+00
2.056390525213168452e+00
2.345773009220699645e+00
4.033733370475351521e+00
8.316933239497912300e-01
2.112001940360964003e+00
4.000612336875908781e+00
4.318558310191215277e+00
1.404884857749064020e+00
1.212734644339442669e+00
6.382584199683282833e+00
1.593310490793482526e+00
8.514878438929492921e-01
1.484164999662510143e+00
1.108139324128215364e+00
2.146627326321611129e+00
1.970118976568312918e+00
6.820116575304192574e-01
2.589062433488312998e+00
4.061120106611446623e+00
3.109459991809401025e+00
4.170829391658286589e+00
3.042571565570824532e+00
6.816947459172747470e-01
2.663785281393793003e+00
1.899794715300238135e+00
2.065009559990900634e+00
1.704137968770843337e+00
2.093569039865101455e+00
1.554592402246288696e+00
3.613956299699189856e+00
5.354672381784452817e+00
1.506345200414171082e+00
2.859692199288149883e+00
4.827297998003055923e+00
1.465612776521532989e+00
1.494936427663436262e+00
3.226865251389555045e+00
8.216988066550441339e-01
1.080981104855174957e+00
1.943552490362502327e+00
4.424876255353128229e+00
4.845084154427121703e+00
4.634650767144215422e+00
1.344415323975225229e+00
3.998710390745875642e+00
3.623719533748456012e+00
3.538254910474641690e+00
4.317008173972854301e+00
3.005943930243379025e+00
9.050958666680047893e-01
2.713774069406901468e+00
1.637488520272612380e+00
3.627036887681915900e+00
4.358440170608121278e+00
1.776737204950969762e+00
2.146211062114879553e+00
2.918252635824480912e+00
3.204812410240323040e+00
2.863575093393170068e+00
1.254093981637742550e+00
1.768610711188928875e+00
4.103143754887807582e+00
6.937186697207495811e-01
3.207392892012213448e+00
2.593324667998099464e+00
3.056151018647552675e+00
6.301130854411030491e+00
3.841415020521828261e+00
1.588426158295449309e+00
6.734937623139943597e+00
8.915706462850095937e-01
1.177293449019414906e+00
3.735014297091288071e-01
3.112936258400967660e+00
4.704545317792113934e+00
6.514756816698248354e-01
2.552567557982243329e+00
1.988318818763014528e+00
3.617752792362758374e+00
5.641972511670197754e+00
2.812834308524974514e+00
4.535145912186675510e+00
1.387562391001305073e+00
5.683662535885656286e-01
2.246516693757234062e+00
5.445387303304801696e-01
5.881413650365039381e+00
9.293054316239165447e-01
1.712264473367718809e+00
3.332536474154903505e+00
5.152894916488405030e+00
6.176158181541218095e-01
4.784306670885353774e-01
2.414487698484931943e+00
3.832467041796300489e+00
6.259207170917792773e+00
1.327094098764672880e+00
1.330592831623796268e+00
1.450306046196224941e+00
1.489006753685078177e+00
3.714810252854578443e-01
1.874588217884482821e+00
2.855261130243433421e+00
3.804199654775321182e+00
1.632786462810316586e+00
6.949088074942071813e+00
5.969898750201214632e+00
5.466317007244172466e+00
1.241239081351769524e+00
2.655826351487398096e+00
3.434510034284898428e+00
8.650494298300601681e-01
2.360575634103438958e+00
1.610137555352884053e-01
1.922065296768785458e+00
1.768426508979326517e+00
2.276593166961645487e+00
3.444688430472722995e+00
8.135477076899210180e-01
3.095713181245728585e+00
3.688822896488720193e+00
4.186393056398470591e+00
1.799606513514516060e+00
2.651767596805804317e+00
1.328689486974834910e+00
1.977446009288455597e+00
5.075918075881058478e+00
5.739040015049514665e-01
2.470899825962086904e+00
7.660901570265007399e-01
7.610623073548067330e-01
2.089446149474940118e+00
1.329185553382920437e+00
1.950904633680203615e+00
2.837782986652738426e+00
1.658950593297282339e+00
1.062770038336794398e+00
5.510916813752455568e+00
1.124165577455593423e+00
3.459145428431537717e+00
9.321500615027953351e-01
3.449590066228938490e+00
2.059666996540816086e+00
8.963289823641211740e-01
1.782930410795270593e+00
5.632248687373813567e+00
2.029104824427723663e+00
5.136018162403273912e+00
3.047645998749640039e+00
1.147615405220602458e+00
1.795169668081357139e+00
2.158739830865749720e+00
1.326406991805577862e+00
3.751577580401873391e+00
4.286884595579098622e+00
3.528963587680615355e+00
2.047862674127264082e+00
1.350636831169948815e+00
1.429247944149329097e+00
1.254798461194161607e+00
1.880369462635054445e+00
7.673251881352258774e-01
1.247527805305549853e+00
5.157984692474107291e+00
1.887373877713695469e+00
2.179555476870746133e+00
3.682950456617603230e+00
5.875579974989864951e+00
7.142006341014283111e-01
4.155153373627770819e+00
4.890980111028454758e+00
3.023293644853497497e+00
4.134087051296669202e+00
2.847387253960273146e+00
1.377952941691555078e-01
6.371676412536240175e-01
3.234633607837286373e+00
1.752221194319351749e+00
2.310100524142333356e+00
1.993912843694242154e+00
1.644808377763640639e+00
4.303068086918983570e-01
2.494492600841496266e+00
1.008148285512759479e+00
1.830129976863103858e+00
3.827850828300031427e+00
3.919390389558317089e+00
5.675214708716740830e+00
3.976717858333477906e+00
2.367693156331938553e+00
9.047390293677848305e+00
1.345038934659810170e+00
3.623295053284152800e+00
2.179184436095682464e+00
2.654248244166571791e+00
3.563547245162955956e+00
2.051518966067176653e+00
1.050870669618543252e+00
1.507733850000774645e+00
3.055083190353061973e+00
1.848241600604488832e+00
4.313644470746235804e+00
1.669296353748906503e+00
4.237949276730214265e+00
4.745335341247908012e+00
6.175325964399601020e+00
3.045483442341621938e+00
3.454939486752121258e+00
6.702965632620417891e-01
9.398050984549858322e-01
4.346900087783975408e+00
3.993619615360072928e+00
2.128953850379147195e+00
4.648897242930480012e+00
4.067748220584741503e+00
2.901470781493179718e+00
4.385587240418792554e+00
4.407026054763812262e+00
5.119726204754114995e+00
1.230211197091230835e+00
2.107984977541831562e+00
2.258845826160933878e+00
1.131816382664070364e+00
2.952620117556533863e+00
5.231373477241121339e-01
1.324122542937474556e+00
4.623295506446590153e+00
3.508269101888629837e+00
1.650662919216663083e+00
1.951190197748485122e+00
4.084110677695925951e+00
2.193964050999475113e+00
1.751150783603157901e+00
3.441070390897790432e+00
1.367789607249700001e+00
2.141476132407856170e+00
1.620183553088081707e+00
4.021395039492634993e+00
9.283930974414927872e-01
6.320675396587178696e+00
1.005967261087918452e+00
1.649302259043549990e+00
3.164238237021648192e+00
6.799589139679176331e-01
3.827293246994441400e+00
5.562722682636410676e-01
1.760781929247457578e+00
1.677160992872836598e+00
3.846974702780764588e+00
3.061680343553270678e+00
2.268532164224151160e+00
6.396193352119668996e-01
3.823637908727310464e+00
3.688178280990575431e+00
3.786141056114143755e+00
1.414083703233482536e+00
1.636286531866175453e+00
4.865007148526976799e+00
7.915238085270900115e+00
3.375109375898349473e+00
1.531485116985368045e+00
5.821683329567962417e+00
2.698670813794742607e+00
2.867366316979733210e+00
5.327855455633355719e-01
1.687687653785801434e+00
4.567117185419674819e+00
3.151911221214401593e+00
1.302797165011248648e+00
2.327371044223851548e+00
2.551570123529561140e+00
1.533749297708768333e+00
1.427205640083980542e+00
2.216213047330194197e+00
3.907060730798820103e+00
4.248553523031036505e+00
2.368601815063990035e+00
1.915230044114788921e+00
5.555190097948062844e-01
1.760739282225748603e+00
4.058882254301358294e+00
1.254559022349948760e+00
5.987352594578163600e-01
3.781551953861521653e+00
2.101880039585076965e+00
4.179611808690264496e+00
4.058357391905895284e+00
2.202048893190751144e+00
3.306090072318582429e+00
1.503069179061460092e+00
1.223664766354108924e+00
3.974455081527782596e+00
1.269260156738507117e+00
4.369317646662863375e+00
2.728197902730898683e+00
2.756224875105547145e+00
2.915284350967797256e+00
3.195152726408163169e+00
5.520915604653997555e+00
3.203710322917215247e+00
2.596153738288351054e+00
2.702445960255356106e+00
1.600263786952695888e+00
1.341625203286278323e+00
2.592901290925148317e+00
4.500910165667995066e+00
5.506025545683524314e+00
1.196164080473236746e+00
1.263010132541028785e+00
3.434150860195362309e+00
7.905306226396625613e-01
2.237379693087974353e+00
1.434993728289177595e+00
2.024734563062415393e+00
8.499542826502249904e-01
1.353981016642724633e+00
4.790166275334105883e+00
3.459687905781665851e+00
1.797818034952331168e+00
1.212126401655199359e+00
2.109285137130707088e+00
1.413253094732179527e+00
1.830589564936985436e+00
2.498494750689272070e+00
1.242493215972988896e+00
2.535181201253254191e+00
1.123007703977061622e+00
1.482437519236085244e+00
1.630260366981836073e+00
6.015307579420171358e+00
6.242259570940537072e-01
4.187407997142254423e+00
1.944652900440823950e+00
1.933682595616798228e+00
1.435679554630564292e+00
4.533825553670215669e+00
1.477385079314677885e+00
1.763159361758420918e+00
3.494989432945893704e+00
5.750174076103659715e+00
2.789548284946571588e+00
1.907005340600676391e+00
6.376677240846226447e+00
2.429589984918322898e+00
4.902854378319048578e+00
3.195732441735724905e+00
2.293971611579671777e+00
4.299989338483704238e+00
5.374352115863976209e+00
2.776765386942320557e+00
5.536238843297829337e-01
1.396541676831627221e+00
1.548198237687741230e+00
2.115430340459362846e+00
2.946003567959763370e+00
3.181647850677457257e+00
1.083102252949838640e+00
1.102473980370439977e+00
1.276845330474118079e+00
9.073511286827956601e-01
2.055806400566670966e+00
2.539117425198870404e+00
6.981744530120062020e-01
4.648708033041830667e+00
4.558556273164382056e+00
2.271359599072094948e+00
1.210097406203597625e+00
4.917136694350420001e+00
6.100977007163390198e+00
7.323906691239874256e-01
1.646094975148252537e+00
4.020218349874381758e+00
7.380676462903528190e-01
4.099879478516427866e+00
1.609350103185120284e+00
2.433619637848996042e+00
1.295627039658150848e+00
2.611348352544729856e+00
5.255616356703560754e+00
5.359666617457081728e+00
2.170723644819235965e+00
2.932984294518883761e+00
4.312701867785732612e-01
2.214774018980218528e+00
4.972921650729427157e+00
1.963527875350709051e+00
4.449524554049346214e+00
2.443607210264532537e+00
1.352852095776450492e+00
2.119085661981401358e+00
6.279895367256728811e+00
3.847466420235077678e+00
2.129769277250938231e+00
2.097729450673462726e+00
1.793383291743984254e+00
1.013652109177904270e+00
4.975711281533365948e+00
6.783912044565088006e-01
1.171537394725419068e+00
1.038213685426536248e+00
2.573010549864923391e+00
1.274679380562958819e+00
5.343789469440375584e+00
2.350691854181103491e+00
4.249174608105776407e+00
2.488370872805110601e+00
2.557987112244170635e+00
9.597535633512250808e-01
1.815433289271344064e+00
1.826820298019514954e+00
2.682671111587465074e+00
4.363567568367770377e+00
2.856493564723484369e+00
1.218068830738394670e+00
1.355305987293245584e+00
2.445537848579459883e+00
8.490741317126097032e-01
7.815688805531638694e-01
4.242181236428502089e+00
2.406329543750774125e+00
9.128632526364311994e-01
3.703475038039562239e+00
8.474544233211964706e-01
4.071764708211395245e+00
4.459692077752247519e-01
3.121444750852287342e+00
4.557400398132198660e+00
4.645653385312899175e+00
2.107823308438779630e+00
1.565939736938940063e+00
3.157508184072688184e+00
1.571599203392164634e+00
9.335370613637138382e-01
4.928687713255264224e-01
6.247111655357159066e+00
3.919779764518431353e+00
2.337264405749087892e+00
3.724793480185693006e+00
1.932891130272774927e+00
3.781499247400411434e+00
3.100617643879694518e-01
1.558569460098233384e+00
6.373274228592660684e+00
3.972698543505424063e+00
1.452144049342031895e+00
7.454958390911859967e-01
5.433998384983980579e+00
2.111243984827173126e+00
4.092534031717219856e-01
1.868199915166390390e+00
3.514643661187879964e+00
9.002833337734449382e-01
2.087352164937072541e+00
3.606863230332284065e+00
1.273841673750730097e+00
1.659339741454912032e+00
2.879234922250875517e+00
2.009094014957336416e+00
2.045132602541456457e+00
1.750911629518940638e+00
1.450428259473196979e+00
1.200582627612262865e+00
4.184062504200490196e+00
5.107259061275777334e+00
3.256088907359051987e+00
5.181092664593163200e+00
1.165075772833722434e+00
1.843956488395302795e+00
6.997135652820244189e+00
7.644439079110328938e-01
7.246220122889115434e-01
5.202382632713536958e-01
4.986468802283925861e+00
1.298246911983246710e+00
8.450379880796806686e-01
2.584774971918630815e+00
2.178403532059384862e+00
1.673438892742072248e+00
4.124614691472247685e+00
5.289899064837848108e+00
2.181301567490757432e+00
2.829508460959400562e+00
1.454129557545039697e+00
4.706951655215037000e+00
1.908858693932740547e+00
2.678924837849661067e+00
3.248867434165799040e+00
8.644903317463257242e-01
1.434971585516455095e+00
1.899206405072624948e+00
1.827844648958056206e+00
6.000348684689715384e+00
1.824824462370299161e+00
4.996567830475646232e+00
4.339011425385979948e+00
1.534560681679109084e+00
3.604397932702834151e+00
1.958342543103159361e+00
8.014752723931148903e-01
1.552892700052761032e+00
2.216384703114723909e+00
4.173882257313286104e+00
4.258388381392640198e+00
1.339793844695449598e+00
2.272041729797670939e+00
2.265355570946096631e+00
8.526756188048855156e-01
3.351536679495987325e+00
1.806951587708421680e+00
4.128708168001572254e+00
3.041255496701519068e+00
2.120192767367882425e+00
1.886365444187133811e+00
4.823443394928926153e+00
1.453356376939695549e+00
6.798341809823406301e+00
2.805284721640902479e+00
2.658639285924091489e+00
2.027661863384229157e+00
1.341564858222510814e+00
9.653593396862103493e-01
2.921575004476734350e+00
1.510960150926223600e+00
1.595658210477616690e+00
2.115360920984925563e+00
1.103238775926825621e+00
6.065860218439300233e+00
2.307328360578076332e+00
2.980852698222918651e+00
5.200650378551376463e+00
1.134895364751238978e+00
1.406411879733309611e+00
4.081792082907822916e+00
1.853956822916166702e+00
4.279809772295677384e+00
1.181804549315287556e+00
1.654259322643877095e+00
4.680030995875037902e+00
1.802684359886424836e+00
1.344870470035752774e+00
4.860697216644171093e+00
2.590080713582433525e+00
3.824522972713336966e+00
3.250838264311526338e+00
5.251854456269161808e+00
8.397903442514618177e-01
3.242858899005467865e+00
2.267168457458920816e+00
1.940133123632262313e+00
7.107570217317845662e-01
5.982534265849099864e-01
1.535221706641312078e+00
5.196038574444581393e+00
1.224511241798216910e+00
6.006909230532330168e-01
2.297707117352632000e+00
2.518864292782225789e+00
1.786388675433205897e+00
2.593850286058729360e+00
3.855737571033531541e+00
5.606511311530242292e-01
1.369223598502403494e+00
1.648328501194398887e+00
1.677547890357830251e+00
1.127767461311307562e+00
2.254678140223751903e+00
5.935845049373090099e+00
4.053138168749946146e+00
1.676617967675386955e+00
2.596706052234568629e-01
1.689507513506305347e+00
1.771092274929780608e+00
3.220071236818382587e+00
4.076643414888021510e+00
1.744710189579061321e+00
2.034572117176248973e+00
3.735294705975185536e+00
1.640523701112926558e+00
5.278206414279263292e+00
6.750444473428372838e+00
9.629451779117069732e-01
1.852847617257000534e+00
4.016550318186182800e+00
1.525938929384054843e+00
1.262082395564939619e-01
8.345128361670486328e-01
8.690326354188098179e-01
3.530274214941383271e+00
3.064246775600077299e+00
9.096478801132877878e-01
7.529547115369071841e-01
3.084709585776540752e+00
3.060666633611990317e+00
4.911221152620180774e+00
2.455927943776051503e+00
2.456631270891472152e+00
6.147278307795171592e+00
2.795250525244103557e+00
2.454209987893321898e+00
1.295113773332599028e+00
4.746747618401388813e+00
1.793374290147083716e+00
2.528617810097083307e+00
4.777820913439109751e-01
8.965113629846223064e-01
2.831725508517557000e+00
5.797822498906463728e+00
4.338453531051398748e+00
1.849945248483742866e+00
3.132639012584955474e+00
3.153938185909662018e+00
1.002114061446430560e+00
1.574082344111197962e+00
2.764526007754820047e-01
5.021853648666502856e+00
8.912334444516331056e-01
3.323007305092943398e+00
2.213265872497854669e+00
1.943258966444366909e+00
3.065970295099291754e+00
2.848768493313818428e+00
2.317609484274199882e+00
3.554303461514292994e+00
3.925542574074439628e+00
4.145277226690600614e+00
8.523384824293598339e-01
2.221031137327011074e+00
1.685141027094537725e+00
3.729751066443732999e+00
1.410044331571816079e+00
1.451145192649216709e+00
1.846030782405166049e+00
3.772486301743469106e+00
5.269109325637971741e-01
1.275276167074421485e+00
1.385560279567711106e+00
9.385014267700786394e-01
1.427103098591117503e+00
1.527858366301634296e+00
1.952355185115342673e+00
3.562595789535636381e+00
2.908746281083539387e+00
6.958045177730955544e+00
2.167236508863416677e+00
9.558324629353952551e-01
1.797915686541867064e+00
1.380767578803243856e+00
5.442251391677690897e+00
1.955295889184758273e+00
4.880938879668712538e+00
4.047929170748878924e+00
1.849726702849592730e+00
2.115762600685572981e+00
4.232964743176728106e+00
1.832712037934271398e+00
6.054710144339341404e+00
3.352089200168312022e+00
1.808857539743016662e+00
4.013793946811832214e+00
5.160550590074078237e+00
1.249251466642309571e+00
4.013461300583481162e+00
3.959382559508620947e+00
3.228540521415872888e+00
1.413519592964041838e+00
1.109207178741151489e+00
1.580271408675339107e+00
8.685875738785872047e-01
1.367815621595004583e+00
3.509081473758640657e-01
5.688875760402229531e+00
5.566105961378526423e+00
1.734273421187185749e+00
1.312411177696115816e+00
4.201020723079928132e+00
2.727245284038950501e+00
1.090919114427928882e+00
6.354036705736865187e+00
3.415297329817709393e+00
6.008881375060672880e+00
3.284631130818662204e+00
6.020047515007274974e+00
2.330809919345710135e+00
4.171988508562046505e+00
1.758680758651058884e+00
1.987732174377124572e+00
3.095404276130051535e+00
1.872572085414587528e+00
8.629122548250931501e-01
1.550594303299711596e+00
2.279035971268493999e+00
1.048218079211674425e+00
3.213944575616817012e+00
4.251359144292385928e+00
1.091801971287871709e+00
1.254361605444070493e+00
5.173053106453819439e+00
2.546994462141363602e+00
9.010619142481067767e-01
4.710308096872968697e+00
2.932046837082650459e+00
1.444095410962365156e+00
1.986179766111732414e+00
2.848637526298910316e+00
4.470446000512247053e+00
4.665172720119235450e+00
1.329188744067808514e+00
3.965113053313870761e+00
1.037010036916202793e+01
2.040135992511867169e+00
3.069145360798684052e+00
2.700645794587166026e+00
4.428425883458936063e+00
2.410961232376417129e+00
2.127755579383141971e+00
1.007627759624208696e+00
1.326636159462980302e+00
8.136956486843605063e-01
1.847367419393495469e+00
1.328796085201667587e+00
1.236999016767208692e+00
1.501247379654307545e+00
5.909273013708403743e-01
1.046604721519053260e+00
1.103439422000067172e+00
3.817141444253117299e+00
6.544863263973482503e+00
1.783440861784881593e+00
1.985437607819723116e+00
6.138541571798045160e-01
1.332673139753588254e+00
5.341358292205509173e+00
2.045799982993246946e+00
3.705100197827662534e+00
2.082704641421226910e+00
6.667086361420917484e-01
3.829781863231192407e+00
1.101872345935789976e+00
4.278814827193234471e+00
2.844983114217325859e+00
3.256738086193620152e+00
5.771811260028569812e+00
2.276346014101866988e+00
4.786087257908264725e+00
2.412027178064442445e+00
1.042579165716087441e+00
1.678520158483096436e+00
2.802164855555670631e+00
3.516013960754237111e+00
9.899975580143416387e-01
3.740693957446395768e+00
6.284240827955912323e+00
4.389218295687622451e-01
1.517017785844273492e+00
3.444438244988475173e+00
3.261460288503343463e+00
7.805082896986134777e+00
4.621038111519776059e+00
6.480278477913259394e+00
5.079069576149783494e+00
1.372589669438962101e+00
1.210739142998837670e+00
2.101062154351567735e+00
1.227925591787622839e+00
7.115681787968788363e-01
1.226398412418296724e+00
3.578359476491756119e+00
2.679712030162518577e+00
3.461666877227095540e+00
3.500634763039051744e+00
1.724449993332405784e+00
1.648393892216116763e+00
2.144126102321147975e+00
3.898480767948447667e+00
3.502812232757177124e+00
1.189423410983027729e+00
5.796704714062046015e+00
4.660345587616456342e+00
3.558264704917285748e+00
4.039906844881405945e+00
4.093433101615795877e+00
1.656773356940580921e+00
1.214417562901817460e+00
4.642696550217406681e+00
4.987639759458268318e-01
1.456222712716466194e+00
6.423548497653536193e-01
3.898426732071664791e+00
2.251618610819296151e+00
3.105647854035693989e+00
2.228080652029165609e+00
5.409870903460087810e+00
3.777013217527068090e+00
2.398578332245173250e+00
2.294871152956721172e+00
1.033556208109017049e+00
7.572883516643815760e-01
1.482503342885486797e+00
1.928430267187922764e+00
3.059713164358532023e+00
4.321149037215792355e+00
5.523519035507923114e+00
3.315851427628144776e+00
1.925049699978078177e+00
1.621599730081891400e+00
9.676760041338736684e-01
7.746341693142814178e-01
2.351593139936542176e+00
6.326790172271199442e-01
2.374624245490053909e+00
1.713004846502468093e+00
6.755547548654687873e+00
3.295788270606631265e+00
4.730600093574635068e+00
1.999042694908246709e+00
2.261975809914830826e+00
5.144537039031265913e+00
2.385114069495632094e+00
2.086462982197355931e+00
1.890693765213259825e+00
1.500408755821839524e+00
2.084270334639361621e+00
2.362003900724047867e+00
7.892970924620795747e-01
2.047906968734284572e+00
3.168747611142388898e+00
2.601201467969315173e-01
1.991948317536841317e+00
1.754478403042684764e+00
2.301676818502265132e+00
1.325090102715219098e+00
4.099111685970189711e+00
1.664059335594174849e+00
2.595551423848339478e+00
5.116608787345853226e-01
2.873860874594938331e+00
3.048119317758875457e+00
2.119284324042664647e+00
2.221575344350142256e+00
3.888491710080685504e+00
4.057526797833630461e+00
7.367218070961313314e-01
3.967817954741559738e+00
1.834615484318142364e+00
4.673820466241983773e+00
2.956462826572060276e+00
1.146898870177903040e+00
1.036768519912643738e+00
9.282901189483354631e-01
3.780883045830394362e+00
4.309107641443270964e+00
1.289069823890733657e+00
8.646701181809672843e-01
2.106681091063637545e+00
1.300951985578003844e+00
1.013218826614771473e+00
1.204224857376290370e+00
3.926557414926914458e+00
2.959205403583970995e+00
9.911428407397905316e-01
4.668875003406477653e+00
4.152762619427013746e+00
1.845736966148769476e+00
1.610375876475270474e+00
1.393289296632670871e+00
4.894151947562904503e+00
1.852004615648157326e+00
5.368992733107440074e+00
1.551754265146785050e+00
1.451964274377746111e+00
4.655579772143005890e+00
3.949737564789448374e+00
1.803024946248698912e+00
2.398033718859988728e+00
1.504953342809752126e+00
1.020011396627438227e+00
1.452045496035456074e+00
3.796633534646230324e+00
3.156752166408327565e+00
1.149615068924707995e+00
2.896914444152941748e+00
2.764160214741696819e+00
2.086015596241146408e+00
2.793361084264549543e+00
3.276745882603552484e+00
1.004924478797033505e+00
5.497060077258336896e+00
3.134217596783529292e+00
1.439369600041704444e+00
1.991627098417153574e-01
6.191364888881870421e+00
5.854472861266764916e+00
1.450297372342217450e+00
4.034643753987293913e+00
2.648979138072328876e+00
8.440865271608517517e-01
4.759781071883886661e+00
9.210953597636037937e-01
2.992755201902562945e+00
3.035938047020974917e+00
2.527857690045242300e+00
2.237339952325701820e+00
1.715776194606708716e+00
4.320797088886732418e+00
4.167831900948002932e+00
4.153166362689394653e+00
3.997972013018497250e+00
1.261479940788915677e+00
3.197479390847564051e+00
9.718282504296413826e-01
3.127859681193206232e+00
4.315726906395043749e-01
4.072540685054636178e+00
2.848672852675138589e+00
1.152896831016712476e+00
1.326087691227047172e+00
1.430476883212310479e+00
5.200928030025719906e+00
4.849529629841670797e+00
1.221129335404095961e+00
9.522871809797357479e-01
1.497485409043743942e+00
5.677216548020729725e+00
4.262133223086474132e+00
4.714904925674646918e+00
4.386511952348107535e+00
2.002641082689088137e+00
2.214553556383759059e+00
2.038034692677836546e+00
1.461482589104699858e+00
2.580239296933495297e+00
1.693698931620098103e+00
1.250915339084534672e+00
1.795549411038154020e+00
5.579472176337634259e+00
1.537657316129935170e+00
3.034260315878327230e+00
5.797721689123758182e-01
1.924642922168856574e+00
2.904387605441194786e+00
1.531670545073311462e+00
4.419244593139697308e+00
3.887282520612639569e+00
7.044043519486579141e-01
4.175644640990507028e+00
3.037719726487188243e+00
2.414288879738763605e+00
3.908859547006143575e+00
4.808614754206456787e+00
2.632800636462912625e+00
4.657195104872152491e+00
2.291261052321480030e+00
2.174692905645652985e+00
1.790603778448856653e+00
8.825170119842589145e-01
4.902094846460347988e+00
1.944287624890476351e+00
2.464926847764091988e+00
2.364733113339767989e+00
3.202223456277199620e+00
1.203232693840430745e+00
2.968723744286440702e+00
2.704622756750254986e+00
3.719152669943598166e+00
4.136907464582741945e+00
5.427511461987871932e+00
6.972114230886523600e-01
1.660167206765676751e+00
4.254659714740102849e+00
8.263539614055468441e-01
2.226570883953653102e+00
2.385179592975504193e+00
1.179542607274092658e+00
3.528126795952718275e+00
4.620270816641530942e+00
1.453137433983223259e+00
2.721007227114058402e+00
1.710906865841236524e+00
2.014602158684484667e+00
2.054467519684268773e+00
5.880395444786367776e+00
8.508139615723988580e-01
2.661454775010733353e+00
2.745720513167109633e+00
4.558007757744844568e+00
4.832378409290349452e+00
6.931095545151189086e-01
5.555007964530186193e+00
3.850766679276754534e+00
2.339916226289037837e+00
2.842631496764181698e+00
5.610702687297062674e+00
1.443899579486755291e+00
1.549924076405261086e+00
1.541411170896951122e+00
2.349470304619174499e+00
3.490783373222793529e+00
1.544937547332023264e+00
5.990565194502970314e+00
4.927198984670048354e+00
4.823381454767330823e+00
1.681137239674547423e+00
1.294191472892114225e+00
4.229322291725207128e-01
3.517920585410192036e+00
2.208496962701191446e+00
1.152559190585756843e+00
1.754947990935780133e+00
1.847414352631079337e+00
1.076005918103575043e+00
3.194497637051726180e+00
4.780989525130885376e+00
1.905603671550382572e+00
7.001687574332834396e-01
2.486528300890880949e+00
2.924686263003369646e+00
1.663273769795076129e+00
2.472890837558868071e+00
6.418341443666777391e-01
2.172964144751493354e+00
1.796196907428840639e+00
1.368745113252280321e+00
2.675892376126483452e+00
5.162011780529042859e+00
1.175016164024455412e+00
4.221504261294596105e+00
3.375513060945414701e+00
1.588030696433763822e+00
4.539348055914203539e-01
1.349457933512615782e+00
2.616318449083208542e+00
4.578241189385520826e+00
1.541778174590176187e+00
1.385440392860524561e+00
2.635425874989464123e+00
3.676616412986543292e+00
1.967319499333809896e+00
1.014894261125655062e+00
2.828089076905958343e+00
2.948441022406678158e+00
3.350444767157305659e+00
3.320121459621354632e+00
9.583716479339696726e-01
9.844773983516125204e-01
3.948768222454059451e+00
2.671448215961299777e+00
2.742798002135118374e+00
4.977319242188285031e+00
2.699878742701314671e+00
4.833571227178001806e+00
2.280021942208945607e+00
3.904538186350973383e+00
3.850764182523504164e+00
2.130252988374615519e+00
2.845707456284347181e+00
1.552381464002171585e+00
5.037106659496063621e+00
1.939554026590028846e+00
6.402818951493645550e+00
2.298454773562421227e+00
9.149148874993070280e+00
4.192293881852655169e+00
2.136787637750984459e+00
3.774052451418910437e+00
2.360109308414989115e+00
4.042815296622773502e+00
2.181751863134786973e+00
4.159171192766416780e+00
2.181302591598092366e+00
1.910379388772283527e+00
9.098420230321807578e-01
1.107650907774416993e+00
1.137086588010714605e+00
2.678026099697980111e+00
2.256119159917265637e+00
4.516723822381039088e-01
5.653158553172128453e-01
3.440054973187604670e+00
1.582349111071105430e+00
1.114766094959021681e+00
3.262767341259265041e+00
1.108907079436627363e+00
1.083550013129216261e+01
8.806229007501833461e-01
1.675975818348715451e+00
1.030146152135308135e+00
3.453824905680654034e+00
6.393636123498706247e+00
3.485828820808687389e+00
3.513894015135600402e+00
1.164900968481072052e+00
1.438602583670314239e+00
3.559797135832854842e+00
5.360451309437895162e+00
2.735950518384234975e+00
2.318345819144691955e+00
8.042017275036253965e-01
1.547137674109504424e+00
2.380143335117228531e+00
1.181304684048121167e+00
5.253904060281248123e-01
1.131581505256203268e+00
1.490590874781189346e+00
1.753197040282127528e+00
4.371563138684104288e+00
1.928405270842913799e+00
1.855643061464852250e-01
1.606268809203246661e+00
3.057024711684696694e+00
1.549484331559886074e+00
2.421356714616974770e+00
5.524529921720845449e-01
7.667796258787317187e-01
1.214393476663312432e+00
1.102471360681249957e+00
3.841208294525165989e+00
2.531172641082755526e+00
5.099058143586128189e+00
1.313873266844731935e+00
2.197923104112057491e+00
3.268237111440910336e+00
2.020065205292121302e+00
2.299190826158569845e+00
4.351671244464086818e+00
1.668363784528693161e+00
5.918250699744946886e-01
5.426385637461493161e+00
2.240864982237524838e+00
5.452955448688724394e-01
1.038740346517768476e+00
2.619235279650150350e+00
2.548637281421889167e+00
4.681088706314919357e+00
3.985842183163624597e+00
2.285655060395541671e+00
6.147874832695433556e-01
3.302824891209705793e+00
1.775012889841112163e+00
8.217097130595522048e-01
2.098024421945315687e+00
4.207543413400562371e-01
9.873262366419481850e-01
1.113316667605162902e+00
3.952319714124701289e+00
2.616627078898731362e+00
4.072923875069983879e+00
8.656218203150245483e-01
1.389617850225493445e+00
4.806571092799936551e+00
1.507293344515268307e+00
1.574873279347103638e+00
1.818085656289912810e+00
3.570899127485991364e+00
2.988004199640207581e+00
3.301695827234037317e+00
2.294795347216005421e+00
1.889996757642614877e+00
3.919440527346816250e+00
4.449776761776941036e+00
7.776889201789670025e+00
2.149091874532966351e+00
3.766215405402496330e+00
3.104699059648301951e+00
1.262504748205920180e+00
3.677143246503437268e+00
1.622183194626230229e-01
3.656838447775242695e+00
7.657111357546780850e-01
4.274788032619022182e+00
1.268473869751741034e+00
1.530326040551937217e+00
5.426194287226047130e+00
1.594281693687446211e+00
3.328568327982652786e+00
3.400787257616314285e+00
6.595748878138524285e-01
4.600708349383338280e+00
6.077224379380818942e-01
3.693641695544171100e+00
1.430983875252961335e+00
2.311874624099518272e+00
1.315952640189125056e+00
1.019562712989438902e+00
2.366277032043675455e+00
4.659022763686168744e+00
9.033841722630557847e-01
5.737790990214551634e+00
1.674751295384008909e+00
2.414905386100360651e+00
1.175541056525156058e+00
4.032214320729061718e+00
2.219871955761545390e+00
1.341724075415976269e+00
8.120001316066361996e-01
3.929210303343591448e+00
1.057988901434615991e+00
1.257321074636266856e+00
1.241539408185440285e+00
4.294246268040278203e+00
1.616514947566174643e+00
1.784279393783997358e+00
1.344434996855369047e+00
4.340141458671977759e+00
5.963430935677391354e+00
2.701250992050382216e+00
3.852571598707480671e+00
1.606529371621802094e+00
1.255252359051452826e+00
4.916023640215396284e+00
2.143460546321078297e+00
4.293747741479080560e+00
4.859980269432048416e+00
3.323039893076327189e+00
2.156001518492524305e+00
2.243434311194874464e+00
4.689825903110457217e-01
3.902039148939262958e+00
1.707291880691205410e+00
3.069506279081403388e+00
2.112197326383475460e+00
4.410189244789551211e+00
3.606889783237103853e+00
3.181324939502524263e+00
4.172585126141783896e+00
1.749503756077363414e+00
6.438911795055430876e-01
3.070670289955176546e+00
2.575644342552795951e+00
7.988062531935700150e+00
1.526074370927852586e+00
3.803964209019644827e+00
5.506837105920295850e-01
1.840103906959607238e+00
4.913015261837655467e-01
2.862127733158895904e+00
6.155996748212801073e+00
2.358071904596755974e+00
1.481038599972428704e+00
1.401485008137009824e+00
3.190575181495587387e+00
3.193751143220438848e+00
4.078795073481013667e+00
1.952332853144494784e+00
1.767530926407693048e+00
3.474553749620160836e+00
1.642741084179883071e+00
1.559990656242448814e+00
4.986600859555220810e-01
1.901010981897583996e+00
1.153334171393969099e+00
2.048219746044272149e+00
1.796931936877558922e+00
3.462106846631869406e+00
9.233443824622397100e-01
9.770845535423959838e-01
2.140312397114931819e+00
6.412659893923695620e+00
2.374170210183889740e+00
5.017643548158800648e+00
3.822849145846104690e+00
6.676560028779126021e-01
2.219307219425675992e+00
4.800849573628285683e+00
2.624011519239972667e+00
2.198242029720206325e+00
2.282100076540017675e+00
3.164357492196074428e+00
4.688065302018142866e+00
1.425513849477232142e+00
3.914125231532921578e+00
2.504224511196623482e+00
5.744016857881818261e+00
2.638338794229869055e+00
2.159530844708070330e+00
1.122029962413120474e+00
2.732515301021480880e+00
2.425975765354688285e+00
9.487571977968971559e-01
3.035335259989759393e+00
4.275847193317010131e+00
1.194206931346868394e+00
3.308711083912066364e+00
1.655616810224681990e+00
1.052014679850935774e+00
1.542198825214951219e+00
1.006753238420888152e+00
9.743488218684386304e-01
1.404408161023934953e+00
1.306203205781908627e+00
3.047554322266358806e+00
2.726441504546148309e+00
7.206065182963637961e-01
2.036225911580262338e+00
5.428870629129677328e-01
5.599857097673929474e+00
2.027770797989925100e+00
1.815303394623010158e+00
1.355711739772323510e+00
8.700669662501436807e-01
5.770348522240404954e+00
3.067169845289776209e+00
2.666300619557628870e+00
9.212023641132583984e-01
1.768296737088576265e+00
1.863277286544998468e+00
1.420017650594911807e+00
2.435236622637974246e+00
1.220545081389672992e+00
7.499998356621770945e+00
2.097080943004120623e+00
4.486728271800561885e+00
9.959011718886543463e-01
6.867476131389475213e+00
1.332130298767607357e+00
1.563240083034981076e+00
3.750292968599065802e+00
2.176704725001794127e+00
3.554126925449615726e+00
4.931694525412488872e+00
2.076133006986657925e+00
1.353901144496849396e+00
6.017880049478687710e-01
6.482835082785951997e+00
3.567030073917977884e+00
3.292025240961342192e+00
4.393284628941901637e+00
2.560513414632795026e+00
3.163431920055685964e+00
9.890704603617795909e-01
2.018865932719793310e+00
1.447961092270363404e+00
7.884718842080689072e+00
2.672444249871092303e+00
2.371541509315779450e+00
1.153858949318469218e+00
1.413682856986539171e+00
3.288759019546404261e+00
1.267591062572751337e+00
1.759122409228155881e+00
1.633792780379512255e+00
2.466242002302221348e+00
1.860793551752917718e+00
3.311679451540703756e+00
1.810932072449163766e+00
1.373788430963470253e+00
8.938930599791893306e-01
6.240299537948880149e-01
2.422331410844025701e+00
2.553969731828780620e+00
2.012493760851992164e+00
2.182278962557687052e+00
3.111914612812548331e+00
1.092800024149088944e+00
2.804574992257348409e+00
1.029467121057454415e+00
1.434417938174697316e+00
5.619254131564698218e-01
4.683673339816714076e+00
1.932057263553974558e+00
1.302016932891942202e+00
4.926639721616022705e+00
2.178972349669343611e+00
3.018754363749890146e+00
1.592160733271045459e+00
1.128951197899938474e+00
4.888531776621894309e+00
4.537157032186298622e+00
5.192740072168936294e+00
3.550900700115148023e+00
1.532793875427822972e+00
1.401268251205316284e+00
1.634086938203552997e+00
2.219569364620638474e+00
1.007448073339638039e+00
1.444701206035694074e+00
4.001069496731876285e+00
1.321973315591120635e+00
6.658834257221682762e+00
1.936554089164535863e+00
9.030923852020446008e-01
1.491933708131973679e+00
5.629556537933376958e+00
1.490769289453539370e+00
8.903341050474881113e-01
7.655402009332147317e-01
4.618529360812275719e+00
3.128192400153631425e+00
1.801192404259598590e+00
4.935715213908433263e+00
1.915784066645688455e+00
2.050420398334614092e+00
4.457134334251438013e+00
1.696814560767160751e+00
3.940297625319277408e+00
1.689142698869429360e+00
3.964145238452918996e+00
1.221504768984743139e+00
8.470775462404962486e-01
3.584068677349146803e+00
8.916286453402044732e-01
2.144347186611284872e+00
2.810523690042254330e+00
3.662720252664181109e-01
2.212877342764823396e+00
1.823092934102159779e+00
1.593545317783874093e+00
5.394581986479607849e+00
1.998851273910205339e+00
1.781288574139621383e+00
5.505254930420855786e+00
3.784593894496928623e+00
7.046529953457296713e+00
5.438693017433399390e+00
2.069853538126618098e+00
7.023373061914377935e+00
1.641796473081159835e+00
1.099718431855107204e+00
2.621451792113042245e+00
1.918346853170400657e+00
4.476663518652142848e+00
3.167569696795022871e+00
1.403953389688243680e+00
4.544058069957601198e+00
3.170103824606134602e+00
2.306928695478168034e+00
3.397323847109812611e+00
6.876099251494511844e-01
5.333381000968590024e-01
2.699359024022841780e+00
3.378954250517319569e+00
6.343776782170514217e+00
1.786071766065843169e+00
4.603396566927664968e-01
1.595730356478873180e+00
1.362856391484615903e+00
1.963642867806948855e+00
2.164825508284035305e+00
1.675869983599869828e+00
3.245871570692040908e+00
2.188357381497636922e+00
1.774997267345989060e+00
2.730972026153362542e+00
1.260627029611669503e+00
2.940626873517450335e+00
5.020530394370874561e+00
6.064020253659973214e+00
3.154380172683707073e+00
5.055111775025971088e-01
2.851809152970685712e+00
2.154428270047740845e+00
2.364624861645291176e+00
2.828537378579278894e+00
1.034443570618394537e+00
3.049565674787164671e+00
5.476918038994568860e+00
9.579493574478280538e-01
3.910947767927945851e+00
3.022193511908002783e+00
1.319368035983577547e+00
4.291332531787302784e+00
1.823339193920280765e+00
1.719179561235113063e+00
3.112595541318595949e+00
3.821616428684412092e+00
2.543233950776694563e+00
1.285299676698338445e+00
4.043996654623824405e+00
1.847235334224043513e+00
1.076821465392671762e+00
6.940814987454611007e+00
4.770815735252348588e+00
5.016730363610215626e-01
5.184341715623077995e+00
4.634299746338101045e+00
1.075821746090339204e+00
1.846357717073228155e+00
4.997855311506421039e+00
2.132036336103334317e+00
1.841089714985217451e+00
2.747751807163331339e+00
1.405407054900419617e+00
6.283282022233726671e+00
4.839507573843360611e+00
1.178087559419293218e+00
4.291406992149711996e+00
3.083351257578869298e+00
1.849686873966336575e+00
2.547485652678525003e+00
3.758850794653121330e+00
1.571804272548323222e+00
3.836427064141658683e+00
1.374517478489267752e+00
1.159142149081262119e+00
4.058812249901523117e+00
1.906873379899072685e+00
1.830667888951659661e+00
3.410176000750833492e+00
4.068106405805965942e+00
1.515961154486723528e+00
2.198245231467665484e+00
1.973099369170100204e+00
1.569464651827406909e+00
5.002563018229341019e+00
4.592335685909518794e+00
1.375324043645755223e+00
6.111272979370991898e+00
6.300822333878085546e-01
1.106584313656334251e+00
6.752860371570529097e+00
1.573822340638510786e+00
4.948112467296065908e+00
4.319824292356653217e+00
4.342005856047430612e+00
2.866362034339315468e+00
9.972754997095648610e-01
2.029517827407484099e+00
4.364685269623429953e+00
4.788890253408768061e+00
3.348434290823066206e+00
1.727858361403257215e+00
1.114209265381254088e+00
5.127103431919898924e+00
3.520955344639488338e+00
1.046342318214918077e+00
1.334828955699782549e+00
2.169625017963084268e+00
1.416541490853015839e+00
2.486395755632109683e+00
4.063204499878604103e+00
3.295325001388106578e+00
6.115024291765389641e-01
3.232207621457184210e+00
3.539259519140293353e+00
6.457896575922658089e-01
3.058417119958654951e+00
3.171288234757140501e+00
1.659642255333172223e+00
2.442064741214384327e+00
1.836508370485799624e+00
4.583514846445412516e+00
1.981076828516849853e+00
6.748105483184145825e+00
1.720323898552677422e+00
8.694910037445033879e-01
7.811150216753791620e-01
2.669169694449835095e+00
2.041065704433976613e+00
7.919577985822791044e-01
2.347767352757129000e+00
1.988017315491611869e+00
3.732781713943390312e+00
1.079597009753121561e+00
7.229557702098606820e-01
1.599746814765887315e+00
3.356449260917280242e+00
4.778329691580196936e+00
6.926259721765153365e-01
1.813570381163289724e+00
1.695125586767268766e+00
8.041739407521145688e-01
1.612538497880986910e+00
2.239187131597290215e+00
2.000779374661278975e+00
4.334483257601639217e+00
5.067106964687344117e+00
4.840084031391123531e+00
2.661488322144800467e+00
2.128667498547800463e+00
3.157395410370522182e+00
2.107781193246274221e+00
4.258389661125351999e+00
6.350771328330277576e+00
4.375876599113804666e+00
1.518830378457926233e+00
2.961160269499456099e+00
4.631158734740098204e+00
1.918776962732438918e+00
4.025575399899774531e+00
1.093005168192600740e+00
5.392442298925404387e+00
2.061139363072291619e+00
5.099556232755050544e+00
1.858107986901226027e+00
2.707175515037363756e+00
1.739869416938804036e+00
4.821589289515183729e+00
1.715968263790597081e+00
1.651477965480616872e+00
4.629368759695838165e+00
1.589117950699024950e+00
9.463626282596118156e-01
1.116546654046055354e+00
1.594418553487577217e+00
1.587704566881948276e+00
6.969309037638835136e+00
5.456750107313879106e+00
6.516612850611734231e+00
5.632859880583172441e+00
1.491383754005758844e+00
1.531770317785223989e+00
5.134492211601212830e+00
1.196732642982670569e+00
4.885480909462678767e+00
3.742044642998812343e+00
4.542253270223809203e+00
8.113795487717073707e-01
3.641731455647291060e+00
2.525345540494219776e+00
2.834308206769897254e+00
2.853225107220740409e+00
3.047175557088585673e+00
2.671402575021288861e+00
3.587002729758487440e+00
4.964512867697811416e+00
9.499918420199034985e-01
2.144640310551423568e+00
4.332885438579832993e+00
2.357125551680579800e+00
4.386091327056160338e+00
4.184879359375929475e+00
2.903773401312937708e+00
2.703375540745823091e+00
6.906342634895125121e-01
3.365679549476288557e+00
4.406313860611434485e+00
8.792353220732030961e-01
1.443010831748362754e+00
2.512505514163630771e+00
2.152011745576786428e+00
1.914614057697263672e+00
2.927039830894737626e+00
5.138205646620290779e+00
5.241426610407897257e+00
3.058789680267507194e+00
2.319503509955892717e+00
3.315157413210640946e+00
8.318902125083318388e-01
1.124519677914695315e+00
9.318970348994703556e+00
3.493652894150239607e+00
4.121599043670040596e-01
3.004912406675510184e+00
1.042441714006574482e+00
3.222509016354759392e+00
2.499479573075298333e+00
1.820513203000926339e+00
2.837414543778587817e+00
1.911332076051005302e+00
1.861500639038544680e+00
5.068948253586653685e+00
3.365804864589563294e-01
1.310200592352207316e+00
3.281379997421780548e+00
1.331541504226267936e+00
3.107331595005981661e+00
1.650447078252406774e+00
3.381067974905842100e+00
4.731281241095530277e+00
4.523043600897850069e+00
1.205413163225482087e+00
5.001584718088596837e+00
4.279804040667980480e+00
2.327963977710003074e-01
2.390065948990695244e+00
2.121649413212231661e+00
2.366294233813267311e+00
2.330717457283855154e+00
1.538335309816391661e+00
1.335061574062972989e+00
8.393922683741680046e+00
2.149493563554221165e+00
2.853674831902057729e-01
2.450862833867222257e+00
4.817894826029476718e+00
7.768026003949645153e-01
4.395690841390524461e+00
7.077505426872428451e+00
1.700306232221893143e+00
1.859420176018937942e+00
7.195314629459984568e-01
2.352066783216421264e+00
1.395667397042587687e+00
3.957933717029255671e+00
4.666788621919724100e+00
1.092777870283971442e+00
3.345104551130158921e+00
2.146224307114153795e+00
7.379190837477218601e-01
3.268822473949399288e-01
1.365459245487416595e+00
1.446251452445150187e+00
1.915191149750626876e+00
1.939184945938229543e+00
2.073914956553057021e+00
2.516355302878622968e+00
1.434616818469217847e+00
2.265541474033966107e+00
4.741424715140757584e+00
1.687067734891573023e+00
2.161475533844909425e+00
2.786678864674059675e+00
3.397745475005682358e+00
2.879354030867608216e+00
3.305562769920269428e+00
5.745491652995765586e-01
5.782329071487651850e-01
4.861503251682937066e-01
3.540435798638347453e+00
5.201250972007612994e+00
2.488291618557723517e+00
6.571423013085470721e+00
5.307925633686541023e-01
5.256164613209250547e+00
5.221614178082194080e+00
8.955538515045389225e-01
4.053764864045964700e+00
2.917268749547180295e+00
2.416258035832287820e+00
3.740784156152153539e+00
1.722831849349068856e+00
1.754860815147926578e+00
2.260556098133949199e+00
2.386273091853871708e+00
4.282412319092392394e+00
1.759219339515109004e+00
3.626019055059702900e+00
4.690102434682239085e+00
1.441548420395762253e+00
4.439279002619953118e+00
1.704231147635278720e+00
4.401803360603372184e+00
6.075812371797726819e+00
1.898197695008578378e+00
2.330430217530467640e+00
5.321335462418301798e-01
9.697263347800547661e-01
2.388549341355525879e+00
1.913423931066490669e+00
2.720650152071705463e+00
2.222781229065654784e+00
2.826608327813232791e+00
3.845869787927144734e-01
1.026876644110336745e+00
1.182382503927890571e+00
6.280548437864202915e-01
1.659155088987486648e+00
3.087939500823710492e+00
7.204519023415868473e-01
4.476027804928786935e+00
6.887401681523352082e+00
1.534156683073577554e+00
9.837797972066950614e-01
1.418245694256966782e+00
6.725008119547443819e+00
5.793861978274867042e+00
1.483565931155310880e+00
1.818018266290121865e+00
7.887664387650523246e+00
2.482328006281858457e+00
2.641904100176927450e+00
6.255414959581696799e+00
5.575112848628923645e-01
8.053400730959783260e+00
5.702496357536957383e+00
3.149064488791282201e+00
1.307390053023817167e+00
7.435746847844719731e+00
3.787316466676880822e+00
5.620097730628121901e+00
1.746862597772867343e+00
3.395933681811462712e+00
6.924120457176119459e+00
3.401679333093746038e+00
1.354562172950029009e+00
3.683251377941726412e-01
4.979003637170698937e+00
3.486454977291230328e+00
1.589045049488765349e+00
1.446587766005255071e+00
1.869538964075528886e+00
1.251197054862934976e+00
5.212296748340072838e+00
2.228082197984130985e+00
4.567632145465640114e+00
1.608109907182138532e+00
2.776447015391312334e+00
4.386677004467262719e+00
4.873013496416236934e-01
1.800230328425103776e+00
7.947259726179928263e-01
1.470728831434213957e+00
4.849357755967337980e+00
6.228118220147803363e+00
2.370773537263603625e+00
4.373117016460124518e+00
1.815414384408909454e+00
4.602897256143595683e+00
3.232725796491290993e+00
4.883515586091388805e+00
5.100305512863080315e-01
2.492402836332987537e+00
1.589426662243556443e+00
1.428553513086732396e+00
4.511755402949543914e+00
1.046898449108194296e+00
6.850041121801325739e-01
3.531014329228665982e+00
1.316569926142158176e+00
2.628682803940094459e+00
1.196395535194166637e+00
5.729691972305189118e+00
4.163660546345465008e+00
4.636152988565504174e+00
1.796638432547552400e+00
1.597614558625408687e+00
2.321987013578043602e+00
8.779844670956833408e-01
5.673616036262892237e+00
4.130893350202979875e+00
2.100499474839659708e+00
2.006094815997863101e+00
4.760251528994504433e+00
1.293199142435442983e+00
1.035415946927897402e+00
2.961821288623800896e+00
4.543810337159483459e-01
9.467262757799196349e-01
4.059631288525696213e+00
2.483263984339885599e+00
2.260652737693812586e+00
3.409982870876487659e+00
6.621632485148064573e-01
4.241942085126216178e+00
3.215621481434715268e+00
9.993918832207294711e-01
5.915287291222606214e-01
3.827630832564705265e+00
3.420943233874481848e+00
2.235261375888526469e+00
3.698051950505680363e+00
5.535689452442249525e-01
3.895400036821879297e+00
8.297813293627200881e-01
3.490720001182860965e+00
2.819095285721105459e-01
2.238591615643823030e+00
1.710555861593820337e+00
2.750957647568220477e+00
2.709853102673537073e+00
2.244542531002441610e+00
2.281883596608198062e+00
3.312524702712345892e+00
3.472952866253524729e+00
7.828164216203902237e-01
9.412595792564979469e-01
4.962833812175705184e+00
5.524951932293780565e+00
1.949870224144124142e+00
1.248574788011995063e+00
7.758761267440738019e-01
1.160674731898652112e+00
5.333086516104405206e+00
1.406873533900662387e+00
2.744227891872083269e+00
2.773576701947481293e+00
5.528114724202336738e+00
2.126490071792791703e+00
4.216366200488641525e+00
6.344381435689628645e+00
4.494120466682295145e+00
1.220477136529713569e+00
4.630953587507468328e+00
3.818494964450349194e+00
7.053017643469846609e-01
4.557955676106634435e+00
1.540809817935756776e+00
1.671681342117560698e+00
1.576253460798283434e+00
4.501439162761543322e+00
2.441871410216224891e+00
1.476095727118663659e+00
2.842595967241277943e+00
8.495833189782416861e-01
3.837806744371213608e+00
8.143189556241868798e-01
2.624373057020610744e+00
4.274139957475604490e+00
4.174367133201358548e+00
5.730434820912462257e+00
3.158526078314203289e+00
1.209166258289876339e+00
3.784831706415515473e+00
4.819934259174075919e+00
2.516237077665996136e+00
1.117959033592843765e+00
7.940712065205104420e-01
1.783497333009141705e+00
4.065849867758737912e-01
5.133080867096048827e+00
9.232300339428747282e-01
5.356514338364626759e+00
1.673003207603765086e+00
3.876219624428722810e+00
2.759921652123551450e+00
1.877507658725051876e+00
1.462900574171328349e+00
1.623811566183904098e+00
2.082659528201835197e+00
2.696634260231282276e+00
2.196384073478680143e+00
5.195904656581102898e+00
2.244846249324676801e+00
2.586515961193544655e+00
6.712173353121878350e+00
1.677590207781889164e+00
1.900280412722068935e+00
1.020650073649256084e+00
1.816221262297416539e+00
7.971978177701369850e-01
2.146135102082763257e+00
2.714635191797649227e+00
5.047767836409282616e+00
3.387652525847836937e+00
1.100180121046833381e+00
1.449735054090679265e+00
4.462926022048592678e+00
1.519211117216288320e+00
7.077915042659983946e+00
1.904490422063429778e+00
3.749947807318796844e+00
1.551685079445790816e+00
2.049286437634720848e+00
1.763241644970021893e+00
1.964952183932898722e+00
1.889208669436129862e+00
3.025772679437769952e+00
5.416544943479776109e+00
1.502185327523321234e+00
2.814621674304588761e-01
2.024537455477292802e+00
4.765246105617360506e+00
1.663006034674643141e+00
2.367809576619723355e+00
4.884942784368810464e+00
2.286939835576104141e+00
2.117467682945590290e+00
2.018895794253872999e+00
2.718686013662823697e+00
1.206577290505791433e+00
1.770407600334614528e+00
3.807968302567097396e+00
5.854993193662496154e+00
1.114958984678719567e+00
2.190516694882045812e+00
2.480846296697815312e+00
1.683939272765086814e+00
3.250067677994501913e+00
2.566940752096475098e+00
1.809868679911414757e+00
7.559663334408978086e-01
1.735062251331837890e+00
1.519182885516459747e+00
1.070099639123764712e+00
4.337347483546226456e+00
5.199673054374293280e+00
2.128415262758418081e+00
1.985616861356789942e+00
1.499565035304328164e+00
3.738302976727189808e+00
1.967301708979166897e+00
1.414833401919909361e+00
4.636143170491911825e+00
1.923616026449783467e+00
5.086250729419210970e+00
1.627685324540032230e+00
2.010954719186252238e+00
9.499077158622074579e-01
1.265613879577452972e+00
2.995093119424136141e+00
1.429317803865632897e+00
9.309328181576808081e-01
9.867951643652138616e-01
3.572969195517513796e+00
3.590197651266252787e+00
3.638796744247187576e+00
4.981562668491800849e+00
1.406270398983499925e+00
2.845340701567403929e+00
1.818216878571736528e+00
3.834965949004160990e+00
5.418419796181645154e+00
4.706807848893916457e+00
7.235458553732357245e+00
5.252004455508484604e+00
1.958044339403509859e+00
7.410813990192988143e+00
3.031050005700923311e+00
3.077421912165282603e+00
1.183336368587165177e+00
6.875636438709216147e-01
2.589423488226451298e+00
2.946356797304943154e+00
1.082671210035037745e+00
9.001024877390215728e-01
1.695827184871030235e+00
1.066107646152699706e+00
5.742576342427776481e+00
3.981117805642772289e+00
1.760132652193492575e+00
3.861474066636400249e+00
2.768189909984838160e+00
2.044409848245254846e+00
1.274094544762308878e+00
2.946008154117377931e+00
1.308852137433331508e+00
1.045395185936590865e+00
4.098438059974776060e+00
9.970677318128613464e-01
5.002827055055088401e+00
2.327336307595723408e+00
1.020289056139977335e+00
3.773099633866633607e+00
1.517732071275351258e+00
2.941119925367023491e+00
3.740868926165346942e+00
4.488298342081227688e+00
1.582617900731402960e+00
2.134360306111835914e+00
5.912471921799971497e+00
8.079822787443339260e-01
7.605766727565745899e-01
9.033503203391244352e-01
8.954501103874136225e-01
3.333461621008610098e+00
8.816760919557438125e-01
1.331990581224548498e+00
2.657057094015720100e+00
1.231428116285803620e+00
3.312895045339563360e+00
4.639109055790888725e-01
2.679966963955079606e+00
3.665210705769223143e+00
8.163633219127512941e-01
2.216146878248747232e+00
2.833495591767762445e+00
1.350857520696630454e+00
9.366380371275142558e-01
2.746610201394613870e+00
6.394571181540914750e+00
4.159362088561882942e+00
2.253671538595835244e+00
5.700101317961430603e+00
3.221062825825599329e+00
3.884077083465333313e+00
7.737423714888972404e-01
1.712326208422002338e+00
3.852399067599930671e+00
3.279943904376456665e+00
1.123054576504404523e+01
4.338689602367661990e+00
6.091398038362921596e+00
2.892674044500112895e+00
1.487262439281578086e+00
1.618154761830445265e+00
1.911695715473655355e+00
5.268566656521356251e+00
5.804269779292150488e-01
1.579655204201845686e+00
2.532938349529381128e+00
8.012516738474957378e+00
2.663385748041555701e+00
2.337311585745727172e+00
4.840435699667172464e+00
2.485868981387093501e-01
3.002949596348624794e+00
2.633716492317519364e+00
1.642335570853061144e+00
1.498454277261041412e+00
2.894059313892527907e+00
6.457205428414405368e-01
2.351592624445471014e+00
6.751825363413166414e+00
1.106105765728564005e+00
2.998741517410041801e+00
5.256162494931034601e+00
3.869367404210036110e+00
3.606677663728805605e+00
4.713201116283245895e+00
4.455429377713183037e+00
1.302256442160304228e+00
1.871889470437749559e+00
2.106458741105126098e+00
2.135040479263975666e+00
6.562398424197808389e-01
2.515341421313020742e+00
1.355941305704267519e+00
5.093464447254541838e+00
1.809566007596449477e+00
5.145604430761075321e+00
1.674624296953654001e+00
3.104810970776373580e+00
1.612759346461865917e+00
2.150281875243160723e+00
5.755931987086018164e-01
5.843661531849290824e+00
3.987080846833787273e+00
1.849429095270288537e+00
3.602036155818027829e+00
2.611516177280585715e+00
9.119993537688764196e-01
2.707606461680627685e+00
1.292596590601826456e+01
3.233383622567907789e+00
1.211288584651600608e+00
9.193748851325691529e-01
3.169554061090489760e+00
5.349628902737293856e+00
1.415527286662811246e+00
1.418645905421700881e+00
1.400273420516153555e+00
2.872709984610790634e+00
2.328029218757832197e+00
7.567599967804391481e-01
2.356198871285739127e+00
1.026882549329674710e+00
8.805423611127375372e-01
1.663519144120624293e+00
3.001595911420441354e+00
2.534477573782285109e+00
3.447225815214817413e+00
7.063939650200950382e+00
3.569936814253638957e+00
3.962544866092723606e+00
4.574088478435318628e+00
4.337094564467451008e+00
2.478899236827324160e+00
4.128823567021377983e+00
2.301891686763583689e+00
1.797825584452401815e+00
8.595986039096351616e-01
3.475254005136082291e+00
3.838237042064031268e+00
1.451946019470844895e+00
3.492233839194200939e+00
2.823718040353942804e+00
8.254173225961283222e-01
1.484285775332775836e+00
2.546059367421441344e+00
3.464674534613519707e+00
4.408111447944942363e+00
7.409307436092102961e+00
2.089550154912859892e+00
8.308239382037827525e-01
1.980473422979042164e+00
1.522046200092074253e+00
2.134739734758594576e+00
1.255997357119362334e+00
3.111317962852407693e+00
2.919909407768005227e+00
3.685881338625226711e+00
1.320621910027956813e+00
1.991835843955794161e+00
2.081851865141322477e+00
2.564944514215121707e+00
1.418561011536153549e+00
1.226283406231561735e+00
8.537447200063088104e+00
1.339483263417829750e+00
3.057968044211003988e+00
2.202500587583887448e+00
1.730462423763201585e+00
4.372841726431465403e+00
1.795133780800885148e+00
6.365496426989557532e-01
2.687269063317699214e+00
1.928050535362224593e+00
3.422897403910132752e+00
1.130537935975915342e+00
3.467028157133875244e+00
2.671023608230071122e+00
4.282395368179127360e+00
1.220671673262137880e+00
1.217174309666231968e+00
4.338573971380600192e+00
1.523434809833107861e+00
5.148068778600682016e+00
2.124648723672681871e+00
3.173181636901121649e+00
2.628095851103761316e+00
5.660839040310073678e+00
2.513354846762390959e+00
5.240968812513396635e+00
5.219901741289206809e-01
1.750987545209709895e+00
2.350304808335926587e+00
3.432661619643630146e+00
2.362551506527200473e+00
2.155075762146207552e+00
2.233203910625675803e+00
1.094235916945166087e+00
3.194458077276211228e+00
2.229210187476236449e+00
1.748506884896833036e+00
1.588113716177643742e+00
2.550508413338784308e+00
8.462420305810305354e-01
1.466525517830991943e+00
7.132193077246319568e+00
1.271327659191515913e+00
4.360159151468917527e-01
6.683483786728304787e-01
4.833549600621603659e+00
1.309238705895271027e+00
1.531298882300470066e+00
1.906914286992403174e+00
3.435863663850636573e+00
1.537018356422034771e+00
4.642101701701832894e+00
2.090478388333425919e+00
6.705504222315025409e+00
2.933907289165403665e+00
7.087703521666959272e-01
2.676338263673091689e+00
8.353517241940928706e-01
1.162389447536771314e+00
4.616179588198415118e+00
3.711438655372742534e+00
1.370743005156423333e+00
9.909484956478136208e-01
9.251317615431028374e-01
8.024459231461692488e-01
2.240028228391845122e+00
1.587012341519154823e+00
7.173778950360967244e+00
1.789723766506809310e+00
3.859310412496320453e+00
1.698217941527639718e+00
1.700473162938497707e+00
8.104293422217964116e-01
1.779428117499055162e+00
7.736423940174803615e-01
2.530051575562138222e+00
1.020802975899130605e+00
5.904336910289678997e+00
6.201797875000386817e+00
9.185499016500602298e-01
5.388243673289681901e+00
6.769010247285333293e+00
5.024176102092694940e+00
3.351969332748575781e+00
2.373531993784042893e+00
1.596107493568632130e+00
5.718884138126754557e+00
1.619445894049608814e+00
1.796432411088292103e+00
1.846240567421435053e+00
1.742511844295815848e+00
4.373400471526990962e+00
1.765749774555233298e+00
1.968315926733477772e+00
9.343875713880673839e-01
1.854688833535646841e+00
3.745914896092520152e+00
1.075763254494041199e+00
1.210645062826907647e+00
2.777076481660739837e+00
1.965465013054549459e+00
3.402412222333754066e+00
5.648649596605702650e-01
5.563181345672864708e+00
1.282337204865719560e+00
3.594506201657064470e-01
2.581881314672381134e+00
3.505922497225593126e+00
2.946108576519574918e+00
6.253142097568610502e+00
1.337353943686538038e+00
2.400690060886564225e+00
7.742230688225261170e-01
1.185978628475793384e+00
3.259366867199841034e-01
1.752684933678942070e+00
1.469137443975413682e+00
2.116695036237544070e+00
2.030606372903631662e+00
1.593294256209694337e+00
1.497351705532115052e+00
3.524447927316027851e-01
1.769463165273328586e+00
1.487217116456412747e+00
3.905721527591985431e+00
2.521397409174479076e+00
1.864525582479612975e+00
1.476395465415971886e+00
3.857629380895105431e+00
3.437945959956286046e+00
4.736184465263917898e-01
2.950798617830749926e+00
1.840019931544771614e+00
3.149172250981979282e+00
3.221597606087767574e+00
6.043401995622470491e-01
2.539926867181477199e+00
3.942340865142303752e+00
1.361116740388119695e+00
6.213126706241844488e+00
5.995005375184765839e+00
1.197417482424127932e+00
1.154902329969327290e+00
6.793005334205614254e+00
2.311324587347416415e+00
7.963611235686469669e+00
3.657298369176295250e+00
1.687226289595431972e+00
2.909763866149099432e+00
1.351061641826777127e+00
4.963109662413064171e+00
8.072619517944963352e-01
4.501381855224625972e-01
9.194529398451548374e+00
4.453390551314410750e+00
7.326779468299872811e+00
1.854863587220652033e+00
2.286593840061431848e+00
7.374113498878306361e-01
1.577734879526105249e+00
1.118460913466975626e+00
2.514711366782137247e+00
8.731754410065196703e-01
3.330852899194789885e+00
3.367306865607858857e+00
5.313737973192492525e+00
4.222246458259559354e+00
2.944130475614092468e+00
2.186993574590431866e+00
9.121937717441365168e-01
2.274131985393714750e+00
5.452463677558584187e+00
4.182245866012410218e+00
6.191372934518834192e+00
1.950097053280883008e+00
2.111874468347714195e+00
3.083496684765715035e+00
2.190307581776281154e+00
1.905366346235379149e+00
2.574625961069625824e+00
1.126468097466014395e+00
5.248887081018510870e+00
1.424631093811841609e+00
3.485865954033230185e+00
3.055839865649399911e+00
3.116210541095815412e+00
1.469880086476383907e+00
1.565458359671500377e+00
2.363154199272855305e+00
4.938123506851725075e+00
5.002297030139470913e+00
1.664384512496444923e+00
1.849418819210098430e+00
