5.126985364665495037e-01
1.363935505741013632e+00
2.940708438968629324e+00
2.714879868452529710e+00
1.253683763927018413e+00
2.754928039702594145e+00
3.220543637764180289e+00
2.913330550677031727e+00
2.714251094439801282e+00
9.174795083873739099e-01
5.269862776180286978e+00
2.269876174951360959e+00
3.318945387862712870e+00
3.761324875373883714e+00
1.877359578639826498e+00
7.613213191803109847e-01
1.323993409474452321e+00
7.110281838747011030e+00
6.513188141428996047e-01
2.046467125033367029e+00
2.180197430243474344e+00
1.701461055731966265e+00
3.243168761999153382e+00
3.278698847325189902e+00
2.969360070597796941e+00
2.967059628337632926e+00
2.046898398352273940e+00
2.272955099760225472e+00
5.489012336857210794e-01
2.023592798165857687e+00
4.208924558315671582e+00
2.396857050381955734e+00
3.063137814828220229e+00
3.164744819450775903e+00
3.107389132645403063e+00
3.310897081760655780e+00
1.225324650242962443e+00
3.315666882697104523e+00
6.045809458707069872e-01
3.166235113955162550e+00
4.172978532535388752e+00
2.227200135970046624e+00
4.506298176171223524e+00
2.505284750748809852e+00
2.723427700618609837e+00
6.907455903682411247e-01
2.417098645347677266e+00
2.850669340403847674e+00
1.533027594389275050e+00
1.157480648617688956e+00
1.437585069053079145e+00
1.922979869310742718e+00
1.021867209307458335e+00
3.507068890613276313e+00
3.342472004065180080e-01
2.121418293991186754e+00
3.363066295354746327e+00
1.340273766893083751e+00
1.013513405831987457e+00
6.341025917437522530e+00
8.863570659652205919e+00
2.990804373606982480e+00
3.798501976235348021e+00
5.120624157780731878e+00
6.760968040963659220e+00
1.578215924255138791e+00
1.363248019019745794e+00
1.739985454874337201e+00
3.398329646634532519e+00
1.384680323689521542e+00
8.007860976194589586e-01
2.884304790855861444e+00
6.970666736077039127e-01
3.081081363811492224e+00
4.804667044583538216e-01
4.678323804842880129e+00
4.245670180440421326e+00
2.326402513920750703e+00
4.371726778268798519e+00
1.694057540322629674e+00
1.175958412618618887e+00
1.134728860252284699e+00
1.412722448537989006e+00
1.214536830711599569e+00
3.579963990272732932e+00
6.620799370848509113e-01
3.165734850424622771e+00
1.998346027841532146e+00
2.415284404823827114e+00
2.289232993339159972e+00
2.533946586337185281e+00
1.716324020044583287e+00
2.021245446378811650e+00
3.861251702717792167e+00
7.397491942356604344e-01
1.415851317926809294e+00
2.568994143140874153e-01
3.737533688834532075e+00
2.753526750446305016e+00
1.377690848611636820e-01
2.407224897568508659e+00
2.848498485262259905e+00
1.670979103879599137e+00
1.334054941892574675e+00
1.927703923160951183e+00
2.202515506945725843e+00
2.638117116039844667e+00
2.883905396624112605e+00
1.677104228427479304e+00
4.528592641614747727e+00
3.006097937064883041e+00
1.276337042339714234e+00
2.692315934477218509e+00
1.832014184359759046e+00
2.677547156928419270e+00
2.208151997460184646e+00
3.804394567913681691e+00
1.962307028626715244e+00
1.462229992127587419e+00
3.113134529441577758e+00
3.641169596350111615e+00
5.350529980056288881e-01
2.519463551979712612e+00
1.956375526659154485e+00
2.328962637818023929e+00
7.128401080133452972e-01
4.352898466224707441e+00
2.445631476414848127e+00
1.737791218339276522e+00
6.137997025951264618e+00
2.398108173073983718e+00
3.239125681198165907e+00
1.660765114544873633e+00
4.649309890431976733e+00
1.882010615350470539e+00
1.924340353389925040e+00
1.958498522793004293e+00
1.202911664406631331e+00
1.441960507661626867e+00
5.662894208834261534e+00
2.635541489712856844e+00
4.645415721085258021e+00
5.605637823290330779e+00
1.859577741289842656e+00
3.247317937182355063e+00
1.325091855570405874e+00
6.044183572198923438e-01
4.011155548338745547e+00
1.838896241746364790e+00
5.814923749510020334e-01
1.071059519238202640e+00
2.277817659165817243e+00
4.092973968807160468e+00
3.742736218556517613e+00
1.228170727558870645e+01
4.179392239766170469e+00
2.993525812793211838e+00
2.464093508329669113e+00
1.150242841915437131e+00
5.528640271930878924e+00
5.033436149442201746e+00
1.203850218787605675e+00
1.317868758161811149e+00
2.797050187101806973e+00
2.920718072784175057e+00
1.560143916121864649e+00
1.596235650122513228e+00
3.236420342240251546e+00
2.389866399835035793e+00
3.143693319915002338e+00
5.545356534084540989e+00
2.499577020590384002e+00
2.434662275142334131e+00
1.160302584829094430e+00
3.926960691165214179e+00
2.909844302761109613e+00
3.089933837271192196e+00
1.594893541720332486e+00
5.046730261771356085e-01
2.574753651620082628e+00
2.394035744994469084e-01
5.596281948353331259e+00
1.550608612505941952e+00
2.924253021198180758e+00
2.004799973721635542e+00
2.014069332000993473e+00
1.023156507948371541e+00
2.230205664728380111e+00
3.080479298675891098e+00
4.813894360565243780e+00
1.779059625649514587e+00
3.626374460408004818e+00
1.584135412769668516e+00
6.104566626910757909e-01
2.960986996949479977e+00
3.461156734951185587e+00
1.797645756302550746e+00
1.959566657445857008e+00
2.226056618581910840e+00
1.060903725082465332e+00
8.625884222561382986e-01
2.522423916454497039e+00
3.267808986297561002e+00
1.141912698548354532e+00
3.645613617291686648e+00
1.386788193883515818e+00
3.363864493681460566e+00
9.055289559970411961e-01
1.399748603247234602e+00
2.811827706361824220e+00
3.037299123618059316e+00
2.557467548670873558e+00
1.309242609077515329e+00
1.033314437224069238e+00
3.000993460895483356e+00
2.525058220177995860e+00
3.246983555897374529e+00
3.184589658582893446e+00
3.953074769222447937e+00
2.399305156505660896e+00
2.934532551383959742e+00
1.792506983761110728e+00
1.557104620992503463e+00
2.843121089899745879e+00
3.231415311082710851e+00
5.831251197787044482e+00
2.141608963794609188e+00
5.606229081616129761e+00
3.408731925307503907e+00
3.664265741592915848e+00
1.678296413715627100e+00
3.427391225815188847e+00
2.339063199947367000e+00
2.388325090709723764e+00
1.821172300919829512e+00
2.510460554404665423e+00
2.010190681889180819e+00
3.962578724185823020e+00
1.645387492038649313e+00
1.309419452203299583e+00
1.244825612964336692e+00
3.254307874560597558e+00
8.134326057199149362e-01
3.354809711748117262e+00
5.540268552435157368e+00
1.758360878974425612e+00
1.737075876798892304e+00
2.361054897216487980e+00
3.057837172203014653e+00
2.562866437598128488e+00
3.009442242527822220e+00
6.491046032419707235e-01
4.001442657940681991e-01
2.828557524932827416e+00
1.110342495280947972e+00
4.156944336618996871e+00
2.525362986289728440e+00
2.932210826530153636e+00
3.725005008294036024e+00
4.601411759957620973e+00
1.876993221764120090e+00
2.820582413806970834e+00
1.615119873966810449e+00
2.979963369375357551e+00
1.706796169487809101e+00
1.298730857350650414e+00
2.694923993476632251e+00
6.160780492087220006e-01
5.008280812515416791e+00
3.254449588984216657e+00
2.353662491494151965e+00
1.500669312549814949e+00
1.647743224622384428e+00
3.713240742105092362e+00
1.262948930508698719e+00
4.408143558473907930e+00
2.364730496665381487e+00
1.570583660442033569e+00
1.671029391328014979e+00
3.265963233516887332e+00
3.874348422113620405e+00
2.762518591820823932e+00
1.456433064802148181e+00
1.712723468487975520e+00
9.082945101687203149e-01
1.986893217349809948e+00
1.339203707705482360e+00
2.164752078134200897e+00
2.874038303387802973e+00
1.912558754660007132e+00
2.856275119655527384e+00
2.010088203444945432e+00
1.347501791541902527e+00
2.871322919520480355e+00
1.533390080667132116e+00
3.764901708709088801e+00
6.446872625650098554e-01
3.159495101737153089e+00
2.842485178243350785e-01
1.290646296642373070e+00
3.197559381597953720e+00
1.708507815546991937e+00
2.632351022763307569e+00
7.296049541987551512e-01
3.190420865772265469e+00
2.563353872700084857e+00
2.820787815167142387e+00
2.550410605626046934e+00
2.044990685079907777e+00
7.727656677959915399e+00
4.272430532781099188e+00
4.637079084815761476e+00
4.099014522151461115e+00
8.974181230263629239e-01
1.799729272573509231e+00
2.868493676397517511e+00
3.351522328697004394e+00
2.539241281928334537e+00
1.785527831308785895e+00
6.236118950642302039e-01
2.160644154559131724e+00
3.557409616131279595e+00
1.738813993384654921e+00
2.674011332769527627e+00
3.389673534973377755e+00
1.172362960880050231e+01
2.683132748150800939e+00
1.807860929411492901e+00
2.983076845192417448e+00
2.041631628003893528e+00
2.248981291174270147e+00
1.841448458782084074e+00
1.487139995267689585e+00
3.153313242244882630e+00
4.839268647383505595e+00
6.182366410866879214e+00
1.451647814223977484e+00
2.962228113622540349e+00
9.387730089244086251e-01
1.831023743603363174e+00
1.799432792598448572e+00
1.888465361921297214e+00
2.726862042691541088e+00
4.097265630595312014e-01
1.853222658571702208e+00
1.937957433446455990e+00
1.522296278041558759e+00
1.170024383857797945e+00
5.365762792312032126e+00
3.433984699206210855e+00
2.990681961642369213e+00
2.430623184329660624e+00
1.834823682835546643e+00
3.370289747910079292e+00
1.644771288712703505e+00
1.454240194437947054e+00
2.164341927709184876e+00
3.533324416522265476e+00
4.912449097350415350e+00
2.071011336928474389e+00
4.468309200768278089e+00
1.892618418484355525e+00
1.403739935353301549e+00
2.166630744905721606e+00
3.080749923031178561e+00
8.644987367431304914e-01
6.083659674398175232e-01
6.097868338064452054e+00
1.339859503459963630e+00
1.069050919572196667e+00
6.496769317732382198e+00
1.620143226919573243e+00
3.406355625908448204e+00
2.450519507376623940e-01
3.628615712275326644e+00
1.663000657425391271e+00
9.364892556524521794e+00
1.310652663213199176e+00
1.987715600866514443e+00
1.183319170162354883e+00
4.048884822301745956e+00
1.954052251308710408e+00
1.205121015317463851e+00
1.304586620050720791e+00
1.318305627595178553e+00
2.976204827368428507e+00
1.039866186560528405e+01
1.774168793624594453e+00
2.353266105240698014e+00
1.978353668122681208e+00
2.184528087933360396e+00
2.585101862631868475e+00
1.976440797072380740e+00
3.190779283827144486e+00
1.023552713266963066e+00
3.239774949047663277e+00
3.943429233688827473e+00
1.205324915208325409e+00
1.909615454054645500e+00
2.302307560981704970e+00
2.039176923061735369e+00
2.944345252829831505e+00
1.679848555858005410e+00
3.512901078208951589e+00
1.646337973877457950e+00
2.119785375403589800e+00
2.395566403175667158e+00
2.703122381948827702e+00
2.405908717386839424e+00
1.867482872843742481e+00
2.035453688524153648e+00
2.696197934371661997e+00
2.440208464272420219e+00
2.596640152266150636e+00
9.330600365611523284e-01
3.685815261778096819e+00
2.812381700901526838e+00
2.644956714646307550e+00
7.200226355851622184e-01
2.239965406759103050e+00
3.153334875304358853e+00
2.663734757147185661e+00
6.689963501282052416e-01
2.928093514845043543e+00
1.616558831818180275e+00
6.674176475591110380e-01
1.380211410683172213e+00
3.679536689126957416e+00
3.499736477742171559e+00
2.341723866387867670e+00
1.499394866590573860e+00
1.300945646771342279e+00
8.454686991446053179e-01
9.296435234610427756e+00
7.888566711439711776e-01
1.798695872963060438e+00
1.506637094838093605e+00
1.221038070442457624e+01
3.473433101312376259e+00
1.289923456929350509e+00
3.630558132196613386e+00
1.323935311985506180e+00
1.083392633105067171e+00
1.092471178271129828e+00
3.984674536069168216e+00
4.011334281825386761e+00
4.629861810452935877e+00
2.028283696198743602e+00
3.749240822708833409e+00
2.321890231624584189e+00
2.215803129300641050e+00
2.743154992462541131e+00
2.274454885324159292e+00
2.138662230138353770e+00
7.625519209134462573e-01
2.240579011559691747e+00
4.279476670024170204e+00
2.389184499833381548e+00
9.897788099507386361e-01
1.921086520562097499e+00
1.704897388277201165e+00
2.523743007518972181e+00
1.346299145741493453e+00
7.126267049878729498e-01
1.351431488426051430e+00
1.538472649315622665e+00
3.949730240907708634e+00
6.040300663865197706e+00
2.388996309784901850e+00
1.666395126598797294e+00
1.544755141107167162e+00
1.935310462652516161e+00
4.398370182524652949e-01
3.223484120047165558e+00
2.279850733054776590e+00
7.172565152046830761e+00
5.489997195829389831e+00
1.945031628476240559e+00
2.254311002998824254e+00
1.393689369737076689e+00
1.386700384571639688e+00
2.894945346152471455e+00
2.400646408042421243e+00
2.407916407146372340e+00
2.307394687087032992e+00
7.048352069421166544e-01
2.322711827839312182e+00
3.331619563542819851e+00
2.004086552538992372e+00
3.208132501057764152e+00
3.848576884128513065e+00
2.408392366145076124e+00
1.457875884816579370e+00
2.852827092741709869e+00
2.208282064207364837e+00
1.804801043197346022e+00
3.639452745731210914e+00
2.473005324567010721e+00
1.514480292501087177e+00
8.850624098283954577e-01
6.959745390098103224e-01
1.078030988358301689e+00
1.257106503301419043e+00
2.191093473750846066e+00
1.884096101241909516e+00
1.791695322646092992e+00
3.018411050151087238e+00
2.953631924499436678e+00
1.114127744789943808e+00
3.924343309215220010e+00
2.267949377028878555e+00
4.166502561312897868e+00
2.615483360912429500e+00
1.310393215262606603e-01
6.394214290005709733e-01
1.956963177225657491e+00
4.659010032446701643e+00
1.651725184889669684e+00
4.864883070349241834e+00
2.399323433389588978e+00
4.803522614370726806e+00
1.877189920520270228e+00
5.697600532389702765e-01
7.981721837719516488e-01
3.571260015652872877e+00
1.048643231971056577e+00
6.789260197496280735e-01
2.300757199915514750e+00
2.505707758169126276e+00
3.009918570696092033e+00
3.172304041848003298e+00
9.425804462482434420e-01
6.041060584300653069e+00
1.135458904146153802e+00
3.767831953766526354e+00
2.085723898122096021e+00
4.957034519200047562e-01
2.327424747415814732e+00
1.185986735663818736e+00
2.754825221941402447e+00
2.027222462756254284e+00
1.313311375193214170e+00
2.707213414708495414e+00
3.171073735239917646e+00
1.868433708749778432e+00
1.939342962307545992e+00
1.505497468974513309e+00
2.106809284875739596e+00
2.587027076133297410e+00
2.276303454290971473e+00
2.249035217444906642e+00
2.082838933036437634e+00
4.214929642276855404e+00
2.195105506481368263e+00
7.020013905457056502e-01
4.069662690596342003e+00
3.552595710692878050e+00
3.655308946318940322e+00
1.586911520809048959e+00
2.459722060112120801e+00
2.457614396145083369e+00
5.550919325779957170e-01
1.039347623465147308e+00
3.137668459267350496e+00
3.332885770930774427e+00
2.569673537420456455e+00
6.209093432495000897e+00
3.567895911740642134e+00
1.911670478710701282e+00
3.226960482465476954e+00
1.767150435189738023e+00
1.874903388842251939e+00
2.471420248433360278e+00
1.442391855374016485e+00
1.919452464480450260e+00
1.564878419981544644e+00
2.592882985023362785e+00
3.133986386274794977e+00
2.149901123913598333e+00
2.837352600765241206e+00
6.535581535295710287e-01
1.367751966613372172e+00
3.168983420788114458e+00
2.207176424239366330e+00
4.931652907792389406e+00
1.829316543178949983e+00
2.024912449897634303e+00
2.569324897948193964e+00
7.956550538629429070e+00
2.341262523223443193e+00
3.610039760986055946e+00
1.610872102541316631e+00
9.406099707732224147e+00
3.610020936149680004e+00
1.719047193228707915e+00
2.755971643015943329e+00
1.080077542471389984e+00
1.443204991919041502e+00
3.826313959098571971e+00
6.235202836834231377e+00
4.778840406485174164e+00
2.567746572368579283e+00
1.153826914261808945e+00
1.151917128526779077e+00
1.107303306162925161e+00
4.958393450780143041e+00
3.602199798348083792e+00
3.607492547939895378e+00
2.259159055681671635e+00
2.104097678260750115e+00
2.058223289117713239e+00
1.788941885671372578e+00
3.249654503592979360e+00
3.002169069812423263e+00
2.090082783392440025e+00
5.546388351665382244e-01
3.641625136151757314e+00
2.832307316700501509e+00
3.672801844306348595e+00
3.035831571670573492e+00
2.416292699035033298e+00
2.396581852932026635e+00
3.038508471194583560e+00
7.372088373624333890e+00
2.928893191063478341e+00
2.847422963545788832e+00
4.844867565386962838e+00
2.668474382172449921e+00
2.623406834047310010e+00
1.205622080841508348e+00
2.366954165680785760e+00
2.845288206115020202e+00
1.568409950196191671e+00
3.008404259504980693e+00
2.617558194380941838e+00
1.487159542030662918e+00
9.807928947248576446e-01
1.969361522002512688e+00
3.431580235299810600e+00
4.563039003576496278e+00
2.952795270341375122e+00
3.152311999675718290e+00
4.915315362230742835e+00
8.109853247904161844e-01
2.772669878009285327e+00
2.158408314308097431e+00
2.372794982930884977e+00
1.828916862208359806e+00
2.353326731528845528e+00
3.183424884795599930e+00
3.734171103642235146e+00
8.037652646851065619e-01
1.576519273333790050e+00
1.378568072262675859e+00
1.108993116040534632e+00
2.162719204572999931e+00
2.944083229725266371e+00
2.389280216422296821e+00
2.036909754807347817e+00
1.064961200291365095e+00
1.723309103456009073e+00
3.948184597488994640e+00
2.674255445617889748e+00
1.740779271364520486e+00
3.255710582314460755e+00
3.278013115142271783e+00
7.587055451239348436e-01
1.160181399412167913e+00
7.011516703520239702e-01
3.117017405262550778e+00
2.955661865953045808e+00
1.423427920801292323e+00
2.068594411215025186e+00
4.167436304975319139e+00
5.268637483335878002e+00
2.553720414299793351e+00
2.862297302692479839e+00
2.347172708169757982e+00
4.927088010314146338e+00
3.238232774375223944e+00
5.229586071089691757e+00
9.506947625053526751e-01
1.808103104978677989e+00
2.083254368037501081e+00
3.570993060239811889e+00
1.952245417584584475e+00
2.111263732997792353e+00
1.055960018470812667e+00
9.394126008625331981e-01
1.100304649337556118e+00
4.162795779670395824e+00
2.072290292502480646e+00
3.815076878731149979e+00
1.604274859271401565e+00
9.802164194890468085e-01
2.716635096932490168e+00
3.695685053057816472e+00
7.671912249126854322e-01
1.498486713040434015e+00
1.958244359615677554e+00
2.085944954386452110e+00
1.607107405756422747e+00
2.702128804516807037e+00
2.717956345400494023e+00
1.561648668735069245e+00
1.672624009752452068e+00
1.192616884873451744e+00
1.843175552434206610e+00
3.861851685265202949e+00
3.323913727420507502e+00
1.607780235308557293e+00
3.196741021647207859e+00
1.341981430760450067e+00
2.929804529322160178e+00
3.380668710084076878e+00
1.667845974932825159e+00
8.028139644989819024e-01
1.324926673968190194e+00
1.863604958702530512e+00
1.894413123210961558e+00
1.252503941382010488e+00
1.317309535464264769e+00
4.095558049327291172e+00
1.178436083851044591e+00
4.370930737092201923e+00
2.545467309250000199e+00
3.312743614835686135e+00
1.573078618578711785e+00
3.256419574253160754e+00
3.783760374493588152e+00
1.419128469648653468e+00
3.199602127093991388e+00
2.444945309062197314e+00
3.284406137420790017e+00
2.284817019178297937e+00
2.068084136810961482e+00
5.676603762913910778e+00
1.151573687160565074e+00
1.720276041677340384e+00
1.735256576891014646e+00
3.279775910443192721e+00
1.899162825936591359e+00
9.459636066445550329e-01
6.452366898469911405e+00
9.483746227039948629e-01
4.046344971552060521e+00
1.018583664240521491e+00
2.121564569776445808e+00
3.548940952506382196e+00
3.454192916679481140e+00
3.086797705959648308e+00
3.512953138884702842e+00
2.881954961831404649e+00
1.455110246232929283e+00
2.327129740351961740e+00
1.472930094915650523e+00
4.188550440018863341e+00
2.681041556620574529e+00
7.645925764292783589e-01
2.148027229554855033e+00
2.122109765881889043e+00
8.380998130407226743e-01
1.604827217271477036e+00
3.206986083163721357e+00
1.319317686724655214e+00
7.751926164785961637e-01
2.383855700752093298e+00
1.470006833736024587e+00
9.793522246740364867e-01
1.102231896756328267e+00
9.920974166460408972e-01
3.878877032648458290e+00
3.004537156951296861e+00
2.264601107057476970e+00
2.043022040231750047e+00
2.130096595123454950e+00
7.803672199832949463e-01
3.504395104050095799e+00
4.133630960355327844e+00
2.407104061811879081e+00
1.418191311540427213e+00
2.512117933719163698e+00
2.467528049109313226e+00
3.834664983961005191e+00
1.306817609675269720e+00
3.871221506049061567e+00
2.831383801659202781e+00
6.882537185538895042e-01
2.075056050844609423e+00
9.412908759658852320e-01
8.600502504576190699e-01
2.625040440593424229e+00
7.104675140742203743e-01
3.936422549450526720e+00
2.731935823547029241e+00
9.375966070520463935e-01
1.049741952609376083e+00
4.114115803157138984e-01
2.193054235073450542e+00
3.053957617869833996e+00
1.483430110816303937e+00
1.218720423942648790e+00
2.501148865788627162e+00
1.274211058946727260e+00
1.602987382719683884e+00
1.359869021443741222e+00
3.857410761473890393e+00
1.224497617156163010e+00
8.508864994143583438e-01
1.931493488506466738e+00
1.415266828064972948e+00
2.492492407486834427e+00
3.238214732519465677e+00
1.073721480179887333e+00
1.233756666347933795e+00
1.546733713486227568e+00
4.061563811468727359e+00
5.441201630112356469e+00
1.982419700279768104e+00
2.631705170682453243e+00
3.871717797314286447e+00
3.470392983669323250e+00
2.849519222366750260e+00
2.228559746835489630e+00
2.365888495637347155e+00
2.399384461688823578e+00
1.351851337591988500e+00
4.603260598306551543e+00
2.981983521929592040e+00
1.103584392194663089e+00
5.357686872897690078e-01
4.101450346000840241e+00
3.922061238676633810e+00
1.472223073097489454e+00
1.823018068318460028e+00
3.362022082704215098e+00
2.573411695223451812e+00
7.370406346408949760e-01
3.835438445878728952e+00
1.531132283995824572e+00
1.570142944371571536e+00
3.073532984329755191e+00
2.324545521512784596e+00
1.034348776274161441e+00
1.274290754304963524e+00
2.753662505774509217e+00
2.765767495671491716e+00
1.991901939284752121e+00
1.714260334844413425e+00
2.225908196191177524e+00
1.413460460906107885e+00
2.630560161199708702e+00
2.201614706770149255e+00
2.740277757930617231e+00
7.428778795034591820e-01
1.159378594613121649e+00
1.601836871889408487e+00
2.896761849939666789e+00
1.964773211548297427e-01
5.032815186078032355e-01
2.090691758372433373e+00
1.910257254075140798e+00
2.073987550159427595e+00
2.328459163013267386e+00
3.212054644072392051e+00
3.424349736302413572e+00
1.206142144465539356e+00
1.165633623420060161e+00
1.166416928805290576e+00
2.774749901487411741e+00
7.736866022921873309e-01
1.263967707575526678e+00
2.300112209354137072e+00
3.125405193046876917e+00
1.497603596922185698e+00
2.144028055307273473e+00
9.389256397665063369e-01
2.556334083696037318e+00
1.571682219710069273e+00
9.485798265089063763e-01
3.401230200787614955e+00
3.429055616556384134e+00
1.841473925656134103e+00
1.389370884686436325e+00
3.430154250759093859e+00
5.872698692299954670e-01
1.086594588656748961e+00
2.034106237524998750e+00
2.168074844228879083e+00
3.133150604259542504e+00
2.784041923563882914e+00
3.650759630838752656e+00
1.604276116444179667e+00
1.086774821860539753e+00
1.756875290744790874e+00
3.476627641160977333e+00
8.437982089535084329e-01
6.820068491276710665e-01
2.705770486766800431e+00
9.812882568110123938e-01
1.028771249545305189e+00
1.989338092998706342e+00
2.815578712621762847e+00
3.202395789238689616e+00
2.292416279473515228e+00
6.698664818113391206e+00
5.076498470716897415e+00
1.591803925952122389e+00
1.499610218029836295e+00
5.835978504282202106e-01
2.100906870211636246e+00
1.191400641133602889e+00
8.447827158578203877e-01
5.785799347275999427e-01
2.321573905275300831e+00
2.522350939299287109e+00
1.549995104167723792e+00
3.215159270475877129e+00
1.280829154495396915e+00
1.313301435341808210e+00
3.532493799105551169e+00
7.424773167752296565e-01
9.688040736781340367e-01
3.946850286093843252e+00
8.968456107535047739e-01
4.195091905816165090e-01
1.473824158527555550e+00
1.753533907099127598e+00
3.184912179235371621e+00
3.739594272498401040e+00
2.129635259213786824e+00
1.057002730065173646e+00
4.732195132606888066e+00
2.914525518079338795e+00
1.347536557910366639e+00
3.529578413300675788e+00
3.412647653050578711e+00
4.538635289273207363e+00
2.529813969468930779e+00
7.304067753480037339e+00
1.050823677075428453e+00
2.821811329177274175e+00
3.365025791542477496e+00
2.827532409334902574e+00
2.590562803006385639e+00
1.809613287478897492e+00
7.156558894602058629e-01
1.573281147185827233e+00
2.815625236014986932e+00
2.938791432673195647e+00
1.509374918530181242e+00
9.375734791960556036e-01
2.918314176586197739e+00
8.909715155436753742e-01
1.925888914305945443e+00
3.598685271600541302e+00
2.304599393339033409e+00
3.296863359733878784e+00
1.572846366647624228e+00
3.478636785379405350e+00
1.638610119261848297e+00
1.949276012625900334e+00
3.717318956259855423e+00
1.011774094406934443e+00
2.008566099972387775e+00
9.235573167088718671e-01
1.829523837000344377e+00
5.246401939843567952e-01
8.812729618907076956e-01
1.197515427564463719e+00
3.256266575701774357e+00
1.593542037483749452e+00
1.518234712172122025e+00
1.388054822737508243e+00
2.718023511011912863e+00
2.061181998998402154e+00
5.666183624540578556e+00
3.217566755546544588e+00
1.169024169091970267e+00
2.691940740452984926e+00
3.807170555215700358e-01
3.623028356616913914e+00
7.463256144504231138e-01
1.728747616815677679e+00
3.187723823080508723e+00
3.335104305016560744e+00
1.588621382664340054e+00
1.087778399059821099e+00
3.352946051279718453e+00
1.695220721154101717e+00
2.681802511869852079e+00
3.342805233855322466e+00
2.658373026387151228e+00
1.811430149883444862e+00
1.051626221731847721e+00
1.412385120160278174e+00
1.237363042185503081e+00
2.522101431221740686e+00
9.521097008008440055e-01
2.186528361736899573e+00
2.683264337492034635e+00
1.196648010330871204e+00
4.141378198491420193e+00
1.449505897197654436e+00
2.027693231349917635e+00
2.747335677991245007e+00
6.135668759958997853e+00
5.615217982843964784e+00
2.136875142983653220e+00
1.239374559114910790e+00
1.964553354298211429e+00
1.294995383560279878e+00
8.129774051626851294e-01
1.001435088689957009e+00
2.624112239602331531e+00
1.421230377638082354e+00
3.407429682561290640e+00
2.511441211090660541e+00
1.638822894759285331e+00
5.517574059152417831e+00
2.725739855241836374e+00
2.550869015831615183e+00
1.733993875529537432e+00
2.142262871628013432e+00
3.753409717204359008e-01
3.091968038330012547e+00
2.336170341435930720e+00
2.628635299633306222e+00
2.300804797423142478e+00
3.066206889067896846e+00
3.516110067651203597e+00
3.019327729641989588e+00
2.676087801300209179e+00
3.179959385238908087e+00
4.228397242247488919e+00
1.746113231589812909e+00
4.533468483078325839e+00
3.819629489724358784e-01
1.421876780593581246e+00
1.992484280730018043e+00
1.056226504713498437e+00
1.582518540567524390e+00
4.985032830604382070e+00
1.465899824718700728e+00
1.974772639661005469e+00
3.132564979831058416e+00
1.379445112239008786e+00
2.340296764103006577e+00
1.239075266902554651e+00
2.702153272227060921e+00
2.639649272384406054e+00
1.007990745383662068e+00
3.727416264576640881e+00
9.467427481484339546e-01
1.590069376973853865e+00
3.264469879145637687e+00
1.547952847413143873e+00
1.911588062189577553e+00
5.796640768388732212e+00
2.481460450847689625e+00
1.236762970428832764e+00
6.391967798040488979e+00
3.429519299859086434e+00
1.240641790850817605e+00
1.598959934135839589e+00
6.720832211228940700e+00
5.665902078827508292e-01
1.109871932337928024e+00
3.314031767536625317e+00
3.256820190146363814e+00
6.596290880476941565e-01
5.813009054940164733e-01
4.224159470020631524e+00
1.884180832775986580e+00
1.682212359567656357e+00
2.904827343263356898e+00
1.800092070441199343e+00
3.294416848750348681e+00
9.892076752725217359e-01
4.315417603702236704e+00
5.875698740088296512e-01
3.212415423429143324e+00
2.084509536079598657e+00
4.589769418569214388e+00
1.977721591188559724e+00
3.177552952404929076e+00
2.568932800345839151e+00
1.623053909714951004e+00
7.423641664187887734e+00
1.204827281309403419e+00
4.812812506509254185e+00
2.184744783945995472e+00
7.662912773822887491e-01
5.268874753958902701e+00
1.024756932717352020e+00
3.033269968007354933e+00
3.056261195316498647e+00
2.105972235684121951e+00
1.202023968210051308e+00
4.278826540017666602e+00
4.087415977375814968e+00
2.397943383014913721e+00
1.231102267131727990e+00
2.260077512165741709e+00
4.256633987251161599e+00
3.572823490643294075e+00
2.505208742608842520e+00
2.468948984660913837e+00
1.428454368094462246e-01
2.401849191059552080e+00
3.930312636316918518e+00
2.095717710800764078e+00
1.242256768776538900e+00
4.359998903751136190e+00
3.081626557744935546e+00
1.669663076673534086e+00
1.817264395182646375e+00
3.935460980296992872e+00
2.064769365590124472e+00
4.558812268817935553e+00
4.392606424455186342e+00
1.192601949403710337e+00
3.092416510130663543e+00
2.989321206079223359e+00
1.894852534452490911e+00
1.989925156507670101e+00
7.216057296609342586e+00
2.291838156051735353e+00
4.499658050763160055e+00
2.112097623763175669e+00
1.760446939796247445e+00
9.469963356624193640e-01
2.000689603753244672e+00
1.849269998455121966e+00
2.609625060875176317e+00
1.797062999988982224e+00
3.038060219378062587e+00
4.760868522254355639e+00
2.013703659274779234e+00
4.304070202619770802e-01
1.575343416080176917e+00
2.686327959934862619e+00
3.673316434011992371e+00
3.144501942747901069e+00
8.011442225714915377e-01
3.192448419301426199e+00
1.552682964600629045e+00
3.648281090888545020e+00
1.791308381835640118e+00
2.543393217478322033e+00
2.367858094242607958e+00
2.599282998142752987e+00
1.528150882086614981e+00
4.875812502629528034e+00
2.173002213768322477e+00
3.500229501592338477e-01
1.988681808655130556e+00
1.423700317395859560e+00
3.455640896846935428e-01
7.396943673470500746e-01
2.110652670494414185e+00
1.133406574574657988e+00
3.862472855068297850e+00
1.857539827233082308e+00
3.944915456735555548e+00
5.526314660863674177e+00
1.207190855125403584e+00
6.874299661812444118e-01
2.512118491195729053e+00
3.253814703283925525e+00
3.010522141975682242e+00
2.622582629393628739e+00
9.436633742173370365e-01
1.405557908901160946e+00
9.473040756358352965e-01
2.737934836464837485e+00
3.372937324142466053e+00
4.074222659007748604e+00
3.852335946462979166e+00
3.255802149870238971e+00
1.154546752563045064e+00
1.519283522406171150e+00
1.324205708013911575e+00
2.342422479920165390e+00
3.371748400722991867e+00
1.491635454965853036e+00
4.015016099960813989e+00
1.295328528196966644e+00
3.445282188208342866e+00
3.012554551714162532e+00
6.481608520491465297e-01
2.223344849395809675e+00
2.321049419499924049e+00
9.307868699564659787e-01
1.419404345448941562e+00
1.489923893926025977e+00
2.792468423269847122e+00
1.991126303374073370e+00
2.251017669717573888e+00
1.046049425097265662e+01
1.528613910409781562e+00
3.400903860390866562e+00
3.031022206283670251e+00
2.076963683600611787e+00
3.251821877473354938e+00
7.723126732669397532e-01
1.954784891979882921e+00
1.699152241079450398e+00
7.591072684473708643e-01
2.432811577576581730e+00
4.851311866457647670e-01
2.622926829289297768e+00
2.443344621203421774e+00
3.802306320269042139e+00
7.928223152465204704e-01
1.561662919042900333e+00
1.830300140035714396e+00
2.043387351435278720e+00
1.714395302611165794e+00
4.231862522762690482e+00
1.155558739376530752e+00
2.119677688750769118e+00
4.399994556611756202e+00
1.748024011752303597e+00
1.076673112159084678e+00
1.186522673798668270e+00
3.119117225739080013e+00
2.050956570973342163e+00
4.884879758656585635e-01
1.513109849919006988e+00
7.079422109002172503e-01
2.363497815489691067e+00
7.362252816415266743e-01
2.871355101977620450e+00
1.638758169892368111e+00
1.290210724346518401e+00
2.701306496589108708e+00
9.447434047256916267e-01
1.149085159705397041e+00
2.696328258138661838e+00
1.882882207170420319e+00
2.411916008997022909e-01
1.589842553106916467e+00
1.952829940582037072e+00
1.680580558661177060e+00
3.340967351299168886e+00
2.812451883616615689e+00
1.964897836667542919e+00
2.086926800045862507e+00
3.343916237095229338e+00
8.364886657063582698e-01
1.960548298055532213e+00
2.877967686043567674e+00
3.457013613317982959e+00
1.896937082509510875e+00
3.173681195778860875e+00
8.786332962348896158e-01
2.937836646629815807e+00
2.052399853526541307e+00
3.122887038438020291e+00
3.166538945744918454e+00
2.576994343103925278e+00
1.703194316623858340e+00
2.506707981210737568e+00
4.093704174330527579e+00
2.618508069176297415e+00
2.960620967801782299e+00
1.262486175434649693e+00
1.424085500197474818e+00
1.826861884719540585e+00
1.631170836381230282e+00
2.686449693160630314e+00
3.022005517744520642e+00
2.514951487832390420e+00
2.056660611702680441e+00
1.496531910619152583e+00
1.401067414504233444e+00
5.578494240969399165e+00
1.214657362528730467e+00
4.513049061759136116e+00
1.604364136705845212e+00
1.739993222996047306e+00
1.653822194073889307e+00
1.406137896733461901e+00
1.033698216164625094e+00
1.881447126095246780e+00
1.415012052090324213e+00
3.393990666495238617e+00
2.786676168730051639e+00
2.786368879814447030e+00
4.419037221852395447e+00
2.950220365921217169e+00
3.343806516477846102e+00
3.601777417094239819e+00
2.372784267017235216e+00
1.766806431629567298e+00
1.524334353027262612e+00
1.199529461088072235e+00
1.853081695898885162e+00
3.321303569452022764e+00
2.976518623413159759e+00
1.101544240136614006e+00
3.103755658637135983e+00
2.187962449292876865e+00
3.052093421805941453e+00
3.988700459671136844e+00
6.269203159440330797e-01
8.440869005636746358e-01
1.832022491141889198e+00
3.466778997010696806e+00
2.056609578083426371e+00
3.573032095084434534e+00
3.132945235273781659e+00
6.780961405293935762e+00
9.023925837271526973e-01
1.731657166497929001e+00
1.657712163316653387e+00
2.765611827906063080e+00
3.192446369795286287e+00
5.178572562336565710e+00
1.218800398141897556e+00
9.034833891213152057e-01
2.072305972073715807e+00
1.138666724855711410e+00
2.287398850448107535e+00
1.270492202274356996e+00
1.404315558965394395e+00
4.081831208449686610e-01
1.294813467843068056e+00
5.762016197247932681e+00
2.621519497309407143e+00
4.682260864176268078e-01
3.204021777358596612e+00
1.897242854791251876e+00
2.490494128476419711e+00
2.849645798194016866e+00
2.722178631574383889e+00
3.268665631531953775e+00
2.561948216012177593e+00
2.544978930334480527e+00
2.534418273958433332e+00
1.941018823750496392e+00
4.623231349801775636e+00
9.531320394303401944e-01
6.928414942107682606e+00
6.992077736786529440e-01
2.155207739346934215e+00
2.622524097319378189e+00
2.259096025775169103e+00
2.846654981902868364e+00
9.279925617929651871e-01
3.456386118913128414e+00
2.871726615951593509e+00
1.109179024437747074e+00
3.419821023669920024e-01
2.047358166229891197e+00
2.357581517534308446e+00
8.504220706620523318e-01
2.657736847080245379e+00
9.433205131678371602e-01
2.605740687267731115e+00
1.531008315208552739e+00
4.681647348680739285e+00
5.766380663006742679e+00
3.921302760069014237e+00
3.080071328602183467e+00
2.692993862628848767e+00
3.869172468584334723e+00
2.691543813720907785e+00
3.389354023903428548e+00
7.408037895997507949e-01
5.229142295721135092e+00
1.285399278565848347e+00
1.389138508116406934e+00
4.931831141046282951e+00
5.622332018503281015e-01
1.327387830348347952e+00
1.122697662934937002e+00
4.277935077482897697e+00
2.759433461123151687e+00
1.769549027770095373e+00
7.736771297989094576e-01
1.836481883884575561e+00
1.506718093989045215e+00
2.063719266373210015e+00
2.839145464275859787e+00
8.612518502795998288e+00
3.494486071119264903e+00
3.570475420755527374e+00
2.815171026460042469e+00
2.632740124993145692e+00
2.034053090441338973e+00
9.079951692254897289e-01
3.497826565239625096e-01
2.864155612848867882e+00
1.457274635360092274e+00
6.436062515166316444e-01
1.017806135699756709e+01
1.869846758716834145e+00
1.396515267990904086e+00
3.210544365619808715e+00
4.244053778721323056e+00
7.579424905210663255e-01
3.182751400781684392e+00
2.347945150163177175e+00
3.223359277535709833e+00
2.619770069206437402e+00
1.715957720769488049e+00
2.308849409189557278e+00
2.667687454537788661e+00
2.007973917760634830e+00
1.175954393299136314e+00
3.628337679938627769e+00
1.570599330199218935e+00
1.326469193816012693e+00
3.174186519180107524e+00
4.217252875430628656e+00
1.614785355057943406e+00
1.723564032902313026e-01
4.661657749154302977e+00
5.078897936720446538e+00
9.296349400170774713e-01
3.175961800621622366e+00
3.459392179033238257e+00
5.442199497394175634e-01
2.099785183079088569e+00
2.411440168880110146e-01
8.336842566900403151e-01
1.096043397331814662e+00
3.026442590508080954e+00
6.790732129560563823e-01
2.500581381983153495e+00
5.144386092265301080e+00
3.117582930501830774e+00
5.569667492849707635e+00
4.306061292665575913e+00
5.137378887907559921e-01
8.117337193368781012e-01
8.615779836434511729e-01
1.885394765057014865e+00
8.254756451450171451e-01
3.826004309027852379e+00
1.508409211923451565e+00
3.640973716522063253e+00
1.342020596111699771e+00
2.345880295737364118e+00
1.438749817177713330e+00
1.574014305908161937e+00
7.714885032481331173e-01
5.699008763663784283e-01
6.571535388162886848e-01
2.091602152079076404e+00
2.034764580607175688e+00
3.672989623592654684e+00
1.577510321306785590e+00
3.821214288778113755e+00
1.691836486520644778e+00
3.811372235859634028e+00
1.985266352019526614e+00
2.876844584870610788e+00
1.343959309863727913e+00
1.638325335711241948e+00
1.307542370290088130e+00
1.776897751263486480e+00
1.939712615427840348e+00
1.480253967452958674e+00
1.381451662558051074e+00
1.688684917348600267e+00
1.228846806435980987e+00
5.518440502717071539e+00
8.028227042736748587e-01
2.590004454945854739e+00
5.100031596708074488e+00
1.318715632886283018e+00
7.249178298640194251e-01
2.748156636812589149e+00
3.441685967384474409e+00
6.169581929029750444e-01
1.416484605912994521e+00
1.255418789095896326e+00
2.356643602377154423e+00
2.182589735883728732e+00
3.087738143046347083e+00
2.127480913225589632e+00
4.659631191654554083e-01
6.799840845453515747e+00
1.799481951097263499e+00
3.311647378489322779e+00
2.592447194097137420e+00
2.439746195549081786e+00
2.995445990735796649e+00
1.276046370529733576e+00
2.025602866604555352e+00
3.955395093275932972e+00
1.423248527644186856e+00
6.047663280208530612e-01
2.626533812507644505e+00
2.175818032776489108e+00
2.292927053743105681e+00
3.651414199278445682e+00
3.792047293150580867e+00
2.670861493613439386e+00
2.635244918707571493e+00
2.232482798500892596e+00
3.881499843040508324e+00
2.444669285905962219e+00
3.360623068820850712e+00
1.099582881065999551e+00
2.407266065191149274e+00
2.625272863409252810e+00
4.656529777866946773e+00
1.183647892542784019e+00
1.251505699624403167e+00
1.137183244018191264e+00
2.426404062311358967e+00
2.473828992713789976e+00
1.455849112655133393e+00
3.517797095905380811e+00
2.750930621429566791e+00
6.421803046231754353e-01
2.576104750385774356e+00
9.463971998074099945e-01
8.944611213281044027e-01
1.352749727345214481e+00
3.722518655824047951e+00
2.681972214338854688e+00
3.558052171147737752e+00
1.329640848978383527e+00
9.047833815899488652e-01
3.272712886116453834e+00
1.172030839241613664e+00
2.983418510562891868e+00
3.035053676430798930e+00
1.572737976813664451e+00
4.059675003529931381e+00
1.982156926414088138e+00
1.108789061281853838e+00
2.498855182157972976e+00
9.003639630564188590e-01
7.570535400444717844e-01
3.310492267214283135e+00
1.897002689881912785e+00
2.430501362286711320e+00
1.525571293351603019e+00
9.080995450190189056e-01
2.449836567593270509e+00
5.768611759019887097e-01
8.660016825691220221e-01
4.138792539502762047e+00
2.308024084766031603e+00
2.252965879876084987e+00
5.467290289857243968e-01
4.654099176742531596e-01
2.139995732330764733e-01
1.720809832975577880e+00
9.829132483515090613e-01
3.493734447370047569e+00
2.441173658976519611e+00
1.397407318931007891e+00
2.412631417137464762e+00
2.394840228447197461e+00
3.310817435566317801e+00
3.142142616679047151e+00
1.295147230383483894e+00
2.848419465030416209e+00
3.053745422948851651e+00
2.072766926065562565e+00
1.457438052543856610e+00
3.803065768054477935e+00
7.125931148841576634e-01
2.317917584040619872e+00
1.696481162081286076e+00
3.371178378525306218e+00
6.839551324641373498e+00
9.937725784722732936e-01
2.808061798621760641e+00
2.238040107648739507e+00
8.856836761008440861e-01
2.985664102197107983e+00
2.323020619121760610e+00
2.502552189927690129e+00
7.313493948627315611e+00
1.019666317761521279e+00
2.688296397693959339e+00
3.043702297030705495e+00
2.199528496271507816e+00
3.048325621348068726e+00
2.013160572251971203e+00
4.895097195048944805e+00
2.334456580220661603e+00
1.905501347654294131e+00
2.496645926457763842e+00
5.695043657532748993e-01
4.506468949752397424e-01
5.384947791907904069e+00
1.675407249979382840e+00
2.234155093270293602e+00
4.005467234229470819e+00
4.149199171375142825e+00
1.948414847253669535e+00
2.576845990215482551e+00
8.203952532401845854e-01
2.085718593258575559e+00
1.519164276010486425e+00
2.003858160770842112e+00
4.103578980007837274e+00
4.142437670729672838e+00
1.090762135604426808e+00
2.709873805338346209e+00
2.467691964324258524e+00
4.303589812295122163e-01
9.392313259624476274e-01
3.395677590855052941e+00
7.504996429633667976e-01
1.994578973186732718e+00
3.058300832450219775e-01
1.622371728854014927e+00
4.305847133696081741e+00
3.497907211178656439e+00
1.862254837571271082e+00
2.073987937616037058e+00
1.629895147841365022e+00
1.690747938781278492e+00
3.412474334541681031e+00
4.396647644257424270e-01
3.301795503731030479e+00
1.698225575982534874e+00
2.835938010498564310e+00
4.222260937422556815e+00
4.075122557048595162e+00
2.117233986592939321e-01
4.222512366297116460e-01
7.653289969271095394e-01
1.349744983329068893e+00
1.234914898400354843e+00
2.483504000457324778e+00
5.293928212176977066e-01
2.525101636623536816e+00
3.516242787564762828e+00
9.754256095399345128e-01
3.389331460779534844e+00
1.855464206370140756e+00
2.026847484736861826e+00
1.351429229135157284e+00
2.528236933423510191e+00
9.711334526864279226e+00
3.080899965619020797e+00
9.880108602383352867e-01
3.005736461489527223e+00
3.778728356745561512e-01
8.134962169902056894e-01
2.528351305475496247e+00
7.605064490909364538e-01
1.034255379506952011e+00
2.242364835679698132e+00
3.225828028440088868e+00
1.095022036165306911e+00
3.260836529419040009e+00
8.655590833761579450e-01
3.207001358653145839e+00
1.038135054727552520e+00
1.965100413562058446e+00
1.205532477373818301e+00
9.078857836404521375e-01
2.711582430531789711e+00
2.252725138221252532e+00
1.845809743247262880e+00
7.106135443000919594e+00
1.927220389761990837e+00
7.572850993602837644e-01
2.068787856166409256e+00
1.290121922271198818e+00
1.909833555066306365e+00
6.226735407683807733e-01
1.928055776059959703e+00
3.519559656547762150e-01
1.670197496523565084e+00
1.556244400445012666e+00
2.724658008915973095e+00
8.873988697035890549e-01
1.558523538796612096e+00
4.357140968861332730e+00
1.165373972981277095e+00
1.976816384956136874e+00
3.954521577613665517e+00
7.545665356845533411e-01
2.546974362472723463e+00
2.182863542056499018e+00
8.636611918657239428e+00
2.110238346130073328e+00
2.205559866371100242e+00
4.601133486037563003e+00
3.252403210410838685e+00
2.288120077572222577e+00
4.762141267974712378e+00
5.820932468785573022e+00
1.454204389882887583e+00
4.270597252818698064e-01
2.181479003606690004e+00
2.818131775043436704e+00
3.241591067312496133e+00
1.610358889015568229e+00
1.718602441146219517e+00
3.562854637073729069e+00
9.722543742923994703e-01
1.358106260461423132e+00
3.975335923945824135e+00
1.806764147001549858e+00
2.172757496007674316e+00
3.972989567936518363e+00
3.120936985365742711e+00
2.327571855877080154e+00
7.161097333589735991e-02
2.290972045619190212e+00
2.962802387529023473e+00
1.174172067242211348e+00
1.988170679719354350e+00
1.916778735336111872e+00
2.559586738132816897e-01
9.074435953271201560e-01
4.008741631445396969e+00
2.826948758556722563e+00
2.789211296217385616e+00
7.775032517768465379e-01
9.163666838501951517e-01
1.013439346661971996e+00
3.678772710926691669e+00
3.215506244222433807e+00
1.895129517967167221e+00
1.711785912147067101e+00
7.170315080445680556e-01
3.124762043930857214e+00
3.598800188018610680e+00
1.510961050969784392e+00
6.118832676098044931e-01
3.474072001127479492e+00
1.939642817475492942e+00
2.201749835681767298e+00
3.435852335089329745e+00
1.356864431702259344e+00
2.820507901332226730e+00
2.029652206921406243e+00
4.804653000575051514e-01
2.878536606109998619e+00
3.322935220139631163e+00
1.668151023415029632e+00
2.186422141057215551e+00
1.422720528374503246e+00
2.885576633231769161e+00
1.894764742791408940e+00
8.531378564864896541e-01
1.913238101217221709e+00
3.794044626672714582e+00
1.759458151836395867e+00
4.123382594702059478e+00
3.696264259243905226e+00
2.821040931958344711e+00
1.751761853371835320e+00
1.288658962704029021e+00
2.740933194884667579e+00
1.440726673949569880e+00
1.637475665216574061e+00
3.565239515381402491e+00
1.544571233129213406e+00
3.228149604801810124e+00
2.860513805199849990e+00
8.682831497144851696e-01
1.050723910822174201e+00
8.109236019889350944e-01
1.027835834863707998e+00
1.778676678931401023e+00
5.031205460560944864e+00
3.357679561927549905e+00
2.986723550493653345e+00
2.720339284958350312e+00
7.585873821993847077e-01
1.431779691568895396e+00
1.067473439871578833e+00
9.964600329380989274e-01
1.930304326915300184e+00
1.220711461248049190e+00
1.386934813482043838e+00
5.579703420853441287e+00
1.443656962971202606e+00
3.315771370459332346e+00
2.626493878828302986e+00
8.109141021702671592e-01
2.181564940204110847e+00
1.817025867360629654e+00
2.999879192451899712e+00
3.974325977968443890e+00
1.486285129232667979e+00
1.598800992360592810e+00
5.098087264689257214e-01
1.526093441384770211e+00
6.444141772142808477e-01
4.336867600089814090e+00
1.414748183832172046e+00
1.961232360319665968e+00
8.980851346180984685e-01
1.991762218744126178e+00
8.230620525828304945e-01
3.215328896405030612e+00
1.582125224537093588e+00
1.765373331544817681e+00
1.125190148823212333e+00
4.539295212625465759e+00
3.209923901435972837e+00
4.696139530157690700e+00
2.905979287665767075e+00
3.282254536537032585e+00
1.686015546643023999e+00
2.991680126095961789e+00
3.469660319553517613e+00
5.709269104346824442e+00
2.475975561730926255e+00
3.977202124009421969e+00
1.124945975409685550e+00
3.648911977088046932e+00
5.398138762955354553e-01
7.323102808159932531e-01
1.956236770716932583e+00
1.684024774593957607e+00
3.910490249952458974e+00
1.121360127749862379e+00
1.945982825387817527e+00
9.771337324052332685e-01
1.090226976524128810e+00
1.992863400966125687e+00
1.952286836667146863e+00
1.685169214478165589e+00
3.344967894778108963e+00
2.350766137630194041e+00
2.134802479186840962e+00
2.259885009052877258e+00
3.197463709859711400e+00
3.539715226870661535e+00
4.216724573844772728e+00
6.264636020323850474e-01
2.674090138114002091e+00
3.268334479084651356e+00
1.390037678961891565e+00
2.158414513615265928e+00
1.718054005557132724e+00
9.964783174682613209e-01
4.137787915521102811e+00
2.885002158049495780e+00
2.106703371815389580e+00
1.864703366077112401e+00
1.589919170107251478e+00
3.012810030471284595e+00
2.786649488162426191e+00
1.165493805970262864e+00
3.820023931110242632e+00
1.597694813243260237e+00
2.564594419931551350e+00
2.283760931872574229e+00
2.848159151718483884e+00
5.036740939237667192e-01
2.966892034719187610e+00
2.158636264773611257e-01
1.177768881847383708e+00
2.222561600213897037e+00
3.253904412425363546e+00
2.586374333517457824e+00
1.359893339480994445e+00
1.935692141470551020e+00
8.379700094989960268e-01
2.225774883891919131e+00
3.167226684387357327e+00
1.372385293795252537e+00
2.740592421242299626e+00
8.643432649680174995e-01
1.632467057883834505e+00
2.131489159177676562e+00
1.229710864385155977e+00
5.206569945561728696e-01
2.149264608478297145e+00
3.396294216267663924e+00
3.905454049741198252e-01
2.499944505915301818e+00
4.585209513845719620e+00
1.322161810683245786e+00
1.659584875943949545e+00
2.029860078657777400e+00
1.666615975203704414e+00
1.193645247081170702e+00
4.600751770683277009e+00
3.380230132094985240e+00
2.449162692043874934e+00
5.462352813367091775e-01
1.727971636873019801e+00
1.361859296888486837e+00
3.113722751268626965e+00
4.085817869137537528e+00
2.298871093491205997e+00
1.878167849138252521e+00
5.317044171230680405e-01
8.547323429697658570e-01
1.648408524534766384e+00
1.261649303738805017e+00
2.856942847302585076e+00
1.321739034651935540e+00
2.739237209149043117e+00
1.880334422583457288e+00
2.237507374720485220e+00
9.636703115184025448e-01
8.436360092119588039e-01
1.232975111801796420e+00
4.378648978549685822e+00
1.793127378378417180e+00
1.065433403561633163e+01
3.154664012252892835e+00
1.034011172797527189e+00
2.726696007123757592e+00
1.699867126013459462e+00
2.597444228656773380e+00
1.010557624185159264e+00
4.645474878754488834e+00
1.128195588430404683e+00
3.272114181332081984e+00
3.125501083952294312e+00
3.766029996633343480e+00
3.592492901287725360e+00
2.740328716145114640e+00
2.452718301191766148e+00
2.519257260940794385e+00
6.952501117710058187e-01
2.287704217138724960e+00
6.042038534440146158e-01
2.936393422826240496e+00
3.393240498049016729e+00
1.427778593726067191e+00
7.038436169068289949e+00
1.159039870445421228e+00
3.821380319148671489e+00
2.849746708018396912e+00
2.900673347201954577e+00
1.904849341378699545e+00
4.843569120844793296e+00
3.233190281414730083e-01
1.466250120439676508e+00
6.659383823769785771e+00
3.385776432618007870e-01
1.175078613890366830e+00
1.421774185429945714e+00
1.969907360907193095e+00
4.552234364419851076e+00
1.666198267704380065e+00
1.017812739506400499e+00
5.487913640846632246e-01
2.692442413909370114e+00
2.996412702413917994e+00
2.337773106387515565e+00
6.203624292777384364e-01
1.499772641381735827e+00
3.182241003300926963e+00
2.590999870270138672e+00
2.378762193542030889e+00
1.546289480202410527e+00
1.117869338943501267e+00
9.267804747803559451e+00
4.041239044375684486e+00
1.289635313421040319e+00
3.231101778917280232e+00
2.092215410036344814e+00
1.632504901478381676e+00
3.848484078832214106e+00
3.080013355682809539e+00
1.763825017423430896e+00
1.574235939167143439e+00
3.221934645506506989e+00
6.841031187965630478e-01
1.354764189006509412e+00
2.297411887634317917e+00
1.298252587184265394e+00
1.110875719975991771e+00
8.509628877813504300e-01
3.278605867388940442e+00
2.833613859489079623e+00
1.223201522234198535e+00
2.324892923104244780e+00
2.497150918133076214e+00
1.498824797571122636e+00
2.452613368029780361e+00
3.442719724243907820e+00
1.025756201957550573e+00
1.336696644207272522e+00
4.383928951126275564e+00
2.072311011338540787e+00
7.589400194134444666e-01
3.324684706916049226e+00
1.894589841865518265e+00
6.534304811111324440e-01
3.682557987176544589e+00
2.344403277162306232e+00
1.604990200732084649e+00
5.887103691935489991e+00
2.173966008977011644e+00
3.201934064206820363e+00
1.194429899777436743e+00
7.852416887545042856e-01
1.813371738956584656e+00
1.067588124575343356e+00
1.755324047723977321e+00
1.222157803453302938e+00
9.645192044267737463e-01
2.065947169446089582e+00
4.548666327229218709e+00
1.249794661107678229e+00
1.032972669612910677e+00
3.991514850161461680e+00
8.328287208148336118e-01
3.015388706081119086e-01
3.178653553902426321e-01
1.747461647664829920e+00
2.141686799627241733e+00
1.106716617796327906e+00
2.831184058196665188e+00
2.421002545333289291e+00
3.853260379240962319e+00
2.065898886862126638e+00
1.248288869882834717e+00
1.052699044312573440e+00
8.740865638106050106e-01
2.693453777158549389e+00
3.637005594656178342e+00
3.941187874309067141e+00
8.732091040021811024e-01
3.344003487702599919e+00
1.253282106434131737e+00
1.142201514391777861e+00
1.324454384844801158e+00
1.977307566163108099e+00
1.907664208871398204e+00
2.951846007086148305e+00
4.161047762518027326e+00
5.687550906385865357e-01
4.575858395286931390e+00
1.150972621864603251e+00
3.329167866154700395e+00
2.949749733198881341e+00
7.283582461699515065e+00
9.715297712047403778e-01
1.332919536890802892e+00
1.532098931714992895e+00
8.773830639968038803e-01
1.074428814026733292e+00
2.131638599819223767e+00
2.567914269715469433e-01
2.571276621925381534e+00
3.458981244726000437e+00
1.840656477713633388e+00
4.526396465080325449e+00
3.067804140264802637e+00
3.343736079893764312e+00
8.460949592588516976e-01
3.158263332451704208e+00
2.533518798288150631e+00
2.498771425551707726e+00
2.422172675837880984e+00
1.880846332016951061e+00
2.816920033367737108e+00
3.509566179843039535e+00
3.960136816633586521e-01
2.321719925614451174e+00
1.028762643426571977e+00
2.078912841349651597e+00
4.433999298307633730e+00
4.073619793147777557e+00
1.074819487213206415e+00
6.527146910995726969e+00
2.621810842465477798e+00
1.050336435472194907e+00
2.242247805436454744e+00
2.336434247745244441e+00
6.588447550342714232e-01
4.360723817659400758e+00
4.473804347161919992e+00
2.542167407680308244e+00
4.073758864451002104e+00
6.844177129442334362e+00
8.917967572398223242e-01
2.540862506867879400e+00
3.180198148548611936e+00
4.478526489802211685e+00
3.164035559272849074e+00
4.356787844778483354e+00
1.236997746872898318e+00
4.726030452394759607e+00
2.502373221840747064e+00
1.275331013487742027e+00
3.138801663243024453e+00
6.301897848559296023e+00
2.434664038503466355e+00
1.253861971559413702e+00
1.777363072751475315e+00
9.564503204952856663e-01
6.341924818716448975e-01
1.673736043496164783e+00
3.542475482903420403e+00
3.350771366294242437e+00
1.533796908518885616e+00
3.297135176556178493e+00
3.007707047537526268e+00
1.629788009539767213e+00
8.839017952824669289e-01
3.657849819523807167e+00
2.828828958273790661e+00
1.666195378928661652e+00
1.498877073946499605e+00
1.763410345108920030e+00
1.087332212666368925e+00
2.450534270974832562e+00
1.834952258626959543e+00
3.104310488538341239e+00
2.351504328793363019e+00
7.720172373280909106e-01
5.205071307025005645e+00
3.373013641403034057e+00
2.272592763540169702e+00
1.168357286867342193e+00
3.244069553207357348e+00
1.209164155673498620e+01
4.050158596237879216e+00
1.551502939558661032e+00
8.887266278225807170e-01
1.212895778970818128e+00
1.764873251423819900e+00
2.590028118396661139e+00
1.424392451668667903e+00
2.239158688578274159e+00
2.268213816941052396e+00
4.427766464468888330e+00
1.055139678494055655e+00
1.606233917257871013e+00
2.724819954178851145e+00
4.311498982992515439e-01
3.717305224113451434e+00
2.303375724188067242e+00
2.158574662175675396e+00
2.477598314458756334e+00
3.464349524851743745e+00
7.842399825845135508e-01
3.959176018547892362e+00
2.224391325244517326e+00
2.410964562510963471e+00
4.632956396255762499e+00
1.318490344707212047e+00
2.729463083917317068e+00
4.265731009056580980e+00
4.578621472831604144e+00
2.525915337944962147e+00
1.447743173433536423e+00
3.306000403573689184e+00
2.665331831968348997e+00
2.251994555247751606e+00
3.925126950747491072e+00
2.223480065985763865e+00
4.114200070024606748e-01
3.287786986284068735e+00
2.016787621807230924e+00
3.429238263666812614e+00
1.550331629489236196e+00
4.753608435447334024e+00
1.679484397724307687e+00
2.141057595914733991e+00
1.654268736150982244e+00
1.665935748306513808e+00
2.394177444640269936e+00
2.934746068605321501e+00
2.872434503962197017e+00
8.789653919890295652e-01
6.869878484597449209e-01
3.029460434994664553e+00
1.056750378043369354e+00
6.957278472548609205e-01
6.408133946565482963e-01
1.826666949720017419e+00
3.635110304291693684e+00
1.843814547955575645e+00
2.754955654065828430e+00
4.137160150965439875e+00
4.467618375059971392e+00
2.001859297773946444e+00
4.120726702054332335e+00
8.703648516098492216e-01
1.019435331853192572e+01
1.264741312830804043e+00
2.858433422214605280e+00
2.131132444227375355e+00
2.548057811298435560e+00
3.130797405718909410e+00
3.451256537964259685e+00
8.774565507248300866e-01
3.966191497779274044e+00
2.624323370673446565e+00
2.165921738472457836e+00
3.035124367676007573e+00
4.177274731645548300e+00
2.561211126168749797e+00
3.253110368518029372e+00
3.040594138445750882e+00
1.820281732876399605e+00
2.962302469824863227e+00
3.335540176436659454e+00
7.616402055446934938e+00
4.519449473045270338e+00
1.312980567304758539e+00
1.749726750391280339e+00
2.381791384771908326e+00
8.383311667404143019e-01
2.855785158525647294e+00
4.319773161236778236e+00
2.763583544497016486e+00
2.212549320471953518e+00
2.472686018427355581e+00
3.306240373981770286e+00
8.318793058840139309e+00
2.901682978825956383e+00
1.583209183530114528e+00
1.814269475864693115e+00
8.376850450110968183e+00
3.194512656553540442e+00
3.387911628859032298e+00
1.037681815364424498e+00
3.337111590253559079e+00
4.620476263979599985e+00
1.904897350512445131e+00
1.013779028005385996e+00
7.092867625939382137e+00
2.064691859132679497e+00
4.942044616196644036e+00
1.630644534416280989e+00
1.298936419369643325e+00
1.131941224010087899e+00
3.145765430007602781e+00
2.982697893067527861e+00
3.372130338123552118e+00
2.179182865338535446e+00
1.798317461465835265e+00
2.422595022574095758e+00
4.307070281200328310e+00
1.661818996184688757e+00
1.898882492923765986e+00
3.051261108101217534e-01
1.090764039625570003e+00
2.952822857009038682e+00
1.545658986942867186e+00
4.448356795188347590e+00
2.289628602626999410e+00
1.216647286976713538e+00
1.264461572859598260e+00
4.366452977738028096e+00
5.167956568895019087e-01
7.779264612047962490e-01
7.306509081595019550e-01
1.948423391890841350e+00
3.811737209172184393e+00
2.293797182878835716e+00
3.559815739452531158e+00
1.729381281379499535e+00
2.715966469367487868e+00
1.481961164910532203e+00
1.275842029504576036e+00
2.225946964805366690e+00
9.608784684169985324e-01
1.462340104580789335e+00
1.254990369562406283e+00
1.630688313481489349e+00
1.857751710220759023e+00
7.568864358496868228e+00
3.317335363815538507e+00
1.676025286698974215e+00
4.776669322117257366e+00
2.409737132072623300e+00
1.044699929489580237e+00
1.271634774442845783e+00
2.525175553869504874e+00
2.536789797369472410e+00
4.162552214784658311e+00
1.142679532029519329e+00
2.266984723634646315e+00
1.416237483737160741e+00
1.847145420772644542e+00
2.227890505222345663e+00
8.203918888688900291e-01
3.121186773089563271e+00
1.744180876807912339e+00
3.200500447082326616e+00
3.173805774678676084e+00
3.332231464839633173e+00
1.418290654137568163e+00
1.016405523988292003e+01
1.396629104497432827e+00
2.743971449595130174e+00
1.263270794949023168e+00
5.270108718240404500e+00
1.672478688704760685e+00
1.324471824953743271e+00
3.349798167913458968e+00
1.360995768263569383e+00
1.735647093459799839e+00
2.877899777108435142e+00
2.951239838017630568e+00
1.901768895523668457e+00
1.583909969579516464e+00
3.740885862184449850e-01
1.388198211111348668e+00
1.039531612419980711e+00
5.141312884472243105e+00
1.881056530089802115e+00
2.850426398053562238e+00
2.618290429352850168e+00
8.969462316838577864e-01
1.393922872353159592e+00
5.472676394346009943e-01
1.751157608111230557e+00
9.430901050052669099e-01
2.017896964596255671e+00
1.007209361101514045e+00
1.772008427650830997e+00
1.705307197974389011e+00
2.098353607111430819e+00
3.037369799131192760e+00
8.198145505789599108e-01
2.115116461104184165e+00
5.498916850600630291e+00
2.938607150421786773e+00
4.919216703645851396e+00
2.049277013834410965e+00
1.012185104152530268e+00
4.046939716179980273e+00
1.237603613167740368e+00
2.940048303929630791e+00
2.451811607739201371e+00
1.792672245546028442e+00
1.815152269134539198e+00
4.649556911695657546e-01
2.097486973945633881e+00
3.819413073699806649e+00
8.575784040001606101e-01
1.099213427070824700e+00
3.879493994294231474e+00
2.052349428398024145e+00
1.682798611997906812e+00
3.825892775946659885e+00
1.899294200541646660e+00
8.716673489951480835e-01
6.401620223471520710e+00
2.402387480426981359e+00
3.467291082328544660e-01
3.156150717126159577e+00
2.167804939474052617e+00
6.131108304172260937e+00
1.827101635209539721e+00
4.817021261765640716e+00
1.652066830520304119e+00
1.525572221810493678e+00
2.338756286330409662e+00
1.900943428682567271e+00
2.419265319412198689e+00
2.140784647309696975e+00
1.569015766069649764e+00
9.800907723067576738e-01
2.091891580725863786e+00
4.361163845471065947e+00
3.302400758033024353e+00
3.829023750016151695e+00
3.469142428686333268e+00
3.410349458799148525e+00
1.782388970637075021e+00
3.738991000946287446e+00
1.600219660663807053e+00
1.545421874444204091e+00
4.085709717452204792e+00
1.501354109151337379e+00
2.010646340563991608e+00
3.771875407095095944e+00
1.338839373362799456e+00
2.428653985751016542e+00
2.031190390419398195e+00
3.748399101967022418e+00
1.209815109894036622e+00
8.859547841797217327e-01
2.420516471329877017e+00
9.624777023406181353e-01
3.340272761511577926e+00
4.012207193565399344e+00
3.306108443832820765e+00
3.279271953992882072e+00
1.594672574328079628e+00
2.222047457416651994e+00
7.393385064026399833e-01
2.477435012401892234e+00
3.393050061378491744e+00
2.180532455705043393e+00
5.103150013100671067e+00
2.925429886725969375e+00
2.987482795347862652e+00
5.170346668521994538e+00
3.042319134683435067e+00
9.204459558675873732e-01
4.719537984785612927e+00
2.448847006537018256e+00
1.521766892285797645e+00
3.470871431588884892e+00
3.024023512206540865e+00
4.843930566883881683e-01
2.264933519948213458e+00
3.264608505877810263e+00
5.682176266910333062e+00
1.472161368170406215e+00
2.998256582686849470e+00
3.993359666248471829e+00
1.042545405525584723e+00
3.005120813532563773e+00
5.129919482738575232e-01
7.404762381644670599e-01
2.194486918428832034e+00
2.524638201170018803e+00
1.715348962426339385e+00
1.111466246385199419e+00
3.330489861420150355e+00
3.165693415713572545e+00
3.226341179533516623e+00
1.199133859512302447e+00
3.279724889873434357e+00
2.386147772011553592e+00
2.493302348187910411e+00
2.394540763275433193e+00
1.919283618902068111e+00
4.096809050799711471e+00
1.998055806519384303e+00
1.825464278778160088e+00
1.488544429494283339e+00
2.456369478832171327e-01
4.538747230965208823e-01
1.061338923647545007e+00
1.953141001421086376e+00
3.353859554016156874e+00
1.333322442659129248e+00
2.323170622909405569e+00
1.731232674602355637e+00
1.756215340491020793e+00
1.913441794033203580e+00
1.864936473414645635e+00
3.776921701578705992e+00
2.513845248461951343e+00
3.889656046686228663e+00
1.054845092754727487e+00
2.527551395558535585e+00
1.187139434859503240e+00
1.629933619017646551e+00
1.083792332455945084e+00
1.885951922630421773e+00
2.160348089304974017e+00
1.548609487925026951e+00
1.437467333361036381e+00
2.772331815132601296e+00
2.660938759247428731e+00
1.784828652823645001e+00
1.425583230038498073e+00
2.332583851280597198e+00
4.250527384083392923e-01
3.777486069493982246e+00
6.584012137433824519e-01
1.710747214674332550e+00
3.938007715147572529e+00
8.184329164533721279e-01
9.765905287944932622e-01
1.680886592227020637e+00
4.616218980761257029e+00
3.260497935111378087e+00
1.023521747685717020e+00
9.335523640509247878e-01
4.229260597320366522e+00
4.589623466046885092e+00
3.790127817012076683e-01
1.706526252171237878e+00
1.355911724572577137e+00
2.035680223337781758e+00
2.501671002716640224e+00
1.605232863364001838e+00
1.810168787016871450e+00
1.395453101949563068e+00
3.819374277637311299e-01
6.348024134253003048e-01
1.904930430819580023e+00
7.367941139352141011e-01
3.080500575243160011e+00
2.740980654167300301e+00
2.166157092664307005e+00
2.619929616537484129e+00
1.078622927709464330e+00
1.325387177566032415e+00
5.553920898561438335e+00
7.608182829579984707e-01
1.232780437965400600e+00
1.505576114127706644e+00
9.938238696599884792e-01
5.644674366912461494e+00
2.102487799143753389e+00
4.046825604089325346e+00
4.268900855842391984e+00
3.778196563824023801e+00
4.037943514838794101e+00
1.429640090315973611e+00
1.547971131015764890e+00
2.512959655633994593e+00
7.199114955345855549e-01
1.326559133069353358e+00
2.799115394969116100e+00
1.986060414434887678e+00
2.032861416534515353e+00
2.482300967885991749e+00
4.093527037090653131e+00
1.298067210630815316e+00
3.333286466679620474e+00
1.561339800524021326e+00
3.577472560929445322e+00
2.016553852480197584e+00
8.036121083937388665e-01
1.627458021943703148e+00
2.267815798754731826e+00
1.774257592513965420e+00
1.994022472288174530e+00
1.573892534422904887e+00
1.617820136247392293e+00
1.339828736570663148e+00
1.499864055504018578e+00
5.124722831953860691e-01
2.041230775256646091e+00
2.292154298426893888e+00
7.803907180919548159e-01
3.426621714425110987e+00
2.246628416867807232e+00
1.007337533619974579e+00
2.157049173605224190e+00
1.798123570064397603e+00
1.802242939177495895e+00
1.937700548721321914e+00
9.710889785656952711e+00
3.123811061071569473e+00
2.149969022095237658e+00
4.148376690103480868e+00
9.211376389518509678e-01
3.857290855679220254e+00
1.779616168992789182e+00
3.758663724870932921e+00
1.453607162646283424e+00
1.812418856275914703e+00
4.444165968114251797e+00
1.854760622691976168e+00
1.455259339925222495e+00
2.052373075314966488e+00
6.400946478632436154e+00
1.830907752487209494e+00
2.316119217288262977e+00
1.815388746981462909e+00
3.378662787042608251e+00
1.141343007757270378e+00
2.247108361170288671e+00
3.168276386866206717e-01
8.501955252955505360e-01
4.005109749179143641e+00
1.896894384952990231e+00
1.555895321818954180e+00
4.056338655983894870e-01
1.104010985088287100e+00
9.432529093346665450e-01
1.051442188750751461e+00
1.582234516917076395e+00
4.675810193547967897e-01
2.200718639105492702e+00
3.420305361838044345e+00
1.479344541611153030e+00
1.481718182982939114e+00
1.689970499914549062e+00
2.877269952531180230e+00
2.779258536451482797e+00
1.434560255801338391e+00
9.905772363859313145e-01
4.127803982502638469e+00
1.116796640624988513e+00
2.410292860221633138e+00
8.260604962665833995e+00
1.373270462078617582e+00
2.417606453974771696e+00
1.856276906973457486e+00
5.415627180226800785e-01
2.294301725503110845e+00
1.199737833651147501e+00
2.589027827086979094e+00
1.863042403762034116e+00
3.407286983476491393e+00
3.174007932949622468e+00
3.636014014441398157e+00
1.294763138015590842e+00
3.252631819769255195e+00
4.080902755675130500e+00
1.777870165737915231e+00
1.397038963099281661e+00
1.154489507591499375e+00
1.639504504329639678e+00
1.392655884297403279e+00
1.099905305870391281e+01
2.981642993575511991e+00
1.591958621423134490e+00
7.236636316147764703e+00
2.563209318342306808e+00
1.304000437371705567e+00
5.136955619726499833e+00
9.899590916290916809e-01
2.865993615554865759e+00
2.984681424062920030e+00
1.846727161308342913e+00
7.266766172300861415e-01
9.310614278309055081e-01
3.488779736938487641e+00
3.031225895470438747e+00
1.042516973521817158e+00
3.572918633286271906e+00
3.635697149483630763e+00
3.446120753595246278e+00
2.288158072491226491e+00
1.039654721537782933e+00
6.658956495813423970e-01
4.341629139809236371e+00
1.591181241916330036e+00
2.159236205621018367e+00
1.605135276353563789e+00
3.087303778559639333e+00
6.477317628982744990e-01
1.389771591441819831e+00
1.226659535069057005e+00
3.164265599894826586e+00
2.445837687469962773e+00
2.973368459068729486e+00
2.667993432631361905e+00
8.597546295245327430e-01
3.009222305619696503e+00
1.374181012520345524e+00
1.139594279077424055e+00
1.089011985325157861e+00
1.904268989853827865e+00
1.019387022445677804e+00
1.853047323537906077e-01
2.574560398733096722e+00
9.980440735964182242e-01
7.193014174770850921e-01
4.732768444341908243e+00
1.935362668175144352e+00
3.371493807551947608e+00
1.143477903093114145e+00
4.234947893389111151e+00
1.534564746844149896e+00
2.552958243895007140e+00
5.709958939710042536e-01
4.253714563572503771e+00
6.386778524105278798e+00
2.974512581075039908e+00
4.396261029210511317e+00
1.249147693311356777e+00
3.594532080499020399e+00
4.714816343902850093e+00
2.217284754369416522e+00
2.035779907692863322e+00
4.150085256817279689e-01
1.225570524141075701e+00
1.225058527706527567e+00
2.212502464622065013e+00
3.092337613612471170e+00
2.013172444263017447e+00
3.775179557034391120e+00
1.441995152665100477e+00
2.318175962238782528e+00
3.013139272969780791e+00
4.463213760409511899e+00
2.914287594768492973e+00
3.139789284526063096e+00
9.709993478711962389e-01
1.697348148886339780e+00
9.574589152512386070e-01
1.605825202215969361e+00
1.640870314985853007e+00
2.745866352090641449e+00
1.539895855820933912e+00
1.383948332434895345e+00
8.828671004076652506e-01
4.709555594867735451e+00
2.387598388829478502e+00
1.059097794429521011e+00
3.078155217248931930e+00
3.141976182808698947e+00
1.464616353578169550e+00
1.516360371771266813e+00
3.386305043789449520e+00
8.151620888499072626e-01
3.368183977078349045e+00
6.775361770860073296e-01
2.672287527369689997e+00
1.660617499589194690e+00
3.856044039582437577e+00
1.018895722856848485e+00
1.862510032051400755e+00
2.440785176217296737e+00
1.816669731168196744e+00
1.615072162000100287e+00
1.806601859423174750e+00
5.075213761117169931e+00
1.003403397273778669e-01
2.278754512757063644e+00
2.928012493015933249e+00
4.006098589420686196e+00
4.825365697535105802e+00
4.097721975574203590e+00
1.466124853318113486e+00
2.358508071907318371e+00
1.608880120514400103e+00
3.063317828361364903e+00
1.062469804175341315e+00
3.764556518809218488e+00
1.093879141468178329e+00
1.692414704970252703e+00
9.281748828637164106e-01
4.355772133430412474e+00
1.857196007517341707e+00
6.660722976145849739e-01
3.138891207149184570e+00
2.620487637964214134e+00
9.624681647393507067e-01
3.374934402200477468e+00
1.050635129654956978e+00
3.335664124254793972e+00
1.256183863535392797e+00
1.547237791321161682e+00
6.017213326679622387e-01
2.466286392049153786e+00
3.524893591653006641e+00
2.990029470890606778e+00
4.961503635078878260e-01
8.794299349414598232e-01
2.202438134633236455e+00
1.547814637302344032e+00
1.831477354040591088e+00
5.067387725453711411e+00
4.605658080579895675e+00
1.581341287586881750e+00
2.629764003784013315e+00
2.044580756335703686e+00
1.186589848679441728e+00
3.685608510019919848e-01
1.814196425174682048e+00
2.301262743786657516e+00
3.629463709002455296e+00
1.141156691167963144e+00
4.539305440510455369e+00
2.844856292710754353e+00
3.480573920845446700e+00
3.801699469454523861e+00
3.611486890802467209e-01
1.484871694023232935e+00
1.593915493062157074e+00
1.972316874366172978e+00
3.594422985415959726e+00
1.564049229812587205e+00
1.923406037080878317e+00
2.344065010058214771e+00
7.222087714062038089e+00
8.146725814499378160e-01
3.901710316085492902e+00
2.056691280785285958e+00
1.945865938154064612e+00
1.419697930026244448e+00
1.293409145055699261e+00
3.380885174090888068e+00
1.666945267173812306e+00
1.612083192692709943e+00
2.293507227417943550e+00
8.561658380557439330e+00
1.963639435559798141e+00
1.936613613496450004e+00
1.287137637663841705e+00
2.188274891556606594e+00
3.012397881901710317e+00
3.081808553774766146e+00
3.605707471905507333e+00
5.673015855118532791e-01
3.175908580088597777e+00
2.113801297015907021e+00
3.607977484146829728e+00
1.071354364484990773e+00
1.094257620175361545e+00
6.882414331942472430e+00
3.624437817911928317e+00
5.777552304188356302e+00
2.015684884935484700e+00
4.967465049265026855e-01
1.057813598883317940e+00
2.994915741695802325e+00
2.260016533079433732e+00
1.951642856209080623e+00
2.269493600326657035e+00
2.394567035795411414e+00
2.711678241737621953e+00
2.199541110056880022e+00
1.360123258233720822e+00
1.902669549554440342e+00
5.672871500674800949e+00
1.046814433185370818e+00
6.882036611192591913e+00
3.718661386497126742e+00
1.640885604485969207e+00
7.261647389647926110e-01
2.260165930108623655e+00
3.164030214194760493e+00
1.688967660385243930e+00
1.066966609530981991e+00
3.145860723910279155e+00
2.921961850649752890e+00
9.209944105519302093e-01
1.116335502909611588e+00
2.380731106070981262e+00
3.497924314140693269e+00
1.349097259251419434e+00
1.108249391239419790e+00
7.442742847837260367e-01
1.737706512251451008e+00
1.060248118863028388e+00
3.013668477799037237e+00
2.751402963074025099e+00
1.480876565093848019e+00
2.897908120200535009e+00
2.484743312664459136e+00
5.511037504904622297e-01
8.783678082071445514e-01
2.649554262996863141e+00
2.694277750742178679e+00
1.125572360347468770e+00
4.369880532060171352e-01
3.358131463503760017e+00
1.863859122434168514e+00
1.262651977570210970e+00
2.784627708739287666e+00
2.328888985083309215e+00
3.777374958324418497e+00
3.568573897805651374e+00
1.838828888043403609e+00
1.901241544521539595e+00
9.375852147314263085e-01
1.406063848487566936e+00
3.056712179328167966e+00
4.604483487239695805e+00
2.016599458653800969e+00
4.830213887853316734e+00
3.336099100240403903e+00
5.793153961638814131e+00
1.166925219272688219e+00
3.977192452814828361e+00
6.065736451881071467e+00
1.388055918989637982e+00
3.817328900422400917e+00
1.163357796567065172e+00
1.011254774070420526e+00
2.912072300563718130e+00
1.393684403979214670e+00
3.142313164912302170e+00
3.304829649079337628e+00
2.008376374808825471e+00
1.092293515799584558e+00
1.152761849841370090e+00
1.729108870440740686e+00
5.105001694540027835e+00
4.434306799089684503e+00
1.657751322199932043e+00
5.103823170831202738e+00
5.068414385394832244e+00
4.416282514056919517e+00
3.986485848851462954e+00
2.673089644376666296e+00
2.417059286180557098e+00
6.154109809797072117e+00
9.572189061279057221e-01
1.020800587477007193e+00
3.989739778933075520e+00
6.693716163565517796e+00
6.987195432300208342e-01
1.155420322661939725e+00
1.335921766490285600e+00
3.406984305933228541e+00
1.130950057082126037e+00
1.409953614016322243e+00
2.621904723029387707e+00
1.920269445613363768e+00
2.538322146762939990e+00
8.705489339932086512e-01
1.546884423145620024e+00
1.960273953155505788e+00
2.379142143051299563e+00
1.096415186789302432e+01
2.026395267615360041e+00
8.503381446326488957e-01
4.452198243084713347e+00
2.768706076756457524e+00
2.651594296824085983e+00
1.963027875125812338e+00
1.332098586776210736e+00
4.794389857343288597e+00
7.831633717749720835e-01
3.942700800802624528e+00
1.497284419116466703e+00
3.345196215456973210e+00
3.963431153360561066e+00
1.650354033626174166e+00
4.424639318217500339e+00
6.005023436324963271e-01
1.345997376586228311e+00
5.669268954682904926e+00
1.897084248424107278e+00
2.068969000258682467e+00
3.798261768140355876e+00
3.101535422028103284e+00
2.290365232795191552e+00
1.357261520103270502e+00
3.555723051107344101e+00
2.268054404975679006e+00
2.060090879201039171e-01
9.792762621209694096e-01
1.936579805189489356e+00
1.495771805226147944e+00
1.563310351174880930e+00
8.329463689472075272e-01
2.647699458357996249e+00
2.016687635060108175e+00
4.312894255969334623e+00
6.323105314341212591e+00
3.244182747815850032e+00
3.707318570235869526e+00
2.959069407695483989e+00
1.841229941362287903e+00
8.350685587698024603e-01
5.138169995012444424e+00
1.682129284815151893e+00
3.883872988738075627e+00
3.412759327378917629e+00
5.327631659937219766e+00
9.890646426786299239e-01
1.240504949867892392e+00
4.478800394268929730e-01
3.475571512456680168e+00
1.762162629355223498e+00
3.882331864417914336e+00
2.316525626590533626e+00
1.753307629849922833e+00
4.189193668558177208e+00
1.442553919971674814e+00
7.187112584114419001e-01
4.060582021604447256e+00
8.387756003119876125e-01
3.194076667067448305e+00
2.544105860295307497e+00
6.191242678642608910e-01
2.685907845390746118e+00
9.797796634527432547e-01
1.549738545022196323e+00
3.297839924714751625e+00
2.500758758925418324e+00
1.304242863277518705e+00
2.682990992379916673e+00
2.069360492684906294e+00
5.204648070081799860e-01
7.438343102432529719e-01
3.220969193807451614e+00
2.387772011487457657e+00
4.571053067693054750e+00
3.581548251187828491e+00
1.373585488557434564e+00
2.539815998891458371e+00
9.986876518412628467e-01
2.080810068078789765e+00
4.640239549041798028e+00
6.537256143541551268e+00
1.232041700328708078e+00
2.396422051321661417e+00
2.747584525610148543e+00
4.345606025027701769e+00
2.062101565904173039e+00
2.894523785600122134e-01
7.232500644818644631e-01
3.327451387419206874e+00
3.601604690175455037e+00
2.690413536266152317e+00
4.037834217665599579e-01
3.033296412665710040e+00
4.124752838649204278e+00
5.570649834428381686e-01
5.401753653773693209e+00
2.846997841616242475e+00
2.498160939132419767e+00
4.746312903184580989e+00
1.140506520164705329e+00
4.545173013461982769e-01
2.591250022711622414e+00
1.887296403499759467e+00
1.895969234109967871e+00
4.085584629166725712e+00
2.821462797248198484e+00
3.609771501949470274e+00
2.516518538406519845e+00
3.404604661872995486e+00
1.345897559934536192e+00
3.307871616943441895e-01
5.616528203963287780e+00
1.737489086492892687e+00
1.581419709546919128e+00
1.702029059029890323e+00
5.083267491427316820e+00
3.741261226332293521e+00
3.817492332410588940e+00
2.621778004593823930e+00
1.428444225375703258e+00
3.011641024156476387e+00
1.376121037495624311e+00
9.442851961734040955e+00
8.910998607911887470e-01
1.374623042056542399e+00
3.873342833507664729e+00
3.052430776339617680e+00
3.387627571873572663e+00
1.876274393170699772e+00
2.102164530729095926e+00
1.602960304593194163e+00
2.958511085561266185e+00
1.454444096657297125e+00
5.304073113215624913e-01
4.137053913192121790e+00
7.979383674680772254e-01
2.749447067358053776e+00
2.243755802852454906e+00
3.479495421537476041e+00
3.695791852788574694e+00
1.969125900502745941e+00
1.450209903116695065e+00
1.597152509789883990e+00
1.806729762202307521e+00
4.153675609311119565e+00
1.393670725558137091e+00
1.862461232992177695e+00
3.228076148054403127e+00
2.470563257968972248e+00
2.034707772929849057e+00
1.434531275771124381e+00
6.336205269157470177e+00
2.397151475792542730e+00
2.051105924962111526e+00
1.679062293441875298e+00
2.923967892574970140e+00
1.430808558048777712e+00
1.277895685930084291e+00
5.505422553688210208e+00
3.077634880772733617e+00
1.440007721067838586e+00
3.615986439336629665e+00
2.668746412571501914e+00
3.366871679211114188e+00
2.861671895488403283e+00
1.978307961602112863e+00
2.217958473208496262e+00
5.434847532055920860e-01
2.798264625847244336e+00
5.017324710197840432e+00
7.402784163617194269e-01
1.007504101467510571e+00
3.061891681206757809e+00
3.998328723998183065e+00
3.146865217477009535e-01
6.176189839577404861e+00
2.582340543560051938e+00
1.106144448576888539e+00
3.214354876560041596e+00
1.270908789140628325e+00
1.716074675012358552e+00
3.303842942618052447e+00
2.906766499651146418e+00
3.386213549147401469e+00
4.304425163801682608e+00
7.159371360120989625e-01
2.913531064892916245e+00
2.158833807858980602e+00
1.074442118349374864e+00
2.564508082129348665e+00
2.013831110725206042e+00
1.272661131392514466e+00
1.094782405676095971e+00
1.688561466755161389e+00
3.355762704870898450e+00
2.953050745779527642e+00
2.025275965772276976e+00
4.051105539127076716e-01
2.501343090639465139e+00
2.360260974336372719e+00
3.831001740121812826e+00
4.483459096716077674e+00
1.283734510531187478e+00
4.722595930773699102e+00
2.780217516155820245e+00
2.711824469376200586e+00
2.921536447220701493e+00
2.405915705361569845e+00
3.172996884674796014e+00
7.116829717535118061e-01
3.447272583076302244e+00
3.446131346871993628e+00
2.193130166764147848e+00
4.974195460079965381e-01
1.718467704871831092e+00
3.617793890975534943e+00
4.652695774017757024e+00
1.178538952323511468e+00
1.351664947498702141e+00
1.917548230380108132e+00
2.170308313228323627e+00
2.216600573813339636e+00
2.557524610776674479e+00
1.884277412306548882e+00
1.487406548654466754e+00
2.542046100597205260e+00
2.768991064690326631e+00
3.328564270081795229e+00
2.339341320910882427e+00
8.080302112496663414e-01
3.662154583114053619e+00
6.313174064823964260e-01
7.881781653958453981e-01
1.290428571823391213e+00
3.936698978821557837e+00
1.266454734499394696e+01
2.550284536464453744e+00
3.070504369453652238e+00
2.329393499726254202e+00
1.830892875450767177e+00
2.528363200615520778e+00
1.155725130570216308e+00
9.137864481516400073e-01
2.920542008362677411e+00
1.593803497454084894e+00
1.089429232455452645e+00
2.207491612156663230e+00
1.767510672608442412e+00
2.472733315449085811e+00
1.774050952491943889e+00
3.422614180230708847e+00
1.870425155736665346e+00
2.178589625145700204e+00
3.463809350416769295e+00
2.376103737487940570e+00
7.369043883779584636e-01
1.415307415345504305e+00
2.377717129514915761e+00
1.788368777069888171e+00
4.561895350550722483e+00
3.890584000978676738e+00
1.831733550419411882e+00
1.460680489613342070e+00
2.796984418542657558e+00
3.272025965163980921e+00
3.919370547034390029e+00
3.465360724328176989e+00
4.448036082129948277e+00
2.666316099761188330e+00
1.938985688906538885e+00
1.958140072517824182e+00
3.546349830560413086e+00
4.169294001513540238e+00
1.007668058071867989e+00
1.569526146428304791e+00
1.353668595830059607e+00
1.869802846767178561e+00
1.204420361916634041e+00
6.592618457402595888e-01
1.810900728289907446e+00
1.879167811269627286e+00
3.197365602933966322e+00
2.091210524363571188e-01
2.754871973014584530e+00
2.661777855318161023e+00
3.143560616227990767e+00
7.084142225400297255e-01
2.423332919741591152e+00
2.573376590373847250e+00
1.646417592751397763e+00
1.419201909154023999e+00
2.820859817072451925e+00
9.169263509018683589e-01
2.753117486966257577e+00
2.982159768500182384e+00
2.577753672010900665e+00
1.841891422548514790e+00
7.249094939385536396e-01
2.072095953782558286e+00
1.115750950852836931e+00
2.086776557944768129e+00
3.216522780449201591e+00
7.707292360047689472e-01
2.162605617041630346e+00
5.800919900409289731e+00
1.552425814020969241e+00
4.552445014944475510e+00
2.216100743049319366e+00
2.656508359330211455e+00
2.950249564735455632e+00
1.996716573601931888e+00
3.681753286160917682e+00
2.230695467826458334e+00
3.842233452657108472e+00
1.916491289410771293e+00
2.123307523121396034e+00
4.274040147840443282e+00
3.030615200343345528e+00
6.914535461272685035e-01
6.292777814641147272e-01
1.566529416880533043e+00
3.401280071375810898e+00
2.607683498814767908e+00
2.343965391601057657e+00
1.794841060175896397e+00
2.494972672624355958e+00
1.403749125432411926e+00
4.125384182770064356e+00
1.211730875073609770e+00
7.627979326454388254e-01
1.272920230493867155e+00
2.632813648840101273e+00
1.857503912932814139e+00
9.897550978474460859e-01
5.439488421628035919e-01
1.336232412553967741e+00
2.524495768345210944e+00
9.730312217229677429e-01
1.981651815834648556e+00
2.006891725280397498e+00
2.870063181422514820e+00
2.146452118072754267e+00
2.491454067811395667e+00
1.655321942678878999e+00
1.322104347766108523e+00
5.463625127196327647e+00
4.575213169237748012e+00
1.803286929284145801e-01
2.286893288378318179e+00
1.817657527918683513e+00
4.460590693286011543e+00
3.207155636420862876e+00
1.100663457431787062e+00
1.522001328431367373e+00
2.324471478562902149e+00
8.607568411000842135e-01
1.462635074987559181e+00
3.621594217026176121e-01
3.478096055528575814e+00
1.168470839408985329e+00
3.352083091116505820e+00
2.098412098178963792e+00
2.261553376032084728e+00
1.679962329513987829e+00
3.309629441949333284e+00
2.280102089436728097e+00
1.588250641373616157e+00
5.938522236647854058e-01
1.450257680635353152e-01
4.503148251684981673e+00
5.409348624959573471e+00
1.566087984931449295e+00
1.317404497003661801e+00
8.615336384019912641e-01
2.371417515363495987e+00
3.169712116688613968e+00
7.744821348094733660e-01
2.343376840056547117e+00
3.009667950219365284e+00
1.948809239101385815e+00
2.023568588309509142e+00
2.241359117836604575e+00
1.328594629031974783e+00
1.614966633206670110e+00
3.670908399231206598e+00
8.486607686494798131e-01
3.495589950098868748e+00
1.312934367546479741e+00
4.171972974068024698e+00
4.206206563717424629e+00
1.997059484004355401e+00
2.653578439895715402e+00
1.032806145854272994e+00
1.249582875900088874e+00
3.248774684813965141e+00
9.310918740476883393e-01
1.832556228287369082e+00
1.425742575126218714e+00
3.467763802095181980e+00
7.943794182090736511e-01
2.053793632264677704e+00
4.831925329459034302e+00
7.248862298459520126e+00
2.377419677170921730e+00
3.104319622828458414e+00
2.290586779791022209e+00
6.818334300175223905e-01
2.661464390457552120e+00
1.542976508830970372e+00
3.851068060409768457e+00
2.029084304888676193e+00
3.058344295500503129e+00
1.760612481920478700e+00
1.113243815874338516e+01
8.117441414162341218e+00
2.379959445102131976e+00
1.985624559289099089e+00
3.307244522570980672e-01
2.817220342322356075e+00
2.125137554662690942e+00
3.802645184646896492e+00
3.072059977215325421e+00
2.389115682875636359e+00
2.818727632916954384e+00
1.432233834084307489e+00
3.572775003390336934e+00
1.777310511306474217e+00
2.450163427135951366e+00
2.841671775150081736e+00
4.043847737220045424e-01
1.316446837154933602e+00
2.923067454705245982e+00
3.150218249009327121e+00
6.350310652760842167e-01
2.560184321877984726e+00
1.469675068159714826e+00
4.313823110509726000e+00
9.363330179125565200e-01
1.088547945208378609e+00
2.644148019367129177e+00
2.826930495382887099e+00
1.054250066346114734e+00
2.554290601796311844e-01
7.793239794514557062e-01
1.123179979744886481e+00
9.617245068986418621e-01
3.487207438986572594e+00
2.436616164731816081e+00
2.456709021750575150e+00
6.635285376139836711e-01
3.440396608852513971e+00
7.842521698281867515e+00
2.284205471818177013e+00
3.937198284347448229e+00
1.665920560571832576e+00
2.513177153401527253e+00
1.875205023228540435e+00
5.118428261757181907e+00
2.765524147278128453e+00
1.218731940210852072e+00
6.562643119612140197e+00
3.592385370124993926e+00
7.630380399194698349e-01
7.265379115161685331e-01
2.308521266884259848e+00
2.309689858533261031e+00
2.190990581361131007e+00
1.041451432029482094e+00
2.166664712244268820e+00
1.101574894066610577e+00
5.520742871874320112e-01
7.235125597746918658e+00
2.250465403693060029e+00
1.012450867029859536e+00
3.245583945320514641e+00
1.892573639128915186e+00
1.395236386703264442e+00
4.831533234403186938e+00
2.365260510193944121e+00
2.774960257500636907e+00
7.431610093045505350e-01
1.175888042782114562e+00
1.556866208965147047e+00
2.675807656841905136e+00
2.846832493277425158e+00
3.142002112420057558e-01
1.151468796224394353e+00
9.526315888521050823e-01
5.772951567386565230e+00
3.705852194971591462e+00
2.430647689783873577e+00
3.647191196114743517e-01
1.513199866975464492e+00
1.162013177777983852e+00
2.657050435945290889e+00
2.204668065643168529e+00
4.333563892188206701e+00
2.891498410146513542e+00
2.009846770334107635e+00
1.831930539471722907e+00
2.687557879527259885e+00
4.115671842927841162e+00
1.803917080150596375e+00
8.599376884475099514e-01
5.000792261292660301e-01
1.178303177194695683e+00
3.409572707016930160e+00
5.670309540046457819e+00
7.307146515878911508e+00
2.682080486930989771e+00
3.031709175361331443e+00
2.768494182262083658e+00
2.196021448259950049e+00
1.689892493230146675e+00
2.125018099561358120e+00
3.624448921130145607e+00
2.439712018981349484e+00
2.689199910907247304e+00
6.712883761323374721e+00
1.919873669252992743e+00
1.818714020159497569e+00
1.623978975045783368e+00
4.560409417414641453e+00
3.077650761775063692e+00
1.404895410173593762e+00
2.847212207360096503e+00
2.955601076983314535e+00
1.154662641146831481e+00
4.734754398627766925e+00
3.363161215853072150e+00
3.971543521776198737e+00
2.914285181037922889e+00
2.606574175269948945e+00
1.155986367821079108e+00
1.477760572877986789e+00
1.460582383738090018e+00
4.301909271301777582e-01
4.063421851482629243e+00
4.129962235803794179e+00
1.343135309337703198e+00
3.714119302920773968e+00
1.191644345167467423e+00
3.155752904565637174e+00
3.280617911662734532e+00
3.417421013241965788e+00
2.157663820139918531e+00
9.864775117232887913e-01
5.122558226228066225e+00
1.993280487480412866e+00
3.502175095574874053e+00
2.683439480460928728e+00
1.570379205176486881e+00
1.928743657879434803e+00
1.375921471878065017e+00
2.248062845951563471e+00
2.002401724948141393e+00
1.873438539393251112e+00
1.041734261193277389e+00
7.887540664448589034e-01
1.920432013836929297e+00
2.050102497411185443e+00
1.742834792525708831e+00
1.019976353406689240e+00
2.851911999839621181e+00
1.032974253733428105e+00
2.123589066495231492e+00
4.247666628859218640e+00
1.731310032393390763e+00
2.124433843506659425e+00
1.661039540027329009e+00
2.656429344331812104e+00
1.987662723760094785e+00
9.015344071087069144e-01
3.390014251678867829e+00
3.592096475341481465e+00
4.910225032571515213e-01
2.325806453220019776e+00
2.496451316668520271e+00
1.325351969731568769e+00
2.503270631723049533e+00
1.587288936432367459e+00
1.470952095912411384e+00
4.916983145868162985e+00
3.919938264666465333e+00
3.294323964740498489e+00
5.491422509064165514e-01
2.050597973677037000e+00
5.247915368924514823e+00
2.463887058072760983e+00
3.368088291776848653e+00
1.665289814104895294e+00
5.168603910200614493e+00
1.960879465055445303e+00
1.503677017961641438e+00
1.504474983405906130e+00
1.891654402008397184e+00
1.036390964205554788e+01
1.362113783081631002e+00
1.181518813659933720e+00
1.088073482024566774e+00
2.759247942325399716e+00
2.497764880120105779e+00
2.585720152059142851e+00
4.566959467535927075e+00
4.036258648581186215e+00
2.033239755825186013e+00
2.364680342171912475e+00
1.060591097598100774e+00
3.204434603773224310e+00
1.440408465360679680e+00
1.219644358766023728e+00
1.764511852382651513e+00
3.090517470042917658e+00
2.896291953038330647e+00
1.078059716534412615e+01
5.209564295386238664e-01
3.312118788054719154e+00
4.936608336552022358e+00
9.066823390430880369e-01
5.581898893461737510e-01
6.243975396768534081e-01
1.242084438832907756e+00
4.279791283300911964e+00
8.371798227041346019e-01
3.370515974230723355e+00
2.516274621163658853e-01
3.884133528143584257e+00
8.677927765201753907e-01
2.207813151934387541e+00
1.080429457511254965e+00
2.423004466530386036e+00
7.957942216033004890e-01
3.060789881445338256e+00
3.011850401072636796e+00
3.188420423550915039e+00
1.375445014663354781e+00
2.566286291446836287e+00
1.233728469579059350e+00
5.233773342909794124e+00
2.991797561710063391e+00
4.083610180753236563e+00
1.139456167368302353e+00
2.545868573296686144e+00
1.039856830613631722e+01
9.831685796165621216e-01
1.897632164460029358e+00
2.897347982102552955e+00
2.023132019897077694e+00
2.449553590389741409e+00
1.769107504620289983e+00
1.350308376558353674e+00
1.865668025283224951e+00
2.644029752734243566e+00
3.620559792723031300e+00
2.338187971901525497e+00
1.472067118165130584e+00
1.550326274831410167e+00
1.480030542605280219e+00
1.028164287906000451e+00
7.492066795254310740e-01
1.677345871545363076e+00
2.813123358646741679e+00
1.733621007936172687e+00
8.914355683422835464e-01
5.870172991507703664e+00
3.530744549053359549e+00
2.191144794868739254e+00
2.899268573674919303e+00
3.970085073052799896e+00
2.158050440125692138e+00
9.128837755657802644e-01
4.240702274954155193e+00
1.894391101446670778e+00
3.015294669118306459e+00
4.695465419850683553e+00
7.312985938503065997e-01
1.222917985003039165e+00
7.160735567408521574e-01
2.656304274078887584e+00
2.088461468927167886e+00
3.969059765143731155e+00
3.224705348864386867e+00
2.273953112397164578e+00
1.645195444708305477e+00
3.108631384027766398e+00
4.657403728661508424e+00
2.822199216105712338e+00
1.195061402245387372e+00
1.859321837150250456e+00
8.586454386758557433e-01
1.975968709808208379e+00
2.231244002028561546e+00
9.265987139545035500e-01
4.476836528609151600e+00
9.365764168773841325e-01
1.879134397787089794e+00
6.728887530682096108e-01
2.763057041331618446e+00
7.777234328656946971e+00
2.738249325971836790e+00
2.509384122544113804e+00
1.831015062479801170e+00
2.751285741500481219e+00
1.680024370290724267e+00
3.579116369357520977e+00
1.558076601493771252e+00
2.650162321600591842e+00
1.186960612786130742e+00
1.075008481329669641e+00
7.030403807886166367e-01
2.687276877840073297e+00
1.878047430527917339e+00
3.191313753281151300e+00
2.152761062980347972e+00
2.970491798041917431e+00
2.384601429176300247e+00
4.173500348856601150e+00
2.195291073053035280e+00
7.488983176410202169e-01
2.549319354894549861e+00
2.948609617115049986e+00
1.908621221284316105e+00
3.713234372941824901e+00
2.225440351141755091e+00
1.713476895542526357e+00
3.212419932650364629e+00
1.043408185536263355e+00
9.700366855823778778e-01
6.543523070723075152e-01
7.038202397161431811e+00
2.427228485939582736e+00
1.222513228618365755e+00
4.416599504693569322e+00
1.948457704133251367e+00
4.371233784420605950e+00
3.019788348075011175e+00
3.279813409602413188e+00
3.617963883351083876e+00
1.500653863693894641e+00
5.207689805100284008e-01
1.159416342172815195e+00
1.140619970196551147e+00
2.312804772905501238e+00
1.239443491539486519e+00
1.505846455336777190e+00
2.267104878589884187e+00
4.946545953341124680e+00
1.078890958165080294e+00
1.021336894103582527e+00
1.286782405454248712e+00
1.947737396134411991e+00
3.885506413654173485e+00
2.951768903712267633e+00
3.649253151237712434e+00
1.851656319093698766e+00
1.454585155987926370e+00
3.253196416191924012e+00
1.133602840645786314e+00
1.937063106306603499e+00
8.168515951302921518e-01
1.599738653264891175e+00
3.684065065323897770e+00
2.818823869308221930e+00
1.356824454258302559e+00
1.254230067982454955e+00
1.736478438327264451e+00
2.371299083389412754e+00
3.715869957479364660e-01
2.358331446824072586e+00
2.553291274988608084e+00
3.357917822249095963e+00
6.889711631544227499e-01
2.724550354698318966e+00
2.606706685606746010e+00
1.732800882268568987e+00
1.371073255227678978e+00
2.983211180805040108e+00
1.659295592802686681e+00
1.609688505109639900e+00
1.989933688522047106e+00
1.890006726132298143e+00
1.707327396425426969e+00
6.201921518944900624e-01
1.081943612989915371e+00
1.995257011713587048e+00
3.286948191732186775e+00
3.247151817491820580e+00
2.021351669301402421e+00
1.229748838654610044e+00
8.795663062427052648e-01
1.318033976014263642e+00
2.565668714344401913e+00
3.417099972677738684e+00
1.332125554258450473e+00
1.498553599119532231e+00
2.031952202541610575e+00
2.064954729962219737e+00
2.744842929250961294e+00
5.930260521089073533e-01
7.237102573230108638e-01
4.532145769421294546e+00
3.853996264666386562e+00
1.650747840648584930e+00
1.645419915761352270e+00
1.456096923252644171e+00
3.328370203930603122e+00
1.831247656274683333e+00
8.337069479177537934e-01
3.382996624375113282e+00
2.677889340465362977e+00
1.777534687728535179e+00
4.438052039155355288e+00
1.978214733424084271e+00
2.604792911092391527e+00
1.519007156736460029e+00
3.572956465635169554e+00
2.619472703854199391e+00
5.039569697638866863e+00
1.897445682877247464e+00
3.079252472100791227e+00
1.274483947524513994e+00
2.360089607616163487e+00
3.143729602520137334e+00
2.567324942519717101e+00
1.194061848622654631e+00
1.534708845928728360e+00
4.847758550209675832e+00
3.443068790097380205e+00
2.000754490789824480e+00
1.064139907997722512e+00
7.724675227420508827e-01
1.199904369809094318e+00
3.115512194713400795e+00
1.379256623369812695e+00
3.506721789993189731e+00
3.156542386999360073e+00
1.449544822167480040e+00
4.948057643647373993e+00
1.965713566647568467e+00
4.683799644382183658e+00
1.061411014651570950e+00
6.695993510234981905e+00
6.568050322392707585e+00
1.349007889367346946e+00
1.359736568749020602e+00
1.608255158867290646e+00
1.474764411774524664e+00
1.125653604299616362e+00
2.139731059726512008e+00
7.630500244319316394e+00
8.514201978129967152e-01
1.405503495819868442e+00
3.222567129540205411e+00
1.789765777776254563e+00
2.504108191167948583e+00
1.487845859524308922e+00
3.652156946623488221e+00
3.510416093549465710e+00
3.967958974592827648e+00
3.161392971206122837e+00
1.723552189929947298e+00
2.868671881769286003e+00
4.783340308935110308e+00
2.106706699673126515e+00
6.125053962645093941e-01
2.028937795947932887e+00
2.113293009314734405e+00
7.773559118160568993e+00
1.595771748778368915e+00
1.169662289934445543e+00
1.751971520288464035e+00
2.093416092729827760e+00
1.264768924702586839e+00
1.195304280437430533e+00
7.427963381569329115e-01
1.279150588358362706e+00
1.397837544599408677e+00
3.213966226102756618e+00
3.432647279429478893e+00
1.635768087709082108e+00
3.710451926829282154e+00
2.813291293781925884e+00
4.706716043702599883e+00
4.942810373758818598e-01
3.659350665461860608e+00
2.200722003163043394e-01
3.205317670763217386e+00
3.460677035721709593e+00
1.124504626034000365e+00
2.793972948157843916e+00
1.493677525380105786e+00
2.283791032312981084e+00
3.381105775698208138e+00
5.467047370860095290e-01
2.333860226444843811e+00
4.258218159161256899e+00
1.827415897820930502e+00
9.675811915620444736e-01
4.662792610430581242e+00
4.984139417133151007e+00
2.529049997060684341e+00
3.152928086260827989e+00
3.442394614920458285e+00
3.717133516271978522e+00
2.904311054440973816e+00
1.049164455471876201e+00
4.162664727062583836e+00
6.006431378737338012e-01
1.371966647283137331e+00
1.430947524423453965e+00
2.292208026061609782e+00
5.225110604647609236e+00
2.363732265434133950e+00
1.964749311255568731e+00
3.199456804405928612e+00
3.802717602865576474e+00
1.127768159006102833e+00
5.315325874333645118e-01
6.621771667472414746e-01
3.248328523994491679e+00
2.715479247325195633e+00
2.274817996266833120e+00
1.901571981969790270e+00
3.730548376881310357e+00
1.623383495696901546e+00
1.948513727433179632e+00
2.752266619141534587e+00
2.333328253597222623e+00
3.701467511757345896e+00
1.738467360197295086e+00
1.230658148903164495e+00
3.195512407483770190e+00
1.939658212781575797e+00
4.555517492909459953e+00
2.314830856732481568e+00
2.368734458169965862e+00
2.233905215395905586e+00
2.768420114794971187e+00
2.741971518152872989e+00
1.408903350272513455e+00
6.345342617510685290e-01
1.280584284684479934e+00
1.625541296544424918e+00
2.204743594113717009e+00
2.852353894669563683e+00
4.301825885557660989e+00
1.539092610687228468e+00
8.758839748454051444e-01
3.880410266356393745e+00
2.927838875253330198e+00
2.272798857676896933e+00
1.505887996435080645e+00
1.012389232201453382e+00
2.419696464150255633e+00
1.656664878722784229e+00
1.239160656523326631e+00
3.098428773496186395e+00
4.781990468126262050e-01
6.390197878160208678e-01
1.801519858257301321e+00
1.843719615336194995e+00
5.107959126331394373e+00
1.272537374875080340e+00
3.141326385695566437e+00
1.985884833302713481e+00
1.312480728236542715e+00
1.199601369481268165e+00
1.296490183001096641e+00
1.321442698675319161e+00
5.564715449817682069e-01
2.010834020791398558e-01
2.759362236430370263e+00
6.520121774005749771e+00
6.729172844877191473e+00
2.626595588617200328e+00
2.887638297034014201e+00
3.657367690373591440e+00
7.181452260766910678e-01
2.873037996956954387e+00
2.341776246657973903e+00
1.167042610756928278e+00
3.057340580814601250e+00
1.971698011585090393e+00
1.866649331891085950e+00
2.059307129119961832e+00
2.278096987746575763e+00
1.033137823387218157e+00
2.778786066236610175e+00
2.096608122203871272e+00
4.431996660390634446e+00
2.491318188408660816e+00
3.339057034550404701e+00
2.550935722985049559e+00
4.401519731986638373e-01
2.676305386194266056e+00
2.450416292329734791e+00
3.108688151322549942e+00
2.519673052514797895e+00
3.196796656680269244e+00
1.179778266567762079e+00
4.731069846134811629e-01
9.485177567864282455e-01
2.303140796653344147e+00
4.149210814313341267e+00
3.124439903235970206e+00
1.074677416419686393e+00
3.236532625217436454e+00
1.920646849121961930e+00
9.786094142370330706e-01
2.819580524411402944e+00
1.524748566575597541e+00
2.118308020903027611e+00
2.792324875364992298e+00
1.886918173835315793e+00
1.321828012373474470e+00
1.305940367379271549e+00
2.100873131472267286e+00
1.162219220246824225e+00
1.471451210419842726e+00
3.326410818437880668e+00
1.646098782496938195e+00
1.369377137314910176e+00
8.694118921318176874e-01
1.468261831308670384e+00
1.178484753660920425e+00
1.732632503878940078e+00
3.296278423197172014e+00
1.485277935856017750e+00
1.207892394763501187e+00
3.003806890956933096e+00
6.931731786060211675e+00
3.277078188852928342e+00
2.865670042041928323e+00
3.930116299019070336e+00
4.612529462662785740e+00
2.478323665670027154e+00
1.522796706764262264e+00
4.789105932869653359e-01
1.025354928322427916e+00
1.722048249939843290e+00
2.006453425922771316e+00
5.645140714592059572e-01
1.865858597540436925e+00
1.189232174016620114e+01
2.613517628679706828e+00
1.032164825533402563e+01
1.250279550924838556e+00
1.613503360151732124e+00
2.102091396113003441e+00
3.765003833564451785e+00
6.283578009040351464e-01
1.143628635127640791e+00
6.520020083267011879e-01
3.057362476462456957e+00
2.768672211688151030e+00
2.353614321203180815e+00
1.216980284261537149e+00
4.508185999919882114e+00
2.533361319860472971e+00
1.591938850133990835e+00
1.614601402365743787e+00
3.549395413906038410e+00
9.019225759357739847e+00
4.151502981257184643e+00
2.042796889333067245e+00
1.293743035367271643e+00
2.042472069426751524e+00
5.820429792866624874e-01
3.435470155412267079e+00
8.477454809053415197e-01
3.097157190291695006e+00
1.505097084812637265e+00
2.044081500993317757e+00
3.915067392633183596e-01
1.425085425571540165e+00
1.074244551568643180e+00
3.266476259385995284e+00
3.177659837526850772e+00
5.744322583494436252e+00
9.201892465830363577e-01
5.480110447658149697e-01
3.003418467713371509e+00
4.069565376528303524e+00
2.099439154430040144e+00
1.988065518027782419e+00
5.389589180521124234e+00
3.007111065930761828e+00
2.504510598222051243e+00
2.102074615497699916e+00
1.333416321525854542e+00
1.205987449377774023e+00
1.552585228307478804e+00
1.571948397865041924e+00
1.270182077975179347e+00
1.469874624924482953e+00
2.821011669404652533e+00
2.380575850759344192e+00
2.556504828550699493e+00
6.139049383057462173e+00
7.500760626560635913e+00
1.883620482227617909e+00
3.843315931084732018e+00
1.968600205240710110e+00
2.550040358985302458e+00
9.029334155269149731e-01
2.601869541884981873e-01
1.216550113303402236e+00
4.204549399321799719e+00
3.245041127454105112e+00
2.903441659922042284e+00
2.505425678929248168e+00
2.125998796365003329e+00
1.981170906105911067e+00
3.763801476344054375e+00
1.460044650813583367e+00
2.206280910734931044e+00
1.294416699660228209e+00
1.406636725683588551e+00
1.358677051884086051e+00
1.436751034203380240e+00
2.770655741726161914e+00
2.236422942103806488e-01
1.173311507094314532e+00
2.301336501356356923e+00
7.992099757365591639e-01
3.315048331615567889e+00
1.705330932718992720e+00
2.117193665747204356e+00
2.889591364198779377e+00
3.306957153370487124e+00
1.135988192158148724e+00
5.003831906352770531e+00
2.616705728614594495e+00
1.528528182615457531e+00
3.266020448624152639e+00
5.102535689479068104e+00
2.153907831061896871e+00
6.915437753543856036e-01
1.226055151770019336e+00
1.514508227975343013e+00
1.731924879892997593e+00
3.822389013399420943e-01
1.295511666154804287e+00
2.277630350488316857e+00
1.600433875514504667e+00
3.840124987015970159e+00
1.485133372036640198e+00
1.844006570248989840e+00
2.786817681618668274e+00
3.695877622341497748e+00
5.342193373032618098e+00
2.777829158624519401e+00
1.350019643201558095e+00
1.823809699655326577e+00
2.107394836133224203e+00
2.230084945869492241e+00
1.759945914364087427e+00
4.485252952111958291e-01
1.528055572900725245e+00
3.406151232638587878e+00
1.228163822350545109e+00
6.609388599027119504e+00
1.966996696079416740e+00
1.586508970812772423e+00
3.493058915412835308e+00
3.258663168261027643e+00
1.693340624473431921e+00
8.028202528986497777e-01
7.229829294058351952e-01
4.234321466953178792e+00
1.308902147878293176e+00
8.555585576156479188e-01
1.623913373261822057e+00
4.077873984031332166e-01
1.917412398524038775e+00
1.134419496931336591e+00
2.036536011231661281e+00
2.834687079648146035e+00
9.533150409651489632e-01
2.353225434605499711e+00
2.181578893732530222e+00
1.385948219423926542e+00
1.500844939640350706e+00
3.929384750080547217e+00
2.783213707896777245e-01
5.287515692514364041e+00
1.817398471265077031e+00
2.100931294418419082e+00
1.277319996252665568e+00
1.674012874748370461e+00
2.007643586284821424e+00
1.139629417260075384e+00
1.144979688451331690e+00
2.245694148871327567e+00
1.407087447129692581e+00
2.602387586387218565e+00
1.810178026244740446e+00
2.783211652179323203e-01
4.574445458184397850e+00
5.228412439118235167e-01
3.032129292940999310e+00
1.724887602799137332e+00
3.038377301680427411e+00
1.818221656944297715e+00
2.105902590279701947e+00
8.070415972318939479e-01
1.955708494932492325e+00
2.727150322755114153e+00
9.086313788786907208e-01
1.859614112979390610e+00
8.904286617280616767e-01
4.488248070154436498e+00
1.904307643741516953e+00
1.704722981168339979e+00
4.075735057660558880e+00
1.012184216909769230e+00
3.103188410819819332e+00
1.126130312796001620e+00
3.336757853545377461e+00
2.896334337241349033e+00
8.036395056877548626e+00
2.124106207870554819e+00
3.133715107468911132e+00
7.139549067841700625e-01
2.170632159080019719e+00
2.207397806422092046e+00
3.061654895407321497e+00
2.482974386207129847e+00
5.087660448209531339e+00
1.377929358396567050e+00
1.054728973170172335e+00
1.377085341372603633e+00
1.711209867304570587e+00
4.982784465857451828e+00
2.916131507748030316e+00
2.648384961611580657e+00
1.292169349254027377e+00
1.509961694835040502e+00
1.066440365125656431e+00
1.819608166945242411e+00
4.898116951602674018e-01
3.490720739952378526e+00
3.400260575100853000e+00
1.336429538842936582e+00
1.930154280052797544e+00
1.078531613781784859e+00
2.038285859708917069e+00
2.080122958068044259e+00
1.878494945629937352e+00
3.433683106358164761e+00
2.177165630675399033e+00
2.528425719262549443e+00
1.938332131360966937e+00
4.522927441175670360e+00
3.915494588939186116e+00
1.663529290082209844e+00
1.640296752227612842e+00
4.815188084015887826e-01
3.550955765407800335e+00
1.457415827901266336e+00
1.627888233937637708e+00
2.581888210027851738e+00
4.109724496769892710e+00
2.325362946872403302e+00
9.370278328260208678e-01
1.154997995924926357e+00
2.549704551255391749e+00
1.114669663453132031e+01
1.252034584359462133e-01
1.092090631311197324e+00
1.808703183029430894e+00
4.139983805532677863e+00
5.258862110367896747e-01
2.484682012536077789e+00
1.557227453895262403e+00
3.330978218041777517e+00
8.856021044101645145e-01
4.332733228672195125e+00
5.428926409141610065e-01
3.166087060767739381e+00
2.790651933067685775e+00
1.058519657765384814e+00
3.330531756291724488e+00
1.818173519724827880e+00
1.767482793192362234e+00
3.619828948341359265e+00
2.294544492000937019e+00
7.777542097204546145e-01
1.460891007825746435e+00
8.344233856395858462e-01
1.608064528760226208e+00
3.116297275125443633e+00
1.704713725610559782e+00
1.539261624779165505e+00
2.809627187583214614e+00
5.170733935084048660e+00
1.292731032024292182e+00
1.568011584357237753e+00
3.440976480574974072e+00
1.827567980237051470e+00
1.547159575094560369e+00
1.768664046077893737e+00
4.311064024633310510e+00
3.063845011324600520e+00
9.775000830051525647e-01
1.995989227233631480e+00
1.310128668307948940e+00
2.149415488466646984e+00
1.968797415308080723e+00
4.209217443643661349e-01
4.264485557949400096e+00
3.729487283795908770e+00
4.036498773281158137e+00
2.250893147733413535e+00
2.984000537448609158e+00
2.979126545764945622e+00
1.368112552858275377e+00
9.362308227304003694e-01
2.251388169360207137e+00
2.588631603264700320e+00
1.049520353859562771e+00
1.994808937354568545e+00
4.133769891501700045e+00
4.269998785586941459e+00
2.529636723751082616e+00
5.303209531547561362e-01
2.354243303260791009e+00
1.719854254350218214e+00
7.047655076901169213e-01
8.168540130012617029e-01
1.507492714532753464e+00
2.049531520779776184e+00
2.084263141558793997e+00
1.600072433983396047e+00
5.201289601763928738e-01
8.325229153296853646e-01
2.202930404529280128e+00
9.722253435211092309e-01
1.519369880123173866e+00
2.348962944340428294e+00
1.941692605789700599e+00
3.355504018754146944e+00
1.009207245405658870e+00
1.833469806225746623e+00
1.870368398770602569e+00
2.074600855342799033e+00
2.959464444494365853e+00
2.597485351359038575e+00
2.928929139509711455e+00
3.914266563694196677e+00
3.888275688950772135e+00
2.325182276031483308e+00
6.192023899449594637e+00
8.468090333773726774e-01
3.034434411811262500e+00
2.413346826098905051e+00
2.419547509067521585e+00
9.026141036642881810e-01
9.766561264859675573e-01
8.828726227665077975e-01
2.471577936840802625e+00
1.151904382713107244e+00
1.108368446501264426e+00
4.246819743252109092e+00
1.473669347337271729e+00
1.991962817221764270e+00
9.270801467561033959e-01
4.859332046239411285e-01
8.492521397744170475e-01
2.140189747739251303e+00
1.292304200949971227e+00
1.364989578668695636e+00
4.391986508085418350e+00
3.559197967567839349e+00
1.264763745877454104e+00
6.299692231788728947e+00
1.049076072477098664e+00
3.481190511049450986e+00
3.578112766994905769e+00
2.600480257184409005e+00
1.890936512614203702e+00
4.167156479343974596e+00
3.308684197221859247e+00
1.104006067154934989e+01
4.038658076222579218e+00
1.704638220388927206e+00
5.724679398160263055e+00
2.053567185027804332e+00
1.359029703226006802e+00
3.835501300965141525e+00
3.453231364264638614e+00
2.586243147942869136e+00
2.271814321259413738e+00
3.890978649424982283e+00
1.703256749933793834e+00
2.250291138601963947e+00
4.863848659439748090e+00
2.331722590921508687e+00
1.178475828346842391e+00
3.203204032791100886e+00
2.429095904796257255e+00
2.292297012852810845e+00
2.383738269121338682e+00
3.706928418274227699e+00
2.144882061679436180e+00
2.094901169364168592e+00
1.236866012660792435e+00
1.692370793424921693e+00
2.507820219046415500e-01
8.068205002622599320e-01
2.808477784793340426e+00
4.964772102669703924e-01
6.392409253101154487e-01
1.393467459780841189e+00
4.641977551052900886e+00
1.814539641683757809e+00
3.931008588099281553e+00
1.745013694409476068e+00
2.230036796256420040e+00
6.513297539403092529e+00
3.165368926227987156e+00
2.787086568052330904e+00
5.697482320429829272e+00
1.882501515624541710e+00
1.350568833119809575e+00
1.901271443664148464e+00
1.322477845873059277e+00
2.312183442677820722e+00
3.600676357253885573e+00
2.256908541939677271e+00
2.897413383448578017e+00
2.392520882237828328e+00
1.014638640118627366e+00
1.954392187950358517e+00
3.383773666933184376e+00
3.148368367072390761e+00
2.945155995446814945e+00
8.813362155969832745e-01
2.705804979199554428e+00
1.404172576738584199e+00
3.068748907139565052e+00
1.009175950375538200e+00
3.540255341172430015e+00
1.312383335888076541e+00
1.607813346104880248e+00
3.175109761575415135e+00
2.929699748415957039e+00
3.547650049680551643e+00
7.616711931100875743e-01
1.647110787168467372e+00
1.891391563008178123e+00
4.827359985289701783e+00
3.010706113630739811e+00
4.975328091635403460e+00
1.782041553880645557e+00
5.274060323134646122e-01
3.639898198042935129e-01
2.870228506159703041e+00
2.712973196786193419e+00
4.760412628512085575e+00
1.915664939050439664e+00
3.613194439452656948e+00
3.084556850744339052e+00
2.586555657566470767e+00
5.655448102690410206e-01
4.721538172254289734e+00
2.825168190490226827e+00
7.986846750129251715e-01
1.279074565924416262e+00
1.469887104642040754e+00
2.177393893496200494e+00
2.988243466724371356e+00
3.038329338575819438e+00
2.733675999118414079e+00
1.600511487511898423e+00
1.610549611883784316e+00
2.465870214240155622e+00
1.937416932250783930e+00
1.584535485858372450e+00
7.654927156778938091e+00
2.425941966527206617e+00
2.329775687682605234e+00
3.016303710325116239e+00
1.602275612554969308e+00
2.038576177579410231e+00
2.464177328394527411e+00
3.283273812564218908e+00
1.037498459822060681e+00
2.351098071325225192e+00
1.904362296605076610e+00
1.688091304039964990e+00
1.125535061312014529e+00
2.318011971641675828e+00
3.692223118013370442e+00
1.080660647917896622e+00
3.346519561843847690e+00
2.450196553048080705e+00
1.332757146312093521e+00
1.472761286998327313e+00
1.253007742323527518e+00
2.558649106942917140e+00
3.577891943196855884e+00
2.053629980768565844e+00
2.109605818800107002e+00
1.990417618342206874e+00
1.326456375354880590e+00
1.486767932385909097e+00
4.779523774215229892e+00
9.865375559413281925e-01
3.913675083188392634e+00
1.724285263105957089e+00
3.088063878788980698e+00
2.804446254881663769e+00
9.581460306458092768e-01
3.153818099301417099e+00
2.207364140762384963e+00
8.564064573270282477e-01
3.388317994267292743e+00
1.336394210750123435e+00
4.344501724998026226e+00
1.639164429480171492e+00
1.432243177665055711e+00
2.764579581217411874e+00
3.074097739804587004e+00
1.473612468835741707e+00
3.671421919271343537e+00
6.733068698830463328e-01
2.579137417180699554e+00
4.276736097160524608e+00
3.936250373422277349e+00
1.183033644435013576e+00
1.184114350587387010e+00
2.254315410473412218e+00
7.841382160188372641e-01
6.536219321121992110e-01
2.648025535617097859e+00
1.015208009313372406e+00
4.926110201714068104e+00
1.938411607371644640e+00
3.480974543718663661e+00
1.662083002850557989e+00
1.169193316310498387e+00
2.045478420763538363e+00
9.663869466653552953e-01
1.107745907239987204e+01
3.925286750982022177e+00
2.489788830341710391e+00
8.138233058450456525e+00
1.657614631592308818e+00
3.233678994420513764e+00
1.941449298287808656e+00
4.845832045055718851e+00
4.481887261791603017e+00
4.618762496835429943e+00
1.203853930746766387e+00
5.752992181596336962e-01
4.801646062294516959e+00
1.036388248928245881e+00
3.573689175714452215e+00
2.941416500242683085e+00
3.290806321798735445e-01
2.634291874829775004e+00
2.499667582570756608e+00
2.804557150948000288e+00
1.878833225602328350e+00
2.052363694639685043e+00
1.478736764855849151e+00
1.988528098039855196e+00
2.307813094199943293e+00
1.490674360881530935e+00
1.403155640772038693e+00
4.393419115524456409e+00
1.783796462940798966e+00
5.450431548363507517e+00
9.519448953080321685e-01
1.049666859860665991e+00
1.603838382945513397e+00
2.217482969181988395e+00
1.191585374885640869e+00
1.226757059878794687e+00
2.934693278737355193e+00
2.514831596532948410e+00
2.674546255341064160e+00
2.468139785736152891e+00
1.658497852388215010e+00
1.860569836157234036e+00
2.258491916538015953e+00
8.564387095234282654e+00
7.198231441367587413e-01
1.709363579209506767e+00
8.686095295382525450e-01
2.950969437330621670e+00
2.430180074542551694e+00
2.299496986988799563e+00
2.973385806430994371e+00
1.894072043641940484e+00
1.928608080904143263e+00
2.347483204189332984e+00
1.603459232663039025e+00
2.463765866882469791e+00
4.335510613618329678e+00
1.763688783697817231e+00
1.155857216106127128e+00
4.789076411896105334e+00
1.219027765046930778e+00
1.988522846281601808e+00
2.298619813817192270e+00
3.074771277665585778e+00
2.669692160673924342e+00
4.020496871706725095e+00
3.843948756166075231e+00
2.451618007216887829e+00
2.634039854867894714e+00
3.856097160211835018e+00
1.017425803704816945e+00
2.741714163084123079e+00
2.929408345976814765e+00
2.589281070513757665e+00
6.950977521504977386e-01
1.728810580032788202e+00
1.964762450457371745e+00
2.953385993807663201e+00
3.772976339627031273e+00
1.532938660202272096e+00
1.840421381111091881e+00
9.577155237212575667e-01
2.565671050025254196e+00
2.068504009842571545e+00
1.638125464826484246e+00
1.574736074533049646e+00
4.645289998799780662e+00
1.558403814080756122e+00
1.038407509486250824e+01
6.013040217551326450e-01
1.299227180953428595e+00
2.351525519853895574e+00
1.645060244881133782e+00
2.081640076955924901e+00
1.819547343602333500e+00
1.673768989333258128e+00
9.228201470109919313e+00
3.937025738174518175e+00
3.360592563338964389e+00
3.441262090157402032e+00
2.352929505470625404e+00
3.534332561260569161e+00
1.246824937081594031e+00
1.903748381241420873e+00
3.760322446293337340e+00
1.626967604594353745e+00
1.280650444065121629e+00
2.803284492284849883e+00
1.153771857660072397e+00
3.030412265307172337e+00
3.994995711850258591e+00
2.022966371071301950e+00
4.988442775457571088e+00
4.091120613448611998e+00
3.192490089023099831e+00
4.131936635715142359e+00
2.544256363345886118e+00
1.519578549665598910e+00
1.510839403735041664e+00
2.041099589334280484e+00
5.264399107319281512e+00
4.106877882897733478e+00
1.756722483054956374e+00
4.148179652108806792e+00
9.406443171454472729e-01
2.142551165387518886e+00
1.434510607781581903e+00
1.879835942469872734e+00
3.524233760554195349e+00
2.141585567143682756e+00
2.706308509352128411e+00
4.430696118415347051e+00
6.670130530288914672e-01
1.106863319607287011e+00
1.487588713592961076e+00
3.536480452142384934e+00
1.018170864237263773e+00
1.377478031612517029e+00
3.702556923193648597e+00
2.180401082227119591e+00
9.400491864520054142e-01
1.733495844864245461e+00
5.747696950235639868e+00
2.022010759541076563e+00
1.858408103240054565e+00
1.780318475634504460e-01
2.753211179591680935e+00
1.280985717669500312e+00
1.950064970924093810e+00
2.010340427702708155e+00
2.845692418251647648e+00
2.861853357585947499e+00
4.153311959139637466e+00
4.126197853380706881e+00
2.899849389097168828e+00
2.124321388914012676e+00
1.941990156354032271e+00
1.732081730563685307e+00
1.028389407137291878e+00
4.646354854963374414e+00
1.077896600635031232e+00
2.087810655353091072e+00
3.243142641157680472e+00
1.711582114866533999e+00
4.275231484551401451e+00
1.144662054277618468e+00
1.554568464978982600e+00
1.733845833827901028e+00
1.158281879906655876e+00
2.390010995657716464e+00
1.530157118859416965e+00
3.526568546703706453e+00
8.479569210842466953e-01
2.188717003477110179e+00
2.542690223977876585e+00
5.054215647668213185e-01
1.510394355842668235e+00
1.994554784796793712e+00
2.674078902508267852e+00
2.270906663922326096e+00
1.460165419381830088e+00
1.490956566411714146e+00
6.101022693941496655e+00
1.561447169604216478e+00
2.409712000754626882e+00
5.874317996946304410e-01
3.721616219937057934e+00
3.705812064480079826e+00
3.482791480215301494e+00
2.202773378752359790e+00
2.217942969197469250e+00
2.080783743769438310e+00
1.000084717770782339e+00
2.278414930967284313e+00
2.017592388545021986e+00
1.708202858173018868e+00
3.450229167003276975e-01
1.706835412615641756e+00
5.138315077984476176e+00
3.269441473627457739e+00
1.102114180567305812e+00
6.387940092009264603e+00
2.153467463126418124e+00
7.078772353663052019e-01
1.786760253385215824e+00
1.333859223329635135e+00
9.098209389500574451e-01
1.402555467468109329e+00
3.351767906502226779e+00
2.839582609245148159e+00
2.902900533790572890e+00
4.135114950447555060e+00
9.014941034728575220e-01
1.963500551046344578e+00
1.948106856278419174e+00
5.909561983423412990e+00
2.168347788189400216e+00
2.620422457165533903e+00
1.208697661954361902e+00
7.878192396870689063e-01
2.357947768965658053e-01
1.270084375973264956e+00
3.345625061602672812e+00
9.469391884597240239e-01
1.478196245688569332e+00
1.432608175897156944e+00
3.180219557224485349e+00
9.466389363971534632e-01
1.521424883088918545e+00
4.384566293792914848e+00
1.968688922194968161e+00
3.304546428525275914e+00
3.008809088341520610e+00
1.470991648609792035e+00
8.704737249447290992e+00
9.503889222940327119e-01
1.442927611770802754e+00
2.875238876520963327e+00
9.447605066516121530e-01
2.173797599358978427e+00
2.168175285990729062e+00
3.454891152487693518e+00
1.030506537338243600e+00
1.920803364295111004e+00
6.522882150743408047e+00
3.409085448859704215e+00
2.195601486524323409e+00
5.364368051850958441e-01
2.932129912209113343e+00
3.921730961283936168e+00
1.958493653782675814e+00
1.157141225966825004e+00
3.386498181518700967e+00
7.049342026106294457e-01
2.729145411641446639e+00
4.153241341733952652e+00
1.320417864749829695e+00
1.822723328678508059e+00
3.894664250618144585e+00
3.696074388801319888e+00
1.575047023189710682e+00
2.691670893218875538e+00
1.544864952185302398e+00
2.657318447723172383e+00
1.160547559148265018e+00
2.779978337842523128e+00
9.345767171562593401e-01
2.222488007493541584e+00
1.918946944089785056e+00
1.282873207174378249e+00
1.443876134926479260e+00
1.942811642396180316e+00
5.020184519081538177e+00
3.604134439012487423e+00
4.332200868461154819e+00
1.222548331399704091e+00
1.971816703440399943e+00
3.313802707244144941e+00
4.234167536104796348e+00
1.283463888191235025e+00
2.036650786675112013e+00
1.523128279463359824e+00
1.454479645059109760e+00
2.972464198736104901e+00
1.804635995719799935e+00
9.280467551666724546e-01
1.995659379810568179e+00
2.612986579949641008e+00
2.575455369449622722e+00
4.816244346217843031e+00
2.913777657187684778e+00
2.472998919175256827e+00
2.280664242037633294e+00
2.743368886231953407e+00
1.200387942907384486e+00
3.161518074019754376e+00
8.321523203516812961e-01
3.799793300336596236e+00
1.429053352853297154e+00
1.451551544491651580e+00
3.582082647284542176e+00
2.892476332661164662e+00
1.729832596743686723e+00
1.875596374577423120e+00
4.042070153895291007e+00
3.512967112282626925e+00
2.569535471259442261e+00
1.433384149341631941e+00
1.026777973326619353e+00
3.174517491927022927e+00
5.307893197035924437e-01
2.293325043731180735e+00
3.478339516601384407e+00
4.291408654466121853e+00
4.080283724281514424e+00
2.571871225121640681e+00
3.066469521518212726e+00
4.422256938959189476e+00
2.043967028104670902e+00
2.656257336144217884e+00
8.325968377354155958e-01
1.796212110923272709e+00
3.254298367904594258e+00
1.410440080038438460e+00
1.227151009797365244e+00
8.888356000096646614e-01
7.778329847153289123e-01
1.325826543614307962e+00
2.375758260837879554e+00
1.813869652256822285e+00
7.964127643267702616e+00
1.563993304910020310e+00
2.374621214167708771e+00
6.763871991606239531e-01
4.548284838087516491e+00
2.241886135391943924e+00
2.794305967794791901e+00
1.696143007275542791e+00
1.273265287525683354e+00
2.090846603531088199e+00
1.507846311514990045e+00
7.761887182828715037e-01
2.169701928667239876e+00
2.257380701317348581e+00
2.252999234021005659e+00
1.903098349704402059e+00
1.352962168511921748e+00
9.540327350529892447e-01
3.992576149787931516e+00
1.097585455859665382e+00
2.218340755096659400e+00
2.246478483390017544e+00
3.249511888899949241e+00
2.511892710229014725e+00
2.063867171874527173e+00
1.941217515468037558e+00
2.271683996504855418e+00
1.098994115228315804e+00
3.865498821791295558e+00
1.790289252546988230e+00
1.783768522092372688e+00
2.957554771777698210e+00
2.220068755723234588e+00
1.158227877762721292e+00
3.328386742717987623e+00
1.753468829799383233e+00
1.359420669509518342e+00
4.027272217313141667e+00
3.038873301788993064e+00
1.425081917344669602e+00
3.801471166861557727e+00
9.114111079084009637e-01
2.483812617349559826e+00
3.002761566104775515e+00
3.289319447679438735e+00
2.172714805673597205e+00
9.653292019458095119e-01
2.978066788343886273e+00
1.129729616070116238e+00
1.065641660714185424e+00
5.451201409676228238e+00
3.253392812192049455e+00
4.314997894262546652e+00
1.997459548504440852e+00
8.385863831240036870e-01
2.091450608222717999e+00
9.264468198071293958e-01
7.572369206495224159e-01
1.438222350496681345e+00
2.099768539862169270e+00
2.218794823014218043e+00
2.514559261185092875e+00
2.137682759525796783e+00
3.774316239083168156e+00
3.505738735913878301e+00
5.173074763818344968e-01
3.184106872842118907e+00
7.836252323036048573e+00
6.291768712500594773e+00
3.875604581651455938e+00
1.492191665804167622e+00
3.845466459821996530e+00
2.847562541203957132e+00
1.202683713081487582e+00
4.142011169037214557e+00
1.725206211545112778e+00
2.444806783923213267e+00
8.837579544674788679e+00
1.599530456321254235e+00
1.613360002482713496e+00
2.039317898077332103e+00
1.062911123466873331e+00
1.977852398887494756e+00
1.691823075122749653e+00
7.850595863015733533e-01
4.111303635251128519e+00
2.256136195692323376e+00
9.677911104816274701e-01
2.189557718693731392e+00
4.194881499267663294e+00
2.139942384436944067e+00
1.512405295176171949e+00
2.766085919346326527e+00
2.409385500255535995e+00
4.296748117214145068e+00
3.401436956165026615e+00
9.071748539494113306e-01
4.430535751857012983e+00
2.486674119801528970e+00
6.094576996799554003e+00
1.407505427675568743e+00
1.551686551936743985e+00
1.399340914420383664e+00
2.793351907956609814e+00
4.874609557702881624e+00
1.399422735243711857e+00
3.304794541328537782e+00
1.194580312652271603e+00
7.054843657173544003e+00
3.418276607408469836e+00
3.008336661998676220e+00
2.348709341334210166e+00
1.958914555597882634e+00
1.077933796972620817e+00
1.359413501739745955e+00
6.120911988797468339e+00
1.493048066358063197e+00
3.527957643273622601e+00
2.626013425714911254e+00
1.472715928792644791e+00
1.229136083380500066e+00
4.195138896571520171e+00
3.643744887823518575e+00
9.801556221716939410e-01
5.152573478884185931e-01
1.907545741722435295e+00
2.413755634083105672e+00
1.917343949101442346e+00
1.440525579722704119e+00
1.657574554223637975e+00
1.947761519301596023e+00
5.602022117237968502e+00
1.365201637681411340e+00
1.504985291847473983e+00
1.983508203353263388e+00
2.573483093555594792e+00
4.396032436241029018e+00
6.445454974033348883e-01
3.438327751016611589e-01
4.276090138316497313e-01
4.252455731539525274e+00
7.679757517476122342e-01
1.045004709687383126e+01
4.212435414463786110e+00
1.414641988174735854e+00
1.481905002046820741e+00
1.544806083962439347e+00
2.393291544301586082e+00
1.779156974387614110e+00
6.631518840623923383e-01
1.083857844017501071e+00
1.162209336286952066e+01
2.590005302342571092e+00
1.613523513022118161e+00
5.252452235709142991e-01
1.970481814327408987e+00
2.202824898805294307e+00
2.329577249685744089e+00
1.888738569338759721e+00
1.657302770479543552e+00
3.278599122805931021e+00
4.212260012504271955e+00
1.777604220745041985e+00
2.149387964761853453e+00
3.406498629065967787e+00
2.330250252634663788e+00
2.320034978727184338e+00
5.764201993422202186e+00
2.183715115809906404e+00
4.718390977808823994e-01
3.449428201234674418e+00
1.285512358493060336e+00
1.715136075771846125e+00
1.947102605167638112e+00
3.275114969111830643e+00
2.089323165198965437e+00
1.842768685941530205e+00
1.090827439261733423e+00
4.339949126513089617e+00
1.639357149710757966e+00
3.380740210303060156e+00
1.145596489907321658e+00
1.254905596046257399e+00
3.045113399393292841e+00
2.479649383740945012e+00
2.340347575801949631e+00
1.435910216101750736e+00
3.087506918547775925e+00
4.594935118435033772e+00
1.563287698804160186e+00
2.623069115311535970e+00
3.014078013044329207e+00
2.955022392267803166e+00
1.314702407604939394e+00
1.112998335715462250e+00
2.441760737528542169e+00
2.285640718039487762e+00
6.881529865775836141e-01
1.212354494713296482e+00
3.851115145669364193e+00
2.087584878563446100e+00
8.767088234560048710e-01
3.013869092965704599e+00
2.152259401471506628e+00
2.594011023599192445e+00
2.592371669673993573e+00
1.363632955039126848e+00
6.459407931832589433e+00
1.248708347137905905e+00
5.547822408623576118e-01
9.892158241357505988e-01
2.407209876764006662e+00
1.581988697478089234e+00
1.851117311976782531e+00
5.982622164314529201e+00
3.531889519140952505e+00
1.995212927051144947e+00
3.284757979960007290e+00
4.567963319620250040e+00
2.207358079934429451e+00
7.382796004608421780e-01
1.430128656401286724e+00
5.185826253528026619e+00
4.359135512691710623e+00
1.434346840660295275e+00
1.751276165649577221e+00
2.945380080302202330e-01
2.045624844696283251e+00
3.662882327130629001e+00
1.396578464672494579e+00
1.445111172784518061e+00
3.395583130212199929e+00
2.672400872730620325e+00
3.588030473884685101e+00
2.411153507827882514e+00
3.416837559560084614e+00
1.984654936304870887e+00
1.061636623824582459e+00
3.757835218446983649e+00
6.368792588591432491e+00
4.145947925265312861e+00
3.047854840287836264e+00
2.168418849359947220e+00
3.028170958663451540e+00
2.319855090705532419e+00
1.628347953562204742e+00
2.837012900304666463e+00
2.110322999590050763e+00
2.961618023759216012e+00
3.071763395842886268e+00
1.725239066743864846e+00
2.557972604208439638e+00
2.752231503033548687e+00
3.387541973639400794e+00
8.127939942621787983e-01
1.790780559223469792e+00
2.540496885653553694e+00
1.594479869110958292e+00
2.532682968650605382e+00
3.064379127071223952e+00
4.531205794891961069e+00
1.227457341624506926e+00
4.897538906368403389e+00
1.619474974324452088e+00
2.037392412891011695e+00
7.828336344973562122e-01
1.493685341151942847e+00
4.236462648770024764e+00
3.314555515201578650e+00
2.143172819269135942e+00
2.561252439978743300e+00
2.638217609609427416e+00
1.702004595099415596e+00
1.737034008374701344e+00
1.296918233802317300e+00
2.132075631156835183e+00
3.267016504430807711e+00
2.213289740610651091e+00
2.927267886151394549e+00
2.116651402429059470e+00
1.237435440728835712e+00
3.590378934695573676e+00
2.486714654203129538e+00
2.072699229865382797e+00
1.487270263147373095e+00
1.636105757385104997e+00
6.732364412732864956e-02
3.394069688380233707e+00
1.803836570906835135e+00
2.704382004395980976e-01
4.412733940580437775e-01
1.799170265607482833e+00
1.336326680565323333e+00
2.959181377845784056e+00
2.808779219395186377e+00
1.686735784459023835e+00
4.510022635147110104e-01
2.278844840298129171e+00
3.100217835090067542e+00
3.623575414597158151e+00
2.714492482024970066e+00
1.253138314438220657e+00
1.397333462392497339e+00
2.511039167657354465e+00
1.284104158451764288e+00
4.159866044933305140e+00
2.436226268286991292e+00
9.404801026231531802e-01
1.194059307440261009e+00
1.028744248545434337e+00
1.513084274011962549e+00
1.055834185533785829e+00
1.418795830184575113e+00
1.898955920311822032e+00
1.874003132801411287e+00
3.797408147543861912e+00
6.093177870185394696e+00
1.815917693808836386e+00
1.911295717685563611e+00
5.691222614870845575e+00
3.305057051866082229e+00
2.778734547026996626e+00
1.834960303999057629e+00
3.534868722038589262e+00
9.954364267544648648e-01
1.623821886017659644e+00
3.983388140297507096e+00
1.506626003711355688e+00
2.202954925172645240e+00
1.258934711691901853e+00
2.916610687719819239e+00
2.019264535058516774e+00
2.250567520812961853e+00
2.990374444220686989e+00
4.071980551036198825e+00
1.832916139711280978e+00
1.073073526670770272e+00
2.314792030264911205e+00
3.957114888521687135e+00
1.932013919610934716e+00
3.107666350948560474e+00
2.816989864149742062e-01
2.115506428582750953e+00
3.386760853683854045e+00
1.057951327912677542e+00
2.593162944565634120e+00
2.736951552121790421e+00
2.774075488528198186e+00
1.511433288551591980e+00
7.285775297219282409e-01
3.523155704170487290e+00
1.753356815428727122e+00
5.306983033102201652e-01
1.745157052988109303e+00
2.526257119297625753e+00
2.837501802978160903e+00
1.628539923543695700e+00
1.527000544665111148e+00
1.684132174532349868e+00
3.167737250924476999e+00
1.071021931064702004e+00
1.217652354737595255e+00
3.931182958442440256e+00
3.151301445908063936e+00
3.035378177235978470e+00
1.903147741286401518e+00
2.147740113747926394e+00
1.039675743016118981e+00
1.690328875409800480e+00
2.802844140187920274e+00
9.127028098578741089e-01
7.969975751508261430e-01
2.196215008697446347e+00
1.327966462660866043e+00
2.105425988653395031e+00
3.172625765866750491e+00
2.625630353003459927e+00
1.186675294200998820e+00
2.008792201121187393e+00
5.826642747861304983e+00
4.328758376913794947e+00
3.066846002943010685e+00
2.654834405101081707e+00
2.210634337808961902e+00
5.323200011988759250e+00
2.209391547280193713e+00
1.811772275834112156e+00
3.204931710784200138e+00
2.410098278448753017e+00
3.432426914369579141e+00
4.313423139546705420e-01
1.162509169022485356e+00
2.376823841499843937e+00
1.001378723534138482e+00
4.304699241412555111e+00
1.584000225485252544e+00
1.045012059869695475e+00
2.782359414745941173e+00
1.279943681989109017e+00
7.119766331996147946e-01
1.924410557385961562e+00
6.981650868936100096e-01
2.044741532600425682e+00
1.760740705671452133e+00
8.461685935184605212e-01
2.379005252668351833e+00
1.922689784622588327e+00
1.659350721077298862e+00
5.610339901745104996e+00
1.408951253404075121e+00
4.242170661703340784e+00
4.724076372748359454e+00
1.234695805807471514e+00
2.065911418721122939e+00
2.320704141765329354e+00
9.067647436862855681e-01
3.325306982007169232e+00
4.177776257926162806e+00
3.850971421641077086e+00
3.095692979897815444e+00
3.292724167153268322e+00
2.325130998935797777e+00
5.695494101267429832e-01
2.930651544240354678e+00
1.168957559981740113e+00
3.172945768817358458e-01
4.428045247681970942e+00
5.171764419383548805e+00
1.251778708294130293e+00
3.710499545564740487e+00
1.625632839223064119e+00
3.439287022067145649e+00
1.261910209423398488e+00
6.515837552790696430e-01
1.480072134248317184e+00
9.438223350055249483e+00
3.210772413681576953e+00
1.893583796852009504e+00
6.079802983561364726e+00
1.494661126232958104e+00
2.511853253743432379e+00
1.958995519693888188e+00
3.417946175017970045e+00
1.840896044882891713e+00
8.655889776314878992e-01
2.173620424222088676e+00
3.749721778755460644e+00
6.680732111161299391e-01
2.425170457670474011e+00
2.965790450005763912e+00
2.918048415837103615e+00
9.588261238355978433e-01
1.666098745045385021e+00
2.111367666129859710e+00
6.236108605787636705e+00
1.730576991705297774e+00
2.772042000459472355e+00
1.053856454625367034e+00
1.443591483767033390e+00
7.498472472793422661e-01
6.634330187208397067e-01
1.337157664351801722e+00
1.120600622951232195e+00
1.701590480777298797e+00
8.328691695227044001e-01
3.564878020207709053e+00
2.090418509531266178e+00
2.226548462065271572e+00
2.074343183370616739e+00
2.321149982187740990e-01
1.723029976887715531e+00
1.934050454419036225e+00
1.827177465114822486e+00
2.010189603177040318e+00
2.717960999502421426e+00
1.517310457755827624e+00
2.950032380785611252e+00
2.100617543263959774e+00
2.219075499683062169e+00
2.562311565238251543e+00
2.786891829430256262e+00
3.723561640841009712e+00
8.012584573603062088e-01
4.774122423738472065e+00
4.870053098694027693e-01
4.641456245976100625e+00
3.206360016868975649e+00
1.612410174409883101e+00
2.365914062427047160e+00
3.104502566322630663e+00
2.086853884863256958e+00
1.326659146069769646e+00
4.617553445289391267e-01
2.679562361481201194e+00
1.370551928527788510e+00
5.865545636755646441e+00
1.357966895867060098e+00
2.965774286180484776e+00
8.063378336915745237e+00
3.100010691702054011e+00
3.149530945252555725e+00
4.644379760746986996e+00
8.944388695600145045e-01
2.710354880093825081e+00
3.232632055852147523e+00
4.468571983132914482e+00
4.434342741642500307e+00
2.676938078584489844e+00
3.753249087857170707e+00
2.023001750937412080e+00
3.047343612109434385e-01
3.932835700925215061e+00
1.175506670283474886e+00
1.764294515803616958e+00
2.184081631155498471e+00
1.727414790064222494e+00
2.691436695598232731e+00
6.988634474801707519e+00
3.401616779566655424e+00
1.318795066451313946e+00
1.218594473059434913e+00
3.290696084661762111e+00
2.799981680469795009e+00
1.830457776254673652e+00
5.541774574783993934e+00
2.233016716423692927e+00
2.039114338579154140e+00
2.470421408475268255e+00
3.430927041755484908e+00
2.718563079678586902e+00
2.780937694079511857e+00
4.365851298732124519e+00
2.274271912870299062e+00
1.470455825717190468e+00
2.393122296650306957e+00
5.980436416011137846e-01
3.149032270279505052e+00
3.927675810687732749e+00
9.974333655306419910e-01
4.801368033947186476e+00
2.765616734023855550e+00
2.968369599414952376e+00
2.469111346654556005e+00
3.743902790279905801e+00
1.918557445599748279e+00
2.363101839633315882e-01
3.379302653744105989e+00
1.852403711310259826e+00
5.380168066991103615e+00
1.767617097623267686e+00
1.649375910612924212e+00
1.496231652177273830e+00
2.563015913917422672e+00
3.204673078752391824e+00
1.853361434225430093e+00
2.702476628760395627e+00
4.181902918172144545e-01
7.138851594589001870e+00
1.297812877786751251e+00
1.505742772893386539e+00
1.248936832872145075e+00
8.010900736013853773e+00
2.463842237605852858e+00
1.783320815834997353e+00
1.024058414877574563e+01
2.949793366559268826e+00
1.018149205880708674e+00
1.769771803513841446e+00
3.426856524794930525e+00
3.939306858457509719e+00
1.289527944214637012e+00
1.343470618916551729e+00
2.315844011326971597e+00
2.017885329175480802e+00
1.411358030791341589e+00
1.455986401573230227e+00
9.875370791513096158e-01
6.395124380167477307e-01
2.066926985655025195e+00
3.244894694045353578e+00
2.810742578421841831e+00
3.141721415199782985e+00
2.488625335992402210e+00
2.511319747178081485e+00
1.444116043792927240e+00
2.544309372546492032e+00
3.243609960165250161e+00
1.794011592715991421e+00
2.536155787053431809e-01
1.614867541816707108e+00
6.113596751620955505e-01
1.861144552122919293e+00
3.096593811025509346e+00
2.251245396223354511e+00
4.185652199854097866e+00
4.721613623634736356e+00
1.605524418616182114e+00
1.196780158162319196e+01
3.200540221378479711e+00
2.484931521913943175e+00
3.487650392515758924e+00
2.785067241938700811e+00
2.310019430262571838e+00
6.547809174292206214e-01
1.305630169768831728e+00
2.573159730500637732e+00
1.528318943877667202e+00
8.655440674847514337e-01
1.794849951517164977e+00
1.438083801223393854e+00
5.402225715065739564e+00
2.806861629693306881e+00
2.589574211108442992e+00
2.089983591084111580e+00
4.126553719846566715e+00
3.886098626037528092e+00
6.246861066633624393e-01
1.146708128585327557e+00
6.321298436494607875e-01
7.634816069568065577e-01
1.025649204119170266e+00
1.565903143405005249e+00
2.964054108498362261e+00
2.493465755546322882e+00
2.868833052389275551e+00
6.199703108524150963e+00
2.853985476555994438e+00
2.324929056462519572e+00
4.168587255728462893e+00
2.324140694119928519e+00
2.448756159414164468e+00
2.563650058688250244e+00
4.968799906691941715e+00
4.884580863593061650e+00
4.919657799549554511e+00
3.485358324563755161e+00
1.193587838652615529e+00
7.154920982014904007e-01
1.643115052312691615e+00
2.004004953085211316e+00
1.548979793352808443e+00
2.445524551093979593e+00
2.000912003688626761e+00
2.307973627281022733e+00
4.691030637787292790e+00
1.074514145585180325e+00
2.653391772727252462e+00
1.098279452338606355e+00
2.497086345004678076e+00
2.346359879055311293e+00
3.102159950145091827e+00
2.997551772356364719e+00
1.016332695713010548e+00
1.208974703617083701e+00
2.717963805847802394e+00
1.785886249450875818e+00
3.783729320826073383e+00
1.122607323580819827e+00
2.753302395017745319e+00
1.717339853203854627e+00
2.424520977546504419e+00
1.190892366216528275e+00
3.653444320838672432e+00
3.038172647414421501e+00
5.676771107196529442e+00
2.956860410601723110e+00
2.413841352162625409e+00
3.972398433025849496e+00
3.307572793456158511e+00
2.134797630338430618e+00
7.687836579627088662e-01
6.667887960908768230e-01
2.436917387452018247e+00
2.900698299471630381e+00
2.419932107613001815e+00
7.888737644700827278e-01
4.378809950592618350e+00
2.055209724621274603e+00
2.050519566704934959e+00
4.215568109652019224e+00
2.796212904878737415e+00
1.912198911384257238e+00
1.572334883572364728e+00
3.217155379196771303e+00
2.443225812323918333e+00
4.245997560060895459e+00
2.231585165143247007e+00
2.955479153895184563e+00
2.517382858093627274e+00
2.119630546968489515e+00
2.993698295982390789e+00
2.972282600833902499e+00
3.585301660392940182e+00
2.189641771612537813e+00
1.565223844650822871e+00
3.313728772755315521e+00
1.954030566957933646e+00
2.238762692581930391e+00
3.837925991479092858e+00
9.324840175022172106e-01
3.723979857470701038e+00
1.443783427887927573e+00
1.982954216274213977e+00
4.495863232574178525e+00
9.859103166614778813e-01
3.439775778084197100e+00
5.844834769648293182e+00
2.503613647849261881e+00
1.018063531162975544e+00
1.661261695022424378e+00
1.147065543971812929e+00
1.906251965388166658e+00
1.251806237351456685e+00
3.907010112583982675e+00
3.740644183227332942e+00
2.685533669355434139e+00
1.908619008798356553e+00
2.441792019743422859e+00
1.969027192537335047e+00
3.930188573947390740e+00
3.102355821602500896e+00
4.482531237783201838e+00
1.534682899429801850e+00
1.077883609559306288e+00
2.940452375683470176e+00
1.870915411033066800e+00
3.861335655210671014e+00
2.321700202386188572e+00
7.264646023995355861e-01
1.216045533332372974e+00
1.380819581205149582e+00
3.128826631260135382e+00
1.949807329635270481e+00
2.219128519293299906e+00
1.592415266378833794e+00
7.490139262692864008e+00
3.036814301179581399e+00
7.136368039844936950e-01
9.904547840152194693e-01
7.868271559550845673e-01
2.331873486060886513e+00
2.102322746775177276e+00
4.876138438095634520e+00
6.588633322804973158e-01
3.373816329360024291e+00
2.698365774515988580e+00
2.962757498971933856e+00
3.768594164001253244e+00
1.028164981420049306e+00
1.108889637624319802e+00
3.142930187406779652e+00
7.741881346823128451e-01
7.690666764436796532e-01
3.072336857911079910e+00
4.940504704039184736e-01
1.973925112905542623e+00
3.722247552567273132e+00
2.277961127856615420e+00
8.140696340509884221e-01
1.292369874354253101e+00
2.690156617157024588e+00
2.204093095201541619e+00
9.465608444959411338e-01
1.860993969038704954e+00
2.770381496836531010e+00
1.786442494034302442e+00
2.163397606777470283e+00
4.437927261343637575e+00
2.342027556935275090e+00
1.301816003028361646e+00
7.055688577197639644e-01
9.671378452494734379e-01
3.997206693897229268e+00
2.850782125892766583e+00
1.846753514208702374e+00
3.148386138483902030e+00
3.231189257788603442e+00
3.014405602458756217e+00
1.762299343601309687e+00
1.445465641761658260e+00
4.849076472121815584e+00
3.279497654935556561e+00
2.089913242160128082e+00
4.374637157066794124e+00
3.294042931969656696e+00
3.412856199985949690e+00
1.163906026428222162e+00
1.746295493224705453e+00
1.174201527599491479e+00
1.935379551497993011e+00
2.217610591103866824e+00
9.799915515610512218e-01
1.086019277929422655e+00
5.573020072009216008e+00
4.716336379183958094e+00
2.494074496603898794e+00
1.432825892735576367e+00
2.745847756014718311e+00
4.080541951759276920e+00
8.615169934071604807e-01
3.687794246735180970e+00
4.820897377781921733e+00
7.393860548164295388e+00
3.894353110507315918e+00
1.356840896989345957e+00
7.365518290052583961e-01
2.056005666742935389e+00
3.604961842276349415e+00
3.654767968097441866e+00
1.351020009279068512e+00
9.357605984258399179e-01
2.245890433352448312e+00
3.302477344016191640e+00
2.835353815820766066e+00
4.060818778861721157e+00
1.486190175356942200e+00
1.548816172753685549e+00
2.454730432421478259e+00
1.353496134062663447e+00
6.428516780474674563e-01
1.378666456350262859e+00
4.108987059213223270e-01
2.622347128579848086e+00
3.103192811849275201e-01
2.293919080061989746e+00
7.506148676687356414e+00
1.308564161805072956e+00
1.366502418803849039e+00
4.159609067944490590e+00
4.141261265935018088e+00
3.749919343293266927e+00
5.141490637539790853e+00
1.570099220709227916e+00
2.290858354615238568e+00
2.648973174303758338e+00
2.177390436572390620e+00
1.292440367642497145e+00
1.974731603970359961e+00
8.499402237086823853e-01
1.251671260440194944e+00
1.721503952779892321e+00
1.881983966030545519e+00
2.383262712035577380e+00
2.432726114175623344e+00
2.348744930707779233e+00
3.867792340381388527e+00
1.952570236613312638e+00
9.052349353364816942e-01
2.966963258527992142e+00
1.491074737173581299e+00
2.375005384534932595e+00
2.541460114888712596e+00
1.946660055684270363e+00
1.323048752965963581e+00
2.669625716101409640e+00
6.529661760287747363e+00
4.097699189282407950e+00
3.287250206912188055e+00
1.298937246254619371e+00
2.638056039019140098e+00
1.992506444110607733e+00
3.044762314090827093e+00
1.849358890379306564e+00
4.603970498016320967e+00
1.405160651108379621e+00
2.003563113133703499e+00
1.536928855078757428e+00
1.712038851465147005e+00
1.718357622347334246e+00
2.136832867387151946e+00
6.089108571998440134e+00
2.751113211006344983e+00
3.296158811224154661e+00
3.905374612612619423e+00
2.121023206561448937e+00
2.410899483722259262e+00
1.460564359566937531e+00
5.688072072812127011e-01
3.822547271731262963e+00
6.019233664827000396e+00
1.623850448860443496e+00
6.613593853611613449e-01
3.509421892783899821e+00
1.387859393154177168e+00
1.923240848896918820e+00
1.687980608314841424e+00
2.876098269800093199e+00
3.209230052344582251e+00
9.389985416785310290e-01
1.307297761182329765e+00
5.404158257406088683e-01
3.264049370883792989e+00
3.383371423926592403e+00
9.174726458176764021e-01
6.635897434673039719e+00
1.499317214739940507e+00
1.448148883948952248e+00
1.492858653737874519e+00
2.828987075936931994e+00
2.285511858681831932e+00
2.482796397773436414e+00
3.983324284734328202e+00
6.446266926141805520e+00
2.875445661260791042e+00
2.628454186646997037e+00
1.411306981511235126e+00
1.545891050952777901e+00
2.473467605340434083e+00
3.925692612160509576e+00
4.385011103621713424e+00
1.001815773183357017e+00
2.093643829899909825e+00
1.334147624794598030e+00
2.633634417207748601e+00
2.675221694955928431e+00
1.115395848824181968e+00
3.439060724021906879e+00
2.929546758171989396e+00
1.419448543758229153e+00
4.141741828614791565e+00
1.041164465331549049e+00
3.314969416273281233e+00
1.800755376706112854e+00
3.943622205710096917e+00
3.620565658888483807e+00
2.925860599175440058e+00
2.127117751798075052e+00
1.309755476598179591e+00
3.026678101731340220e+00
5.064775701121479123e+00
4.165327257517618342e+00
1.734718215129615215e+00
3.552229752871560731e+00
4.851735455043541201e+00
3.259365898701661823e+00
1.490296218747510615e+00
1.953208565508019134e+00
2.042991193876297906e+00
2.067241488671756944e+00
2.191296880982794626e+00
1.243402584168930236e+00
1.743519858735244510e+00
1.747514302211119253e+00
1.073286435618857837e+00
2.861168147818351049e+00
1.486724250637917466e+00
1.784807368334291988e+00
2.354724450449568796e+00
3.927383248845372599e+00
3.778824585612163833e+00
2.693410116832674728e+00
2.885625500112229069e+00
3.543378873967248488e+00
2.208286215006178388e+00
2.061064591614052421e+00
3.306789729687529267e+00
2.463162482994015523e+00
9.440828831266916410e-01
3.029147373868803950e+00
1.753166291749556738e+00
5.091718594178704649e-01
3.663677823848222825e+00
4.029476582486280378e+00
1.836016353311201277e+00
5.045742160192640213e+00
1.930256009658873229e+00
2.049461791472821481e+00
2.105967102971833871e+00
2.828683810677455224e+00
3.556001687370236919e+00
3.397912285100418206e+00
2.311020252384559104e+00
3.998975441124235530e+00
3.882533075296334957e+00
4.687568145114549445e+00
1.917682305309406532e+00
3.063701619112995989e+00
2.751659802278383360e+00
3.070128894331252134e+00
2.315473716003151772e+00
1.935809159653512745e+00
3.501000307807638823e+00
1.986165666204148250e+00
2.601209620283874369e+00
1.848517472506117088e+00
2.254396842787445898e+00
1.007262107873660995e+00
1.642238830185618781e+00
2.897693882463491910e+00
1.509250460802991967e+00
1.013855751518857984e+00
1.443758192209835700e+00
2.846397065500466894e+00
2.809066283128643260e+00
8.355110923738156004e+00
1.928697470758195198e+00
3.502817043266817976e+00
1.094469320522037936e+00
2.865414800189644673e+00
9.008575954890338799e-01
3.652344969591756918e+00
3.478985711772399014e+00
9.730299589118482917e-01
4.145736097797419362e+00
3.549217479595764502e+00
1.932980557746343697e+00
2.620062102628889722e+00
6.225924120439366716e-01
2.769978949728866269e+00
6.516578899634185795e+00
3.220398911594807068e+00
1.902494094487010567e+00
1.749510583436623579e+00
2.076678392257291339e+00
7.697331604331954402e+00
1.792788635611736403e+00
4.568806150569034941e+00
2.202322660674578714e+00
5.589607965284161262e-01
2.108478386671792659e+00
7.408499371122592159e-01
3.935581781668653800e+00
4.243305597810954843e+00
3.964009772352216299e+00
3.972217418744665718e+00
1.753332673886946746e-01
3.178470779234961352e+00
1.837281966995685467e+00
1.309050568827680339e+00
2.245021779283304042e+00
8.522458428066598257e-01
1.630538058326510109e+00
7.420444673277465375e-01
4.706051422842986831e+00
6.945339731969928376e-01
1.337088015661749951e+00
1.345617553234546238e+00
4.866224015076293874e+00
1.661150876417695876e+00
4.764764796396799618e+00
3.138867866641525950e+00
1.463906818821541389e+00
3.611211253861989157e+00
1.814930125954865137e+00
2.226056768469642400e+00
3.266550758684229283e+00
2.620469720432879956e+00
1.402481765985215789e+00
1.676765653878933504e+00
1.015623805450135642e+00
1.083117548249947326e+00
3.508768351916877748e+00
1.144862113920416036e+00
2.565321172255485838e+00
3.456940113968547834e+00
1.761815355134290773e+00
2.789041355492592800e+00
3.478625291159766597e+00
4.474674258958490469e+00
4.047076620247262113e+00
3.336388311035439203e-01
3.052193137846507476e+00
2.634408183040143570e+00
2.900898002898098405e+00
2.313820881037416122e+00
7.682190155246274577e-01
2.377248483799781376e+00
1.704928750543745375e+00
1.906784101693151379e-01
8.694933235567003926e-01
8.051796975675631352e-01
4.184985604990126618e+00
1.789367402743102797e+00
3.044717920060006300e+00
3.160327044191700185e+00
3.921664955488252335e+00
9.876973987685302436e-01
1.091926174454167953e+00
2.075653540280910647e+00
4.060283773219214076e+00
1.540229087911537231e+00
2.176266652746696284e+00
2.851222930394342381e+00
3.818361112457380635e+00
1.699861261272801904e+00
6.273470965924999865e-01
2.902081832168888820e+00
9.827884444699849231e-01
3.587421850214746133e+00
2.540363230236686309e+00
3.557100342802992365e+00
1.157839262886157350e+00
2.153313184985422346e+00
3.269131474345802868e+00
3.270134488237517179e+00
2.521149763332443339e+00
9.086920092427943629e-01
4.744506700492337359e+00
9.543178567085764952e-01
7.323044569950616367e-01
2.130764379309959100e+00
4.329571450194803717e+00
4.624863858589184140e+00
3.193052847940512695e+00
2.790409990746455016e+00
3.217222191396941877e+00
3.409684670684851149e+00
3.547548805935113680e+00
2.824952363509896092e+00
1.223022102851400561e+00
1.758038177195813345e+00
8.524534698102740338e-01
2.810689205027750770e+00
3.925813976602186894e+00
5.637552202968408643e+00
3.814040758358694827e+00
3.402807792735788706e+00
1.979290608371983673e+00
1.279514352671691224e+00
1.390795728920651841e+00
2.931122718758242929e+00
4.481355266284584360e+00
2.316468998331223439e+00
4.099039030876105993e-01
3.944524219780503049e+00
1.299579685256940786e+00
2.371585683580528681e+00
1.108157061451606973e+00
1.868794743265106417e+00
2.097093289815286976e+00
1.886408976924555780e+00
1.345566649221014766e+00
1.776142581161660905e+00
1.589954782655498056e+00
2.748777039869945149e+00
1.664530490421674891e+00
1.522055885278200016e+00
1.539519797419018676e+00
2.171637957439143563e+00
2.674601846496498680e+00
2.115053883584550931e+00
4.645019512049966437e+00
4.156968254288618270e-01
2.362791763962901470e+00
2.285095392106130774e+00
4.746128190012147918e+00
1.628451096122197628e+00
2.810977895554263473e+00
3.341156015518010225e+00
1.041354436152759133e+00
3.473514118385025551e+00
1.473455865361671613e+00
2.925507624547787788e+00
3.009121196709877211e+00
3.719443767159946734e+00
1.347820799892301524e+00
2.198627518027995276e+00
4.168976900306962108e+00
1.220382241766633902e+00
3.404834415484315979e+00
2.888041348590564716e+00
4.259682935049598385e+00
2.283691921212657405e+00
1.324261719188871256e+00
5.581232245218577859e+00
2.376938608857759760e+00
2.121680268266567193e+00
2.874985069638129165e+00
4.321061088077780887e+00
4.517106277209718357e+00
2.081356353959569194e+00
8.713978115232396959e+00
3.332775250230108899e+00
5.946001626061315770e-01
1.640937775024485124e+00
4.258177180319225208e+00
1.476306316474710556e+00
3.607583685497769643e+00
2.871844460983688840e+00
1.345117879648211057e+00
1.657368082988986968e+00
6.381118581814518853e-01
1.944356662280253278e+00
1.862554119407949349e+00
2.416070021878935936e+00
1.705868615625612206e+00
3.536395155598615059e+00
1.718370000573596679e+00
2.429427098640299043e+00
2.304210420717286656e+00
3.124339310505495071e+00
1.353750404875085245e+00
1.690915488139121514e+00
1.060944670755206598e+00
1.312876109954284054e+00
1.974143773379178235e+00
6.136493801440684459e-01
3.263410820997655337e-01
1.972466364705778297e+00
1.655658211619544185e+00
1.557059770385541775e+00
3.737860617965060861e+00
3.844255199280958379e+00
1.023662332785731710e+00
1.218102172959719232e+00
2.111456094901106972e+00
1.435546894380145710e+00
2.084949669507994763e+00
1.898293993145047542e+00
3.837896931407607681e+00
2.460909345939419346e+00
1.595289116393214135e+00
4.270257715029466716e+00
1.761268737492893033e+00
2.139534413338358476e+00
1.436612016601834352e+00
1.610857535557278064e+00
3.024772041809275613e+00
1.510356772922827107e+00
3.131729454135038893e+00
5.191954544799097793e-01
2.170677323011327875e+00
3.873640119999036902e+00
3.874361424616972638e+00
2.851417719296928333e+00
3.431073127907688480e+00
2.683117136080140241e+00
1.592925117993310380e+00
5.137506330763524254e+00
4.892573446448496455e+00
2.449280729770321852e+00
1.696282661939006564e+00
1.209732351096813430e+00
6.892887162268042101e-01
3.753451219486738655e+00
2.759216206413756645e+00
3.197182029447131590e+00
2.626476860374763689e+00
3.469213102583846631e+00
3.076965500173952428e+00
1.553445241088855067e+00
4.408210978020328241e-01
3.854428407592608075e+00
2.669376454794404552e+00
1.172951864473127381e+00
1.810576847007344004e+00
1.771837199124876694e+00
3.015465509665240962e+00
4.496201592736840169e+00
1.838916118664633670e+00
1.519346622194482244e+00
9.057456956739022846e-01
4.067101118120193259e-01
2.239968326795989118e+00
1.624848840621682333e+00
2.657776536168260595e+00
3.807315711757862875e+00
1.094409695728080667e+00
1.265236295569592384e+00
1.684809015114457464e+00
2.280763214050022025e+00
5.898222065631713917e+00
2.547266115613064486e+00
1.056033020784194809e+00
3.003182607296033257e+00
3.852375932046874230e+00
6.522687909955604546e+00
1.593027938710942726e+00
7.233192628898205134e-01
2.637007569951960395e+00
1.351175296030894923e+00
8.450943718755963285e-01
1.438668453605869368e+00
4.794177882986324413e+00
1.139625101795326945e+00
2.122197889696420425e+00
1.850271846701254663e+00
1.022599018136479909e+00
2.591929143408480130e+00
2.768948253964752748e+00
4.086870412815989617e+00
3.488100102498722155e+00
1.979971821444678870e+00
1.057243480346685693e+00
6.325327098734697451e+00
4.538896153387176335e-01
4.902616685646046690e+00
2.948392736725260921e+00
2.714319169903260498e+00
3.691707690642744399e+00
3.293682441747471490e+00
1.031697181250674111e+00
6.131413130824032720e+00
7.975007382456837934e-01
2.830636806027308161e+00
8.655769209465787872e-01
1.567332331479611263e+00
1.450597851753288703e+00
5.140023560760390575e-01
2.133655531905304770e+00
3.123899454923983132e+00
1.009558620029912923e+00
8.429638571066572439e+00
2.368128376660861178e+00
1.654545621744412109e+00
2.405546071182055989e+00
9.190219595977358047e-01
1.206633754227243838e+00
3.178706396351542285e+00
2.216516149475760145e+00
4.667555066766911231e+00
4.035277397734946980e+00
2.358478003881969709e+00
1.919508864306235019e+00
9.092353039002620818e-01
3.664985448593423012e+00
1.241028164917144627e+00
2.160698831190054126e+00
5.234728368131829512e+00
2.258287794659243009e+00
1.586430273546175718e+00
2.015565477866180455e+00
2.281325778764109025e+00
3.288440075609491142e+00
1.167167238782905958e+00
4.162874182684837443e+00
3.376337382509386753e+00
1.877313370784135182e+00
2.998811151493948390e+00
3.427523202853406392e+00
4.763982711898888667e+00
3.648376990532400388e+00
2.383661649028725460e+00
1.843051539215285750e+00
2.686295668197136166e+00
1.344732938060517746e+00
1.055832686380467900e+00
3.547770864078494846e+00
2.492578517092255197e+00
1.197906339803281428e+00
3.564965651116096979e+00
1.059118767499814373e+00
1.954063773408969196e+00
4.555379351005051980e+00
2.643574751555695990e+00
1.410684562676276066e+00
4.301390182636508075e-01
2.488221335939175383e+00
1.635603092632144540e+00
3.616930914973313982e+00
1.685901391015129924e+00
2.555357455634525543e+00
8.425381945555351360e-01
2.457275200242347690e+00
2.613445732659278153e+00
3.475638428309905326e+00
2.163770022836585039e+00
3.437677789316464949e+00
4.505125789118072710e+00
1.981251641925393159e+00
1.582732233866069871e+00
1.864179353918740567e+00
6.311736131412255535e-01
3.795559340648332336e-01
2.676614460899640058e+00
5.031567238725235258e-01
2.153893826420672397e+00
1.800290969193217405e+00
6.709918879364503708e-01
2.291743036684378954e+00
3.664408828470154589e+00
1.593050101900777671e+00
4.082831867239201884e+00
3.676420429177266858e+00
1.718026279871103901e+00
2.907976740334782928e+00
2.094245917400832546e+00
4.740194004067018518e+00
2.624618243329511991e+00
5.993688362932799052e+00
1.579347859351259098e+00
2.962251318297812741e+00
1.944431695723168874e+00
1.963940719692794712e+00
1.568498952463516005e+00
1.362356893154851534e+00
1.827660995170292901e+00
2.943417231917125676e+00
1.933290251185491915e+00
2.102113177668828659e+00
2.327432399970559729e+00
2.613949429879759645e+00
8.181011403528676951e+00
2.724552556314185470e+00
4.213303991278355198e+00
1.107795949558858295e+00
1.394653259695881387e+00
5.395913800048248277e+00
2.747709331123878940e+00
3.256765400038527325e+00
2.603668600627281560e+00
1.477548130901223278e+00
4.203721681891062545e+00
2.219940257075108558e+00
1.156844238936002078e+00
2.030476543001382694e+00
1.509514896434873910e+00
7.566700094333365101e-01
1.478219085110008546e+00
1.895730140205705849e+00
8.098033094404550880e-01
6.772211239406034089e-01
2.477978477464917173e+00
2.512647312700364566e+00
1.207155121294507749e+00
1.834281970613173218e+00
4.856164105116999585e-01
1.073886065965545367e+00
3.632892084787147091e+00
2.280113095373501597e+00
2.580025642604533154e+00
2.064279422727504976e+00
2.816664268156154005e+00
2.532238152803296227e+00
1.149273466178548198e+00
1.954570769731199364e+00
2.768045727589703464e+00
3.123499387672353134e+00
1.616615216763518159e+00
2.423270481447165725e+00
3.031904290797177826e+00
2.907916338209813212e+00
1.876145116594366558e+00
1.676113680942652895e+00
4.652713042568926483e+00
3.251002379098548278e+00
8.953478757154939016e-01
8.665971316916468714e-01
6.512832237797734347e-01
1.885180454170644726e+00
3.254480264886856045e+00
1.752400988065488052e+00
1.885678146674910183e+00
1.759097033884783556e+00
3.200431368943054355e+00
4.638144177973075322e-01
1.026478590787007983e+00
1.544110904917621596e+00
1.352852193872597253e+00
4.743227251503225883e-01
2.294503375922152255e+00
2.093573009714960964e+00
5.306914847799625967e+00
1.340721127391679479e+00
3.116054050535339570e+00
3.195370168865437677e+00
3.245620935846419641e+00
2.538636162255333950e+00
1.452370867249941577e+00
3.441839820579595699e+00
2.246292714793813428e+00
1.097184498266258856e+00
5.035545027960498743e+00
2.275340094943534286e+00
1.521007013211315595e+00
1.231054503324183536e+00
2.564353838422964937e+00
2.863084151957457468e+00
2.680944335169864967e+00
3.025880267671065216e+00
6.011732950516285534e+00
4.661678171314528996e+00
1.858701547474680860e+00
1.203954403594710509e+00
3.643320517056023444e+00
2.579808256330955896e+00
1.277006589603520537e+00
2.819870856987931607e+00
2.868886480412346618e+00
4.028847264578431009e+00
1.254621872431648466e+00
1.576753932970824890e+00
1.117416175857726790e+00
1.887190548645418797e+00
1.278585328619872064e+00
1.802556942434140996e+00
2.763206487405459821e+00
4.191178413815822013e-01
4.847428202374846617e-01
3.589180521295401771e+00
3.192923444791833543e+00
3.691028315885573452e+00
1.799569564458873616e+00
9.842282487692032289e-01
1.247884232770580359e+00
1.321762519298755434e+00
1.096727308044963989e+00
1.396651102309778958e+00
6.977844656305318694e+00
1.613260277362508432e+00
3.074255368835578928e+00
3.562626174152309311e+00
6.832553260142034679e-01
1.590588950702648718e+00
2.501882409264505114e+00
1.251177875900142400e+00
2.419162763257432847e+00
4.350959289810998776e+00
2.741278072973816649e+00
3.404811511912544941e-01
1.776574557813136668e+00
2.302093647337797755e+00
4.065629872770525566e+00
8.616925035934186461e-01
2.303479236331193114e+00
4.826297724518381571e+00
5.221381639066292601e-01
7.563682169163646885e-01
3.225588945565923016e+00
7.765203795732564807e-01
7.679063457515084012e-01
9.276006751198899281e+00
4.916694850465252564e+00
2.760024550057583959e+00
1.916958257703935464e+00
3.033005910970534291e+00
1.907862506130110214e+00
1.944927510961878880e+00
1.113658864378842539e+00
3.840291848533685659e+00
1.945352414100240956e+00
7.561827738470275895e-01
1.205817502952724274e+00
1.464371684303938714e+00
4.107053233904268907e+00
2.811455995953547227e+00
2.230969783847025933e+00
3.244682055959862144e+00
1.231690465961468472e+00
1.823913050479166742e+00
4.663129299631416202e+00
4.057109226745944319e+00
1.763979688062579543e+00
3.053863329497633394e+00
3.643099481618417901e+00
1.513290107680040686e+00
1.605109275349570153e+00
2.791932889607647628e+00
4.193893324416039903e+00
2.117006015061632773e+00
1.179632755178007475e+00
1.829413645441011260e+00
8.348594732542992114e-01
1.594025932765721576e+00
2.479640434840124197e+00
1.104878469750483205e+00
2.907178269994428188e+00
2.195146496068749453e+00
1.821792448777265649e+00
1.694647283588373687e+00
2.513609882222052061e+00
1.752346478009183750e+00
7.065762550625193761e+00
7.374155322194924089e-01
6.696037860853929935e+00
4.330876336341024313e+00
3.459125995370426754e+00
3.497282196567170764e+00
1.860605804250655027e+00
4.060097441346090186e+00
2.274839396200284192e+00
2.910354081373017987e+00
2.696062183778456856e+00
1.547154924528507669e+00
2.439176340769991569e+00
1.906569799782822150e+00
1.306529660910811463e+00
2.099452736844152678e+00
4.060915445888328534e+00
3.248108576474021625e+00
7.650158942185000255e-01
1.041477966801795274e+00
1.778115045202003586e+00
1.534158889476006982e+00
4.033103075605628085e+00
4.591048335278743453e-01
1.613447384372841409e+00
1.480696145974946587e+00
3.274451855021613067e+00
2.961058375560004396e+00
2.037778709918852460e+00
1.996077302327104785e+00
2.340088127293725506e+00
2.074510772908835676e+00
2.073343222003859232e+00
6.352901936071086997e-01
4.071154265294722130e+00
1.578431423848731807e+00
9.118119058366654928e-01
9.886718159721912258e-01
2.438627518399160810e+00
7.579830387077095555e-01
4.541053954729317610e+00
1.238687481187852324e+00
5.977864293127321815e-01
3.560414163798834242e+00
1.408477077638833785e+00
1.869075532670958495e+00
4.006523154656956187e+00
5.699879633429874026e+00
1.974066153698696091e+00
5.054937142041968201e+00
2.699796171193438177e+00
1.650406916327512796e+00
3.459560242200052649e+00
2.162784641452609957e+00
7.884234407355140695e-01
1.765639011871438235e+00
1.747927745545821088e+00
2.105373973040603364e+00
1.300938133204474934e+00
1.069901872832956569e+00
2.882381774432475563e+00
2.819520277328784630e+00
2.686339730617379740e+00
9.969449658201227082e-01
4.098114941553536283e+00
1.162271514607614575e+00
2.134652319949617016e+00
3.547027371136879381e+00
1.033631794654965796e+00
1.735595276057349867e+00
2.533405403740505157e+00
3.368870979734068349e+00
3.092996495424490955e-01
7.821164623056765519e-01
2.602525260425767151e+00
1.614132823547432594e+00
6.479041881115809032e-01
1.228052267500711503e+00
2.711452300018857731e+00
1.463171643435758007e+00
9.184065180904221748e-01
4.124912644665066352e+00
3.051853332704637545e+00
4.444617067570599822e+00
2.157818913271262851e+00
2.364863489844097000e+00
2.274766034192776232e+00
2.159280593771931933e+00
1.723625380766849791e+00
7.411881211695734439e-01
3.966999596326987731e-01
4.706490138206905094e+00
6.991868369153092511e-01
5.043328465623862833e+00
1.468056648976111767e+00
3.694401376345644028e+00
1.315820733121771058e+00
4.374431679490340841e+00
2.740558139419499550e+00
4.385783100041013682e+00
3.637484719926474153e+00
1.075596223731126289e+00
2.329355952389103201e+00
2.903094382326492529e+00
4.494307683686122878e+00
2.442192226624323226e+00
1.607503541728736995e-01
4.066688735876552663e+00
7.616511496823845651e-01
2.025160485911057684e+00
4.375140693292840943e+00
1.545616002509471176e+00
4.752759590357180208e+00
3.526391432065687948e+00
7.135856853558351531e+00
2.076628525458518393e+00
2.835994402476387233e+00
1.299322470919665573e+00
1.429708560530857486e+00
7.113988484999409501e-01
1.538565557935520856e+00
2.637818684380624834e+00
2.300222490497575212e+00
3.963503387353566332e+00
1.285548884938261249e+00
1.994692005266142099e+00
4.001330113465186300e-01
3.009960605271566614e+00
2.946920210493130465e+00
5.823709969473437331e-01
6.103156615781242245e-01
1.397984579945160011e+00
1.666246683416092722e+00
3.030229131156515265e+00
1.876898899172416924e+00
5.647357746368850684e+00
2.900487339489412619e+00
3.469404318843938739e+00
1.913636625022285154e+00
2.469908025286496223e+00
3.403254668844193809e+00
7.158985805586887130e-01
1.081796483633320927e+00
5.831835220041010182e+00
1.651165005483056891e+00
2.416369496420928353e+00
2.423517930802871589e+00
1.801527412686198426e+00
1.947421124285161786e+00
4.531644604410637101e+00
1.519955109623941647e+00
2.855774294576240990e+00
9.855248961312909062e-01
2.680028972901884909e+00
2.242233344575724097e+00
1.465471782643784193e+00
1.329791401129809536e+00
3.069814811013034550e+00
2.480143668626891618e+00
9.774844222792443693e-01
1.145316404765633900e+00
3.645805390964389048e+00
5.176012971806438934e+00
2.779584895411943091e+00
2.939121590752849844e+00
3.018051065965275725e+00
2.297827463049177510e+00
2.125858112106837616e+00
8.551194885863929729e-01
3.669223126868178309e+00
3.405010113872029898e+00
2.811024408540585551e+00
1.222832753425172392e+00
1.899090215925997693e+00
6.718858372466436357e-01
4.839693908667175859e-01
1.195349608209686831e+00
3.946677188873529474e+00
8.104120542412901473e-01
1.233859055601745469e+00
2.350129319558297514e+00
2.318757109713735609e+00
3.590058675635876551e+00
3.237755528745478895e+00
1.642270850577885355e+00
6.594630328531125851e-01
2.128516499448827926e+00
2.397618773218641142e+00
2.726583566416549864e+00
1.759577396153329421e+00
3.341828280137676632e+00
7.464713093451095238e-01
3.737077026100713795e+00
2.185910599469426341e+00
1.991811555623080654e+00
2.500775022893230393e+00
5.242003872383950380e+00
2.492804689594447787e+00
2.521454895417541753e+00
3.029496850276157671e-01
1.659318549197342563e+00
9.527176648765693923e-01
3.748304002441775307e+00
1.988065253869255589e+00
2.499324566996548924e+00
1.215683036810134121e+00
6.676363683229368462e+00
6.150936572019456428e+00
4.125139813802370270e+00
2.389394483012642123e+00
3.420858391417361588e+00
1.134299355178288726e+00
3.476093303534745882e+00
2.923887541836239556e+00
9.978714223976830056e-01
2.243547178087652583e+00
6.018771963986625728e+00
2.741400805253944917e+00
1.263352410506065171e+00
2.194398086506491818e+00
4.038800944777601210e+00
2.134916073222751010e+00
5.998504010057114755e+00
2.147281359506919340e+00
3.085624158164202324e+00
1.589986445254826020e+00
4.872263962626212752e+00
2.192824887096162634e+00
4.090379202883117848e+00
2.186125979847849177e+00
3.069776793923027380e+00
1.171990883650530391e+00
1.736010413156733101e+00
4.157430127144434273e+00
2.567751682308583749e+00
1.977376295121337613e+00
6.261108375977977314e-01
4.839358593915050188e-01
7.846227750378501620e-01
1.392823161198513127e+00
3.154893878833178622e+00
4.949530768513877632e+00
1.919095488593248966e+00
1.046996711220693488e+00
1.698908895478908221e+00
1.657050282417370513e+00
9.599978820504269095e-01
6.577747472556522146e-01
1.168788198028944514e+00
6.242269285210001684e+00
1.059634025143208591e+00
3.878047729444552782e+00
1.060959556947939086e+00
8.867103601976329408e-01
1.349649154230154080e+00
1.076686706262908633e+00
4.597467938301997847e+00
3.119747233061522351e+00
2.006384287083953666e+00
2.361696249255761382e-01
1.991556702148804758e+00
2.464678156165502454e+00
1.172726986798354964e+00
4.211651545150945530e+00
1.939378444305152049e+00
8.504950266147758287e-01
2.011265187726585246e+00
1.080264929056558687e+00
1.776237009910392350e+00
1.606254454541180543e+00
1.016201456117354018e+00
1.932973437476189105e+00
1.236315392832236126e+00
1.141632458924935589e+00
2.589437583782209895e+00
1.934863239910018295e+00
2.546365118467236233e+00
3.963106623758847480e+00
3.872804020264347891e+00
1.934775232174533510e+00
2.815194129480500518e+00
7.718922514684074088e+00
3.130521754370778176e+00
1.790129167757464668e+00
3.617947711421921397e+00
2.681214845640779387e+00
2.466046399811311574e+00
1.388680616904307996e+00
1.553019364539792058e+00
5.866128431702386514e-01
1.053030806968379363e+00
3.443392543661291327e+00
1.933198273505614129e+00
2.063086084169057699e+00
3.904756630962631814e+00
1.356272566268039492e+00
9.877210528847505389e-01
8.747061987685288420e-01
2.030204334664022170e+00
2.174613223803183892e+00
2.647456309126879681e+00
1.233016135641473499e+00
3.092878096305909263e+00
1.090397856462850035e+00
7.288015067276165659e-01
2.305458791292264387e+00
3.415501011263855968e+00
1.662504327753488109e+00
1.353581355707214495e+00
2.234789814740453018e+00
2.916750669777643523e+00
1.585811274334858467e+00
2.159596465825732281e+00
3.651261503315637924e+00
3.815977938807941339e+00
1.253993803014592290e+00
1.183376280532116409e+00
1.542778306543604039e+00
2.929096315695041586e+00
2.812720989641433800e+00
2.437510018832654612e+00
1.094774089461452160e+00
7.557598277463817737e+00
2.105580646250012844e+00
2.252879904986195392e+00
2.054622072792184895e+00
2.148941523644412044e+00
4.000986824892619254e+00
1.699074031895377423e+00
4.248734111585901196e+00
1.657532328509445207e+00
2.625318948743926573e+00
2.706312837161714224e+00
4.135546039946976116e+00
1.505025423038317101e+00
2.335582275374808781e+00
2.721045752163192777e+00
2.402123057791040850e+00
1.174172461885309104e+00
2.010475049645271017e+00
1.252954853415837233e+00
1.287686603345800984e+00
1.947616802674787984e+00
1.950269895001816023e+00
1.830950057159729250e+00
3.086783053551338529e+00
1.917046962730329041e+00
3.358055375333691472e+00
1.795149863766771992e+00
6.153461660781037956e+00
1.992949536671955846e+00
3.931190736861410961e+00
4.313670699176398671e+00
3.213211764249690461e+00
2.712774765968996249e+00
1.818743958764833080e+00
1.362923606080264527e+00
3.175478784139748267e+00
4.333429664084838429e+00
1.827829709418657078e+00
3.834123823746762305e+00
3.176436847839367417e+00
2.993253375220954915e+00
3.534404940014290730e+00
1.216335700386544927e+00
2.884193498772615438e+00
2.062584175375635986e+00
6.045766824458151945e-01
1.977897558116599397e+00
2.631447479575256487e+00
2.492848111668348299e+00
3.994420197157505292e+00
1.232663240729778620e+00
3.622950549368997741e+00
1.361163039713645828e+00
1.484115876027819914e+00
8.381987320600302604e-01
3.009863050959127762e+00
8.470553072479778400e-01
5.846326879186046988e+00
4.133743878299077634e-01
2.741049864226263733e+00
1.717553072989480789e+00
1.139026097178649666e+00
5.970147729213979737e+00
1.664564219007890644e+00
1.842111006268753792e+00
1.874052396886122906e+00
2.427121986110980956e+00
3.145881764678880810e+00
7.460503576615115096e-01
5.568123361769647062e+00
1.660653131847459107e+00
2.595488845594685401e+00
1.485747637476487748e+00
2.537788566910703647e+00
1.619886947798487409e+00
2.447434378710927838e+00
4.177542164332198049e-01
1.886221865895630234e+00
1.985152429312578404e+00
2.145078188083808346e+00
1.673080471906968070e+00
3.613612364783813202e+00
1.684107453295622170e+00
1.972572936547649203e+00
5.200264270506892439e-01
1.379701357120696414e+00
2.979142964832543150e+00
2.879015123658747566e+00
1.855777633141312721e+00
4.506065699664213220e+00
3.466704108085742586e+00
2.467488813058122066e+00
1.853599900979660209e+00
1.785553162736670751e+00
3.806566301069925107e+00
1.014064713929090145e+00
1.755926288751197051e+00
2.186833382505044998e+00
8.138682384518247659e+00
2.886731451106175239e+00
1.370174736809062210e+00
3.995378416485050099e+00
2.440278789603325560e+00
3.440111202246817879e+00
1.634823106904154777e+00
1.399197453057543949e+00
2.119346859087157586e+00
6.784673458166762261e-01
2.087359323639233377e+00
5.412679416852916425e+00
2.595658145198784350e+00
3.441898417715413050e+00
8.510341646507532332e+00
3.179690327562543217e+00
2.190458162587249902e+00
2.226506153638258656e+00
3.217880612135318064e+00
1.437191547300511241e+00
3.335471986242504627e+00
2.433400589492227706e+00
1.976927270201470854e+00
2.362707878481951962e+00
2.197768721576762285e+00
1.356279133603169873e+00
1.245186870112116928e+00
6.506577759113703063e-01
8.299964012513143530e-01
2.692242418864089437e+00
1.783827133614361404e+00
3.877558678211610932e+00
2.359854889820288015e+00
3.012710955144298097e+00
3.699038102096280145e+00
8.112182442356598022e-01
3.611876281450429271e+00
3.535758892883681392e-01
3.336530454433257908e+00
5.156117911343006677e-01
3.271939359233665190e+00
1.510381439487097577e+00
2.551092267654372137e+00
2.146130219682160334e+00
4.789790244554754217e+00
3.517117058989673417e+00
3.264694838150292266e+00
6.196563775011050268e+00
1.646357757807947131e+00
1.013336777167615166e+00
3.086641066827001900e+00
7.135505303626644924e+00
1.809934323486295460e+00
2.469696029324636388e+00
1.664533974385270065e+00
3.436137876979997507e+00
2.261385305791784983e+00
2.573150682908877496e+00
3.911852544643407370e+00
1.857309138681188854e+00
1.894394019430192477e+00
1.189264509888804611e+00
1.845875414591238606e+00
3.251672609152173266e+00
3.372504977351878930e-01
5.847635880009477427e-01
1.199300252742945494e+00
2.088412714735655040e+00
1.592090325733908740e+00
2.266702133403874164e+00
1.045610950982740484e+00
1.503742778920718726e+00
3.493065129481379039e+00
2.506623631138916952e+00
3.783523995262065842e+00
1.667517650754114733e+00
1.482947769694601181e+00
1.130362071603435936e+00
3.232390515357298710e+00
1.823460547141170673e+00
2.851553437375955014e+00
1.650951038507632473e+00
2.455857569401927343e+00
3.439914054207765304e+00
1.948741468679078048e+00
3.057023521626400342e+00
9.242478007171385235e-01
5.562026326411456667e-01
2.613848257786212326e+00
2.060720970465786950e-01
2.729717221728131360e+00
2.544651680225892942e+00
3.326399454958519630e+00
1.439208018215487606e+00
2.856881115909394975e+00
1.227867640641452152e+00
2.435054862037819401e+00
1.127566812804269292e+00
1.833622610609026982e+00
1.457192877873576764e+00
3.154540706344883816e+00
2.773416261541849615e+00
6.079720915737021336e-01
6.716742781007027929e+00
8.483159265921286218e-01
3.517988215379710404e+00
9.055587483829876660e-01
3.171595206260590327e+00
1.252193511975155049e+00
9.576742082093334663e-01
1.893628635706239294e+00
7.078154819988496937e-01
2.032828019694985500e+00
3.571868262503232305e+00
2.474229345391385504e+00
3.728682739609570529e+00
2.952381401880023848e+00
2.593316271453681487e+00
1.409056432194800923e+00
1.701488693821345155e+00
9.241876970194150553e-01
2.244530923019715463e+00
3.048315487025750503e+00
3.870851593569341276e+00
4.215973766809828938e+00
1.508518586189557364e+00
1.638131990354986023e+00
2.710954907626778709e+00
2.386475824192935580e+00
4.317562827520812441e+00
1.052594782883563784e+00
3.494009416613288010e+00
7.990888927622766813e-01
1.063205737681329310e+00
1.483939839896924351e+00
3.351080770504065942e+00
2.796519335057627398e+00
3.480709962075414943e+00
3.556338342707130895e+00
1.780526670070444295e+00
1.726181710953048176e+00
2.928093127677389607e+00
1.892010250225549584e+00
2.130652881944679056e+00
9.065866447218037250e-01
2.561252625033725749e+00
8.124715744952911933e+00
3.069235204725564881e+00
2.494094977267831137e+00
2.390205915664628922e+00
2.018726705522237985e+00
1.170837249862642704e+00
2.233831028699429844e+00
1.348905578048854537e+01
1.727631906578097620e+00
2.553617792987073809e+00
2.633485727035700386e+00
1.088651586624570289e+00
1.281093836521198348e+00
4.780261098868546554e+00
2.857194340891630713e+00
1.378035823767282286e+00
6.828992722262304804e-01
3.955369574278261968e+00
2.284657741688399746e+00
1.416099630838858037e+00
1.561625995320066629e+00
2.025332537155572599e+00
2.014944458250212289e+00
2.874385097475074868e+00
4.965512717280444743e-01
7.266294243273305753e-01
2.149413338507914162e+00
3.377501921413054831e+00
3.896270033517884590e-01
2.700813441929202252e+00
1.032751732186543592e+00
2.871395117965685806e+00
8.765674744444766908e-01
1.587766704255798134e+00
2.879870405497224617e+00
2.676048357278076661e+00
9.573355996196250217e+00
1.085945312822178099e+00
2.077877656301128084e+00
3.869688607722070017e+00
8.021182290518081848e-01
2.628220480515169655e+00
3.673776682260710302e+00
2.868991037640406638e+00
1.923052016051728597e+00
2.171950664894103156e+00
3.003055708842247373e+00
2.865144142776360869e+00
5.661217029770917453e-01
2.564713416539623037e+00
1.136791179245104866e+00
1.531318759431765875e+00
4.681731481289347130e+00
1.877025801700558327e+00
1.417640847864791498e+00
3.682219791640501061e+00
4.229968404736733412e+00
2.927129334780399272e+00
1.913610074685671902e+00
1.504561308725014035e+00
3.803468521581824913e+00
1.138830161910934446e+00
2.443022488113917756e+00
3.116740333490748416e+00
2.307883392978288484e+00
4.791857048095837235e-01
5.627007342085077468e+00
1.877972066711146804e+00
3.574058148285726322e+00
1.838600063827447562e+00
1.533471630512022399e+00
2.286171122675460410e+00
8.460414756515721724e-01
3.129604163822660823e+00
2.874473817955514487e+00
8.817356509752763971e-01
1.823685064009041623e+00
2.460514465386885785e+00
2.610980773372141073e+00
4.599137424296514176e+00
9.095454626164285461e-01
1.791811994056463408e+00
1.623951717183847787e+00
3.452841279870254798e+00
3.964397305211927236e+00
3.268910371544084370e+00
5.286329039441548527e-01
1.720608257260782592e+00
2.024854025690571713e-01
3.508363611343768174e+00
2.456580036244206067e+00
1.911704084194328468e+00
9.908918474695056489e-01
4.810343724720615999e-01
5.346413241823533724e+00
2.699965761722605606e+00
3.545734212452380962e+00
2.222964451240654338e+00
3.628838816950933577e+00
3.179150627736655910e+00
1.601569231561144946e+00
2.033381164867813506e+00
4.826697559035573626e+00
2.816330443918433346e+00
2.616334113314229270e+00
1.921356122712867487e+00
1.914224371803585401e+00
1.095407734175303238e+00
1.365607090665641676e+00
1.044571881394728896e+00
1.187142423865587659e+00
2.759398805593223702e+00
1.187110693389797245e+00
2.672693003386040989e+00
6.995460767589321449e+00
3.203996806725676993e+00
4.516458695689066438e+00
2.259334682284328988e+00
2.003078340032012683e+00
3.716989554211349134e+00
3.214414565198556506e+00
3.502371899518435416e+00
1.610058192672505051e+00
3.285007823397095628e+00
9.127332118642090819e-01
2.384417708917687229e+00
1.124804398493643331e+00
3.136037084948386067e+00
1.875544879536873655e+00
2.584921750752939396e+00
2.151475448540541180e+00
3.683489028024335532e+00
3.012042963126593698e+00
1.519428382469518057e+00
2.355920063039419698e+00
4.488912004167599612e+00
6.611250176309244608e-01
1.476536432695315426e+00
1.899211129666884768e+00
1.344479925037553869e+00
1.198013101126230273e+00
1.544488763343552895e+00
1.311772002256267999e+00
7.251525863050848564e+00
6.140129449261301220e-01
1.003932645244593136e+00
2.922556403601152653e+00
2.365418861614550838e+00
4.159698611139226898e+00
1.857003490351081254e+00
2.224989618813776548e+00
3.328898146374646760e+00
4.693022795817166859e+00
5.618606216722590752e+00
4.038103090405513185e-01
9.230129316257937866e-01
1.838016574168154227e+00
5.081272339504032232e+00
3.817506735230829840e+00
3.118509639320866444e+00
2.943588913027662901e+00
3.161161434939353754e+00
3.228203888815545763e+00
3.218392677009332292e+00
1.502947864551647195e+00
4.744593409619166202e+00
1.283724630777700604e+00
8.230001535377116095e-01
1.943419235112376464e+00
3.392694827782646527e+00
1.610500573802793545e+00
2.100501977911602314e+00
5.344827714909574645e-01
7.137014394426203445e+00
3.508000761519516342e+00
3.926399006020992122e+00
3.120630863314573400e+00
2.598116178587581260e+00
3.802856638765414576e+00
1.894764861787631594e+00
4.491705197548474082e+00
1.798885164469824494e+00
1.042660450466791344e+00
3.208484767008161209e-01
2.953745309459591795e+00
3.109886791233269943e+00
2.389566791723593653e+00
2.236946860543242988e+00
2.821815724556786531e+00
1.355596888888160656e+00
6.413749906262712353e-01
5.139553441596392602e+00
5.801717789797073976e-01
2.928251816569281907e+00
1.637498476213432363e+00
4.312681577737073724e+00
5.770514372031086303e+00
4.733827480640731444e+00
2.059056206351393303e+00
1.861242488953935625e+00
2.558507447501459531e+00
2.365638195481012396e+00
2.082581264375948482e+00
6.833341942278276626e+00
2.937336792530138574e+00
2.651782806586773233e+00
1.821732410269687241e+00
2.283783146213878901e+00
2.833175364586436373e+00
4.420430371477472420e+00
3.294633433666206646e+00
6.077851615368087046e+00
1.152163344778037724e+00
5.408363707923690145e-01
8.418453088167627829e-01
3.042940998874082315e+00
3.102217751330584861e+00
1.194520844254108427e+00
1.978020754641465873e+00
3.115366707233202082e+00
2.124028812039553404e+00
1.179136435138570249e+00
1.216681235607690814e+00
1.497871325710368851e+00
6.795380051052113402e-01
3.241209843151107606e+00
2.757323114348267712e+00
4.763027005906279143e+00
1.643734464854486044e+00
2.639516308899753749e+00
1.571758986309604644e+00
1.419684382210998130e+00
6.185607016221713605e-01
2.469224788375153246e+00
4.112707609398288389e-01
2.175759796533248913e+00
1.901544272963757942e+00
6.044136756759969309e+00
1.200490805314303744e+00
4.120491879451464001e+00
2.176058834986498436e+00
1.298325109892507712e+00
1.180634701699077693e+00
3.672853527700001841e+00
2.837405395305583333e+00
2.749837427984424210e+00
3.026508065188874941e+00
2.076185408767562635e+00
1.124783432470915168e+00
1.461724171022947383e+00
1.950734437157920498e+00
3.395968961121664798e+00
1.193392133750708295e+00
5.966407492845469562e+00
8.402556996542335233e-01
3.349526014809825814e+00
1.962315313976788156e+00
2.597165576881760529e+00
2.238384140853449278e+00
1.113313066256717665e+00
1.059821123651084163e+00
1.807987763559841365e+00
2.097891610949834451e+00
1.565427111774220670e+00
3.210365942225140934e+00
2.473424713929315732e+00
9.502872560530021273e-01
9.288027181121522036e-01
3.139364043324154974e+00
2.562623314438371214e+00
1.901659565658169626e+00
3.260500066280345610e+00
2.668683121326159924e+00
3.513360610330303224e+00
4.138896737097311984e+00
8.463472547849071326e-01
7.905483632725108123e+00
3.334484799358689244e+00
2.713904771939105842e+00
2.187353956360684304e+00
3.048943733619242202e+00
2.425816101994306973e+00
2.607064124127528526e+00
2.957785143277700257e+00
2.775277712328130253e+00
1.412045452406069712e+00
1.520066672519235107e+00
4.442071260439867331e+00
2.660421508154688475e+00
2.241080119109155167e+00
1.964271617017424809e+00
2.521744755681655459e+00
1.595900326954563964e+00
3.493497971974096838e+00
1.192515695719173152e+00
1.816520979332210572e+00
1.827994771196675305e+00
8.356971128972671137e-01
2.278632068812981082e+00
4.800675619999366539e+00
1.782353667159774835e+00
8.939832610211649877e-01
3.222835616234761780e+00
3.376747794279065129e+00
2.185609075265930290e+00
1.393476127590767888e+00
2.366721381656182288e+00
2.855430620468560221e+00
6.251206878952014989e+00
1.716508701609464893e+00
2.603722868197670071e+00
1.290302959728366838e+00
5.443721572360258332e-01
3.813079252701233823e+00
2.978013965293018206e+00
6.463360541098399636e+00
1.966931873485834759e+00
1.401544214046727355e+00
1.188864581814332855e+00
2.434595392895888555e+00
3.735087128334701578e+00
2.294000069731655156e+00
2.193960259646192235e+00
2.178392148256826921e+00
3.247275978056697987e+00
1.993043905313197195e+00
2.076053006205455631e+00
3.160968368037881948e+00
1.368058716300477151e+00
1.419285213001813206e+00
1.644071964590793522e+00
1.694225615213306835e+00
1.981910938300475156e+00
2.598657482202480384e+00
2.616891431691326542e+00
1.064011216033139196e+00
3.395330242230199858e+00
2.136012341478340293e+00
2.933993267629956936e+00
1.003865880685675505e+00
3.017273993589110415e+00
8.335319121849356083e-01
1.543157676804304046e+00
2.206741606072718298e+00
2.060850243544680271e+00
1.651873252200438458e+00
1.674816930554176464e+00
2.265602142331869295e+00
5.261120264674473690e-01
3.970891725656644944e+00
2.985087673527215379e+00
1.726922276013441504e+00
2.566039300002464163e+00
1.010486453174877841e+00
4.286414061171822887e+00
1.277003834472855814e+00
2.838535396362924956e+00
3.642193293190007619e+00
2.588099622300043645e+00
1.352750826842022303e+00
2.325207780068539787e+00
2.254716356677865630e+00
5.042176721249053806e+00
4.828013714259997258e+00
3.921162614776701361e+00
1.023229385139884595e+00
3.670577488744884431e-01
1.885507303204900564e+00
8.718149398020488272e-01
3.091540872347323887e+00
1.725208693055430897e+00
2.616637251787981011e+00
7.798929804809933142e-01
3.941072134565904328e+00
2.999893352356801657e+00
2.193171021919862795e+00
2.221723798367522651e+00
3.238621697220945617e+00
2.941909963956575780e+00
2.152705902033494212e+00
1.669230497394925017e+00
2.938989441628201416e+00
2.845163882475312267e+00
5.758866203879668966e+00
2.302145323935037347e+00
1.987459350305767147e+00
2.116555551027039073e+00
1.446574542369762684e+00
3.938819994199333596e+00
2.623398684145442861e+00
1.278334925466892535e+00
1.266062091935509448e+00
7.088550740384094162e+00
1.503566614575881699e+00
2.846217335370251345e-01
2.931247235521861505e+00
1.169106832132060125e+00
1.787098561126160723e+00
1.578515525455842949e+00
2.000326003416819098e+00
2.663215850136923635e+00
2.909228558301994116e+00
1.013146706440846367e+00
1.041172377219804934e+00
2.173187668322648758e+00
4.512458436513299809e+00
3.993949436357535632e+00
3.134389283140337490e+00
2.717484441047031574e+00
2.317368506883399792e+00
1.423058128855848370e+00
1.169196054076219626e+00
2.085082175575969199e+00
4.553188137840636251e+00
2.773539718096763362e+00
9.925005753800784092e-01
2.225251958570264588e+00
3.453805186922087156e+00
1.728577813283119324e+00
2.912001089943027310e+00
1.860492398479589360e+00
2.328913705167346304e+00
1.305208368494721105e+00
6.710230614540939165e+00
6.594917383792786580e-01
1.514439757559681965e+00
2.518970624340650222e+00
1.022880057332431925e+00
3.271780240265013351e+00
2.148443818898836177e+00
2.193068464149149577e+00
3.817619440273976927e+00
4.603165636706909147e+00
3.829546630580999533e+00
3.427992882448974155e-01
5.825598142829553350e-01
3.019469402031629279e+00
8.082544338910860882e-01
1.081690560859933425e+00
1.578651862227017810e+00
1.560393020569751155e+00
1.174616211788513720e+00
2.387040726211498765e+00
2.399834429000299529e+00
1.842625270973642815e+00
1.864721458716114277e+00
1.319791224541275954e+00
1.045717217130940790e+00
5.357150715168592647e-01
4.599680451410484316e+00
3.262631691362323672e+00
2.977860442253761786e+00
3.342007609421355774e+00
1.597212548012900690e+00
1.785129420599588013e+00
2.943768836293550795e+00
2.726165819114549471e+00
1.750879047040570180e+00
1.701564636306666767e+00
3.200996935223095363e+00
2.089808532934497531e+00
1.500976969189294907e+00
2.262564448516485527e+00
5.037740474860497919e+00
1.930354131621242475e-01
6.181888344695799509e-01
3.672002511948231351e+00
1.222892648935439253e+00
2.205996488438973113e+00
7.560670950835606252e-01
1.098389107452641067e+00
3.288904187245054178e+00
4.554668846902862001e+00
1.646180052162062868e+00
1.967262266325248365e+00
1.266980498844690217e+00
3.169110453296513086e-01
1.012121081438147607e+00
2.557980521469186641e+00
2.088404740000735060e+00
4.242190583378111057e+00
8.176516990690283482e-01
2.551989157679345865e+00
3.788798969572159780e+00
4.157881274056214771e+00
1.116892567110726153e+00
3.506553984741784369e+00
3.287131186453106757e+00
1.022261290449027360e+00
2.137719094794879204e+00
3.549337912825378361e+00
1.643920861122433408e+00
2.007761109061407367e+00
3.774394619725704558e+00
1.984234888968870791e+00
3.677445553107214771e+00
1.557022511288280064e+00
2.899414379476203507e+00
3.131830838656887384e+00
2.419947808429040670e+00
2.561982142544999341e+00
1.134592251005796415e+00
3.044885815656879213e+00
3.797892148780102062e+00
2.595493661280927622e+00
1.896885381676774562e+00
3.600301542239260577e+00
1.661493899224817383e+00
2.758466440090691307e+00
4.161833762477295195e+00
1.918146330771585584e+00
2.140527632054340934e+00
5.429160523489445112e+00
4.307777773680708244e-01
3.042506905679679186e+00
9.012260415640415134e-01
2.925286038722565429e+00
1.939185595816244501e+00
1.554995110525528190e+00
1.429216632193722747e+00
2.843782948233017027e+00
2.517920052590445934e+00
3.501284577577659984e+00
2.440073306506045370e+00
1.819187841652350368e+00
6.830833992105497243e-01
6.622826222912436833e+00
1.138518427023155644e+00
1.822554611229966870e+00
1.116748582264287748e+00
1.674766591188321385e+00
2.005372990816525203e+00
1.753686535715701211e+00
9.299281890507493653e-01
2.122828826008033243e+00
1.036538306963354028e+00
3.743347241405476034e+00
2.925870539871408216e+00
1.176439679660236770e+00
2.658126571448843123e+00
1.739773849976771869e+00
2.543103586583107312e+00
2.447224893004778856e+00
1.161339488315813906e+00
2.694466530893474543e-01
1.034840760881886368e+00
3.773158543438867696e+00
1.439788942404222283e+00
2.684885080503084165e+00
6.769758221682747878e-01
5.083834685956235333e+00
5.337574991796491197e+00
4.165150698907582161e+00
4.427281652724527894e-01
2.175423415588571441e+00
2.510404467661217609e+00
4.443961319827535839e+00
2.408727368631686794e+00
3.374342780736764524e+00
3.228818457114322804e+00
3.049108687781665328e+00
1.803504673710249584e+00
2.248576413271768271e+00
6.230399724296836972e+00
1.994440608811343552e+00
2.052086959954508405e+00
1.923394474701496382e+00
1.120834632257384111e+00
1.259858355782119022e+00
2.585972006566360282e+00
9.632741024411349828e-01
1.454663288832163781e+00
1.754536657807907130e+00
2.253754471369910028e+00
2.226008001798390978e+00
4.533112139720662626e+00
2.399622140257227088e+00
5.172808390492054098e-01
6.395968191191240493e+00
2.627560301557892775e+00
2.105602305946489672e+00
1.964276195898606359e+00
2.798667261965569697e+00
2.031088806527870272e+00
3.113486533095000564e+00
1.938422172185166881e+00
1.682893167216990005e+00
4.315851543459396034e+00
2.082089014391541149e+00
1.275723122454002878e+00
9.611231083886588866e-01
2.659857844353053391e+00
2.940358070461241535e+00
3.537151889019379158e+00
5.891301265051974489e+00
2.434516120484439217e+00
1.622159256941849703e+00
1.837694849840409539e+00
9.453432669108901010e-01
2.750505016369301448e+00
3.419397326650568392e-01
1.544244501131772473e+00
2.083058376242302945e+00
2.964782727369640547e+00
2.729479863398350581e+00
3.137990140966336661e+00
3.326088576174364597e+00
1.394678217182352631e+00
2.832473850299161988e+00
3.325201059008687121e+00
2.991952615949435401e+00
2.549964974187426847e+00
7.586528129587268854e-01
3.186228116678726963e+00
3.742582974002364171e-01
6.751356563489070872e+00
2.162658563434008752e+00
3.712876132743303081e+00
2.018058723553037836e+00
3.043505287540696269e+00
2.964498417086288029e+00
8.085711934464803186e-01
1.470560553438927442e+00
1.848949436533402935e+00
3.049112078816942906e-01
1.955752352139205064e+00
1.202382924197684888e+00
5.584783930423887988e+00
1.070800884972499922e+00
6.120643190941432721e-01
2.194650050404589603e+00
1.199483454597847221e+00
1.826302959666419534e+00
3.776472968065073044e+00
3.101142502839075110e+00
4.749886057694981290e+00
2.752597872632823961e+00
1.127990749385975322e+00
1.585048753068501348e+00
1.810953715657625862e+00
5.151757430517925895e-01
1.424416903138805646e+00
3.540834858037907651e+00
1.867950069426846715e+00
1.360092690090044742e+00
8.485075483959002574e-01
1.333182589243556260e+00
2.192145489268693126e+00
2.172165757178661671e+00
2.338346688914034743e-01
1.494690242519763013e+00
4.735182963749545948e+00
9.223777056207044245e-01
6.147527484407347975e-01
1.825053321936499495e+00
3.295485670806190814e+00
1.048535061465435847e+00
2.899520280982268439e+00
1.399552372381979604e+00
6.715587546010377551e+00
3.213670362406898295e+00
1.412051803732021549e+00
3.920408535353912871e+00
3.720141666505938360e+00
2.056130062531567049e+00
1.517335323178125250e+00
3.213021389089069313e+00
4.670216350028114860e+00
3.442266883531341026e+00
7.017916302079062474e-01
2.030091665968341452e+00
5.965696584062930796e+00
2.396589662994198733e+00
4.373428287733768016e+00
2.881488408208482177e+00
2.169360860756294418e+00
1.005298061905725238e+00
1.149560115436035312e+00
1.358813855132005255e+00
6.247603601836034137e+00
2.401814569910439623e+00
6.840472308848652538e+00
3.605764424611726415e+00
9.932080830218612544e-01
3.307459153909355631e+00
2.980140794077487332e+00
2.362328278582110919e+00
2.192780817724002684e+00
2.371266373785142267e+00
1.476235576648289083e+00
3.895814634791208597e+00
3.523878605632145611e+00
4.359555107725398670e+00
2.846728405928166339e+00
2.835841262008337971e+00
4.205573095776513171e+00
1.040757744277335473e+00
1.806800544973294675e+00
1.283701855460610552e+00
4.545080653302790985e+00
1.808843686167717513e+00
9.506127336236848135e-01
1.179928304690372354e+00
1.302891901521582962e+00
3.404790607466336994e+00
2.824736697870896762e+00
2.393131626445328841e+00
1.936816932410209802e+00
3.384392761110745607e+00
2.777594012247820432e-01
3.973794223304846884e+00
1.226772800478897141e+00
6.334996144473150181e+00
3.026003005510893296e-01
5.585903096783692012e-01
2.817541623596875322e+00
1.013845002628462222e+00
3.343175012292417758e+00
2.249003776451542258e+00
2.307054238404766977e+00
8.497480198487521452e-01
1.320171096509939579e+00
4.067703534124719189e-01
8.423194486890025701e+00
2.163967695092925414e+00
3.394930352147418340e+00
1.854959867506242199e+00
1.560289660648279231e+00
2.816137269711039171e+00
9.921408314575084209e-01
9.049124386858955482e-01
7.046001518743431058e-01
5.477433468801541139e+00
4.977452723284277458e-01
2.833520184711195267e+00
3.653447031470167250e+00
6.179290387772244930e-01
3.836267160945535437e+00
3.198180912406332066e+00
5.502460495377191840e+00
1.611125940789457145e+00
1.875676814207883902e+00
2.115304047994999603e+00
1.756346471019138100e+00
3.313810548690896418e+00
3.696370140883422639e-01
5.475793167116284055e-01
3.155916140327398089e+00
1.949283814131961501e+00
1.374471105899958134e+00
4.107870737477124834e+00
3.780557035854113845e+00
2.434594948283848481e+00
5.735446353354231697e+00
1.703445734474217765e+00
3.169564170736137054e+00
1.379127041148310306e+00
1.697593212381095507e+00
2.448116943457017136e+00
2.070385873855642878e+00
2.586746127038289433e+00
1.293496169173403265e+00
3.916677918678340142e-01
2.717675839837176532e+00
1.263232550487315198e+00
9.906772826558616352e-01
1.177846545963350255e+00
3.629819917590392908e+00
3.258337315415144264e+00
3.694455411941889533e+00
3.352424721395297791e+00
1.880197110208243760e+00
1.541849817050013005e+00
4.920958896565076124e+00
2.485334169228498258e+00
6.980729410293570192e-01
2.974187470830905067e+00
3.179904829585295190e+00
1.503085801774826091e+00
1.924986495040786227e+00
1.473317413197885228e+00
3.574878616505228646e+00
2.356998060617451873e+00
1.898317556241767567e+00
1.662551766383441487e+00
4.904020211407506658e+00
9.520368545517996495e-01
1.352546764552816860e+00
2.449298587396236293e+00
3.145444483957995807e+00
2.455702519368269776e+00
2.746554800147266828e+00
3.497350625124683088e+00
3.992936965712230002e+00
1.220486095335588050e+00
4.738166215511677493e+00
7.940964726071633173e-01
8.762304713390721700e-01
9.048740632363888592e-01
3.682629814284784864e+00
5.390886013671012833e+00
3.585416993935580887e+00
3.330963636619420409e+00
1.810784856420420530e+00
5.213508337608445675e-01
4.432381191190943426e+00
1.324640693154023774e+00
3.307666577041626255e+00
4.013335269799886085e+00
1.346255054458687983e+00
1.077266906781471301e+00
3.547368607907218863e+00
2.738146170686849956e+00
2.168644760717133302e+00
8.827041894992124771e-01
2.890141473730876154e+00
8.017275742297139685e-01
2.249507104827796145e+00
1.940495956503403008e+00
4.553370111479892124e+00
7.384849896456870955e-01
5.117506270609652574e+00
1.584869019712853433e+00
4.345098949949479206e+00
4.303789131260417733e+00
2.271818977945066376e+00
1.319539288853622594e+00
3.420754639597373359e+00
1.102143642739394025e+00
2.097854725660875275e+00
2.000012718937543621e+00
1.378797075991926580e+00
2.076549014059192899e+00
2.688192484056450393e+00
8.579403457546149747e-01
1.110758255633601754e+00
1.835074589059008332e+00
3.931533728459422505e+00
6.473992054198708379e-01
1.987112705449811223e+00
7.602722060718261066e-01
2.364023967712582941e+00
1.608215472518442990e+00
3.592343251421033390e+00
1.403918068830249943e+00
2.471256598804816296e+00
3.546555177135763515e+00
2.678394790366679601e+00
1.519145358300713733e+00
2.599765925411266831e+00
3.273140811647875292e+00
3.886985688498094227e+00
3.569684433189071804e+00
2.901888187498622429e+00
2.580937194278517754e+00
2.007478492993218122e+00
2.347248064601369144e+00
2.865292925744985730e+00
7.296959648559535605e-01
1.610642752592580162e+00
7.679438080671770805e+00
2.005351696936899408e+00
1.093697628029130797e+01
1.825014378932554138e+00
1.753825159077226470e+00
9.202921977223893490e-01
4.510978715891411639e+00
1.633303729921369962e+00
1.714229134765196338e+00
1.462586785523380062e+00
1.882443435410988686e+00
1.961251657872383092e+00
1.470876413333915389e+00
2.427162509736381590e+00
1.488874090596595368e+00
1.373099602739536573e+00
1.223519476206420098e+00
1.380347459198099092e+00
3.668508898789602846e+00
8.999587581541725001e+00
7.091414038686296717e-01
9.443661127730363924e-01
2.755268566827322019e+00
2.468883100526461316e+00
3.336869235711143578e+00
2.025403710755477871e+00
1.577815975452159458e+00
2.929903600308655598e+00
2.808824411660015397e+00
1.161000764015727826e+00
1.720245570984917149e+00
2.395311152434048907e+00
3.509409916213927616e+00
7.286265056643148164e+00
3.408870945257926888e+00
3.958855450924574804e+00
8.433000086036153142e-01
3.032795591324612072e+00
4.236492113211745902e+00
9.752654388675539021e-01
1.894866803268545175e+00
3.903471291704623702e+00
4.556274783482025192e+00
2.954196014029286221e+00
2.713274939614089387e+00
1.979190135607463041e+00
7.412639250077242004e-01
1.608258661064874362e+00
1.836388025831608761e+00
3.723883493793201271e+00
2.120219837214964098e+00
1.756652596920955212e+00
1.208857580720354541e+00
1.400409294246615310e+00
1.465986770969573971e+00
2.022497489517218305e+00
9.587688562734899556e-01
3.722472267318321926e+00
1.834544861606474786e+00
5.032454890709070483e+00
1.126049602140574368e+00
1.553156647765771892e+00
1.454299310902083420e+00
2.194651351598839728e+00
2.575586790278467930e+00
1.760414104285395798e+00
2.737496655156174796e+00
3.394425884392604509e+00
2.817775778382132668e+00
1.516300021373576445e+00
1.609733886983329976e+00
1.723115653350149046e+00
2.630907496107563137e+00
2.091217404780515210e+00
1.908931475555347479e+00
2.589644785004446170e+00
1.106762813800927114e+00
1.730061867934968411e+00
2.050015072149148132e+00
2.778921419682538030e+00
1.974569748384357837e+00
3.855463862502553241e+00
1.271237217599690661e+00
8.660007872683292973e-01
1.600633213493993123e+00
3.222191409438545762e+00
2.127834638981844328e+00
1.264679885439754292e+00
1.628514471156155663e+00
2.945893916780218724e+00
2.409212839493456215e+00
2.486822183010814147e+00
2.514945126386895602e+00
4.008283668158978408e+00
1.622948340344099849e+00
2.234453827136288595e+00
1.879216246151929948e+00
1.633307033722368073e+00
2.502448413830649532e+00
2.370284490348371520e+00
3.696104442828542780e+00
1.690816856506474508e+00
1.881923720229185415e+00
3.133904646351564072e+00
1.701532651930633300e+00
1.174606201347155876e+00
1.745763034603358577e+00
2.336537303143969346e+00
2.046711956659814202e+00
1.987675595564741382e+00
2.618654277318395618e+00
2.581669651379852937e+00
4.272034162564133375e+00
1.801920738982883963e+00
1.643063718501956760e+00
2.276401123114320857e+00
2.468908352883396162e+00
2.235632267935600659e+00
5.166912887635537466e+00
1.472474944709634359e+00
1.949629849309066243e+00
2.238471304005398288e+00
3.007242719498074202e+00
6.509027504655630070e-01
4.999679045746630912e+00
2.686009742754635443e+00
1.972995424455784352e+00
2.780871572095701683e-01
2.235715084769872352e+00
1.648233967403830436e+00
1.765319482163921316e+00
9.460242564518073216e-01
2.330852468231928043e+00
1.036446266301453978e+00
4.717978264621669915e+00
1.183319341378588074e+00
3.523964504355832084e-01
3.843681900812308871e+00
1.259098961757202373e+00
2.054046845177214919e+00
2.375147198692158845e+00
1.113155403768878227e+00
1.889486464458392634e+00
2.382548076302950957e+00
3.442099840933731669e-01
1.228396378595823180e+00
2.524026622049380553e+00
3.304506064927943410e+00
1.389883717411396935e+00
1.996130517685255290e+00
2.977824549064523207e+00
5.010871560900812760e+00
5.660598722132711202e+00
1.157154355902866527e+00
4.652527013105338227e+00
2.995795765782093945e+00
4.402922917448122697e-01
1.654142522653981429e+00
3.199315042375516227e-01
3.575936572452641293e+00
2.363785069526384230e+00
1.366930012749294709e+00
2.017078053321747610e+00
1.181737274494736090e+00
4.119331783899843558e+00
1.145085428986280629e+00
3.172508084247614768e+00
2.114211773298194874e+00
2.808637094505118448e+00
1.362574407218198891e+00
1.633951342270818508e+00
3.551034954076910832e+00
2.041762334082839025e+00
2.143575646618584685e+00
2.571519377431296327e+00
1.882810463951489321e+00
2.662677455687565420e+00
4.228153283880424773e+00
2.829686027687402294e+00
6.048263559088351560e-01
1.750519320022609460e+00
2.776643281540267072e+00
2.439999870306307717e+00
1.610472257171525756e+00
2.188277805681184685e+00
1.610727563749392743e+00
2.362204622239405971e+00
3.324282366525206367e+00
1.319444441714569649e+00
2.524964290248789212e+00
4.595165522802458824e+00
8.362234206497204392e-01
1.636338865815883725e+00
1.682937108697618145e+00
2.245411493248828716e+00
2.275558817772607156e+00
1.144107924435217027e+00
1.443189650175297212e+00
3.898763250395287372e+00
2.547723814852570712e+00
2.310289589785231357e+00
2.576834324161387801e+00
1.141374371540668120e+00
2.185798275682018232e+00
9.437138998281705549e-01
1.664397007551203567e+00
1.788375334296878894e+00
2.502162470963896546e+00
1.088577618995900664e+00
1.343336724157540019e+00
1.259681121841299767e+00
1.315374293468378308e+00
1.539091100030821835e+00
1.698320489640651410e+00
8.516035391033952573e-01
8.297418058934800555e+00
2.353383757018882694e+00
5.994635354467963140e+00
2.874949449124539314e+00
3.680799411759732576e-01
3.223426342013702151e+00
1.704316357145131855e+00
1.014069353276383811e+00
2.119502017953895923e+00
2.434417731705909471e+00
2.017004088833079134e+00
1.870335702205480510e+00
3.240956698848674211e+00
1.853738558651848667e+00
2.704891078104723956e+00
1.522045089490290604e+00
1.274882364753826769e+00
5.227011001735617057e+00
2.194794366523137974e+00
3.662791188069880022e+00
1.819107814958490943e+00
1.567579910432550960e+00
5.609224640052602462e-01
2.622569059479118891e+00
1.092112781462011961e+00
3.859093565606932952e+00
1.705398012270775254e+00
2.164137624636905510e+00
3.167559510568143555e+00
2.187058099165359870e+00
2.791244286737959879e+00
2.683235918759208971e+00
2.143525707356478183e+00
1.021069985021668458e+00
4.481317853131988826e+00
2.143686848885836937e+00
9.919542983331481878e-01
7.624540035684846950e-01
7.618553472099699464e-01
6.884091256029332140e-01
7.777355109650462950e+00
1.122222096489505772e+00
4.965423616225709047e+00
7.258131411005777078e-01
3.865420394659702552e+00
5.237944287524639364e+00
1.290044081285223632e+00
1.344732740365346180e+00
3.103355403304913995e+00
9.004203892745379356e-01
3.355794952268874365e+00
1.460145512938296752e+00
7.262364396245067910e-01
3.674559015997395761e+00
1.080828214612683080e+00
1.854637892202385174e+00
1.564448809651694861e+00
7.120976819506060762e-01
3.164208016052905581e+00
3.739601434701367744e+00
5.397900040685168932e+00
2.318502265443418864e+00
2.805874718912919175e+00
1.101856515458131902e+00
2.560885295194203604e+00
3.398219866426516411e+00
4.524368549565732422e+00
2.877824630718234467e+00
1.300298101481502044e+00
7.715654585852058656e-01
1.278320272114827683e+00
3.363574510455250799e+00
2.888263625377966992e+00
1.781262764799033782e+00
3.607225702573444881e+00
1.476438472354091980e+00
2.260446491587959184e+00
6.539784206193584026e-01
2.455651064308656206e+00
4.644426114743252509e-01
1.814978531511744375e+00
4.430639669369527134e+00
8.132244437852476082e-01
1.160456832596996168e+00
7.980388679927099549e-01
2.753868100703431132e+00
1.704358094914687038e+00
2.354378724277588653e+00
2.675828505002566970e+00
1.445837731095607870e+00
4.112618598792887603e+00
2.246453927394806094e+00
2.210571482359976248e+00
3.725196074260146428e+00
6.089778843947906140e+00
1.791063378612143042e+00
2.021307407529513434e+00
1.428239344484517392e+00
4.985984838524260554e-01
9.616531160237344888e-01
3.627180817119499245e+00
9.769227840525250839e-01
2.244011834157311203e+00
3.463794403352151718e+00
4.692925564315570064e+00
1.010605115693498979e+00
1.388203621284856304e+00
3.040995271517641818e+00
1.306761988482145753e+01
3.320844033231469816e-01
1.964494412147181013e+00
1.289348064758587764e+00
2.888503324284092511e+00
2.032539726343697506e+00
2.610115152134746541e+00
2.325545086588769905e+00
1.104573595295253341e+00
2.083466223471050593e+00
1.818317032974182235e+00
4.939684058304031566e+00
3.228339158454799129e+00
5.584015445477336081e-01
2.526653663749302225e+00
2.310973861983683264e+00
2.231435879433230962e+00
8.995755022213829388e-01
4.479492585844032426e+00
3.009522839082185985e-01
1.898473338323791726e+00
1.681115267545671532e+00
1.557365565145151676e+00
3.367533305031396473e+00
1.249346996446915936e+00
8.680701326213644542e-01
1.608420327994011467e+00
1.493303436664836337e+00
3.704204263745297432e+00
1.259339320495003411e+00
1.666199573588286631e+00
3.102715362811804933e+00
9.706960763227694411e-01
5.891750511025935388e+00
4.765578361185600187e+00
6.081163359914121269e-01
3.359994804498984244e+00
1.586818188422569165e+00
1.615723213663289082e+00
3.161382817664374567e+00
4.453903962917530990e+00
1.869744284373187071e+00
3.125059608694736202e+00
8.118003734853475040e-01
1.059053315700920761e+00
1.507505543279408000e+00
2.259917549550376492e+00
1.661725415712432374e+00
2.502582541102742031e+00
1.295536128293568234e+00
1.344949678425298556e+00
2.534467035411800850e+00
3.596961271342876465e+00
2.855987644773934520e+00
1.735267798187376753e+00
3.187884092922723678e+00
1.825540640569815132e+00
2.841260491341083938e+00
3.203879989440012732e+00
1.198601236549551086e+00
1.057491423265609853e+00
3.505394302339932100e+00
2.221046558991381481e+00
1.084300096236647581e+00
1.980469076726980360e+00
4.075284397660912106e+00
2.769384303409708536e+00
2.332624502239073028e+00
1.413405058303145445e+00
2.957911886346933805e+00
3.138173666331327105e+00
1.853138515778247619e+00
3.760083483054562414e+00
1.250142259100742947e+00
3.956188083945290312e+00
2.159300971465049290e+00
4.997292473076866970e-01
3.916204425821956381e+00
3.916956039651251054e+00
3.482887371094165463e+00
2.199909865856708446e+00
2.372642579938232910e+00
2.091393802224153831e+00
4.034417227945674256e+00
3.593712376094945427e+00
2.863133780918107885e+00
1.179288639890806678e+00
1.781087143717587029e+00
2.912303144895430851e+00
1.421143903689973786e+00
5.378506111642262333e+00
3.968506450186211953e+00
1.275324630621403443e+00
2.740836642824401537e+00
3.431184113533078950e+00
9.017055108326202273e+00
1.131677772498415946e+00
3.118908166660224524e+00
3.990415460559965322e+00
7.941127777924330555e-01
1.768653280780695392e+00
1.602822284795623942e+00
3.364650857493002967e+00
2.242010508772706245e+00
3.778240519089849592e+00
2.441165558073676412e+00
1.601904080377831496e+00
6.644698142044054290e-01
3.261949510035013322e+00
9.344786144992157650e-01
3.720012452031647321e+00
1.069216550973542068e+00
6.624578445078024291e-01
1.631725398134679539e+00
1.584507359640135560e+00
3.057225038752118262e+00
2.110057600410723655e+00
9.015586149781179559e-01
2.250532484498189323e+00
2.388893516196028521e+00
1.346155642525012519e+00
2.401435033230761018e+00
1.399675848016250113e+00
2.099626905456418946e+00
2.357829401952017623e+00
2.541680978828947168e+00
2.417057950944809352e+00
3.785006861701332603e+00
4.584552575662399043e+00
1.483750214725169103e+00
1.585056156127316651e+00
1.306176083886352313e+00
1.024447003361408370e+00
1.519300213995478099e+00
2.056490776834983158e+00
1.661783868013374965e+00
1.781303097928121026e+00
3.197572023084250592e+00
1.955904819832410935e+00
4.603517044820619186e-01
3.911741391214303309e+00
1.888895023905047266e+00
2.818849583842010453e+00
8.753125242868802225e-01
3.944804073381725118e+00
3.764099328612652062e+00
1.346415551983036973e+00
4.020740224789175699e+00
1.551949369201198303e+00
2.457651791807129449e+00
1.538930608430521207e+00
1.763157082903956674e+00
2.344742603554816451e+00
4.508114251317551613e+00
2.194480656914667094e+00
1.519376666909340035e+00
2.120440118465015455e+00
2.303166315083105875e+00
2.341427580244400453e+00
1.524372726086228091e+00
4.227672977544210120e+00
4.395517515996342439e+00
3.964137685077643081e+00
5.277186747427287106e-01
1.168531577988334957e+00
1.834796563970566785e+00
2.276045573788400223e+00
4.387376470354753089e+00
1.292153586052534608e+00
3.531612560815041491e+00
2.258053887905895785e+00
1.699791446332888700e+00
1.436461317326177545e+00
2.200798636603408909e+00
1.278255089396614252e+00
2.252060686865705819e+00
3.024583678336335346e+00
1.584387987259544550e+00
1.352381950308588765e+00
1.722935979486281965e+00
3.060326645241239429e+00
1.736572385040345834e+00
3.236036582601374612e+00
1.266978034549283816e+00
2.127720973489177325e+00
4.397723558434246449e+00
5.029274045844392305e+00
3.819409660241541715e+00
5.475762828034857144e+00
3.408359157025508512e+00
3.471370400263646516e+00
1.199759760558715582e+00
3.786774251702912153e+00
2.142322423558860933e+00
8.612456649437234546e-01
2.727415188107778388e+00
2.567072898173235806e+00
1.394551927825528725e+00
1.468913509360785685e+00
1.405334320201419462e+00
1.878220014026397600e+00
3.706951162178440562e+00
1.568980362952817398e+00
8.168125018733547460e-01
2.022355269289380697e+00
4.111379944334368375e+00
1.519925591181455093e+00
3.162555138381956343e+00
1.807524592344011083e+00
1.816315207075550386e+00
1.732134200351157949e+00
1.773939757463353750e+00
2.235600064932516950e+00
3.294015340522779223e+00
1.954012467722796798e+00
1.373189038760330494e+00
1.141960947145936878e+00
6.109677414791444550e-01
2.848421299240356142e+00
3.096768114208142464e+00
2.338288175435003335e+00
2.971010063732220985e+00
1.601516219021827725e+00
3.935753224523539373e-01
2.298929219047332051e+00
6.227294720333109712e-01
1.988089766340107145e+00
5.670625621145136463e+00
1.782248403931359082e+00
4.331510241292820251e-01
7.139594981950796004e+00
1.783475735028853926e+00
4.608104325777607535e+00
2.840282020351770242e+00
1.783873375713448839e+00
8.572328771902504307e-01
1.016390573427515598e+01
6.405895442191638089e-01
3.433258103821716922e+00
1.930543727221372796e+00
2.733500686638513422e+00
1.714297404263936064e+00
1.359983637967982384e+00
1.923311806011382519e+00
2.971520053991642207e+00
1.100301574449324526e+00
2.366893589452147229e+00
1.973912329448776148e+00
1.091879066214148430e+00
2.220488003173236802e+00
2.928250820268767818e+00
1.749358658082548867e+00
1.333166877138119766e+00
2.982470528965014189e+00
3.530007594703625351e+00
3.997494527500911610e-01
1.783857456489013060e+00
3.030786004354268037e+00
2.469302837211002188e+00
2.818288061270856737e+00
2.166960390010485682e+00
4.744499072261445072e+00
7.737337900510581346e-01
2.074953076518778250e+00
1.640244572400485712e+00
3.872695999385085130e+00
2.254253448960863881e+00
4.140216420635867145e+00
1.379533258223573089e+00
4.471424208682527102e+00
2.432652442240879953e+00
2.195333507054879618e+00
1.468851782077588375e+00
2.517181903941306143e+00
1.581091668161500596e+00
3.587239061232402548e+00
1.206913747734350562e+00
1.553140895830912083e+00
3.576735464127381636e+00
2.721552318578665197e+00
1.623184807772883653e+00
3.633278429105796903e+00
2.896119693159063591e+00
2.913182948381205950e+00
8.427749187248158025e-01
4.024839837779612850e+00
1.865003267030933998e+00
1.945508948977279218e+00
3.253876116816381447e+00
4.173348622047827305e+00
2.373255451423591289e+00
1.892877839612426616e+00
1.007729835614926905e+00
2.701593057187742009e+00
1.757219328876065356e+00
7.003354594998553173e-01
4.657401466717741023e+00
2.630054395802895240e+00
2.232491196016676227e+00
7.839451861152226808e-01
1.692266331834110238e+00
2.097568883508627913e+00
7.428346650213154545e-01
3.159172386489495832e+00
3.839552401337671839e+00
1.939360860390602959e+00
9.898551085148062922e-01
1.938996490008631390e+00
2.318763471656222652e+00
1.722855224266180985e+00
3.506222527918558818e+00
1.607849266260202858e+00
1.790054935719427975e+00
3.539721069085696836e+00
3.342152756386935319e+00
4.767891952237916620e+00
1.740224686726532966e+00
2.746142481215809283e+00
3.316298571068718282e+00
3.063962030783465629e+00
1.820287948681007739e+00
1.886038535453690823e+00
2.150548414267658970e+00
4.033831782462799609e+00
2.221062953529241657e+00
2.857600764620930267e+00
2.997152648879091164e+00
3.177226496675153555e+00
8.556277500764467581e-01
6.178003343292859384e-01
3.086369824954370955e+00
7.087868988112916435e-01
1.652254315465929713e+00
2.785654184450806703e+00
2.934567118293334609e+00
1.731972455929546184e+00
2.239864637187039431e+00
4.936417586409908687e+00
3.455620884050639496e+00
2.103735764013461740e+00
2.155165295393569380e+00
2.961297773144267342e+00
1.246081726533322831e+00
2.422920004389216508e+00
1.267920943614604612e+00
1.959590610808835676e+00
1.908254661675705011e+00
2.095259720898236644e+00
2.664228247493060309e+00
1.797346953167199723e+00
2.541702267496114054e+00
1.906618325216149490e+00
3.584754130450669596e+00
3.635500535524259114e+00
1.039911788770035805e+01
2.343267467300888196e+00
2.088953444282761307e+00
1.988959377226563241e+00
2.219862393318958294e+00
1.364472020226616289e+00
2.861148683564767481e+00
1.261890284801458595e+00
7.553838657144966717e-01
2.212516466896661260e+00
1.364098601375166586e+00
3.045580988813525014e+00
2.687979075912798166e+00
3.232527168733809741e+00
3.511377855109648838e+00
2.215291132311034694e+00
3.332248480801422996e+00
3.539260986796187947e+00
1.209648732494192913e+00
2.594904736524574318e+00
3.791252885930254113e+00
4.344212178893973153e+00
6.646495903140692274e-01
1.450323101630564215e+00
2.208133503658893826e+00
3.586125465516412092e+00
1.039164246052105112e+00
4.655724428055648012e+00
3.202534785389398397e+00
2.945160442732371653e+00
2.477431967880112218e+00
2.077518209799092297e+00
1.169469087517981842e+00
7.905129015267751136e-01
3.393749361663229713e+00
5.865007489957806408e-01
7.985765600527667374e+00
1.086246231846623544e+01
3.006328269145231769e+00
6.643355534201491608e-01
4.256247919016629688e-01
1.251186487017900362e+00
2.331824293857797770e+00
2.499089241099041736e+00
5.790601674042416214e+00
1.990597428553934956e+00
1.600412870020213152e+00
1.974412286927047289e+00
5.230642412235878558e-01
2.491301684461382226e+00
3.113942594366031713e+00
4.094815319873324810e+00
2.979711108070322023e+00
1.858619658081198445e+00
8.923556956021765352e-01
2.243748472628980473e+00
1.942292267007952766e+00
2.521806994677822544e+00
3.993033321494919630e+00
1.606357865029893306e+00
3.736283184154956860e+00
2.725657430201162246e+00
5.537821302360980136e-01
3.069623012729998823e+00
3.533499038033761863e+00
4.070004938468120947e+00
3.109071408752739796e+00
2.388479922441312020e+00
1.398413204786115971e+00
9.322368438117389911e-01
7.566741740931224314e-01
1.501852115854079850e+00
4.941335803925038794e-01
4.295326026354409521e+00
8.197447144221651216e-01
3.342394359348396460e+00
2.944486965069477158e+00
2.362162757153292603e+00
3.999267382285989658e+00
1.723395979356180829e+00
1.554555092091226776e+00
4.416824016616812010e+00
1.483092902767211063e+00
1.634593467038052417e+00
3.423730411632334381e+00
1.625193842356932983e+00
2.495671175117480267e+00
2.443878597513490014e+00
1.121870122405746129e+00
4.094629821977886941e+00
6.010248478737763023e-01
1.643120602676585884e+00
1.549294314709509957e+00
1.366559000320941353e+00
8.229239049060118605e-01
9.149583215421575044e-01
2.191680544693359600e+00
4.991838369983316426e+00
2.810781400557146537e+00
9.946997351993703829e-01
2.607376223500207146e+00
3.904189609051558651e+00
2.775921127622215323e+00
1.098982088966143245e+00
4.899745483601198881e-01
2.929535917009589596e+00
3.345560059794880470e+00
1.249103514789170699e+00
1.857804203210908334e+00
2.690893049601783993e+00
1.837818155369006501e+00
1.240617789225523682e+00
2.590876953292150731e+00
1.319398576603893147e+00
2.779397392586588467e+00
1.795476717427169300e+00
2.918288637381523554e+00
3.309430054067941995e+00
9.138575880618884373e-01
1.310209777553649424e+00
5.279113802882213768e+00
1.287993576277016050e+00
1.279425311378688157e+01
2.077302416696992005e+00
1.139784745674032429e+00
4.079747137784604405e+00
2.114375476698075740e-01
2.506204039545074647e+00
2.855556955758926208e+00
2.015141871333423929e+00
9.031261014025986356e+00
8.400273033887208918e-01
1.929064309352887197e+00
1.425978974713931757e+00
3.875489713406297998e+00
2.390511483259040393e+00
1.265650083677363202e+00
2.011608131847598457e+00
3.773254381185184858e+00
1.660487633013681519e+00
3.825466238171895572e+00
1.543833589895730496e+00
3.180893404389542045e+00
1.423786973687951152e+00
6.726738451436102828e+00
2.865575811714653032e+00
3.747304368788429763e+00
2.256039946112994965e+00
4.087465707941943194e+00
1.492146911155539879e+00
5.585489109236023708e-01
3.259638457290428559e-01
1.066399027258322585e+00
2.327853469952377630e+00
1.504010404438935300e+00
2.943432297980012713e+00
3.738007701920019077e+00
5.741459229653130825e-01
2.534474896503063235e+00
2.063869028016474871e+00
1.684500162683361113e+00
1.552122706970473276e+00
2.249304535642633329e+00
2.788915508241795127e+00
1.059101918050729951e+00
9.528333991595078212e-01
3.191586625891373430e+00
1.838762486548480402e+00
2.912851544513768154e+00
2.375089667359224777e+00
1.606493076669225584e+00
1.959177803154842135e+00
3.126903704158703778e+00
1.348681948833686306e+00
3.072621209818858112e+00
6.678914631201969820e-01
9.449133619134141293e-01
9.776815929987635601e-01
1.694280667753254477e+00
2.130116826963033727e+00
1.147314704655979067e+00
1.607928262586638457e+00
4.124946374198153798e+00
2.233797480152608816e+00
1.302161063308149958e+00
1.298104624846804223e+00
1.376780781823196076e+00
1.266072529640515976e+00
1.271297326858015664e+00
5.054023828316898559e+00
3.341854614896728304e+00
1.421484279454835464e+00
1.820821871754325638e+00
1.671834619384912735e+00
2.928271176167675627e+00
1.406902317331346408e+00
2.156361946605589885e+00
5.204124058362114003e-01
1.643252528478060803e+00
2.765903827992087116e+00
2.173491360099467418e+00
1.768602215257820909e+00
1.099916018279258001e+00
7.079455666196992070e-01
1.878844186440260078e+00
3.027537544328259944e+00
1.766707423178402792e+00
1.291359146962256288e+00
1.393144413632202427e+00
2.241343355041090835e+00
3.707815304124287170e+00
1.167432864455483221e+00
2.886070478638435244e+00
4.647390690212539255e+00
2.423131660725723613e+00
2.967085077459430953e-01
9.993539396875095182e-01
1.882958604011987669e+00
6.382635003104307536e+00
3.145842238913483691e+00
1.787211085632601559e+00
3.092482420822602496e+00
8.546963349975586155e+00
1.024018959770241821e+00
3.681935573365329617e+00
1.477368617816712471e+00
2.829191583675264354e+00
2.527158833242096669e+00
1.930124106406173157e+00
9.705180384188811793e-01
7.372048425552123474e-01
3.362411210334955047e+00
1.910382498166481424e+00
3.070340620531410547e+00
1.778508583298370027e+00
4.085654447310325565e+00
6.482472210507471466e+00
1.655523246021732175e+00
3.324746040877990527e+00
1.815802929575751179e+00
2.247224809623177499e+00
2.959300150192017309e+00
1.819412455129780559e+00
1.429675653901627763e+00
2.917443288212379304e+00
2.160758630265446456e+00
1.156610110751453036e+00
3.635673758587095072e+00
3.529936884949881115e+00
5.731134812871038209e-01
2.499572577325962719e+00
3.099233527255559117e+00
2.288421690602393088e+00
6.302111187370754486e+00
2.077038845326187655e+00
2.787604559050179009e+00
2.391794538185177732e+00
4.238450331712735775e+00
1.006993343033816934e+00
2.210645767756105329e+00
3.379462961282096334e+00
3.099731929417984810e-01
2.250473946423695359e+00
1.314863963178082074e+00
1.160479840056070966e+00
1.514025635477373566e+00
6.914757457293753129e-01
2.918301752645849678e+00
2.713349209035817999e+00
2.223467846427689132e+00
2.207344764554472594e+00
1.457648084030619406e+00
8.669648872087893920e-01
3.587671335336381495e-01
2.651084428714970631e+00
1.476750445467020390e+00
2.057377593299920981e+00
7.972786921494823265e-01
2.403801727052302883e+00
1.028827916434837064e+00
2.519418687802450041e+00
5.312837436718133688e+00
2.595880151954591319e+00
1.741890676412458205e+00
4.013439657668599558e+00
1.455759435276307245e+00
1.191355030686416017e+00
2.835720173132590283e+00
2.554893940617972259e+00
4.342629047168879985e+00
2.632211701061752951e+00
1.280845736770159338e+00
1.239264512272851615e+00
3.063091870406789319e+00
1.244198163998166518e+00
2.938384922100202079e+00
1.423759494538675341e+00
9.554211860222073804e-01
6.687828337260523170e+00
4.220215619829262188e+00
2.343540672231066324e+00
2.791433408834032015e+00
2.620289769149307446e+00
1.251819359411967980e+00
5.129854734826563067e+00
1.241422538328939007e+00
1.160803531521038323e+00
8.757021937286293412e-01
2.477000936334705194e+00
1.354459257872652422e+00
5.630173924220142290e+00
1.069331907578912277e+00
3.874922145120518913e+00
5.899155151564786870e+00
6.141691839410027276e-01
1.665125154636623028e+00
2.511823771979063036e+00
3.676915053525767085e+00
3.002066238261570597e+00
3.198117356873731332e+00
2.980477766496440584e+00
4.600641329405697810e+00
2.262931300535959700e+00
5.969882311881959946e-01
1.935111179008379700e+00
3.349901791626045622e+00
2.291095920069613268e+00
1.544752579979421947e+00
1.631769386448333803e+00
3.679482855439837774e+00
1.095973370136874792e+00
1.302056784032254777e+00
3.301485992053181828e+00
8.402995613751039761e-01
8.633904297599427347e-01
3.317111396660999745e+00
3.487162395288329719e+00
2.495042956454516236e+00
2.701331019620039076e+00
2.372528824093929067e+00
2.086263504517490708e-01
2.363313575008122669e+00
1.436791041362012633e+00
1.589987528573412856e+00
3.839168965708126713e+00
3.692822214995771013e+00
4.669456222547908597e-01
2.945771255379742382e+00
2.371616248734532029e+00
2.174941394740059319e+00
3.715333173827069846e+00
1.052273256366127896e+00
2.379063781333992544e+00
3.321262312427075258e+00
3.458326523994708523e+00
3.188788466660847476e+00
1.660279294342211553e+00
4.107019294018710909e+00
2.432216582419492124e+00
1.989864729281498601e+00
9.558637856028042723e-01
2.023197028439886580e+00
1.500448606556163744e+00
1.036636273281922538e+00
4.755108482883913190e+00
3.016262969224310808e+00
2.814092141320053031e+00
2.209324081315027666e+00
1.674448070988619808e+00
2.378875798902377880e+00
5.043200893535149110e-01
1.017227878240019034e+00
2.250569862611301541e+00
1.868600055178941899e+00
2.197896993879595584e+00
1.442640982573918151e+00
2.829754584897858471e+00
3.201736777616430274e+00
1.678116655721643591e+00
3.495833118543040463e+00
9.861444887403212345e-01
1.924005337076681643e+00
5.129109992331119194e+00
9.552901054302631589e-01
4.029805714015366469e+00
2.620403288910432504e+00
6.082678193774496700e-01
4.632787773486980676e+00
1.761376031252455121e+00
2.130950593326142339e+00
5.780855969776410586e-01
5.542647371223333730e-01
1.288755197801228158e+00
3.630953386633254176e+00
4.088857153300011760e+00
2.275216282954984237e+00
1.362433102971020382e+00
1.046732543690545469e+00
1.835483374956972558e+00
1.669900392986837234e+00
2.023540224314037239e+00
2.465377430023522276e+00
1.521653899859621406e+00
2.219255177795464995e+00
3.507562871794730697e+00
1.616775730737925132e+00
1.795007659521381083e+00
3.719337346998582206e+00
4.403975353210700105e-01
2.195862387858900533e+00
1.393619967686469119e+00
3.065624081880296448e+00
1.775937037559939258e+00
9.162956244020011853e-01
3.054343808663479098e+00
2.083087170866173565e+00
7.654514424684604190e-01
2.407123287336385697e+00
1.766272449862422489e+00
1.626138793943409988e+00
3.328547412491254409e+00
2.234111358267081848e-01
3.063410834470452482e+00
3.858898243645072945e+00
3.260670264085031800e+00
2.868529462977706501e+00
2.519617547278334424e+00
1.452857434217162957e+00
2.128444561987589356e+00
9.753278331086060460e-01
6.990669507339881683e-01
3.571886955752444082e-01
4.521300785344608109e+00
2.326495674086414223e+00
1.933909672148704795e+00
2.119638107288857487e+00
9.804161181996937202e+00
4.066385321923965179e+00
7.304437492265822840e-01
1.757269779038151958e+00
2.078765296027270004e+00
2.138296194841191600e+00
3.024273718237958875e+00
2.250026808947284795e+00
1.633547842291917185e+00
1.977691708941214488e+00
1.462988700272267240e+00
2.810282845337512825e+00
1.964540824445434986e+00
1.164126750688264211e+00
2.566455668278540436e+00
4.775364652268822674e+00
7.610315808624915634e-01
2.283530463849246850e+00
2.037601914235327438e+00
3.140311080703224178e+00
1.629411666003760084e+00
3.864248348471212013e-01
2.787761669615037796e+00
1.510411366201839245e+00
1.083172135452757257e+00
3.989556701057239252e+00
2.148566582958008730e+00
5.003431472308371042e+00
2.715961773864346451e+00
3.197348657648198422e+00
7.095547726512280162e-01
1.412670062396985449e+00
4.600716650829001608e+00
2.661561865867848375e+00
1.320239644561454373e+00
3.238077388455547378e+00
1.403398232178555416e+00
3.795053272823080359e+00
2.232058764578761512e+00
2.249953161060487261e+00
3.399004097600892393e+00
1.482192162329744711e+00
1.324083843762844603e+00
2.884001230231500124e+00
2.215919296839973462e+00
2.012578551702425944e+00
7.686581588729781700e-01
2.447290271175741161e+00
4.499758465250528694e+00
2.029566069603981227e+00
9.884579050542998679e-01
1.550333591972662628e+00
2.182810235685903599e+00
8.246338308943450102e+00
2.407169921797096990e+00
1.418618388887901371e+00
3.402259691382177209e+00
6.826982402870624966e-01
1.146170505581867838e+00
1.200491935413063871e+00
3.239565499049446462e+00
3.004845643795555077e+00
2.674675981546492665e+00
2.583787703805148439e+00
3.248218982858177561e+00
3.002365939898339331e+00
6.449967602277189904e+00
2.178088612100004262e+00
3.420812648000633449e-01
4.445096320236652687e+00
6.884706061598093729e-01
9.253423185113756055e-01
2.751550626303486791e+00
2.350119426037905690e+00
1.478943766657667913e+00
3.810861725922420895e+00
4.577685012861745228e+00
1.384298937207597779e+00
1.633658264281796946e+00
2.077957048085096847e+00
3.983755717772158533e+00
1.049022296748727934e+00
2.994399899082694105e+00
1.494751401426699156e+00
3.501655692761159955e+00
3.503604368897183186e+00
3.509080678204312242e+00
2.242397435261606287e+00
2.019698703057513089e+00
1.159851499110369444e+00
2.994542476055269908e+00
2.407806305323505036e+00
4.274120993878178787e+00
1.073613582578913261e+00
5.182704616467568304e-01
2.176742886096107110e+00
1.369609963062444979e+00
6.424295520593573672e-01
2.004497431510571026e+00
3.131784017859556180e+00
3.441259583341929051e+00
1.631520921995960771e+00
1.990213751074457527e+00
3.651492453872474453e+00
2.967290074330503291e+00
3.133856562893561737e+00
2.179509514283586746e+00
3.940453051050589739e+00
1.999557093933122864e+00
1.362303256102089799e+00
2.346165222296098474e+00
4.261608538989800188e+00
3.794062788292929866e+00
8.722763682136907448e+00
3.344923788233534090e+00
3.365690841518118592e+00
1.610415061579253959e-01
1.601458611228117279e+00
5.306615383147584852e-01
1.662672065971951163e+00
2.980581666844423605e+00
3.939129128833125826e+00
3.786730203094966996e+00
1.858018915782853497e+00
4.505179089144190074e-01
1.989924710494129778e+00
1.764216926038534972e+00
2.151079982051000261e+00
3.848818465609171735e+00
2.997670852066102842e+00
1.598530978713000206e+00
2.609168534012489271e+00
1.129101005418544412e+00
1.641476489022324126e+00
3.732027659053658741e+00
6.011373634531089749e-01
1.419609285223382811e+00
1.484565460778738855e+00
6.427164777795810302e+00
2.525037921097257776e+00
2.342407858765988227e+00
1.661133863970155389e+00
1.711394640802184064e+00
6.580819679633757024e-01
1.089983584820469087e+00
3.660061851423005663e+00
7.380895493502233062e-01
2.758054067898461081e+00
1.523556393363245887e+00
1.100951514011815791e+00
2.231019370700526139e+00
1.434644305210356352e+00
4.644152911911538339e+00
3.769897186632420016e+00
1.705763873027423383e+00
2.137269227187302167e+00
5.618381919421643111e+00
7.022047311684709747e+00
7.266778609706394665e-01
2.763463866865454310e+00
3.375255323720303124e+00
9.704953092561255934e-01
1.993969201479928621e+00
2.444979171297981146e+00
9.519188944886620707e-01
1.747771205675733519e+00
2.701611102410913290e+00
1.400032075654251029e+00
4.269215116136725108e+00
2.361371732740184193e+00
1.629216260426595619e+00
1.411717180760540202e+00
2.367260767543236444e+00
3.380083210571033892e+00
2.567512669322012719e+00
1.872302033853563197e+00
3.908667929216016468e+00
1.259997206426470839e+00
4.493538746820169294e+00
1.600157197091824246e+00
1.107903282827621405e+00
1.958265040928697687e+00
2.303267447488757558e+00
3.035129241544995971e+00
1.062689292309420219e+00
3.151781320307715628e+00
2.814875997838250044e+00
1.439948680445329421e+00
2.848414698807753442e+00
1.652346160793864094e+00
3.616243493492636851e+00
1.505877899826505883e+00
2.709344046729413868e+00
1.535713811515382110e+00
1.107511307300305781e+00
1.107306524562761130e+00
1.858324004138341978e+00
2.397931091329316811e+00
1.636185426265538201e+00
1.256642477951935399e+00
1.682160804884503813e+00
2.081289932806608345e+00
8.719437522482268443e-01
2.830928448925906338e+00
3.149817091234465405e+00
9.597383822166111189e-01
2.444938109924831515e+00
2.781655519799730136e+00
3.806920618114708610e+00
1.309551735301089037e+00
1.422819718869634542e+00
1.623909433721634432e+00
1.684118044192279617e+00
2.189098953215667276e+00
2.832060673620567126e+00
2.890668568942819316e+00
9.184995073454851777e+00
4.900423198162479621e-01
3.141619438056819202e+00
8.342893151498427251e-01
8.902650616618322799e-01
8.805648958322752629e-01
2.294413007859365194e+00
3.482284173309569741e+00
1.993707657303881220e+00
2.883513851599632805e+00
3.909000900247990185e+00
2.650827793979302349e+00
1.923439582605161791e+00
6.912567712365090822e-01
3.793739063269765399e+00
9.383875199260979239e-01
3.041771510741747786e+00
1.124991029466350767e+00
1.716664201890857777e+00
5.128474535741877061e-01
2.433877908002557433e+00
1.960380236057268633e+00
3.305485986152917555e+00
1.448201593975099843e+00
2.962432544681077751e+00
4.314102038480794654e+00
3.234545402431959538e+00
2.244714554409657836e+00
3.815239004508441667e+00
1.356163859016193296e+00
1.121331633948863482e+00
2.198553222306296018e+00
3.917517045176739821e+00
2.989673683959734873e+00
8.398221076116447747e-01
2.707584583492934627e+00
1.779847273539572061e+00
1.206239093027352993e+00
4.158639596716913189e-01
1.907892029364697040e+00
5.663476729011920341e+00
2.671714941702568513e+00
3.139248723800547314e+00
2.903729956631307729e+00
2.446805383188422667e+00
2.415954155532609615e+00
2.593471692598357858e+00
1.415895014867265322e+00
2.896572520480356960e+00
1.057864772179781365e+00
8.749880360972674964e+00
1.087304420310678532e+00
2.611454437519435068e+00
4.108024184680139079e+00
8.037264786415236895e-01
3.872621172913946364e+00
6.023094378271850458e-01
5.262409913076230517e+00
1.869349762600233777e+00
1.827643340047028664e+00
2.764584639216592254e+00
1.156832730171752477e+00
1.952683981166681404e+00
1.451623134942849447e+00
1.401243264777860320e+00
2.040995852101570751e+00
3.818587729822835453e+00
5.617221698403607189e-01
5.399213820266029806e+00
2.925182918694956502e+00
4.348224380511559239e+00
9.975700026065001946e-01
4.146039746287437100e-01
1.203797744824373295e+00
5.350796399136047432e-01
5.936165063866303271e+00
3.165244482565540363e+00
3.174900674396153644e+00
8.561240998938394187e-01
1.318767158042396970e+00
1.359237356744097625e+00
4.400547103898793111e+00
1.575659942885729636e+00
2.951803359905345925e+00
3.127129347296913053e+00
1.019273957524328589e+00
1.066496289472460779e+00
6.238318041279738324e+00
2.791409524118615870e+00
2.519828594143268763e+00
1.089959981861263971e+00
1.881574157915955947e+00
2.604408580421110564e+00
9.561535583594309440e-01
5.414304406471143416e+00
3.669698593729856739e+00
1.413051343365957724e+00
5.136633556083836538e+00
1.800892655438016465e+00
5.652009793300749152e+00
2.158254959021773445e+00
1.740356789147863736e+00
1.862875530305261984e+00
5.239461580619551029e+00
6.303302221756144519e+00
2.947924838193590080e+00
3.259603243827909669e+00
1.084255170877558072e+00
1.693371842798461202e+00
1.973499340590376683e+00
3.005092998441142527e+00
1.419737224524156627e+00
9.771434523895062840e-01
8.414007653335313641e-01
8.537733762890721279e-01
3.506349792539078081e+00
4.644465050975417064e+00
1.830783861146348723e+00
9.821264311131864266e-01
1.591133611137030890e+00
1.259530655541269972e+00
2.356256648471509951e+00
2.060454657673221224e+00
1.350668382831626824e+00
4.282081827098380700e+00
1.947223866323217978e+00
2.023447995036910640e+00
1.678686534886193904e+00
1.578006235596333351e+00
2.665518559839342050e+00
2.079028220404421479e+00
6.578433256850457767e+00
4.286390645805532529e+00
1.942716077106821260e+00
8.752718664574110630e-01
5.961580578681750175e+00
2.014505516675740182e+00
1.626003233853218655e+00
2.091828305642617458e+00
3.224352458058956206e+00
1.268930263971517425e+00
7.658989293541651477e-01
3.328669140224170819e-01
1.866067044038568046e+00
1.513416802167794062e+00
4.848174167099200682e-01
3.529137176126419639e+00
1.414084606589644189e+00
4.801777754215167393e-01
1.030379648490292066e+00
3.544944875439846932e+00
5.663170010306608937e+00
8.829496412691159035e-01
3.401667274520844941e+00
3.229067344814298135e+00
2.165098341403673743e+00
2.088163637937849870e+00
1.510214264581242860e+00
1.237971163538368335e+00
2.643105892994843220e+00
2.932703509418956411e+00
1.681289654118632626e+00
2.956427426462240771e+00
1.361046561321762383e+00
1.182953711155522170e+00
1.068678724043133688e+00
3.278251868120266366e+00
3.445351705656308772e-01
3.379567934185728095e+00
4.691915208608055998e+00
2.832712965155998130e+00
3.346814878433606921e+00
7.681021325320328552e-01
4.835418203187880515e+00
6.371892198640917160e-01
2.079860932669858609e-01
2.865191982061911613e+00
1.167666423336926274e+00
2.818091579316699846e+00
3.159809785938361593e+00
1.083852636822020266e+00
5.080349333230423703e+00
1.902708279268713554e+00
1.914503734618144826e+00
1.968126035166642751e+00
3.591114254584288457e+00
7.112996006902816415e-01
2.465755042876730752e+00
4.709409201910591314e+00
2.859824066032277567e+00
1.755201192338828209e+00
9.956100907865741423e-01
6.758898324315780748e+00
2.164535474696341666e+00
3.797116339353052705e+00
3.067418279596897612e+00
1.860297918931066441e+00
1.227446969459267123e+00
2.606501122357312905e+00
3.010717085220829592e+00
1.224421072500759378e+00
1.903961451705536545e+00
2.467932426637560184e+00
1.771469789152213314e+00
4.564051580134679931e+00
2.157508564858506617e+00
3.048014093951770587e+00
3.962071430434233932e+00
1.278333010404880010e+00
9.471774720986428919e-01
8.890949232844767014e-01
3.055909729135435793e+00
3.408387505882221724e+00
2.515997042517704174e-01
8.845023774888275403e-01
1.309794325561864259e+00
2.253675401155992741e+00
1.973102682087122917e+00
6.305773939525820548e-01
2.027611294892607052e+00
8.156255370695451035e+00
3.053116920518136546e+00
4.135963369094740827e+00
2.647480675237017245e+00
1.199014794996429156e+00
2.424194765522297068e+00
1.856710616232405631e+00
3.459855985774644260e+00
2.118579453149926906e+00
2.086895519270753674e+00
1.934056587079867606e+00
1.172154245506845660e+00
3.335871510546900343e+00
1.814846296057300190e+00
4.328933227297632413e+00
3.711630280104994295e+00
1.236088183547379371e+00
2.031172237864306673e+00
3.274519803272469276e-01
7.570846614645170281e-01
2.821380402142678712e+00
1.196853293303069554e+00
2.393072531371791101e+00
2.032802165485475321e+00
1.887248435400209923e+00
3.537834172409655142e+00
1.633863093445728110e+00
3.983797643887795559e+00
8.299994034164677181e-01
1.373971647639648630e+00
4.146278462467832604e+00
3.996436217112869560e+00
4.537283235646543678e-01
1.399807188701423621e+00
2.722903509379054121e+00
2.973909012960102682e+00
2.009766506094919691e+00
3.535143596475964767e+00
9.461579485896925990e-01
2.841381938780602301e+00
1.985461030434896301e+00
4.497663503470330504e+00
1.384111005544075734e+00
1.803164834995149013e+00
2.723807032096123848e-01
1.950682986522590312e+00
6.524567404911293389e-01
2.626440040541762500e+00
5.045815155699647114e+00
2.780490443329785677e+00
1.158895927299357309e+00
1.725359916693151474e+00
1.963614165411653456e+00
4.471851801471311560e+00
2.487945959378340177e+00
2.488328566296272637e+00
1.543837872327081140e+00
3.159275127064287148e+00
1.225328833398150241e+00
3.189728172493441871e+00
3.498438515594161746e+00
1.739582370592158256e+00
5.457791203458429941e+00
3.796959085496194319e-01
1.838153696739790677e+00
2.167322368242108332e+00
2.826307448314709703e+00
2.792349560990204260e+00
2.772506205422083259e+00
4.184978626379266542e-01
8.087199353874346741e+00
3.923750700073499686e+00
3.624227525401129579e+00
2.182901137053433249e+00
7.143883054990322057e-01
4.026564450404467976e+00
1.580129544756569970e+00
1.214020640450410138e+00
1.131375237534420153e+00
2.576931493053510991e+00
1.612885422804260172e+00
1.662124541642895803e+00
2.211952021869961094e+00
2.927853148619861567e+00
2.160450865335313164e+00
2.109629686168952301e+00
7.377284646684032943e+00
2.052772310001282019e+00
1.515974579623136309e+00
1.031480636067891421e+00
8.015217034833352905e-01
1.050935975689663904e+00
2.921908518259288989e+00
2.512739869264849712e+00
1.072796470144443237e+00
2.396737784163683216e+00
1.960260397268544175e+00
1.192417642373730713e+00
2.704960109475935681e+00
2.474555296296629070e+00
1.964908588711590465e+00
7.727616964494006258e-01
2.415673052477644023e-01
8.526822504719208107e-01
1.752002116359844930e+00
1.485796225070831422e+00
2.357842710252638252e+00
5.456142802804423431e-01
8.201953926430329833e-01
2.586062234336540921e+00
2.216827739178801160e+00
6.948134833999972670e-01
3.518558806228289981e+00
1.933039048688927064e+00
8.993346098116052900e-01
1.097665024764089114e+00
1.207781634258391579e+00
2.109828397170227632e+00
2.508502171316943752e+00
1.338651787078286581e+00
9.733908208095586323e-01
7.130103539341253738e-01
8.641636813988842203e-01
1.318108276452830241e+00
4.199833350734365922e+00
3.098945708095100837e+00
7.270751540794282430e-01
6.738803714559400859e+00
2.454922427525836781e+00
3.682850491629792167e+00
2.086469682565556649e+00
2.138417553991139197e+00
2.887783887484467904e+00
1.227911942038139914e+00
5.974702014392510030e-01
4.132210513409548369e+00
3.937070692447446341e+00
4.127695339114653805e+00
1.425129806111575137e+00
2.801713256109545469e+00
2.330873809244890627e+00
1.028153743286901678e+00
1.622358814743246391e+00
1.671314108812661736e+00
4.041611803821930415e+00
2.840762357261368720e+00
3.756814947862487486e+00
9.935441148360153463e-01
1.382373182187230487e+00
9.462113043633592069e-01
1.449258294065994379e+00
2.220708860345466551e+00
2.398181761655802546e+00
1.431175200494828825e+00
1.760215654266630736e+00
8.819142027117423677e-01
2.032927728905837839e+00
8.253780530353356237e-01
1.042015600589170754e+00
2.471632392192170347e+00
1.470899459924716046e+00
2.171157130704166605e+00
1.587657833278558250e+00
3.436886173504878794e+00
1.335713238063374941e+00
4.945739704746846321e+00
3.381063820984409940e+00
1.344630854414062604e+00
6.883567332765936797e+00
2.632268975692152679e+00
6.125273111366000833e+00
2.296708906443319709e+00
2.050588153437344463e+00
2.939942149914152925e+00
1.671204715981293054e+00
1.110063942242539792e+00
2.974819712744896094e+00
2.223077679506563431e+00
1.303497152946893056e+00
1.615729479009082148e+00
3.451672783503779929e+00
2.301087367425740826e+00
1.828340101225386372e+00
3.540971429863476239e+00
5.241059347630525167e+00
5.438452420071345772e-01
3.830760214726491308e-01
2.704949850608089346e+00
2.090681961286444679e+00
6.367563136883165331e-01
2.134154542462455506e+00
2.927412164030564146e+00
3.133411735626659311e+00
1.791562749056223813e+00
3.188212887078107016e+00
3.502985721318073953e+00
4.357088574793475111e+00
1.957484444591127692e+00
2.452439659431262964e+00
2.289830730430784556e+00
2.672469564436998457e+00
8.351259013120145847e-01
3.143370530337758595e+00
2.465431934692172256e+00
2.779578403371556927e+00
1.932217989729127172e+00
3.263334065882149027e+00
1.066242522238004753e+00
1.054008854977313892e+00
2.731508511379010962e+00
1.663545523521290370e+00
1.178891892735841607e+00
2.645364765365993964e+00
2.892633219807871470e+00
1.836919905920453067e+00
2.144087802230981943e+00
3.535297349858385285e+00
4.392907191033771142e+00
1.318332714773680303e+00
3.596819115512248644e+00
2.151470445340370130e+00
2.379333921855732559e+00
3.849827013582968860e+00
1.075575123999013005e+00
1.569340649423198064e+00
2.656761247001733661e+00
1.906676774705550415e+00
3.081357268492773471e+00
4.076569431519415088e-01
2.216636195802534015e+00
1.657085816942616807e+00
5.912410258701438215e-01
2.012519801677716824e+00
1.145320882438035648e+00
1.202306719303121385e+00
3.474421388990475146e-01
2.021739912672015915e+00
8.933785178547708483e-01
2.107875336984021519e+00
3.301095261525293978e+00
1.486613141878680544e+00
1.026215880589781415e+00
1.530102666335725337e+00
9.918024462228165472e-01
2.951981360298661983e+00
3.479606738141150846e+00
2.808660472723600421e+00
2.172766030381329649e+00
1.319662572569040515e+00
2.959750524166437469e+00
1.309317382891449499e+00
7.335242450963518346e-01
3.530868635507354192e+00
5.163205503211242942e+00
1.353235656230381334e+00
1.473240818095304494e+00
4.314055671365388811e+00
1.447036443381270132e+00
3.144587042386500109e+00
8.080646980572677718e-01
2.512428458091882977e+00
7.244000621833023013e-02
3.231535435846610849e+00
3.856889066700246449e+00
1.103854289202829797e+00
1.806655276662656240e+00
3.893174088187244752e+00
1.487924036342912260e+00
7.230615318130633185e-01
2.162223542188542513e+00
4.030505631215227424e+00
1.941143712300351210e+00
1.329144777654908793e+00
1.081351384236623581e+00
9.120849730122163379e+00
2.652547306893142220e+00
2.637561559678938128e+00
2.164462934498532221e+00
1.078791888064774884e+00
3.639066673500227722e+00
4.858538468057486348e+00
1.115956681808529805e+00
1.238775525372740383e+00
1.823158544593749708e+00
3.555021133955452495e+00
7.756443274276866306e-01
3.159320774945547861e+00
3.835606308023546962e-01
2.322632663013375343e-01
5.096919720812457477e+00
9.419915478297257172e-01
1.862579680201166266e+00
2.602211665961552178e+00
9.866189799747837608e-01
4.021970259522889002e+00
1.344355256515822772e+00
1.236819496330897605e+00
4.554578056559775767e+00
3.357244894372463762e+00
5.373668216465242509e+00
1.028684541291102983e+00
2.625127006028793897e+00
1.112552560197783924e+00
2.130911931041082230e+00
2.682358760486573068e+00
1.169426658663789587e+00
1.990433802736089497e+00
3.772978239032701353e+00
1.548214279244387148e+00
1.085619581739662998e+00
1.558819535026859215e+00
3.193025224322690203e+00
1.362596003631633135e+00
2.953496003847279283e+00
2.848846052086629665e+00
2.365849374918754133e+00
1.789466187428549349e+00
1.528439882793638516e+00
3.852510733775526663e+00
1.427879689231453142e+00
6.324139723873767771e+00
3.286428306299263635e+00
1.202077110318266806e+00
5.309368350354132460e+00
3.378528048967721187e+00
2.674957666043748183e+00
2.894147425860837064e+00
2.466070374087047323e+00
1.284584777027692581e+00
3.489234846004102497e+00
1.185737790844883399e+00
8.097542109439186397e-01
3.423700759762985601e+00
1.092219539634218695e+00
1.809464175975131539e+00
2.419842075378549229e+00
2.194334355357683730e+00
2.764977394260455856e+00
2.146042591862373339e+00
4.576120479280457509e+00
2.077662341358337272e+00
1.562036102229835688e+00
4.210424823095473279e+00
2.601020336089563845e+00
7.881833057731222780e+00
2.325441168791141600e+00
4.868210341921763273e+00
3.105028191873000054e+00
3.310581340164114650e+00
3.801304117856210585e+00
3.757479576465373228e+00
1.748382349989075157e+00
2.188768414851617106e+00
2.529337846416314317e+00
1.139261150766108122e+00
2.574138050089190166e+00
5.502075257171054723e+00
2.014599906847150290e+00
1.463391052835744999e+00
4.057876024835489481e+00
2.998280679596941667e+00
2.592799610430009505e+00
3.457199858488074096e+00
3.507315790831888158e+00
1.449706906826293551e+00
4.113032846862483716e+00
2.779104304752788135e+00
3.549572711077418230e+00
1.747756176274342321e+00
4.242340365543465275e+00
3.650847620681681782e+00
1.481976893604919576e+00
2.126575128066646503e+00
2.838811404709769004e+00
2.302470144264250340e+00
4.636943598896449359e+00
1.143865978179440246e+00
1.539978238067430283e+00
2.264201566136417654e+00
1.189411767466671321e+00
2.106034922185537006e+00
2.515414775203837383e+00
3.193646720975510167e+00
2.724862040981275602e+00
1.967022540183274160e+00
5.582609710047802487e+00
2.489352708725169006e+00
3.921813244865762549e+00
2.711959220671351201e+00
4.684823810714801029e-01
2.158818799376269304e+00
1.566913006039711842e+00
1.523751301038590134e+00
1.879038070615566047e+00
1.559434040953916467e+00
1.411148141021930202e+00
2.497964242886903552e+00
3.798253759498785964e+00
1.853036568756287750e+00
1.390393889027595087e+00
1.750127607317116585e+00
4.102402924439521037e+00
6.055483057139738889e-01
2.626133238078171672e+00
9.994423862044714557e-01
2.101774617354962071e+00
1.277682339198177308e+00
2.017509557230500850e+00
1.820579682777061947e+00
2.907386707333611930e+00
3.358032629142672754e+00
3.039021508538742644e+00
2.070042920841598022e+00
1.053149598552425736e+00
1.363582422658450755e+00
1.380685458992227499e+00
8.567727672418897766e-01
1.073405962810781711e+00
2.101628976653034275e+00
1.458334212387358164e+00
2.204465076196710172e+00
3.058229195756631658e+00
3.982645903295180645e+00
7.159333767627483747e-01
1.113181052473553923e+00
1.790564735023639331e+00
3.873480077160909918e+00
2.153045375136593442e+00
9.981601772676044204e-01
3.440103233672525018e+00
3.017886885386213081e+00
1.198880029046181628e+00
3.278171882835901663e+00
5.540791655070050226e+00
5.851680804272882952e+00
2.435687282445797575e+00
9.251962713383198311e-01
1.962147622255813850e+00
1.784320439385681745e+00
3.982973420175722978e+00
1.845272665811428014e+00
5.698615516749461207e-01
9.475919688905574123e-01
1.605859543654472255e+00
1.418855456372391410e+00
1.478464056433467899e+00
3.208989243507567757e+00
1.253087970323221834e+00
6.763448758498694646e-01
2.111010727193654013e+00
2.847337292288613764e+00
3.445210074164747116e+00
5.269714505861428755e+00
3.683370066626079797e+00
2.772119977494153176e+00
1.146311433045068107e+00
3.579996214033712931e+00
1.796679968033277452e+00
3.752025257212967535e+00
1.688542309940915365e+00
4.343087493410733302e+00
1.118441801425137161e+00
1.940330561170119150e+00
2.219238980667042949e+00
1.000606239156181410e+00
3.632193613074966798e+00
2.489884515927867081e+00
1.762891401374082623e+00
1.947117421653705938e+00
2.342605427077987468e+00
3.303862059021939190e-01
1.505483443156187207e+00
3.664251779588327818e+00
2.012723625017985629e+00
1.402546281516110938e+00
2.556335356501388212e+00
5.878757259697767745e-01
2.364575705925220817e+00
2.653149196573743485e+00
2.659036224317747443e+00
1.469181078049341727e+00
2.064447440508429210e+00
2.469825457509878142e+00
4.023582755430618718e+00
9.233375662442115939e-01
2.194650349781609666e+00
3.972718624708498236e+00
3.768908734660365134e+00
1.698838335676573497e+00
3.062610506888872042e+00
3.943333332894108700e+00
2.620414326827849472e+00
3.879805699183815459e+00
4.824382520254429707e+00
3.912259673958532247e+00
8.548230270837249289e-01
4.299390523058673530e+00
3.710203334001287989e-01
1.133173001704844252e+00
1.916039633642780737e+00
1.326319986425143371e+00
5.849236019397789477e+00
4.604227363354379321e+00
8.899987549500987249e-01
3.994277761117883241e+00
2.510193731093672387e+00
1.261078508556097377e+00
6.365479569995204923e-01
6.042393556399361376e-01
2.110022252817166155e+00
1.177295674523091140e+00
2.977649618144175836e-01
1.634004498115441351e+00
4.246934033937712627e+00
4.989637901098226358e+00
4.275943696314470799e+00
2.392832733261164968e+00
1.630397028886070299e+00
3.965206523535707017e+00
8.721601734118268112e+00
2.519546418807147692e+00
9.014842051695030278e+00
1.795373750462912588e+00
3.158882289852319225e+00
2.015507864028424745e+00
2.583047047806487306e+00
1.551932897002113343e+00
2.804253203961286633e+00
1.786754475719724455e+00
5.922336436951795013e-01
3.637156327140269152e+00
3.625786311841821430e+00
3.296688692289019951e+00
2.433751096485769150e+00
1.150740133103827834e+00
1.594375812999160757e+00
2.024876969113575065e+00
2.153605201087002374e+00
1.647939850887278901e+00
3.935033657008538910e+00
1.821185237695491121e+00
2.048266347381756614e+00
1.687384243184688160e+00
2.654715271830386580e+00
2.514487327304706810e+00
2.823819326507482685e+00
2.106876764231659038e+00
1.015428071187683301e+00
1.460722525479592804e+00
3.461439514647037363e+00
2.393263574732539922e+00
2.361137370006908043e+00
2.485638999293945606e+00
1.968013258877972627e+00
2.053597675667917066e+00
6.356401798539036418e-01
1.649940153537578169e+00
1.642253814688048985e+00
1.177428672870236781e+00
2.702202766144100821e+00
2.206375960434849848e+00
1.434688459210417433e+00
2.064124783026596077e+00
3.159147563772901623e+00
8.695421610435897231e-01
7.737125708644064792e-01
2.907339708794946187e+00
3.500486127982537887e+00
2.512601469373715535e+00
4.183483056288344493e+00
2.735696979801632622e+00
1.621150301900850188e+00
1.462286189972220818e+00
6.353779259280384339e-01
3.471044366946036686e+00
2.632333442129469070e+00
7.293810329000171011e-01
3.400443646236508854e+00
6.875851792879045910e+00
1.588294138721825899e+00
3.351804620734358586e+00
1.265027985164262292e+00
4.491456431319327258e+00
3.014252223775357731e+00
2.591518223270853571e+00
1.620959893704097654e+00
2.172780398303999938e+00
6.456777314681166891e-01
2.712749225277141907e+00
4.430304617578211812e-01
1.562968187827636468e+00
2.566689466937794872e+00
2.820484695654372764e-01
3.373942370598772555e-01
5.044479510144541656e+00
4.321794957968866591e+00
2.536757196159995065e+00
3.433950653833191424e+00
1.578671460234401192e+00
1.684329188204987560e+00
2.430703064638379374e+00
2.565806841979742181e+00
2.063685082626056211e+00
1.052941312992303091e+00
3.502480958198892935e+00
2.028327868391632816e+00
2.570060854051077648e+00
5.247266945156175311e+00
1.735191515821954855e+00
3.371368718796779351e+00
9.232031236572963984e-01
2.226409552607303777e+00
3.662931583948884739e+00
4.471184324724879033e+00
1.578653358639998006e+00
1.257756611024577920e+00
1.740511923683272899e+00
3.507743065129783622e-01
1.893384663608415730e+00
3.895567559418805281e+00
2.697735933181745871e+00
1.159196239421208974e+00
2.185544045627986764e-01
1.510347017428980143e+00
3.071894902397431348e+00
2.035203810194033736e+00
2.555969864335105868e+00
2.770372467738088762e+00
3.778492793385923143e+00
1.785472954600060280e+00
1.845486016565299758e+00
2.146755374659067961e+00
2.999665096951979582e+00
7.563753992981754326e-01
1.077064207254406103e+00
1.753519010767357278e+00
6.044423410270967079e-01
2.013129679377970049e+00
3.540889371454740697e+00
2.206087485486465383e+00
1.233746142451272565e+00
7.246870329467289817e-01
2.386609103416701849e+00
2.195744144733573489e+00
2.416032919613729568e+00
1.788943161899308576e+00
1.516885916708892612e+00
3.206560962977472506e+00
1.342198412927285034e+00
2.420729004679655016e+00
3.101606406292960028e+00
2.174726072118954967e+00
2.752946472842023318e-01
1.661094073013928307e+00
2.158670417058095037e+00
5.617362420707641135e+00
6.512141434257221029e+00
1.019504183769512462e+00
2.800431650149207918e+00
2.117334952402719406e+00
9.596345797230912966e-01
1.624483623643012242e+00
2.908207775665095696e+00
2.050066510313516499e+00
5.463280687971972860e+00
1.629502546438938326e+00
6.296600283152834487e-01
1.977372481594433351e+00
8.960953251788664753e-01
7.811749416818256631e-01
2.850113243831393639e+00
3.725140811823545395e+00
4.186765241280428818e+00
1.806337711434268911e+00
1.203635346660096195e+00
9.614952448711449051e+00
2.633430173578491740e+00
2.210157571293188017e+00
3.731267229478276715e+00
3.153281200735274847e+00
2.986773125237058846e+00
6.507108411155739791e-01
3.770552175516178384e+00
4.329878096750743310e+00
3.953143968842368849e+00
2.466896698244043673e+00
2.570506967241541041e+00
3.452382300535938864e+00
2.560927273702762630e+00
2.286635137589409172e+00
2.602407871879097723e+00
5.441528270242381726e-01
3.955450598643602156e+00
3.529967202520290392e+00
1.823690932188611447e+00
5.059442394150075906e+00
2.877833784195124256e+00
2.843959982551698573e+00
2.421101308027985066e+00
2.632399869184654850e+00
3.540247800792998056e+00
7.582926300751620552e+00
3.724081003340394602e+00
1.369626187851247900e+00
2.828242651649953032e+00
2.891578882851419952e+00
5.188794964195749815e-01
1.123493393097862780e+00
2.240186810407406082e+00
3.423797796100031654e+00
2.684724582594290698e+00
2.928713089744962250e+00
1.616724718815973683e+00
2.232980854551858130e+00
1.549249442277726985e+00
1.533557555003369544e+00
9.010325234905586234e-01
1.523426396146176698e+00
3.208816824956522984e-01
2.590080788767868736e+00
1.698582636672268498e+00
2.833105676652390770e+00
1.803196179049698422e+00
2.569802148459267688e+00
3.012513859670205463e+00
1.342034460501488669e+00
1.334244727400312858e+00
3.134363096973780571e+00
2.355588043104011930e+00
2.544687390944582184e+00
2.684058615976025575e+00
1.410663990084565445e+00
3.671347002627933342e+00
1.408332414204271243e+00
3.390661729120523216e+00
1.270287576473778879e+00
3.011200462684454404e+00
8.548706360492490219e+00
1.258978617770483588e+00
1.644946685127673947e+00
4.565485862694059094e+00
5.794170027136968493e+00
6.815328982101949151e+00
3.783738748381649586e+00
2.629401170524047870e+00
2.149179559100881765e+00
2.304139361113969109e+00
5.288831938899847263e-01
3.067951535019250109e+00
1.626337803031935536e+00
4.272374764376864142e+00
3.636657057217474787e+00
2.467818394020789619e+00
3.117383574727526252e+00
2.572737308508564968e+00
1.557269465410535236e+00
2.437614768038145474e+00
2.855818552419783440e+00
2.688186405733866025e+00
4.583939807212300543e+00
2.503727795277357338e+00
1.861887268967360454e+00
3.522838646070800994e+00
1.414752198423206320e+00
1.820061690483394168e+00
1.876363586930651195e+00
1.906197717112826151e+00
2.101320329568865830e+00
2.636098270491520790e+00
2.119704744837173749e+00
2.097276779583587381e+00
3.104908987300611489e+00
1.006484299588331410e+00
1.186989912319236451e+00
1.844661320864107390e+00
2.368207877465753786e+00
2.931710390856873794e+00
6.564113614463503943e+00
4.151602525280005951e-01
2.797450347550453742e+00
1.402843421929920620e+00
2.492504108923094819e+00
6.930517653267994627e-01
2.640143580657915656e+00
1.275741600043030832e+00
3.997069985797842229e+00
2.364522800639781597e+00
2.463746496256896013e+00
8.772388294348831828e-01
1.572031159551206203e+00
2.192264599406605452e+00
1.605775836724981920e+00
3.044053512492201463e+00
7.471205959834447130e-01
1.567659084105507805e+00
2.299664571372615374e+00
2.110309369706886873e+00
2.592225319286548757e+00
4.088340053952470576e+00
3.111169063371888033e+00
2.435070493491346966e+00
1.089131838490874138e+00
2.367049728461357638e+00
1.944412565974173557e+00
6.312580855238353550e+00
9.315887377346244724e-01
1.965406375824741536e+00
2.559189990961654004e+00
5.503777359464922192e+00
2.419898493014922103e+00
3.485997591044547761e+00
1.922254794381923482e+00
3.441509343932622200e-01
1.218203390651525941e+00
2.459092543519365570e+00
1.570894609342671888e+00
2.731842717295981604e+00
2.716064918683978036e+00
9.528882680606514111e-01
1.584477543717598191e+00
6.539415639531032554e+00
8.919142530953042547e-01
1.811745953665544251e+00
2.445523843896594496e+00
8.168098099349428987e-01
2.249509806256929423e+00
1.264214713300761517e+00
2.983862220493991302e+00
2.994906704475973847e+00
1.006507555061876502e+01
4.546118420934583071e+00
2.003812535100342629e+00
2.801179944204546857e+00
4.755942504947650029e+00
2.698278597183551231e+00
9.006440217037540164e-01
1.813512481206515981e+00
1.781629392872178252e+00
2.342283626650235817e+00
4.013504152745794862e+00
8.951236337886050443e-01
1.183869013919280233e+00
5.004274148834777947e+00
2.201030710821733738e+00
1.494592765252551025e+00
1.004455832345930499e+00
8.971339000278883979e-01
1.007138349798047283e+00
2.886045048281414616e+00
2.331114182353568154e+00
4.063605127361487490e+00
1.515579279576771521e+00
3.238845055789606686e+00
3.392198084224614441e+00
2.561827107558683370e+00
2.257126380436519142e+00
1.154438966849330450e+00
9.567710575984680332e-01
8.530194461917025572e-01
2.344734279531539123e+00
1.079387658642144032e+01
1.230048268803714206e+00
1.782573607695024376e-01
1.830495422340253420e+00
3.090061112838147217e+00
2.690827414045643184e+00
5.640988719773205595e-01
3.070755517914628197e+00
3.685910145669620608e+00
1.198537533629508989e+00
1.005717885531676625e+00
3.602709899735248467e+00
3.774069965111120251e+00
2.202366611421637366e+00
1.963983201175774740e+00
3.002170732066248515e+00
7.516599566114220421e-01
2.878517355878208228e+00
3.566709712473764338e+00
2.210270906543652991e+00
1.380654856978805523e+00
3.330731138656159995e+00
4.073449349846967493e+00
3.489127058263398862e+00
1.900214486754934429e+00
7.365216084203979330e-01
3.151469272047599191e+00
2.219445750690636654e+00
1.761987485695740929e+00
2.478168264397269560e+00
4.523282511631668612e+00
1.768455834928137405e+00
1.625544930510815389e+00
8.135460601022901361e-01
1.809197845690430073e+00
1.215799066374763537e+00
2.064463696209732024e+00
1.351789399669387493e+00
5.070614612557079459e-01
3.138482205488812848e+00
1.302485844242304847e+00
6.648822827127397472e-01
3.850062295162858916e+00
8.561539518614975641e-01
5.134865767871874542e-01
5.960745531331736125e+00
2.806516776034403193e+00
1.889638438666902065e+00
2.283874290007974484e+00
3.871817533188301130e+00
2.117094899487763637e+00
2.088310180807265493e+00
1.557337073093389757e+00
1.512851781538309792e+00
2.134862928884522226e+00
2.924264358269939912e+00
3.663258769193668662e+00
1.629509391371987137e+00
1.602180224227530037e+00
1.068600537045862664e+00
1.365398437246684082e+00
3.393175366189008280e+00
1.959133873655731772e+00
1.828156791729291575e+00
2.153431393056459697e+00
1.037026873159485163e+00
1.519195807944531129e+00
3.460702404842606938e+00
1.064540310792389644e+00
5.397304254552890423e-01
3.673230421594940953e+00
2.734256755889820312e+00
1.601472002445817111e+00
3.035033077018630010e+00
2.509472590105778611e+00
3.682820581730017473e+00
1.906701739766351877e-01
3.041437277344892554e+00
3.605918752112462933e+00
2.247951887159292284e+00
3.319959551120052588e+00
2.953217936253004439e+00
2.910097223279407341e+00
5.337699400917318426e-01
1.735500287780093576e+00
2.928201461116455295e+00
2.442939005182915846e+00
1.594033424981583291e+00
1.366264265824955526e+00
6.499330719704810022e-01
2.472367228237489556e+00
2.458019077852373613e+00
2.515683764118545440e+00
1.595156431894998450e+00
8.739089684088412469e-01
1.430075502152588607e+00
1.055946644051481531e+00
1.451895960056687418e+00
2.406902233214206710e+00
1.516630638282403520e+00
4.799537826525261508e+00
3.060172737854538472e+00
1.384059098556604805e+00
1.151200087189776511e+00
2.760897131606710353e+00
2.228360055588433752e+00
6.948180646501009861e-01
1.878210315230050664e+00
1.895523059701712310e+00
2.442177533644387832e+00
3.901917036206925093e+00
1.491082016727441450e+00
2.123687774580396592e+00
1.871021417382057184e+00
3.993793969224945228e-01
7.637356425706910423e-01
3.621948233289365326e+00
9.057678532209919586e-01
9.808845595617788904e-01
3.915034217170545006e+00
1.520964015905797995e+00
8.761870128652191614e-01
1.727943617039428670e+00
2.847219989656862627e+00
1.175864182498578714e+00
3.448892068533108701e-01
9.206331035342650182e+00
1.869794948489918784e+00
1.661719325791355395e+00
5.142433011889295358e+00
4.489947971833489149e+00
4.060451647507727024e+00
1.951238229193916096e+00
1.130409543969291164e+00
1.160461724822770879e+00
6.870277564514106761e-01
3.589267061933247405e+00
7.556985703126259946e-01
3.265056456767336801e+00
3.768968859294625773e+00
5.771233707802130297e-01
2.829580879290404027e+00
3.702911233519272205e+00
2.330383414997570402e+00
1.228342496470021583e+00
8.512583665188920179e+00
1.762335194408046535e+00
9.931116766623262482e-01
1.494869510225787623e+00
1.932291561562291093e+00
2.771392339888377965e+00
9.820881978385914479e+00
3.892760738408692633e-01
5.819334562068998018e+00
2.361595027587571671e+00
2.025243350076974647e+00
1.359839514378470504e+00
3.281031233014944259e+00
1.396829549092818201e+00
1.624806756117344042e+00
3.827157615430291759e+00
2.351767685857048651e+00
1.555710781812535970e+00
4.219465567383194227e+00
4.404898199326375163e+00
3.736894190288041262e+00
2.815644796855445442e+00
1.362865496671102461e+00
3.559693727538559838e+00
2.109125529566880264e+00
2.523940535017199061e+00
2.112272198733557982e+00
2.552263721087534520e+00
1.672440557478543255e+00
3.267060646642433674e+00
6.610850240877376160e-01
1.803457673237847780e+00
3.830488223594897601e+00
3.125105891496573474e+00
4.242538541746199598e+00
7.564754115047326088e+00
1.912291086998321177e+00
9.426885457844860206e-01
3.416903039852615120e-01
3.529190629836884696e+00
1.237396173034524205e+00
1.438815341527550418e+00
2.271508031007034134e+00
2.772435816913052520e+00
2.817246695373946785e+00
4.168777539009327349e+00
1.214387986723695967e+00
2.336588777211966672e+00
2.762278261288280579e+00
3.001406422610302993e+00
2.925515574098037419e+00
2.359275783514158675e+00
2.287448350484331261e+00
1.657805047042160806e+00
8.832382002263898801e-01
2.925955014763273354e+00
1.429156003671061326e+00
3.931315369522956793e+00
3.001210158746477674e+00
5.933834997486219009e+00
2.305367922719899099e+00
1.011840095088655245e+00
1.668652205516339970e+00
3.055166673088225426e+00
2.978206104349739203e+00
4.996772001510084493e+00
8.829561219012478368e-01
4.961033850851016780e+00
1.535934545239480808e+00
1.124342273886049792e+00
3.974326827252986138e+00
3.634565051661340807e+00
3.900519617210194578e+00
2.619752423925908236e+00
3.583855921316190685e+00
2.062982153610243063e+00
2.516193859947081002e+00
3.323495416893234466e+00
7.892844071618737578e-01
6.755192243532140983e-01
2.755985311388660541e+00
1.163727229611311254e+00
3.936301402139046779e+00
2.945409979082175056e+00
3.386940114934061885e+00
4.783319922720647988e+00
2.826414543763562826e+00
1.934755646947120766e+00
4.493531512523252225e-01
3.557263838053893679e+00
1.703886968148252024e+00
6.175788821526302819e+00
2.617288730895940052e+00
1.877322254727475936e+00
2.779515868830794822e+00
1.500523931235404174e+00
3.146179688999898971e+00
1.274434746195085788e+00
5.315513793774496731e-01
3.336810259969838377e+00
1.545230286541199538e+00
3.749451853311228433e+00
2.911368581492005614e+00
4.592698386624582518e+00
2.571395469094401864e+00
2.759882038137905447e+00
1.077422915779849166e+00
1.859400373568384612e+00
2.150079620497214350e+00
3.113652951836882732e+00
1.759215519323223731e+00
2.295473241501242434e+00
1.328264471479008391e+00
5.775047847652102995e+00
8.187544751013364763e-01
2.686210971493875999e+00
1.372116034774979898e+00
3.107621000037380732e+00
2.049248279680201623e+00
1.507458851713657566e+00
3.063861118436452813e+00
1.402293616967148271e+00
5.226892541898919831e+00
3.499791192085239810e+00
2.575558727344813281e+00
3.681026516841918284e+00
3.082575091367969922e+00
1.517484387855957406e+00
1.971086933369864402e+00
9.551016176122518742e-01
3.510338390217666138e+00
3.126323262723333496e+00
3.144239626516448727e+00
1.929855638025651965e+00
1.928264547633427695e+00
2.092805513351748914e+00
3.995469555676571360e+00
2.311581210126014252e+00
3.286563896130330509e+00
1.677692525515718236e+00
1.052270059330117302e+00
1.919097392485844766e+00
3.254432498113977168e+00
8.253561583366879617e-01
2.635864646043090787e+00
1.610427250393163146e+00
1.829863362817020223e+00
3.057258832342494514e+00
2.148006151225128058e+00
2.247209690546055683e+00
1.871494828658808229e+00
2.432863842684686861e-01
3.646039778457046854e+00
2.127322018272916004e+00
2.656149928823433815e+00
2.791954272002617810e+00
9.698923249925761603e-01
2.942863442956061171e+00
3.079932198232937957e+00
1.787737009980961522e+00
3.930165300760681824e+00
2.198171373865897227e+00
7.795326076736590615e+00
1.016696275186704135e+00
1.430774502229138267e+00
4.785816381669834918e+00
1.207872645785885490e+00
7.858861427677272804e-01
2.949704594089023857e+00
1.362711298292137441e+00
8.394589921520795306e-01
3.244486737169828938e+00
1.023820024149645791e+00
1.126172024253387249e+00
2.853173469559985076e+00
1.834100236931460293e+00
2.784000429029132029e+00
3.127913653697070639e+00
3.751604718439840891e+00
3.780879073292140902e+00
2.860230431060538869e+00
2.601441501167240045e+00
2.632875009096881769e+00
2.148390412762721802e+00
5.140576446137702149e+00
9.282142753745949548e+00
2.151019621556355066e+00
1.339270331621103205e+00
4.184100394727300554e+00
1.961713475531585260e+00
1.678781397232377071e+00
1.356821851153855452e+00
6.436724710716945630e-01
1.071514002159367207e+00
1.762455771055055020e+00
1.596532260890958455e+00
3.348262991041493830e+00
3.176401773637637316e+00
7.640609026269809867e+00
2.540078641392377268e+00
1.818237171017682119e+00
3.105762619262403934e+00
1.753588866016238201e+00
2.962878743592173070e+00
1.063492343764032899e+00
2.097198729033525666e+00
3.421076284038020887e+00
2.706164609089172224e+00
2.305860453580128588e+00
3.086132228217682627e+00
1.671745402798868074e+00
2.869815322231038746e+00
3.654593820667489723e+00
3.110652907693756131e+00
6.803751436799919672e-01
2.639974711733513946e+00
1.703683618160454216e+00
3.177383414167735509e+00
6.127070466318064179e-01
3.106053160224537368e+00
1.570016389343392049e+00
3.979983570541731019e+00
3.318876282003119016e+00
8.691809145824336280e-01
2.936327449884823526e+00
3.502792069754081528e-01
2.106061208315286315e+00
7.535994986050852162e+00
2.341868725201619927e+00
1.354002018863687651e+00
3.410364315432909965e+00
3.137631510577816751e+00
2.634439028496954993e+00
7.177840479640550386e-01
5.817046719068154736e+00
2.557245486144368307e+00
3.252113263823114497e+00
3.210868219170235793e+00
1.408986691823682413e+00
3.259566186905674012e+00
2.045490613642364508e+00
2.289088361449657327e+00
8.699313525989117446e-01
1.783892325939389956e+00
3.962073514960165355e+00
1.887878024244922237e+00
3.740493527028593501e+00
3.910439757033160824e+00
1.267969849445771846e+00
3.245896664169404922e+00
2.836888411345521721e+00
2.161276713771990821e+00
2.302249691243461793e+00
1.846566905070546882e+00
6.726274405978417414e-01
6.586788461113632920e-01
9.412831326187335534e+00
4.276635134373974800e+00
1.722497435893583173e+00
3.456353307497007421e+00
3.356416936201553458e+00
4.680318165125150198e-01
1.699294059483235975e+00
6.539428325850549228e-01
3.240817467804474550e+00
2.511536928914862021e-01
3.807609342941359554e+00
3.129410479825885272e+00
3.226356305882612574e+00
2.380683118742845217e+00
1.713050034086466500e+00
3.513914161225714317e+00
2.536231964245903470e+00
3.896036735164820630e+00
1.648671417722483490e+00
4.408351368934911307e-01
3.890080778713372323e-01
1.158077381178083565e+00
4.333877310576872866e+00
1.564438397277977177e+00
1.066632025614157486e+00
1.584522033328459978e+00
4.478284733220364799e+00
9.073733353632882359e-01
4.825371369578847158e+00
1.945650939522969303e+00
2.929603712047600172e+00
2.921054947216150666e+00
2.640270748376214449e+00
9.625775433351060340e-01
4.626811100956130796e-01
1.764729886376835033e+00
3.853521863866448349e+00
1.846314762244793739e+00
2.339054182897504219e+00
4.292161393054362506e+00
9.637926292962555319e-01
1.671764043435067792e+00
2.599486492785091585e+00
1.557223508343339002e+00
2.054359276083872921e+00
2.091473210081389755e+00
1.244372665902231612e+00
1.744963280651214532e+00
2.762104620053895676e+00
3.357512878880974938e+00
3.896983320624385794e+00
2.323437088001502726e+00
1.668493072609478656e+00
1.138952659100403775e+00
1.887840798745936466e+00
4.009491598653775135e+00
1.970606287889339781e+00
2.152549247884635975e+00
1.641015096440006094e+00
1.495612169229163069e+00
2.470124850360201130e+00
4.034892030435552002e+00
9.403386393845504232e-01
4.304309935914331753e+00
3.534332314604052172e+00
3.950712226450296072e+00
1.789545427150256218e+00
1.458496521038475269e+00
1.455348161022588460e+00
2.780361807523709761e+00
2.139732415638546659e+00
6.568903382731118512e+00
2.009039685591747837e+00
1.245518610474795951e+00
2.324781211245050105e+00
1.392506741253070501e+00
1.460627592193929125e+00
2.404583334954239149e+00
2.650841295245920382e+00
2.761436481396887022e+00
4.398263227450470159e-01
4.993010503999133931e+00
9.176588293016004760e-01
2.649964252121354669e+00
3.861845038072647895e+00
1.376077289800168080e+00
1.206538424190375602e+00
3.624473868482227967e+00
1.233500041378943424e+00
1.570587163839042955e+00
4.313570559509662949e+00
2.547309477158274493e+00
3.916606431120644771e+00
3.097680431838020887e+00
3.420237583548390248e+00
6.400900191293633412e+00
7.523194844549681015e-01
8.769670501927183670e-01
1.003199426230550806e+00
3.570706753085643559e+00
4.848535238164860317e+00
5.083392521119243668e+00
2.658295402848295463e+00
1.297413350845934898e+00
1.252555184612333505e+00
1.470628815202062567e+00
2.577577443023495452e+00
2.444300929460474947e+00
4.052670177447205369e+00
2.957366252359354686e+00
2.656486715442722524e+00
4.526741227218064045e-01
5.582040914398781695e+00
1.569214601117635777e+00
3.138892822506670122e+00
5.792536153094104634e+00
9.446060870456376435e+00
2.767693376892333745e+00
1.474614403717522615e+00
5.979085917772228864e-01
1.839448372232835638e+00
1.136426134458926374e+00
2.496215677795090571e+00
2.564910577478411113e+00
2.197622538716689444e+00
1.413065072507875941e+00
3.704633188085219686e+00
2.325551349319287198e+00
1.292564298716350146e+00
1.342711305654097353e+00
1.755817709242987634e+00
2.665696768610863909e+00
5.298655828865728168e+00
2.793372980147349249e+00
7.394206632077799934e-01
4.627242216771356276e+00
1.864508727396224863e+00
2.371253809251905764e+00
2.148662631030762160e+00
2.497102974441558931e+00
2.116273829087366831e+00
8.146224864579891811e-01
3.671384542621626945e+00
1.862550656748908073e+00
8.339929564468742118e-01
1.415331461043924266e+00
3.109289726595849679e+00
2.798631338703928773e+00
3.613081924185641558e+00
3.217200174828118264e+00
1.872071066052260591e+00
4.967122564233641846e+00
4.932806854131938756e+00
1.741391986777442558e+00
1.595776864338185330e-01
2.107063309707363885e+00
3.025386420124345221e+00
8.143781695891445516e-01
4.040216153927644882e+00
3.059394905461551240e+00
2.245421948573711024e+00
2.839860915632188565e+00
2.959891949651079379e+00
1.401561250199250930e+00
2.513072363933890330e+00
1.896190221502809026e+00
1.071150484889632049e+00
2.193374929926771522e+00
3.905446898997431138e+00
1.876786118006243953e+00
1.575546433361579846e+00
1.994354731172283124e+00
1.901141601184219487e+00
2.765266520332327449e+00
2.041760628327751181e+00
6.737031737668367271e+00
3.946261937994585356e+00
1.459240317850317492e+00
2.401511317177071447e+00
1.303431488976211972e+00
1.509094469636801161e+00
4.000595765770489365e+00
5.061315291703819552e-01
4.213000198071684466e+00
2.219041993057264239e+00
2.017059682329167991e+00
1.406889795589030268e+00
4.775730247315383536e+00
1.250994845360138497e+00
2.888331691234621523e+00
4.374723007610251457e+00
8.480502586173079838e-01
1.950031591852427137e+00
4.484791644315882841e+00
1.634289766753116435e-01
1.085886839477680788e+01
8.564139819124801933e-01
1.540442488713506419e+00
5.551571475920943577e+00
3.054397990008451913e+00
1.456274806422288792e+00
2.861928489634833817e+00
1.502161025217782830e+00
1.022797429367743538e+00
2.294892968522336041e+00
3.357514627274203356e+00
1.055851673794239165e+00
4.740167145766665868e+00
1.432284153091351042e+00
1.158443723778266765e+00
1.615544045601968515e+00
9.755682851001830080e-01
3.107092771123990183e+00
1.089342928924525777e+00
9.819077095804925603e-01
2.939265281443428357e+00
1.807552749138024550e+00
3.919996026818800772e+00
4.416961020727648624e+00
2.029266355750670048e+00
4.166386168400374679e+00
6.735745456867850978e-01
8.224923007754562088e-01
2.553457825807127435e+00
1.036885949484373182e+00
3.990161522171970176e+00
4.224793018432137615e+00
2.780123859418250465e+00
2.061811902997394252e+00
5.700729186588784358e-01
2.488175554240945608e+00
3.295776162187475045e+00
4.355520785111278714e-01
4.043655238448965683e+00
4.110633924772280956e+00
2.244677838899448830e+00
3.547873421850414655e+00
1.385559993796902534e+00
3.239213401374087642e+00
1.806533765940905534e+00
1.435545469035401700e+00
1.510271492626104717e+00
6.183384510140655266e+00
1.900940986567951629e+00
2.510110335000378168e+00
2.809148849648273938e+00
1.303961889925455031e+00
2.156727139519359682e+00
3.688603668739543484e-01
2.227799093359558835e+00
3.785355373028233661e+00
2.054439772886329507e+00
3.045681550500032753e+00
2.829280803335243899e+00
4.423418386878746666e+00
3.347271351945339202e+00
2.814060775009627147e+00
1.928354680193783643e+00
3.488456274773553467e+00
4.586230891074511540e+00
3.135946075315936277e+00
2.048070541936532596e+00
2.822736441690498310e+00
4.432898843898947838e+00
6.917408166140112336e+00
2.992849127966145772e+00
6.004969429894133626e+00
2.616800463291002909e+00
2.561611319732612468e+00
4.006574838778234948e+00
3.943967395486901673e+00
3.203417406969164993e+00
3.450987541716956208e+00
1.876321134489506548e+00
4.645030681044306498e+00
1.643325117355360465e+00
2.370954570549483442e+00
3.270495792245004196e+00
1.903419312680443509e+00
7.776048322483729569e-01
6.067078024290966098e-01
2.913235883377365276e+00
7.675168676370837106e-01
2.450482623901726331e+00
1.304772615205291642e+00
2.879611539521777619e+00
2.793130637189570553e+00
3.846860453716101524e+00
3.431440810113614237e+00
2.563929704303419932e+00
5.351471557879802221e-01
4.130194206816503844e+00
2.976545361319889782e+00
4.027499334236686934e+00
1.418805074819420087e+00
2.055371895158540241e+00
4.075700740839649505e+00
9.999879072912536415e-01
2.009545453730709585e+00
3.559914566634797328e+00
1.406045365254472213e+00
2.205468005640036200e+00
3.661794662108484477e+00
1.212302407841783003e+00
3.144212553295740342e+00
1.051909070528670442e+00
2.674784086799565586e+00
3.635411118471494341e+00
9.707714177267179334e-01
4.908555054183613819e+00
3.336894430759389518e+00
8.667668216930627390e-01
3.835030462952985886e+00
4.253331360742633294e+00
1.897071415619530077e+00
1.087089257468889736e+00
1.566870231248482126e+00
1.678939959220990596e+00
6.679611874679792782e-01
2.973044866843476353e+00
2.305697378624448124e+00
7.176755905826310844e-01
2.495259264774107866e+00
2.921471485286982972e+00
6.529190458425200294e-01
1.976007740507017107e+00
3.634071247820768846e+00
2.811453341584171373e+00
3.636484915696455378e+00
9.385278625988575651e-01
4.771484426538052936e+00
8.302835229543557016e-01
3.087870352261157691e+00
9.098534419829918951e-01
4.107689284471893743e+00
7.209523009738908250e+00
2.044695728929786682e+00
2.327737649162062716e+00
2.104939119434038552e+00
1.562920917763185313e+00
1.173136322325590619e+00
1.962838177289329966e+00
2.719670561007192067e+00
3.581852976036211000e+00
2.165197452572963144e+00
1.668936893385508879e+00
3.501291780084430094e+00
3.219791135952768446e+00
3.423568662470248825e+00
1.174740577593902824e+00
2.447846699547370442e+00
3.040173281827754259e+00
2.161860359502106033e-01
3.547998450851877816e+00
1.018374192717389493e+00
1.067712708604950045e+00
1.215022083800653130e+00
3.364187028598104146e+00
1.336329914588594292e+00
2.141779080206607677e+00
1.480617428778660205e+00
1.393224054063003869e+00
1.962694734396905449e+00
3.856531587370199965e+00
6.867753443589919904e+00
3.953609045082667528e+00
1.040817608486851231e+00
1.722918223974201801e+00
2.972193108748753865e+00
7.417869950052333738e-01
2.983131642202547340e+00
3.104299767235002339e+00
8.911435638119006297e-01
3.848405263139397459e+00
2.068941230943418752e+00
1.828834695490731299e+00
8.594587227575057886e-01
1.624996355216055566e+00
9.858878861862065968e-01
3.210840510086105493e+00
3.456074021069002744e-01
3.236639592913801433e+00
1.017680924250863095e+00
1.593244878208684545e+00
2.502907076733341452e+00
2.625387997376843252e+00
3.728659300855551972e+00
3.305679982951235107e+00
2.640841151077090831e+00
2.427171766000379538e+00
4.884563470770255655e+00
4.052148800221420544e+00
7.952738672547416954e-01
7.978924624595218340e-01
4.642718789857586792e+00
1.957556872433922290e+00
2.777040715783540836e+00
1.597945343499222126e+00
2.043677170261548159e+00
8.617264101640321750e-01
1.031368787153578603e+00
4.960053551487558776e-01
4.020348506678675271e+00
5.426196829531997778e+00
2.033602329513596096e+00
1.770239964339671790e+00
5.849497252458633056e-01
7.652760548419605513e+00
3.941975399875640829e+00
2.033662057777537058e+00
2.420768159239350847e+00
1.013497902501679482e+00
2.024994165898872822e+00
2.800491073708901268e+00
2.416566741206322089e+00
1.717733487746144982e+00
2.283433275106077520e+00
4.098490991809335959e+00
3.020715588237466775e+00
2.507112810484149801e+00
1.732016555080937215e+00
3.957054566804008466e+00
3.537469630602863013e+00
2.406095721858334535e+00
2.887400592444303360e+00
2.231797004489442848e+00
1.862894988518227768e+00
2.027007150675895097e+00
2.772440474728162130e+00
3.613522037309521817e+00
4.874922182270978177e-01
3.036024337164612064e+00
1.018949291038073968e+00
1.252995599814033412e+00
2.446393818381846774e+00
1.132153760806526632e+00
1.010564986200985782e+00
3.110601478752993199e+00
4.336100915970374281e+00
1.787401425331343718e+00
4.945129742875674417e+00
2.369909348379595215e+00
2.991759770497078641e+00
3.207879245463802320e+00
9.684205294362183691e-01
5.867893666140847841e+00
2.657164739113577312e+00
1.764827712649275737e+00
3.578585237363540283e+00
4.291612815569717299e+00
1.509953229978181932e+00
1.810598168920980466e+00
1.097875746435842181e+00
3.440778820386715342e+00
1.750673716199099283e+00
6.981513399801397846e-01
3.346632693275881643e+00
4.041535071035307958e+00
6.224404192290111659e+00
3.094969745016444396e+00
1.094284816787725934e+00
1.706595365255073604e+00
1.140840500162157101e+00
3.922096788309164417e+00
1.519210436862769464e+00
1.302229995813867669e+00
2.875064830770459601e+00
1.654861823500251905e+00
4.350387308402060560e-01
5.169697313767478875e+00
3.573451328177377651e+00
2.597632437332785926e+00
6.668157277104743486e+00
1.423887791236242650e+00
2.290548040024181997e+00
1.406342724110494435e+00
1.004127946860881915e+00
2.402736157509289150e+00
4.261920054710191863e+00
2.369862637664482019e+00
2.751452919571450995e+00
1.943173401714052728e+00
3.237085786354014783e+00
1.164601327344984227e+00
1.303476090782477392e+00
9.960917522955362591e-01
3.018093015333016993e+00
2.431493996000760660e+00
2.895767366099100570e+00
2.194304321391827184e+00
1.712426782381705426e+00
2.572967379792401754e+00
3.055599685506286356e+00
1.669999309194877046e+00
1.118120619238155866e+00
2.181091392704842313e+00
3.694172353008786658e+00
2.621999517440501304e+00
1.384284942701354604e+00
1.658649532233053003e+00
3.659621972682475910e+00
2.714059149612188637e+00
1.769706380787908984e+00
2.744021466037518397e+00
2.294563901940029016e+00
3.447864207535535908e+00
1.011530796426821865e+00
2.568721891291094739e+00
2.136434938091327229e+00
1.006846140346473018e+00
9.141956776528206152e-01
4.164220225672247366e+00
3.551938501588705055e+00
2.777658704627779862e+00
2.606850384525554176e+00
3.878184042399471121e+00
2.485842888156171604e+00
3.292369002644297105e+00
1.897602498403185844e+00
3.945144498833238256e+00
1.976967826937976680e+00
2.721035522528003181e+00
4.269379342563555113e+00
6.888461791396879308e-01
2.883212486972154931e+00
3.404918583544346511e+00
3.465381531054510411e+00
1.048939337576725528e+00
7.657325806284170922e-01
1.485305588841285829e+00
1.786170054133010332e+00
1.394471121799564450e+00
3.312182425276444242e+00
1.452496500200722407e+00
1.800801919299645171e+00
1.479037213333641132e+00
1.945512005832018554e+00
1.553226712697703293e+00
5.808285261924234888e+00
7.471110654465684675e-01
1.806634607197986186e+00
1.999271924978171189e+00
2.129676568769931055e+00
2.270096410805589660e+00
2.107828414247200577e+00
3.608712403202094521e+00
1.474458365727987053e+00
2.634889410949869948e+00
2.242823357650939098e+00
1.872703295923935585e+00
1.449352435253417948e+00
3.477754101702065004e+00
2.160908287633999336e+00
1.980637202958956955e+00
6.949200805587242513e+00
3.137260809666859274e+00
1.693138511130565904e+00
1.973963272161239457e+00
1.764881483137693774e+00
1.699986998157935858e+00
1.623111499753447262e+00
8.984954883219515853e-01
3.762765758206850553e+00
1.511852431161210264e+00
3.014535716582088742e+00
2.665387323552932397e+00
9.798628940399779497e-01
2.215360025001817945e+00
9.184066055545898610e-01
1.011486548809301222e+00
1.075509954860824013e+00
1.315984812270834414e+00
3.165302585593020801e+00
2.096192826741585247e+00
2.406750148121628019e+00
2.354347515473472985e+00
6.806878453848719257e-01
1.132195993302731685e+00
2.983081432206222239e+00
2.370698910608304288e+00
7.603785527679494116e-01
4.690107285920205871e-01
3.505778575190161117e+00
1.048798694913008811e+00
2.395044672025261612e+00
6.061035074009152313e-01
1.192282747397192644e+00
1.193897501920119453e+00
1.328305465576222755e+00
2.985604127310010458e+00
1.096971601200287916e+00
3.649193849662157874e+00
1.926528662849441353e+00
2.343973954764421386e+00
3.900979116150390613e+00
3.037242555581745052e+00
3.011743669622350073e+00
2.388997581524360481e+00
6.119891449289399654e-01
1.842770007512491981e+00
2.232753745403587065e+00
1.330258412178369820e+00
2.037463173845222464e+00
3.520994237547834249e+00
3.532123449661185077e+00
1.843950762013070399e+00
8.543330967419050515e-01
2.788788803634453473e+00
1.995739949652965306e+00
4.114851192346355546e+00
5.205647322568598412e+00
1.966010168484279452e+00
1.304959210861984076e+00
9.912187697304530865e-01
1.585371601437350453e+00
1.143767347180806748e+00
1.679265128327477097e+00
4.557342242531245979e+00
4.358937998729579988e+00
9.208220797969105531e-01
1.668409896941162929e+00
5.618347780025617411e+00
2.904191585077962490e+00
3.609212142766530018e+00
6.779064129327737609e-01
1.387401630919106177e+00
2.294542703589292021e+00
4.133002599187721948e+00
5.737494955304640598e-01
1.702541146727317933e+00
5.791770895301999733e-01
5.940406949117142510e+00
9.661819433999733198e-01
1.695134442700803934e+00
1.757379117345824637e+00
2.794554952670730508e+00
3.749819628067242672e+00
4.088911742624745216e+00
2.178857217555989934e+00
3.196156519138178886e+00
2.348512035221366645e+00
2.762478724180046363e+00
8.842031734722820557e-01
2.604073686136300747e+00
5.801515588923447986e+00
8.442846544021219701e-01
4.058062608324658704e+00
2.368827549380756459e+00
3.354365559062610469e+00
1.943388835695800454e+00
8.434544510387328442e-01
1.737463872881697124e+00
2.371746865047009045e+00
3.134792319877075517e+00
1.021556939644600037e+00
2.227289059648894121e+00
2.508544970643900918e+00
2.454646345034993793e+00
2.716328019441588193e+00
3.013048697156901490e-01
1.768355817825007836e+00
1.225466173337701026e+00
2.539806651506556712e+00
3.640480384557149840e+00
2.259343174774830043e+00
1.479581725379097490e+00
1.868183867867422743e+00
2.570105249024777994e+00
2.260181844700981824e+00
8.333158201734368609e-01
2.512381302005752826e+00
9.867998357690771494e-01
1.374035687684740825e+00
1.949554974467792468e+00
1.924738337248138587e+00
8.775105970416596790e-01
1.886492353185095228e+00
2.996506892594263061e+00
1.081075860480535944e+00
1.291129584342060044e+00
3.980393166059627674e+00
3.134598137088950409e+00
3.234205218235750579e+00
2.133177300782033825e+00
1.337682278369242361e+00
1.193873013119913784e+00
5.269895854905942478e+00
3.243907751880949153e+00
1.266518811276748036e+00
3.469553357754493472e+00
3.292595420967172615e+00
2.359038960638302207e+00
9.707596724637785890e-01
1.231824956364124146e+00
2.166442548402188972e+00
2.298049930893542925e+00
2.435334190648704045e+00
9.798191712954322785e-01
1.266205989645865504e+00
4.129227004302658877e+00
1.118981966913371373e+00
1.417701378862811668e+00
3.342672423935381332e+00
4.604197896554050318e-01
3.379527931212055858e+00
2.308085296181620727e+00
1.170706508742640040e+00
2.091734470933771295e+00
3.813307310366897962e+00
4.226994627332077314e+00
1.580574091439314266e+00
1.943524327147331254e+00
4.122849087081146280e+00
4.459001545808828126e+00
2.196962121880390306e+00
3.289276389206256646e+00
3.620322991068236185e+00
8.662668626777594305e-01
2.758666160002885892e+00
3.219579727387643864e+00
3.192476638817388412e+00
3.088886481770107384e+00
3.406507210990660006e+00
1.609903818644584872e+00
4.309369627892373877e+00
1.025626315195619975e+00
5.728477951483727182e+00
3.611918993564536162e+00
2.087358432276339215e+00
2.358736563550781096e+00
3.118622147505047959e+00
1.700182651996007266e+00
3.604853660747898925e+00
1.657403147333028626e+00
4.885994812035916013e+00
4.712871195738683738e+00
2.980399767346321838e+00
4.639325612385573727e+00
3.053445968292179735e+00
2.636309418702774465e+00
3.363420512541581253e+00
3.031941313837585028e+00
2.979731229997954145e+00
5.954061621012405325e+00
1.589223592053929268e+00
1.450058865058325930e+00
3.890478933793987792e+00
1.377451708013624376e+00
1.264759673014478114e+00
5.413715377559387143e-01
3.103458575855394308e+00
2.836711971098277552e+00
1.740507784209624376e+00
1.488705183643731278e+00
1.327885683511957682e+00
5.166714465997875649e+00
6.621699488924522869e-01
4.285820063201377650e+00
2.054149155573722574e+00
2.396512102822079715e+00
2.587105214633773631e+00
2.112226358905872736e+00
4.095182476692059481e+00
1.389895982278543718e+00
1.971389738448239726e+00
2.016870527921472256e+00
2.038912909527846651e+00
3.084501451267621874e+00
4.263574434251180101e+00
4.268443942123913537e+00
1.032796699188341938e+00
1.649973882437864470e+00
5.080998003276699926e+00
1.723164665626479186e+00
3.339035694099529827e+00
1.986142337870333119e+00
2.937875877468610675e+00
8.624922647287667221e-01
2.987977788986894812e+00
7.140482708759766872e+00
8.749380591877448765e+00
1.072276740101624215e+00
3.838247562452989481e+00
3.362692907637129913e+00
4.475817946591021723e+00
1.494905982488583529e+00
1.230766362562186522e+00
7.734401152804440960e-01
1.489753897357542156e+00
2.078252397991621425e+00
3.256641802406525343e+00
2.252144403124697103e+00
1.562055063896313767e+00
4.269227166225779690e+00
1.428763970573534881e+00
2.047406899091487098e+00
2.663777465092017849e+00
1.330468691083556587e+00
2.286519034191280664e+00
3.837555972376138769e+00
2.574179763780869212e+00
2.329817531673105790e+00
6.823320888159855047e-01
1.023066870909001391e+00
1.579179768143464724e+00
2.538442605604513069e+00
2.550001364390030112e+00
3.164761651703281942e+00
3.713849186181180428e+00
4.928289516998650699e-01
1.334757793859181696e+00
4.696056486382349959e+00
3.180057448036486711e+00
2.264665325092737991e+00
1.670866175149849031e+00
1.920111879772935959e+00
5.566511402685269339e+00
6.915618899056847901e-01
2.252662989334496935e+00
1.614201850759301671e+00
1.521351046973353549e+00
3.160044822334846959e+00
1.511780326052725387e+00
1.977639803617206482e+00
3.246806952484513786e+00
2.175491115082247795e+00
1.731933935972880034e+00
3.236139171817295157e+00
1.314374311203259316e+00
2.187817585600501769e+00
3.461510720837190025e+00
3.470390481356421031e+00
2.126861431014087422e+00
2.127709748828366720e+00
1.001788300273312782e+00
3.956733468980088819e+00
2.760393304902459377e+00
2.671552519770689305e+00
2.321472337139648179e+00
1.723751127223607238e+00
3.091592656480163459e+00
8.209540379171139657e-01
5.086559259883985940e-01
1.177124209564683444e+00
4.326020876948635241e+00
8.397796265801680260e-01
9.481684490123420517e+00
1.292992157065782077e+00
1.888827823610468526e+00
2.615982411307172573e+00
4.406582347453691817e+00
2.619710551664342635e+00
1.496270815212840111e+00
4.566062465457050301e+00
7.692086656209161655e-01
2.316442279596926834e+00
1.731594497592026993e+00
1.303282039023813121e+00
1.926375308768840000e+00
1.516480745530562446e+00
2.965444711063419891e+00
3.698683590681570710e+00
2.060360364362706864e+00
1.960415023431783643e+00
4.863357613618353170e+00
3.162997825463078616e-01
4.178470676655100746e+00
1.282407404595826694e+00
1.787040500509591068e+00
2.242287019855401020e+00
1.981847610458095321e+00
2.271735441086671248e+00
9.874122562878835385e-01
2.205215821658491837e+00
4.298320224144482893e+00
6.566039907123297770e-01
1.290089090489866308e+00
7.302254963141657784e-01
1.744098657749705961e+00
3.581843695666113714e+00
3.340319103371091725e+00
2.059281898926896393e+00
8.588843433714036024e+00
1.715810869062055488e+00
2.005408967853143931e+00
2.561580518615260704e+00
3.653870236332134702e+00
5.470426429156382220e+00
5.202569537772556707e+00
1.559681638071656051e+00
7.249641277891609725e+00
1.119802296038249878e+00
1.024886434518157863e+00
1.754952993143703788e+00
1.436079788847769212e+00
9.016965167262325220e-01
4.859452856537794796e-01
3.772343166865463449e+00
1.563180367523868908e+00
9.941488715467373671e-01
1.260272376195584298e+00
2.416051274662236903e+00
1.107122507153303292e+00
1.149022738677555777e+00
2.838020752896808219e+00
1.847481373319198372e+00
8.068530114700420697e-01
2.003100501979495185e+00
2.504406181885860505e+00
1.768197039675438731e+00
2.945253945911364912e+00
3.498979952362684998e+00
5.049183027747945474e+00
1.162353131726621136e+00
1.166827302689474211e+00
8.621038631606403158e+00
2.033154454889466667e+00
3.140472644485627463e+00
1.371158037546717612e+00
2.465591684192370181e+00
1.384180195522663137e+00
1.424542382956394126e+00
3.232707573643892052e-01
2.778535132601677393e+00
1.752227201779829491e+00
2.396130998070649110e+00
1.177806046031227405e+00
1.235527142508980658e+00
1.458294830691242439e+00
1.358706402302559901e+00
8.660057144599290879e+00
2.297154672465467229e+00
3.050045227876018838e+00
1.032065837676405806e+00
1.970084442097059796e+00
3.382197113803056876e+00
2.676342838766581522e+00
7.576678937548833037e-01
4.505039592471583809e+00
2.391299653688236493e+00
2.862048965278623402e+00
1.734205560235366095e+00
3.190581549182768928e+00
1.033707056689513237e+00
3.944537424715635510e+00
3.034049881121012149e+00
1.610271246580922355e+00
1.902056632894351562e+00
1.449649287171207446e+00
1.575975019823159240e+00
2.501336054809032206e+00
1.184128078675357187e+00
4.308984982557938714e+00
1.553305789136832482e+00
9.429393237928995752e-01
6.420484077928281241e-01
2.927360282573691741e+00
2.089154227967686239e+00
1.023809082303793083e+00
9.736735683064795532e-01
2.587895614234256847e+00
3.870179774936492567e+00
3.908382087226654367e+00
1.361925242380812362e+00
3.664989364999223120e+00
2.286660860486226188e+00
9.120091848439001447e-01
1.954506244431425177e+00
2.842261706888693507e+00
1.513582167113708632e+00
4.133850022209260011e+00
2.952971498808579565e+00
2.515102222409962174e+00
2.007910264325836636e+00
2.270713684505451191e+00
4.072836996867186699e+00
1.393088138610132587e+00
1.579485842031104870e+00
3.379782171098976384e+00
2.301140117849005406e+00
1.806639468647562197e+00
3.422248511478478417e+00
2.774969720783428961e+00
6.707213679304805387e-01
2.943569006427097179e+00
8.274093168379013097e-01
3.191159811727324769e+00
2.593733677963923068e+00
6.523787796530525540e+00
2.287995727767099030e+00
2.898603775771161128e+00
2.639581296875035399e+00
2.244965609329651279e+00
6.605922316345259837e+00
1.659443795440050939e+00
2.526764132621723391e+00
6.004989961657024367e+00
1.398538429535191252e+00
1.861645167582928417e+00
4.696102864561310319e+00
2.052928258379925097e+00
3.052389907352764720e+00
1.797130352580277535e+00
3.595558813763835904e+00
1.588823137508407868e+00
5.965247937284818391e+00
1.919190951162563330e+00
2.753865066703219178e+00
2.028309580402399614e+00
2.757278893055738145e+00
1.372792825842823028e+00
1.882517589850397632e+00
6.471994136556761257e-01
1.620129555083034134e+00
4.935609488912630738e+00
9.861930794010971280e-01
3.683797566785257604e+00
2.032743959500560305e+00
4.685524226064814002e+00
4.956198322348402741e+00
2.115861594933510670e+00
2.224376779366084023e+00
3.301407586060619348e+00
2.005327254817490079e+00
8.339016386728046459e-01
2.608527009308903466e+00
1.347003747664841633e+01
1.585733863476384453e+00
1.533105590387618955e+00
5.181537969594334214e+00
2.157179700463711658e+00
3.374492025342505475e+00
2.995019487503683742e+00
1.833225200115715658e+00
9.049732515891519835e-01
2.234439780314603663e+00
3.339173650906456015e+00
4.160687264997132151e-01
2.605790170776128623e+00
2.134020142900075356e+00
2.148525389273269415e+00
3.137447845969508098e+00
4.395102854768787592e-01
5.481387604144136283e+00
1.490199670467132531e+00
4.213455100119820607e+00
1.477859364356911120e+00
1.538925500555252457e+00
3.299556802309137726e+00
1.740629864378151481e+00
7.889227459437915257e-01
1.702628559936723462e+00
1.877255790937388147e+00
9.237143192741706921e-01
5.328133962830273740e-01
1.145687951651688019e+00
1.686830030388110080e+00
1.058440224840835109e+00
9.909537505280635372e+00
8.439213922979499349e-01
1.946403101539906144e+00
2.760435080541460806e+00
2.615277016077526273e+00
1.442120811147265202e+00
2.050587582324003844e+00
3.042632671569731606e+00
3.374918432737042728e+00
2.128349363595874344e+00
3.535277208633226920e+00
2.902032543619770699e+00
2.568490802721159039e+00
3.370768957626242734e+00
1.712969979426890443e+00
1.724849856853451158e+00
5.347346696575422165e+00
2.597326581677179114e+00
1.533876315644447486e+00
2.101733364346979549e+00
1.475656548724381567e+00
2.290160332814015653e+00
1.365129774528716533e+00
3.680410726876505167e-01
7.764687717398045530e-01
1.903363685377519987e+00
1.328351965411116664e+00
3.036597233400016194e+00
1.272905638659557637e+00
1.897290880713483840e+00
1.600847622104669021e+00
1.218084174333506464e+00
2.512573812352112856e+00
1.449688467030706196e+00
1.682030532175645909e+00
2.873676740251745798e+00
2.513285185782231590e+00
2.416652674678130275e+00
1.693917258937990722e+00
3.150506826462340371e+00
1.472239252176858137e+00
2.534277954909228470e+00
1.732972350808507311e+00
1.355334056290344869e+00
1.959101261257530480e+00
1.162052154629636069e+00
2.608057654053418162e+00
5.541802853456352373e+00
1.194764460615664659e+00
3.812472091961090825e+00
3.580094203749826232e+00
1.166113217092126231e+00
2.294889146465879826e+00
2.206248865461607700e+00
1.082508681248259608e+00
2.164158165785443622e+00
5.627604382647550807e-01
2.783458644849209129e+00
2.316029726532125022e+00
5.320083051415688047e+00
1.806954137503243629e+00
2.911819378715796436e+00
1.001979528935382335e+00
1.808747038357958470e+00
1.156016148387819520e+00
1.388124582737739976e+00
3.565731830255037593e+00
1.676084371709625875e+00
9.610108827854840996e+00
1.576210481588222079e+00
1.195973257336361506e+00
4.090860751898066638e+00
8.968070283959727051e-01
1.911766541758102012e+00
1.489684699457095585e+00
1.068829504441643152e+00
2.330336125175604511e+00
8.878644748803947717e-01
8.828210948188609519e-01
4.454575784591782828e+00
3.356782557041422255e+00
1.296154534359060140e+00
1.715032689549323308e+00
1.295371095632850356e+00
1.302334459880129858e+00
3.679220949435258348e+00
4.147650889492396686e+00
3.614063669121746702e+00
4.804366648176946697e+00
4.112391321874468098e+00
2.232117705839343547e+00
7.565528054257605328e-01
4.313313594825878283e+00
2.002595154628036944e+00
1.185167321385001138e+00
1.671316938375692729e+00
2.751368225120714328e+00
1.309285001992462893e+00
3.166258496061773009e+00
2.126494718715365995e+00
2.999037128095641158e+00
3.204675869248799991e+00
3.253240651851714738e+00
1.461078723780268485e+00
3.003289956926827320e-01
1.198732012024605886e+00
4.878872800638939466e+00
2.053975383299924129e+00
8.342732903410245981e+00
1.548112915907253528e+00
2.876243039505988808e+00
1.924752887409870938e+00
5.035077471279779004e+00
1.767418200033529230e+00
4.143590080832459499e+00
5.188677653551690305e+00
1.110271202351305497e+00
2.581894270180753459e+00
2.975546770633608062e+00
7.296932524882957516e-01
4.302952575946949132e+00
1.109940143846090965e+00
2.902762146803348653e+00
3.683935518692294853e+00
4.001252046354011327e+00
1.816477402447561174e+00
2.009917516851325914e+00
1.026099523564162341e+00
1.766815512115959219e+00
1.065587168899521098e+00
2.920796843067167803e+00
3.132064014504573723e+00
1.614716033403271522e+00
4.459342981521689175e+00
1.706518887011885921e+00
2.241888907854904911e+00
4.066644697603137848e-01
1.550877136103253839e+00
1.078310021597940427e+00
3.772763899964796774e+00
2.021866252439994849e+00
3.625625338586222934e+00
2.262866844697097868e+00
1.078563629919021771e+00
5.936731828704391312e-01
2.725610717897901214e+00
2.143344571768076356e+00
4.716817580507782992e+00
1.552222520597824840e+00
1.708904817052374181e+00
1.559055802907318711e+00
1.254167956824383978e+00
3.407126736525263322e+00
3.671353698897376727e+00
5.644663072059576514e+00
1.958910352368898433e+00
5.372597471953819426e-01
2.129477658155892961e+00
2.938029856793586525e+00
4.437432815091952309e-01
3.306147423058510171e+00
4.312277773732683173e+00
4.663504545729408868e+00
1.375262964143747491e+00
1.898617264395600301e+00
1.745303306975889646e+00
4.041429907345608363e+00
2.595337695524582156e+00
2.975819343333218292e+00
6.505006959128157851e-01
3.034366479182839971e+00
2.666856480709136168e+00
6.408013408180531778e-01
3.275228892290906302e+00
1.070145269541549204e+00
2.256638730553645722e+00
2.681254409052035381e+00
5.767510177377648262e-01
4.944788684274245227e+00
2.818434885821778924e+00
1.216576468089027863e+00
2.252214469196539337e+00
1.976925607240390015e+00
1.766176357764441818e+00
6.667195629164872628e-01
1.423178907354234690e+00
1.858977037415990186e+00
1.871385661178943893e+00
3.244325404644470723e+00
8.577494210417395681e-01
3.000709094781723429e+00
2.234766976352107193e+00
1.755466057013126635e+00
1.727319977054366351e+00
3.506911436565205875e+00
1.839671834194254618e+00
4.219596669122823052e+00
6.041900583839658445e+00
2.954623735119501493e+00
3.215260211661233214e+00
8.742276926685157434e-01
2.050499848081166920e+00
1.105464690408561879e+00
3.921821135697872052e+00
3.067732443261987019e+00
2.141871668634012238e+00
2.201016383677679045e+00
2.818060537229195806e+00
5.504330461825207577e-01
9.530385582980192005e-01
5.469195618500074518e-01
1.359107030601496735e+00
3.998878658639858585e+00
1.588132770018188866e+00
6.669028736354949416e-01
2.129025086843554515e+00
2.050475959312914931e+00
3.433665652114091138e+00
3.163791177799840426e+00
1.778826054011254820e+00
1.905156882697294440e+00
1.949494378665165284e+00
5.617531317228233512e+00
4.183786597439662636e+00
1.068654915039912057e+00
7.641580796306914003e+00
1.210701401912391839e+00
3.045770902979511585e-01
3.329786089746439082e+00
2.966153025347182393e+00
3.903868193067418613e+00
2.023359995412629786e+00
6.993170124756559858e+00
2.008060444762192809e+00
2.665237657476312361e+00
2.144584964439723240e+00
2.724765272829622997e+00
3.831910005597601199e+00
2.397801158422205425e+00
8.747611000576477336e-01
3.219778488779982073e+00
4.179420251810752163e+00
6.979787486272883257e+00
1.865463021536458710e+00
4.183014223030502521e+00
3.851516650683112220e-01
1.217734014495022832e+00
2.870486644294989453e+00
5.906464657209181901e+00
9.290862737055539666e-01
5.701820657205052711e+00
2.871302727067271743e+00
2.598239159491594119e+00
1.052764427073432607e+01
3.538338115578569809e+00
4.055053612402401697e+00
1.129953880104920261e+00
3.944660655601999188e+00
5.203021883172530337e+00
2.059472061978521840e+00
2.012983851610468999e+00
1.326968229376517039e+00
2.337390187980023182e+00
8.828923226405225311e-01
4.513962079713332187e+00
1.760020579902982885e+00
6.999508169995410922e-01
2.712608780773967387e-01
2.764737801750343227e+00
1.411456017824265885e+00
2.675103302766243196e+00
1.808410601338398704e+00
4.194133808655637452e+00
2.832906457256877619e+00
2.120450923806557864e+00
5.892919166586394475e+00
1.292705153546504837e+00
9.579299224214636865e-01
8.351271106408628686e-01
2.331971732119806351e+00
2.863133331361110478e+00
1.224174311295755047e+00
1.122216409716196850e+00
1.631581753713892358e+00
3.263518927805690417e+00
1.887604296910250223e+00
2.362019924222066525e+00
1.501561966948956384e+00
1.092845925111689986e+00
2.017078078981599631e+00
1.306912262959408988e+00
2.239372799405889403e+00
2.247158193488509426e+00
1.742392605459513133e+00
9.623236997444267748e-01
4.237335506863954215e+00
1.951548506012674045e+00
1.548296816155732669e+00
3.379855521079458303e+00
1.050750032837040715e+00
7.289018162083958252e+00
2.471229391039965861e+00
1.933142641911233639e+00
2.026397175130107087e+00
1.515323123184797893e+00
3.967247975015167238e+00
3.784205414461473627e+00
1.531080643332302094e+00
1.312973716005555458e+00
2.891514247956352701e+00
2.173123290859400480e+00
1.979625240838841060e+00
3.654747589864606905e+00
3.322170675142650076e+00
1.760609069588256137e+00
8.711018573279910582e-01
3.355963086540654228e+00
1.049301747087676429e+00
1.642482446541279284e+00
7.194727789084600644e+00
3.110543703079403421e+00
4.299879641315580869e+00
2.857675687750600435e+00
2.369123968771005284e+00
2.737007869984661834e+00
1.845810984387341147e+00
6.853740498322443919e+00
3.764204374920693930e+00
1.008815943228683842e+00
8.192622920434387002e-01
1.925403987344150414e+00
1.773366265013634369e+00
9.786474937532564367e-01
5.853808397199127711e+00
1.460772224859558932e+00
1.791346282086470287e+00
3.849995610922072320e+00
3.620075218617432977e+00
3.498032967414235639e+00
2.006528882582641504e+00
3.007852315615429983e+00
1.730425901335052474e+00
2.298548624799506612e+00
1.175691483442549146e+00
2.905115916129614728e+00
2.821287747188327533e+00
4.492920390554937526e+00
1.545233534354402360e+00
1.915994059522264648e+00
5.035862091969907972e+00
1.019686982470335401e+01
3.881845021656325834e+00
7.774110331239616478e-01
2.175398773157414922e+00
3.323973362283539679e+00
2.228250120780402188e+00
1.263651675514019912e+00
2.017936557777292972e+00
1.560941494980952804e+00
1.979599108490126103e+00
2.357395121945308869e+00
1.165600372228991155e+00
1.766113959519303611e+00
2.211403753934904515e+00
1.713282057378944678e+00
7.128840091106355414e-01
4.006778062421930464e+00
7.825373095175743865e-01
1.772228187852301851e+00
1.296475761087676259e+00
4.065261408212379024e+00
2.950370704944264677e+00
3.705240604264083526e+00
2.392813885702713250e+00
2.918904838403005630e+00
3.296766815592273581e+00
3.957255998595359703e+00
1.673410761170249561e+00
2.472679168674829064e+00
1.736586651000847192e+00
2.364194335155743509e+00
3.410410883821253236e+00
2.823308304138742120e+00
2.449195358571654157e+00
2.633470872874747570e+00
4.223774660046256457e+00
3.167491988911184553e+00
1.389710972894714791e+00
3.290939583937464441e-01
4.038009073485501199e-01
2.649990058636754853e+00
3.448237529909647048e+00
3.259487843702182808e+00
5.457543937939473899e+00
2.367849892942240242e+00
2.231053946107566244e+00
3.495669657551284448e+00
2.778049454605148849e+00
1.229227886048372298e+00
3.791432364552449474e+00
2.810348492767766881e+00
3.527669121389134688e+00
1.611114292352537225e+00
1.676472224352195228e+00
9.751121314063799783e-01
1.687611193341074678e+00
1.321603947232676823e+00
3.440221308494314290e+00
1.467728587317638000e+00
3.695039299808331013e+00
3.668504168811346222e+00
1.245100468583785869e+00
2.946215518659872856e+00
3.199915166950133560e+00
3.209256668395431777e+00
1.189088341130363879e+00
1.316222159166557049e+00
1.400529589427254473e+00
7.740804950810047380e-01
1.435531775647454378e+00
9.762620939990744873e-01
3.108349332230330830e+00
1.477907489730385882e+00
1.834800482108885911e+00
3.061633964106300621e+00
4.185903115617416681e+00
4.319027071482193669e+00
4.316044178433688039e+00
8.212987554371414811e-01
4.838792025087544357e-01
1.741890611014818235e+00
4.531210663066758570e+00
2.463910084522860977e+00
5.957438970146552215e+00
2.392092360318915478e+00
1.386798674883221283e+00
1.832336183925550976e+00
2.355051073683881668e+00
2.038959971607173127e+00
5.220073793217258284e+00
9.105879819611222281e-01
2.232304835096713180e+00
4.293801528796683975e+00
3.105655569163755736e+00
1.213247362019248099e+00
2.489475085333957338e+00
3.481985280909152269e+00
2.610344982464697594e+00
3.607470943769522265e+00
1.782543935350679121e+00
1.620658558161028884e+00
3.237563018623866640e+00
2.346238077215719642e+00
3.825947737094651746e+00
2.699194305854764497e+00
1.500807750563091680e+00
7.605461442341652223e-01
2.402951579382163416e+00
2.202297534986298988e+00
1.790451440365995683e+00
5.294244349776656478e+00
1.063710237152267091e+00
2.641873813834215046e+00
6.856070262294743367e-01
1.357222767138617225e+00
3.077690820896763046e+00
2.937620140431842053e+00
3.440175230582655619e+00
3.078431110149050021e+00
2.676536015617376307e+00
1.327667762415044805e+00
3.646532000872835244e+00
3.655974512848179092e+00
6.991157403112074675e+00
2.727088217943354209e+00
3.977594254037663202e+00
8.620633276026399283e-01
1.449104657881912894e+00
2.383389107214322067e+00
2.182382442181658000e+00
3.802995201702195072e+00
1.012923818475790494e+00
1.477241673948759937e+00
1.838318185197135746e+00
1.749028125298448533e+00
2.644443635773030987e+00
2.113421670127653140e+00
3.369636805226741583e+00
4.348598444879514524e+00
4.009306843091867023e+00
2.061186546297937738e+00
4.646145510982591986e+00
5.214825524791584677e+00
2.416237591685027386e+00
1.641498484101530764e+00
1.459067838509557014e+00
1.631875623186430424e+00
2.877888283230130018e+00
1.158438934453929647e+00
1.799153807035358321e+00
1.458530020237310376e+00
2.516284113480418583e+00
2.613533167464161089e+00
1.354502980750139418e+00
1.796489986537444628e+00
2.731481276514070355e+00
2.321701698907141065e+00
7.299804699837975086e+00
1.073509201390525192e+00
4.861956325654224642e+00
6.704012991609720196e-01
9.835934376108347310e-01
1.467377881183492327e+00
1.313738661185224199e+00
4.842358071625867844e+00
7.190188403202064649e-01
2.355938467347821863e+00
2.789219100438718346e+00
3.574895956737729641e+00
2.270829361708649241e+00
9.939571960640366521e-01
3.770606903205886873e+00
1.760215326089086485e+00
2.214822787433451179e+00
2.612342817717389298e+00
2.850460841741030205e+00
2.230514343172261160e+00
5.394183386702168903e+00
2.025788010375356496e+00
1.348517168676322653e+00
1.106570542749536923e+00
2.333444978341340459e+00
6.630530590600548502e-01
3.061478612581795211e+00
1.970053879909722472e+00
1.343161774927102092e+00
2.445355875878174157e+00
4.133394031485956965e+00
3.334812732404485391e+00
3.811224381118810012e+00
3.127325599577997384e+00
1.487605134640405335e+00
7.033436894822970409e+00
3.288088290251486523e+00
1.824452615961019042e+00
1.620063172764837134e+00
1.185179804902186218e+00
7.986417299904868816e-01
3.654782414938682944e+00
2.370144194560680706e+00
1.736850618269742741e+00
2.750550758205727586e+00
2.043844290845409972e+00
2.123615270881463957e+00
5.443263760653179517e+00
1.827994456388587041e+00
2.301972351627938007e+00
8.003035628564005854e-01
7.644237347278337591e-01
2.108082808155412824e+00
2.062638072757042806e+00
1.534892977204838527e+00
3.433254558814250235e+00
3.560088748107819612e+00
3.015009774274364673e+00
1.509938253451406309e+00
3.060684472404679113e+00
3.423984119862687248e+00
9.537496929631593678e-01
2.917418558095196346e+00
1.617647888601096984e+00
3.687872134387709888e+00
1.553188112678933308e+00
3.298686125944489067e+00
2.978435829189296058e+00
3.913747454805809323e+00
1.453352617100788668e+00
2.131275738761249539e+00
2.319552644861775370e+00
8.267466965273473356e-01
3.035899843136245835e+00
1.902345156097164702e+00
1.484035744635884058e+00
8.677047348023717577e-01
4.878537372343221712e+00
2.213561968367554034e+00
2.109411318485881370e+00
6.090908066887676942e-01
3.089810402702807934e+00
2.832513585836362147e+00
1.431489516839174581e+00
1.389632325432493376e+00
1.621645485763465899e+00
2.837957470360461087e+00
1.807220731613572884e+00
4.288955689987628439e+00
1.220031473988691939e+00
2.295329417207080169e+00
1.939677289878217303e+00
2.458212833023020405e+00
2.818573082783298656e+00
2.556370958317314646e+00
2.403160285703552557e+00
5.718801642384082617e-01
1.150075372960295716e+00
1.360056536015948447e+00
3.083375846384863284e+00
3.031092643036082723e+00
3.354129274702198238e+00
1.465308278666833441e+00
9.775219817429616764e-01
1.014090864053350138e+00
3.912589915609402169e+00
2.094307027198636373e+00
2.176646441278120125e+00
3.589286539254000985e+00
1.587612574716906977e+00
3.290030385393438728e+00
1.580861387608830659e+00
3.400772763487596162e+00
2.752339220221832417e+00
3.543925884378239743e+00
3.378031649393566482e+00
2.632583355966328753e+00
3.111371112601991840e+00
1.650679962835118531e+00
4.852656732741274404e+00
4.145276625315062802e+00
2.341897438900260475e+00
1.813455963564872819e+00
1.458921292580360074e+00
4.333615848724780228e+00
1.147418720552444871e+00
1.157251629275041438e+00
2.766006344378135751e+00
2.789091606895303777e+00
3.532595567885884691e+00
5.975112776660677083e-01
3.112882008407999113e+00
3.334013069042873312e+00
3.513707119661791278e+00
2.153070641725133960e+00
1.305477638070651647e+00
1.728983078266507656e+00
2.242923531728146624e+00
3.973572631189244753e+00
2.467537729300499638e+00
4.236526707712783058e+00
1.730016250372564013e+00
1.612812352155780005e+00
2.205059272146743243e+00
1.151425934441668630e+00
3.167108143194026670e+00
2.365192180605317329e+00
1.313743320245941426e+00
3.036448290374407222e+00
3.621991505226844210e-01
4.115913669794327490e+00
2.232174033146125058e+00
3.476170670479448166e+00
1.542308839110825280e+00
2.605095986502552918e+00
2.095236559577734692e+00
3.410225822068456036e+00
4.143174189761675841e+00
2.289258590293961060e+00
6.543770630884256256e+00
2.660813828594967401e+00
3.521720061764282317e+00
2.557254317675859756e+00
2.509443102236919465e+00
2.767452749971105685e+00
3.701752988318093962e+00
5.049469729977698051e-01
3.169970730118417901e+00
7.900395071530328828e+00
1.452846604944002307e+00
2.524794253228190399e+00
2.616851714431776887e+00
1.754908140357729129e+00
9.009404225642928310e+00
4.461638447509108651e-01
1.387657751511645499e+00
6.116797917252356775e-01
9.856614693560507012e-01
1.859005974965887598e+00
1.422658094603280077e+00
2.466569426794265496e+00
2.222993810332076325e+00
1.381765356452879123e+00
7.873389245418945803e-01
4.802514135015811814e-01
1.410119393962241174e+00
1.276744322750471561e+00
2.996424705583330184e+00
2.893645061182439360e+00
1.229561278898230192e+00
4.870959572303372731e+00
1.561601503098112298e+00
2.305159855792455303e+00
1.269915963906020462e+00
3.377103203901540063e+00
2.777451112579476966e+00
7.758261381687956426e-01
5.712171248622984976e+00
3.553490558865827875e+00
5.170671184816813870e+00
5.778987536648836354e-01
3.602467962387346123e+00
2.036501065869230853e+00
7.113869079009036422e-01
4.929544648881384106e+00
1.405134749091379032e+00
2.057197993841668460e+00
3.026007059607771499e+00
2.058139105632159183e+00
2.875416052392458788e+00
3.005270587300235441e+00
1.236342212972884713e+00
3.683679501132247402e+00
1.767343825387246881e+00
1.850786959795170272e+00
1.196615252828283404e+00
3.541657744944481934e+00
1.725766526913948162e+00
6.082666091829504573e+00
1.267915694368715762e+00
4.488679543245738479e+00
1.171216809495284839e+00
1.503486229976757294e+00
1.626514273709915637e+00
1.558348168042850146e+00
1.880110307411341219e+00
5.618415088475329000e+00
1.902241805145935327e+00
1.163623614284091667e+00
5.755384884184945093e+00
2.441565491321031622e+00
8.790747588064885543e-01
3.059437468413752637e+00
2.566789700268570673e+00
1.971666662571291972e+00
1.823630894959366477e+00
1.296587521256258757e+00
1.474755064339714483e+00
4.074689507539915212e+00
5.010302608361329568e+00
2.424962831662903717e+00
1.795603830740389650e+00
2.898132361297302673e+00
3.357038529309263275e+00
3.361858780914805500e+00
3.199017015915064821e+00
3.518884348086512848e+00
2.631060833629561557e+00
2.204696744595663560e+00
2.254556149963682365e+00
1.510026321958077178e+00
1.564868689353337450e+00
1.754138507031317573e+00
1.543351214545442218e+00
1.957902643820406130e+00
3.749718784159767004e+00
2.652337981555825674e+00
1.528821277357053532e+00
1.810944060741146000e+00
2.420776679295007838e+00
2.733705049980319934e+00
1.929624670798886887e+00
1.375345308320361948e+00
1.550873557699206318e+00
2.985750041761439544e+00
2.423204841417766264e+00
7.283923802021318172e-01
8.966766416935153527e-01
3.183978848913228354e+00
1.628813662422095909e+00
4.720972540152150287e+00
3.043977067397816594e+00
3.829819802995444444e+00
1.811989247037763207e+00
3.339415941202028559e+00
2.340179246323535356e+00
2.816757846082331262e+00
3.862699272224943581e+00
3.125102021411757303e+00
1.236436965910783892e+00
3.009471473892944449e+00
1.377069743510178634e+00
4.343125448774854291e+00
1.363473663004313829e+00
1.523412235181105467e+00
4.331980287069698843e-01
1.572717324083985568e+00
3.979485622536828693e+00
2.033300850444844432e+00
2.667625000016545567e+00
3.745325065985592783e+00
4.036672398782025217e-01
1.588293681700212234e+00
3.351978638307297143e+00
1.312534377860667512e+00
1.535077588647880242e+00
1.360784055478519106e+00
2.707031396541839108e+00
4.082238849302641803e+00
5.177918624214625787e+00
2.216064824707247194e+00
6.780322580932881316e+00
4.101262755142411898e+00
1.500786080136386813e+00
1.693878540946733846e+00
9.492114722776706648e-01
4.831517428777625689e+00
3.561524790377835092e+00
1.636967658554857596e+00
1.155755549050905051e+00
2.381950491933916503e+00
2.377384293066127086e+00
2.630157279497321365e+00
1.390314142817988596e+00
1.046905729352023862e+00
1.201318710745138185e+00
4.936999152915492850e+00
7.996451692119718180e-01
1.556314948364820872e+00
3.533431067590704799e+00
3.051206852465989439e+00
1.633788308678307599e+00
3.161336882184361818e-01
1.737063331892317875e+00
1.608999659018048867e+00
1.449486122729059856e+00
4.349269670279576339e+00
8.156717768434313953e+00
1.926177536450916827e+00
3.551816946759009053e+00
2.200500379285541541e+00
3.101846139849410378e+00
1.727616754222193407e+00
1.464433426138665562e+00
2.347088435727514355e+00
6.354459647129500510e+00
1.971615996053887931e+00
8.040906100261082656e-01
1.317196431330601714e+00
2.631255550641590002e+00
2.212062128181770504e+00
2.572841608848599027e+00
3.409689430392021325e+00
2.407697403171206840e+00
2.417052700321115744e+00
3.978161052223919469e+00
1.518646840491095551e+00
2.800783673944044150e+00
2.269203852966762636e+00
3.020067648947333705e+00
3.171337493087157178e+00
2.314778107443236532e+00
2.575227238710682709e+00
1.132995449097699225e+00
2.499723308836839242e-01
3.363099317686291112e+00
3.365230242448566944e+00
1.106510925473636142e+01
4.117553320471464495e+00
2.684373861803053707e+00
2.813199386067336771e+00
2.249505942767174194e+00
3.868635199813015291e+00
2.899479912705773543e+00
2.357976095172551467e+00
3.442942653176610079e+00
2.324455903348908059e+00
2.911811264167261992e+00
2.809289074429597299e+00
1.260045329075893505e+00
2.264180147246342312e+00
4.069837574683274894e+00
2.903612855935246095e+00
1.330503966818831429e+00
1.903234331043383243e+00
2.702054056568601759e+00
2.715647049429888771e+00
1.571943340054419824e+00
4.251711572783692716e+00
2.460835003509059149e+00
1.753183628680280215e+00
2.864038949933409128e+00
7.663460434475274363e-01
3.048933780455568066e+00
9.272362765485390179e-01
1.060562844394544957e+00
1.462939204926959169e+00
2.694781657550574305e+00
4.982901686787095663e+00
3.694172843028755260e+00
1.441511229372146374e+00
1.790298072424092224e+00
9.921631002765395335e-01
3.287863932452869786e+00
7.955422332379478156e-01
1.066171793386258448e+00
2.006091610328878616e+00
2.835972976052559602e+00
3.519345361206124512e+00
2.368062980710315735e+00
3.641205329178116568e+00
1.182358508987467083e+00
2.367527451583991027e+00
1.506602705322255709e+00
1.402104821857172334e+00
4.998920558232463840e+00
5.441565711068436784e-01
2.199138636436131833e+00
1.388457638671289684e+00
2.567212400159536667e+00
4.436921110786281375e+00
1.720630087726186197e+00
1.014482210722081224e+00
3.421687890880468430e+00
3.928622259871340283e+00
2.690125164062810548e+00
1.255920902600486722e+00
1.642218695756072266e+00
1.195192468810439168e+00
1.900924256250646538e+00
2.747263324554705122e+00
3.567687564645186882e+00
1.783641385335892338e+00
1.506840639414484873e+00
1.008936937440500836e+00
2.369416682539952745e+00
1.247614753687775968e+00
1.238875228444975551e+00
1.400831961683296933e+00
4.464866392681007268e-01
4.203554360993340677e-01
2.116865497453316092e+00
1.055468701312126223e+00
2.186478590078183792e+00
8.557208267306975813e+00
2.860899401096316907e+00
2.303075010139714607e+00
7.035892529782293847e-01
2.206291162731060407e+00
1.109669681254025209e+00
2.821040398534562232e+00
2.778421902930995557e+00
1.780854689783846645e+00
3.565254775895922990e+00
2.192185560903550656e-01
1.704217076851802792e+00
2.337565925995068739e+00
3.076177375747718212e+00
1.893960092018637242e+00
7.730613518816054963e+00
3.100519781796752916e+00
1.530935040352234155e+00
5.782248527968405494e-01
2.426228702362753342e+00
2.787627964499730826e+00
3.721719733166142685e+00
4.227578528899949895e+00
1.142716501308339350e+00
3.191865535212354832e+00
4.863902595021695197e-01
2.392902550048552790e+00
1.974787175926115523e+00
3.419946068599775124e+00
9.443379018463474717e-01
8.191757222235750424e-01
5.053890413195519571e+00
2.488397512233297970e+00
1.387455843281238721e+00
2.609055449030504903e+00
2.301352155845299396e+00
2.686440076955126433e+00
1.306285129513225174e+00
8.908214203635230755e-01
6.573594248156920949e-01
4.762257495794590123e-01
4.624864363111065302e+00
3.842046218777299238e+00
2.824125446012041518e+00
6.773056144484923546e-01
1.234077010617831816e+00
2.619403734174670095e+00
2.059192908880989048e+00
1.572671712969575086e+00
2.168549358536312255e+00
1.279391426370150908e+00
1.562873179331121465e+00
1.293202079972222585e+00
2.058054732554260191e+00
1.441973963177874296e+00
1.770666092701742578e+00
1.530539660507787003e+00
2.338944505627091441e+00
3.517455104241857367e+00
2.298685666800676319e+00
1.714711174098877411e+00
1.357467638882110306e+00
1.991548312938972831e+00
1.872999437882385099e+00
2.191956512157466896e+00
2.089815522396488046e+00
2.234456930671750108e+00
7.077974345333875039e-01
2.192560776355074292e+00
1.884060607905972518e+00
1.566593903064745552e+00
3.294085771717331301e+00
2.052531987586022844e+00
1.081369505456086566e+00
2.664011506152145881e+00
1.848195698703643197e+00
1.641495145001911515e+00
1.455232937529465698e+00
2.122643584928364913e+00
1.216082940219481712e+00
2.020554455183487530e+00
1.212993409574190329e+00
1.208550440285852678e+00
1.194688577496700432e+00
3.413991729469525005e+00
7.192097896356594022e-01
2.448627386300530340e+00
3.337019373667089894e+00
2.837430746414166371e+00
1.798676729308410938e+00
1.704316765447519533e+00
3.000246434834863418e+00
1.206513698166115311e+00
4.295442788235420473e+00
3.040511135721383429e+00
4.558965709893121332e-01
3.084433260690739420e+00
3.482174835865409768e-01
9.111519895884900855e-01
1.257915874442556481e+00
9.658784476899854310e-01
1.650069884755885230e+00
1.178314750023048862e+00
3.631011139487250183e+00
5.362958914268412869e+00
1.841673852209953610e+00
1.999793383593157392e+00
1.901367248011698763e+00
2.049141482683572324e+00
5.011852973178494430e+00
3.296708421658652188e+00
6.732867060531109171e-01
3.721904945970906375e+00
8.642487089872917805e-01
1.084089855455132589e+00
1.562005752784954682e+00
3.171677978669824149e+00
1.719275304740102372e+00
3.298226249941877963e+00
2.306633085373406278e+00
2.517139516942004107e+00
2.258843787995854502e+00
1.788078594142459732e+00
4.385591519608686539e+00
2.563780237067234680e+00
2.685627901424258113e+00
3.488813428223799473e+00
2.478148019214411413e+00
1.620736957089267127e+00
4.011272218083536956e+00
2.194888780895406288e+00
5.412075267253826372e-01
1.872723053529216974e+00
4.505773261744323577e+00
3.203910057148707136e+00
3.364977607454981423e-01
1.813007306786081907e+00
3.859082014091382851e-01
2.942804689280440034e+00
2.240028159869181135e+00
3.111308547400841173e-01
3.070197721767522925e+00
2.625929704711313040e+00
1.904157972561722367e+00
1.608245743764972424e+00
1.728361642634984596e+00
2.613208712672499878e+00
5.212589230922095140e+00
2.188644000573737536e+00
3.836110932375202953e+00
1.342405927632096319e+00
3.736777415777771783e+00
2.456618040964520411e+00
3.694416025411997873e-01
9.550130631139955861e-01
1.318427031646178360e+00
2.598231912207046523e+00
2.696861400612178716e+00
2.265904137800498042e+00
2.164537110184473256e+00
5.238794352089891859e+00
2.557171729854140541e+00
5.075516338066877076e+00
2.030545568688744140e-01
2.410409280816975475e+00
9.305255969301106100e-01
2.234297012800652737e+00
3.207069821619912720e+00
2.393949110392513679e-01
4.119659888085179134e+00
2.183728382850330441e+00
2.747380640748922520e+00
1.248659567853111385e+00
2.337836032229303473e+00
2.841358573732707615e+00
3.319448657093603483e+00
3.240674269204147695e+00
1.795318994419663694e+00
2.837525313226759938e+00
2.570853290011141379e+00
5.538979775822848728e-01
1.718283872113770316e+00
2.608620162267814457e+00
3.252325226025734484e+00
3.346201085307395129e+00
7.771636510299983591e+00
1.158215090085991550e+00
2.650131569905447293e+00
1.596304346647543504e+00
1.812365146037696606e+00
1.038721068782526125e+00
1.119290442119639462e+00
1.350503092413182005e+00
1.906403708719464740e+00
4.409671779500986766e+00
1.812199858214557979e+00
2.594010167491478946e-01
2.079264766597051395e+00
1.611364055512711557e+00
4.825982907528090671e+00
9.317128554777510674e-01
3.071086359291548717e+00
1.191611709278305620e+00
2.226317599018943660e+00
2.369737105666509525e+00
3.168123263007357693e+00
1.630259441156217681e+00
5.038385995200550305e+00
1.640708538537284378e+00
2.021346118902965561e+00
1.470456187476079535e+00
2.300811341923792774e+00
3.143176361075349590e+00
2.065205146234256883e+00
2.730983879862213026e+00
1.217907548557903841e+00
1.728402767941066953e+00
4.324988120375433454e+00
3.494278041742564955e+00
1.762918484211978276e+00
4.285056439421519592e+00
2.116043569046042627e+00
8.652174174936787310e+00
3.192231604165721492e+00
4.043573823283481694e+00
3.315622454864900259e+00
6.988863304208506877e-01
1.791739235055554547e+00
1.684167338976117589e+00
1.312095106521336652e+00
3.390157650052339822e+00
2.572668016877061703e+00
4.183563412412580895e+00
1.697862626620495474e+00
1.880629802461375011e+00
2.652979813488681948e+00
2.898048350174839971e+00
2.199926200674354959e+00
4.293839153273762754e+00
2.574431384415560409e+00
1.609059876461072847e+00
2.612566028688043218e+00
2.836104976109599551e+00
3.524549172734844138e+00
5.682023606672863991e+00
2.478117324501445840e+00
2.465178440425309425e+00
1.576377937977360144e+00
1.317243171745269725e+00
3.818454243389633795e+00
2.097195277786868761e+00
1.241446519402243265e+00
3.681606029429386417e+00
9.068660755651373195e-01
2.997558119936720278e+00
2.714699828572944007e+00
8.540645545537277616e-01
1.763301424431428011e+00
1.241526323908132667e+00
8.868962755169560452e-01
4.893628856081728706e+00
3.364024883852647196e+00
5.167564094637790983e-01
2.386588112550523721e+00
2.220500641058503533e+00
1.380060345491107787e+00
6.318739194675933035e+00
4.183438415635487573e+00
1.045535373763734954e+00
1.733174392213771897e+00
4.104162134287585140e+00
2.225152454696186499e+00
1.644642194695608906e+00
8.283225350082647154e+00
2.416437905518894702e+00
3.045803394266102693e+00
2.379015643366074073e+00
2.669193753633191335e+00
2.432859542668242447e+00
2.106471976167733295e+00
3.374373256270607691e+00
2.840403571926712889e+00
3.175862190278969432e+00
9.467570402933339624e-01
6.303861372296859500e+00
2.452493717376640792e+00
4.760697326240575400e+00
1.832110798548496788e+00
1.911493726261353832e+00
6.605924273705390704e+00
1.649633553747549719e+00
8.358339356293477129e-01
1.794336075113205364e+00
3.038290748091653448e+00
3.390708174135387942e+00
2.888885163969787673e+00
5.513536608785191140e-01
7.993674350444767152e-01
2.641805548646773971e+00
2.659024725971424363e+00
3.727734816551412145e+00
1.125593096858269915e+00
3.059105008864560826e+00
1.426576242137434836e+00
5.687262625928776183e-01
7.567712947261482803e+00
2.955912461476147168e+00
1.382003688983970857e+00
3.762751379117082795e+00
2.289873459974514525e+00
1.344039403257936360e+00
3.280677454491144895e-01
3.135487651977225898e+00
9.563789941733690236e-01
3.129770348690693815e+00
2.622369105775910647e+00
1.554218183571222323e+00
9.676535452555418138e-01
1.058252818059051581e+00
2.738178656887810369e+00
3.422652951037311819e+00
3.596035548223361911e+00
1.877660928283986896e+00
1.435307373238834838e+00
5.838196866036621246e-01
7.337694370522988008e-01
3.046062148927713764e+00
3.388580058287000707e+00
8.647902259076692744e+00
1.807528933381823855e+00
2.652139783401964213e+00
5.552442240181072464e-01
1.485318083767140029e+00
1.181549355818021674e+00
1.760145224421054699e+00
1.981167997612739651e+00
1.691680367760536319e+00
4.045944069929817033e+00
3.080960030335223365e+00
3.924886944199968308e+00
2.708416889519773108e+00
3.967049746583747982e+00
1.118194991806832128e+00
1.039483383795706040e+00
5.209340171972843825e-01
9.411158412961071473e-01
4.348128584427157328e+00
1.781030089798492533e+00
2.062701865142656743e+00
2.730362994236147145e+00
1.799294770463845117e+00
3.686740500958728184e+00
2.567097088845689878e+00
4.284736359077846224e+00
4.716603098797896187e+00
1.059138480705732910e+00
3.105267840712186533e+00
1.004827097213458309e+00
2.370944685491990889e+00
2.726431979059213084e+00
8.622283138862402163e-01
1.343045240931155293e+00
1.126373475905415367e+00
4.933704874519889150e-01
1.285471172519114580e+00
4.718120757678599952e-01
1.008761403664406142e+00
2.225595038107020862e+00
1.878090031896627821e+00
2.906774054606105495e-01
1.719047022600547203e+00
3.284965260742878534e+00
4.713680082366613178e+00
1.152559608213916675e+00
1.802329468116666389e+00
1.197838301005055284e+00
1.397684842685606554e+00
1.626788500021018491e+00
1.385364407760536043e+00
2.860648138395128548e+00
2.827801350763615051e+00
3.143188264328000692e+00
8.980513948736217333e-01
2.752986376312574812e+00
3.551565075617796108e+00
1.036024023167146035e+00
9.585532345032290458e-01
1.164963128207752385e+00
1.521788928719586265e+00
3.713762696379104611e+00
2.910235251233264542e+00
6.342505870807968460e-01
7.577823465900549449e-01
2.195877953609996158e+00
4.528723013591919866e+00
3.799576183015869191e+00
8.591579246957581351e-01
3.841070622297733994e+00
1.602709880703630185e+00
9.700575496502271688e-01
1.830410502565070097e+00
3.159160330485699220e+00
3.185532048537278449e+00
1.713711200923010436e+00
2.705754468064557994e+00
3.569988620109620037e+00
3.054497181295686037e+00
1.580821309058106250e+00
1.439572357318309459e+00
2.609745391253034175e+00
1.047733722247423449e+00
1.302147664452663278e+00
8.795745878584492194e-01
1.801031370123052699e+00
1.114113274500520223e+00
1.657064004248763656e+00
4.822259546212393388e+00
2.173785736491521625e+00
3.259802458891540411e+00
2.088672090764724931e+00
3.494530547783956109e+00
4.049648105943533416e+00
2.385434644479962341e+00
2.144957776333419552e+00
3.847872559537499182e+00
1.981060524308937865e+00
4.269441000442641410e-01
4.096691747367040004e-01
3.907255309760480522e+00
5.246359352659316633e-01
1.506916985511064899e+00
2.446302770711533459e+00
6.329906794254062774e+00
1.300113430702749762e+00
1.099118416891378569e+00
1.911437380069751057e+00
6.785790977161814119e+00
3.477313525158033602e+00
1.702637262514958394e+00
3.269422969653780431e+00
6.713942661938723688e+00
1.241842745876406751e+00
2.078748837301031216e+00
1.388131814997912272e+00
3.338973481897124507e-01
9.791092135804571051e-01
1.763880003883940173e+00
2.157127586216383008e+00
7.148170465616756619e-01
4.104751387965889897e+00
1.981652712306208874e+00
3.393470308353168541e+00
1.807680946579439007e+00
3.251987386335737806e+00
1.928529658908351152e+00
3.904519765320908942e+00
1.111045807970034494e+00
2.584214304311869270e+00
9.656955093597412443e+00
8.440745163555454234e-01
2.216370285284154473e+00
1.305805626199139979e+00
1.043865867624337529e+00
3.029409810275262238e+00
4.489756681619912371e+00
3.836723001714316794e+00
4.059150647816354152e+00
2.690777284486472798e+00
1.962156559106466247e+00
1.955103877380672150e+00
2.338085633807907904e+00
1.436559537902889705e+00
2.748759080502192198e+00
2.180034314780037619e+00
2.822316089169596864e+00
3.242096526176287519e+00
2.085951077841886825e+00
1.732632570363292990e+00
1.632531021292289442e+00
2.536748187277791278e+00
1.833279963757393105e+00
3.638237235356111210e+00
1.783376453627016023e+00
3.136958783592852296e+00
2.607952052877991811e+00
3.438671055165010149e+00
3.764391821010706796e+00
6.836228469835736732e-01
3.628124161056073049e+00
4.311306747130218220e+00
2.014558322214029751e+00
3.120314580514299774e+00
1.780298143733635596e+00
2.503514822259608863e+00
4.075936245092873556e+00
3.937175211342673453e+00
3.925333683959030928e+00
1.858414748801731964e+00
7.116491386194955027e+00
2.029824206483264337e+00
1.253361732082974189e+00
3.029230524923949730e+00
3.019314708216329191e+00
9.623643325953616934e-01
1.881345960120704541e+00
3.354208349124352395e+00
6.299752335596039643e+00
7.541777244740969222e-01
4.677729876530067443e+00
1.565375827019976906e+00
2.361134082475008444e+00
2.449114744289538681e+00
2.489351284024192701e+00
1.723760267400416435e+00
2.360236892796079289e+00
6.459034206175562343e-01
3.737770926372310232e+00
1.348489155860421951e+00
7.694593610071357448e-01
2.254191500017239225e+00
1.026170046587995710e+00
1.710263227652531581e+00
4.091636998086651822e+00
3.344891658405597212e+00
1.479996748851659216e+00
8.778357522641294652e-01
3.768794105520692383e+00
1.793908955845475939e+00
1.066844257802712415e+00
2.075177331561927740e+00
2.764764584352586763e+00
2.298186277658829102e+00
5.826444090211240212e-01
1.248078606053144801e+00
9.406083185442829731e+00
2.730817743684917698e+00
2.279989547875181710e+00
1.109200600538141623e+00
3.245593637427407696e+00
2.950309333237835840e+00
1.769214090721637156e+00
5.394520015738580865e-01
2.208399447100446888e+00
2.544127335888434871e+00
8.156394141339801118e-01
2.283564662963356362e+00
7.289841932685989789e-01
3.433248442588265337e-01
4.213124862565589268e+00
3.498240250851581301e+00
8.121592938674672135e-01
2.591004622357178544e+00
1.848280279204369547e+00
8.003647928818391488e-01
2.607304943233647698e+00
1.260868562231659551e+00
1.817758798763909001e+00
1.296283953488043483e+00
1.218895088025413465e+00
2.680536311830905571e+00
2.094910394811753562e+00
2.643308016090814672e+00
3.237206871582130052e+00
2.970919900288492510e+00
2.878373499759629084e+00
1.421435026463915063e+00
3.420100194830467677e-01
8.385100826357302140e+00
2.400091938513851719e+00
1.136134425671750270e+00
2.649690291538313591e+00
3.034363393792054442e+00
1.336410431954263123e+00
1.451843751648932201e+00
1.858556014964309222e+00
3.985818674350177115e+00
2.053296846572072454e+00
2.310018014003622167e+00
3.838707238173487468e+00
2.856187347359403716e+00
4.364768503478507533e+00
2.953553366306893579e+00
3.980400929454990688e+00
1.820059030916650888e+00
1.292177355153113494e+00
4.297137148818029218e+00
4.593275817420278351e+00
3.547189854355692784e+00
4.094747584390868944e+00
8.343278980069556150e-01
2.870679732661071348e+00
3.732169726951291899e+00
1.878786255575332298e+00
4.888895032184480960e-01
7.817141710219314144e-01
2.452361121244248654e+00
8.591693462561904582e-01
7.762412722989699976e-01
8.157397755561914821e-01
4.248062668336497261e+00
4.278992860070927051e+00
8.313259990175101422e-01
1.832218954839687441e+00
1.684079637263817375e+00
4.214458130840574301e-01
1.126258129730552282e+00
1.498418914163059501e+00
2.730752127796900908e+00
3.157112519027422959e+00
1.341385875951431217e+00
1.583285418851800630e+00
3.652135712976420034e+00
1.883022654035860555e+00
3.320451338294537980e+00
1.677435823749308552e+00
1.054646883004851876e+00
1.825694504651732775e+00
9.133214714532924550e-01
1.629201844092659002e+00
1.462444166184199812e+00
3.364153455660695791e+00
3.394719802429421174e-01
2.279410154023413071e+00
1.764936722444648387e+00
7.905041139911899162e-01
3.839511249969923767e+00
1.308304153367787048e+00
6.032034817980042263e+00
1.304555762458186274e+00
8.122024750080480970e+00
2.221856114985659936e+00
2.154663836294962387e+00
4.280614240243614255e+00
2.454604734089764317e+00
1.980071285374339851e+00
3.599427915684601853e+00
2.529707229414247749e+00
1.683217208788995167e+00
4.126673099670698619e+00
5.569449692604043101e+00
2.645057794843859611e+00
1.237196907999279505e+00
1.735186167019363790e+00
2.449273556794870910e+00
1.147401626052910517e+00
3.659114186539837110e+00
3.571798244651034349e+00
8.681395628137760223e-01
3.248734914325644763e+00
1.405119912228748325e+00
2.110531299970629604e+00
2.112258330928191263e+00
2.839357398568839841e+00
2.103564118381778592e+00
4.591376079934193832e+00
3.026642161153071608e+00
2.047861486813897791e+00
3.411370391784768197e-01
4.428096363731985896e+00
1.602002518920775609e+00
3.693018540208361955e+00
1.168744099037243522e+00
3.599174370475910489e+00
3.081002141043538423e+00
3.587915428336049484e+00
8.301562765775498676e+00
9.945913370207224435e-01
2.536413715174101746e+00
1.133180699308507622e+00
4.370933404840640080e+00
1.805185378436395816e+00
1.194461416786611219e+00
1.018432609142211565e+00
4.951409799338835072e+00
1.399620641641163621e+00
3.277143197951043696e+00
2.078838565811236272e+00
6.293768862288544597e-01
2.317088578691296696e+00
1.021209124504819377e+00
5.183565878427342177e+00
2.244656404336482058e+00
9.475400292419203785e-01
4.045190748301538797e+00
2.102752072130879668e+00
4.972592405313057684e-01
6.016530325026325787e-01
1.072692796868774723e+00
5.814740303139203093e-01
2.592754561145673708e+00
1.055189054939128068e+00
6.544326023357799338e-01
4.408335538827264366e-01
1.360665382617769481e+00
2.828607832998545124e+00
3.181579825498382696e+00
2.958223685656161894e+00
1.401765139122724602e+00
3.731574731584969218e+00
2.749871259809911983e+00
1.998061976134456019e+00
4.924000104328848160e+00
1.878872845679297576e+00
2.834514272871140328e+00
1.309745654231408318e+00
2.026278828977324586e+00
1.169410916755629692e+00
9.279716890757842007e-01
2.380905924857034783e+00
2.752691734838274229e+00
2.091138447074866846e+00
2.588104085604476357e+00
1.866602646706700952e+00
3.253634155609052669e+00
1.936743073053941000e+00
3.997760612252200030e+00
8.163571193261851544e-01
6.443871046266653302e+00
1.541300628673923034e+00
2.268163008407809045e+00
1.821608782483683520e+00
1.262262377917611200e+00
2.527720760551070089e+00
1.314260272790477302e+00
4.056595430873939812e+00
1.587508678477071999e+00
2.414440882574351299e+00
1.990037170384108434e+00
1.368943502393173528e+00
6.675928148408740714e-01
4.080782267183276524e+00
1.859177712464613164e+00
2.806381853589591469e+00
1.909049218293667138e+00
1.623015858602639305e+00
2.388728975986196268e+00
1.546405987428787654e+00
1.881339379912175813e+00
2.843789587622938431e+00
1.051636120071728575e+00
5.341290850062047291e+00
3.050892544087950409e+00
1.823092145269345821e+00
2.557484898444982946e+00
6.344960664997497446e+00
4.400377438160059995e+00
7.205091629368007844e-01
2.405266433306551210e+00
1.495560041017335084e+00
2.716177326131541836e+00
1.255085797915525214e+00
1.416002187383179622e+00
1.633895561600875901e+00
3.652107889341419389e-01
1.346592376858986251e+00
1.356498358277841598e+00
3.017304070044942943e+00
1.134774484609724743e+00
2.307567172436302827e-01
3.357214317621115551e+00
1.862658683309859731e+00
2.829967719306444973e+00
9.526096392959170212e-01
1.768583134693444636e+00
1.092810006022062908e+00
2.039009007632374360e+00
1.244967806217784467e+00
1.707403669712823202e+00
1.492359019366684247e+00
3.345147330721449652e+00
8.621492097804210886e-01
2.366947472066389224e+00
2.943490794668623955e+00
1.286482713422399504e+00
1.069508062150738681e+00
3.308199560846434739e+00
3.333390382387818374e+00
3.189951861237992237e+00
3.021643826417649836e-01
1.054683252490040468e+00
1.648383840990726767e+00
2.628784350695381189e+00
2.327839176674376009e+00
3.431191192070938367e+00
5.295020593487846483e+00
4.515117738534848435e+00
2.792362349761460028e+00
1.633682682768041738e+00
5.753225076247530101e-01
5.172229602844982566e+00
2.637708306462487329e+00
1.689030460612034990e+00
3.131706100868766551e+00
4.343098596177047965e-01
1.119233601220380958e+00
4.907214899052033452e+00
3.454574517667713174e+00
1.793921467402455727e+00
1.003480490502012934e+00
1.196369190600244492e+00
2.523864558265053404e+00
3.861914467027874664e+00
5.044785502906833585e+00
1.137277024451271989e+00
5.436440385726620583e+00
1.328857396112804068e+00
1.653232118544160523e+00
2.620574001214846849e+00
3.153335697450500241e+00
7.670511139435179926e-01
1.859981544589622837e+00
1.304135899817009170e+00
1.049372221732183252e+00
1.206430445952044073e+00
1.519393224212536087e+00
2.889916333422294592e+00
1.838298988909214948e+00
1.923646121084750860e+00
3.063566241724005490e+00
3.659213181666029602e+00
2.689851498214220538e+00
7.957407207890992984e-01
8.695613527392598296e-01
3.183187192772605201e+00
8.327688513033520978e-01
2.379731393721171706e+00
3.993684563934121190e-01
1.091643949675692005e+00
1.337955522577795264e+00
3.851950628995083115e+00
2.601253101710220061e+00
5.365342822243946763e+00
2.692047671362652661e+00
2.296953222918581616e+00
1.531594205172934764e+00
4.212040127785333432e+00
1.810798043447690020e+00
2.608035981877800502e+00
1.712965914090787356e+00
1.580146107361896757e+00
2.578892194936195370e+00
1.277705815896926111e+00
2.296615177790322981e+00
3.967040225105200602e+00
6.826001992892845038e-01
8.692816624844283968e-01
1.901927968161915672e+00
7.226090105069030711e-01
1.837606458081593397e+00
4.113809178623334617e+00
2.700185718835579340e+00
1.165171036542851812e+00
2.810618430832601433e+00
7.638530596949457685e-01
1.381258867023692272e+00
1.055449713380873122e+00
4.089708606653088552e+00
3.848448757287267874e+00
9.595151853832011302e-01
1.082606381384313199e+00
1.992419246046996495e+00
4.404879206644483958e+00
2.117731671164612361e+00
1.846997856010333061e+00
2.821998231999153450e+00
1.677317973851647714e+00
1.049270217862774413e+00
3.925654416354575904e+00
1.377308107365790457e+00
8.720781327700581897e-01
3.804347772130738381e+00
4.046659144184317825e+00
3.082856258563728247e+00
7.083284317327417590e+00
1.761757934769121903e+00
1.756100225514520385e+00
8.410328064329216646e-01
1.494928744754687511e+00
3.758016190510125032e+00
2.986997556524943143e+00
1.633455613101821857e+00
3.677732885034299404e+00
1.427783374521902626e+00
1.853487521383250458e+00
5.791682015714653131e-01
1.468063859595060805e+00
3.605912165126125224e+00
2.697129148018222899e+00
3.460931990996178875e+00
5.193690989379941669e+00
4.078024936594637495e+00
3.077906730528519930e+00
1.996962834673596587e+00
1.291251552154639270e+00
1.124355119277662629e+00
2.056154886873831522e+00
7.677575024477804044e-01
2.881106767920790013e+00
3.836815618659250138e+00
1.198295143218968128e+00
1.384287763999871190e+00
1.650733174248459667e+00
4.052615974828900569e+00
1.789826787355393911e+00
2.995980888692233002e+00
1.958323158374573492e+00
6.991784184902979371e-01
3.437872560097829044e+00
2.995643260623188198e+00
3.264606662360616252e+00
4.584712787503471887e+00
1.955195538345210871e+00
1.503542630216900600e+00
1.818424789300459032e+00
2.717084818372900834e+00
1.702901992823784738e+00
4.271159290694769517e+00
1.574207911172228025e+00
2.603790251950524937e+00
3.656247788281544953e+00
2.661890477497863561e+00
1.517075723831884160e+00
1.791357242319439269e+00
1.371345171663528095e+00
1.197263754355399668e+00
3.757383459444806562e+00
2.708393375699991612e+00
2.395633792144576280e+00
2.334995060559142299e+00
1.902743159575529530e+00
2.347353402091509889e+00
1.683165415393689801e-01
1.574614977225945678e+00
3.110634158151211359e+00
6.940612994683610371e-01
3.293831640688248186e+00
3.014198458052228968e+00
2.021125733930147828e+00
9.668701702122819430e-01
8.905854145580673897e-01
6.148911759514550823e+00
3.439497858124341167e+00
3.763459092394270566e+00
3.501238123685101566e+00
3.630696552063208404e+00
3.855994434383964276e+00
1.909962163341047292e+00
2.038205860384170620e+00
1.139862162055724326e+00
2.490724737538232869e+00
3.241865577089471540e+00
1.076768632219185173e+00
3.001535892615440293e+00
1.294294018217250875e+00
1.676013786495544000e+00
1.424967429713825284e+00
2.915190829643238501e+00
3.946460385096907331e+00
2.630543978656027182e+00
1.677106053568510280e+00
4.465951239662015126e+00
9.526144578129618345e-01
3.089162426396063754e+00
2.961957105545359958e+00
7.145186110669202506e+00
1.572901433779618552e+00
1.080934769897476722e+00
4.099166746569616215e+00
2.300006420392519235e+00
2.382478857197613653e+00
1.576258159111212587e+00
1.094176225616532383e+00
1.779656399668666067e+00
1.581895029500904881e+00
1.087673188755581277e+00
1.246971455456698630e+00
1.452932997974599072e+00
4.759670248316069774e+00
5.414758474642883179e+00
5.165031633185689586e+00
1.382129463781169632e+00
1.529476524135809257e+00
2.332563814408044056e+00
1.364481424634282458e+00
2.460058748337915713e+00
1.838442862462088545e+00
3.731710397620827013e+00
3.815101831042799319e+00
3.611551912750595950e+00
7.842716252534929211e+00
9.109025254647706848e-01
1.987197851881141952e+00
2.021364970036233721e+00
1.629227758231874601e+00
3.443013706823776943e+00
6.897367523975784787e-01
3.881697279593572691e+00
1.867654142085416469e+00
1.382605705147577524e+00
2.117448957197732851e-01
1.506730078104421500e+00
9.310369686482150575e-01
1.564236320391944490e+00
1.016209202039145998e+00
3.301491861482381385e+00
4.589193932495144956e+00
1.475430585154146934e+00
4.361880012017098629e-01
3.384995364310495081e+00
2.927465673312159122e+00
1.472035093719948673e+00
2.762097857432663339e+00
1.236770111517780268e+00
1.204352561174477865e+00
1.773281695927052093e+00
1.162206563070551901e+01
1.023779716273492513e+00
2.455171699120443307e+00
2.549878655718820220e+00
1.449971341674079373e+00
2.295629145642029023e+00
2.108631443391495441e+00
1.338869312412384938e+00
2.900657762799716544e+00
1.577866250265282932e+00
2.187661754731565544e+00
7.015029175082731605e+00
1.082169116480614868e+00
5.088635995633530307e+00
2.128804951238530752e+00
2.933294795564625801e+00
2.370536384527326401e+00
2.344589289113439001e+00
2.254926597394753429e+00
2.102200462727942920e+00
2.513481522003656377e+00
1.570771519451977349e+00
1.848399374146854957e+00
1.482896422329125441e+00
1.368863490632424851e+00
3.137162695298298942e+00
7.214863305455004872e-01
7.711727619948404167e-01
4.510829034587003683e+00
4.100585491779812131e+00
1.927414472378539578e+00
7.003509343116064434e-01
1.098390278457133107e+00
1.184860455957896130e+00
1.827527407478743093e+00
4.462291286684529346e-01
2.104711023831197458e+00
1.392829959291884023e+00
1.230646694951547993e+00
1.277846615145063147e+00
1.618998353483219743e+00
1.289887993132456723e+00
3.202237589794021844e+00
9.473376074928210322e-01
2.419468636126871353e+00
2.403017656470692209e+00
3.234923174959008385e+00
1.998500499829016119e+00
1.108608564368805505e+00
6.311652565574301654e-01
1.391047541018138878e+00
9.438360526011325691e-01
3.397751686880950306e+00
7.870430290036679599e-01
3.388922614880232054e+00
2.804891170025484826e+00
2.956165669977317556e+00
3.326763315636220852e+00
2.135063696267437638e+00
4.622223883725305460e-01
5.034410745142175791e+00
1.988940779894659450e+00
1.975109459546796842e+00
1.310078438690310598e+00
1.729537631438957890e+00
3.539207973257267881e+00
4.226721658691467098e+00
2.597414192280437906e+00
1.285091014387262920e+00
4.743571990303334651e+00
4.269160419002094864e-01
2.237699115155571850e+00
2.981751219222160909e+00
6.810929572952292510e+00
3.768074884964248139e-01
1.585293427728375004e+00
4.084641817915982465e+00
3.000516009484002655e+00
3.195342342101777255e+00
3.236703862347380500e+00
1.423799476247583629e+00
6.031153458811457924e+00
3.779124296736708466e+00
1.840939094432394896e+00
1.434165979186054374e+00
2.801656118611568047e+00
1.738285628352518541e+00
1.018365348406744531e+00
1.832692456578936868e+00
2.864733088856131982e+00
3.098173928509490249e+00
2.260303252504161087e+00
2.687459754226197539e+00
3.229617495092230062e+00
3.271170895662450118e+00
1.150570934692208613e+00
7.544445356716609208e-01
8.819732720486491706e-01
9.507545129758806501e-01
2.289234349689373449e+00
1.864681326930252014e+00
8.341790787213835268e-01
3.802167085664659218e+00
2.701758612349744570e+00
1.970694385461638776e+00
2.822268649733948198e+00
3.146952563668350411e+00
1.300831422726987485e+00
3.373649757506206104e+00
3.963288337427386843e+00
1.719965292307905846e+00
2.452624736203710576e+00
2.660161593626980014e+00
2.894039397531573687e+00
3.028427603333033513e+00
8.171791936055053940e-01
1.894578020769903226e+00
4.576114292289246599e+00
2.380750077367598028e+00
2.144692618699931330e+00
1.971384706850793478e+00
3.610585010168156472e+00
4.397014222817059448e+00
2.474141605647617315e+00
2.131336008966749240e+00
3.184358840081800146e+00
8.127990880458559886e+00
2.399993056097531774e+00
2.074711857613774857e+00
3.706011486957868861e+00
1.093063443886147512e+00
1.806311806826268906e+00
8.987863530156459113e-01
1.149825007618874295e+00
1.906503607368634556e+00
9.973520745486965655e-01
1.933103344040721927e+00
3.682199703453794548e+00
2.285067620067301686e+00
2.768278077398585335e+00
2.584699367197523578e+00
1.216747919791010046e+00
3.246164097402125304e+00
3.175469368951790994e+00
2.174563783149570106e+00
1.699832152721121314e+00
1.134005507664678669e+00
1.115655665712935507e+00
1.033095657526093891e+00
2.615500681438722275e+00
2.147964099702261986e+00
1.775311562858368886e+00
3.729214388452196882e+00
1.495263213436896832e+00
7.782493911324295688e+00
3.861281342990529719e+00
2.645576117284975215e+00
7.973989110054255924e-01
2.649797034067949753e+00
1.134136507936306604e+00
2.320539580224118659e+00
7.341804704021027916e+00
1.078649969162954747e+00
4.920683018738881032e+00
1.985555660167764858e+00
4.853212844495926603e+00
2.063265901855489748e+00
3.479170126315706213e+00
3.869709495136317012e-01
6.696152371062407127e-01
3.095145774880738720e+00
1.889004102676379748e+00
2.806677180148425155e+00
1.092911480234041610e+00
1.759899629589753989e+00
1.995206650611618393e+00
1.238334773073759942e+00
3.214561331436198266e+00
3.721271520784788844e+00
8.024411313929402656e-01
1.933921328458998223e+00
1.432533750813099527e+00
6.835983089571602278e+00
3.382312479845510200e+00
1.472111808835820268e+00
6.378710555352452793e+00
2.025350285865307853e+00
6.972629473557854229e-01
2.040339981381702028e+00
1.237614112960392365e+00
1.570299641776393251e+00
1.894465605078519355e+00
1.574630208639522966e+00
1.463218680949770034e+00
4.715972771821736131e+00
1.473131364906703267e+00
2.969257433661477652e+00
3.570052713774154896e+00
1.111533808860808437e+00
4.282548555856974026e+00
2.663389260996074981e+00
1.326996254555990351e+00
6.022947072751128061e-01
3.345797996556845622e+00
4.382783577765878569e+00
3.185756576884902991e+00
2.668414883380537006e+00
2.202632804441313485e+00
5.666559677751331625e-01
2.686831275663717378e+00
1.081323739367299863e+00
1.953782128016918973e+00
2.907430122224508917e+00
5.584555338190310136e-01
2.594459930010617921e+00
1.732918022461855445e+00
1.760893969814812943e+00
3.180404756701618041e+00
4.117024798944981967e+00
1.201146870331262884e+00
3.304146319057714720e+00
2.335217545633494041e+00
6.574256388296615405e-01
6.468658589015636728e+00
2.807703491039135635e+00
2.565537340367145092e+00
3.019167595985671193e-01
3.112583332320493223e+00
2.027257907286806660e+00
3.437371340992493085e+00
1.408399605204964544e+00
2.012752529912730903e+00
2.305712120023472700e+00
4.312600222840453412e+00
1.166214394003120658e+00
9.528304862179342027e-01
2.122056318591267310e+00
2.769695440801795971e+00
1.209373918899457445e+00
1.048613308673653322e+00
3.430738578784008119e+00
8.208295590433983824e-01
5.937434893484145881e+00
8.771341594834131783e+00
1.502066335209078840e+00
1.511505930262725172e+00
3.350657877416341357e+00
3.056468899984410292e+00
2.877950587349814349e+00
4.622539456457706919e+00
1.244435121537649680e+00
2.111069139045151921e+00
1.636198304650162916e+00
4.265062040250781727e+00
4.374268045750182132e+00
3.748004174454202531e+00
1.570141303258390186e+00
3.656019107385319877e+00
3.246303318993741360e+00
1.806792016688458347e+00
1.099545330197155169e+00
1.934312172128483498e+00
5.145367688781974813e+00
4.788430647236262772e+00
6.698417346828948737e-01
1.016044868607009599e+00
2.460146151915548085e+00
1.053526464831635368e+00
6.970311209044908196e-01
3.658762011631326860e-01
3.609619718361497753e+00
2.352011320134034911e+00
2.559422723500077712e+00
8.944755438666257552e-01
2.623751282589271927e+00
3.083246024875052615e+00
3.473818398744132452e+00
1.893986649747642304e+00
3.635336242956636710e+00
2.024656160718553810e+00
2.631284355713154888e+00
1.334743149576663956e+00
1.006000922750164062e+00
1.975707140287275010e+00
3.835376118579060023e+00
1.781813967987249336e+00
1.680257097246006026e+00
3.938208858964712622e+00
2.553631303222644977e+00
6.419471793972929552e-01
1.923248049751347333e+00
1.627258615210879888e+00
4.930864930491189568e+00
1.805691701068874000e+00
4.388843925925184353e-01
9.965501762330323254e-01
3.697100836282386727e+00
4.264922832841635092e+00
9.986798316795052477e-01
1.685625013190556798e+00
2.161963655067304924e+00
4.180706100886367516e+00
2.185898940852925687e+00
1.682481366928774147e+00
1.042186376124247138e+00
2.152632620348877701e+00
4.387137257782245392e+00
1.399722066678040333e+00
2.238852909207976527e+00
2.524301370904078023e+00
2.158912692316208748e+00
2.188591715240861379e+00
2.294508283348542399e+00
2.720836461297373887e+00
6.747572578105538454e+00
1.245458574267515273e+00
2.712145151028775736e+00
7.995229311705321917e-01
1.694807670036953651e+00
6.578959305784382039e-01
1.766853663501334326e+00
2.642792067983034787e+00
1.908977884182075480e+00
2.845522072259619950e+00
4.907491691238639930e+00
1.003485871769153603e-01
7.933831039524318340e-01
1.150301943873580868e+00
1.653123567797896154e+00
1.333094438935081172e+00
4.619633238759710547e-01
5.904439896326511006e-01
5.034384122341343470e+00
3.021099013670788924e+00
3.041879813089183315e+00
2.418641800361698735e+00
1.330928473679921620e+00
3.135347173782350172e+00
1.976862370727113793e+00
2.580515855772779421e+00
4.044671028214419373e+00
4.412678002222962803e+00
1.968776605433389948e+00
1.357405174285334581e+00
1.729811077619777260e+00
4.468750632676855794e+00
3.560334676708968527e+00
1.824322155932106782e+00
1.794209542048678774e+00
2.683463314457870119e+00
4.834656158852183583e-01
1.287126223900287192e+00
1.220689400653093726e+00
1.160731973201220235e+00
7.815194931303081072e-01
3.537583467865139664e+00
3.219968234992248046e+00
1.395643964540974169e+00
1.285044598791291959e+00
3.743858036692557789e+00
2.987233123104537036e+00
4.600209035310520278e+00
2.243037317254756857e+00
9.406560301873135854e-01
2.020618989680786015e+00
5.104671907608110182e+00
2.884328686907702721e+00
2.206726654404861598e+00
3.731909336173507175e+00
2.611377564402056706e+00
9.119189950280595980e+00
4.089307292938641147e+00
3.759500997448260495e+00
4.902423998044990405e+00
3.647535692549102482e+00
1.831201185795439113e+00
2.997300679481256669e+00
2.617571757771987695e+00
3.049336579914090350e+00
4.121715208997165369e+00
3.298927720265746544e+00
1.011072801603182691e+00
1.133850319141656904e+00
2.809896010974766711e-01
3.390890216185906691e-01
3.220069418260565808e+00
1.459432537189313095e+00
5.160212556217159685e-01
2.059019046879381420e+00
1.171492472218319314e+00
4.404206503091141478e+00
9.676941416758181314e-01
1.714817996856522919e+00
3.456735347497296384e+00
2.337090851268536440e+00
3.015903400617318653e+00
1.460900871978411564e+00
1.462891123977415608e+00
1.103795426021918269e+00
5.163079390054448936e+00
2.418209277781220301e+00
1.936708327807674657e+00
3.193255279459525475e+00
1.645379237787083948e+00
2.929489513466692951e+00
1.187798292204595096e+00
2.183253757920072147e+00
2.225920965195829826e+00
4.094857187343806437e+00
4.331721579062660865e+00
2.268989440644134437e+00
6.230818741658745719e-01
2.212866808015064635e+00
2.092912104075351554e+00
3.536208914999940056e+00
3.576539438966419127e+00
4.818757961276501911e-01
6.626123227026029516e-01
4.671577823872201662e+00
4.677602292030918818e+00
3.326356616833645141e+00
1.701519446014347459e+00
1.909006118524033679e+00
1.127378593150849095e+00
6.273317738960469292e+00
1.564687570219588597e+00
1.993483523040896932e+00
5.636750421998761862e-01
4.377876890020222511e+00
3.737404041177965652e+00
1.516716854480766763e+00
1.232209250485092333e-01
2.052855516521298274e+00
3.371224531252649648e+00
5.825268197119665814e+00
2.386774375715876584e+00
7.532638960613565748e-01
6.458601604723138712e-01
3.832221927816674256e+00
1.923260736868979359e+00
3.508677234836773184e+00
5.398523431594330901e+00
3.222077260709160118e+00
3.105184540085092149e+00
2.671097821456154708e+00
2.889880326276887512e+00
1.927309322390750701e+00
5.512668290472463539e+00
1.799560469756347869e+00
4.798031841750567850e+00
1.468798004362549925e+00
7.675555464705886566e-01
2.976984945297258989e+00
2.095901025323629874e+00
4.159603791487941571e+00
1.787902852824212241e+00
9.290711912765351466e-01
3.300321983222675559e+00
2.207913685406682536e+00
1.239889519534626228e+00
9.324946829598209419e+00
2.202717114951560973e+00
6.418289118474065802e+00
1.343956261475268477e+00
1.537372740873497179e+00
3.959951592672284804e+00
2.788970556712150550e+00
3.430880548465323532e+00
2.670000483111362843e+00
3.522811250020744467e+00
1.934737393691067009e+00
3.454253056395799160e+00
7.675772654276240559e-01
1.642192110840880126e+00
3.430644099106544331e+00
8.782792182975605044e-01
9.503845495305846214e+00
1.399758660868775539e+00
2.292949394125783691e+00
3.078681759286744590e+00
1.456104805542568048e+00
2.829649101675689948e+00
1.189425470921938288e+00
7.137936507252513607e+00
4.624889566469380098e-01
3.350488131015390447e+00
2.063388046145185228e+00
1.318909836389287049e+00
3.354045822264988264e+00
5.796627009515423978e+00
3.275230648190344152e+00
6.830590208598183111e+00
2.429531850230320700e+00
9.012183566237289556e-01
1.891575024264329663e+00
1.336452619730468250e+00
1.929530261800902036e+00
7.126995349273308467e-01
2.794509602074470855e+00
2.184882249967163848e+00
2.016505591519008433e+00
1.590810683380188495e+00
2.695163622984598106e+00
2.847900164209382634e+00
2.406348886124558994e+00
1.772530047066976921e+00
1.602348180334460137e+00
3.291415408028763867e+00
5.930760771671208520e-01
1.749695327825843361e+00
1.115036140248529861e+01
3.275063564022375751e+00
2.760329504538300949e+00
2.899904619414702456e+00
1.996669442204900724e+00
8.211189408738157613e-01
3.339276856650426506e+00
1.799254283795754583e+00
1.562772236804939707e+00
4.709393653267636815e+00
1.149084388124577361e+00
1.821234291718359488e+00
3.995694649484708538e+00
4.013447962796854895e+00
1.580326495576749091e+00
2.736938880366591498e+00
4.310961821212085709e+00
2.043315256501853749e+00
2.326529823600414382e+00
2.279427224128239171e+00
3.445732456221861639e+00
2.765787869904424934e+00
1.094853927955011574e+00
4.206180980115486467e-01
2.957601110342618522e+00
1.690903244374787784e+00
2.279721128880245473e+00
2.756808865069171777e+00
4.940518978894626656e+00
5.060896336130372708e-01
3.321195263304678846e+00
1.853105782515716449e+00
2.319093737976609226e+00
7.078967101979600773e-01
2.576415944605662922e+00
1.768693713969080372e+00
2.248821242132860387e+00
1.934991638799469449e+00
3.839167485864752205e+00
2.923121759610111781e+00
6.446081613257822474e-01
1.210584431930491034e+00
3.178203372274797989e+00
6.452226014168045864e+00
1.197268130052159707e+00
2.805457364339723814e+00
1.841001066969927935e+00
2.224508225283557294e+00
2.201883268949684780e+00
4.180862487116502324e-01
2.956308898653364103e+00
2.997091081307919680e+00
1.410346455481295225e+00
2.661842831269229936e-01
3.655422643730490417e+00
4.035726919596974049e+00
4.672213818638666361e-01
1.865372656687164676e+00
4.715960346986928009e+00
1.788673342925225729e+00
9.597146158324403320e-01
2.846556846520216677e+00
5.720499890499675999e+00
2.816389711553515696e+00
2.836054504219867489e+00
1.071611239313411401e+00
4.358572292820380945e+00
1.034627970775801309e+01
4.250833385566867406e+00
1.474566862635906084e+00
4.688333654292682340e+00
5.897177076952235808e-01
2.654521594010169849e+00
3.131100770037695824e-01
2.942995732764217554e+00
3.470743334064023689e+00
3.970771289484237521e+00
2.827719594230876154e+00
1.655844849195477142e+00
1.588558287439730377e+00
3.313710486469501948e+00
1.585462385572844468e+00
2.711194644000358256e+00
8.740288880972959529e-01
9.122424132499353799e-01
1.467077756295878999e+00
1.923720510734415301e+00
1.370617007879039395e+00
3.404418867054420428e+00
3.590029367387859160e-01
2.698321290228064218e+00
2.736004198990065195e+00
2.682429201951550102e+00
1.063040437565476282e+00
9.620206179775978583e-01
1.590731966527703323e+00
2.805510313514044007e+00
5.616546631792167510e-01
3.910380474020849206e+00
1.981880926363702500e+00
2.851238541821428996e+00
1.309938241193167041e+00
2.635584405666871799e+00
3.587990104752824205e+00
3.427042184176244177e+00
3.062522802825135670e+00
1.031292953696111958e+00
2.448035843941195555e+00
1.769127929106983688e+00
6.355216462070426564e-01
9.917624716310845523e-01
1.915910170721944583e+00
8.337515476348211774e-01
3.516542784418745793e+00
2.668276209003701549e+00
2.331339691630817779e+00
4.165620780856759353e+00
7.539493608456655505e-01
3.442011077188290802e+00
2.451527852522748852e+00
2.092194766375899295e+00
1.911020109894527863e+00
2.622441420404481249e+00
1.416617870504304211e+00
3.727938270391438547e+00
1.071930759426868285e+01
8.927547681841452309e-01
6.571123005390112626e-01
2.405710520839634547e+00
4.634859260089045030e+00
2.838093230498032415e+00
2.123839971190789822e+00
1.449710619870767658e+00
1.298572838302494148e+00
1.988315116286098361e+00
1.624559590109138307e+00
2.642725013417729585e+00
7.331658049126164034e-01
1.804671282980169433e+00
3.916385271778615618e+00
1.224053372237691395e+00
1.506372635406264759e+00
1.024783748955097940e+00
3.761673942485958211e+00
1.575842677695130867e+00
3.882499743478006748e-01
3.795908013087144539e+00
1.665171128560789304e+00
2.601982208246763850e+00
2.670603545301908355e+00
6.058020858329755676e-01
3.358723399857504344e+00
2.870376095818814033e+00
2.595463427449253402e+00
5.357472304699534504e+00
2.997903444410731311e+00
5.575715019000204720e+00
7.467294579353395134e-01
3.448158827259771630e+00
1.884424537144640643e+00
1.836676332087070707e+00
2.775781786889297553e+00
2.872884739584755653e+00
2.816713511684461491e+00
2.359276948288540510e+00
1.783635138591876723e+00
1.983498848981058549e+00
3.019732831709651677e-01
2.546230883791829047e+00
2.389120745233215715e+00
2.101453312802557871e+00
4.365648620032530403e+00
1.788895111790191894e+00
1.457035939763367205e+00
1.656587978960965435e+00
2.428127885798291086e+00
1.389840840638166597e+00
4.844342730605282199e+00
2.155390270106246398e+00
1.994853201594033676e+00
1.263633027919567997e+00
4.049164271923212932e-01
2.393917993958793122e+00
1.012001791747151547e+00
2.109785237767860977e+00
1.539105974821495249e+00
1.049842111557833579e+00
3.123312852563549402e+00
1.482912924086141393e+00
2.840563840491481251e+00
2.771845152836144521e+00
1.352724180445796121e+00
2.671908200723328797e+00
2.600199830668963763e+00
3.137636190381405843e+00
1.701801542741587792e+00
3.619646233582362704e+00
3.661243245688361014e+00
2.733850396532523597e+00
4.634083524371395590e+00
5.920952097314177820e+00
2.453337772852132392e+00
2.508339946722522917e+00
1.534711822009312554e+00
1.051650472347377407e+00
2.893905223760240730e+00
1.341497273505547927e+00
1.674479677240242381e+00
2.807415279474015701e+00
1.075814431276540750e+00
2.327139694926112945e+00
1.041414035082218303e+00
2.334941352836308770e+00
2.193673132348444632e+00
2.225551976287407197e+00
2.444160779129549876e+00
1.511419314393493307e+00
1.290184737711136842e+00
5.866689287783635187e-01
7.384492474456291200e-01
1.663579526761913785e+00
1.333790416097315301e+00
1.045004686566664454e+00
3.087515014189067486e+00
1.741590588212015289e+00
5.106951909648415056e-01
4.550229676073320739e+00
2.301330239458238669e+00
1.210843575856153098e+00
1.648338378371577484e+00
2.540169283457731186e+00
3.250511888855384335e+00
9.624060122871763712e-01
1.997851883190363331e+00
1.580970871769972641e+00
8.972024297923076874e-01
1.065408431443128023e+00
3.853119024857781572e+00
1.955878840956347231e+00
4.270368928893569560e+00
9.843968007724490654e-01
3.526685538556203703e+00
2.980229907840630688e+00
2.335601026539642966e+00
9.414134974274301904e-01
9.717566246983529998e-01
1.516525174008916510e+00
1.133227023343977180e+00
2.369965033114927344e+00
3.729583764164317916e+00
1.508582187066951574e+00
3.124621868166544303e+00
2.256006403140468297e+00
2.661287219708847740e+00
1.438469627758496960e+00
1.013557237966789204e+00
1.751611119553743379e+00
9.984233521271077549e-01
1.216433412050684337e+00
2.422926162292061036e+00
1.933053380131686705e+00
2.632380147833030648e+00
4.057080744339004674e+00
2.951036181809437497e+00
1.147795968184023740e+00
1.461018017239675171e+00
1.983865985560707923e+00
2.429450551078015330e+00
1.460435758534272654e+00
4.563604108954852911e+00
5.260702062778723764e+00
3.465516211020154724e+00
2.549830458188629745e+00
2.722796903075441755e+00
2.205977000489004247e+00
3.382308638609190510e+00
1.598661501230861148e+00
2.886682277144315023e+00
2.320921808159055466e+00
2.622693214542957563e+00
3.896964888468608668e-01
2.661544357276427686e+00
2.870106349922966427e+00
8.964505037281705890e-01
2.876193085591085552e+00
7.446159085469210126e+00
1.760804843815569676e+00
1.783930414590460201e+00
3.397390741588857566e+00
7.640578073205027687e-01
2.256622503527502488e+00
1.751803121658590978e+00
7.508684794677785712e-01
1.601877034619755058e+00
2.408269034123384778e+00
2.726525238468065826e+00
4.305262321902186606e+00
2.280566596834851190e+00
1.730277418772658393e+00
2.994693772483303817e+00
1.052661106721404005e+00
6.129974369994575234e+00
2.264727697531020656e+00
5.287899675699999413e+00
2.729140690011377490e+00
2.048531068119912479e+00
3.013609970338485322e+00
3.447594363664539419e+00
4.083945354211615530e+00
2.163909837010464798e+00
8.344253373057025636e-01
3.336810380462866377e+00
2.263468214763661113e+00
7.197911447067124602e-01
2.763610392102001878e+00
1.150095870093394090e+00
2.205278585818208903e+00
2.632080869273683454e+00
1.985598501928311332e+00
1.430896424159979308e+00
1.013035768817278814e+01
1.119019921280858920e+00
1.718286294744268972e+00
2.950152432020827664e+00
8.877899818624599426e-01
6.330031779570148842e-01
4.427081930225742923e+00
1.948004244521302386e+00
2.897034938516736879e+00
1.520338976743823123e+00
8.160893801538441350e-01
2.696960082255655866e+00
1.812329808413927434e+00
2.171740373334591023e+00
2.718869744092950125e+00
5.022709076131250505e+00
8.963275128294787564e-01
1.113883295994301470e+00
3.522023050716702741e+00
1.546838025150521156e+00
2.901551849436714736e+00
2.233067458353659607e+00
7.124572930388435310e-01
2.709923019859068916e+00
1.099721597812890250e+00
2.401986778345192253e+00
1.850026586840433307e+00
1.277481273113210580e+00
6.543796717812125685e+00
1.981504849607005347e+00
1.255525793663051726e+00
3.618188379942560928e+00
3.142680848489669110e+00
2.065088127916876459e+00
1.378709536241922606e+00
4.250888550477194272e+00
4.098979829305890554e+00
1.923552321373065643e+00
3.053188698403522583e+00
1.783872529924565242e+00
1.680932975482613889e+00
1.640713384909457506e+00
4.888557038544230071e-01
1.799940737842838034e+00
3.132369816363236747e+00
2.959424190286621847e+00
4.788443893842856625e+00
1.008226030984089361e+00
3.682335272452069930e+00
3.038784032370450472e+00
3.106161141501353473e+00
2.350881316941058063e+00
5.564782367729431911e+00
8.045088243854200405e-01
1.679730972006031164e+00
1.080862730287859952e+00
2.493600907971982306e+00
4.052513156306993380e+00
1.089250348616433550e+00
2.111707566870646424e+00
8.441345131621010855e-01
1.073815141792894279e+00
2.064319811577070229e+00
7.608564834147737432e-01
1.854093749589355022e+00
1.797077617079796852e+00
1.478418595650909273e+00
2.217181688357095837e+00
4.921795346346505617e+00
8.340821317829225645e-01
3.575524787955490780e-01
1.905325202261426876e+00
3.485517246220203091e+00
1.753664432505593673e+00
3.507772655062240563e+00
1.993051256512271552e-01
1.414592364456900064e+00
1.751619584114719297e+00
9.296236673279789642e-01
2.859495715165558671e+00
1.179494810546412253e+00
2.263013335732075859e+00
2.340560303736211267e+00
4.733080359755015287e+00
4.095136806738630675e+00
1.904410696830889593e+00
2.146141471801368716e+00
1.962938590246211312e+00
4.794428234248180876e-01
2.080364139931250911e+00
9.129636854076230712e-01
2.478176110613528049e+00
1.458529024489266579e+00
3.392109973134987300e+00
3.982025231987075919e+00
3.995609106579730008e-01
3.923457658248012958e-01
2.196897663362349373e+00
3.019194814485775868e+00
1.879708982923449678e+00
1.124175120594758859e+01
1.235484884289611784e+00
3.844096208443050777e+00
4.094937716368659331e+00
1.180491744633188178e+00
8.252651730680869990e-01
1.612395854551335272e+00
2.495839078280269518e+00
3.017223509222058286e+00
1.550047713189884657e+00
3.587729567855405310e+00
8.996097048381654915e+00
2.586311842344702239e+00
8.287147710731322947e-01
4.250593776864528550e+00
1.704338467510861044e+00
2.345453537818434686e+00
3.801138298379223901e+00
4.258097821739346145e-01
1.584265731700686075e+00
2.489802567201907735e+00
1.250466331451004498e+00
3.689838981248423355e+00
6.579614215469751226e-01
4.422646936590076017e+00
1.807103281478589896e+00
2.603948703714867641e+00
1.014622986740790767e+00
1.822020145942474745e+00
1.885591823282894541e+00
1.786747375622729672e+00
1.608963887728954711e+00
1.858300040376857698e+00
4.046133886845004746e+00
1.286433570749352162e+00
1.312570009794760351e+00
3.100193453858066661e+00
3.751572318463673117e+00
1.297793053622428028e+00
1.077257643234294848e+00
3.314383646851347009e+00
1.379724256033311169e+00
4.317287675186978646e+00
2.912398037308548293e+00
6.988394897979752773e-01
5.254167698311461576e-01
1.643397354397593713e+00
1.606056463998951855e+00
2.530859009247559577e+00
1.845749847366404461e+00
3.259269464940847350e+00
3.811537378964673817e+00
3.356545477017244927e+00
1.462042231527354907e+00
4.425867464103539817e+00
1.663492378399979987e+00
1.734567054724482693e+00
1.828736826260908721e+00
4.010285585952582998e+00
3.100769756927646004e+00
1.618837339652515972e+00
2.097686880930585751e+00
1.375479342758906709e+00
2.707841713632705982e+00
4.848638082931233662e+00
3.626441924778017967e+00
1.464135199629036377e+00
8.809169886689106610e-01
4.853493733245942465e+00
3.070114653274064853e+00
2.976163115326963648e+00
2.265766676229892695e+00
4.613000467238511426e+00
3.904092297416009494e+00
1.202225139255125752e+00
4.498270036639818947e+00
1.866982978514176494e+00
1.233011951526709060e+00
1.108114423705965690e+00
1.536055738373135693e+00
2.481706999666972724e+00
1.188209995557484300e+00
1.809720222621663543e+00
2.171254357660928669e+00
8.809176332915151786e-01
1.201680245846297401e+00
7.731924241840277823e-01
1.855859901591411232e+00
1.500076358393099829e+00
3.840056152945153567e+00
1.901566570157628533e+00
4.693454266143772813e+00
3.847006261826931617e+00
1.573723276304376917e+00
2.404798997294869789e+00
2.148990452122727657e+00
8.863273593571331377e-01
1.952916053464610391e+00
3.402974397315988941e+00
2.813130274055474001e+00
2.342421117470613545e+00
3.521384170808498748e+00
9.179885403074086625e+00
3.273629792598194754e+00
1.282221433192823001e+00
1.363681079316823253e+00
1.803060664001845392e+00
4.063221962940903431e+00
2.312214493282433558e+00
1.972105993593636031e+00
4.374962489929588583e-01
8.329670288444728232e-01
2.497788966510733566e+00
3.681893184306600286e+00
1.785658514015195930e+00
3.028373529943290343e+00
1.798297451679117032e+00
5.199580996495496876e+00
1.416819727295586695e+00
3.243409089053680638e+00
3.201836045418450905e+00
8.089351189991680346e-01
1.150199751340994503e+00
2.860439228470227579e+00
2.895430585154996184e+00
1.226108950676168652e+00
2.691627406245715282e+00
3.942747967893748484e+00
8.878274279206590514e-01
1.367340611770077263e+00
3.675635829612904359e+00
3.578726864623259729e+00
3.439556713322345360e-01
1.144301588553864324e+00
3.758680001744342025e+00
1.559090551248417000e+00
3.866017900868894408e+00
9.221102096188377173e-01
4.732562728976346555e+00
6.823800645602278170e-01
2.462948988700778497e+00
1.251695503971171686e+00
1.265139566241732405e+00
1.647265703939313486e+00
4.173855981543558968e+00
3.008291007264048300e+00
2.106742792637605444e+00
9.361658166277693205e-01
4.202788143098612927e+00
4.447141622997055066e+00
1.803900829365570280e+00
3.751219590545649130e+00
1.387913715699270023e+00
1.323868209190928624e+00
2.410577760624637023e+00
1.263135430759382283e+00
1.091705439321080107e+00
8.606151431048885136e-01
3.368606040072252839e+00
2.458911963514105459e+00
2.555157303155693338e+00
1.184980625920752262e+00
2.001541262319657122e+00
1.793853164575219594e+00
2.288331807479892177e+00
1.814864604678416482e+00
1.571341354995204886e+00
1.775387416080925984e+00
2.288371144719773653e+00
3.666021378244417761e+00
5.046437852392985590e+00
3.572871948092050776e+00
1.461688884650309328e+00
2.881728146794305001e+00
2.338030793226782755e+00
2.523102655212609235e+00
1.870908034437319456e+00
2.759067790213999061e+00
2.448565676126482682e+00
4.946015654865583144e+00
4.295228591954169950e+00
1.616006378972591584e+00
9.698836148753674502e-01
1.859996805038798717e+00
3.138016350160266033e+00
1.111185043282911566e+00
7.912547424036965316e-01
2.205834386121191315e+00
1.495656644570032112e+00
1.833351586759311314e+00
3.622186931770128293e-01
2.437098399241493407e+00
2.399012746999337864e+00
1.700016594354169852e+00
2.844015731032816796e-01
1.438365352946763043e+00
7.222624360785357966e-01
1.189303855869184634e+00
4.137732743305906347e+00
6.122401979418792273e-01
4.100126617606536961e+00
2.759460483220375515e+00
1.452878165133960175e+00
7.649504203936690061e-01
1.119515340543560500e+00
2.101810030859012191e+00
1.426178244547063878e+00
3.765398160188388132e+00
1.211844874680092499e+00
1.912195843082534541e+00
1.267692498925434785e+00
2.482445324482835503e+00
1.743620972468517438e+00
2.351980279910406590e+00
2.016654456716475696e+00
6.402169188393388444e-01
9.564714089810811837e-01
1.671613766872774631e+00
2.297161292380587305e+00
2.487574245610558066e+00
3.988417665252103728e+00
2.173256693886667534e+00
2.739746828409112211e+00
2.699007688232996749e+00
1.162048064170221995e+00
3.032573009480449944e+00
1.923631824813388125e+00
1.290818132774293803e+00
2.431778421433862025e+00
1.008710292433029121e+00
2.215657992069623994e+00
2.682647976333793594e+00
2.477606669168383569e+00
5.055284210707382542e-01
1.316519974381765268e+00
1.805229716940174534e+00
2.282598526091216939e+00
4.244356246525680554e+00
1.863790257641870785e+00
1.661057166175960997e+00
1.706700874732958617e+00
1.724045950294936347e+00
1.375498684200092248e+00
6.501843339086539331e-01
2.362820770370889445e+00
2.884612662824746820e+00
1.191584834890082378e+00
2.565193939183066263e+00
2.978688735317304381e+00
2.637585022527082934e+00
2.845481769086614765e+00
4.131458634229159266e+00
2.510028192578691808e+00
2.367394143639563797e+00
2.636592622439112521e+00
1.200841709050957107e+00
2.337402350705175103e+00
7.144255987074727976e-01
2.412803277491901710e+00
1.432775069840846349e+00
3.549405316789788323e+00
1.536069151650838016e+00
3.951651841464175696e+00
3.474039616195864877e+00
3.019478562891163786e+00
3.346117763371828868e+00
3.092311790312770370e+00
2.444355687906554220e+00
1.771967482877218503e+00
3.622202441999368805e+00
3.784435009855108945e+00
1.433181507869326632e+00
1.865546253701989565e+00
1.275480781824395615e+00
3.940071671123139829e+00
2.844458283695341816e+00
4.690895449157122421e+00
3.022515831474501535e+00
1.083871062573830368e+00
1.875108397743819211e+00
5.142385065975673131e-01
2.117156427349079717e+00
3.361832550630130090e+00
2.206483708803779198e+00
4.027019810520376275e+00
2.203256717192082714e+00
1.923416383152902975e+00
1.484487351176164260e+00
1.340353570344310352e+00
1.587895902275510585e+00
1.532340643395674995e+00
4.214645071757030514e+00
1.672607667088221506e+00
5.303347836103982083e-01
2.297041138003401706e+00
5.635143764802837962e-01
2.043237877246175227e+00
8.563628821961319915e-01
2.873843628242282566e+00
8.870177632111915234e-01
6.834240578713962622e-01
2.171429167302626251e+00
2.453893178731509916e+00
1.440048348283442747e+00
2.798982661060197330e+00
8.592403096163219178e-01
2.785604946398764437e+00
7.123510549460262409e-01
1.066991846829047352e+00
3.004065503424711903e+00
5.500312005370957102e+00
3.475603172812849362e+00
2.374142969100908385e+00
1.563541840368825264e+00
1.560535527815531509e+00
2.162310988849319049e+00
1.082914593387365843e+00
2.034090247385690553e+00
2.397807752308111162e+00
1.885255263685810867e+00
1.850301153445189639e+00
3.818392575734073091e-01
3.347462683969968822e+00
1.836564059458564602e+00
2.611524453552514391e+00
1.056554580745764138e+00
2.335962878465331460e+00
1.955444838987742795e+00
3.659914058112328394e+00
3.895677855618279839e+00
7.240682734497039252e-01
1.297004157767103205e+00
2.644126908996311531e+00
4.717977003587948026e+00
2.407991209924571496e+00
2.617121597862877014e+00
3.383553540705916962e+00
3.050646147146491849e+00
4.013523594396700034e+00
1.259900542860316719e+00
2.342300056341120928e+00
2.618525808050784054e+00
1.261879760548047402e+00
1.209075717632461799e+00
1.764953051137319040e+00
2.172405600279166682e-01
1.673523534390636947e+00
3.141297260159138904e+00
5.177329758974120288e+00
3.091814884907157168e+00
1.374363624298735154e+00
2.153914336664849660e+00
5.956559332505279025e-01
1.251451670478776812e+00
3.721328727144868953e+00
1.765735797130948859e+00
1.466605745190893151e+00
3.168179990528679379e+00
1.581807177232176231e+00
3.152681480578451545e+00
4.193373964872467496e+00
1.348043653543456344e+00
1.059343661317427410e+00
9.546993663587882706e-01
4.057317422167657561e+00
3.632486692262437256e+00
3.328814162690272749e+00
5.348239654780807539e-01
2.163014952133226032e+00
6.484098741972029956e+00
1.291195524052391574e+00
9.996948202150987006e-01
3.927665099249987524e+00
3.220395426778197123e+00
2.809394401890431769e+00
7.426463775837267578e-01
1.505735706729551815e+00
2.722875053423819747e+00
2.375537879613512704e+00
1.110393960389471779e+01
8.478945308705949202e+00
3.123254218305873575e+00
3.078434672747870415e+00
3.619535921594977612e+00
8.418935581574945592e-01
1.530506963755127625e+00
2.414052938196503018e+00
1.318910309876372366e+00
3.589328894293848382e+00
4.359787329824319713e+00
6.018976576933647848e+00
5.143941119722165389e+00
1.960348812614539415e+00
7.651996967578358344e-01
2.433200270811401555e+00
1.133912787101911901e+00
1.443571217440264398e+00
6.401106068429044393e-01
1.270676371417781558e+00
1.155984869946333760e+00
2.983380820935845001e+00
2.182359257620213100e+00
3.374969614593530953e-01
3.344253960973985862e+00
1.812813289381511206e+00
8.848929096082740475e-01
1.584576041334780028e+00
1.680603895586832097e+00
3.848784838051269475e+00
2.280968706059903095e+00
1.543317658371683665e+00
1.616727026945419476e+00
1.079992376619597572e+00
1.896769732651832019e+00
1.868913608377418489e+00
4.408060658296228951e-01
2.860046245595344150e+00
3.664507090677534329e+00
1.562044878113584945e+00
4.252466928567243953e-01
3.680430409892318178e+00
1.636852864818110875e+00
1.815447690560687111e+00
1.284440456267867292e+00
3.565766624669362450e+00
2.950208197180716141e+00
2.650572184003154419e+00
1.585968175266689428e+00
7.876398636765509220e-01
5.223616986061970557e+00
8.483365437099669171e-01
3.668434712307881984e+00
1.780191750452967847e+00
5.129480837988993791e+00
2.591807702041382111e+00
1.285299296745498587e+00
1.480822970338798061e+00
1.149510416466535068e+00
1.769829484025448041e+00
1.341596552819040333e+00
3.463253302327535366e+00
2.688845161927073679e+00
3.488972658292191387e+00
2.804102868043959251e+00
1.367045502358514186e+00
1.520130231916808183e+00
2.871580301860042539e+00
4.215460312343885185e+00
1.287063896306432254e+00
2.237971956052536182e+00
3.212248949820465604e+00
7.581900815698053853e-01
1.266180693581718586e+00
7.509194308952533703e-01
2.191806419384552118e+00
1.137824852519425667e+00
3.831215022156676753e+00
8.281277300201903557e-01
1.271575056370811030e+00
2.631877059715185485e+00
1.446572948651501767e+00
2.887802842078752263e+00
1.250524415874018080e+00
2.926485169622244698e+00
1.975961205293946366e+00
3.404789977270809676e+00
4.618218021842841026e+00
1.922400040766043317e+00
1.378777109110907118e+00
2.233896358328522069e+00
2.605730818049195374e+00
4.493721276809509391e+00
3.551673955656402981e+00
1.151095143369449264e-01
3.796113831552625939e+00
1.189007513986962028e+00
4.958051876680731329e-01
2.848986229059055297e+00
8.207526149699476692e-01
2.024685737247788886e+00
2.984583479975259745e+00
1.623542094335553854e+00
2.771617841562195039e-01
3.107420732251457540e+00
2.336141268164749984e+00
2.879638776610359052e+00
2.402140233411809156e+00
1.335247454151996527e+00
2.629570483620824906e+00
3.836746099207934080e+00
2.091867430552892593e+00
3.888210027039126437e+00
2.927937148873758222e+00
2.277216837398212679e+00
9.579185097396945014e-01
3.610656945311207178e+00
1.779013310622799660e+00
2.455612928239931936e+00
5.855578149060908233e-01
8.775067008266309587e-01
3.182380173403049017e+00
3.456426051552431211e+00
1.633618206232133163e+00
8.433310312534208819e+00
1.040476166824574777e+00
1.609324731372439699e+00
1.055073239201474999e+00
2.345883771159597675e+00
1.883978939701445476e+00
1.019557946308997431e+00
1.230138596150919694e+00
2.771811882406423067e+00
1.100894849896362881e+00
1.930950141722525437e+00
1.303793159782499878e+00
5.317085888510735714e+00
1.753038288262882105e+00
1.588372333387498836e+00
1.224553504621537448e+00
2.817385273112917421e+00
9.157530574364706188e-01
5.631291407456617826e+00
2.954493731746268725e+00
1.743978566457097257e+00
9.636840573683391753e+00
1.560912444465571536e+00
1.632303882996104516e+00
2.150947216925940708e+00
2.630805621150100304e+00
4.063028150749288692e+00
3.097431957525481394e+00
2.011467749736475685e+00
1.283833331594721017e+00
7.045821104769580678e-01
1.871996267302389105e+00
1.846455076547556029e+00
2.339270037668887525e+00
8.907722521823435713e-01
3.257636690241869637e+00
2.565583572720525396e+00
3.185491508154836726e+00
3.130865908384976137e+00
2.744620918537660881e+00
2.445629657321234163e+00
4.735688326468555864e+00
1.551780110896221698e+00
1.259113518583892422e+00
2.159451147073526034e+00
3.578563882731840895e+00
5.156992983034434985e+00
7.089399675735612583e-01
1.376807944679951490e+00
2.200935741777626742e+00
7.560593740036103405e-01
4.132262481785217823e+00
2.525967640840856898e+00
1.546291842513270343e+00
5.907793486263011040e+00
1.875272465192513227e+00
6.111662794331525816e+00
1.643089137904802488e+00
3.273017168533931986e+00
4.496744037494073254e+00
1.311562775029898598e+00
3.853954482086912936e+00
2.418493793974981987e+00
1.603633957909143648e+00
1.545250663108574507e+00
9.586893103275805350e-01
1.933885598001190864e+00
2.268532027511177329e+00
1.613271478591642216e+00
1.250837918110382141e+00
5.329886569140073194e-01
8.066459523710476365e-01
2.117269223062081984e+00
2.845488633035238912e+00
1.725606388305931382e+00
2.832398213068288761e+00
3.221875821950193064e+00
1.381590232268067764e+00
2.948721713962248359e+00
2.390724163516348533e+00
6.238662992835715126e-01
7.107063661270827115e-01
1.577291243457831227e+00
1.025673697253580707e+00
7.421392705385823074e-01
3.242806779805606165e+00
1.850963001519752904e+00
2.958700288972990755e+00
1.949813615331997374e+00
1.424424360959729574e+00
2.458249422663556505e+00
2.594034111598614523e+00
2.152103175994181328e+00
2.727017694708598228e+00
7.713902486343591214e-01
1.219349708590406367e+00
3.373964440351349126e-01
2.463258630406491179e+00
1.960779484110839022e+00
1.731242524418133755e+00
2.229034357695434565e+00
3.088536800781262581e+00
4.861344765202631812e+00
1.683297920245127033e+00
1.044044785475859660e+00
1.854828558292027418e+00
1.638592850171301851e+00
8.490885040650935078e-01
1.587380839051433234e+00
2.115547599791031352e+00
1.650855382719275566e+00
2.566298946118163116e+00
4.131030454938517948e+00
5.158919390260532367e+00
1.510257033924059966e+00
2.628432112318574099e+00
1.083850784680891577e+00
2.174779590274194874e+00
2.542949440267325834e+00
3.922693762569401943e-01
2.166838009106127227e+00
3.266677426385820038e+00
2.003960808682307082e+00
1.396607574315360756e+00
2.503994111457306104e+00
3.263406884664937557e+00
1.470839886210585590e+00
2.574419001827941145e+00
5.791137191770551418e+00
2.560197070108190420e+00
4.660485689995581104e+00
1.171113809023284436e+00
3.574546137332728080e+00
1.009019463529021499e+00
5.549858167984254464e+00
3.396517173283967850e+00
5.401674153895487107e-01
6.051956463674608155e-01
2.613759342968285271e+00
8.527288831151348392e-01
6.141784868360837812e+00
2.401077570410429463e+00
9.392897558602616215e+00
2.197937613224022257e+00
2.585839055086067262e+00
1.416601229171901677e+00
1.260134557953761503e+00
2.249387876132212138e+00
2.745871705205301883e+00
1.816433973626530696e+00
1.458613626370070193e+00
2.032642520048478563e+00
2.986441632501879440e+00
2.491504308684210578e+00
1.643979866089647190e+00
1.866898715864035108e+00
3.558960211783214866e+00
1.486006564243677719e+00
2.294941560597377528e+00
7.359181269980814122e+00
2.082337763229706429e+00
8.210032188573850309e-01
3.677614944722739754e+00
4.555617857258908110e+00
1.340204029118765128e+00
2.332625879845711570e+00
3.469077540509326152e+00
1.742241874048057193e+00
2.148392675743962421e+00
3.202398467373374746e+00
1.045998576786204781e+00
1.747555403185947487e+00
6.336437868473823620e+00
1.529882888122656714e+00
1.862829571968651843e+00
8.780896278088341500e-01
5.353604036212610495e+00
5.243239799087039188e+00
1.030173930584160846e+00
9.433908692864793055e-01
7.524909006962587910e+00
1.012246140656549720e+00
3.454401482531658463e+00
1.800205697625646861e+00
2.515759703157001148e+00
4.614707582681407239e+00
6.117387590805081210e-01
1.363893201272969202e+00
1.122649410384227053e+00
5.088516880797604003e+00
1.427962235601692331e+00
1.532207685085158033e+00
6.211927901800928797e-01
3.387807552035110970e+00
5.945418738516982105e-01
3.493571293213335149e+00
3.529760135725207970e+00
7.963581943691760978e-01
3.895604854913742088e+00
1.582921411839653514e+00
1.430808651429141598e+00
7.807521607470191416e-01
7.854150903399750305e-01
6.780625982137304941e-01
1.277137667396302856e+00
6.780257710803943016e-01
2.399996952687039276e+00
7.863861119766228924e-01
1.657805375976482587e+00
1.820632077876152222e+00
1.621740271770420350e+00
2.308499378753381848e+00
4.240008836620886790e+00
1.842633720983894552e+00
2.908027175755866445e+00
1.217301595276338855e+00
2.123907018592762430e+00
1.392066643209268539e+00
8.944581150959459714e-01
3.476125012041997753e+00
1.825798790434222774e+00
8.047146232856194459e+00
3.007329808778186564e+00
3.261078322546042685e+00
1.788777322296133843e+00
1.984522305148125332e+00
4.356701043321390188e+00
1.542670200517969770e+00
2.067294410087260559e+00
5.057598304812204404e+00
1.168243469236053711e+00
1.124199487460767921e+00
1.198405040792534626e+00
2.112522079132312491e+00
1.113536347618433453e+00
1.137218381932238787e+00
1.857438505222066993e+00
2.600605126450293181e+00
5.996419818959657366e-01
2.372012547103588886e+00
3.642689313543761909e+00
3.668499813752074790e+00
1.348250275354971439e+00
1.335276014332729799e+00
2.814858290991983925e+00
1.567227688457998536e+00
1.371960934894524975e+00
6.171092910513179319e+00
2.832956818551009892e+00
2.353240474764467294e+00
8.848736017438534329e-01
1.766361836951119813e+00
3.285473391049337000e+00
1.271035236773770505e+00
2.140820459333361292e+00
2.523708124174228740e+00
2.975515404697980149e+00
1.771982952931729693e+00
1.213725116338432830e+00
2.453851899425107064e+00
3.152176371307471858e-01
1.322395249774665604e+00
3.324187315585670710e+00
2.023354713809876859e+00
2.606519077837817555e+00
2.727468079541514712e+00
2.375675153926740446e+00
4.007643718760296458e+00
1.308987155963292404e+00
1.882727675915315979e+00
2.750355012117227549e+00
1.253597321563403755e+00
4.515290220144635214e+00
4.245599867001148553e+00
3.364586535607775097e+00
2.023199844103404477e+00
2.858619228565484338e+00
9.138285530430465542e-01
8.190263903809630319e-01
1.662645414630869345e+00
9.060194975480289070e-01
3.512976750451089480e-01
1.500465189295171031e+00
1.907551832873002340e+00
6.114880720639016554e-01
2.761972895651266136e+00
2.074788549899794443e+00
7.639362245995716671e-01
3.397929597637590060e+00
1.212187412999758296e+00
1.890338035600300559e+00
3.617968941113984815e+00
1.866339982462793312e+00
2.131686487762759707e+00
3.556954547313757153e+00
3.298726423474293679e+00
3.449150778139049578e+00
3.904358178710568783e+00
1.728179290480716723e+00
3.873660631315340552e+00
3.037323389708141974e+00
2.407098314823926444e+00
3.495001753638668163e+00
3.665977302875977450e+00
2.143700476237694108e+00
2.694034577275724374e+00
2.703467268266842360e+00
1.137036201288801118e+00
6.303337214577134917e-01
1.585135350237956153e+00
4.007699914384834194e+00
1.581097084581228662e+00
1.975225242532783199e+00
1.897607658748835302e+00
1.477620773193482950e+00
3.195153528143771293e+00
2.146224719988348184e+00
1.628722181069898189e+00
9.788845735978349838e-01
2.329151400942098160e+00
9.498383008896537083e-01
1.601208225851582068e+00
1.834398863324608664e+00
3.185607307875884864e+00
3.594076836125652985e+00
2.756004595489764064e+00
1.706231519693348853e+00
2.421859602706293302e+00
4.667611061242879500e-01
1.571556235679502311e+00
1.595605663477858815e+00
3.508751557790799946e+00
4.915435871035872317e+00
3.973381451301897016e+00
1.694120301100023651e+00
2.097851370674857385e+00
1.155561960064904303e+00
2.243896445097562697e+00
1.539856667825949321e+00
1.324725804927344708e+00
5.735842852297873273e-01
2.200515649624925629e+00
9.831461217425445653e-01
1.535484198744446305e+00
3.386478477183450408e+00
2.815123123615382639e+00
3.423738682715700143e+00
1.084257711921353007e+00
1.793825001277679965e+00
2.106043765718421668e+00
3.625759398946688528e+00
2.413908521247885908e+00
1.127802493697800834e+01
3.845835446293069393e-01
2.418401704406381914e+00
3.968343903933471584e+00
3.588380238376047249e+00
9.247937846276040874e-01
3.109052692934949125e+00
1.790226626006344413e+00
1.843369844930589529e+00
1.943348743304009751e+00
9.023387551528195827e-01
2.973928594943374026e+00
3.193792113291238355e+00
3.391176262683373466e+00
4.541140142525469159e+00
2.623389783537525055e+00
2.197829428091765624e+00
3.093720603667123648e+00
2.663794100418809485e+00
2.904501188715138849e+00
1.193176280584457682e+00
1.512298247483655267e+00
1.218194495516321529e+00
1.295164563499331623e+00
1.107636711277181885e+00
1.992397314872764724e+00
1.177252719019067806e+00
3.148969097240602810e+00
1.059634894605632649e+00
2.342374327553276459e+00
8.663499547651675181e-01
3.734969849551094789e+00
2.641105700509919885e+00
3.044902138451690110e+00
4.041996344475570879e+00
2.504224554014325310e+00
3.203510736937906334e+00
2.395171260637907640e+00
1.951373901528060006e+00
2.127345778601417603e+00
1.765821229718878449e+00
3.445672278041743919e+00
9.739849062463534768e-01
1.481003020706681328e+00
1.920068434766440513e+00
3.198040631943008361e+00
4.046563774061580965e+00
4.849687099867761031e-01
3.671092750962646978e+00
2.735054928253496165e+00
2.113023170120695848e+00
1.190510443916688477e+00
4.100027558595712662e+00
1.633864864374250381e+00
2.907513528516413981e+00
1.493433484321360138e+00
4.971783544695376200e-01
4.430033942553800230e+00
5.029749922803214091e+00
7.871807366468519529e-01
6.761329774579303731e+00
3.415467100284754753e+00
1.597067125900680340e+00
2.989238324392092139e+00
2.413975995827009502e+00
1.492314521842214692e+00
1.642794602443817809e+00
1.764628053283874565e-01
6.217921053114066066e-01
5.475185170318939143e-01
2.579590527259784327e+00
3.948026703544903260e+00
2.153997504270137586e+00
3.291461721696910647e+00
3.262996262399904701e+00
1.823436854023429810e+00
7.990447695208807710e-01
6.394232036565378197e-01
4.254634748990988591e+00
2.268737031796161929e+00
1.383296422172993756e+00
2.144242208404047112e+00
3.090083151431429975e+00
8.601925822195245486e-01
1.722960247552857593e+00
2.217266684120567266e+00
2.796456239158409129e+00
3.592076264054337109e+00
4.471900576839541230e+00
2.785847985870079757e+00
1.433261227721742914e+00
8.875805465724102561e-01
1.152492689662751868e+00
2.093120963854532057e+00
4.161031134827396727e+00
1.591584234425516664e+00
4.073046417721349677e+00
4.769066909692589173e-01
2.689614537367083891e+00
8.040824154465557427e+00
1.127553313934265944e+00
4.061324021735133627e+00
2.316207576748916530e+00
2.974224247217289285e+00
3.877123005078197959e+00
2.271830218597283402e+00
1.373250565585485417e+00
5.357274569262256314e+00
2.820435734923444571e+00
1.576670825179273594e+00
2.866169446997108405e+00
9.746974460198435386e-01
3.966570930241944404e-01
3.112864166250188358e+00
2.200937205469550850e+00
2.669115929743500093e+00
1.035957925929725354e+00
3.712905124782553301e+00
2.849847031786839846e+00
1.392325666528708483e+00
6.380906294404034895e+00
4.553145766754431278e+00
1.791726721676824896e+00
8.931201705779236999e-01
1.455616511533229351e+00
2.218644073652331183e+00
2.467725412759039116e+00
1.737002851140110771e+00
1.942329965481154108e+00
7.108164827906765515e-01
1.688223391090206915e+00
3.593964123499381991e+00
6.605655264021432771e-01
3.244807325725596048e+00
1.666341553837427991e+00
3.113078677619304013e+00
2.657804763591170349e+00
1.976503452688880280e+00
1.426710627017442334e+00
2.346997452240781268e+00
2.705156160715236346e+00
3.489836821343839546e+00
2.111247970389211304e+00
6.834336219580473548e-01
3.232593242493441155e-01
2.642953950334775204e+00
1.324434463218082447e+00
7.559437953519382303e-01
1.732748926092883668e+00
2.272109495231499299e+00
4.439272907170454197e+00
3.184818330433032862e+00
2.100005334902396825e+00
3.769074863351224547e+00
2.355284037400716901e+00
6.014984653634608547e-01
4.763489039011488679e-01
1.313074265221258585e+00
2.208521004144619493e+00
3.014074149116958257e+00
2.219803121562418102e+00
1.178341587257922818e+00
3.728293171615077561e+00
1.909887577765276401e+00
3.553047488198517012e+00
1.574982203355046018e+00
1.055991716956768522e+00
2.170142963617003318e+00
1.908956722348388535e+00
8.212347564066289074e-01
4.202597474629246044e+00
6.609311194974363257e-01
2.639708849221064746e+00
2.431472057742040782e+00
2.147183198458604281e+00
1.496763312453956551e+00
2.231579835679959878e+00
1.658835085597333503e+00
1.871117278332219858e+00
9.640960637746741613e-01
1.983164422225904611e+00
2.982062514927126262e+00
1.776180321437584420e+00
2.603787594194388433e+00
1.410269723244708784e+00
7.505371706317052194e-01
2.381566829719573342e+00
1.088825088964473409e+01
2.828968331822074855e+00
2.182711424278112489e+00
3.257493608958713427e+00
1.959373671728367627e+00
1.520585651074018996e+00
1.092118450902138216e+00
2.376571376138951308e+00
1.567161293748582374e+00
1.831494447341380116e+00
1.982050439055320412e+00
3.511998632254344610e+00
1.406248456273712533e+00
4.837179413215533685e+00
1.213437789972459990e+00
1.582676008579269711e+00
5.834458104182891347e-01
1.502361074143062858e+00
2.977168802323677532e+00
2.610041192921542574e+00
2.391900893934995942e+00
1.664867020990012714e+00
8.772127747289810706e-01
3.210702653273415752e+00
1.842400576874606788e+00
1.533556300406723416e+00
1.402362083207228993e+00
1.043731933451111704e+00
1.950105068059764468e+00
8.612649728186538844e-01
1.750038999997310274e+00
2.574457997078609672e+00
2.822888114460219366e+00
1.960562121965644167e+00
2.525790594713902326e+00
3.582073184613398187e+00
1.146125943880846210e+00
3.816379121599611679e+00
1.320098259048584577e+00
2.068467625473252358e+00
2.132405765497416450e+00
2.484517278499492221e+00
2.910332065229752629e+00
1.857822455246284088e+00
2.696572499011952839e+00
7.788512010860076940e-01
1.604844190156841544e+00
1.905857821587483292e+00
2.095414047810299607e+00
2.327411311542106898e+00
4.237730516345034282e+00
2.034780392362998569e+00
1.197448376747954901e+00
3.150101696575821286e+00
6.881960888307888657e-01
1.622012025060910245e+00
3.393950349151726886e+00
2.239528716712599454e+00
1.475263694935682324e+00
5.176674354302818415e+00
2.523393494614915689e+00
2.066441678126992088e+00
2.278475557458236267e+00
1.450058592699376536e+00
2.494670305772105134e+00
5.762527865299574836e-01
5.347212971697939965e-01
2.571387714528858837e-01
3.958703531991106139e+00
2.254469971178932663e+00
1.970377190786231969e+00
7.048836700540356270e-01
1.617524844135444173e+00
1.978304151162439517e+00
2.349712247354382555e+00
5.014223318483466585e+00
1.786948049151918516e+00
2.825730196855753107e+00
1.320989546570441542e+00
2.590981647534380983e+00
1.475292471121938176e+00
6.574131096141997865e+00
2.714575473655523208e+00
8.287007264723080802e-01
1.722223079525199596e+00
5.572818971199084537e+00
2.364139974527875943e+00
2.162304564453662703e+00
3.801126394058126134e+00
1.159858004122185982e+00
1.286804614807366187e+00
3.701700438072936805e+00
1.486964347723690683e+00
4.230411398409272827e+00
4.352145635425813452e+00
2.477205571224181835e+00
3.661805203420068544e+00
4.011665534670640909e-01
8.593362717871113610e-01
4.430177654491897599e+00
5.000782209642829379e+00
1.980078595376958628e+00
6.044979292594452325e-01
1.695013553626770975e+00
3.268988681621196157e+00
3.718181172134483958e+00
7.204142867748907220e-01
1.223769632579109645e+00
1.250800256307071479e+00
3.447859438535872734e+00
2.290017500326367195e+00
5.137903992148891152e-01
4.998379435387396152e-01
3.182948430795671690e+00
2.850365736795203553e+00
3.180519103052910967e+00
3.319340780627901832e+00
4.442605502202712664e+00
2.029211660998460509e+00
5.240012355472176253e+00
6.116313821041524434e+00
6.166288349966736249e+00
2.311659924497985852e+00
1.349371209735731769e+00
2.229097378088719772e+00
2.011067615919605700e+00
4.137855743534239572e+00
2.486426435248580535e+00
1.531200348441493775e+00
1.112848410885433514e+00
1.382932754862431279e+00
5.440590948106890368e-01
4.981202820100452122e+00
1.773010156240151902e+00
1.083826236932091458e+00
2.898470715491350269e+00
6.070949072147641346e+00
5.252324645287022697e+00
1.182684936849213164e+00
1.779158801713744742e+00
5.854112769490028567e-01
7.985705055964962273e-01
3.002855887418218739e+00
4.687104712812932839e+00
1.088349878497460788e+00
2.111553422225749710e+00
2.456494808588008283e+00
4.844870632012914236e+00
3.387939722796505126e+00
7.782359443785369368e-01
8.019686873982810882e-01
1.951552725276252565e+00
4.091076941997613403e+00
7.733684977546131378e-01
1.764011437450903053e+00
3.137383072892492297e-01
8.317096532352766802e-01
2.530929371754842450e+00
8.151330888660418550e-01
1.277835128602750281e+00
2.544677260525577633e+00
3.392678233861351256e+00
2.988696790241514911e+00
2.673077439621629026e+00
2.178988899249933997e+00
1.721357199238204405e+00
3.469401672680488602e+00
1.304813114121412099e+00
1.237064945678305827e+00
1.511683247866046909e+00
4.267395783721497970e+00
1.103192617586654878e+00
1.650461015200151538e+00
2.043073054442321013e+00
1.901932341489167788e+00
2.341761443628540551e+00
5.524421119356262011e+00
1.056696905701163480e+00
2.677890426738569474e+00
3.621807756269788126e+00
3.457809904629323139e+00
4.419450338526664801e+00
2.816931160890909780e+00
2.050388909427705852e-01
1.493253542482430030e+00
7.080697379988831752e-01
5.171437269018350769e+00
3.702602399146222023e+00
1.973391665829147268e+00
3.438050904560339127e+00
1.607569141412860114e+00
1.332603776744860191e+00
2.022159301566767819e+00
2.553042615385173963e+00
2.669335826309279014e+00
4.079083852133253529e+00
1.047438313446834801e+00
2.561404107943637154e+00
2.239814927122631083e+00
2.019243574710732680e+00
2.030990634882021695e+00
3.696755485927089691e+00
1.122326842705473782e+00
3.661456367207987839e+00
8.948536554632384732e-01
1.118635257191268551e+00
7.070664374639716865e-01
5.579648524651228847e+00
6.868197740143008545e+00
1.906262110860369674e+00
4.087136112794432563e+00
2.439349494418725950e+00
3.090206274777710593e+00
1.749586679494682828e+00
2.640694035576216514e+00
4.022569504448703981e+00
4.593970330759308829e-01
1.730248301844293124e+00
3.449224957614288378e+00
4.016860478021237135e+00
1.686626142627288161e+00
3.345171779777609267e+00
2.497868389056946192e+00
1.984244448833042185e+00
4.212411694114950755e+00
1.446343635081092982e+00
5.810177296649038148e+00
6.289340259358707774e-01
1.120092331677702502e+00
2.270700084541268371e+00
1.633717367830818779e+00
9.717410695212275185e-01
1.674296834574606097e+00
2.532048585616898162e+00
2.392804520676821145e+00
3.687360861997931449e-01
4.057073087039485770e+00
7.129688296812582315e+00
9.934700425495651688e-01
3.480770027542921863e+00
1.629930666289049368e+00
6.403777110925708005e-01
4.493793466962561212e+00
3.946357546929484705e+00
2.286290724324104406e+00
1.272813385086954518e+00
2.114892842344319845e+00
3.416325078481792232e+00
2.187968290269781679e+00
2.010425652032524990e+00
1.949818293688537540e+00
2.985684540848390522e+00
2.366354502175544550e+00
2.654770704188885500e+00
1.088239232637685028e+01
8.747593707859113721e-01
2.151156968012055248e+00
1.434078063476257547e+00
3.516881685877546904e+00
6.342545152017344812e+00
1.990226169418618074e+00
1.133182728066444156e+00
1.892990711190393638e+00
1.863832739107436298e+00
1.452340480455431182e+00
1.584897857852188174e+00
3.762169105008293712e+00
2.091194745375257291e+00
2.365410726525064344e+00
2.554578609377027743e+00
1.797821800619423094e+00
4.076352926897587103e+00
1.848372491047363786e+00
4.459504532167518853e+00
2.651852756577187886e+00
2.317076739707769839e+00
2.136084413119001990e+00
1.482804696926550425e-01
3.336614084595321383e+00
5.150915599079368690e+00
1.398876835215438375e+00
7.496142088926314173e-01
4.072748760669543167e+00
2.014453690372240313e+00
2.744440154128017006e+00
2.067852038327520514e+00
2.746540248623992042e+00
2.592211201683081612e+00
2.757317954979197627e-01
7.400939331429706058e+00
6.774086196333748422e-01
1.740530784105221329e+00
7.721334800018054834e-01
2.416214286791153576e+00
1.324914375085127105e+00
1.382359779322660298e+00
4.311627309165917410e+00
1.871362018571809394e+00
4.070274749452557295e+00
1.515648113554913579e+00
2.752536833711915598e+00
1.930131799639516421e+00
1.452374857750016846e+00
1.538389122623206928e+00
2.108763182017205917e+00
8.451111013743169975e-01
6.193826092511018899e-01
1.599887969181393199e+00
2.144872394951934602e+00
1.335974993687132351e+00
3.401654697009923289e+00
8.192210249798995703e-01
3.410266583341956537e+00
3.874644816449939744e-01
1.757962348658969276e+00
2.771444239957674860e+00
3.063836044897807476e+00
7.094217386032421580e+00
2.755351725779362049e+00
2.269976177622881508e+00
4.763431932293034521e+00
1.967668183435031803e+00
2.736784292801457852e+00
3.962305300953610221e+00
1.458952641667762729e+00
8.419593101811005953e-01
3.439875980705094705e+00
3.915381484265276768e+00
1.510166736355885497e+00
1.240617113784471481e+00
2.124464414193066197e+00
1.271299538632424841e+00
2.069230619274902150e+00
2.671374648118605144e+00
2.134508072308491489e+00
1.812688375299866594e+00
3.255738962690374105e+00
2.390465763325221538e+00
2.603824462869373857e+00
2.002789508502740734e+00
1.821113251294793400e+00
2.178500247843268234e+00
2.914426352658611830e+00
2.077231366465174034e+00
4.470867231910847117e+00
8.774647645078085256e-01
1.535030632298155506e+00
2.680214077870101352e+00
4.144511687450326498e+00
7.068396108312682280e-01
9.488714437901085708e-01
1.092842815056899841e+00
3.346282604766865010e+00
8.458327665166700537e-01
1.910491595405742205e+00
3.801362306190104512e+00
1.874968801444254707e+00
1.259682760825288739e+00
3.081400780737884482e+00
2.031494858315239682e+00
2.763997513445742626e+00
4.747347552358747613e+00
6.264805659625144463e-01
1.341406350748920895e+00
6.051109881511693267e+00
1.919954122054511103e+00
5.222668861242883764e+00
1.886912290978576046e+00
2.730869182046646859e+00
1.681993103883196783e+00
1.573013020638464710e+00
2.720659951983013691e+00
1.952502356017580043e+00
1.370155025761217171e+00
1.627216867817914192e+00
4.555512140615462613e+00
5.552311289793745441e-01
2.500405128168151858e+00
1.021042717621743812e+01
2.639647547077199619e+00
3.040792525919099543e+00
9.409089423532480678e-01
3.888929573982527366e+00
1.040451041337470572e+00
3.566597579229485060e+00
9.549202999007204706e-01
5.567344479409134017e+00
3.059632275878700458e+00
3.138392364612232477e+00
2.329582462718411406e+00
2.777424642477384964e+00
4.219427910912965096e-01
4.229174366641678340e+00
1.830699546201187466e+00
2.022777326593460323e+00
2.507934925986217145e+00
3.468973821109069267e+00
2.423757817467305120e+00
4.288395091661955760e+00
8.571461000287171617e-01
2.439063381396874064e+00
4.145782885968703368e+00
2.013594967599968921e+00
9.330318536990093170e-01
1.454354099026932357e+00
2.739420708009788097e+00
3.525468324204616088e+00
4.065874252561029856e+00
1.750173713392748853e+00
1.619470997791969236e+00
1.462026228276975814e+00
2.180984421697144793e+00
2.816074304089362990e+00
4.824668670880103427e+00
1.648750752938932918e+00
4.246857502307769039e+00
6.108969255168754664e+00
2.113091594716326238e+00
1.674849211023015316e+00
4.270519994365912453e+00
7.945054906855399945e-01
2.292155907950966576e+00
1.237248421918586638e+00
8.367492419833927331e-01
1.103912005452393208e+00
5.728492058070207449e+00
2.120451622510232337e+00
5.854994314847678183e+00
6.767177795088668013e+00
1.461851697967682551e+00
1.016244924832784058e+00
1.634776552658546489e+00
1.564668981343555920e+00
3.512138267149174986e+00
1.178502348889247431e+00
2.525970420923349113e+00
1.633378034028605263e+00
1.399051623231237329e+00
2.085106554442013316e+00
1.996568968739619310e+00
4.341584520825267468e+00
6.951407422069115771e-01
4.462901330791379628e+00
1.837138592680105820e+00
3.217499482841405634e+00
4.608627373357598422e+00
3.697286030350527941e+00
2.174975911769313264e+00
1.062479707316759736e+01
1.772458268428300787e+00
3.787593746340874201e+00
1.554792867575106596e+00
3.209281288416350630e+00
1.348159665607717939e+00
1.373556252175652803e+00
4.963284423846257010e-01
2.696326243293985847e+00
2.288328871450235447e+00
2.726458174433950887e+00
1.158882703978921791e+00
2.975103919490049265e+00
5.177597513267939711e+00
1.816773640984748139e+00
2.378740224821386473e+00
9.692532603762256116e-01
2.176044045975527030e+00
2.648637371667496687e+00
2.970039249545544546e+00
1.066491996419385524e+00
2.150790667906863796e+00
2.606964041209155258e+00
8.948363002486854345e-01
1.186599574958219439e+00
2.673163437506859808e+00
7.872368794722861551e-01
2.892669340524023802e+00
4.405548911128694733e+00
4.888581414119920865e+00
4.498290739573755914e+00
7.022287361251488003e-01
1.523511972994774810e+00
2.337468281969290462e+00
1.163652859749195745e+00
3.614191439074299517e+00
9.459150423572850741e-01
7.017008097721121329e-01
2.102421135490091242e+00
1.944906624136850448e+00
4.064985317131238673e+00
1.574620841401912497e+00
4.450960369618051971e+00
1.024642632453717894e+00
2.412113014890888696e+00
8.807295751075602253e-01
1.361115703746077932e+00
2.352875468214272292e+00
3.594963160895597198e+00
3.550320182097169930e+00
2.427699345805241382e+00
2.091990269312657524e+00
7.266317147107270724e-01
1.051153834898740591e+00
1.953539301411176599e+00
1.472348130087148155e+00
2.512067177728915635e+00
1.959247149481767369e+00
1.718998614052475560e+00
8.571498895539508833e-01
4.549684158047830884e+00
1.582012009314766932e+00
3.143107975704322765e+00
3.842772968067203365e+00
3.770440154342849848e+00
1.213600709399869304e+00
2.210786663918116624e+00
2.949606832585835114e+00
6.321173563011250884e-01
2.740238311019709716e+00
1.492400279219572745e+00
2.568891974951061474e+00
4.111913352363700369e+00
1.618755725575417248e+00
1.251149731141565580e+00
3.121851638987809263e-01
1.808878279271414202e+00
4.767893967888885420e+00
1.380089357681219209e+00
1.488975680299175153e+00
1.633586344726148720e+00
6.633873259969481850e+00
3.374579465043837878e+00
5.703402797692563198e+00
2.634081539654545612e+00
1.082293595334995251e+00
4.091259516526267070e+00
3.272729568393464739e+00
2.110414924804675074e+00
1.716037093673980163e+00
1.487325441327909781e+00
3.620123555904537493e+00
4.407044942262547949e+00
4.400841999114475378e+00
2.536127926971711855e+00
1.940391592384384190e+00
3.803688136279716137e+00
3.077734508580308059e+00
3.263344014917925584e+00
3.760180898054104937e+00
1.821237638062862985e+00
1.013329564957371476e+00
1.205193969041616686e+00
1.735212394875874864e+00
3.223188262530340076e+00
2.798416270906932901e+00
1.199861571063990606e+00
8.190968374877986236e+00
2.015337784755847128e+00
3.714534385430875663e+00
2.134790541769031158e+00
9.632095437995219500e-01
2.005417254885223155e+00
3.327822063455473600e+00
1.805941399751929355e+00
2.612760599503877401e+00
1.003178467718947253e+00
3.696120894167519655e+00
1.537712358753156483e+00
3.968113689506719499e+00
2.337619733158999402e+00
3.799186381429895398e+00
1.646175736780837395e+00
1.953587309270542027e+00
2.012341330813226747e+00
4.755889318916874053e+00
2.215532100653923919e+00
3.506751585223276901e+00
1.215983990103466805e+00
1.510849630495876506e+00
1.768401410928903017e+00
9.766966908940969416e-01
9.359164017646860456e-01
1.456515589149090850e+00
1.371040006932706223e+00
4.236353156640972339e-01
2.038212699643544568e+00
6.973676155309175284e-01
7.334290739090910671e-01
4.809197759655765125e+00
4.398033873388640380e+00
3.289708532967019483e+00
3.063904026217319831e+00
3.686408450565749728e+00
3.174550294648995408e+00
4.801904458613085680e+00
2.578841804454107045e+00
1.113991341874052354e+00
1.461342336111495444e+00
4.572303559276331697e+00
1.573704810324993986e+00
2.678622831621294331e+00
1.508852877666573056e+00
6.592703816177369891e-01
2.927840795711142974e+00
1.723983009424634449e+00
2.232806578115554608e+00
2.075649218073544855e+00
1.173686254792392969e+00
4.466710077215955366e+00
5.735072095267860881e+00
3.739310172626759687e+00
2.493401045924116488e+00
9.172690761838235840e-01
4.656600432043100035e+00
1.025732759107439662e+00
7.144181764950064961e-01
2.186809555182931852e+00
1.281687133636534748e+00
2.721168995196642459e+00
4.047199728616326375e+00
6.983285776430280256e-01
2.047383810773414581e+00
3.726241722987511995e+00
1.722574027548125386e+00
4.441323424271657494e+00
2.396510797899780609e+00
2.339946106232912548e+00
5.618194507280462879e+00
8.016685510152093963e-01
2.914755073048909573e+00
2.722480444938129018e+00
3.564342251113351789e+00
5.691312353185685735e-01
2.059947025480198146e+00
2.888276057538647912e+00
2.044621486997886706e+00
2.892224164976079592e+00
9.030962297608006395e+00
1.555961020748123591e+00
9.027698433355128671e+00
2.549168125271527696e+00
5.510076172196621824e-01
1.221125791670568228e+00
2.423377064680471094e+00
4.653439107201171154e+00
3.842881480538829830e+00
6.926763147887819994e-01
2.219303531119067419e+00
2.762611674553450136e+00
6.499323744187170959e-01
2.326930454826708239e+00
9.575380831270893234e-01
1.319186283657881154e+00
2.047144210575148726e+00
6.518883503072097074e-01
3.451349598008878861e+00
3.253906799289806973e+00
6.242577237275871438e-01
8.147244623691630716e-01
2.638350702179845353e+00
4.375382192197700526e+00
4.474783034994136877e+00
1.645874305749441158e+00
7.643461815061804998e-01
2.143411963246542928e+00
2.187029554896744443e+00
9.155273504333978352e-01
1.976647059013949992e+00
9.800643811884160783e+00
2.057293540324574899e+00
1.973350407924762129e+00
7.797463398905102316e-01
2.068096763823130679e+00
1.324421377604792172e+00
1.926816052026238069e+00
1.893496954908863605e+00
3.601082123171114979e+00
8.890304452692309178e-01
2.433146222015952986e+00
3.160921894794661124e+00
4.410092248540000703e-01
1.916398183526756727e+00
2.302832778514242840e+00
3.194081604984579492e+00
2.380706137987681714e+00
7.540834233447417656e-01
1.873559324735063258e+00
1.762561741780650948e+00
2.308004713675023023e+00
2.441441044627276291e+00
2.448267319809072085e+00
4.418182861655238547e+00
3.645827685859540868e+00
2.133975411483785667e+00
1.538422324480734016e+00
1.010352686352108620e+01
2.987719186271367899e+00
1.245122703743530623e+00
8.472850238544940016e-01
3.815500698174443706e+00
3.812620329320681734e+00
3.837860438092223436e+00
3.136506626592072244e+00
4.364088803713296549e+00
3.245336025306999606e+00
2.881232015093156740e+00
2.278993414897540148e+00
2.587965501038746119e+00
9.099548753615296359e-01
1.035536317070025580e+00
6.564450456485722896e+00
2.794960596353226023e+00
1.502504926008050745e+00
2.316665943552155493e+00
3.062768146405649095e+00
4.901178787687888061e+00
1.648653002478546625e+00
3.984084433350247423e+00
1.407797472493481861e+00
7.031042126963753525e-01
2.830994683072736162e+00
1.380076472292018908e+00
2.678297613093001850e+00
2.177859823713377274e+00
4.402449289032767332e+00
1.041789060130824174e+00
1.365160346789431323e+00
2.493165354554345736e+00
2.445453453517057341e+00
1.798792133102041557e+00
3.158903298808594329e+00
3.663028297506280229e+00
3.508429557080494643e+00
5.629877063568828000e+00
8.978762579896515383e-01
2.425865666298923973e+00
3.568845610373496235e+00
5.835818366039804417e+00
1.449325250232735174e+00
1.126394899238173375e+00
2.434952320458942054e+00
1.166142631680889830e+00
1.709068257255001777e+00
1.890386013071947646e+00
2.466126277718013071e+00
3.664802103608166828e+00
2.267393232899757027e+00
2.010998096012853509e+00
4.335988685108968177e+00
1.204900055697915917e+00
1.793345351008722943e+00
4.658917937649879271e+00
2.055272516707750352e+00
1.678086632170432413e+00
3.181822393641513091e+00
3.137921930466819997e+00
1.262112080833375449e+00
2.979383494606056448e+00
3.240868245363006661e+00
1.888571189104806702e+00
3.800880540020445952e+00
9.767850533228586984e-01
1.630412585190040842e+00
3.778233109551167423e+00
1.806077133250308053e+00
1.000965437952876069e+00
1.214040083179591445e+00
2.366923710207475828e+00
2.106962250337272025e+00
1.616057891214192077e+00
3.078143078151158729e+00
4.341758342630462342e-01
8.385098998646936863e+00
3.457510803583452752e+00
1.087993376826795311e+00
2.335513756751723680e+00
1.612040620399094237e+00
3.973761613546831217e+00
4.106806098480033640e-01
2.301722033391236266e+00
2.088940967901617096e+00
1.582099477379211860e+00
4.568981727020958061e+00
1.080465717786764257e+00
9.139564407004412416e+00
4.581164234498639409e+00
2.933946740419301591e+00
2.258348553639976330e+00
1.516063318544677241e+00
5.005079275320650778e-01
3.152707779612119676e+00
1.499907952439973657e+00
2.361807775434445311e+00
1.380776046464779805e+00
4.507820571288282174e+00
3.997559701145827926e+00
2.397724787572046878e+00
9.658445642764885708e-01
1.722564068362094414e+00
1.601862234983086664e+00
3.225078041181110855e+00
6.492613960863575784e-01
4.913116445283381317e+00
9.300130416010108370e-01
3.764627720091411778e+00
4.263933575637100404e+00
9.976478970565210158e-01
2.550653717277075128e+00
1.682380666303029626e+00
2.034566382109368465e+00
3.410406189660035281e+00
6.424051336839583515e-01
1.299218560328689875e+00
4.264669314696077684e+00
2.724145462359543579e+00
1.606228425205406873e+00
2.075903358201704574e+00
8.189876074253237270e-01
4.145820196473460229e+00
3.489189474789849754e+00
7.896039797320989484e-01
4.326235849433439640e-01
2.905145790447660303e+00
3.453878766396003552e+00
1.626830895548430522e+00
2.935222115873098669e+00
1.660949123371479486e+00
6.997148965410162624e-01
1.580000469927524742e+00
7.225642388651249970e-01
1.849186583987381116e+00
2.584698021838472304e+00
9.651225235076693609e-01
3.634292731059804105e+00
1.865459546789132617e+00
3.933037986692818233e+00
1.274790466091780594e+00
3.517148122977842850e-01
1.682722903579580098e+00
2.460076780989929102e+00
3.858808412380977382e-01
3.598715223919578321e+00
3.968128043508496017e+00
4.134629327096153162e+00
1.135113236991892371e+00
3.831061777248782718e+00
3.252010999748057074e+00
3.484201139981408790e+00
2.011484584760282246e+00
1.105795971939331546e+00
5.394609980273693539e-01
7.723337194816802809e-01
2.686432266118190526e+00
1.820895521955627760e+00
3.734666818263872035e+00
5.215329201668968295e+00
9.158878328917564815e+00
5.136258703848282536e+00
1.693821281595705441e+00
2.365553899666328341e+00
3.581442411987506347e+00
6.618442140564079201e-01
3.009967409604180855e+00
1.791579613301087726e+00
4.245929937834720946e-01
2.539504827447488733e+00
1.360408694258041340e+00
1.642203355156961919e+00
2.401171688256065639e+00
3.784933400618950117e+00
7.784340008641347231e-01
3.265912361782657425e-01
4.768787706160651396e+00
6.282268306165300631e-01
2.194900655258565703e+00
2.869183426253485880e+00
4.510563436837815132e+00
3.620487610324028438e+00
2.385215638680231010e+00
8.720982974604641669e+00
1.434170753811621735e+00
2.261993243401287046e+00
3.312964596338007883e+00
1.435190401697255647e+00
2.609493863924219781e+00
1.523036651445713208e+00
3.077099646837521352e+00
1.608699888060215022e+00
1.114303968397454936e+00
1.207129042993142276e+00
2.873752299185689196e+00
2.721886214533270287e+00
2.842224803416403489e+00
1.247146778193617189e+00
1.107904974593596936e+00
1.821029476315610962e+00
3.118527846520646296e+00
1.711300465910998048e+00
8.397656128400315945e-01
2.175311988648677808e+00
4.220198587508050991e+00
2.861804430139234245e+00
6.057569301382437210e-01
6.510451180230174550e-01
2.154330121175874080e+00
3.307098428548361557e+00
1.642157507330763710e+00
1.597850732300897247e+00
5.293492999055108506e+00
2.592936287222210812e+00
5.448428328306251345e+00
1.768320675291285893e+00
4.649223723091689742e+00
2.349059155387488662e+00
4.862728100713196611e+00
1.895718689952014424e+00
2.003041461587044658e+00
1.617839277287333566e+00
2.054794766774997061e+00
3.863461398125210611e+00
2.931788015820514293e+00
2.141309879334333921e+00
2.490243315669364854e+00
2.369541095042469792e+00
1.276747615154285809e+00
4.628503389225739895e+00
1.007469265162031613e+00
3.809810160888671415e+00
7.219895181101944059e-01
4.046178679005753231e+00
3.195853200967472496e+00
1.285696711646157286e+00
1.932246213261026746e+00
8.721059307796320548e-01
2.592684787282325765e+00
1.096554205925069470e+00
2.215127710723049148e+00
6.207781485330962745e+00
2.104949271519164444e+00
1.172752696204260925e+00
1.760991535518930062e+00
1.399855161931777392e+00
8.317626722967788044e-01
1.177949408545762466e+00
2.386650528976225427e+00
1.342486179823714654e+00
2.510944888574312195e+00
8.252141088147197934e-01
1.394744376762015570e+00
4.090536004654710567e+00
1.719682450210440194e+00
2.013617119819826051e+00
5.779272085981714824e-01
8.029483683588853893e-01
2.356804608332546902e+00
2.169960462567024795e+00
4.084520810262938006e+00
7.228986732564254281e-01
3.920885633265432269e+00
3.650429107586150135e+00
2.295454341084126160e+00
5.265080395340599573e+00
2.488455579872188572e+00
1.484102186068960494e+00
3.751018418251256925e+00
2.433531038634285881e+00
3.223075963681885092e+00
3.364270814839141366e+00
1.929909546022944733e+00
7.099964162445783211e-01
1.948839012155870076e+00
8.341316977119118903e+00
4.889210027035920669e-01
1.627434550383765055e+00
1.770349527899531150e+00
9.293506649892800953e-01
2.791970040848882562e+00
4.662582412132243448e+00
1.383534847263373280e+00
2.148042764941040517e+00
3.139842572902173057e+00
3.832217771859866673e+00
4.311161555958336500e+00
6.316494885824204708e+00
3.654418147582785270e+00
4.945081043163113144e+00
2.970768634593481838e+00
5.464570625895769362e-01
2.090611008475852461e+00
1.641619606005479737e+00
1.869318444351035335e+00
7.063646296709537031e-01
8.618371670033799781e-01
2.159412254980836110e+00
1.203417179928380154e+00
5.574081583958660602e+00
2.283923904905171387e+00
1.479785170309254383e+00
2.037808979637360629e+00
1.024782116071429883e+00
2.914026405645286477e+00
4.412159129704198435e+00
2.420799400542719582e+00
6.682013535315322050e-01
2.058522047671683453e+00
1.213331232965981554e+00
1.578030866618883810e+00
2.985952124735836488e+00
1.083034152484821933e+00
1.530750162830186056e+00
7.939266709210114348e-01
6.079553741744158080e-01
1.737846162598292166e+00
3.927401952932128903e+00
7.277596460159541092e-01
1.952315757246720240e+00
2.316605825888473635e+00
8.238374954925841154e-01
2.934961684850780017e+00
6.934111104165884276e-01
1.312874457542438700e+00
1.438258466153590875e+00
1.567530296972913462e+00
1.232754195066774416e+00
3.828552527296426256e+00
1.806965923257033424e+00
1.602526755706387585e+00
1.303661577933213467e+00
1.494149346315159832e+00
2.146618449882610857e+00
2.950879034720554461e+00
4.429440260157859299e+00
3.510325445874172168e+00
2.380431847272603818e+00
4.020244495872591806e+00
7.988962177111880614e+00
2.424365482896079005e+00
3.438996359948567783e+00
1.110664025576167724e+00
7.332831096998696507e-01
1.000107053139131619e+00
1.615889487167492256e+00
5.541716997266009415e+00
5.810077145460341708e-01
2.462874267652130911e+00
3.415416188564159405e+00
3.397035823877708083e+00
4.161787442677447046e+00
1.756899862167103032e+00
2.945853875695774171e+00
2.934140097808280778e+00
2.726132100294555549e+00
1.638746240275644306e+00
1.031714357469709631e+00
2.424418933758036854e+00
4.433483085212606589e+00
1.720136201596973446e+00
4.077757520904661703e+00
2.761957333216523924e+00
2.500813627689016272e+00
2.408527497160364739e+00
3.569643831325815864e+00
1.740986346689875397e+00
1.028538990493693905e+00
1.948248900607346679e+00
2.205860612784110941e+00
4.043591685061867835e+00
1.212587724563881864e+00
7.408334685077826443e-01
1.700459366881521772e+00
3.172330116302847780e-01
1.336311968610997214e+00
1.377708053552396672e+00
1.660991145080762399e+00
4.263840400140117559e-01
2.139939332516760384e+00
1.362836379399497089e+00
4.417964614751099361e+00
5.100670942132414787e-01
1.400556217227927558e+00
2.518130807292899842e+00
2.601362990734167990e+00
5.772954733794555260e+00
2.835029961418047861e+00
2.788988289988242553e+00
1.117805823780041008e+00
9.290838723855346926e-01
3.730786099271511613e+00
2.124965260725986127e+00
6.062835251985098095e-01
2.115971061957933941e+00
3.943628125437548260e+00
9.513056944873919951e-01
1.710628336969707286e+00
9.442295681517551831e-01
8.429992550928131934e+00
1.069679641789497282e+01
4.308145547827585631e+00
1.185316502304711195e+00
2.801350288990989590e+00
5.686626842982052565e+00
7.593236263324953939e-01
2.620140723549415185e+00
2.555968690937406418e+00
2.260128421226495821e+00
3.093220103697553292e+00
9.763342334893256869e-01
2.802963008482185270e+00
4.944459922457560275e+00
1.337278865749662371e+00
1.394216497625934581e+00
1.466463880179429191e+00
2.700759395207835922e+00
2.608650435265032375e+00
6.699791553726763826e-01
1.274695800839195092e+00
3.411138304648976494e+00
1.560752567999692531e+00
1.957120042726978815e+00
1.446388837000037508e+00
1.145054647421787974e+00
3.136461745626296871e+00
3.676215442495144536e+00
2.924081221548446852e+00
1.290686089044464913e+00
1.080020318645011468e+00
2.017871953627377923e+00
3.240206433912879103e+00
6.291303692037930606e-01
3.037093878339626851e+00
1.311586620035535722e+00
9.528072673805927373e-01
1.439293123250262596e+00
9.225752228377365194e-01
2.396666925460585684e+00
1.811052535855578682e+00
2.405137652879499655e+00
3.548310256466996826e+00
4.266882054655542156e+00
3.115368912859606265e+00
1.608612036446563254e+00
3.493502607335327692e+00
1.733283058533903187e+00
1.432044826427368855e+00
7.780284908297836921e+00
2.270033588950143510e+00
2.944470314606987493e+00
1.954897490696197782e+00
2.812066822440030922e+00
1.028768097214481925e+00
1.009985533594021589e+01
1.018006786543694808e+00
2.480919605603234768e+00
8.960908663152981068e-01
3.891429335548208357e+00
2.759229708204388842e+00
5.267376393603876217e+00
2.623287796571573960e+00
2.638656060178396157e+00
5.635812316918489273e+00
3.792157387035709704e+00
5.181865333729028800e-01
2.332537232468717914e+00
2.036119137279101654e+00
1.106360011935287213e+00
2.166304021264346069e+00
9.435522698834444277e-01
1.140878633231801231e+01
6.508195996097997371e-01
3.126744811282841319e+00
6.936583843609506195e-01
2.922109444033403669e+00
7.473595625553540955e+00
1.042785645727273725e+00
2.033113181484319298e+00
3.216697146405579577e+00
3.293053302961193474e+00
1.431035149604114931e+00
2.796541412905516388e+00
2.459996345264708228e+00
3.621240579647361901e+00
1.453866608235170998e+00
3.641699701631588404e+00
1.777043137656158622e+00
6.455974945121419895e-01
4.283985072516579784e+00
1.246893516643348576e+00
7.517308827773577562e+00
1.386686069732780302e+00
2.778313884854986870e+00
2.601816707863649825e+00
2.176553286631494721e+00
2.899315389050901359e+00
1.130288851343275391e+00
1.158572215987966558e+00
3.152678049844101604e+00
1.173001563195278596e+00
1.599782574621247289e+00
1.368388316874522559e+00
3.281320362347657671e+00
1.004076148342794683e+00
1.787382984747601045e+00
2.002480971435570023e+00
5.681713222778089767e-01
2.012303111825437973e+00
4.459419594831712352e+00
2.817677180402647252e+00
4.417865795704614129e+00
4.237913781930693347e+00
3.173589508030594697e+00
1.682880974398207385e+00
1.012320760944001696e+00
3.930815631194721771e+00
2.055027431477059796e+00
2.790969262924645644e+00
3.057180605790446926e+00
1.134024545321660860e+00
1.993784662694516596e+00
2.179408831886830988e+00
2.901474610645507379e+00
2.729592253655287681e+00
3.047742284468093477e+00
4.752454927058231249e+00
1.903545327092864170e+00
2.022130943784754997e+00
9.165732070739218695e-01
4.269532292436495347e+00
9.710850115816160866e-01
1.485148651414081256e+00
3.719604767727649808e+00
2.809457493250935300e+00
2.435323853800305915e+00
4.881457233832757203e-01
6.196339968152222433e+00
1.633308022430129514e+00
2.506845172100871544e+00
3.621865576910261897e+00
2.986826795447401039e+00
2.884988010933162705e+00
1.062456966609521158e+00
1.388705437360903350e+00
1.391331181280709872e+00
1.076909133470768998e+00
1.766348250428070088e+00
2.382170034382853796e+00
5.410903541390477578e+00
2.392872788085512514e+00
2.072535651458478068e+00
3.390747552155191080e+00
1.486727391863657211e+00
1.885322520053346995e+00
2.003521053356759118e+00
2.372417513743911854e+00
1.019950404934027555e+00
1.677947581478203887e+00
1.124859781710959350e+00
2.522480245626734341e+00
3.147962731199472675e+00
4.427328245008901875e-01
2.709151778099419872e+00
1.645757292114546244e+00
8.783278519551727115e+00
1.044437749858607933e+00
2.125333055933006587e+00
4.510626800964985250e+00
1.600584103111118317e+00
2.073569068963309725e+00
1.619739577008147524e+00
4.312729554033868595e+00
1.109397451916418920e+00
1.129059232298823545e+00
1.810305863339730204e+00
3.040823651598264288e+00
2.096043217417344007e+00
2.351392480840114541e+00
2.450117720806993304e+00
1.510833595938806173e+00
2.330564879924567734e+00
5.364888761576972476e-01
3.077074940672577252e+00
3.305892682176163166e+00
2.748482808216617279e+00
2.529971348877978254e+00
1.841925359870057344e+00
2.634168666802297221e+00
6.198352081789192392e-01
1.951869838548949021e+00
2.742258870750369670e+00
2.005345420583947380e+00
2.298246491162012628e+00
9.444195220498864396e-01
1.623501882451766853e+00
5.377716428103381796e-01
3.550268040592166052e+00
2.698671457196640144e+00
2.531728324942828401e+00
1.868145138863438692e+00
3.352881728423741325e+00
2.140889390112221236e+00
2.364436016339489299e+00
6.205759549090965610e-01
1.112125889718156069e+00
2.667522161359994648e+00
2.146448686247398818e+00
2.678544437779333709e+00
1.136269910574453146e+00
2.158929002302387268e+00
1.703107975102893468e+00
1.552734125449387825e+00
1.138975822084549172e+00
3.479444377304060421e+00
2.926153143882586516e+00
3.976049445794296311e+00
8.485407759982747100e-01
3.261290047207952014e+00
3.754352377788362283e+00
2.718024501820651917e+00
2.065755138406395020e+00
4.155354484707900475e+00
1.736965713301740211e+00
5.617453972685281904e+00
9.116681365482813826e-01
3.252545960723212559e+00
4.189896288094765886e+00
2.879078324374750864e+00
1.519009594900179838e+00
2.307695090350196931e+00
3.486121783239476635e+00
1.153929915852781374e+00
6.952434566847250919e-01
2.764085768398547138e+00
1.272587519912041554e+00
3.376391276077373771e+00
1.516543263261020291e+00
4.163372677006080380e+00
1.283802180976742369e+00
1.234563697760046708e+00
4.299173605280332544e-01
8.677578826357514430e+00
7.419717829462385339e+00
3.082952925186063897e+00
2.089279701377008358e+00
2.276726774825506006e+00
2.661328301119908257e+00
1.588683438504454815e+00
3.475041571556710451e+00
2.832738778315501360e+00
2.988149587798612394e+00
1.924395426797909314e+00
3.529170249211746935e+00
3.822761662735782995e+00
2.985487590525560009e+00
2.785386762702154240e+00
3.387811650252670503e+00
3.821928530325320761e+00
2.826002525761659889e+00
1.138153982457296154e+00
1.004097644548833879e+00
8.307083481864555585e-01
4.104886513664136594e+00
4.198726754025063457e+00
1.589379227461269029e+00
2.235040516951087408e+00
1.148085673045962540e+00
1.424093886873972759e+00
1.061197039923598817e+00
1.041520704242596240e+00
1.801875400329061794e+00
2.035770259905377522e+00
4.220578102479097815e+00
9.048159958292599780e-01
1.925565009147248707e+00
1.714133236124439241e+00
2.851432090420652266e+00
2.888150063585930738e+00
1.588994086249183368e+00
1.637067580928438737e+00
3.104225535011636339e+00
2.413084782041826415e+00
2.247779880486295401e+00
6.167544979932726434e-01
5.663572551880095007e-01
1.779231789653034357e-01
2.706058511580022419e+00
2.395736221412268385e+00
1.408462933094282832e+00
4.381533593825195361e+00
1.225993139751159422e+00
1.498158658123782239e+00
5.056861093333759882e+00
2.797121154689802047e+00
2.101366624846968012e+00
1.080668445060159188e-01
4.897918648231603278e+00
3.537211235758924932e+00
6.212032618126666073e-01
2.203638455202167279e+00
3.326679769562877809e+00
1.040300610551150751e+00
4.986892831533339399e-01
5.831397856267354074e-01
2.141094487570189386e+00
9.519212744615915822e-01
1.157742380219870748e+00
1.357820112155093240e+00
1.159362504233428792e+00
1.064780562665928576e+00
1.763287552781591661e+00
1.874317183973049028e+00
9.126796232529769126e-01
1.129111068144836860e+00
2.633089074302525479e+00
1.374282239177566867e+00
3.054913090794384001e+00
1.489022138928625560e+00
1.225698796546646818e+00
1.096543065000030515e+00
9.960958549526918171e-01
1.259835887635815332e+00
1.225697017324452132e+00
1.394428199395415513e+00
3.905710210449755415e+00
1.237744359534074245e+00
3.045416028067272407e+00
2.819987445870269838e+00
7.863145293790835488e+00
2.128369332488309951e+00
4.214636724152380332e+00
3.810957647234584744e+00
3.149744580219336676e+00
3.092247056312130482e+00
2.313877216909714374e+00
1.977918972465754877e+00
1.129560270008883149e+00
2.039397527761134921e+00
4.979239880208059077e+00
1.343384252630212661e+00
1.549906047675593923e+00
1.471213360289725713e+00
1.942937713662969301e+00
4.025992323262334693e+00
1.372678839802043083e+00
1.713766267070425009e+00
2.728880676227575020e+00
2.022539138013116577e+00
2.249624268716146069e+00
4.057081980637518903e+00
1.037685490890603024e+00
1.781987790652122872e+00
2.299866476593864562e+00
2.064991705162721125e+00
1.011240865488721274e+00
1.439866887300724985e+00
1.007144370598122673e+00
2.326848484012999929e+00
2.831143472698677499e+00
2.576031480753767866e+00
3.848877980283673672e+00
1.761199152723293304e+00
1.229396759670002837e+00
4.134171789408596531e+00
1.560579027512565720e+00
1.410683353951396324e+00
3.175430681732572147e+00
1.402618114580418629e+00
9.183760642162499543e-01
2.696636656440242419e+00
3.668416417509784200e+00
1.977011708738911633e+00
3.733236086790354236e+00
4.437028817662306501e+00
8.516073770146559418e-01
1.072354558275365743e+00
4.202636588109686322e+00
2.948115070625967338e+00
2.257632587670272972e+00
6.501468613473440072e-01
1.300407862821153504e+00
2.191198065681303930e+00
6.367810032881352278e+00
5.108312730002201540e+00
3.740540632332980397e+00
1.955123133649514067e+00
2.587982613956040900e+00
9.169669480928194227e-01
3.229726217850852343e+00
2.377598429243739986e+00
5.069325009234185941e+00
3.021158383721880725e+00
1.937119512907722552e+00
3.666198018044396267e+00
2.640175348422806767e+00
2.436613444308072918e+00
1.521566420030102451e+00
5.437799799147045476e+00
1.783009388631540793e+00
1.602125295674735828e+00
6.849536094918462492e-01
9.625377926473460688e-01
3.504109077265735728e+00
2.555994377899857284e+00
1.514239493919021129e+00
2.480304337277113191e+00
2.323528237291451415e+00
4.408445057761421815e+00
4.905233349051779435e+00
2.689062874021733940e+00
1.635303921846873898e+00
3.862901509436213576e+00
2.017927047957597253e+00
2.712794218874241992e+00
1.604582674122894792e+00
4.605943509771416089e+00
2.790130381171729290e+00
1.849718653042874639e+00
2.051593575862991958e+00
2.144814352518452871e+00
3.244928456928074745e+00
9.357236687259763430e-01
9.743571314650527615e-01
3.907212905844247075e+00
1.167890680124508807e+00
1.645903629424674275e+00
3.836969042187786894e+00
3.410291596783192158e+00
6.193715200602243343e-01
4.130632556661865351e+00
4.618567449491975729e+00
3.185844630161462465e+00
4.383235249889738228e+00
2.793817884295621834e+00
8.665887480937445320e-01
3.291899711996394640e+00
8.390726322828195860e-01
3.084174728903567253e+00
6.689339261365776501e+00
2.530769948625589905e+00
3.425998221989480896e+00
1.667981239603720134e+00
2.014880280725928507e+00
1.441566026615425100e+00
2.279497124201060210e+00
1.945473810829412287e+00
3.581499009564773406e+00
2.228989124218038409e+00
2.841688958871760207e+00
8.006455285689135781e-01
9.065030703180825711e+00
2.988832208874786733e+00
2.881961803501590591e+00
4.552486169501993807e+00
2.300934228034019480e+00
1.531039694893850056e+00
2.278471449548228556e+00
6.716511378184381265e+00
3.347510591518910950e+00
1.998659823149702586e+00
1.850542327497279427e+00
2.556080348511953648e+00
5.709487640219330640e-01
7.935247764200243914e-01
1.820000949418105751e+00
2.766188905489840311e-01
1.252693808529761643e+00
3.838895993436658216e+00
3.236588066604079827e+00
8.945345771336935314e+00
3.726757761244658074e+00
3.315145441546183847e+00
1.098354578634489043e+00
8.816220697897643177e-01
2.226730189589006148e+00
1.234755969723264624e+00
1.774377371042035634e+00
1.624961704786163752e+00
2.666004263887046921e+00
1.471624140395393354e+00
2.810767706008255651e+00
5.813020047450799588e+00
2.502344922585907572e+00
3.579218055899665796e+00
2.149608457844168985e+00
4.199062749496814462e+00
4.014247981464691861e+00
4.785474769442318532e+00
3.893759228153183649e+00
2.174648440492060519e+00
2.570376223130191207e+00
2.458217288547641211e+00
3.897664473130154406e+00
2.252378488111804966e+00
9.180543725663765642e-01
1.307895333649444547e+00
2.002114262888038176e+00
1.198427121508606641e+00
1.922742603551151896e+00
1.197096049458232114e+00
1.278496964126955904e+00
4.659840863507524134e+00
2.192821116709645357e-01
2.356943415422370514e+00
4.219395391676518337e+00
1.165873792754048566e+00
2.108224624279341430e+00
1.581735134758936345e+00
8.528914835785831317e-01
1.589350869915555853e+00
2.870683602016180558e+00
1.022588357714515173e+00
1.030914275317718065e+00
3.830758560778333877e+00
3.664463980253137798e+00
5.034629768988332366e+00
1.276656278896467045e+00
1.592105491829898467e+00
2.717228592314135938e+00
3.055557520939044203e+00
9.332355462710471006e-01
5.571889157280247584e-01
1.780338388970605923e+00
3.307097713879811440e+00
4.499100926356653929e+00
1.831002953719870208e+00
1.566147395131660680e+00
2.672140175548076257e+00
1.680179784506382168e+00
1.135398461835717576e+00
2.752379349981981527e+00
4.459953311732849812e+00
3.264845556874276244e+00
1.417201232515513887e+00
1.176613757139041372e+00
7.988257587819920236e-01
2.148824360271104794e+00
6.317526611927366531e-01
2.163414505328448811e+00
2.324620566101198715e+00
6.414707420595943121e-01
1.530788019786957221e+00
2.283013461633865315e+00
1.817210438897752800e+00
1.912385745017645577e+00
1.687882554621377595e+00
3.251503699026510930e+00
2.029979941765640561e+00
2.941368959828087437e+00
2.898948751922403755e+00
1.142591551503102876e+00
2.083917758017291622e+00
4.431228348646933490e+00
4.151284102630544481e+00
2.723095383418704607e+00
1.444058022415071862e+00
2.385456740235980977e+00
2.415185506001264137e+00
1.030003542380148795e+00
9.702516099109904646e-01
2.407037366364787268e+00
1.929573625889142940e+00
7.247948705404797520e-01
2.892448607210019507e+00
1.790085742958746229e+00
2.817298311328947591e+00
2.309370331946444477e+00
1.001984241774947160e+00
4.177758835966089102e+00
1.997555056497443360e+00
1.042936686105864874e+00
3.197295648933936807e+00
2.581553359963419059e+00
2.388397277165091648e+00
9.009215309147212691e-01
1.932837061446260440e+00
9.681762171217362933e-01
1.285461919993026836e+00
3.873636524751235211e+00
2.131545681945207438e+00
6.747502815648323882e+00
3.640346577561145658e+00
1.380790715793557721e+00
4.164381218633339543e+00
3.448683197361293917e+00
1.496243860426347050e+00
5.064229738196478481e-01
2.462305947463571398e-01
1.812627581003233734e+00
3.956679541903732389e+00
2.762008076044076166e+00
4.298476918035543548e+00
1.876959284765364444e+00
4.736590677618323753e+00
5.570012748367727085e+00
2.380841115689651843e+00
3.304087309520644666e+00
1.577583327881353803e+00
1.752371242337888324e+00
2.517788080363709380e+00
4.697515111252402953e+00
3.736012745590718165e+00
3.194072089207507847e+00
2.589744406507394903e+00
1.530326020052488856e+00
2.363652698443171885e-01
1.395171617102926920e+00
2.430430030625250648e+00
2.984055431731708730e+00
1.723271908731131008e+00
3.370538050613487879e+00
6.280865321888712494e+00
2.160969634302146947e+00
2.250475079146632140e+00
1.014255691053350894e+00
2.087947404406823360e+00
2.252135857234863980e+00
3.431780503701970630e+00
4.107275583728808854e+00
9.106963430625072409e-01
3.633316712623160694e+00
1.454275992317216826e+00
2.797155957004186178e+00
2.164063219057654308e+00
4.568265792307723561e-01
3.428955374808105638e+00
1.092452407672461057e+01
2.875624905980629809e+00
3.859156636411467112e+00
4.349287902087952240e+00
3.041644844064508746e+00
1.399880197554951966e+00
9.792025924620669786e-01
8.039307730762258464e-01
3.490648726689122849e+00
1.413543226320109758e+00
1.343098893698813523e+00
1.117776432222811200e+00
1.031267892300026690e+00
3.941819985011327798e+00
2.862209914047567416e+00
4.710206320790370493e-01
3.096948052374036475e+00
1.647837956989453234e+00
1.166723362786121099e+00
1.382506279899244461e+00
8.030711410985394982e-01
1.810968419798201889e+00
3.070715792679620915e+00
3.493036496708692429e-01
1.122297599044498773e+00
3.522849022416259412e+00
1.545734698506363802e+00
1.717804956225448043e+00
2.756811357590819522e+00
1.371741850283225261e+00
2.595450682183167768e+00
1.048421769754219079e+00
2.767756615338294424e+00
3.287614442930698821e+00
2.283607855186352786e+00
2.194412317388867439e+00
2.866860197352809614e+00
1.834191278324443175e+00
1.445570993836198248e+00
5.634125587370124588e-01
7.272301689610372932e+00
1.475676620031547204e+00
3.795232655230834640e-01
6.432864100918176398e-01
5.304376208504413270e+00
3.368932858687228027e-01
1.687333897630542090e+00
3.141485977132328689e+00
2.983746852310629638e+00
3.419004201611678173e+00
1.411726034861862544e+00
2.139076035913969331e+00
1.314025831913860909e+00
1.996511723301479302e+00
2.705016160863932484e+00
5.597316383115202854e-01
1.053026905856954354e+00
3.403529809321115707e+00
2.456202482484215910e+00
1.018790099327844256e+00
1.854251432805199551e+00
8.071023665386427570e-01
6.146729025304727756e+00
2.943657728502561355e+00
8.365739675022283439e-01
1.474182651954574208e+00
1.744918912006243605e+00
2.768843719668500292e+00
1.262485580280287234e+00
1.293528560226069990e+00
1.508818782888786014e+00
2.298256827138573932e+00
1.400728851812190312e+00
1.327528284442395234e+00
2.831370843327052800e+00
3.108076026502546885e+00
9.984296413471590581e-01
1.496759321208454008e+00
3.329158303213189729e+00
2.815084840499477270e+00
2.250106371102339242e+00
1.144222536794225142e+00
1.795494171631005331e+00
1.514735974880917713e+00
2.307862612953207826e+00
2.168820011957722116e+00
1.897165424486206620e+00
5.524723236480222344e-01
5.557764452113996834e-01
2.905982485211277222e+00
1.680981341518854366e+00
3.988879154511267178e+00
4.320217882095757744e+00
1.478262729757162885e+00
1.076820338899371787e+00
1.025955927456635663e+00
1.201007664383167972e+00
1.306544726297789394e+00
2.711929026491278538e+00
1.754923230137640067e+00
1.005117810278826740e+00
6.817969123426005362e-01
3.387682388588912019e+00
2.624965769118127401e+00
3.135012889513691281e+00
2.026900257962349183e+00
3.230220303268271920e+00
1.347876955445858949e+00
3.727149128811892975e+00
1.496334238765048674e+00
1.266703599484151344e+00
4.080696804769381458e+00
1.838990249424310885e+00
2.116562049335729778e+00
3.022232281720981906e+00
1.291570751158260366e+00
3.115654976896390149e+00
4.399215077065736779e+00
2.377475852969641146e+00
1.329619028289843019e+00
1.368290830698144056e+00
4.435652391859627564e+00
2.386919029470929043e+00
1.664963278203005936e+00
1.710544249156014551e+00
2.650271842966277269e+00
2.833860686089678893e+00
1.422203073621646885e+00
3.253179709936801611e+00
1.046137697063458605e+00
9.080422840908720872e+00
3.369295954599554666e+00
4.441424967974739957e+00
1.900928487558090740e+00
1.959962767504234371e+00
4.555286037639749708e-01
3.701006381298509451e-01
4.613954407769389476e+00
3.004218213819880301e+00
4.054781934956324108e+00
5.311084395970837591e+00
2.087661967426875265e+00
3.295736141949792142e+00
1.961873894254303474e+00
2.944805198847853855e+00
1.736061827453929229e+00
8.986999558209525230e-01
8.022936163509352125e-01
7.884608077947805604e-01
5.578910344666902610e+00
2.246036077389624630e+00
3.079492513148976318e+00
2.833441994012661613e+00
8.381033392142053229e-01
1.812438026820310411e+00
1.064301026361833102e+00
4.916636320531409865e+00
2.523773743903111377e+00
1.446504096210246448e+00
1.895970190796282928e+00
9.431376159883080312e-01
3.592287030259437852e+00
2.087875856542798836e+00
1.530950545002155661e+00
2.686878202049362230e+00
2.257235936777648444e-01
3.112720508851743784e+00
6.424548478443521393e-01
2.865524888574728646e+00
2.032103910081629383e+00
1.321501036104441695e+00
2.006149256625850974e+00
4.469645822741092012e+00
3.501734448870512662e+00
1.710843984175262733e+00
4.258182812596554179e+00
1.615570388914852051e+00
1.694750529934072825e+00
2.092260419339880162e+00
2.853868311510074918e+00
1.291858941448097431e+00
1.519695551304347081e+00
7.332700733316593888e-01
5.758305222484858987e+00
2.761361291627167258e+00
8.188179262844672124e+00
3.167341703765212735e+00
2.528897380047065990e+00
1.122965957654833424e+00
1.197296226552581055e+00
8.261227198766478708e-01
4.052226515340193735e+00
2.404632596932551269e+00
2.818479701751805955e+00
3.207968081239076508e+00
3.354082818831936486e+00
3.342579178446822397e+00
1.577220898899261980e+00
7.351243428350855424e-01
3.981086403961764830e+00
4.846506434909372274e+00
1.193314336031654710e+00
3.699867317757723928e+00
5.359633169189020885e-01
5.932981881664034507e-01
1.111560294823145778e+00
1.309840820664714522e+00
1.335818274391589400e+00
3.611355123416279955e+00
4.062438988686635777e-01
7.381203299771275095e-01
1.329746695917028987e+00
3.107789966276319316e+00
1.036773556015002429e+00
7.368482100435594928e-01
2.277675583958552963e+00
1.523433496165270906e+00
9.544147511746582380e-01
3.610676106139820707e+00
4.490118804846272127e+00
1.272564303494973625e+00
3.569196720764228559e+00
3.935814372228501612e-01
2.222087483872622560e+00
2.617543811258678854e+00
2.393136834409242297e+00
1.619692323838927139e+00
2.566032501800691090e+00
3.267319146657898354e+00
2.394091049125251836e+00
2.764070162222806548e+00
1.386125561609212964e+00
9.681355198878313084e-01
2.737117548051010818e+00
1.230634652932901529e+00
1.388215889958012150e+00
8.993480914214188049e-01
2.044053530427003551e+00
1.927503388434009368e+00
2.730667704754671021e+00
2.667232170796599355e+00
2.221738055748693874e+00
1.564260762316062481e+00
3.685288213520839573e+00
9.318055160190582553e-01
2.284225774811689647e+00
2.187999829471039881e+00
1.828656884060669396e+00
2.988635054008988323e+00
2.400137183114625206e+00
2.894088963554169336e+00
3.067898853381474389e+00
1.956568801625895304e+00
2.039605340964591118e+00
1.783337497936345439e+00
5.805815174103396981e-01
2.830487885978191454e+00
1.973514142948137540e+00
1.624156038627705190e+00
2.727750916963359806e+00
1.196749044466965284e+00
2.884112026970589326e+00
1.094206423949821261e+00
1.686580807850359243e+00
1.749436280650314979e+00
7.903130167176618537e-01
4.549624249989400404e+00
2.872789949336859827e+00
6.766019956741518016e-01
1.843258455596919365e+00
4.365206448726770994e+00
2.350851950796632561e+00
2.972880858261043091e+00
3.126897596695547232e+00
3.946292231254862948e+00
2.561345908332473886e+00
2.933054852421502101e+00
2.252568522586601674e+00
1.345863262618739453e+00
4.587448752389438056e+00
1.754639763398327501e+00
3.854475107954719260e+00
1.775378236863787818e+00
4.401062514002707537e+00
1.952312066233301335e+00
2.789507694455369613e+00
3.383566409362593674e+00
1.779155090972175168e+00
1.891394939950538978e+00
3.241175321457300029e+00
1.112511249726486406e+00
3.349639705879215335e+00
2.550338922520132723e+00
4.794370762165484301e+00
3.106479404611814044e+00
1.483959811291912567e+00
3.302652606438190031e+00
1.597458531968429130e+00
2.721186257476992942e+00
7.366869121866347347e-01
1.908803367814493557e+00
3.848865074991955737e+00
7.735434608836320169e-01
2.284760169395380625e-01
2.499663585912931918e+00
1.989614283322643118e+00
6.590705756729858811e-01
1.685007705721066840e+00
1.300187040187310794e+00
2.702106612036263122e+00
2.567852976014910027e+00
2.755753444267123875e+00
1.557063491217770101e+00
1.863438753597235875e+00
2.642031605175437114e+00
3.169907548426258881e+00
3.509900492075279210e+00
3.078345379300616802e+00
1.729034112362754394e+00
1.279761113699081410e+00
1.612741116463159319e+00
7.247071584383384391e-01
3.433756338045330203e+00
2.173795352026111960e+00
3.435012478066651553e+00
1.954102612712013354e+00
4.731528659024292871e+00
5.107408275493231509e-01
2.063757786782930204e+00
3.909893170467254375e+00
2.350106517518995908e+00
2.549699605265766333e+00
9.798230065674521372e-01
2.380600305005347472e+00
3.328796536156358066e+00
1.837693124312914872e+00
4.110692191662257855e+00
4.357136691528634032e+00
5.600975429906248637e-01
1.103075613483193829e+00
3.569464607322248018e+00
4.444454612004764549e+00
4.284835416033015321e+00
1.216535185159135946e+00
1.428065638619388622e+00
4.043337601804066317e+00
2.543897413294032184e+00
2.785880121725342828e+00
3.968786233587689338e+00
2.029350963597002178e+00
2.750950078851049918e-01
3.354016183020552599e+00
2.238265299332402147e+00
2.555373588864219503e+00
2.828232141198865346e+00
1.355310223271135817e+00
5.463846012259961915e-01
2.993890527223735720e+00
1.317320098184907806e+00
2.879475998729150721e+00
3.349795403882468214e+00
2.317213049553743520e+00
1.784462479369439691e+00
1.925085890980406944e+00
3.595991212317178332e-01
2.503863202663333176e+00
1.091704478979991899e+00
1.242354100505719039e+00
2.162476301575138926e+00
2.523986908332897627e+00
2.059180404100527273e+00
2.598763342271136700e+00
1.057114223213624804e+00
1.702570015859107722e+00
3.067665758424232170e+00
2.320594366146151444e+00
4.262835198321398344e+00
2.151770365677697860e+00
2.826919421716479253e+00
2.286302614404302158e+00
2.626620391024645507e+00
4.756684410042495870e+00
8.335150298340607833e-01
1.873828932287111781e+00
1.344025087360745774e+00
2.530629167460402229e+00
3.484166285204125302e+00
1.859531018511385803e+00
1.798601602725844684e+00
1.252988003889470958e+00
2.657741183047263700e+00
1.090900181683242876e+00
5.459768337524961268e+00
1.331738921832128053e+00
2.816558593848682790e+00
2.135326138957309272e+00
2.385295426179899092e+00
1.318137744836491709e+00
2.942095006247695821e-01
1.261844504702918535e+00
3.243616182524779123e+00
9.998334456588363617e-01
2.527757592425545763e+00
1.785393524260338927e+00
2.055665578560345264e+00
3.280657098733528620e+00
1.106709601714734204e+00
1.702446268655387396e+00
4.170753270789365530e+00
3.231891454857662715e+00
3.621351643149150590e+00
7.493856779580673200e-01
1.887189782468949417e+00
3.729019894523938561e+00
2.751603991043520825e+00
8.264129929580718681e+00
1.113031027640360549e+00
3.162152528210115054e+00
5.299377470065639528e+00
7.522507477229499528e+00
2.263511122594832337e+00
7.691030499129765108e-01
1.506347513211205857e+00
2.183500035108987714e+00
2.110707646908705382e+00
1.515556527746836135e+00
2.656938944098202082e+00
1.961173574455240320e+00
3.626069737921229663e+00
3.864957933333515783e+00
2.793921630677175916e+00
1.151642585382858908e+00
1.582899851470763508e+00
3.072790829627626508e+00
2.591016360818458875e+00
3.060781602591380768e+00
2.333916857183814919e+00
1.600819180758790816e+00
4.415457761256574187e+00
4.658614159709388858e+00
1.324257452821511860e+00
1.027584617441538617e+00
2.355466264509574970e+00
3.301742309642763828e+00
2.931265259173390092e+00
1.772401004550278714e+00
1.606523839553519295e+00
4.425995374726428011e+00
3.198177626879322499e+00
4.147085434240597834e+00
2.882004387093796360e+00
2.264544275020702546e+00
3.162994911334624959e+00
8.883164476972178036e+00
2.457798199527534422e+00
3.185925701773316021e+00
1.696528147431176636e+00
1.664127745972095340e+00
7.512269066765788317e+00
1.100199149841002644e+00
3.101656130516702969e+00
3.026935468916300387e+00
2.148401077194098896e+00
2.613936502477845369e+00
4.238882428492852128e+00
1.698763312673084558e+00
9.530431616008364637e-01
3.050971438243607059e-01
1.278901474711020780e+00
5.480587120800922918e+00
9.276948862112045502e-01
6.072283705030034895e-01
1.680409499858428246e+00
4.950306516141763424e+00
2.040289446603556822e+00
4.888590157347535659e+00
1.196190633532170366e+00
2.611251960427561247e+00
3.933467833915238909e+00
2.774362703226997962e+00
2.176019719810403874e+00
3.967010999797947246e+00
8.863725636412667086e-01
1.731470312814876067e+00
8.511754073146347022e-01
3.633293310579647883e+00
3.064110530931313470e+00
1.978992156118758228e+00
1.225255480157562138e+00
9.960528026966058990e-01
4.938687318662562831e+00
2.627285461541387424e+00
9.107658137230341122e-01
5.409245961277269199e-01
4.769806958820241860e+00
1.104663434142513889e+00
1.130741590975583133e+00
1.575667252487689129e+00
3.115128834782225020e+00
1.896800138364172827e+00
1.399794091659310347e+00
1.253104247264759774e+00
1.463922352879736266e+00
3.637857597825944644e+00
1.617193762728392770e+00
3.505026792774422528e+00
2.313685215993143807e+00
8.627299042166692189e+00
1.509855657569057596e+00
2.576702157195598808e+00
3.017506950064111848e+00
1.662120923510078008e+00
1.705507931112734576e+00
1.409568512331005774e+00
2.036106532441764649e+00
2.886610516754066325e+00
3.801893315188925371e+00
9.937605851920526812e-01
1.715747843313305321e+00
2.367132988840916497e+00
2.893203442799900493e+00
2.974008481798442460e+00
3.308090917885248561e-01
1.515713849209449737e+00
1.161036380137669966e+00
1.771454926391861529e+00
3.648587234844401728e+00
4.141830327556169422e+00
3.677684432342506859e+00
1.693025768932936881e+00
5.026249373998405989e-01
6.280828511255378110e+00
4.108683536729408559e+00
3.844110113300883924e+00
6.389241091378659476e+00
7.308234013793261097e-01
1.065288957417473537e+00
2.166209312080221938e+00
7.642428914068132295e-01
1.698239799683514573e+00
2.013874092002359451e+00
2.725623466380200810e+00
2.881100052864220995e+00
3.024810920199255460e+00
4.088437485484265999e+00
2.808010843271463219e+00
3.301033720949752226e+00
4.353526271423469929e+00
2.094448038954907165e+00
2.599372318575159824e+00
8.619286164907689063e-01
1.596096602448595414e+00
5.171645537377417945e+00
6.537045295876527939e-01
6.266403165757848948e-01
1.108469055999973918e+00
3.065960375516800784e+00
1.541297041033470094e+00
6.093874240932405151e+00
3.028312036182669420e+00
2.680897041985749851e+00
2.157047993319240131e+00
2.218010570725252872e+00
2.547068259257665446e+00
3.309571138025840131e+00
7.887130533544205457e-01
2.487429782030725178e+00
1.866075638063372955e+00
1.862224330762268565e+00
3.099293128147870391e+00
3.002488881384481445e+00
2.482615281261012719e+00
3.023435159722571708e+00
2.504759073605116182e+00
1.896464084074533929e+00
1.013795771182232963e+00
3.022391546245080107e+00
3.210807252820375712e+00
4.364742016815532644e-01
2.221839843348710097e+00
1.885466928696233557e+00
1.559456594371997795e+00
1.878334956173457027e+00
6.781898301427958797e-01
2.897716867989409195e+00
3.007528689909549247e+00
2.453056653434891654e+00
2.313780130449921923e+00
1.331642608220679369e+00
7.853617302199141781e-01
2.535226854744660141e+00
2.348823535311779231e+00
4.658063827387936229e+00
1.180705969837930747e+00
1.477158548625070011e+00
1.657745730277037088e+00
3.379231942483051032e+00
1.355871111785985184e+00
1.139399875591970757e+00
2.284425583804702065e+00
2.009453850548340803e+00
9.506057666894600633e-01
5.323477053152385619e-01
3.871126666902446889e+00
1.554173692918367156e+00
3.445550579998278629e+00
2.584726487291773456e+00
1.500229350277308971e+00
4.082628612170766225e+00
3.099344447001907810e+00
7.511082908622597643e+00
6.064721587768949762e-01
2.429844604156158550e+00
1.406462013971751190e+00
2.649307444176988824e+00
2.707151961503881488e+00
2.109753189343999136e+00
1.227289098807538226e+00
3.571937307461567901e+00
1.896746784983610157e+00
3.301647055387056717e+00
1.841690851985192667e+00
3.030441130740837430e-01
1.843026821161970030e+00
9.900886680609241042e-01
2.662021376354430036e+00
1.675844155521697409e+00
1.283051766899951485e+00
3.490886196958526977e+00
4.354186956151576915e+00
2.940105962202166801e+00
1.297925557824696874e+00
1.708921141038251879e+00
2.453712148692485329e+00
2.525345302836754069e+00
2.276462550662292639e+00
1.443381648348935675e+00
2.215468133611464552e+00
1.078034056179625055e-01
1.726183295653300975e+00
1.568741130401254624e+00
4.212664770557686289e+00
1.460040834778240981e+00
2.778753605518255565e+00
1.850241563583885807e+00
1.757403926347800960e+00
3.095363871919401877e+00
1.098554947002366999e+00
3.211608815639282799e+00
5.812791533900960594e+00
4.585937630336498927e+00
8.867571560649707418e-01
3.718325598736345050e+00
1.287911604295229884e+00
3.305718861124427921e+00
7.072151987517381055e-01
2.579445244534463555e+00
1.764620635595897324e+00
2.071824483418934548e+00
2.127768967031955949e+00
1.534965758302943017e+00
2.107236815535422636e+00
3.445538591473477297e+00
5.405003359627159831e+00
3.703850265941540432e+00
2.622890334190297601e+00
2.320653840639317345e+00
1.345794775412347377e+00
4.635331636450146786e-01
3.145337827225797245e+00
3.100712959884483588e+00
2.806048226177171756e+00
2.994581566902158709e+00
4.576900740360610342e+00
2.173243054720122469e+00
3.445581865106103869e+00
2.039412190854537510e+00
3.021432130137295502e+00
3.937675752380930039e+00
1.759709541176126546e+00
1.917828558465965783e+00
3.592477568238232610e+00
3.406571451884106594e+00
1.829892411764829196e+00
2.580644697003518395e+00
1.596283008078821286e+00
1.238459533169445015e+00
2.120872437069584393e+00
3.383841814021125938e+00
2.607830451697486840e+00
2.245600209934240254e+00
9.421345497949962233e-01
2.220798438597048730e+00
4.918817799275672975e+00
2.425431687297764594e+00
1.506843008481966395e+00
1.468277763588680118e+00
1.781377967314998756e+00
1.834838474022082666e+00
1.886185768334563528e+00
2.187939709035937597e+00
2.127569448418797637e-01
1.438239359659925665e+00
2.718649710808127562e+00
2.048796689007311933e+00
2.205328285240782726e+00
4.429707590814963680e+00
3.667231994683235463e+00
3.715301335196839805e+00
3.422942145738602004e+00
1.131898574449035522e+00
6.222754419770695211e-01
2.210639963082295267e+00
1.577091473282423939e+00
2.888449468669192832e+00
5.268979022724509242e-01
2.140585526353806500e+00
6.522966850777540238e+00
1.949539601935447841e+00
1.964932442587155714e+00
1.377768116325877923e+00
2.084876828037451446e+00
8.994467697991941346e-01
1.478429217094939352e+00
3.449925349917932316e+00
3.431478774014533606e+00
2.877486210407933509e+00
9.987854288177524520e-01
1.620762126390177249e+00
1.833186194421483783e+00
1.437001533692676913e+00
1.373364312517002750e+00
1.527807092156931335e+00
3.333458877815852262e+00
1.629709086535919171e+00
2.906453981366218464e+00
1.554646820270838337e+00
1.455231506341212011e+00
2.411145824599833620e+00
1.659239692265689126e+00
2.374834093543221059e+00
1.105186565099294249e+00
6.177625922644888190e-01
1.406835240720915259e+00
2.361371650941408440e+00
2.004710610429707884e+00
4.449755976384035527e+00
9.282347526179068886e-01
3.047049398210954774e+00
2.926369755055401978e+00
9.730939548692367325e+00
3.736467369342349798e+00
3.884551327037791602e+00
5.686165086920918377e+00
3.131353499851582622e+00
3.959707140589154406e+00
1.508334321805273159e+00
2.553597153452896062e+00
4.330473141645491353e+00
3.511715687863346869e+00
2.118320043758586291e+00
2.718053976857504050e+00
2.360230426819173388e+00
3.387385047297435836e+00
2.433236343022126658e+00
1.894309558416367167e+00
2.458171450067633046e+00
2.819050258507801665e+00
3.367740312115286461e+00
2.090697486796613269e+00
1.663572612954061114e+00
7.093437243781051116e-01
2.377747848868235980e+00
1.605592874250330260e+00
1.232654640525349121e+00
1.942739618145250757e+00
2.817388568501373314e+00
9.223816061328222737e-01
3.346524505102493663e+00
1.131160247045415845e+00
2.126778777621372907e+00
4.482868885336531717e-01
1.456424743119098197e+00
2.035377551853783995e+00
2.097895556675304363e+00
4.926773858539339912e+00
3.535439178565644269e+00
3.738704993049196901e+00
1.034020560543981615e+00
1.379497687514601223e+00
1.646557415017392501e+00
3.583589171207282043e+00
1.409179816305054622e+00
7.915191363734537244e-01
4.442221478193582485e+00
9.488882523455232088e-01
3.660787829514086766e+00
4.034996972867927134e+00
1.916318731099337258e+00
1.003877039665131932e+01
4.558511983350339136e+00
3.164607029471582234e+00
1.345128942577709541e+00
2.544428898249122106e+00
2.750377053942997474e+00
1.284512836887600651e+00
3.321955198344978211e+00
2.148054575121018051e+00
1.113326295918385167e+00
1.144119894764038303e+00
1.952864493460433337e+00
2.353109017724864138e+00
1.642431437454285437e+00
6.008272193135286265e+00
4.077014940349815042e+00
1.257780307119554353e+00
2.858500566565494339e+00
1.414242984358783373e+00
2.057140677601601464e+00
1.904699217993655935e+00
2.313392223293018635e+00
4.611221687956102322e+00
1.549661300194298708e+00
2.178341734193575796e+00
2.578041983105896051e+00
6.562571326059429833e-01
7.691021571253577882e+00
2.388529240905646223e+00
4.173436570450031802e+00
5.040481795993007275e+00
1.040257344851889476e+00
1.668298972151204262e+00
1.948493781116864332e+00
3.364186288753120646e+00
2.192969603617918928e+00
3.299445654860103438e+00
2.016321085088894183e+00
4.705196003221380763e-01
1.227131940773206420e+00
9.357788177006888253e-01
3.131391601527100388e+00
8.627548627912513535e-01
7.568828701501389977e-01
2.301982645667178584e+00
2.953585768043640591e+00
2.738614984371035455e+00
5.334641789315031080e-01
1.929262057931492524e+00
2.107018438113158698e+00
1.635880922270544158e+00
2.548460638474031814e+00
2.356469016579736842e+00
2.099130738269909369e+00
1.748086717105857169e+00
2.994455837942011200e+00
1.061487826793980638e+01
3.757454970465976984e+00
1.365787869177767844e+00
3.174903880143718382e+00
2.085033376066578903e+00
2.272211645448071415e+00
1.546366163537842509e+00
2.577373544003778161e+00
3.503867495200346127e+00
2.499196789739420943e+00
2.040106602162675475e+00
1.896076745242634365e+00
2.812532640957704722e+00
5.937802883084919436e+00
2.647962808174928462e+00
8.534797427523306723e+00
5.336641777074507154e+00
2.370587218607766555e+00
2.811087682571390634e+00
2.799693260539376727e+00
1.811392329325836048e+00
8.505025395967792390e-01
3.510009696705779447e+00
3.139085340233130350e-01
4.583238502588561580e+00
1.973143968842174134e+00
1.227604013288814855e+00
1.249310435579681799e+00
4.160355734363220037e+00
2.461921076435378719e+00
3.293407418504180395e+00
4.216215838365829249e+00
2.382841872032610553e+00
7.810540420920081495e+00
1.143426667442669853e+00
1.492594303570324410e+00
4.473017352232116828e+00
3.913991840373598929e+00
4.645325459480594610e+00
4.526882623834092456e+00
2.448593887428167637e+00
1.898121685713113571e+00
1.178935425563842898e+00
1.876329161152186620e+00
1.588491004873345380e+00
3.255518775849735924e+00
3.346062632087265509e+00
5.504770678960621666e+00
1.866362094056059018e+00
3.606596508320205619e+00
1.920478351186221122e+00
2.932816417385706753e+00
2.027209742494530342e+00
3.470307236517130356e+00
2.253984066204893555e+00
2.799043053730722264e+00
4.706227688723124913e+00
1.039092812125405274e+00
1.977175781931256537e+00
3.109441791566688984e+00
1.270074876753831683e+00
3.887030319095027497e+00
1.683870351430420076e+00
5.153957872467366030e+00
1.312713016312740066e+00
1.673657169243380816e+00
1.802184905510983981e+00
7.454360850219328150e+00
7.090364250981475713e-01
3.044443087650595126e-01
8.942270565858504439e-01
1.080763022400170970e+00
4.929409231036422590e+00
2.358044767241051609e+00
9.825271043509072655e+00
2.391865221552786469e+00
1.560614398676391845e+00
4.692317695548103629e+00
1.265709094167604354e+00
2.840239094834240863e+00
6.902475960075971084e-01
6.740831282590783458e-01
1.404107861268153679e+00
2.207775453802964361e+00
7.223728864088804436e+00
6.031211852059208400e-01
1.555065524450866210e+00
6.197021612090497733e+00
2.741026049774636153e+00
9.409943654693578852e-01
2.584288552132754990e+00
3.556953301490773711e+00
3.114750965196780186e+00
1.492720957386029390e+00
4.363597347706928531e+00
1.379638147189147457e+00
3.018548949645957435e+00
2.851422581627184538e+00
1.005553174274088635e+00
2.899911306942214217e+00
2.338309690644218897e+00
2.100781720861416346e+00
1.159456850162555730e+00
1.847958917290378089e+00
2.263499778513791139e+00
6.356836688050725437e-01
2.261850398904892145e+00
6.199580673563743538e+00
1.729836958390880586e+00
2.585666578939037397e+00
1.028928204770867083e+01
6.724883518089960210e-01
2.436147620255814772e+00
5.713417090651584651e+00
4.021930531457651448e+00
3.289802481797048372e+00
2.014152956880168599e+00
3.284352242682823331e+00
2.173661760082203909e+00
2.054991760542695722e+00
3.005810901054470019e+00
9.565294514539537385e-01
3.350110781630945223e+00
1.131630951076681102e+00
3.340615483376408346e+00
3.419296992789036427e+00
2.326333974321406206e+00
2.146600993795464873e+00
8.827979211887529987e-01
2.305093029558749507e+00
1.565499137649277950e+00
6.400970962743989245e-01
4.078149896416624287e+00
9.811368932572073209e-01
3.329157742971813327e+00
3.699558791083990439e+00
3.311141400387171529e+00
3.083903410694453839e+00
1.990373081092203122e+00
4.705522963408315995e+00
4.196983334766574814e+00
2.638269245235326022e+00
2.401225219798657218e+00
2.460964585339519228e+00
1.635266611001212178e+00
2.745342136836971925e+00
3.042531004891428470e+00
2.189531875474999278e+00
2.921640938956467703e+00
2.239598944280071002e+00
2.005147098477779277e+00
1.850654724644726246e+00
2.212754457918510109e+00
6.609656967327554034e-01
2.174149337686754002e+00
1.921510896253864509e+00
3.271452320598108088e+00
9.737662988878436066e-01
3.332710839901335209e+00
2.731514459059450672e+00
1.162976515776409148e+00
9.893487383604290253e-01
2.325906910894642188e+00
2.228124503415370938e+00
2.948262237870054481e+00
9.164624411095139145e-01
1.059939579494099338e+00
9.338826627180932816e-01
2.830391117028582038e+00
1.493557512473257409e+00
2.046900636888138614e+00
1.055116807726605765e+00
1.774275377479073823e+00
3.146872170482000630e+00
4.868355110809428510e+00
1.400825968632232410e+00
9.874464201276508257e-01
2.504551994473275034e+00
6.668163488153950880e+00
1.540856887410455123e+00
3.250910092908531723e+00
2.116883417640560872e+00
9.537191361993564431e-01
2.038677328882506856e+00
1.338148147973263535e+00
2.593654117835304085e+00
1.938972567419978921e+00
2.255119520850513481e+00
2.001032020422525148e-01
1.938160878652885222e+00
2.395679606818155172e+00
1.625919628154614216e+00
4.327502291109083465e+00
2.503960770203006447e+00
9.265549633252517792e-01
7.260032323219204331e-01
8.689317178799242924e-01
1.818670525204857391e+00
4.791834389534557204e+00
2.608479308961574539e+00
4.469959107157936984e+00
1.467383885218809914e+00
1.333792491328249730e+00
5.883827575622990746e-01
1.989274993035866634e+00
4.528904019102799161e+00
5.901158001964146749e+00
2.319698533333660606e+00
