R_BNS_over_R_NSBH,weight
0.7367287627735839,0.00025
2.0540171639666145,0.00025
3.4033393171798543,0.00025
3.1919173216581544,0.00025
0.520642577062171,0.00025
0.5035868857616946,0.00025
0.29232191940534913,0.00025
1.8944340074318806,0.00025
1.1344375265189692,0.00025
1.9519569691830443,0.00025
1.3665297174128546,0.00025
1.8153283113698273,0.00025
1.300685122777864,0.00025
1.069247096533121,0.00025
1.7791523111429248,0.00025
0.27383161998993405,0.00025
0.5018102092635419,0.00025
3.775709001439759,0.00025
0.9725904290903462,0.00025
0.18775337039808462,0.00025
1.1727592586951094,0.00025
2.9145709785589933,0.00025
8.093185941554584,0.00025
1.6237458679132182,0.00025
0.48020847773795833,0.00025
0.9940970417421202,0.00025
0.7335969073728604,0.00025
0.9098759691316339,0.00025
3.3250404180865227,0.00025
2.0124143325652843,0.00025
2.832694070117133,0.00025
1.233071262845658,0.00025
0.5648446275838046,0.00025
0.24677026662476553,0.00025
0.38598466488607724,0.00025
0.6099981234795929,0.00025
0.5842242439907619,0.00025
2.3009170067618077,0.00025
1.0986099920730312,0.00025
0.18977531017937793,0.00025
7.130337940985048,0.00025
3.7621000945688823,0.00025
1.7653803942719302,0.00025
1.1286121820055135,0.00025
0.7041345188587903,0.00025
1.419596989394644,0.00025
0.7092831981419127,0.00025
1.3786907488853022,0.00025
0.7141812490590377,0.00025
1.7309709812515848,0.00025
2.8747728461008615,0.00025
5.104039921723452,0.00025
0.2476981831855745,0.00025
1.8636013741453408,0.00025
0.7903264746746795,0.00025
0.17128629350831567,0.00025
0.3000766377559056,0.00025
1.6099233395908317,0.00025
1.109284348657406,0.00025
1.7908262405726478,0.00025
0.9048337780251398,0.00025
3.277717884610641,0.00025
1.9807461278835619,0.00025
0.5600118398788617,0.00025
0.8372866830358277,0.00025
0.5489387652720873,0.00025
0.7046821776287829,0.00025
2.0943600610193793,0.00025
3.5826149340030073,0.00025
1.6110577833554625,0.00025
0.5385502559405008,0.00025
0.4657779421905083,0.00025
1.4425701543438416,0.00025
5.502421824718389,0.00025
2.2893813652529054,0.00025
0.37840210512580913,0.00025
1.9413559161395937,0.00025
2.5477945758294167,0.00025
0.775900787426171,0.00025
1.5778652460339717,0.00025
2.4743155667787886,0.00025
0.8406681119305547,0.00025
1.4041527625313854,0.00025
2.177828460413883,0.00025
2.0577001768737406,0.00025
5.330864380366604,0.00025
0.24521020020113307,0.00025
2.2551398187820744,0.00025
6.627951565623328,0.00025
3.86279928708371,0.00025
3.161108515491192,0.00025
1.949890684191544,0.00025
6.677503208755174,0.00025
1.0041787862780316,0.00025
0.3435361186770763,0.00025
1.3252393407942842,0.00025
1.3088584108660803,0.00025
1.7829558160376435,0.00025
0.46017727980798423,0.00025
0.6387672609535362,0.00025
1.1477302207655737,0.00025
2.0176878335701716,0.00025
0.466216235399674,0.00025
3.249153574388335,0.00025
5.9907546607574425,0.00025
0.79401833560673,0.00025
0.8850976707818493,0.00025
1.8468598772109375,0.00025
1.9856512279065923,0.00025
0.3509274870544578,0.00025
1.6458512712918623,0.00025
1.6023551812277637,0.00025
0.857016083467972,0.00025
1.8542400099988026,0.00025
1.543632309531209,0.00025
3.448350888479249,0.00025
1.5947325062951814,0.00025
2.011500736815408,0.00025
0.6424252824586426,0.00025
1.4220160643725828,0.00025
0.47301229618977303,0.00025
1.1543349675469359,0.00025
0.5135948311363965,0.00025
0.5246781750489679,0.00025
0.8867328292578817,0.00025
0.9786912372815121,0.00025
1.0191418131585395,0.00025
1.3245787174358918,0.00025
2.8315298210966993,0.00025
0.20936173465539445,0.00025
0.36289380732350945,0.00025
0.6120437897983732,0.00025
0.7367546473578055,0.00025
0.8406969896809284,0.00025
1.3292330443468736,0.00025
0.5471913092401766,0.00025
0.8314438092245646,0.00025
5.996975459333019,0.00025
13.495683248520965,0.00025
1.500584228089259,0.00025
5.821774417934344,0.00025
5.155753827340025,0.00025
1.3707800642680021,0.00025
1.582725692730272,0.00025
1.0416252368327692,0.00025
1.247408816549155,0.00025
0.7411823401800344,0.00025
2.077767739262289,0.00025
0.36928112038861505,0.00025
8.31164246474503,0.00025
1.3114589756574397,0.00025
0.7132941732207376,0.00025
0.4250790790774484,0.00025
1.3615032546770147,0.00025
9.911410521009032,0.00025
1.964847721780302,0.00025
9.933145647202812,0.00025
0.34149870119234493,0.00025
2.0017767299926716,0.00025
0.22529745238265783,0.00025
2.7967756308496057,0.00025
0.8995161227997502,0.00025
0.29606337539169786,0.00025
2.2435093232042482,0.00025
1.4253367150679321,0.00025
2.4443298532698337,0.00025
2.4173413382781224,0.00025
0.3581912170843403,0.00025
0.6844206607788803,0.00025
0.1390789833940169,0.00025
2.590307823499994,0.00025
2.7152081385866227,0.00025
0.6630009327345682,0.00025
1.4384229545178284,0.00025
0.3840963251654825,0.00025
0.6645451064154747,0.00025
0.4914495196956135,0.00025
0.6897351425447468,0.00025
5.705603461456931,0.00025
2.114778694259427,0.00025
3.3655125888635995,0.00025
0.6955269377451647,0.00025
2.12416825598048,0.00025
0.4258275499961392,0.00025
0.6128751411688372,0.00025
0.42238252256428216,0.00025
0.8406612727167865,0.00025
0.7605090314979749,0.00025
4.088454137479493,0.00025
1.2446538855335036,0.00025
1.6888200713477126,0.00025
2.234825818070684,0.00025
2.0111670871453495,0.00025
1.300900615165279,0.00025
2.0846042702682612,0.00025
3.101055789147098,0.00025
1.2928483181893515,0.00025
0.454287365069492,0.00025
0.29073708970731593,0.00025
1.3459674028636923,0.00025
2.089856066578876,0.00025
2.817534008323501,0.00025
0.6790708333123512,0.00025
0.5705354054100574,0.00025
0.8773345544048685,0.00025
1.6375678310558335,0.00025
4.12590338030338,0.00025
0.9252914813954018,0.00025
2.6270418579378583,0.00025
1.840410200261419,0.00025
2.0795206058898663,0.00025
2.470493221570126,0.00025
1.915623598685891,0.00025
0.40602861365231413,0.00025
1.547268414138638,0.00025
17.493675345093717,0.00025
3.5060506054389937,0.00025
2.7000711795857444,0.00025
1.511599874449434,0.00025
1.3912427010475454,0.00025
3.27758555416151,0.00025
0.9993355691758699,0.00025
0.6838523302325427,0.00025
0.9069428062086003,0.00025
0.2921016383016903,0.00025
0.7590679026672817,0.00025
0.6968463793012298,0.00025
2.306512090638059,0.00025
0.66536814301703,0.00025
1.3706339315280842,0.00025
1.931716970833961,0.00025
1.151766528451174,0.00025
0.8969070012007051,0.00025
1.3331200697242949,0.00025
2.04224522088824,0.00025
3.426714311063526,0.00025
0.7274303795551391,0.00025
1.7840006087400164,0.00025
0.7914519684046749,0.00025
0.22203139463187918,0.00025
0.5721486091192771,0.00025
0.4356897277571603,0.00025
1.2383875132994644,0.00025
0.30898484188468817,0.00025
0.631174596357879,0.00025
2.135390600151473,0.00025
1.4691467435565897,0.00025
0.7480933020791306,0.00025
1.1552534769825435,0.00025
2.9637883773490574,0.00025
2.2621957728641933,0.00025
1.1842940284437298,0.00025
0.48929754409631876,0.00025
2.2433119842212315,0.00025
1.8676322295712795,0.00025
2.138766878296002,0.00025
0.4132770016625407,0.00025
1.849889548395806,0.00025
0.954230166389928,0.00025
0.8148128999757948,0.00025
0.5729359693028104,0.00025
0.428798211640029,0.00025
0.9899215998563592,0.00025
3.6232417817207168,0.00025
1.8570537760972412,0.00025
2.080291514085104,0.00025
2.829431232079711,0.00025
1.534128075008403,0.00025
9.084407580940663,0.00025
0.7092677967358509,0.00025
0.9085768088436156,0.00025
1.2332400244234818,0.00025
4.929752541203882,0.00025
0.908986399960878,0.00025
0.6807916230874284,0.00025
0.5125921881386082,0.00025
0.3508113569630776,0.00025
0.5280505278040276,0.00025
1.3482360867920933,0.00025
0.8489692690151374,0.00025
1.3359975056750932,0.00025
1.1483816570277925,0.00025
3.1157662415666723,0.00025
1.5580685242260985,0.00025
2.6410494639652335,0.00025
0.9749140400415909,0.00025
0.5154158449757081,0.00025
1.6848940268869461,0.00025
0.7187626541456635,0.00025
1.009222957231764,0.00025
1.4620029974691384,0.00025
2.1569971968676573,0.00025
2.158226224877048,0.00025
3.819460393514182,0.00025
1.549435665190586,0.00025
1.9014728129467695,0.00025
1.2789872949050503,0.00025
1.3526202975674866,0.00025
1.141612419650823,0.00025
1.111048856960364,0.00025
0.9636382698476678,0.00025
3.7552889295765772,0.00025
1.3160479500819051,0.00025
1.6108547395283692,0.00025
2.1810184442146183,0.00025
1.3726190135291658,0.00025
3.0816437259330285,0.00025
3.912251379856184,0.00025
1.2511422883235586,0.00025
1.4856015768958708,0.00025
3.1652175429409826,0.00025
0.7026860011811489,0.00025
2.9915651254651077,0.00025
2.9310683817041165,0.00025
1.1468375377377555,0.00025
0.521080472754429,0.00025
0.672201471539065,0.00025
3.1605985036069084,0.00025
2.2767170074589607,0.00025
1.4799702994936117,0.00025
3.91724890942321,0.00025
3.1286338137451435,0.00025
3.2814559347697965,0.00025
3.285344719425606,0.00025
4.5542591269271995,0.00025
1.836890363809499,0.00025
2.099663005347355,0.00025
2.6228015305662438,0.00025
3.9303672280744104,0.00025
3.962489484115364,0.00025
1.0074578873351667,0.00025
0.904515354289558,0.00025
0.5199457410841323,0.00025
0.7006423311870625,0.00025
0.7065885437547041,0.00025
0.9184051055548197,0.00025
2.6723477818686074,0.00025
4.349176955623138,0.00025
1.4404108339982347,0.00025
0.8831791273370624,0.00025
2.2646574915052238,0.00025
2.187739205128577,0.00025
0.9292954609043812,0.00025
2.6385732305862963,0.00025
0.8870537738745466,0.00025
0.6701111919042771,0.00025
0.9753178928819686,0.00025
2.55484316226404,0.00025
0.6747095271928077,0.00025
2.025329436129971,0.00025
6.404634769107534,0.00025
3.6735148006830878,0.00025
0.9952853588016867,0.00025
4.099096132605008,0.00025
3.2422893296934228,0.00025
7.871367887387356,0.00025
2.5287521083737943,0.00025
3.4468623238948704,0.00025
0.8973360672297381,0.00025
0.6812513850902734,0.00025
0.7602392226946644,0.00025
0.653118336855229,0.00025
0.8150270721188918,0.00025
0.7116057876137543,0.00025
1.0659871852885974,0.00025
3.1478469523725403,0.00025
0.47275258157069255,0.00025
2.1394621690156574,0.00025
1.8480524283284583,0.00025
1.5945966780633316,0.00025
0.35157191302251767,0.00025
1.8427192536327341,0.00025
3.7508888072566084,0.00025
1.9594067317467732,0.00025
1.42499266933223,0.00025
0.28444804220158726,0.00025
0.37604024921588036,0.00025
0.42019127300144443,0.00025
3.020867225030837,0.00025
0.4290473297590517,0.00025
0.8367455422511381,0.00025
0.6283468716264466,0.00025
0.9891791995848328,0.00025
0.2857024635350275,0.00025
0.8122322845544244,0.00025
0.8610431998749932,0.00025
3.4662223652254767,0.00025
2.4787784672193394,0.00025
0.6165978965858818,0.00025
0.5685360481690978,0.00025
3.174606415729816,0.00025
1.4493606755649564,0.00025
1.1239144321797874,0.00025
0.8773236517689478,0.00025
1.312319588291053,0.00025
1.824126034404418,0.00025
2.246502893534229,0.00025
0.9075725834821096,0.00025
5.198060651267201,0.00025
3.524929382753655,0.00025
3.914944794093775,0.00025
0.8550633366658504,0.00025
0.49431747000419907,0.00025
2.9921416634518607,0.00025
2.3927308607532387,0.00025
0.46701095027741224,0.00025
0.3458015418399418,0.00025
1.0256605716552487,0.00025
0.6718776304336447,0.00025
1.5762137922899708,0.00025
0.4002317262010404,0.00025
1.1562409221333054,0.00025
1.556075567900373,0.00025
1.0538572803554809,0.00025
3.9453496365384604,0.00025
1.0081229802226925,0.00025
0.8460627582547793,0.00025
2.1029817871221765,0.00025
2.6368666514568417,0.00025
4.513122207893904,0.00025
4.858153061076585,0.00025
0.35365532264871835,0.00025
1.111194719058424,0.00025
1.1163901614432474,0.00025
1.1155206164564941,0.00025
1.0670949438563642,0.00025
1.3868321025964692,0.00025
0.8799860912272304,0.00025
1.4455828886807098,0.00025
2.8655985199770937,0.00025
0.6351951681527092,0.00025
1.5210358327149676,0.00025
1.1972541011359863,0.00025
1.208967874544365,0.00025
2.1258672340651477,0.00025
6.1528451775425745,0.00025
2.6959957313284275,0.00025
2.2550345876858033,0.00025
2.5105104358527264,0.00025
5.906191179722553,0.00025
0.3466638007780594,0.00025
0.22451147247992398,0.00025
2.2124616592122544,0.00025
4.699258638120671,0.00025
2.1256095709116245,0.00025
0.91771760163754,0.00025
3.535851721140336,0.00025
0.9785429254592819,0.00025
0.8525465549830485,0.00025
1.1836783727135587,0.00025
1.4610985931684854,0.00025
1.0235653163299174,0.00025
2.6918197506950845,0.00025
3.003548206115343,0.00025
2.934030778067742,0.00025
7.74502991671439,0.00025
0.34330249771571236,0.00025
3.1277365348358233,0.00025
1.017132765317785,0.00025
0.7364482452292429,0.00025
0.6796722904685356,0.00025
0.8199352702990134,0.00025
2.2419668426323476,0.00025
1.8910364264551283,0.00025
3.5249533154824126,0.00025
2.3842369825534813,0.00025
1.3295359147939494,0.00025
1.3948005311581788,0.00025
0.6634637153442966,0.00025
1.9486033070576854,0.00025
0.8218526486728582,0.00025
1.4039141165296707,0.00025
1.2705674715461046,0.00025
0.562350591751546,0.00025
3.559317891507346,0.00025
0.40723746478859746,0.00025
0.9482042746349932,0.00025
0.17420800691544766,0.00025
1.4626082158823392,0.00025
0.41446880916275214,0.00025
1.5924043021450192,0.00025
0.8285012353763032,0.00025
1.7592117531555453,0.00025
3.6979917869855328,0.00025
2.9329032145596776,0.00025
1.7249952843849292,0.00025
2.4443601192577753,0.00025
0.6268215839326381,0.00025
1.2521170604520928,0.00025
0.7038979764464744,0.00025
0.7485711069921246,0.00025
0.6480546714188571,0.00025
2.1063911902018475,0.00025
1.6443321320690891,0.00025
0.582644512866666,0.00025
0.46516067107913983,0.00025
2.0202533293834652,0.00025
1.0182347487164691,0.00025
1.188199490896026,0.00025
0.25531498078037734,0.00025
1.4803963589917986,0.00025
2.437264547044933,0.00025
0.6722223589238348,0.00025
2.0535625266601185,0.00025
0.8508356638529089,0.00025
1.5276554973055785,0.00025
3.1483619755379633,0.00025
0.8647405885803685,0.00025
1.1022261542278031,0.00025
1.3806631619891225,0.00025
1.3272842514684262,0.00025
0.49394087557009014,0.00025
1.2474688014963276,0.00025
1.193648975910994,0.00025
0.3724628069868628,0.00025
0.8667472480682131,0.00025
0.562459620221034,0.00025
0.4881197751053002,0.00025
0.4785493846180266,0.00025
0.6062802207076244,0.00025
2.8971700609000144,0.00025
2.6558689771285406,0.00025
1.5243379095238014,0.00025
2.127805228472148,0.00025
0.4617184164890282,0.00025
0.8397640824381277,0.00025
1.0316628506648904,0.00025
0.7394015345467826,0.00025
3.962112640252492,0.00025
4.856938111686686,0.00025
0.9179190629547067,0.00025
0.5137692192822215,0.00025
0.8347624221748464,0.00025
1.1852647285016964,0.00025
0.5251395097770999,0.00025
1.4745580681942243,0.00025
0.9222954510637673,0.00025
0.31957005818247153,0.00025
1.3108885053547532,0.00025
1.5000951889158063,0.00025
1.557424110744681,0.00025
1.100106999033717,0.00025
0.546061543043261,0.00025
2.590578159689312,0.00025
3.154890431103886,0.00025
0.6850469323470867,0.00025
0.700911744331683,0.00025
1.0253743002308866,0.00025
1.8923391646380907,0.00025
1.167057116124951,0.00025
1.2368063462881043,0.00025
5.770287749613451,0.00025
0.8266345457319951,0.00025
2.0612661265388486,0.00025
0.6635727224040476,0.00025
1.61291579343705,0.00025
3.7276709047777707,0.00025
1.6752830055797234,0.00025
1.1396775042053409,0.00025
1.6127878577640797,0.00025
0.7732512422602514,0.00025
2.5267078172687913,0.00025
3.1648253857335877,0.00025
0.2668368293749481,0.00025
0.1383529176006395,0.00025
0.2655064513169689,0.00025
4.26437484791929,0.00025
3.1405551575936688,0.00025
2.8437191660471415,0.00025
2.458247289799221,0.00025
2.222147121362344,0.00025
0.5830419479446501,0.00025
1.1824621249424916,0.00025
1.846151594941367,0.00025
1.795080547159419,0.00025
0.29583124657476345,0.00025
2.425655751179152,0.00025
1.158706961476836,0.00025
0.9475416863530796,0.00025
0.9142890679225519,0.00025
1.8520272872761485,0.00025
8.0012828966259,0.00025
2.0932164387825507,0.00025
1.3611905130804853,0.00025
0.7437851874463516,0.00025
0.9052231056608948,0.00025
1.415056055382722,0.00025
1.9837536706160577,0.00025
1.4983062180257172,0.00025
3.5308815621695926,0.00025
0.6340733384274833,0.00025
0.6465267778146943,0.00025
0.4331525941711761,0.00025
0.46617020358421873,0.00025
0.7029180799911542,0.00025
2.4113210060031074,0.00025
1.3498636788373994,0.00025
1.676583469269162,0.00025
0.826473272369481,0.00025
0.9863834224473177,0.00025
2.054683589001298,0.00025
0.23045113709940723,0.00025
0.825717860424361,0.00025
2.6778542050110428,0.00025
5.302267307099662,0.00025
1.6779902271622262,0.00025
0.9437230683604665,0.00025
1.7027129412145785,0.00025
1.6818351927508997,0.00025
1.6525934587071631,0.00025
1.903636978933853,0.00025
2.300025326159286,0.00025
4.915698407008402,0.00025
3.6792603036009344,0.00025
3.45873433740335,0.00025
2.3134800093461187,0.00025
1.25997334231798,0.00025
0.33127604972477437,0.00025
0.7689831485738968,0.00025
0.19015160114283108,0.00025
0.5579932584785433,0.00025
3.739831002475226,0.00025
0.9556563669697387,0.00025
2.069299311799295,0.00025
1.6167205782589813,0.00025
0.778902273982915,0.00025
1.5791950393927898,0.00025
2.1529156044784,0.00025
1.6291733654120668,0.00025
1.6817689469082302,0.00025
1.4148680979460977,0.00025
1.0408965855470422,0.00025
6.973666199118398,0.00025
0.26595345552175986,0.00025
2.1657714560911314,0.00025
1.247682337050814,0.00025
0.610360520857652,0.00025
0.2805107128889978,0.00025
0.8933437795159342,0.00025
1.7237339701222687,0.00025
1.4604716809591207,0.00025
4.114972654566325,0.00025
1.8654085165198027,0.00025
1.9870710977828387,0.00025
0.3567370141688349,0.00025
5.666643306078342,0.00025
8.328288301270105,0.00025
2.1087024268052286,0.00025
1.082415107743975,0.00025
0.20767006309017252,0.00025
0.7551989480934014,0.00025
2.6059539800683127,0.00025
4.509880250007278,0.00025
1.5056898033317792,0.00025
3.0787260030724326,0.00025
1.189713222129997,0.00025
0.53233172838669,0.00025
0.4308455463958764,0.00025
1.9646716213677133,0.00025
2.227755121671831,0.00025
3.208591018056319,0.00025
6.909713163178461,0.00025
5.2737969647762295,0.00025
2.0757406226647994,0.00025
0.6472296725080955,0.00025
1.204491690359692,0.00025
1.361709825281185,0.00025
0.8612694773400282,0.00025
0.5266668310497713,0.00025
1.132180429950486,0.00025
0.3352560992520584,0.00025
0.6577107125519471,0.00025
0.7732571173351931,0.00025
1.2471196115089869,0.00025
2.810951353261499,0.00025
1.0325251700191467,0.00025
2.629679019137442,0.00025
3.754472551260069,0.00025
0.4322226254244977,0.00025
3.325780800711461,0.00025
0.8980928552993422,0.00025
1.5812211177420454,0.00025
0.7398755860057118,0.00025
1.4492098926888406,0.00025
0.5113097279904742,0.00025
0.8931843663743597,0.00025
1.4449564332732965,0.00025
4.687470451524646,0.00025
0.5149382182783964,0.00025
0.5890033918569298,0.00025
2.7932309150121726,0.00025
2.9316806171856196,0.00025
1.0560811489439423,0.00025
2.862272381720475,0.00025
2.9596092365806377,0.00025
1.5932137937503825,0.00025
1.6667434292127683,0.00025
0.5690114996786467,0.00025
0.3747557281372568,0.00025
1.7186737084181056,0.00025
6.944579030850976,0.00025
1.3841388958083933,0.00025
6.0892999774628365,0.00025
2.8364529453584217,0.00025
1.1290228483170206,0.00025
1.9388366323806243,0.00025
5.0797805079136,0.00025
0.9520417905632628,0.00025
1.0148187114359413,0.00025
0.7071807616119815,0.00025
1.1180235419512907,0.00025
1.8090470712715063,0.00025
2.507321412167339,0.00025
0.821608502260088,0.00025
0.7224105546073535,0.00025
2.0506685265305777,0.00025
4.739765189429355,0.00025
1.7347783069186857,0.00025
4.6994105780406805,0.00025
2.384446790132704,0.00025
0.805910875431513,0.00025
0.5823620969694999,0.00025
1.2208963382628797,0.00025
2.558654456903763,0.00025
2.6463034374471563,0.00025
0.2791128788257831,0.00025
0.4922712197353156,0.00025
2.6545941014706718,0.00025
0.659105325097066,0.00025
0.7713968431094479,0.00025
4.256140716254829,0.00025
1.1398890927605347,0.00025
0.6645287908399121,0.00025
2.0633205925605522,0.00025
1.1601873520648156,0.00025
0.5447788041927408,0.00025
3.26357935425139,0.00025
0.44959249697212716,0.00025
1.055094754118936,0.00025
0.20663436900345034,0.00025
0.8683089021720664,0.00025
1.2612476711682095,0.00025
2.412678218833705,0.00025
2.075784648700025,0.00025
1.261845026617785,0.00025
1.625889959810233,0.00025
8.00088719442958,0.00025
1.8053581233212737,0.00025
1.190388858424025,0.00025
2.9964036055512517,0.00025
2.8038003063301598,0.00025
2.112077328203346,0.00025
1.5883112030711493,0.00025
2.9147600159010745,0.00025
4.4030996879691555,0.00025
2.0414628900966787,0.00025
0.7971952155301363,0.00025
2.169103686153742,0.00025
0.8346613707076449,0.00025
1.0430248396138821,0.00025
2.778786804886984,0.00025
2.068609127359298,0.00025
3.3483054880352436,0.00025
0.5398911543730808,0.00025
0.2282078993113379,0.00025
1.3049381575546115,0.00025
2.1596622214246968,0.00025
0.4388109431675126,0.00025
4.304145356831184,0.00025
5.695302907294554,0.00025
1.3210862653635653,0.00025
1.23084273743315,0.00025
0.917618012588276,0.00025
1.625744896485459,0.00025
0.37953443679023574,0.00025
0.7380450676408707,0.00025
1.9414806752740754,0.00025
1.838968017261395,0.00025
2.579878912629332,0.00025
2.257897865240133,0.00025
1.814783017241362,0.00025
0.42312781865309224,0.00025
1.1410534461686053,0.00025
1.008215065217422,0.00025
0.5155832387781839,0.00025
1.2305066465492411,0.00025
0.6643316326883537,0.00025
0.7648239193396128,0.00025
0.7306070033085201,0.00025
3.612604658452308,0.00025
1.665901794414259,0.00025
4.845547025501467,0.00025
4.489451555192489,0.00025
0.3726232080804018,0.00025
0.3338756872821725,0.00025
1.1425516449608317,0.00025
0.7468462416103113,0.00025
0.975436177254778,0.00025
2.038621801765826,0.00025
1.2182177528785445,0.00025
0.5757311466325687,0.00025
2.7862087811292433,0.00025
1.975664402157584,0.00025
3.207529619772755,0.00025
4.099020830139533,0.00025
0.44118974844008846,0.00025
1.7944844824059052,0.00025
1.3721759193142482,0.00025
1.04943951001011,0.00025
2.661420477274567,0.00025
0.5469172471795997,0.00025
0.9229592336217532,0.00025
0.969362223462112,0.00025
6.829162657890352,0.00025
4.854229790975805,0.00025
2.7971365222315936,0.00025
1.540687476978242,0.00025
2.9029651831436682,0.00025
3.4993783099818505,0.00025
1.345503099080948,0.00025
0.6527692960178427,0.00025
12.65733207065128,0.00025
1.507327324955445,0.00025
8.66264520201653,0.00025
1.480321929551621,0.00025
2.0921278802728698,0.00025
1.969803380938338,0.00025
0.31841228217286444,0.00025
0.6010886766251147,0.00025
1.664131344629508,0.00025
1.7348329075218178,0.00025
2.240021748879585,0.00025
1.3702191027325565,0.00025
0.8267604723511526,0.00025
8.292676138603202,0.00025
1.7457412490413782,0.00025
0.589502837570435,0.00025
1.4602479275860396,0.00025
0.8875594415602122,0.00025
0.6029285537391872,0.00025
0.8940472205880605,0.00025
1.209359906083447,0.00025
5.053777269836136,0.00025
0.5815020856527273,0.00025
2.0453530743463353,0.00025
0.8395924452539391,0.00025
1.7852584341103268,0.00025
0.2788867275772533,0.00025
2.854369482469794,0.00025
0.6245335054387731,0.00025
2.041270411156526,0.00025
1.341154984640257,0.00025
0.662406096667579,0.00025
0.35114167383922174,0.00025
1.4227613197849767,0.00025
0.8088052827442589,0.00025
0.7071827450003023,0.00025
0.8224122483194684,0.00025
1.8256102231570361,0.00025
3.7922198918869667,0.00025
6.287086440386356,0.00025
1.5659622012744716,0.00025
1.2765342708221121,0.00025
0.976563992106475,0.00025
0.711018982255058,0.00025
0.5116168207214236,0.00025
2.5136897188272465,0.00025
1.140259105146607,0.00025
1.9363334781501564,0.00025
3.907882739644427,0.00025
0.3817000137810292,0.00025
2.1991800734781464,0.00025
1.233275963094839,0.00025
2.276756139091199,0.00025
2.20893317056803,0.00025
2.8506009741461598,0.00025
1.4992803527882088,0.00025
2.6303902912256594,0.00025
0.6270557044414454,0.00025
1.1293909611549635,0.00025
0.9991692747784623,0.00025
1.2820126603980107,0.00025
0.781903983276442,0.00025
2.0112191860642272,0.00025
1.4684767921481086,0.00025
1.4380326398519139,0.00025
0.6279172419341956,0.00025
0.8076927631694304,0.00025
0.6606648039190627,0.00025
0.26241353129941025,0.00025
6.172183292442254,0.00025
3.877781951350328,0.00025
2.7258995874733323,0.00025
0.6763255817986729,0.00025
0.38296277141529467,0.00025
7.1784171273012545,0.00025
0.8852823741560383,0.00025
0.5080082372854027,0.00025
0.40776249551959814,0.00025
1.292375396710803,0.00025
0.767708189561872,0.00025
0.572029795463354,0.00025
2.8269594545753898,0.00025
2.279568903536824,0.00025
3.1000340996866362,0.00025
0.8606532264864241,0.00025
1.4375962973815573,0.00025
0.6696683382748991,0.00025
1.0293726927212092,0.00025
0.7489342884757082,0.00025
1.7724747045494587,0.00025
0.9736969957486348,0.00025
1.9436174726231272,0.00025
1.0081775824935182,0.00025
7.198841693562415,0.00025
4.113201584461341,0.00025
1.3636946809164725,0.00025
2.2494567593086416,0.00025
1.1865014104671163,0.00025
0.6257741829681279,0.00025
2.1431196902970244,0.00025
1.9905179087846143,0.00025
3.3787293025942047,0.00025
1.4715222223855486,0.00025
10.01224958596093,0.00025
9.71296193183769,0.00025
1.745936614777406,0.00025
1.4323106562472214,0.00025
2.525826890367558,0.00025
3.745806089372851,0.00025
0.7473401500021533,0.00025
1.4791892881704927,0.00025
4.588898622807752,0.00025
4.1980802197883325,0.00025
2.9486171326550346,0.00025
0.3162535685050869,0.00025
0.11651382211747675,0.00025
1.8438429714384919,0.00025
0.6186970541195458,0.00025
1.361095811382219,0.00025
0.6522679904940822,0.00025
6.324656491012745,0.00025
8.445161309662598,0.00025
0.18471527919442007,0.00025
1.1599311309473288,0.00025
1.8909265426876816,0.00025
2.3615887220459606,0.00025
5.440973237302782,0.00025
1.5663223402746604,0.00025
2.595323052539857,0.00025
1.0786271501280944,0.00025
1.2761935542791671,0.00025
0.8406393443708604,0.00025
1.0019877891499864,0.00025
0.10426109535246282,0.00025
0.4599299166516991,0.00025
1.5067330115173323,0.00025
5.350075842107875,0.00025
0.4047308213973355,0.00025
18.64897336352711,0.00025
1.1882167766957283,0.00025
3.9351990867259787,0.00025
1.0245459090809004,0.00025
1.0144979676776267,0.00025
3.6928600445478943,0.00025
2.5723334863099,0.00025
4.783274391345332,0.00025
6.136771781326431,0.00025
8.16609472564863,0.00025
2.2697778154521258,0.00025
0.5171865378602345,0.00025
1.8311709636575515,0.00025
0.820470462939403,0.00025
1.4969182922001614,0.00025
0.7078521557307316,0.00025
2.02947870995598,0.00025
0.6347060452629812,0.00025
2.805152194431229,0.00025
2.3296209795779492,0.00025
2.5215320571586584,0.00025
2.5785842590082373,0.00025
0.2061655785691874,0.00025
0.6606762677261734,0.00025
4.896847987000163,0.00025
4.261848196456893,0.00025
0.8535213419936079,0.00025
0.5284630987941723,0.00025
0.473577986939705,0.00025
2.6553658716540416,0.00025
3.180981687691278,0.00025
0.8308674764447821,0.00025
0.7210762895651294,0.00025
1.4624224201312324,0.00025
4.783830147514867,0.00025
0.8267685372135841,0.00025
3.296207556010615,0.00025
1.2548849155187398,0.00025
0.9503505614821471,0.00025
2.5951434760859833,0.00025
1.6803336409784828,0.00025
1.533507955745953,0.00025
0.7241336291496117,0.00025
0.17376092056784082,0.00025
5.292444582909625,0.00025
3.488258602476626,0.00025
4.329908091568056,0.00025
0.29182424962670894,0.00025
2.8232987323233005,0.00025
1.1534677824519466,0.00025
0.8307986787572723,0.00025
2.1074727154563173,0.00025
0.8863598975876831,0.00025
1.310904084418009,0.00025
0.31653427941154605,0.00025
0.7089056762841982,0.00025
3.044368036059508,0.00025
2.120905699641894,0.00025
2.858004687175605,0.00025
0.8413183040755313,0.00025
0.7585445116966598,0.00025
0.3095382311127016,0.00025
1.462805956634427,0.00025
0.3884559873571242,0.00025
0.451839939820684,0.00025
0.2603447401018788,0.00025
1.8245694082015416,0.00025
1.3452640715530735,0.00025
0.34991847348686744,0.00025
1.058608212238705,0.00025
1.3933940689786437,0.00025
1.7845355536264011,0.00025
0.7789306930833216,0.00025
1.5075256177591096,0.00025
1.1137297706225673,0.00025
1.1465907621296538,0.00025
1.4195454202755637,0.00025
5.066079790892953,0.00025
1.1591018820632817,0.00025
0.9330168730022413,0.00025
1.0063686592565073,0.00025
0.327866895691532,0.00025
2.4921370139040144,0.00025
0.6894613683860499,0.00025
0.7073169543658422,0.00025
2.0209281408580786,0.00025
0.8947614979470022,0.00025
1.388488450967218,0.00025
3.167650514480731,0.00025
1.2480450230865137,0.00025
2.472430311565199,0.00025
0.8087963105117695,0.00025
3.3867423340975495,0.00025
1.0364820603211626,0.00025
3.750252380881574,0.00025
2.8375129266991763,0.00025
0.5859799883974496,0.00025
0.7078044412247455,0.00025
2.1394642770061316,0.00025
1.6200802595502313,0.00025
3.1025173793317653,0.00025
2.917726581643709,0.00025
1.4438234710693418,0.00025
1.574646797866893,0.00025
3.3009532909899764,0.00025
17.334891930879568,0.00025
1.2721483718366888,0.00025
0.6074107984192343,0.00025
0.7247556457929794,0.00025
2.3814716544980383,0.00025
1.7344801660433726,0.00025
2.651898107918613,0.00025
1.3374553579960031,0.00025
1.3296377973291689,0.00025
1.9844124349545742,0.00025
2.2759725916188045,0.00025
0.8784742255921368,0.00025
2.1110056267317514,0.00025
1.310361806076463,0.00025
0.33091381763363453,0.00025
1.2905606563519312,0.00025
1.2748748505665835,0.00025
3.1523322115512076,0.00025
0.25367701328766157,0.00025
0.3818746580850958,0.00025
1.969501690976864,0.00025
2.598720712548396,0.00025
8.956272921994277,0.00025
10.451158764275382,0.00025
0.7548738863626716,0.00025
0.3815229397097359,0.00025
0.5563992407117435,0.00025
0.39303639664406936,0.00025
2.5113436279147705,0.00025
0.38721341359527434,0.00025
0.33133526143732156,0.00025
0.6180034440788039,0.00025
1.8358570705384398,0.00025
0.35777017432613306,0.00025
1.1504426403397487,0.00025
0.9127002870465305,0.00025
6.489904423208316,0.00025
1.1344405002997338,0.00025
0.8185989807319918,0.00025
1.0410837125743093,0.00025
4.913734342475846,0.00025
0.4590007337807027,0.00025
0.6781006773679493,0.00025
0.9398424811177541,0.00025
1.258746946612742,0.00025
0.3281179551172008,0.00025
0.7765620090983388,0.00025
3.1390849308525883,0.00025
1.6325230155071369,0.00025
0.7550159551654522,0.00025
2.357720582837298,0.00025
1.0796487686076437,0.00025
1.0043340954436952,0.00025
1.3112100917279816,0.00025
0.5530964315897958,0.00025
0.8752158574387349,0.00025
1.014851579384659,0.00025
0.8182132660240364,0.00025
1.0311625887615505,0.00025
0.537802304552508,0.00025
0.6646553230653223,0.00025
1.8599607349466474,0.00025
0.9376921767187588,0.00025
0.9885002831291979,0.00025
0.4377410982108045,0.00025
0.16339923795272482,0.00025
0.4786766521612288,0.00025
1.0646444302655622,0.00025
1.4303859968719064,0.00025
6.086262301623825,0.00025
1.9983538675444208,0.00025
3.0861076547245245,0.00025
2.1473933813908714,0.00025
2.272757768062194,0.00025
0.2798395060239563,0.00025
0.3941914016382617,0.00025
0.9198066066125054,0.00025
0.6171550307066049,0.00025
0.8651408939340556,0.00025
0.4865700825705328,0.00025
2.012087328735472,0.00025
3.2130076395700393,0.00025
1.5341403588929374,0.00025
0.7689148849238266,0.00025
0.5806761643862022,0.00025
2.1573173389403997,0.00025
1.0735381197947607,0.00025
1.4048247641336513,0.00025
1.561113386474198,0.00025
1.4658087828776112,0.00025
0.4051312199269489,0.00025
1.5175255696529348,0.00025
3.6129091025239854,0.00025
1.0266605882644897,0.00025
1.4206683252718841,0.00025
3.940297757008453,0.00025
0.5815095618285735,0.00025
4.7635699465061485,0.00025
2.0386730197604486,0.00025
1.6914043313166278,0.00025
2.1703907676086467,0.00025
0.6420090935549243,0.00025
1.4987710410619455,0.00025
2.1239922011088312,0.00025
1.605518146134779,0.00025
0.7393991339627609,0.00025
1.157424270616037,0.00025
1.5349886666429293,0.00025
1.1082397834118538,0.00025
0.5455774594824448,0.00025
0.4921808223341185,0.00025
1.9591246883283022,0.00025
1.5463100440224955,0.00025
1.2123352726824936,0.00025
1.2623872625979435,0.00025
6.822531945277002,0.00025
0.7607258460637842,0.00025
1.9191143863778337,0.00025
3.0051852998135047,0.00025
0.7940666896042299,0.00025
4.090866326024133,0.00025
4.381182531816811,0.00025
0.724594133688192,0.00025
1.180949494186402,0.00025
2.287438125499597,0.00025
4.956666229693943,0.00025
3.891784302701961,0.00025
4.8473643144622836,0.00025
0.7765108622682622,0.00025
0.819755079130241,0.00025
0.6683381227456515,0.00025
3.1535972421809184,0.00025
0.26179320917190807,0.00025
2.3737031675911164,0.00025
2.162678391077292,0.00025
1.2680641335762557,0.00025
2.900716515536834,0.00025
1.2142608664463213,0.00025
1.939847969396592,0.00025
5.028237103618,0.00025
2.8749515503937997,0.00025
1.5549400863423677,0.00025
1.7336783515858052,0.00025
2.5484802584809736,0.00025
3.3998199231126307,0.00025
0.5995446527018213,0.00025
0.7400085565276457,0.00025
0.4404058874252519,0.00025
1.4405429490790358,0.00025
0.8771945954311104,0.00025
1.9711954298855265,0.00025
0.3013873764602046,0.00025
3.971140227102788,0.00025
0.09923452929527951,0.00025
0.4363605083967394,0.00025
3.723954702885451,0.00025
0.7156141648715804,0.00025
0.7889212664129085,0.00025
1.0423349687453103,0.00025
0.7465873654287554,0.00025
1.0641016084242263,0.00025
0.9623362042218713,0.00025
1.9927543830364325,0.00025
0.6975784384895961,0.00025
1.403023385719177,0.00025
0.7768277952336117,0.00025
1.5798942256875632,0.00025
0.4169537171019697,0.00025
2.01232106504636,0.00025
1.8789116092550042,0.00025
0.9780656597092963,0.00025
1.9240523313026636,0.00025
3.5515934881255813,0.00025
1.8531959352127212,0.00025
2.1233903377946683,0.00025
1.0732385889257303,0.00025
1.0133689183183816,0.00025
2.4522157734918406,0.00025
0.7719924539355204,0.00025
4.5962172975633955,0.00025
1.5917580357279557,0.00025
1.7241502650794727,0.00025
0.2983927639874783,0.00025
0.7733488456385406,0.00025
3.353323406386894,0.00025
1.23460685333994,0.00025
1.2215824731935438,0.00025
0.6981438459139848,0.00025
1.6152294371379006,0.00025
4.7156051119326765,0.00025
4.386363279149158,0.00025
2.7814395498356204,0.00025
3.067429055186494,0.00025
1.9422431027975453,0.00025
0.7216690506496012,0.00025
0.5198472084752915,0.00025
1.4248550474840498,0.00025
1.201123150830684,0.00025
0.6450464093417927,0.00025
1.373868611433681,0.00025
1.9281689391554822,0.00025
0.2531570071311657,0.00025
1.1142828180070319,0.00025
2.2723634799246297,0.00025
0.8479617620216341,0.00025
3.967780668971122,0.00025
0.7062630521127828,0.00025
0.7968770011643523,0.00025
0.7305125558783682,0.00025
0.4144869469351598,0.00025
4.850291417105326,0.00025
2.2603463858654123,0.00025
2.7862908497316554,0.00025
2.747389297103406,0.00025
0.41101190660864884,0.00025
0.49655604972798917,0.00025
0.35203151868648513,0.00025
2.524918113906747,0.00025
2.926448815783236,0.00025
4.660594523179933,0.00025
1.3679724534224278,0.00025
1.2978312463804482,0.00025
5.25050770444077,0.00025
0.5960142160939826,0.00025
0.6778958203916767,0.00025
1.2889268910682363,0.00025
0.6571262041723751,0.00025
0.6619879040246875,0.00025
2.154837719035937,0.00025
1.8094359857053495,0.00025
2.6808549185685577,0.00025
2.629748246250238,0.00025
1.81139657431734,0.00025
0.7124979418081883,0.00025
3.0459784268513808,0.00025
0.8945850702254643,0.00025
4.029830152731362,0.00025
1.3377434772426187,0.00025
4.429151409138479,0.00025
4.77378416701124,0.00025
2.283733050411275,0.00025
0.5546907213013871,0.00025
2.8121973039354753,0.00025
0.2535071799389278,0.00025
3.948975534261076,0.00025
0.8885066209513071,0.00025
0.626174335252647,0.00025
2.7279990156380127,0.00025
1.439936086576429,0.00025
0.6200022447342377,0.00025
0.548478234925613,0.00025
0.7762066793784563,0.00025
2.5955703327060036,0.00025
1.4677334271975178,0.00025
4.026608290480202,0.00025
0.7955337771838007,0.00025
0.8387291280048902,0.00025
1.3077044020515105,0.00025
0.3510016152412451,0.00025
0.24446834351467697,0.00025
1.9557625212673635,0.00025
1.3871659130520035,0.00025
0.9162193681209874,0.00025
1.4813476014989588,0.00025
2.248821798624325,0.00025
0.4809624730228619,0.00025
0.2713970471783432,0.00025
1.6475154120988063,0.00025
2.7731266798342906,0.00025
0.5798623039864993,0.00025
2.1030776202559847,0.00025
3.4213245477404626,0.00025
1.3400231863424368,0.00025
1.0124374193076084,0.00025
0.8693016194799564,0.00025
3.4683130503095048,0.00025
2.1638662872354204,0.00025
3.253212060467937,0.00025
3.1185686356798676,0.00025
2.722203638874658,0.00025
3.8941931726737735,0.00025
0.7435373479026771,0.00025
2.530702302931504,0.00025
2.3058016390136293,0.00025
2.29515645951533,0.00025
1.3589327066962578,0.00025
2.2412945506388597,0.00025
1.9879302551247784,0.00025
4.41591325706958,0.00025
0.7636328919740547,0.00025
1.787908688728998,0.00025
2.134896669334738,0.00025
0.9348679115580092,0.00025
1.0277001666056715,0.00025
1.8390517852445603,0.00025
1.0623895994557297,0.00025
0.48818027565810457,0.00025
2.8903739419320824,0.00025
2.6271121657983922,0.00025
1.268420402382508,0.00025
1.0107508758607993,0.00025
10.36454926984425,0.00025
0.6738955439979105,0.00025
2.6096746932850863,0.00025
2.440714016765667,0.00025
6.103868021700101,0.00025
1.7804390006616888,0.00025
2.176588747653427,0.00025
1.4011186349994844,0.00025
0.7311818432392537,0.00025
1.3166822606565474,0.00025
2.2129462703229845,0.00025
0.5353985338711436,0.00025
0.9773579378060288,0.00025
3.5076233465391806,0.00025
2.9962339948541263,0.00025
0.594148640014199,0.00025
2.6663292886769874,0.00025
1.2080948628366333,0.00025
1.2380440093940712,0.00025
0.6825242250782225,0.00025
1.311449838202514,0.00025
0.9613650166230496,0.00025
1.9919518511125023,0.00025
3.855484762689741,0.00025
0.5025683236388906,0.00025
2.262358572724617,0.00025
1.289683843027408,0.00025
3.218763886956172,0.00025
2.348781750355786,0.00025
0.9892067965276974,0.00025
1.0267809934302854,0.00025
0.3009708785323089,0.00025
1.6945499443878376,0.00025
0.6342239596662272,0.00025
0.7204251892288348,0.00025
1.6566683794503583,0.00025
2.6517734438090295,0.00025
3.880494725981178,0.00025
4.392663361213854,0.00025
3.0525246605651195,0.00025
0.2509214818592342,0.00025
7.126349264853343,0.00025
1.9322012744413128,0.00025
0.8467989861107923,0.00025
1.200791440192502,0.00025
0.8044704675553874,0.00025
2.006054251215404,0.00025
0.9294104855788887,0.00025
1.2391833858872388,0.00025
0.5267956384089983,0.00025
0.971528028474631,0.00025
0.7286551824404541,0.00025
0.27414271358612574,0.00025
2.127868315954759,0.00025
2.0259038333750916,0.00025
1.739624699621397,0.00025
1.155173150593822,0.00025
0.8291356384483799,0.00025
0.540573411484821,0.00025
5.164788352532326,0.00025
1.9610691093788135,0.00025
0.5850064276360215,0.00025
0.5476974703527057,0.00025
0.26147589282994843,0.00025
1.6647473096788954,0.00025
2.179735682496567,0.00025
1.7331035817855212,0.00025
4.668330357106338,0.00025
0.4112145979946104,0.00025
9.379356168997795,0.00025
0.6801225874544773,0.00025
3.094605370264556,0.00025
0.41723688266447995,0.00025
1.8576235042070082,0.00025
0.6188347818517029,0.00025
2.6480004112405644,0.00025
5.805112653059625,0.00025
4.167645542366612,0.00025
3.80570242171804,0.00025
2.5684904935586754,0.00025
4.323490896560106,0.00025
2.858104408556424,0.00025
1.4035667890089962,0.00025
1.1402048275801202,0.00025
0.8883542032057782,0.00025
1.3532121632830305,0.00025
2.3908868156561627,0.00025
2.6194654188133106,0.00025
2.5015014012974195,0.00025
1.7487466940794607,0.00025
0.6635740435888862,0.00025
0.9166912466917627,0.00025
0.24850683331221082,0.00025
0.6245175972937266,0.00025
2.135476955795607,0.00025
0.6862054381831868,0.00025
0.5028549248272943,0.00025
3.9039853051110716,0.00025
0.8124150680368084,0.00025
6.185876958092703,0.00025
2.606006921828973,0.00025
0.7079697085971554,0.00025
4.741309686553559,0.00025
3.0045688694813224,0.00025
0.8192658017160793,0.00025
0.744733238174586,0.00025
0.9268610733447044,0.00025
0.9564227821850576,0.00025
1.3827443929270533,0.00025
1.7660277383627694,0.00025
1.1360668570193666,0.00025
1.2104324414246037,0.00025
2.374287420045601,0.00025
1.2582952547740092,0.00025
0.6688758319350753,0.00025
0.8237733971311265,0.00025
1.4227446529853114,0.00025
1.488902278318638,0.00025
0.7311528931705071,0.00025
0.9435151753178549,0.00025
0.42031931628411234,0.00025
0.4140662396171078,0.00025
4.383440284191906,0.00025
1.0913731317049769,0.00025
1.7596086634016443,0.00025
3.0309126232148094,0.00025
3.168001502663405,0.00025
1.4640264908823666,0.00025
2.6323320273826423,0.00025
3.211146269076203,0.00025
1.8066351722664642,0.00025
0.702916589364337,0.00025
2.147531733637794,0.00025
1.9514453699138115,0.00025
3.644398802822479,0.00025
0.7511791208409067,0.00025
1.408051986323392,0.00025
0.9229156513344153,0.00025
4.008191944249433,0.00025
0.5509670799543285,0.00025
1.8160081611980752,0.00025
0.6733089324453023,0.00025
0.3449653937659274,0.00025
2.4120530104023903,0.00025
1.3566476589662215,0.00025
2.392202663859872,0.00025
4.132355810321125,0.00025
0.9232978517449189,0.00025
0.3965195555308971,0.00025
0.613384818415322,0.00025
0.7058553803760721,0.00025
2.2742403854205815,0.00025
1.0893804955070192,0.00025
0.5226838792793721,0.00025
1.6679127219170968,0.00025
0.94138240374378,0.00025
1.66300069987601,0.00025
2.6653524433339393,0.00025
2.908450553454765,0.00025
0.5774025451252581,0.00025
0.5540319804272036,0.00025
0.6675056848716966,0.00025
1.6168499201828044,0.00025
1.9517942818964515,0.00025
1.4705572416068258,0.00025
2.3519244910926163,0.00025
0.8506036894092281,0.00025
4.418467589866016,0.00025
0.45518598317215325,0.00025
0.29235316360512653,0.00025
0.9430277126337504,0.00025
0.9412749242162196,0.00025
0.839311044264012,0.00025
1.5370153307884922,0.00025
0.5963536031648358,0.00025
0.7635072677462397,0.00025
6.778378625787384,0.00025
1.426287657035807,0.00025
1.95277818650832,0.00025
2.5560294376519157,0.00025
3.2771121965087167,0.00025
2.563655917478678,0.00025
1.7523841441788992,0.00025
1.0315776397271772,0.00025
3.5502047185320817,0.00025
0.9496510687428034,0.00025
0.41680899865534804,0.00025
1.7075360675496347,0.00025
8.504276853056043,0.00025
0.9303384595441486,0.00025
1.2987148664533865,0.00025
10.156931349408755,0.00025
1.0646424792533418,0.00025
1.762775681202822,0.00025
8.301739081521298,0.00025
1.276181401079307,0.00025
0.20417674596408983,0.00025
0.28597675709049974,0.00025
0.46988038403249244,0.00025
1.2192349657458617,0.00025
2.265832049784791,0.00025
2.8672723961647053,0.00025
2.8029633914624466,0.00025
1.5660355856723474,0.00025
2.48368914698175,0.00025
2.0096892078904554,0.00025
5.247979810261497,0.00025
3.7648093630713033,0.00025
0.7592156813654171,0.00025
0.3783091409240234,0.00025
2.4441397854923776,0.00025
0.2146274200499129,0.00025
2.9098198930511585,0.00025
1.9602009088121106,0.00025
0.9261284544984543,0.00025
1.6157823718185236,0.00025
1.601218780989135,0.00025
2.0843764230671633,0.00025
0.8854253511335781,0.00025
2.695372811854442,0.00025
0.7995741399083726,0.00025
0.8104223192700554,0.00025
3.2533331392675877,0.00025
3.170019631389321,0.00025
0.9797204688998128,0.00025
1.9829888289195745,0.00025
1.6580328419760275,0.00025
0.7334085822474273,0.00025
1.3814110530512589,0.00025
1.6122335160017536,0.00025
5.692963008892416,0.00025
1.3635597674899849,0.00025
4.301912728913255,0.00025
0.6287756708448802,0.00025
0.655112822949164,0.00025
3.9585711754885167,0.00025
1.4065908609197746,0.00025
1.964158245518354,0.00025
2.4233933816816267,0.00025
1.385516611678861,0.00025
1.0054605717164313,0.00025
0.5253337136043176,0.00025
0.36601325346023544,0.00025
0.2555036384406422,0.00025
0.9529866702706469,0.00025
1.0575638106872323,0.00025
2.1276535396977887,0.00025
3.8155027502040215,0.00025
1.649846229593086,0.00025
0.6103404672421175,0.00025
1.4788606888792073,0.00025
1.8069590768413357,0.00025
0.3883070660684629,0.00025
2.444664208178287,0.00025
0.38931148369213703,0.00025
0.4082975974582377,0.00025
0.4054690088841952,0.00025
2.1656855023013035,0.00025
4.171985804019858,0.00025
1.8457474976710377,0.00025
2.257490016443549,0.00025
3.6431369774642675,0.00025
1.7250631894367272,0.00025
3.556926588617494,0.00025
4.25461024829184,0.00025
1.764159145828282,0.00025
1.4915469051648391,0.00025
3.4404363531065503,0.00025
2.269977375593831,0.00025
0.4834508156729821,0.00025
1.8548978779082728,0.00025
0.6164214544648096,0.00025
0.6193714797857949,0.00025
2.7471928553434433,0.00025
3.2833811109757,0.00025
0.9159400769624918,0.00025
2.4529193642502687,0.00025
0.5419626617249009,0.00025
0.056393053428015844,0.00025
0.32819644665641845,0.00025
0.6150260502007017,0.00025
7.379733220528332,0.00025
2.1638729621427633,0.00025
1.6616153448343491,0.00025
1.1471936278560342,0.00025
0.40390042508526885,0.00025
0.455637775705546,0.00025
0.5027670378676817,0.00025
1.7073892207711958,0.00025
0.9254946222617657,0.00025
0.9976306333280189,0.00025
1.9422287646037515,0.00025
3.044312270563606,0.00025
2.195473261456477,0.00025
2.5896305469245613,0.00025
0.5565727433316692,0.00025
1.2749740074182747,0.00025
0.9649013992697918,0.00025
1.1701433237053844,0.00025
1.4409220384454886,0.00025
2.1638028152673283,0.00025
2.362934751569461,0.00025
0.23025762332684246,0.00025
0.18606614457071388,0.00025
4.36886264755272,0.00025
0.5316133397082768,0.00025
4.762643257519052,0.00025
0.4341458761327268,0.00025
0.6797531392191694,0.00025
0.967950548589351,0.00025
1.7636795489395674,0.00025
0.7103627977231373,0.00025
1.7073721265094726,0.00025
1.3879039698028752,0.00025
0.49287748733285,0.00025
0.7004210298001609,0.00025
1.7039865856130882,0.00025
1.547203943861533,0.00025
1.1134902790101013,0.00025
0.8824942600773029,0.00025
0.30407982290221375,0.00025
0.32651808997366205,0.00025
0.6882397793190693,0.00025
1.6842569124786415,0.00025
6.0805667720391785,0.00025
0.3266749066325727,0.00025
0.490526758054863,0.00025
0.279754375168422,0.00025
0.2510256662779189,0.00025
0.7053473260096155,0.00025
0.2634422602092148,0.00025
1.3055936246332112,0.00025
0.6740312497442896,0.00025
0.45050615971212,0.00025
1.7206969801952232,0.00025
4.955593029710816,0.00025
1.9710309246241422,0.00025
0.9958628383690251,0.00025
0.9443289890808482,0.00025
2.1097129711864833,0.00025
4.397560682226613,0.00025
0.21792494465011397,0.00025
1.5666657567052085,0.00025
0.918450890279056,0.00025
0.5900453268959337,0.00025
1.8139936265005214,0.00025
1.2366705479531006,0.00025
0.38184184194566617,0.00025
1.1189779010008603,0.00025
1.2040949810340333,0.00025
1.7289484191955224,0.00025
0.3361327380768401,0.00025
2.5880264829376967,0.00025
3.5726521667522664,0.00025
4.772547101372441,0.00025
0.5015799414453441,0.00025
0.9496178515646544,0.00025
0.11314255467024047,0.00025
0.3800663728233515,0.00025
0.80575182961418,0.00025
1.5127565324931498,0.00025
1.2363801231913725,0.00025
5.867688132870543,0.00025
0.9686526612955085,0.00025
1.4054839487666966,0.00025
1.1259854175417683,0.00025
1.0625264808782302,0.00025
3.5380853882541388,0.00025
0.8677139548710289,0.00025
3.177119728180967,0.00025
1.5910520391317908,0.00025
4.352602990793382,0.00025
0.48507883949029484,0.00025
0.3028714163768467,0.00025
1.0050017677486964,0.00025
0.9750842482456112,0.00025
1.2093199119669622,0.00025
0.8104253961119292,0.00025
1.6056737426564205,0.00025
0.874828343924359,0.00025
0.5090737887674427,0.00025
0.5683064751865204,0.00025
5.439661584721204,0.00025
1.2522518883217912,0.00025
2.0272569154058644,0.00025
1.5505583060250183,0.00025
0.9367031878943635,0.00025
3.616637369677462,0.00025
1.4207791829192682,0.00025
1.406277519802286,0.00025
1.6763654081176476,0.00025
0.8291408604670971,0.00025
2.1630531623245814,0.00025
3.7137046795212245,0.00025
3.8045769649943564,0.00025
2.410197204113557,0.00025
3.607986946848271,0.00025
3.9293747185111116,0.00025
1.2812404791221328,0.00025
1.4381216810557649,0.00025
1.6926451400696565,0.00025
0.17485356970240537,0.00025
0.6657476701611252,0.00025
0.30370995359987674,0.00025
2.814430875675932,0.00025
2.176321397981201,0.00025
1.725247697476956,0.00025
2.2297925362194833,0.00025
0.7463194143751236,0.00025
0.24848246554753128,0.00025
1.7112892150274042,0.00025
0.32423609085001853,0.00025
5.31119641799094,0.00025
1.5112357600618884,0.00025
1.7449021781527019,0.00025
0.388485629640185,0.00025
1.026811989777376,0.00025
2.6125407786687442,0.00025
2.116606176971472,0.00025
0.9966222708021144,0.00025
0.9442769560423464,0.00025
2.294170682467145,0.00025
0.45561614917118004,0.00025
1.0069646352210926,0.00025
3.7736759146785226,0.00025
1.1663694672423615,0.00025
3.3531580322439427,0.00025
1.606620795207393,0.00025
2.1582007127753142,0.00025
1.566228112708322,0.00025
1.6240291092795909,0.00025
0.8002724028960174,0.00025
1.6519305608436328,0.00025
1.045422631939033,0.00025
7.1304549813309,0.00025
1.4293980692418926,0.00025
1.6807436623790508,0.00025
0.7468210430955359,0.00025
0.840155501641896,0.00025
1.6818506589764963,0.00025
1.3887989829571685,0.00025
2.1050396749092615,0.00025
2.4990774362619965,0.00025
0.8850142061380162,0.00025
3.872914863081925,0.00025
3.0413283262376622,0.00025
2.413809231655989,0.00025
2.1354837523761137,0.00025
2.380236096049172,0.00025
1.8864659415610572,0.00025
2.312710741880836,0.00025
3.67559614850833,0.00025
2.3334607432073553,0.00025
2.3871072442989183,0.00025
1.9814591870858316,0.00025
1.236789419254013,0.00025
0.7137793956497248,0.00025
0.6328141457019697,0.00025
0.4284313489411111,0.00025
1.0106178198568847,0.00025
0.8681010815918042,0.00025
1.4257232104451196,0.00025
0.8497626150476241,0.00025
1.0032167186015282,0.00025
1.6863211995650318,0.00025
1.884351879139087,0.00025
3.3752129953736496,0.00025
3.936194686278379,0.00025
2.0121016453746945,0.00025
1.7713907247274,0.00025
1.8748539521071999,0.00025
3.7092665036595864,0.00025
1.3523895759984021,0.00025
1.119527298163391,0.00025
0.4562811939547309,0.00025
0.570084414300332,0.00025
1.0488757696482198,0.00025
1.4016409458568406,0.00025
2.195038856226045,0.00025
3.6993227701690983,0.00025
3.2511875130165215,0.00025
0.2842095499342556,0.00025
0.7955494754844097,0.00025
0.6644940321336523,0.00025
1.275830469645086,0.00025
0.4181392143587163,0.00025
3.9302853709411742,0.00025
1.7909026658025917,0.00025
1.1176702724879422,0.00025
2.5465625527805282,0.00025
1.310479324299589,0.00025
1.561795618218385,0.00025
0.6286814056077694,0.00025
0.42111814779104817,0.00025
1.0648621904611213,0.00025
1.101825694532499,0.00025
1.2539121737244818,0.00025
1.0504083327505578,0.00025
1.1708300035122996,0.00025
3.8238275797014722,0.00025
1.3225947297256846,0.00025
1.0274913582226115,0.00025
4.643649103663114,0.00025
2.5082904930410015,0.00025
2.8410718118295972,0.00025
0.8611069425860256,0.00025
5.525728804162216,0.00025
13.999407077310028,0.00025
1.8898065020843533,0.00025
1.7900811294869152,0.00025
0.3772624844317178,0.00025
1.0862028636880583,0.00025
3.829866511791007,0.00025
0.8369872337025781,0.00025
2.930397398499675,0.00025
2.960153443779433,0.00025
2.303440681097341,0.00025
5.906409118799286,0.00025
1.010422061060366,0.00025
1.046222816606016,0.00025
1.785352921672776,0.00025
7.137891192706421,0.00025
0.48312192067702103,0.00025
0.6805360140587583,0.00025
0.3348588582960311,0.00025
1.0254094415732313,0.00025
3.382830074513273,0.00025
4.7106447121206445,0.00025
1.3655594034557679,0.00025
0.5986875848208588,0.00025
0.673241978997088,0.00025
0.6133208432773416,0.00025
6.545930959171063,0.00025
1.3175701638334867,0.00025
2.3897708659200214,0.00025
3.1515059429142913,0.00025
1.5715073596997637,0.00025
4.667965949770005,0.00025
3.5214826433109137,0.00025
3.23743226889402,0.00025
1.8807176823663523,0.00025
0.48622245758218957,0.00025
0.7333029174348246,0.00025
0.410529485314552,0.00025
2.0574593532136567,0.00025
4.185584861477557,0.00025
0.9565499827371129,0.00025
0.441130754119537,0.00025
1.2499451477746275,0.00025
1.4009902721683791,0.00025
5.907427948359065,0.00025
1.2383381179411692,0.00025
2.031214229400437,0.00025
11.965118183703906,0.00025
3.300862627452663,0.00025
3.2471802159533802,0.00025
1.14211191318391,0.00025
0.8805226185120207,0.00025
0.6421623953849115,0.00025
7.659592282823656,0.00025
0.4070044895194701,0.00025
0.1719777130015703,0.00025
2.268772705706072,0.00025
0.5534648017411923,0.00025
0.16259994915317516,0.00025
1.0438138850241114,0.00025
0.9029245806949042,0.00025
1.1723228826314838,0.00025
1.3621146041104089,0.00025
0.8337516800274959,0.00025
0.32820146128667654,0.00025
1.0933652243176841,0.00025
3.4662574447399273,0.00025
0.9452630903518466,0.00025
5.738005400352178,0.00025
1.323695698080889,0.00025
0.3746997991878982,0.00025
1.34416345287512,0.00025
0.7146677891471787,0.00025
0.7227431395696662,0.00025
1.5693084082328346,0.00025
1.5887054458261702,0.00025
0.47518519933761627,0.00025
2.7862103284171713,0.00025
3.4912685193618853,0.00025
0.6721737909832285,0.00025
1.141729322499497,0.00025
2.658572806787725,0.00025
7.188117979648067,0.00025
1.2640642918055396,0.00025
3.607858759356077,0.00025
1.43371240578399,0.00025
2.0989573971585833,0.00025
2.3760930947344243,0.00025
0.3631739603563134,0.00025
0.4586660013961051,0.00025
2.360334737149303,0.00025
0.6946378859334409,0.00025
0.531625507079355,0.00025
1.0755497067004844,0.00025
4.8508832761735565,0.00025
1.5542772645880971,0.00025
3.477019180537129,0.00025
1.4901527185664476,0.00025
2.9878277128563235,0.00025
1.8822548347764676,0.00025
0.1993115056449661,0.00025
2.4882101875245906,0.00025
1.8340594627558124,0.00025
1.2690177124418756,0.00025
0.889695245653046,0.00025
3.385808633221781,0.00025
2.714143800222924,0.00025
2.1776029579317497,0.00025
2.0963778989049118,0.00025
0.5505392913443389,0.00025
0.3701688121093252,0.00025
4.854072644372431,0.00025
0.797308197950842,0.00025
0.8702977283095764,0.00025
0.19273816500563196,0.00025
4.573885418379112,0.00025
2.133860610651013,0.00025
1.848714905194614,0.00025
6.058777030115181,0.00025
1.1179537149892422,0.00025
0.974176851956609,0.00025
0.796628148481847,0.00025
7.468008002896379,0.00025
3.405988400690098,0.00025
1.311558625978902,0.00025
1.5011048397805657,0.00025
0.3589538193268147,0.00025
0.4488684341960203,0.00025
2.732209158081899,0.00025
1.191167588962202,0.00025
2.23016744257329,0.00025
0.6472541245134252,0.00025
5.675664582317281,0.00025
2.8854660723345265,0.00025
0.9379544580932242,0.00025
2.0057951911041565,0.00025
1.02039307355158,0.00025
3.5985963517835895,0.00025
5.8117151890400764,0.00025
0.485170269304871,0.00025
1.9471366639235343,0.00025
1.1430389101787832,0.00025
3.554410132937336,0.00025
2.5746134315877844,0.00025
0.366715649218719,0.00025
1.5635127589385664,0.00025
0.4905690394597389,0.00025
4.106537354637986,0.00025
0.5686736571082385,0.00025
2.0220126341066043,0.00025
0.4024775642595445,0.00025
1.5681641294725723,0.00025
1.5438600164074419,0.00025
0.6476221026553728,0.00025
1.097933315104533,0.00025
0.590135492960606,0.00025
1.5759268172587781,0.00025
0.941874290555113,0.00025
1.6512195360360207,0.00025
0.9159543190653542,0.00025
1.1271589881660486,0.00025
0.977568604655211,0.00025
2.866341730694461,0.00025
1.806755454640138,0.00025
0.6928273171029822,0.00025
1.392176623300634,0.00025
3.0999086698422564,0.00025
9.027156525606367,0.00025
3.3892725196403717,0.00025
0.46238172886778317,0.00025
4.66686998296916,0.00025
1.4320787574887603,0.00025
1.6197700240193322,0.00025
1.0814102510391475,0.00025
0.4873345317893758,0.00025
0.9561252206283092,0.00025
0.5964756146416522,0.00025
0.8362649348849305,0.00025
1.141848450300309,0.00025
0.9311630097099233,0.00025
1.2398146212248997,0.00025
3.1397588583503455,0.00025
2.7914945116346637,0.00025
2.6136242676033405,0.00025
0.874510652640654,0.00025
0.7920796346141277,0.00025
0.949640698116375,0.00025
2.799085116090065,0.00025
1.9063854011974122,0.00025
1.2832911811371686,0.00025
1.5176180598471152,0.00025
1.0653532568568818,0.00025
0.710279465500201,0.00025
2.9742531948927766,0.00025
1.3100998042416645,0.00025
0.9886723760052201,0.00025
0.9550765779095662,0.00025
0.3911707578511984,0.00025
1.992823046996478,0.00025
2.4879980325007454,0.00025
0.9165442021476723,0.00025
1.2950085318569133,0.00025
3.3011916716162433,0.00025
1.9167635576102737,0.00025
0.8814647693945505,0.00025
1.5244933041402184,0.00025
1.8068753841971437,0.00025
0.6892796288666211,0.00025
1.1981213356249436,0.00025
1.8577085468976324,0.00025
6.4965429318850365,0.00025
0.9897491393305049,0.00025
0.19147302668356406,0.00025
0.5053610502062015,0.00025
1.0819443649905043,0.00025
0.26076403060197484,0.00025
2.668812541306344,0.00025
2.717774300705002,0.00025
0.839739855536323,0.00025
0.3450808120023911,0.00025
0.34018922979502214,0.00025
0.46839511548993845,0.00025
0.2563303702000683,0.00025
2.9262348655074373,0.00025
0.8089532766190091,0.00025
0.5238775790637009,0.00025
2.2906696216317517,0.00025
0.5536590184361806,0.00025
1.5480637110021442,0.00025
0.547683226902923,0.00025
5.22835896766218,0.00025
6.379225705216037,0.00025
4.0633622692709475,0.00025
1.2552173231979735,0.00025
0.4269878796574036,0.00025
0.5872839151524105,0.00025
0.8025491442877521,0.00025
0.6440301182399296,0.00025
1.352485181317116,0.00025
1.0036471820263686,0.00025
0.7987961773623984,0.00025
2.138664507212445,0.00025
6.634177752106873,0.00025
1.7218487705077128,0.00025
2.168013246637505,0.00025
1.1234101441290703,0.00025
7.211536193001731,0.00025
1.5244584386265694,0.00025
1.7097017832038561,0.00025
2.212261842946032,0.00025
0.5064764450783196,0.00025
0.5705094683720712,0.00025
1.0714254684671844,0.00025
7.106658373255616,0.00025
0.8029800904272868,0.00025
1.2688257433719312,0.00025
0.5529297814817887,0.00025
2.5315096561457135,0.00025
1.7851443773511289,0.00025
0.7294314324943281,0.00025
0.7709572587264019,0.00025
0.6533613184697646,0.00025
0.7093788416486378,0.00025
1.805254911923774,0.00025
2.4500084019242774,0.00025
5.658614432132469,0.00025
2.0606342094513965,0.00025
1.1301569558366522,0.00025
1.286259468714614,0.00025
1.0996297796073227,0.00025
0.631580377968198,0.00025
0.8123507139203453,0.00025
0.97523230761452,0.00025
1.7379866074168453,0.00025
0.31021996699954835,0.00025
1.1099383016477298,0.00025
2.7969462722767275,0.00025
1.406045149640805,0.00025
2.7676716799802263,0.00025
1.8378570731953219,0.00025
0.1941030423527934,0.00025
0.4938976088301825,0.00025
0.5058778820738397,0.00025
1.9935325726307616,0.00025
4.531978140579502,0.00025
1.2828244479606077,0.00025
8.489244281786972,0.00025
1.0878244681423235,0.00025
0.28055034952119007,0.00025
4.401109824818168,0.00025
3.066589210541005,0.00025
3.2646922774078826,0.00025
0.6049054192363509,0.00025
0.42362121833121963,0.00025
0.5030200459921682,0.00025
0.3982392196535918,0.00025
0.23334670682397118,0.00025
1.1878270706643468,0.00025
0.6571455562646155,0.00025
1.072607975465267,0.00025
1.2716678288454972,0.00025
2.4677321308600133,0.00025
1.497650307194441,0.00025
0.8173074358900798,0.00025
0.3520014075943716,0.00025
1.9191817946223817,0.00025
1.0492357245977812,0.00025
1.3087798062869576,0.00025
0.4623783244864071,0.00025
0.4218203623653881,0.00025
1.8395868670305582,0.00025
1.5310197159770347,0.00025
3.9167076753224896,0.00025
1.2866372558067565,0.00025
5.454039757665024,0.00025
0.7299237982534963,0.00025
1.1303564073499655,0.00025
1.1617774186879337,0.00025
1.6455217332863203,0.00025
0.32857843832071604,0.00025
3.2484840212797024,0.00025
1.4218338383755382,0.00025
1.4789946926423276,0.00025
0.3497751441331821,0.00025
1.2195633765286313,0.00025
1.9910188193243494,0.00025
3.0074678756927513,0.00025
0.3674797741581443,0.00025
2.7474842601798946,0.00025
2.460864985919871,0.00025
0.918059919422674,0.00025
0.38914565901375536,0.00025
0.5838783696157118,0.00025
2.059774497456644,0.00025
2.171923490174829,0.00025
2.43616294976246,0.00025
3.1599774773811005,0.00025
2.223858529274557,0.00025
1.0602385370866982,0.00025
0.8211266135971768,0.00025
0.8797744424595846,0.00025
1.552375663054042,0.00025
0.6693499774456231,0.00025
0.5478440225351396,0.00025
1.284165999539987,0.00025
1.3677189589908376,0.00025
2.9658141364060766,0.00025
5.180888391941542,0.00025
2.217652626004875,0.00025
2.3410395213303614,0.00025
0.8190764937735301,0.00025
0.5709614383592564,0.00025
2.199307807814297,0.00025
1.2342267147931025,0.00025
0.396460507278245,0.00025
0.7176100815692835,0.00025
0.5368424315465813,0.00025
2.829772175023673,0.00025
1.5422655944546044,0.00025
0.7363333255737962,0.00025
1.6721782127322005,0.00025
4.739212513693241,0.00025
3.5628405301903445,0.00025
0.8779818399336664,0.00025
0.2301979318008254,0.00025
0.7574529884288894,0.00025
0.8750908980340737,0.00025
2.389238214855875,0.00025
1.9364197890499726,0.00025
0.5697621078017021,0.00025
0.3502381853206457,0.00025
3.855418153486648,0.00025
1.7339377125898803,0.00025
1.4075795868005176,0.00025
1.6781641574947008,0.00025
0.5823496547126218,0.00025
0.5008776994156903,0.00025
3.3828653146865535,0.00025
0.589490132987239,0.00025
1.4224877926892006,0.00025
1.1845048551634962,0.00025
3.4693154003842164,0.00025
1.5321041569030889,0.00025
0.8272029644814883,0.00025
0.7595401201499112,0.00025
2.242705558265581,0.00025
4.408407998987166,0.00025
1.8355481923574133,0.00025
3.1424903701137348,0.00025
1.8329872574465054,0.00025
0.9834804541194807,0.00025
1.728595340179413,0.00025
0.7064157209184202,0.00025
1.7366316155640582,0.00025
0.33518159816143983,0.00025
2.3697197586858443,0.00025
2.8154300258479945,0.00025
0.7053373655103706,0.00025
2.1712182280480206,0.00025
1.2039560623676073,0.00025
0.8681541033413316,0.00025
0.7437693187208758,0.00025
1.6791312592884664,0.00025
2.6291166004006334,0.00025
1.0756652199138286,0.00025
4.207944322178702,0.00025
0.31547570325838686,0.00025
1.5222287365985703,0.00025
1.5214799684804212,0.00025
3.1305659424722743,0.00025
0.39378908769530685,0.00025
1.545624065917253,0.00025
1.190170329915557,0.00025
0.22418034715893886,0.00025
1.642076189163323,0.00025
0.27360046281884903,0.00025
3.2838840923539028,0.00025
0.44264003977443583,0.00025
2.8601387958762734,0.00025
4.302376682905348,0.00025
2.35738169822681,0.00025
2.7754212730077765,0.00025
9.020704793922874,0.00025
1.4764816223352726,0.00025
2.524052003585084,0.00025
2.2918606842794027,0.00025
1.1908192482630895,0.00025
2.4696753073012747,0.00025
3.3247120084606587,0.00025
3.01953779731153,0.00025
1.6258689714035797,0.00025
0.4789812099296895,0.00025
0.4898471659916617,0.00025
1.8687481436619575,0.00025
1.3137177728444254,0.00025
0.8554718003317044,0.00025
1.9437222005631374,0.00025
2.3897058645786604,0.00025
1.3057200244408076,0.00025
0.8363587102423354,0.00025
1.4115340579964561,0.00025
1.0095544965606238,0.00025
2.6316617296395903,0.00025
3.3299411496853266,0.00025
0.9284054414357652,0.00025
0.2723958377352649,0.00025
0.5206490546838599,0.00025
1.0330986846569363,0.00025
2.881629383474492,0.00025
0.6127369495120412,0.00025
5.350867726798856,0.00025
0.9601141676595651,0.00025
1.4021071792886801,0.00025
2.5711309771042123,0.00025
1.868128436997092,0.00025
0.43377421480445966,0.00025
1.5506697944715426,0.00025
0.9775366814977541,0.00025
1.5027504942066159,0.00025
0.7774290373994812,0.00025
2.043518258969801,0.00025
0.5504266829535601,0.00025
2.988489863104922,0.00025
3.2505054384142738,0.00025
1.3954721964992678,0.00025
0.7154217632552076,0.00025
1.0073582432703432,0.00025
3.8716067868882442,0.00025
2.9017323569488127,0.00025
3.5151608044068055,0.00025
1.4594075394156518,0.00025
0.8103746540909337,0.00025
0.6299918572979462,0.00025
0.7458567890201337,0.00025
1.3727928418263642,0.00025
0.9138703067876048,0.00025
0.6231370778553472,0.00025
1.450042585238096,0.00025
3.2022679239356817,0.00025
1.1940965397639995,0.00025
0.9172585522892489,0.00025
1.326715674198283,0.00025
1.5244193764218812,0.00025
2.4314816227026292,0.00025
0.43729070002005116,0.00025
0.7010244733085966,0.00025
1.8976435552752262,0.00025
1.2934883822377041,0.00025
0.5640984291764518,0.00025
2.169905859035688,0.00025
1.6178085850773498,0.00025
0.7808603033040553,0.00025
0.55203378061425,0.00025
4.901023140752942,0.00025
1.8406270428129823,0.00025
0.9685886365239544,0.00025
8.114147820492118,0.00025
2.388429591091679,0.00025
1.1328298739608627,0.00025
0.6165324345795218,0.00025
0.43102059422926375,0.00025
2.276307325803158,0.00025
0.7730660559878285,0.00025
2.868468585862569,0.00025
0.18219856036574553,0.00025
1.711060566182501,0.00025
1.1031166592554675,0.00025
1.1399597373662533,0.00025
2.929502350531734,0.00025
3.198220531750574,0.00025
1.032648245621514,0.00025
0.8499405730446176,0.00025
3.1401512721598657,0.00025
0.4131341958757277,0.00025
1.2958082544579266,0.00025
1.046259650266642,0.00025
0.7112166991384409,0.00025
2.792420877297987,0.00025
0.658410659440309,0.00025
1.6954948059443682,0.00025
2.3923696618679933,0.00025
1.8696919399061531,0.00025
0.40434854045689594,0.00025
0.7746402155225399,0.00025
2.1601179216847646,0.00025
2.327282560269219,0.00025
0.5634624973483363,0.00025
0.47190437663597345,0.00025
0.6287052288629145,0.00025
0.5929766404132764,0.00025
1.6235582023384767,0.00025
1.2042610114606263,0.00025
1.291326735936916,0.00025
0.5569744964532715,0.00025
0.5543567130748689,0.00025
0.4454116341267083,0.00025
2.509043463218049,0.00025
2.0572290957516444,0.00025
6.164857897980052,0.00025
0.8196137019715103,0.00025
1.0680408143779612,0.00025
2.037998536743001,0.00025
0.6001273640518914,0.00025
1.6187235838203797,0.00025
2.39402078850896,0.00025
0.794276698384703,0.00025
0.6148201527054336,0.00025
3.4787245165867198,0.00025
1.0189563718697743,0.00025
4.850691491347945,0.00025
4.9779767174207965,0.00025
0.9561262518423064,0.00025
0.7110646743658616,0.00025
1.8848889432321159,0.00025
0.27337018878212077,0.00025
0.15381746510816405,0.00025
0.7642252772460514,0.00025
5.346040221271254,0.00025
1.9422870360628572,0.00025
4.991210940337781,0.00025
0.6477085309599186,0.00025
0.653390697690841,0.00025
3.8720436972024697,0.00025
0.9749271308928208,0.00025
0.47824420044312543,0.00025
0.6045131058670066,0.00025
1.0433795416496898,0.00025
1.5375443662928778,0.00025
0.6393655401628732,0.00025
1.7747773868587333,0.00025
3.247564221420472,0.00025
0.22855281277839082,0.00025
0.4752635887342772,0.00025
0.7269925929536554,0.00025
0.8512065128719404,0.00025
2.930656652064152,0.00025
3.129567133347735,0.00025
1.5339153594298844,0.00025
1.7360709045598295,0.00025
0.6049218214521375,0.00025
1.6447444123781338,0.00025
1.877392330943342,0.00025
1.951448446693544,0.00025
0.6871183459305972,0.00025
0.7315857405580221,0.00025
2.422584850989945,0.00025
0.6215103586961864,0.00025
0.499765918453482,0.00025
1.3855234914957335,0.00025
1.2807055470376052,0.00025
0.6112281883260579,0.00025
2.887216937435676,0.00025
0.8218304184827897,0.00025
1.3930649196503828,0.00025
1.1828604577310002,0.00025
1.1446402810961416,0.00025
0.8656822048165989,0.00025
1.7106595092553816,0.00025
0.07490818785425232,0.00025
0.514798317435643,0.00025
2.2002959984105317,0.00025
2.080576796701432,0.00025
1.5371471098166447,0.00025
1.6824363036676886,0.00025
0.7509196839138303,0.00025
2.2299095348448863,0.00025
2.433966622063793,0.00025
0.43701163473688837,0.00025
1.596367056721934,0.00025
7.019628203559913,0.00025
2.715191379645856,0.00025
1.032171642958825,0.00025
0.9264885585286057,0.00025
0.4610366841840983,0.00025
1.313603254979793,0.00025
0.8722192192013067,0.00025
1.3003470405536681,0.00025
0.9013759960303233,0.00025
0.45502935914843357,0.00025
1.1565841015173717,0.00025
3.1633457228534665,0.00025
2.7549622435500254,0.00025
1.1336236798237653,0.00025
1.168551222501614,0.00025
2.3785089581689705,0.00025
0.5900352596642947,0.00025
3.5059998468849223,0.00025
3.8876213559021036,0.00025
8.1859719291211,0.00025
2.129968942130393,0.00025
3.4405291338635116,0.00025
0.7117186856381292,0.00025
1.0174026915406258,0.00025
4.478839315175377,0.00025
0.35206909599042935,0.00025
0.35755389093447587,0.00025
0.8154110578848445,0.00025
4.247738195820519,0.00025
3.8931416799347787,0.00025
3.3586905501089492,0.00025
2.187688295259092,0.00025
1.3843806591850558,0.00025
1.8802210065975988,0.00025
1.222970964112018,0.00025
1.7788800245937488,0.00025
1.5076823122024212,0.00025
1.107602767613902,0.00025
0.47914471258886304,0.00025
0.19499098665816542,0.00025
0.4890737703106249,0.00025
0.7977183268412353,0.00025
0.49635380393562967,0.00025
0.6566353124312054,0.00025
0.44145462830957816,0.00025
0.8198621877007958,0.00025
0.9333343857227013,0.00025
1.195761696208674,0.00025
0.3378471959842086,0.00025
1.070040283632205,0.00025
1.4223501524431545,0.00025
0.881126681198721,0.00025
0.5976440867175915,0.00025
5.658989930581352,0.00025
4.393934963591989,0.00025
2.5911293487507607,0.00025
0.7101527117503835,0.00025
11.325293106034033,0.00025
0.6197574551085854,0.00025
1.7525254736583942,0.00025
2.1894340711819127,0.00025
1.913297811266468,0.00025
0.9638615010958377,0.00025
0.4264467253042323,0.00025
4.5858299764661306,0.00025
4.478185755514776,0.00025
2.7313953523661905,0.00025
1.2920901317000117,0.00025
1.5423082304980855,0.00025
0.7925242717868876,0.00025
0.7207510763589944,0.00025
1.424586285565666,0.00025
1.069729979467472,0.00025
0.9720166480121298,0.00025
1.5168273540941175,0.00025
4.670082190872024,0.00025
1.243159547738169,0.00025
3.6339787331433664,0.00025
3.8702017321431375,0.00025
1.6227636483976213,0.00025
1.1159139488314842,0.00025
1.630142202520635,0.00025
3.454897197763983,0.00025
4.758067171001087,0.00025
0.8573139891516829,0.00025
1.3521944462613746,0.00025
1.1078713512908767,0.00025
1.5554262913360641,0.00025
1.8691257640392653,0.00025
0.3742340988095233,0.00025
5.591175910924665,0.00025
0.3399054496489265,0.00025
0.8255466572042419,0.00025
2.4500165247177987,0.00025
2.1367140262907656,0.00025
0.25159823837135864,0.00025
0.6091929628196678,0.00025
0.40284423044662093,0.00025
1.2112934971430047,0.00025
0.9395640183112383,0.00025
0.5649887396102496,0.00025
0.5168740416812272,0.00025
0.9111721291666819,0.00025
0.9908482207011197,0.00025
1.6900932449279222,0.00025
1.923042383852814,0.00025
1.174968365721652,0.00025
2.4808225831875363,0.00025
1.2191216258228708,0.00025
1.777730566617593,0.00025
3.516634920626709,0.00025
5.253157135406367,0.00025
0.8802234598437342,0.00025
1.4832392922996007,0.00025
2.172138972484884,0.00025
0.565837735490317,0.00025
0.9824969513579513,0.00025
3.100069214938826,0.00025
1.2970868592743499,0.00025
6.68675865526459,0.00025
0.7428005241285478,0.00025
1.4214959696932064,0.00025
0.6321655412668866,0.00025
2.661257532884768,0.00025
0.8593598499106273,0.00025
0.5007151467021544,0.00025
3.1333354592205698,0.00025
2.6359600880536203,0.00025
1.9449024669176194,0.00025
1.0953876808068754,0.00025
0.799506783584614,0.00025
1.2735842063340963,0.00025
0.5934485467534523,0.00025
1.4292158191289877,0.00025
1.2478821572001866,0.00025
0.6012201968191818,0.00025
1.8996529643219784,0.00025
1.3568843837213285,0.00025
3.867410961920532,0.00025
2.0601422436367565,0.00025
0.9588843884241847,0.00025
1.5497621820870475,0.00025
0.6613994440504279,0.00025
2.7259089676273125,0.00025
4.844228730959115,0.00025
1.1085130170412545,0.00025
1.7529087366197276,0.00025
3.700820850436507,0.00025
2.472115005787194,0.00025
3.455809523196635,0.00025
0.8807693052239736,0.00025
1.046128083411021,0.00025
0.23132252099332362,0.00025
0.7803412988515145,0.00025
0.41004420863390123,0.00025
9.808749903193105,0.00025
3.2332708506313597,0.00025
1.997883735902788,0.00025
2.094121664135868,0.00025
2.946275090324299,0.00025
1.5531090634404436,0.00025
7.908341856285742,0.00025
0.625924945437154,0.00025
2.6596601294282207,0.00025
4.290885494438576,0.00025
1.980392096921521,0.00025
5.482852669161243,0.00025
4.408119275648768,0.00025
4.4288493866616605,0.00025
3.8337714555676334,0.00025
2.093314261957832,0.00025
5.7940331257194275,0.00025
0.7183995457970733,0.00025
1.1533420701823103,0.00025
1.3639334906242868,0.00025
1.351186671124342,0.00025
3.035193346770447,0.00025
1.3354115437756273,0.00025
1.1027637877455514,0.00025
6.710488995511834,0.00025
2.584941738349943,0.00025
0.961966028331605,0.00025
0.3863576861211249,0.00025
1.2382904460524258,0.00025
1.5730941913447753,0.00025
1.5975086784044037,0.00025
0.9114956360919468,0.00025
1.6219237765731014,0.00025
2.40694336445681,0.00025
0.48957151868263965,0.00025
2.116030660614555,0.00025
3.843807802728697,0.00025
4.056484862685039,0.00025
2.0462071597897955,0.00025
2.7440542817797677,0.00025
0.9062298490044678,0.00025
1.763574758030063,0.00025
2.8889269011739773,0.00025
1.3348206775526343,0.00025
0.4082225440788369,0.00025
1.9547957535316458,0.00025
4.262172819954764,0.00025
1.3521321925997298,0.00025
0.6666011852954463,0.00025
0.42767204182729074,0.00025
0.8809605908751844,0.00025
0.6946628310485158,0.00025
1.9496850329401745,0.00025
1.9709399563491974,0.00025
0.5725565945672711,0.00025
1.2076010132612085,0.00025
2.8767012810321906,0.00025
1.7469219101218931,0.00025
10.442203491281962,0.00025
10.949049813091548,0.00025
1.080687629160916,0.00025
1.3686021439356773,0.00025
9.659094227477546,0.00025
2.809120662272856,0.00025
0.9134454962612224,0.00025
2.952479142316183,0.00025
0.3600767139507604,0.00025
0.9354331048398518,0.00025
0.6501808827540517,0.00025
1.4493993919294046,0.00025
2.4133466536099504,0.00025
0.6204288519277966,0.00025
1.0038039388025788,0.00025
2.468878346347468,0.00025
0.2979899804543742,0.00025
0.33853034742602583,0.00025
0.8851252434531108,0.00025
0.7555076624106887,0.00025
2.8216877513348275,0.00025
1.1900619485835169,0.00025
1.0601816457008348,0.00025
0.6230960608526271,0.00025
0.3832122980135049,0.00025
2.2768674238090507,0.00025
0.8236082549646246,0.00025
3.0425796465822215,0.00025
2.999019267095928,0.00025
2.004286343865864,0.00025
1.6423942426255358,0.00025
1.1763475415498117,0.00025
0.8414335671713593,0.00025
0.38333876456723875,0.00025
0.14363622859225017,0.00025
0.31355892648393374,0.00025
0.532606664476804,0.00025
2.4270963323141594,0.00025
2.7526685769859967,0.00025
0.6610883556291025,0.00025
1.6777256844093864,0.00025
0.24570010486700467,0.00025
0.3969909522456469,0.00025
1.6132720385034818,0.00025
0.15207959599755091,0.00025
1.791105962707712,0.00025
1.1641774233859643,0.00025
1.026282243485712,0.00025
2.9672538777360353,0.00025
4.287135475490773,0.00025
0.9634159699131805,0.00025
0.6471285636307353,0.00025
0.3790833891495004,0.00025
1.2824544182177486,0.00025
0.5029212181037425,0.00025
3.3675017732711283,0.00025
0.4701282832831163,0.00025
3.1463914354971663,0.00025
0.7713471109009038,0.00025
1.1463533009331162,0.00025
0.5772091198145256,0.00025
5.124571846679,0.00025
1.7104207299921639,0.00025
0.2422516988133404,0.00025
1.0326227366468492,0.00025
0.6807366613426294,0.00025
0.9924860664776357,0.00025
1.0466566007353133,0.00025
2.313884527148496,0.00025
1.8027664843435438,0.00025
1.9082173996308276,0.00025
2.0474244811478792,0.00025
0.8137623786721984,0.00025
1.4257277947481988,0.00025
0.7574341152214354,0.00025
3.2875658021647607,0.00025
2.0000093574217006,0.00025
6.208537104150067,0.00025
3.7681150178871436,0.00025
6.449183818661246,0.00025
2.4933528827980926,0.00025
3.0636461572191194,0.00025
1.798007954050859,0.00025
2.4993302799817028,0.00025
0.4121430120374954,0.00025
1.1790018510011415,0.00025
0.8842070216145219,0.00025
1.784607267244917,0.00025
1.2621969477209183,0.00025
1.6577482824777912,0.00025
1.3474804397516065,0.00025
1.6115243064228648,0.00025
2.8440188672580873,0.00025
0.6860594704033345,0.00025
0.5836078603990822,0.00025
1.6029855514258344,0.00025
0.7624583160540623,0.00025
1.5306873994936645,0.00025
1.267429424259579,0.00025
2.7412497393741804,0.00025
0.44939508824459085,0.00025
1.4116179359939105,0.00025
0.9404275581460212,0.00025
1.278834999029003,0.00025
0.6342157912557197,0.00025
2.137736711279223,0.00025
2.0194396950719296,0.00025
1.0231293168988878,0.00025
1.898739335747953,0.00025
5.226732199892232,0.00025
1.5719728160807593,0.00025
1.7177322023461636,0.00025
1.2667724759010206,0.00025
2.2134285762354575,0.00025
0.5761873539298908,0.00025
1.6967425904646045,0.00025
0.9326990242396305,0.00025
1.5934463472086557,0.00025
1.7002532986971828,0.00025
1.6859711865559084,0.00025
5.04537044554176,0.00025
2.5430139453593426,0.00025
3.0700822693468384,0.00025
1.5698106560950282,0.00025
0.5660021017855296,0.00025
2.826015864086058,0.00025
0.6191338098284457,0.00025
1.1762486622488972,0.00025
2.9035862887558044,0.00025
1.327129032734643,0.00025
1.1060590173010305,0.00025
5.21815134435682,0.00025
5.736712491231367,0.00025
0.5912705683640678,0.00025
2.5470913590022737,0.00025
1.7897538568253446,0.00025
0.6881571739842657,0.00025
0.48938376841977715,0.00025
1.667029551290361,0.00025
1.0014747014853327,0.00025
0.3348477240874,0.00025
1.5374747645508042,0.00025
15.873379014553585,0.00025
2.383264870319832,0.00025
4.885933824196188,0.00025
1.9333031619851024,0.00025
6.853823331907494,0.00025
1.2946971222034163,0.00025
1.2816543089088634,0.00025
2.202178063729228,0.00025
2.9577628217383003,0.00025
0.909019538451414,0.00025
2.473589603168357,0.00025
2.3609081289303986,0.00025
1.6472321239654002,0.00025
1.2409763750940381,0.00025
3.3769288182322654,0.00025
0.6261590173685727,0.00025
0.4473930447416794,0.00025
1.5845866603022463,0.00025
2.3034873942061376,0.00025
1.5100608523180754,0.00025
1.728241540549043,0.00025
3.2895356772376805,0.00025
1.4348744435043121,0.00025
1.5575229739744856,0.00025
0.6608569506891256,0.00025
2.157991307237578,0.00025
3.852414021903395,0.00025
0.2563776723245951,0.00025
2.444025544817823,0.00025
1.8418987043821033,0.00025
0.4700843096545322,0.00025
0.5307007300371678,0.00025
2.270567899385163,0.00025
1.7278223881816828,0.00025
2.3910312491856,0.00025
1.9782144941608168,0.00025
1.9567132249625794,0.00025
2.109677417102707,0.00025
3.3170834796657345,0.00025
2.7639060941305154,0.00025
4.095183148801268,0.00025
0.8001682035353418,0.00025
1.6488174920844962,0.00025
3.1057313773901662,0.00025
0.20826356707514956,0.00025
1.4683900784196087,0.00025
1.4468764764044604,0.00025
2.196255189047528,0.00025
1.141334081502043,0.00025
0.6780857073220989,0.00025
2.8545636975135045,0.00025
6.449492947681213,0.00025
6.74046897471126,0.00025
2.2747637421974805,0.00025
1.171137506384443,0.00025
0.7044578731481612,0.00025
0.9735120196543461,0.00025
0.914386170410007,0.00025
1.255148172723903,0.00025
1.333162268728919,0.00025
2.512804012919537,0.00025
1.465539081753385,0.00025
1.777412280469814,0.00025
0.7177989315429278,0.00025
2.5279984661762414,0.00025
2.1437546122785784,0.00025
0.5463702979817102,0.00025
1.8379756655761887,0.00025
0.3749042569737378,0.00025
0.7273401230918093,0.00025
1.5665913081240317,0.00025
1.8113420411418455,0.00025
1.451164571794483,0.00025
1.1772310364678795,0.00025
0.44099840000899293,0.00025
1.8740693107397253,0.00025
0.6928294670649976,0.00025
0.8475714273935974,0.00025
4.056252510385178,0.00025
2.5359392890810892,0.00025
1.450740100572467,0.00025
0.39458067749676673,0.00025
1.7329336119368037,0.00025
1.4646787124810985,0.00025
4.795595211187777,0.00025
4.349154552610801,0.00025
1.591249120167001,0.00025
0.7657126481979568,0.00025
0.6488056231462603,0.00025
1.029086457263005,0.00025
0.7631041517546308,0.00025
0.8554309890688763,0.00025
2.9677849716746074,0.00025
0.20185744820730697,0.00025
0.24247665978620567,0.00025
0.5764627673633657,0.00025
2.3426048018309213,0.00025
4.266271149282456,0.00025
2.2574327186503544,0.00025
1.9622423042437955,0.00025
0.8999067909962486,0.00025
1.135513117494209,0.00025
0.563285958189816,0.00025
0.8626144188982307,0.00025
0.4552140621291085,0.00025
0.4142566801512573,0.00025
2.5305632515240166,0.00025
1.798907237329487,0.00025
0.7986589576890158,0.00025
1.4055624905309494,0.00025
1.4742838900718676,0.00025
0.6378419580600289,0.00025
1.0681173587834099,0.00025
0.5295171296712833,0.00025
2.073299284026631,0.00025
0.6978960407721615,0.00025
1.2759990339748668,0.00025
0.4592475788420622,0.00025
0.5792508572297734,0.00025
0.24217629739349694,0.00025
0.3693271645914429,0.00025
1.543679897778969,0.00025
1.9930076482462054,0.00025
0.4100942456860574,0.00025
2.1065195722077075,0.00025
1.4077581908506214,0.00025
0.9369540578877924,0.00025
2.147195934086449,0.00025
0.283646740835571,0.00025
2.198044778510548,0.00025
7.265605531962306,0.00025
7.057551814842965,0.00025
2.8843198826296885,0.00025
0.2866493916426495,0.00025
0.6160404830752341,0.00025
1.433248523663457,0.00025
0.32071686305631253,0.00025
2.200508234568345,0.00025
0.45892799527938094,0.00025
0.9043327688696753,0.00025
1.7360956072180358,0.00025
0.953496398457044,0.00025
5.27162564131811,0.00025
2.0881638706233647,0.00025
1.7967183178600032,0.00025
3.6127379329358025,0.00025
1.1442526131312611,0.00025
3.6461406756529837,0.00025
1.6128566386152063,0.00025
1.2700132861790494,0.00025
0.5231473216088292,0.00025
1.1982171577569118,0.00025
1.4116120711206743,0.00025
0.7457056044670061,0.00025
2.092224083783654,0.00025
5.048879482277324,0.00025
1.7944263202716715,0.00025
1.8842526561746642,0.00025
2.192784853931775,0.00025
3.897542360834819,0.00025
0.4215907092592744,0.00025
0.9735771831019213,0.00025
1.723007785742763,0.00025
0.8161356424029863,0.00025
2.814877355480889,0.00025
0.47574949317048554,0.00025
1.0078391021699304,0.00025
0.6052429891315498,0.00025
1.7687574468957856,0.00025
1.1958804511642829,0.00025
1.544562540935238,0.00025
1.3520341287159519,0.00025
1.1598974424636257,0.00025
1.1363741178621767,0.00025
0.7507784792524725,0.00025
1.1651952883545251,0.00025
1.4433632962476741,0.00025
0.6896016755331696,0.00025
3.630826610079734,0.00025
1.4788903907581568,0.00025
2.0259037142783445,0.00025
0.4835871114363494,0.00025
7.847434200417865,0.00025
1.1796910974303805,0.00025
0.4782443983714113,0.00025
1.863129412388087,0.00025
0.42765465200428954,0.00025
0.8507676962288557,0.00025
0.563306406394957,0.00025
0.8703711000616846,0.00025
5.247088597854407,0.00025
1.2329831741692183,0.00025
2.631263306743201,0.00025
1.194257536661805,0.00025
0.2897120223919701,0.00025
0.47815991817946385,0.00025
2.7088629090236083,0.00025
0.6923449661420061,0.00025
0.5273507356159011,0.00025
0.6851746020672547,0.00025
1.1837760609479857,0.00025
0.23121295138386613,0.00025
0.667760292764837,0.00025
2.300872549208779,0.00025
0.30228968189378486,0.00025
0.3395789770992713,0.00025
1.270792111396529,0.00025
1.0909537043788071,0.00025
0.6663250612131,0.00025
1.0562791183885265,0.00025
3.0159616038520816,0.00025
2.7852468411848172,0.00025
1.6423839715409922,0.00025
3.7081342943477136,0.00025
0.9599840124865606,0.00025
0.42300542686306614,0.00025
1.8376027601763023,0.00025
0.4390930974301492,0.00025
1.0628735543581904,0.00025
2.1508410396878057,0.00025
0.5706467932484466,0.00025
1.633008687235616,0.00025
6.582048306731537,0.00025
1.4877733950137058,0.00025
1.2893242491064347,0.00025
2.158240708941613,0.00025
0.36455272909007086,0.00025
0.5905489652502699,0.00025
0.3273587159908338,0.00025
2.753816641884026,0.00025
6.647888579812347,0.00025
1.7555241761379166,0.00025
0.8731362826183279,0.00025
2.726931680572678,0.00025
0.7983393437092203,0.00025
3.057190419889637,0.00025
0.7715322215723525,0.00025
0.6008216652127002,0.00025
1.9955307759368084,0.00025
1.2301585036334666,0.00025
4.345156016581102,0.00025
2.395501379738504,0.00025
1.272435967239143,0.00025
1.6964333254344104,0.00025
0.697800749125857,0.00025
0.2732002240073596,0.00025
1.737397160180057,0.00025
0.804121879956334,0.00025
0.47709701786731995,0.00025
2.824042067872467,0.00025
0.9508566485379364,0.00025
2.3631601403495974,0.00025
0.7260524456921396,0.00025
1.7853085411484142,0.00025
3.2768435576694324,0.00025
1.3895914957239182,0.00025
1.1154308096796206,0.00025
4.122051991765026,0.00025
3.4004975742015535,0.00025
0.34370700754480954,0.00025
2.1378225497635155,0.00025
1.624583684716809,0.00025
2.468109303612058,0.00025
4.477568994273406,0.00025
4.196449364923029,0.00025
1.6687148089502528,0.00025
0.3877615566402592,0.00025
1.1602744967864478,0.00025
3.9185619233326108,0.00025
0.2292452409889223,0.00025
0.9697955410839164,0.00025
1.3899309207549135,0.00025
0.45875915710657694,0.00025
2.5367772410136076,0.00025
0.42526265557281884,0.00025
0.9155379071015997,0.00025
8.086524008951676,0.00025
0.34288673636220285,0.00025
0.8504417585446852,0.00025
0.7299106184225996,0.00025
1.1669454348759307,0.00025
2.191935990412741,0.00025
0.15702398878272644,0.00025
2.1100444769934117,0.00025
5.637746447078101,0.00025
2.729086687943584,0.00025
3.0706958432740135,0.00025
1.8153561001123686,0.00025
2.8977286830756444,0.00025
3.889150985028468,0.00025
3.3269499208181044,0.00025
4.700923290100074,0.00025
1.5164862643612074,0.00025
1.0371168845802705,0.00025
1.5835700506703991,0.00025
1.3864402095226473,0.00025
1.1306980403403453,0.00025
0.9571355626423232,0.00025
3.8207698236358225,0.00025
3.596919730560067,0.00025
0.5852971928992436,0.00025
3.3649009886767747,0.00025
2.146693699956503,0.00025
1.8117460151315912,0.00025
1.9082805181651856,0.00025
0.9737552326196288,0.00025
1.1039870814781714,0.00025
3.3390564734528514,0.00025
1.7061250067739027,0.00025
0.5156530651172662,0.00025
2.8836289077314676,0.00025
1.41412259037709,0.00025
0.564407576267565,0.00025
1.1840999389047053,0.00025
2.478917855760434,0.00025
0.8179638353813413,0.00025
5.262290182580701,0.00025
1.5617959960937855,0.00025
1.0016707744643774,0.00025
2.1034747282962707,0.00025
1.4333282294957155,0.00025
1.5018499809564767,0.00025
1.1482750853169057,0.00025
1.0177864438397877,0.00025
1.398852760540199,0.00025
0.38678955859669034,0.00025
1.82432457048027,0.00025
2.5001495368964033,0.00025
0.6939337365274628,0.00025
1.4704525862305455,0.00025
0.5326000414034134,0.00025
3.5478056376413982,0.00025
2.063411369271978,0.00025
2.164717249402167,0.00025
2.8650317645751473,0.00025
0.9733370960571078,0.00025
1.910323986474107,0.00025
1.2696569074755628,0.00025
0.4493239556572029,0.00025
1.4025641968440132,0.00025
0.4221541130724555,0.00025
0.7216777097999473,0.00025
0.4115134670887683,0.00025
0.3779502472815084,0.00025
3.021859735049208,0.00025
5.412789281555967,0.00025
1.012079076888579,0.00025
2.3255979392212494,0.00025
2.1673108810812702,0.00025
1.0974608410610396,0.00025
1.4349865007326472,0.00025
10.645225658653011,0.00025
0.4825699489613746,0.00025
1.5436877906418516,0.00025
3.1911207667752968,0.00025
1.6486790769290456,0.00025
0.6158347342076337,0.00025
0.616653298217705,0.00025
0.9281443327278657,0.00025
2.0412251476349774,0.00025
3.7212338481815768,0.00025
2.185623990052521,0.00025
1.4358570064333116,0.00025
4.7710630226818695,0.00025
1.4294751869196687,0.00025
1.9054667655262552,0.00025
1.1066444143817715,0.00025
0.7398603215346027,0.00025
1.3426097619815538,0.00025
1.973503391706885,0.00025
1.611093368966527,0.00025
0.6939559934576427,0.00025
2.080989399576009,0.00025
0.5177033126805809,0.00025
4.903052376287876,0.00025
2.011059855859439,0.00025
2.2171276540763616,0.00025
0.6662746431904614,0.00025
0.7726379251460064,0.00025
2.086449816926948,0.00025
1.1400795683043414,0.00025
3.0538080897245643,0.00025
0.3469220818476181,0.00025
1.2169750308032141,0.00025
1.6300147001331637,0.00025
3.377476653340563,0.00025
1.6370409226635645,0.00025
2.453747557828381,0.00025
0.5797982761738372,0.00025
0.7990005888031539,0.00025
1.6907051522647891,0.00025
1.2694312893272315,0.00025
1.7756696859758094,0.00025
0.5403892310738516,0.00025
0.7227768857925189,0.00025
1.6220142882620197,0.00025
3.2123549942276606,0.00025
1.4824602101684026,0.00025
7.8977821559002885,0.00025
1.4193918360338924,0.00025
1.570846177469985,0.00025
1.29310896504303,0.00025
1.6694400606679558,0.00025
2.0070598053227497,0.00025
11.409332070655202,0.00025
1.2301786655003917,0.00025
1.2854803363122955,0.00025
0.9701491095035291,0.00025
0.5077620357407968,0.00025
1.6151128016854372,0.00025
3.2209332466589053,0.00025
1.3901904398083305,0.00025
0.8742687579070327,0.00025
0.5982429520363524,0.00025
1.1603294920615643,0.00025
3.5357861433559585,0.00025
3.014280943511844,0.00025
3.8923302117734213,0.00025
1.992377491792427,0.00025
10.63910312429612,0.00025
2.057657286716023,0.00025
0.29001978721989785,0.00025
0.8651315904810776,0.00025
0.7426793055931051,0.00025
1.68515436422023,0.00025
1.2179811312100817,0.00025
1.7381075379877768,0.00025
0.6739712570370349,0.00025
0.6319022213457125,0.00025
1.463869222731964,0.00025
0.5896125652321209,0.00025
3.4496946335981757,0.00025
2.0526326082919777,0.00025
1.5920289963017993,0.00025
0.2621203020505823,0.00025
1.6239548470623846,0.00025
4.232103751667252,0.00025
2.1480162042162534,0.00025
1.488298247858689,0.00025
0.6435385098010137,0.00025
0.5008689594145613,0.00025
1.7813017161904154,0.00025
0.4107199901965565,0.00025
0.36938507905619355,0.00025
1.154319787823535,0.00025
1.6463976291917382,0.00025
0.9270164867582672,0.00025
0.8340047540650579,0.00025
1.3516338702672075,0.00025
0.5981222615500769,0.00025
1.2199182183602486,0.00025
0.7332574303888486,0.00025
10.323364555455797,0.00025
10.351833427813716,0.00025
2.0453726112060413,0.00025
4.012704496918237,0.00025
1.9437582701487606,0.00025
0.728697207950046,0.00025
0.9828819120708436,0.00025
0.8909160107760975,0.00025
2.3935727763966708,0.00025
1.5471872319273599,0.00025
1.68628080271193,0.00025
1.7536428756308213,0.00025
0.9042786972080821,0.00025
0.9417420203861206,0.00025
1.1205549886984758,0.00025
3.0001811101842444,0.00025
1.5886267460352352,0.00025
0.7074212841007564,0.00025
2.2775168893914626,0.00025
0.8525703713451487,0.00025
0.9012882312227672,0.00025
2.5415743415954646,0.00025
1.7079706418987743,0.00025
1.5904690101159271,0.00025
2.2861934891355435,0.00025
0.5671379050126707,0.00025
1.3900947854729357,0.00025
0.2866883435191175,0.00025
0.5806599162651355,0.00025
1.1581010499034932,0.00025
1.2667250681144095,0.00025
1.6113944185679294,0.00025
0.43473434957876955,0.00025
1.9978253229491025,0.00025
0.4532594189004179,0.00025
1.3434152279135718,0.00025
1.7402473806893,0.00025
1.4928572269083167,0.00025
0.25622526698526643,0.00025
0.7312620738546828,0.00025
3.130791676868699,0.00025
1.5058536694156417,0.00025
0.4769256641774988,0.00025
0.7293329689047496,0.00025
1.7517501609970703,0.00025
2.930817077109804,0.00025
5.894489700475567,0.00025
2.1663742399998416,0.00025
1.4975047822182035,0.00025
1.3785483924446145,0.00025
0.2429779778307692,0.00025
3.448537515581363,0.00025
2.333617455912909,0.00025
1.3335526580325632,0.00025
1.3541539362202777,0.00025
1.1115461205991137,0.00025
0.5595473486439447,0.00025
0.14860191779507695,0.00025
3.9286382080613182,0.00025
2.6099192874084753,0.00025
1.0127259363857821,0.00025
1.2896113229702413,0.00025
0.5612881391515033,0.00025
0.4964154771756794,0.00025
0.42908490894068596,0.00025
1.759860476450758,0.00025
0.42027011539292464,0.00025
0.7690535483353617,0.00025
0.9818730368190259,0.00025
5.417121427547481,0.00025
2.555419424008515,0.00025
1.2582200445422744,0.00025
0.7761088118329075,0.00025
0.8401987182304289,0.00025
0.5865140668924864,0.00025
2.554749700192569,0.00025
0.8977572246379046,0.00025
1.0697027941990969,0.00025
3.4110116766734726,0.00025
0.35699043335754177,0.00025
0.9120065987094743,0.00025
2.353046405498496,0.00025
2.6273173537719527,0.00025
1.4829499974098823,0.00025
1.365898711513949,0.00025
0.9999484063350589,0.00025
2.473391635136842,0.00025
1.6798818963855875,0.00025
1.9789125715844178,0.00025
1.1300278718683605,0.00025
1.5931046576806709,0.00025
1.7479624667955016,0.00025
0.9822196841170489,0.00025
0.3221066266516492,0.00025
1.9712397678407494,0.00025
1.8217860234637064,0.00025
2.6865376179006293,0.00025
2.7293808311894816,0.00025
0.3679170133340223,0.00025
0.3759688641440736,0.00025
1.858459549653024,0.00025
0.657077005665013,0.00025
0.6088550898748062,0.00025
2.6861752085147756,0.00025
2.095450454750942,0.00025
1.7729633923010952,0.00025
0.7203216757527465,0.00025
1.8354524688628102,0.00025
2.3273824848084526,0.00025
1.3678781708711343,0.00025
2.8497109314529543,0.00025
0.7624755025169441,0.00025
4.666299541679586,0.00025
7.724227484457263,0.00025
1.1179769274626514,0.00025
4.6097800786443575,0.00025
1.060624861123591,0.00025
1.735208668915021,0.00025
2.2168900295217977,0.00025
0.4544683628619395,0.00025
6.064815211617483,0.00025
3.9550604566664918,0.00025
2.484635649966891,0.00025
4.332110454980075,0.00025
0.9714609639740635,0.00025
1.6513321587044372,0.00025
1.7189872062122902,0.00025
2.2044577218417714,0.00025
0.7527805431303494,0.00025
1.6488718412784966,0.00025
1.3410841883493008,0.00025
0.8796468906288125,0.00025
0.9811118796260397,0.00025
0.6735235507937714,0.00025
2.318835730572934,0.00025
1.7387214519191176,0.00025
0.8613336682998024,0.00025
5.35052262367764,0.00025
6.32345963745425,0.00025
1.2479994584515153,0.00025
2.6141629030149516,0.00025
1.1992358474199958,0.00025
2.4177327681580567,0.00025
0.9494250158773668,0.00025
1.1965218922665506,0.00025
10.564922754151048,0.00025
1.483564273433068,0.00025
0.7121189823760213,0.00025
1.7398457356932748,0.00025
0.7134088807676862,0.00025
0.39592393057757613,0.00025
0.5577689841517065,0.00025
0.9366745765736458,0.00025
1.3816678000215796,0.00025
1.6729218797490033,0.00025
2.2105127421544593,0.00025
0.9227853184124464,0.00025
0.7728807422386796,0.00025
1.0317348869777778,0.00025
4.416151133737647,0.00025
1.788360250531105,0.00025
4.529110671172173,0.00025
2.8702090994379095,0.00025
1.5963568158979322,0.00025
3.4132747001344312,0.00025
1.7379952102591154,0.00025
1.3635456044808705,0.00025
1.3340213138693953,0.00025
2.3684103884242402,0.00025
2.158001311813062,0.00025
1.2297361806709537,0.00025
1.4602003978593971,0.00025
2.239316960791168,0.00025
1.4985782572144783,0.00025
0.9793406960840878,0.00025
9.171917474006822,0.00025
3.6121652327583087,0.00025
5.4172600159078845,0.00025
1.4595471889818927,0.00025
1.0387740158921888,0.00025
1.5736585149413556,0.00025
0.7260061632260151,0.00025
1.3180120970578335,0.00025
0.42113702198515296,0.00025
0.36445887504306546,0.00025
0.6813724762350022,0.00025
0.7149065597542845,0.00025
0.11197502834512307,0.00025
0.8091930495360767,0.00025
0.6380422954009587,0.00025
1.6529001352739117,0.00025
1.2132688001604752,0.00025
1.2367790289228533,0.00025
2.3687929359475928,0.00025
1.0458711428203125,0.00025
0.2807881791071894,0.00025
3.5091351989178126,0.00025
4.361637876806334,0.00025
1.8360008635690985,0.00025
1.5874733823665537,0.00025
2.3453444408479336,0.00025
9.256482186418596,0.00025
3.0623875005155865,0.00025
1.2186526507525997,0.00025
1.6138809004686918,0.00025
2.4383743441147745,0.00025
0.8386180793936652,0.00025
0.8032790806100083,0.00025
1.2752520851971854,0.00025
1.0555360270695486,0.00025
1.835278312762775,0.00025
2.694568224912563,0.00025
4.78175116817344,0.00025
0.6833780841147452,0.00025
1.575981314832277,0.00025
0.5276004385979467,0.00025
1.9734054899192204,0.00025
0.4802387589518367,0.00025
0.8067052224790511,0.00025
1.6484422802044019,0.00025
4.031236477660423,0.00025
1.7615807965371555,0.00025
2.0420503890840402,0.00025
1.572311146206642,0.00025
3.803398576610582,0.00025
1.4051303729831182,0.00025
13.599342626440352,0.00025
0.9090053114363842,0.00025
0.46738260418160665,0.00025
2.502830386362751,0.00025
7.1863722611024325,0.00025
1.0643607343505261,0.00025
0.6100213227388634,0.00025
1.4612837932973919,0.00025
2.2006695676761585,0.00025
1.3341629172932192,0.00025
1.4197566399288168,0.00025
2.6107927538546756,0.00025
1.7516849889185577,0.00025
1.9878406457446551,0.00025
1.3023999790118113,0.00025
2.3802478556953117,0.00025
6.286507265102248,0.00025
0.7533697747570195,0.00025
1.2658505407289895,0.00025
1.1131172142549959,0.00025
2.718372712373202,0.00025
0.7642727530800238,0.00025
1.941085206823622,0.00025
0.8425854731818483,0.00025
1.0862633405572812,0.00025
1.5487767355145483,0.00025
2.3634880293268603,0.00025
3.348130150992859,0.00025
1.1664209270751005,0.00025
0.3416407039311304,0.00025
2.322997453507803,0.00025
0.5958991359055236,0.00025
4.462520628359466,0.00025
1.1388603329875464,0.00025
0.6268006620828172,0.00025
1.0554716012292367,0.00025
1.021526260300008,0.00025
0.5416561805177107,0.00025
1.5159957962938464,0.00025
2.007595721076933,0.00025
4.681573028015831,0.00025
2.0748089537119276,0.00025
0.9247710145297828,0.00025
4.427847343465489,0.00025
0.7290812504851162,0.00025
1.05555877461217,0.00025
0.49663951957646907,0.00025
0.8442605287508128,0.00025
1.5287740129468803,0.00025
1.8861052701524048,0.00025
3.4805435866713075,0.00025
1.3726135272406024,0.00025
1.4743798753287145,0.00025
1.3737388948342808,0.00025
0.9423982502107815,0.00025
0.7118175201259729,0.00025
1.6440911917091052,0.00025
4.083133284674047,0.00025
1.2898414639207954,0.00025
2.2586372980987908,0.00025
0.40225043376539854,0.00025
0.903041547093673,0.00025
2.666610408635414,0.00025
0.5099426949551324,0.00025
5.26169285413034,0.00025
0.5201629048949399,0.00025
1.975827629618998,0.00025
1.0412515347143676,0.00025
0.764465983135675,0.00025
2.2099326760698585,0.00025
3.6195560754073117,0.00025
0.8471125943098778,0.00025
1.099569251211364,0.00025
1.268224525805302,0.00025
1.0369218804076257,0.00025
2.5584968289233623,0.00025
0.9546027016505353,0.00025
5.212867146089369,0.00025
1.096350418072015,0.00025
1.5401540684781088,0.00025
1.0746222510845287,0.00025
3.58883691334875,0.00025
0.7506746063802943,0.00025
0.41120082560802423,0.00025
1.2897786090219598,0.00025
1.4397534514738195,0.00025
14.620903641877225,0.00025
1.8429802385140452,0.00025
2.134328010218322,0.00025
0.7564842882230766,0.00025
2.0818780721199794,0.00025
0.8259641816821947,0.00025
2.612798952099832,0.00025
0.6444965876390767,0.00025
4.216221324511941,0.00025
2.2639527290143637,0.00025
0.8276500874719684,0.00025
2.9739664428907093,0.00025
0.6240941856430595,0.00025
2.468337039198758,0.00025
0.9443663406337522,0.00025
0.6163408059099637,0.00025
2.3883685614512444,0.00025
1.6635733411070275,0.00025
0.8776604667543404,0.00025
0.9074245571275724,0.00025
3.4030619463897276,0.00025
1.884109623956565,0.00025
1.8924632024125525,0.00025
0.8792591325811917,0.00025
1.1519050308774117,0.00025
2.0815662420061756,0.00025
4.986931312336777,0.00025
0.685597651179745,0.00025
2.874706491345601,0.00025
0.6885962048382378,0.00025
1.7986280273214907,0.00025
0.8362587297215525,0.00025
1.0376584864824878,0.00025
2.432927082994027,0.00025
1.8447258829131588,0.00025
1.6467659372876255,0.00025
12.395924545004316,0.00025
0.9897598366035691,0.00025
5.875442789348209,0.00025
0.7662556651676763,0.00025
0.4816272963104115,0.00025
2.042351209766956,0.00025
1.02767440257548,0.00025
3.0987275336998965,0.00025
2.431308950413849,0.00025
1.2853032213110671,0.00025
0.916324527746806,0.00025
1.4577518356548556,0.00025
0.5623242440633953,0.00025
1.422713605991716,0.00025
0.37960698454523256,0.00025
0.7377599635618177,0.00025
0.5592561486171079,0.00025
1.6021525060194415,0.00025
1.3254483952069698,0.00025
2.7042221881145068,0.00025
0.70814964469533,0.00025
0.720677965273483,0.00025
3.911327275550871,0.00025
1.3692683160105985,0.00025
1.356984690342726,0.00025
1.1102544495278834,0.00025
6.572309431147301,0.00025
2.287058259017836,0.00025
3.7503834209820868,0.00025
0.8454426880677175,0.00025
0.9029864874675386,0.00025
1.8075254498818702,0.00025
1.0422478673389686,0.00025
2.1532413088518805,0.00025
1.157806013155256,0.00025
0.5690017620988028,0.00025
4.932561979152306,0.00025
6.459325324312417,0.00025
2.2539108577386213,0.00025
2.354783294825256,0.00025
0.24865184329859738,0.00025
1.3630446140664199,0.00025
1.8087981132403737,0.00025
1.9386811705919547,0.00025
1.061724220008181,0.00025
0.4865924784904154,0.00025
2.000390557203055,0.00025
2.192496167339263,0.00025
2.4841629272461496,0.00025
2.3388301794328084,0.00025
1.641571925041798,0.00025
0.67408013599233,0.00025
1.0536746056375386,0.00025
0.9806106535703886,0.00025
0.7092769881941503,0.00025
1.6004778353844429,0.00025
0.4797545860856799,0.00025
1.235971255837928,0.00025
0.4872958713752015,0.00025
1.9936669861485572,0.00025
0.41813403179461694,0.00025
1.4465362928254397,0.00025
0.324994448762504,0.00025
2.670019555665303,0.00025
2.912123587074759,0.00025
1.0465875507827636,0.00025
1.0154944015381255,0.00025
0.2671187509002329,0.00025
0.9970058173310073,0.00025
4.777816355113811,0.00025
2.8669397669675063,0.00025
0.7633585562948655,0.00025
1.6662555641836008,0.00025
1.9167342103908176,0.00025
0.45703247927410634,0.00025
0.9762103969084128,0.00025
2.76900288920668,0.00025
0.4346562195745625,0.00025
6.235125626647677,0.00025
1.1704970060403652,0.00025
1.0813837246756268,0.00025
1.0099956164969888,0.00025
1.2125528753617796,0.00025
1.8928455709309444,0.00025
0.35423857032350475,0.00025
1.4912192314257877,0.00025
0.7118779984784376,0.00025
0.667237828515981,0.00025
1.8111613873086703,0.00025
0.7449560812021601,0.00025
1.776043863607076,0.00025
1.2243258150815315,0.00025
2.5133882817760296,0.00025
1.5038378476981065,0.00025
2.6650345170905707,0.00025
0.8609917531913025,0.00025
0.855056268840472,0.00025
0.7734271173547983,0.00025
2.346055800101304,0.00025
0.4572981686121436,0.00025
1.0117829266782727,0.00025
1.4728107553822531,0.00025
0.4771188682074808,0.00025
2.06564966992997,0.00025
0.6488611576595982,0.00025
3.8731151798724,0.00025
1.5779092000140844,0.00025
3.778324239915549,0.00025
0.8459728299064834,0.00025
0.7530469781199433,0.00025
1.20940935333624,0.00025
0.7411905167291708,0.00025
0.38577671308643935,0.00025
3.4116818178194412,0.00025
1.6393851667675552,0.00025
1.1314417712579035,0.00025
1.376437931773586,0.00025
1.6284729743184976,0.00025
2.5490435770611155,0.00025
1.077960747616639,0.00025
0.8512583179379206,0.00025
1.7710309581750576,0.00025
1.9961108872409397,0.00025
2.0141628528885644,0.00025
1.7060443777859686,0.00025
0.3722092676058622,0.00025
0.34349536666710445,0.00025
0.9320563853214081,0.00025
2.0419642215199683,0.00025
1.0564621787436173,0.00025
0.817163464727176,0.00025
1.7186068313792395,0.00025
5.2057397483336825,0.00025
2.559802233032975,0.00025
1.403096661419795,0.00025
0.5210469146544139,0.00025
2.0585320789382173,0.00025
1.2487046403466042,0.00025
3.7170321133719053,0.00025
0.5841502035541053,0.00025
0.9558878397414481,0.00025
2.1072204253417994,0.00025
1.4580932775143358,0.00025
0.5323524841130725,0.00025
1.2959944910081551,0.00025
0.9237709150447962,0.00025
1.0003497859848443,0.00025
1.0763418377588203,0.00025
1.7897123127105443,0.00025
0.46282555815872845,0.00025
0.6300483572981241,0.00025
0.8292487732081103,0.00025
1.5178898598446942,0.00025
1.5302365342797102,0.00025
5.004502451211538,0.00025
1.0174403722368448,0.00025
3.3714517498143874,0.00025
0.7636035871221206,0.00025
0.9686268598212107,0.00025
0.8574409690703833,0.00025
1.5461933278287614,0.00025
0.8687671983770594,0.00025
1.8532086174795626,0.00025
0.46313027515238353,0.00025
0.59774142441987,0.00025
1.6189467689720913,0.00025
1.9605098636116058,0.00025
0.2706164893875711,0.00025
0.8701066641884131,0.00025
2.1834776700996614,0.00025
2.6292189372037265,0.00025
0.9022841582854398,0.00025
0.8191297505739361,0.00025
0.1999842029409431,0.00025
1.8256733095272857,0.00025
0.29627036386441047,0.00025
0.7588391676310069,0.00025
9.667929173219123,0.00025
2.8817834296414744,0.00025
0.5902982439545674,0.00025
3.3058394428830353,0.00025
0.7628268937038516,0.00025
1.10257823221827,0.00025
1.2178549784761898,0.00025
1.509014886702059,0.00025
0.3133558753773615,0.00025
1.4539468102164663,0.00025
0.9566360726503316,0.00025
1.6523455750115683,0.00025
3.1418481109974987,0.00025
1.2759129129851308,0.00025
0.6146750153483618,0.00025
0.43382745986636434,0.00025
0.8608399619591943,0.00025
0.9926621774790907,0.00025
1.390617618930123,0.00025
0.9086153416168951,0.00025
0.5200292910868677,0.00025
0.9833827484004979,0.00025
1.2648846172780872,0.00025
3.431041804996839,0.00025
2.0816234091115824,0.00025
2.785016576264191,0.00025
1.1554194662408226,0.00025
0.6409830629946496,0.00025
2.1191981770895465,0.00025
5.437439950985643,0.00025
2.8917425581908853,0.00025
2.2992038852414094,0.00025
2.9687376676662427,0.00025
0.5221591143234531,0.00025
1.2470247989017855,0.00025
0.6898927055805012,0.00025
0.9117820385461735,0.00025
1.6990333319583568,0.00025
0.47234344782642856,0.00025
5.850531453365015,0.00025
1.4631150980478167,0.00025
3.648567190733529,0.00025
1.8942089300632312,0.00025
1.0344572223215762,0.00025
0.3489228285172237,0.00025
0.5358239033935825,0.00025
1.8205557158408323,0.00025
0.8738593095325886,0.00025
0.8469930047034857,0.00025
1.3793767223581932,0.00025
0.6034772553852039,0.00025
1.1797122042689165,0.00025
0.4821273307567344,0.00025
3.9330003073406434,0.00025
0.576111584099819,0.00025
1.8325303864487557,0.00025
0.7726363123643835,0.00025
3.709867313784564,0.00025
0.692972190842154,0.00025
1.6543033937756342,0.00025
3.1459731350761144,0.00025
0.794707974681094,0.00025
0.37063166527497193,0.00025
2.8588176947551553,0.00025
0.6652686133303022,0.00025
1.197813569096017,0.00025
0.7344115994063599,0.00025
1.7334283892452602,0.00025
0.8599815643959701,0.00025
1.059517202032022,0.00025
1.650477464594003,0.00025
1.0594559010163964,0.00025
1.3089141321172486,0.00025
2.6840281868808913,0.00025
0.9356826122089946,0.00025
1.3532835903807459,0.00025
0.761807706355318,0.00025
1.3032792706683716,0.00025
3.654337994492149,0.00025
1.042926676430702,0.00025
2.107639149926371,0.00025
1.0722118673255763,0.00025
4.571764521989719,0.00025
1.1227591524823408,0.00025
1.506285810976181,0.00025
0.7155557238541521,0.00025
1.6930757283002478,0.00025
0.374665140374451,0.00025
0.9378547273925517,0.00025
0.159772574925792,0.00025
0.9305341812259807,0.00025
1.975245400759496,0.00025
0.8066429501593767,0.00025
1.3825439686117091,0.00025
0.503870403490382,0.00025
0.7798657504594843,0.00025
2.977810919984671,0.00025
3.533953235101641,0.00025
3.8650107957106425,0.00025
2.0850757006579475,0.00025
2.238205786331902,0.00025
3.0265385339458875,0.00025
2.0509422922421727,0.00025
0.365704699639155,0.00025
1.7071632376214885,0.00025
3.2122497951702575,0.00025
1.9435521282542985,0.00025
0.7348989242924371,0.00025
2.6067831480762464,0.00025
0.9907006227357854,0.00025
1.3199884537644802,0.00025
0.3285888455915539,0.00025
0.10164590106251724,0.00025
0.12026371596494141,0.00025
1.0789036608851617,0.00025
1.104074599734126,0.00025
0.9850122515453265,0.00025
1.405275332533066,0.00025
1.5295577072174231,0.00025
0.3559433966430424,0.00025
1.9206891787258593,0.00025
4.550540095280783,0.00025
7.64196096509632,0.00025
2.4912168765823415,0.00025
1.5977731135160191,0.00025
2.8528112849182516,0.00025
1.3600029746917601,0.00025
1.0056108087373006,0.00025
0.5289644660178574,0.00025
0.16573209008946077,0.00025
1.2223504648366972,0.00025
0.6902465714726087,0.00025
2.1592016729139947,0.00025
2.51635696828083,0.00025
2.1779921267462488,0.00025
1.5617350985010787,0.00025
3.733426861429604,0.00025
5.399341419106327,0.00025
0.5850718373337256,0.00025
1.8043014021598685,0.00025
0.10346349675873372,0.00025
2.1165989801327956,0.00025
1.4990157360083183,0.00025
1.2978854658282788,0.00025
0.5047952329307506,0.00025
2.362891702786571,0.00025
0.9570073507823194,0.00025
0.7944245674704241,0.00025
1.4899123771777694,0.00025
0.2869474916518547,0.00025
1.4258930629114348,0.00025
2.3752722163501003,0.00025
1.2887683691151215,0.00025
0.6127789246957787,0.00025
0.8476229594473581,0.00025
0.6580836142437194,0.00025
4.145416235010546,0.00025
1.2669719165558901,0.00025
1.0992679626467003,0.00025
3.071582209255729,0.00025
1.9835932583678182,0.00025
3.0912058345703515,0.00025
1.5862837673120231,0.00025
0.6713226559100333,0.00025
0.4634499359981681,0.00025
2.147948080695136,0.00025
2.106912867160268,0.00025
1.4249222387160074,0.00025
1.4319686308027766,0.00025
0.37675505757069216,0.00025
1.3373210301276917,0.00025
1.5749641254314588,0.00025
0.670995679455121,0.00025
0.5370160871420679,0.00025
1.1157873411269619,0.00025
1.5567552229614214,0.00025
3.956001298633363,0.00025
2.6520408365404413,0.00025
3.3455463238837178,0.00025
1.1663825688324396,0.00025
0.7249928704724025,0.00025
0.6658049506209273,0.00025
1.493455579599027,0.00025
0.8641582085187477,0.00025
1.236745539560797,0.00025
9.63308001152353,0.00025
0.9282020822435078,0.00025
3.165327406985888,0.00025
0.6396763512902959,0.00041220115416323167
3.448581022651168,0.00041220115416323167
0.7265127454675697,0.00041220115416323167
2.4266930259788766,0.00041220115416323167
0.2359397674593919,0.00041220115416323167
19.23807813899848,0.00041220115416323167
2.261136899256039,0.00041220115416323167
2.8003197523001684,0.00041220115416323167
3.1801429078348282,0.00041220115416323167
1.3527863169343641,0.00041220115416323167
2.2787520290604824,0.00041220115416323167
7.033860903199438,0.00041220115416323167
1.7102821495889633,0.00041220115416323167
2.8042177852928347,0.00041220115416323167
2.7048860469012563,0.00041220115416323167
5.259477504846632,0.00041220115416323167
2.7149367767720514,0.00041220115416323167
11.003266300511395,0.00041220115416323167
2.4752353047045537,0.00041220115416323167
4.660856314875376,0.00041220115416323167
1.4155249358309052,0.00041220115416323167
2.8996505840349647,0.00041220115416323167
9.685670399527247,0.00041220115416323167
1.475899890150481,0.00041220115416323167
1.8052586293177728,0.00041220115416323167
3.3535834151019364,0.00041220115416323167
6.654090862914487,0.00041220115416323167
4.651850736020623,0.00041220115416323167
20.524550800381302,0.00041220115416323167
2.077329380753982,0.00041220115416323167
4.300547226494433,0.00041220115416323167
17.001030918770415,0.00041220115416323167
2.256257343854741,0.00041220115416323167
6.82768036155322,0.00041220115416323167
4.245082756113069,0.00041220115416323167
31.7929505014876,0.00041220115416323167
5.769967886385567,0.00041220115416323167
2.0717194659904568,0.00041220115416323167
10.147360400668907,0.00041220115416323167
3.229989727939023,0.00041220115416323167
9.059854631977243,0.00041220115416323167
1.029410725118972,0.00041220115416323167
2.088031061275663,0.00041220115416323167
4.976214880235071,0.00041220115416323167
6.372768879981539,0.00041220115416323167
4.868486593259696,0.00041220115416323167
1.8020205692236877,0.00041220115416323167
6.30937764355767,0.00041220115416323167
22.337620762309776,0.00041220115416323167
7.678706260592161,0.00041220115416323167
6.570832336627379,0.00041220115416323167
3.8698248134407582,0.00041220115416323167
0.6382222662622429,0.00041220115416323167
5.229802788022404,0.00041220115416323167
12.212712799299975,0.00041220115416323167
8.000828290481888,0.00041220115416323167
2.3076685124137426,0.00041220115416323167
5.489244446396466,0.00041220115416323167
7.259562539113594,0.00041220115416323167
12.124018498258046,0.00041220115416323167
11.72150049487958,0.00041220115416323167
1.2949063685466395,0.00041220115416323167
2.6132664413949134,0.00041220115416323167
8.927375503600105,0.00041220115416323167
4.867563719033011,0.00041220115416323167
7.713441004387744,0.00041220115416323167
15.441894202533648,0.00041220115416323167
3.878071526766384,0.00041220115416323167
2.1049737485618585,0.00041220115416323167
7.1729479390490285,0.00041220115416323167
2.466831841374783,0.00041220115416323167
0.9115534180824855,0.00041220115416323167
0.21136054713342053,0.00041220115416323167
2.1241001294880895,0.00041220115416323167
5.325357435042228,0.00041220115416323167
6.2862752206057575,0.00041220115416323167
2.6244377899177245,0.00041220115416323167
13.930736521655778,0.00041220115416323167
5.484961207769884,0.00041220115416323167
12.763489596292874,0.00041220115416323167
2.833636832038849,0.00041220115416323167
1.430235775396973,0.00041220115416323167
4.684722412757957,0.00041220115416323167
6.188896508455414,0.00041220115416323167
3.428512304772702,0.00041220115416323167
4.702846713612265,0.00041220115416323167
9.209931494686968,0.00041220115416323167
7.600430528384983,0.00041220115416323167
8.413199431079509,0.00041220115416323167
1.2569578186294108,0.00041220115416323167
5.181475703109916,0.00041220115416323167
25.675043933491576,0.00041220115416323167
3.8346398979367757,0.00041220115416323167
3.1358536728624777,0.00041220115416323167
1.7343578084887845,0.00041220115416323167
2.0641034882297165,0.00041220115416323167
1.92969274858657,0.00041220115416323167
3.0853765388925645,0.00041220115416323167
5.153953178393112,0.00041220115416323167
3.4486933024712254,0.00041220115416323167
0.41059181276738826,0.00041220115416323167
5.489069764359453,0.00041220115416323167
0.45079733074366646,0.00041220115416323167
19.28019869847496,0.00041220115416323167
1.9346393913148903,0.00041220115416323167
4.171819377022057,0.00041220115416323167
2.8856390009842174,0.00041220115416323167
8.68743120047491,0.00041220115416323167
1.0980008387123292,0.00041220115416323167
2.15284456258561,0.00041220115416323167
3.9022864520837706,0.00041220115416323167
1.1678110476409502,0.00041220115416323167
1.1381888638019606,0.00041220115416323167
0.6364705419903399,0.00041220115416323167
1.8483625012979101,0.00041220115416323167
7.0207692398724575,0.00041220115416323167
3.3157604965133523,0.00041220115416323167
3.7895320359034295,0.00041220115416323167
1.845841498281723,0.00041220115416323167
5.584656318892311,0.00041220115416323167
7.133721794171608,0.00041220115416323167
0.8038382163030663,0.00041220115416323167
8.218153039370268,0.00041220115416323167
7.775778472067946,0.00041220115416323167
1.8021715239354659,0.00041220115416323167
6.010108053058805,0.00041220115416323167
6.345105098014392,0.00041220115416323167
3.1374982430211498,0.00041220115416323167
1.3540744716872477,0.00041220115416323167
1.4854577672338878,0.00041220115416323167
12.251809079413958,0.00041220115416323167
3.9105204480627567,0.00041220115416323167
2.462753711979687,0.00041220115416323167
2.52273686362741,0.00041220115416323167
3.578250093235474,0.00041220115416323167
0.9777537804088254,0.00041220115416323167
5.454962465743516,0.00041220115416323167
6.426892532021049,0.00041220115416323167
2.5633612565845123,0.00041220115416323167
9.791944350818826,0.00041220115416323167
1.3693691973920614,0.00041220115416323167
0.8889852988762452,0.00041220115416323167
3.4264636323542046,0.00041220115416323167
0.9633137801271642,0.00041220115416323167
6.182371522596183,0.00041220115416323167
1.8140364308294294,0.00041220115416323167
5.081463103423527,0.00041220115416323167
3.04871595328157,0.00041220115416323167
2.587120626077629,0.00041220115416323167
2.771709752219899,0.00041220115416323167
5.652326699257094,0.00041220115416323167
9.090007902226,0.00041220115416323167
0.8528194352810751,0.00041220115416323167
11.678178778068018,0.00041220115416323167
3.0737479731865807,0.00041220115416323167
5.412435569005606,0.00041220115416323167
7.876002044459329,0.00041220115416323167
5.301021782579918,0.00041220115416323167
6.133994636092682,0.00041220115416323167
1.2477305710619326,0.00041220115416323167
3.774304359682687,0.00041220115416323167
1.6107854352233748,0.00041220115416323167
3.915312975103548,0.00041220115416323167
4.325182374326863,0.00041220115416323167
5.554684315507126,0.00041220115416323167
0.2310249665538211,0.00041220115416323167
8.564428137216257,0.00041220115416323167
3.341624969684808,0.00041220115416323167
3.409290134462138,0.00041220115416323167
8.687868640018676,0.00041220115416323167
3.364669618542526,0.00041220115416323167
1.0290780343450947,0.00041220115416323167
3.306088849995455,0.00041220115416323167
1.1429610565875552,0.00041220115416323167
9.978148733308581,0.00041220115416323167
4.534159027370405,0.00041220115416323167
6.97092736354532,0.00041220115416323167
0.3466351986077258,0.00041220115416323167
3.455069610624827,0.00041220115416323167
10.65874743440046,0.00041220115416323167
5.803693378867318,0.00041220115416323167
6.498880454681903,0.00041220115416323167
3.4003225926411957,0.00041220115416323167
8.20730053784365,0.00041220115416323167
11.92506753412804,0.00041220115416323167
1.7292485896260614,0.00041220115416323167
1.7029016057992241,0.00041220115416323167
1.7471488908131148,0.00041220115416323167
0.6256172551391556,0.00041220115416323167
6.507804281028329,0.00041220115416323167
13.021538216783494,0.00041220115416323167
5.375763448240563,0.00041220115416323167
17.8560069563616,0.00041220115416323167
2.3970702214545256,0.00041220115416323167
4.124455178585526,0.00041220115416323167
4.976968058159487,0.00041220115416323167
3.5179387415741403,0.00041220115416323167
4.918268544899441,0.00041220115416323167
2.2582442406349825,0.00041220115416323167
4.261386424686616,0.00041220115416323167
8.401810469401454,0.00041220115416323167
5.694296885857955,0.00041220115416323167
2.7075806168925722,0.00041220115416323167
2.11939055899148,0.00041220115416323167
3.3020109917742206,0.00041220115416323167
2.399914565447809,0.00041220115416323167
2.5455675681309105,0.00041220115416323167
2.0719642195798444,0.00041220115416323167
12.620149904492164,0.00041220115416323167
0.3858815016044714,0.00041220115416323167
4.535094405172734,0.00041220115416323167
2.052079322136654,0.00041220115416323167
7.757466079652915,0.00041220115416323167
2.3745705071418532,0.00041220115416323167
1.8837277596914186,0.00041220115416323167
7.5700571230363956,0.00041220115416323167
2.2673448434302963,0.00041220115416323167
0.6909150295020344,0.00041220115416323167
8.574345890828823,0.00041220115416323167
3.3923694743105117,0.00041220115416323167
2.443882367415344,0.00041220115416323167
3.76790139777309,0.00041220115416323167
19.7392900772359,0.00041220115416323167
4.8820577132585505,0.00041220115416323167
5.640760462962784,0.00041220115416323167
7.085006743167907,0.00041220115416323167
4.151190533010008,0.00041220115416323167
1.445352172005153,0.00041220115416323167
1.4819347902136584,0.00041220115416323167
11.959390206286756,0.00041220115416323167
3.159917815693026,0.00041220115416323167
2.0734677576203175,0.00041220115416323167
0.36732021680338245,0.00041220115416323167
4.241399275969244,0.00041220115416323167
6.626908985467881,0.00041220115416323167
1.0475173984839359,0.00041220115416323167
3.941107305390431,0.00041220115416323167
0.5423672821540081,0.00041220115416323167
2.89825726761942,0.00041220115416323167
8.492093589814557,0.00041220115416323167
7.664798939166191,0.00041220115416323167
1.2810904192379973,0.00041220115416323167
3.2183158781392214,0.00041220115416323167
4.804288559217428,0.00041220115416323167
3.02646114222508,0.00041220115416323167
3.3057648615744872,0.00041220115416323167
1.8580021661585893,0.00041220115416323167
4.170061506808662,0.00041220115416323167
2.338679454331576,0.00041220115416323167
9.333343958367484,0.00041220115416323167
1.8757143612332166,0.00041220115416323167
2.6818983171712634,0.00041220115416323167
6.939716509775306,0.00041220115416323167
6.2347342552265195,0.00041220115416323167
6.117777648067235,0.00041220115416323167
0.7069106316811745,0.00041220115416323167
0.9879847107460606,0.00041220115416323167
5.147028051371414,0.00041220115416323167
1.352996675204672,0.00041220115416323167
5.026581383187638,0.00041220115416323167
5.887036544792676,0.00041220115416323167
4.474538773455493,0.00041220115416323167
3.0183879742045785,0.00041220115416323167
2.917600125561743,0.00041220115416323167
3.4460955388444523,0.00041220115416323167
3.293164698505347,0.00041220115416323167
1.8802126032391893,0.00041220115416323167
4.243581775881296,0.00041220115416323167
1.8061946540892468,0.00041220115416323167
3.675980187528087,0.00041220115416323167
12.303349719450878,0.00041220115416323167
2.7571559290491683,0.00041220115416323167
11.76385001996915,0.00041220115416323167
1.7196297204376993,0.00041220115416323167
3.9865879878696244,0.00041220115416323167
3.3249592766139915,0.00041220115416323167
2.3578537564417084,0.00041220115416323167
19.7197052194931,0.00041220115416323167
5.893399395300418,0.00041220115416323167
1.4323328674137206,0.00041220115416323167
4.7380002352271235,0.00041220115416323167
4.3462883637717455,0.00041220115416323167
2.043672222279579,0.00041220115416323167
1.9544494831135946,0.00041220115416323167
5.300614731486369,0.00041220115416323167
4.608668395018421,0.00041220115416323167
3.1879422146665735,0.00041220115416323167
0.572773061212847,0.00041220115416323167
8.834954365707137,0.00041220115416323167
7.379456602918118,0.00041220115416323167
3.7537731959982956,0.00041220115416323167
5.888290263990821,0.00041220115416323167
5.061676207594472,0.00041220115416323167
0.5115836221352174,0.00041220115416323167
2.979965815354232,0.00041220115416323167
4.82712074893977,0.00041220115416323167
1.5873830063654955,0.00041220115416323167
2.2471332114820584,0.00041220115416323167
10.528647534682936,0.00041220115416323167
8.632860504435934,0.00041220115416323167
5.227607078685372,0.00041220115416323167
3.681203039898808,0.00041220115416323167
1.4537549616237382,0.00041220115416323167
5.457151715665767,0.00041220115416323167
23.555022466122146,0.00041220115416323167
6.6167948912512164,0.00041220115416323167
2.1746950870873767,0.00041220115416323167
2.3744676970270784,0.00041220115416323167
2.610665938175342,0.00041220115416323167
1.714162730755474,0.00041220115416323167
8.430307361232144,0.00041220115416323167
1.9078612524529408,0.00041220115416323167
5.621036129368289,0.00041220115416323167
1.4458499338024045,0.00041220115416323167
3.8363382927257104,0.00041220115416323167
7.679957537431085,0.00041220115416323167
8.818002601044208,0.00041220115416323167
1.5591822103466697,0.00041220115416323167
3.615918733201474,0.00041220115416323167
2.190187754369965,0.00041220115416323167
9.421545596824387,0.00041220115416323167
1.6792568979992881,0.00041220115416323167
1.4145830839059728,0.00041220115416323167
2.872090577154733,0.00041220115416323167
1.9045031188279362,0.00041220115416323167
1.0104394344596213,0.00041220115416323167
3.056170916828522,0.00041220115416323167
1.494473940281362,0.00041220115416323167
10.72020303590722,0.00041220115416323167
2.960105333400933,0.00041220115416323167
0.6989332037740726,0.00041220115416323167
10.848595593373085,0.00041220115416323167
15.83681274800621,0.00041220115416323167
9.703606483782458,0.00041220115416323167
3.1899429137613735,0.00041220115416323167
3.3141068594095144,0.00041220115416323167
3.6352224559522157,0.00041220115416323167
4.578363255010491,0.00041220115416323167
2.1697111159474223,0.00041220115416323167
1.4072595467406293,0.00041220115416323167
2.8780386219913194,0.00041220115416323167
3.5251429764660265,0.00041220115416323167
2.4182416393327557,0.00041220115416323167
2.464379997265102,0.00041220115416323167
1.979582374715906,0.00041220115416323167
1.8531350558665967,0.00041220115416323167
1.398832067534977,0.00041220115416323167
7.072562191330048,0.00041220115416323167
1.361442395369908,0.00041220115416323167
3.091004645200294,0.00041220115416323167
3.167673023588104,0.00041220115416323167
2.337137324449569,0.00041220115416323167
3.068979268320605,0.00041220115416323167
6.708162085842952,0.00041220115416323167
1.3484720884218868,0.00041220115416323167
2.9379781132305913,0.00041220115416323167
1.1783041928280833,0.00041220115416323167
4.521886738414152,0.00041220115416323167
7.197416563330023,0.00041220115416323167
2.271411965162433,0.00041220115416323167
10.334809152794811,0.00041220115416323167
12.009483160369077,0.00041220115416323167
4.705990220006869,0.00041220115416323167
1.2384044283463551,0.00041220115416323167
3.2386354061280356,0.00041220115416323167
7.43159315481442,0.00041220115416323167
10.094218274120085,0.00041220115416323167
7.970969183189249,0.00041220115416323167
2.025203437936636,0.00041220115416323167
1.6654339415977253,0.00041220115416323167
4.919432217449341,0.00041220115416323167
5.354011606001662,0.00041220115416323167
2.1655137000360325,0.00041220115416323167
5.59790591646662,0.00041220115416323167
0.6306548893295079,0.00041220115416323167
4.052172238467846,0.00041220115416323167
0.968022858403901,0.00041220115416323167
3.3412744427667764,0.00041220115416323167
9.411786195605677,0.00041220115416323167
2.0915847024049086,0.00041220115416323167
1.964642211804022,0.00041220115416323167
3.35399494875154,0.00041220115416323167
2.9147786517286574,0.00041220115416323167
10.334084315640355,0.00041220115416323167
0.45241462928704956,0.00041220115416323167
1.4826408437077165,0.00041220115416323167
2.2526270149091188,0.00041220115416323167
3.2642790543205997,0.00041220115416323167
0.43554464327960424,0.00041220115416323167
8.857330618293515,0.00041220115416323167
3.0583738752798317,0.00041220115416323167
1.0968231123839358,0.00041220115416323167
10.078565991202831,0.00041220115416323167
1.639254786243212,0.00041220115416323167
3.488092162156837,0.00041220115416323167
5.241175211893272,0.00041220115416323167
3.2802249346361636,0.00041220115416323167
2.3412956385900543,0.00041220115416323167
4.969423308424874,0.00041220115416323167
3.1240260876042494,0.00041220115416323167
5.21145431677471,0.00041220115416323167
2.669707417287493,0.00041220115416323167
2.0019510073656783,0.00041220115416323167
8.384413994365355,0.00041220115416323167
5.7416536591823695,0.00041220115416323167
15.011998781657477,0.00041220115416323167
5.856338415546536,0.00041220115416323167
3.7419229189963916,0.00041220115416323167
13.352911095769327,0.00041220115416323167
3.4369628913077634,0.00041220115416323167
4.783554362866927,0.00041220115416323167
5.439145944515178,0.00041220115416323167
5.680467235601959,0.00041220115416323167
8.120629118885057,0.00041220115416323167
4.4758472865501835,0.00041220115416323167
4.639852782702831,0.00041220115416323167
6.579838423444697,0.00041220115416323167
7.503048130973708,0.00041220115416323167
2.415502426881541,0.00041220115416323167
2.3460850993483815,0.00041220115416323167
0.46465769386040934,0.00041220115416323167
3.7116476147155244,0.00041220115416323167
2.0283566124992625,0.00041220115416323167
5.531602593975973,0.00041220115416323167
4.889294857928586,0.00041220115416323167
4.967656478786918,0.00041220115416323167
2.967621665077729,0.00041220115416323167
4.1555361468922065,0.00041220115416323167
5.934001756508542,0.00041220115416323167
2.536445998475998,0.00041220115416323167
5.450348260962131,0.00041220115416323167
3.04839452813736,0.00041220115416323167
2.276136446870153,0.00041220115416323167
2.491325744663475,0.00041220115416323167
29.10060997634592,0.00041220115416323167
8.265596992624088,0.00041220115416323167
2.3153280085277808,0.00041220115416323167
2.094054918706297,0.00041220115416323167
8.794764055238517,0.00041220115416323167
4.222897683175842,0.00041220115416323167
6.749608102265755,0.00041220115416323167
5.6926081969014355,0.00041220115416323167
7.59150821289825,0.00041220115416323167
3.41703502330008,0.00041220115416323167
2.5833159523628386,0.00041220115416323167
6.894697630792808,0.00041220115416323167
1.7291830312867114,0.00041220115416323167
1.0504903908285301,0.00041220115416323167
1.8060819950870277,0.00041220115416323167
7.220851755188206,0.00041220115416323167
4.458536918132528,0.00041220115416323167
2.4994667218398763,0.00041220115416323167
3.3044367976955247,0.00041220115416323167
2.9920949578655343,0.00041220115416323167
4.030570118736858,0.00041220115416323167
0.7578248616875197,0.00041220115416323167
6.761731059482124,0.00041220115416323167
3.4155583730012555,0.00041220115416323167
7.7405443940428835,0.00041220115416323167
0.904978743244934,0.00041220115416323167
11.064898313002265,0.00041220115416323167
7.660244271979829,0.00041220115416323167
7.197678811091719,0.00041220115416323167
6.084534330756165,0.00041220115416323167
5.759930263107142,0.00041220115416323167
9.32767619776086,0.00041220115416323167
1.9762769958813595,0.00041220115416323167
10.127986107881648,0.00041220115416323167
2.755708846565339,0.00041220115416323167
5.587670969605282,0.00041220115416323167
6.915657766003257,0.00041220115416323167
8.406517095223128,0.00041220115416323167
10.297360969184064,0.00041220115416323167
2.4981813233404417,0.00041220115416323167
5.211762278979243,0.00041220115416323167
3.9128353768062683,0.00041220115416323167
3.8316625461621334,0.00041220115416323167
1.1752733611471065,0.00041220115416323167
3.4199521999721085,0.00041220115416323167
9.93451204659857,0.00041220115416323167
2.1873087638994786,0.00041220115416323167
2.6353164246961125,0.00041220115416323167
0.8168666097886623,0.00041220115416323167
1.6552230190525015,0.00041220115416323167
3.32038005401028,0.00041220115416323167
4.923220416331812,0.00041220115416323167
2.615736504734295,0.00041220115416323167
3.575099351573956,0.00041220115416323167
3.430791954952342,0.00041220115416323167
4.593949033826317,0.00041220115416323167
5.197490804891382,0.00041220115416323167
18.936279113478044,0.00041220115416323167
2.5890000778792355,0.00041220115416323167
3.7181606408321217,0.00041220115416323167
6.501360028569681,0.00041220115416323167
15.322716634094158,0.00041220115416323167
5.498253050882605,0.00041220115416323167
5.7958038782872805,0.00041220115416323167
3.6813716308221034,0.00041220115416323167
3.363901656407079,0.00041220115416323167
17.922079263249568,0.00041220115416323167
3.233510300380223,0.00041220115416323167
2.300524716826454,0.00041220115416323167
2.0212068651670307,0.00041220115416323167
2.4114360208264194,0.00041220115416323167
3.2578627336404695,0.00041220115416323167
4.339346892335074,0.00041220115416323167
13.026806654270287,0.00041220115416323167
5.798850551391928,0.00041220115416323167
19.758114997660204,0.00041220115416323167
1.1963336035130905,0.00041220115416323167
19.324474007262012,0.00041220115416323167
7.925806107609343,0.00041220115416323167
14.28294271253572,0.00041220115416323167
5.506466957217807,0.00041220115416323167
1.2049646211674812,0.00041220115416323167
2.7559122140472763,0.00041220115416323167
4.352121160282288,0.00041220115416323167
17.63264089641308,0.00041220115416323167
2.4226929156070653,0.00041220115416323167
0.3688883625280649,0.00041220115416323167
15.150719885957006,0.00041220115416323167
2.1638238063906514,0.00041220115416323167
3.3923493876447908,0.00041220115416323167
3.0500948755880306,0.00041220115416323167
3.677166849535628,0.00041220115416323167
2.3767989464760855,0.00041220115416323167
2.9526798128642104,0.00041220115416323167
7.022081951761999,0.00041220115416323167
3.2516738408309025,0.00041220115416323167
3.605883961626506,0.00041220115416323167
9.352755470086565,0.00041220115416323167
7.237973208649336,0.00041220115416323167
7.568184662559334,0.00041220115416323167
6.814701794311681,0.00041220115416323167
3.524686826076213,0.00041220115416323167
10.546326494594709,0.00041220115416323167
5.329343953803159,0.00041220115416323167
1.9650608504467408,0.00041220115416323167
1.5193769458839599,0.00041220115416323167
3.1324999108117346,0.00041220115416323167
3.307576405605723,0.00041220115416323167
3.709859422074091,0.00041220115416323167
1.173784375637494,0.00041220115416323167
6.2269166920612475,0.00041220115416323167
6.826776679124776,0.00041220115416323167
2.69207151616599,0.00041220115416323167
3.7835625514754265,0.00041220115416323167
6.086157658707992,0.00041220115416323167
4.812532492703153,0.00041220115416323167
7.729575361008955,0.00041220115416323167
2.2332640257262515,0.00041220115416323167
2.3517879676421263,0.00041220115416323167
5.025734958555379,0.00041220115416323167
0.7350669663794589,0.00041220115416323167
4.7494954692156774,0.00041220115416323167
6.233570351016008,0.00041220115416323167
6.311834517519583,0.00041220115416323167
4.486187871415969,0.00041220115416323167
8.63192558528318,0.00041220115416323167
5.034928303162013,0.00041220115416323167
5.144150904010236,0.00041220115416323167
8.602863034298753,0.00041220115416323167
19.016603370668054,0.00041220115416323167
7.48394637680634,0.00041220115416323167
7.7385343861040425,0.00041220115416323167
5.253111248750128,0.00041220115416323167
4.463991594969364,0.00041220115416323167
7.908484593058876,0.00041220115416323167
2.4367817414103614,0.00041220115416323167
1.3734544712911456,0.00041220115416323167
4.357103699635385,0.00041220115416323167
4.017872075443756,0.00041220115416323167
4.19219031744092,0.00041220115416323167
5.506970088243615,0.00041220115416323167
9.41694401141077,0.00041220115416323167
1.882085531180222,0.00041220115416323167
2.3140257338330987,0.00041220115416323167
9.276601694165207,0.00041220115416323167
2.1257090335046738,0.00041220115416323167
3.041173383145259,0.00041220115416323167
5.626793251509558,0.00041220115416323167
3.4254608597489073,0.00041220115416323167
1.311542461378069,0.00041220115416323167
5.109559200830886,0.00041220115416323167
13.59721405285694,0.00041220115416323167
2.757049526643044,0.00041220115416323167
7.114621066871839,0.00041220115416323167
3.6692608376421147,0.00041220115416323167
3.4599477326080197,0.00041220115416323167
4.562165221215975,0.00041220115416323167
3.326417517293052,0.00041220115416323167
7.525425952944617,0.00041220115416323167
3.3887097092861262,0.00041220115416323167
3.486389209507028,0.00041220115416323167
3.5151847356465016,0.00041220115416323167
3.620101601462881,0.00041220115416323167
6.364150378299785,0.00041220115416323167
6.435160330494041,0.00041220115416323167
3.9588443692042614,0.00041220115416323167
3.90830424848317,0.00041220115416323167
2.3093637993797045,0.00041220115416323167
9.539769278741936,0.00041220115416323167
3.2964765031868377,0.00041220115416323167
2.2671707662030496,0.00041220115416323167
4.141915744798174,0.00041220115416323167
1.3887245573704623,0.00041220115416323167
4.474546294100716,0.00041220115416323167
0.7890645732257068,0.00041220115416323167
1.640573539864678,0.00041220115416323167
3.1250331903728874,0.00041220115416323167
1.2658231745786739,0.00041220115416323167
10.39441074889271,0.00041220115416323167
7.968551247239362,0.00041220115416323167
6.07955470651089,0.00041220115416323167
5.357967207553891,0.00041220115416323167
29.87823496157592,0.00041220115416323167
8.254287052213641,0.00041220115416323167
1.638469253957462,0.00041220115416323167
2.5143342198378544,0.00041220115416323167
2.0813617032826666,0.00041220115416323167
1.5410442866074832,0.00041220115416323167
6.407624857587148,0.00041220115416323167
4.727877891313911,0.00041220115416323167
8.228539594428515,0.00041220115416323167
4.215924277696687,0.00041220115416323167
8.157232457827766,0.00041220115416323167
6.289706260782152,0.00041220115416323167
6.396048571739439,0.00041220115416323167
3.177145322701733,0.00041220115416323167
4.021099948887501,0.00041220115416323167
3.9173914831340033,0.00041220115416323167
7.948738759057181,0.00041220115416323167
12.72502364135167,0.00041220115416323167
10.877061644642586,0.00041220115416323167
3.1908203342712715,0.00041220115416323167
0.6158045829626327,0.00041220115416323167
3.565308424681698,0.00041220115416323167
1.581282756817132,0.00041220115416323167
2.3593892545565636,0.00041220115416323167
8.074707073435283,0.00041220115416323167
13.252067236815039,0.00041220115416323167
3.768485898190441,0.00041220115416323167
1.7006093858982403,0.00041220115416323167
1.2562347867186197,0.00041220115416323167
7.8186866686114564,0.00041220115416323167
7.685007067241715,0.00041220115416323167
6.413190858542346,0.00041220115416323167
3.1797746620885534,0.00041220115416323167
5.768525408574887,0.00041220115416323167
10.01892938806539,0.00041220115416323167
6.739100816163499,0.00041220115416323167
8.692476830204836,0.00041220115416323167
2.0229598569211227,0.00041220115416323167
5.180499751492348,0.00041220115416323167
4.4186890880192236,0.00041220115416323167
1.7758389616290566,0.00041220115416323167
1.4676518182745715,0.00041220115416323167
11.405757823161725,0.00041220115416323167
4.606661430203761,0.00041220115416323167
2.1382546214451637,0.00041220115416323167
7.6326312242022265,0.00041220115416323167
21.39951790644194,0.00041220115416323167
2.3916854277602337,0.00041220115416323167
8.0237633223425,0.00041220115416323167
5.851320234043887,0.00041220115416323167
6.664770571298892,0.00041220115416323167
6.5239369434347285,0.00041220115416323167
1.2017814592239013,0.00041220115416323167
1.7217526370616882,0.00041220115416323167
5.6955694689915815,0.00041220115416323167
1.2704765831981535,0.00041220115416323167
1.0524713624893114,0.00041220115416323167
2.002545158065052,0.00041220115416323167
1.2085820837942687,0.00041220115416323167
2.735325063860517,0.00041220115416323167
4.0827047295962124,0.00041220115416323167
2.2774849391809298,0.00041220115416323167
0.6959190068642257,0.00041220115416323167
3.52507135671784,0.00041220115416323167
6.245060167143001,0.00041220115416323167
8.18106651945007,0.00041220115416323167
3.915073092576466,0.00041220115416323167
12.766265426190687,0.00041220115416323167
10.96614414266693,0.00041220115416323167
2.3570633308968385,0.00041220115416323167
5.568774937605802,0.00041220115416323167
1.2168323948141506,0.00041220115416323167
6.372045676360881,0.00041220115416323167
3.81798108447859,0.00041220115416323167
2.8493894034713847,0.00041220115416323167
1.5388402425050152,0.00041220115416323167
6.19257346937619,0.00041220115416323167
2.325752717225697,0.00041220115416323167
4.311162853482165,0.00041220115416323167
2.7385751412990644,0.00041220115416323167
2.738359036086193,0.00041220115416323167
1.7866115420805007,0.00041220115416323167
0.742095391600818,0.00041220115416323167
1.7443285695782635,0.00041220115416323167
3.888360067466192,0.00041220115416323167
4.725028495008787,0.00041220115416323167
5.469200490731511,0.00041220115416323167
2.525901413047181,0.00041220115416323167
1.0704354659295852,0.00041220115416323167
0.9594732963736735,0.00041220115416323167
4.012176607855109,0.00041220115416323167
2.7619441368385536,0.00041220115416323167
6.999019260193052,0.00041220115416323167
4.821109088336493,0.00041220115416323167
1.8554152868760267,0.00041220115416323167
3.770667817787822,0.00041220115416323167
6.8085439267439805,0.00041220115416323167
7.37640495509676,0.00041220115416323167
3.3646492907474075,0.00041220115416323167
1.5678490318450642,0.00041220115416323167
6.0894855841173445,0.00041220115416323167
5.122025585953495,0.00041220115416323167
5.685781883379788,0.00041220115416323167
5.402938810453011,0.00041220115416323167
4.086874147571913,0.00041220115416323167
17.11598023623603,0.00041220115416323167
1.3721860585687784,0.00041220115416323167
2.3670384230909947,0.00041220115416323167
5.909471748195392,0.00041220115416323167
5.760518330847632,0.00041220115416323167
1.4147963289191756,0.00041220115416323167
4.81119043803437,0.00041220115416323167
4.965706408231418,0.00041220115416323167
2.059821884726805,0.00041220115416323167
5.09594836385698,0.00041220115416323167
7.164021936037724,0.00041220115416323167
6.086633442233814,0.00041220115416323167
8.079952862700939,0.00041220115416323167
6.498857605339134,0.00041220115416323167
0.8272353440373796,0.00041220115416323167
6.642113287948283,0.00041220115416323167
1.8255828952661324,0.00041220115416323167
3.276637565186991,0.00041220115416323167
2.777094070361522,0.00041220115416323167
1.120850897835529,0.00041220115416323167
3.4977894241650307,0.00041220115416323167
6.910535788598772,0.00041220115416323167
2.7213088933302316,0.00041220115416323167
5.215971733773137,0.00041220115416323167
3.9439711695962756,0.00041220115416323167
4.513121815207114,0.00041220115416323167
16.149508151819624,0.00041220115416323167
2.440442236383165,0.00041220115416323167
8.624954718635045,0.00041220115416323167
5.265584040895341,0.00041220115416323167
5.934540093770336,0.00041220115416323167
0.376527887661923,0.00041220115416323167
2.2599532302640593,0.00041220115416323167
3.835358391961636,0.00041220115416323167
1.9207007908269818,0.00041220115416323167
3.181746961778549,0.00041220115416323167
0.47817930676722586,0.00041220115416323167
2.980724529743281,0.00041220115416323167
3.247837294185469,0.00041220115416323167
10.839139069520499,0.00041220115416323167
4.084049244142698,0.00041220115416323167
2.139447647703213,0.00041220115416323167
7.48893508260695,0.00041220115416323167
6.598389662636095,0.00041220115416323167
9.678969745675545,0.00041220115416323167
5.201162064772399,0.00041220115416323167
5.214333296857211,0.00041220115416323167
1.193123307559872,0.00041220115416323167
3.5203290558856892,0.00041220115416323167
2.965636874964361,0.00041220115416323167
7.586461753731912,0.00041220115416323167
3.1045687928003196,0.00041220115416323167
0.484796347633535,0.00041220115416323167
7.124096130715457,0.00041220115416323167
0.7977432531748097,0.00041220115416323167
3.0948940709537234,0.00041220115416323167
9.241611500318076,0.00041220115416323167
11.021346805265315,0.00041220115416323167
0.9495321157451515,0.00041220115416323167
10.392369221868424,0.00041220115416323167
5.3237072156726555,0.00041220115416323167
1.5657147690381739,0.00041220115416323167
1.8124043243409618,0.00041220115416323167
3.443519496148053,0.00041220115416323167
3.416509487475073,0.00041220115416323167
0.8663453369393843,0.00041220115416323167
1.4233935857673876,0.00041220115416323167
9.634950339425737,0.00041220115416323167
5.0528393618788865,0.00041220115416323167
5.9352898640825,0.00041220115416323167
4.980659746414381,0.00041220115416323167
12.176207935176746,0.00041220115416323167
2.552468316776484,0.00041220115416323167
4.5845709564020085,0.00041220115416323167
6.6191033739391285,0.00041220115416323167
5.793558846649101,0.00041220115416323167
5.110241389939858,0.00041220115416323167
7.309684890368151,0.00041220115416323167
4.050269013539655,0.00041220115416323167
3.1519574955659655,0.00041220115416323167
1.4197163437584057,0.00041220115416323167
3.564489273803217,0.00041220115416323167
4.427140418792391,0.00041220115416323167
17.237569546037896,0.00041220115416323167
3.330028067267548,0.00041220115416323167
3.0975492167644494,0.00041220115416323167
7.613628701523218,0.00041220115416323167
2.0349347974212457,0.00041220115416323167
7.060195989584763,0.00041220115416323167
2.531330090703539,0.00041220115416323167
2.9501578889073463,0.00041220115416323167
13.331932139434988,0.00041220115416323167
4.552319799653154,0.00041220115416323167
3.732547087979621,0.00041220115416323167
8.710545922819982,0.00041220115416323167
2.5034398126032746,0.00041220115416323167
1.6711109002314954,0.00041220115416323167
2.9225193508911382,0.00041220115416323167
8.944747566727248,0.00041220115416323167
8.612279568049598,0.00041220115416323167
3.977824422098738,0.00041220115416323167
3.0641112704382905,0.00041220115416323167
9.199493625126001,0.00041220115416323167
8.683617645267697,0.00041220115416323167
4.267232796820146,0.00041220115416323167
4.915765442621843,0.00041220115416323167
2.868131660252751,0.00041220115416323167
2.500364710734081,0.00041220115416323167
3.458183964703502,0.00041220115416323167
3.1275054757698464,0.00041220115416323167
5.471898520643378,0.00041220115416323167
6.147675662675279,0.00041220115416323167
15.883695559324568,0.00041220115416323167
6.225587036745145,0.00041220115416323167
5.254348811945836,0.00041220115416323167
2.0423432652409605,0.00041220115416323167
3.971915842951916,0.00041220115416323167
10.064615116373506,0.00041220115416323167
9.163430288193211,0.00041220115416323167
18.013980202252533,0.00041220115416323167
2.4796288501907893,0.00041220115416323167
2.0882531706807033,0.00041220115416323167
8.523698695057453,0.00041220115416323167
5.470008870905242,0.00041220115416323167
4.917141592207559,0.00041220115416323167
1.7583926738927154,0.00041220115416323167
3.298808264917711,0.00041220115416323167
4.813953032995864,0.00041220115416323167
2.8289048285508223,0.00041220115416323167
0.7954839101478531,0.00041220115416323167
4.478131471319943,0.00041220115416323167
9.57945748616282,0.00041220115416323167
5.233488154044388,0.00041220115416323167
9.315942730011852,0.00041220115416323167
1.2526658638555324,0.00041220115416323167
7.819524431966138,0.00041220115416323167
3.011924920757292,0.00041220115416323167
2.9695149951784416,0.00041220115416323167
1.9998748966700357,0.00041220115416323167
4.994850605245249,0.00041220115416323167
3.613548642395814,0.00041220115416323167
20.6371660320667,0.00041220115416323167
2.4389363425917385,0.00041220115416323167
4.947781617486852,0.00041220115416323167
4.967058650581662,0.00041220115416323167
2.0035432363910464,0.00041220115416323167
3.8096731358548634,0.00041220115416323167
4.219288727630468,0.00041220115416323167
4.141213604975747,0.00041220115416323167
4.451872464044576,0.00041220115416323167
4.493069733849723,0.00041220115416323167
2.358966185734668,0.00041220115416323167
5.285773025429256,0.00041220115416323167
4.362700776594681,0.00041220115416323167
3.598805373420076,0.00041220115416323167
5.84302404657691,0.00041220115416323167
3.5589853259039796,0.00041220115416323167
5.296026623158983,0.00041220115416323167
8.72542935259971,0.00041220115416323167
7.77596266887912,0.00041220115416323167
5.505731432547208,0.00041220115416323167
6.804455604371716,0.00041220115416323167
2.85909677149247,0.00041220115416323167
3.19843083130311,0.00041220115416323167
3.4332073523001783,0.00041220115416323167
6.928449405400131,0.00041220115416323167
2.6654186095985493,0.00041220115416323167
2.387824545807891,0.00041220115416323167
5.05819093880935,0.00041220115416323167
3.3719395196163786,0.00041220115416323167
3.648279130520679,0.00041220115416323167
3.2499577305098,0.00041220115416323167
5.510834453779253,0.00041220115416323167
2.91077966518976,0.00041220115416323167
4.415207671091601,0.00041220115416323167
2.9795217878392233,0.00041220115416323167
8.093726344272737,0.00041220115416323167
3.484360264438036,0.00041220115416323167
2.8139912569372267,0.00041220115416323167
4.285566452218702,0.00041220115416323167
5.851048116190131,0.00041220115416323167
9.493313898095428,0.00041220115416323167
11.806000428470252,0.00041220115416323167
4.390765420372642,0.00041220115416323167
2.451883621254501,0.00041220115416323167
3.823295721594129,0.00041220115416323167
6.407420481110624,0.00041220115416323167
7.280976706948729,0.00041220115416323167
5.601423706900516,0.00041220115416323167
4.446975364516924,0.00041220115416323167
7.439110708169494,0.00041220115416323167
10.472395135707004,0.00041220115416323167
4.345477582692705,0.00041220115416323167
11.606759882096028,0.00041220115416323167
2.355516545266174,0.00041220115416323167
4.586391495400086,0.00041220115416323167
2.8751136995317457,0.00041220115416323167
3.4869457910088886,0.00041220115416323167
8.22953701255725,0.00041220115416323167
5.462883509892348,0.00041220115416323167
3.8426865116218316,0.00041220115416323167
3.6949939557322464,0.00041220115416323167
2.4694755480871837,0.00041220115416323167
2.4946523757125285,0.00041220115416323167
10.902553355820139,0.00041220115416323167
6.187943318197752,0.00041220115416323167
4.202149194956659,0.00041220115416323167
5.044852289967487,0.00041220115416323167
5.719238869658689,0.00041220115416323167
2.0311049939960526,0.00041220115416323167
2.706119183095902,0.00041220115416323167
2.7136966849291313,0.00041220115416323167
3.2127485951145727,0.00041220115416323167
6.491052859513845,0.00041220115416323167
7.476330083456483,0.00041220115416323167
3.925779191608591,0.00041220115416323167
14.123273183969241,0.00041220115416323167
6.1243681536210985,0.00041220115416323167
11.49422560103992,0.00041220115416323167
3.6494480917993344,0.00041220115416323167
4.766547574064387,0.00041220115416323167
3.29651218647996,0.00041220115416323167
4.03401474514603,0.00041220115416323167
3.799530353776297,0.00041220115416323167
2.2081924141475255,0.00041220115416323167
4.654941807691974,0.00041220115416323167
3.356787044802909,0.00041220115416323167
1.9657847102861383,0.00041220115416323167
0.5975433517655743,0.00041220115416323167
2.1156538000061884,0.00041220115416323167
1.3245498700066716,0.00041220115416323167
4.000184463314368,0.00041220115416323167
8.460539820619069,0.00041220115416323167
6.261842275712663,0.00041220115416323167
0.6185972121710956,0.00041220115416323167
4.385350577360848,0.00041220115416323167
8.906851919931286,0.00041220115416323167
3.1939964691313945,0.00041220115416323167
2.452232738862121,0.00041220115416323167
2.3338284284954205,0.00041220115416323167
2.175796617044559,0.00041220115416323167
6.226079331372039,0.00041220115416323167
1.3868943330000385,0.00041220115416323167
4.712184428942426,0.00041220115416323167
4.723123099706455,0.00041220115416323167
6.290208878932648,0.00041220115416323167
4.4527291328780505,0.00041220115416323167
1.2594350096870117,0.00041220115416323167
4.307673782049026,0.00041220115416323167
4.391201518423936,0.00041220115416323167
5.204619371236491,0.00041220115416323167
3.7698386576680227,0.00041220115416323167
4.710464880502563,0.00041220115416323167
0.5691965324839803,0.00041220115416323167
1.59643547076956,0.00041220115416323167
2.8742298877352517,0.00041220115416323167
2.636530256787654,0.00041220115416323167
2.3876744288738974,0.00041220115416323167
4.078453748699351,0.00041220115416323167
2.9980262330062306,0.00041220115416323167
2.0885927047201682,0.00041220115416323167
1.8381217045279794,0.00041220115416323167
4.238267722077087,0.00041220115416323167
8.448273661908727,0.00041220115416323167
6.442211811343762,0.00041220115416323167
4.997000814649548,0.00041220115416323167
4.233939518534609,0.00041220115416323167
0.9966481847178609,0.00041220115416323167
4.882534330122622,0.00041220115416323167
6.858382182080516,0.00041220115416323167
0.8307139013890246,0.00041220115416323167
4.514545989223511,0.00041220115416323167
3.4302768313510956,0.00041220115416323167
7.862525342611046,0.00041220115416323167
6.775535695635964,0.00041220115416323167
6.360628201009421,0.00041220115416323167
3.9533490893857777,0.00041220115416323167
5.483041764899634,0.00041220115416323167
6.671163255384265,0.00041220115416323167
5.517512611163005,0.00041220115416323167
4.5983300855874205,0.00041220115416323167
1.7401776808017264,0.00041220115416323167
2.6890403334786064,0.00041220115416323167
2.538425070698963,0.00041220115416323167
1.0906722943340699,0.00041220115416323167
4.543850999923984,0.00041220115416323167
7.7703582494494645,0.00041220115416323167
2.1438065273642297,0.00041220115416323167
3.6219647358175275,0.00041220115416323167
3.30089019692396,0.00041220115416323167
5.669461900462502,0.00041220115416323167
1.0163221395311497,0.00041220115416323167
1.5888813569551665,0.00041220115416323167
5.8824452454688,0.00041220115416323167
3.19870917615073,0.00041220115416323167
2.999512807660021,0.00041220115416323167
5.817209583008331,0.00041220115416323167
3.144238188141846,0.00041220115416323167
1.6677465230107376,0.00041220115416323167
6.703238759176923,0.00041220115416323167
14.358710617133054,0.00041220115416323167
1.1879765185636577,0.00041220115416323167
1.7491018669250797,0.00041220115416323167
1.3018138160543302,0.00041220115416323167
12.855945328792057,0.00041220115416323167
4.72311112177144,0.00041220115416323167
16.342458481100202,0.00041220115416323167
5.629337438277777,0.00041220115416323167
1.6353259530783657,0.00041220115416323167
16.90609461073927,0.00041220115416323167
3.7714777646485445,0.00041220115416323167
0.927657619607174,0.00041220115416323167
0.8343899973814192,0.00041220115416323167
1.854439105609756,0.00041220115416323167
1.332427252256567,0.00041220115416323167
1.802209066956637,0.00041220115416323167
1.706718097559556,0.00041220115416323167
5.06834762997877,0.00041220115416323167
9.408117842711736,0.00041220115416323167
2.2257283177643474,0.00041220115416323167
8.626815103912405,0.00041220115416323167
10.803824502236969,0.00041220115416323167
5.923267259604724,0.00041220115416323167
8.500925092060777,0.00041220115416323167
3.9783170587966947,0.00041220115416323167
2.626958748564891,0.00041220115416323167
3.7280110550979755,0.00041220115416323167
4.905486306061756,0.00041220115416323167
4.723902642422658,0.00041220115416323167
5.098880936924884,0.00041220115416323167
6.555605821274982,0.00041220115416323167
5.525411074363873,0.00041220115416323167
2.640349113353694,0.00041220115416323167
9.341346736617398,0.00041220115416323167
10.427022257601548,0.00041220115416323167
1.9715147431494218,0.00041220115416323167
9.424065434475622,0.00041220115416323167
2.0854605656826797,0.00041220115416323167
7.805180340496431,0.00041220115416323167
7.74586968363946,0.00041220115416323167
8.972547065753774,0.00041220115416323167
1.8611001371450913,0.00041220115416323167
2.8582153667795493,0.00041220115416323167
9.054018369208075,0.00041220115416323167
6.7633774654882375,0.00041220115416323167
4.695463361685868,0.00041220115416323167
2.7672464550220415,0.00041220115416323167
1.9131516859466375,0.00041220115416323167
0.7424143687785261,0.00041220115416323167
9.406248201967069,0.00041220115416323167
13.82855865320201,0.00041220115416323167
1.5503241863552097,0.00041220115416323167
2.2202702986580296,0.00041220115416323167
2.0133242163362794,0.00041220115416323167
3.820551125693405,0.00041220115416323167
14.040753170758231,0.00041220115416323167
16.072430206515296,0.00041220115416323167
2.651231659619985,0.00041220115416323167
4.903656129119773,0.00041220115416323167
8.341842875655734,0.00041220115416323167
2.9689619256160213,0.00041220115416323167
3.208266376070928,0.00041220115416323167
7.852127216525844,0.00041220115416323167
5.435105384766118,0.00041220115416323167
2.694211219941681,0.00041220115416323167
6.79949543542224,0.00041220115416323167
9.489729598164582,0.00041220115416323167
5.460083815112171,0.00041220115416323167
4.224185300934981,0.00041220115416323167
5.049555058638687,0.00041220115416323167
6.014947825042314,0.00041220115416323167
0.9650215873772074,0.00041220115416323167
4.251820698401619,0.00041220115416323167
5.721467765201272,0.00041220115416323167
2.0430380027282298,0.00041220115416323167
3.586474567769534,0.00041220115416323167
2.2312564777447874,0.00041220115416323167
12.245848243750658,0.00041220115416323167
7.910416838026594,0.00041220115416323167
3.273554116647966,0.00041220115416323167
5.317315057168195,0.00041220115416323167
5.780175584430913,0.00041220115416323167
6.312012213017137,0.00041220115416323167
2.215095616342701,0.00041220115416323167
5.269015004284149,0.00041220115416323167
3.3214435649907985,0.00041220115416323167
4.170175217079362,0.00041220115416323167
2.92431998236261,0.00041220115416323167
3.6875764683155396,0.00041220115416323167
0.7478740637447855,0.00041220115416323167
3.5826875135145144,0.00041220115416323167
0.9741896772251414,0.00041220115416323167
7.464797544387849,0.00041220115416323167
5.827352926505152,0.00041220115416323167
3.8066073907926463,0.00041220115416323167
7.238704934136542,0.00041220115416323167
2.42169214901958,0.00041220115416323167
5.553705300242874,0.00041220115416323167
3.0788286606184827,0.00041220115416323167
10.334643568668028,0.00041220115416323167
2.87248451857124,0.00041220115416323167
0.7299847967071837,0.00041220115416323167
4.129004710820514,0.00041220115416323167
1.24137436236081,0.00041220115416323167
4.713245760687589,0.00041220115416323167
3.455637893720845,0.00041220115416323167
3.472926610528242,0.00041220115416323167
5.839609184374578,0.00041220115416323167
6.3908664059458395,0.00041220115416323167
4.254740197341791,0.00041220115416323167
2.0730998086571275,0.00041220115416323167
14.11313833362105,0.00041220115416323167
2.5490088673548907,0.00041220115416323167
4.715024947857599,0.00041220115416323167
5.090594796274808,0.00041220115416323167
6.447115746517893,0.00041220115416323167
4.64974622045256,0.00041220115416323167
2.2701052561635677,0.00041220115416323167
3.5715830915046074,0.00041220115416323167
2.394981599963458,0.00041220115416323167
7.211767319981144,0.00041220115416323167
6.3727095346830485,0.00041220115416323167
5.147815370563366,0.00041220115416323167
4.656649047214953,0.00041220115416323167
8.940222746159792,0.00041220115416323167
5.609866164195556,0.00041220115416323167
7.2687492769959885,0.00041220115416323167
4.0049460424252965,0.00041220115416323167
7.437859995564717,0.00041220115416323167
2.7418027681205257,0.00041220115416323167
1.3354006774539093,0.00041220115416323167
2.535731044436123,0.00041220115416323167
3.0627478727003363,0.00041220115416323167
7.712549857136616,0.00041220115416323167
1.0289141926688932,0.00041220115416323167
3.662661864508829,0.00041220115416323167
1.3529740630164853,0.00041220115416323167
6.196406542059196,0.00041220115416323167
3.3936892991471694,0.00041220115416323167
2.64797510538969,0.00041220115416323167
9.884257462826145,0.00041220115416323167
6.229895398860864,0.00041220115416323167
8.432360870247523,0.00041220115416323167
4.835023750785497,0.00041220115416323167
2.981689472283128,0.00041220115416323167
5.329601955163909,0.00041220115416323167
4.054896160037462,0.00041220115416323167
2.7395058311053444,0.00041220115416323167
2.961744874400606,0.00041220115416323167
3.417427769816224,0.00041220115416323167
1.4579925492081873,0.00041220115416323167
8.290969089474743,0.00041220115416323167
7.2052366054012955,0.00041220115416323167
2.804652960848669,0.00041220115416323167
3.3847943777442593,0.00041220115416323167
0.6491195456264195,0.00041220115416323167
13.761469715514792,0.00041220115416323167
6.1594513153728725,0.00041220115416323167
4.260946864017272,0.00041220115416323167
5.09163718929871,0.00041220115416323167
4.202522419857931,0.00041220115416323167
11.851766331608678,0.00041220115416323167
6.843224292265374,0.00041220115416323167
8.30796638364493,0.00041220115416323167
2.346239177786489,0.00041220115416323167
1.4831315170965476,0.00041220115416323167
5.431752149486623,0.00041220115416323167
16.16445876395999,0.00041220115416323167
10.487783222155134,0.00041220115416323167
5.810382224726585,0.00041220115416323167
2.4998483850577453,0.00041220115416323167
4.502666586060093,0.00041220115416323167
6.744141859436255,0.00041220115416323167
4.6288510492136,0.00041220115416323167
2.0121660158763515,0.00041220115416323167
2.8329927942747375,0.00041220115416323167
1.384241240490757,0.00041220115416323167
3.028422989994925,0.00041220115416323167
2.0575268178944923,0.00041220115416323167
5.703980901032601,0.00041220115416323167
7.551451860526732,0.00041220115416323167
2.9341010441374467,0.00041220115416323167
3.3697364504137175,0.00041220115416323167
8.708431108688165,0.00041220115416323167
7.632733719094442,0.00041220115416323167
2.7885493490835693,0.00041220115416323167
3.1618956418012854,0.00041220115416323167
7.397330602697522,0.00041220115416323167
2.1475917169473093,0.00041220115416323167
8.245203764199157,0.00041220115416323167
8.715417740681357,0.00041220115416323167
1.471038164699872,0.00041220115416323167
12.283404371443064,0.00041220115416323167
2.703512715136118,0.00041220115416323167
3.906634251864302,0.00041220115416323167
2.3701706152610407,0.00041220115416323167
5.643977276680904,0.00041220115416323167
1.6780211400857195,0.00041220115416323167
3.186534466907557,0.00041220115416323167
9.598891139873928,0.00041220115416323167
12.406761080032835,0.00041220115416323167
4.2789784524799135,0.00041220115416323167
2.117612277371618,0.00041220115416323167
2.2329682686130754,0.00041220115416323167
5.71565186329105,0.00041220115416323167
0.8947159537472236,0.00041220115416323167
5.07784519337775,0.00041220115416323167
6.653003009931554,0.00041220115416323167
5.98295021174035,0.00041220115416323167
1.1037974009363078,0.00041220115416323167
4.361002781952142,0.00041220115416323167
6.186920864228822,0.00041220115416323167
5.091229999453146,0.00041220115416323167
1.9882892444491453,0.00041220115416323167
4.78052363828759,0.00041220115416323167
6.09539459669577,0.00041220115416323167
3.1114878622288122,0.00041220115416323167
4.498619886297793,0.00041220115416323167
2.448038199439382,0.00041220115416323167
3.535874626044466,0.00041220115416323167
5.8705449985004226,0.00041220115416323167
2.692608594105832,0.00041220115416323167
1.5460803358778723,0.00041220115416323167
8.199355930577369,0.00041220115416323167
7.710573153239936,0.00041220115416323167
1.671495146924812,0.00041220115416323167
4.362120304016563,0.00041220115416323167
4.659023729472436,0.00041220115416323167
3.4360123258449815,0.00041220115416323167
5.103620138879472,0.00041220115416323167
3.0718972803079208,0.00041220115416323167
9.71424777460205,0.00041220115416323167
2.32241834749411,0.00041220115416323167
7.700065634016296,0.00041220115416323167
2.6549459642764535,0.00041220115416323167
3.8903896508978777,0.00041220115416323167
4.360746612328157,0.00041220115416323167
4.372824194321202,0.00041220115416323167
1.9869815049980877,0.00041220115416323167
7.923932676173398,0.00041220115416323167
3.955257850379542,0.00041220115416323167
6.160065945703909,0.00041220115416323167
10.270736109319012,0.00041220115416323167
3.0232387557450147,0.00041220115416323167
4.04828376597818,0.00041220115416323167
1.8608062755230492,0.00041220115416323167
3.7842556162536076,0.00041220115416323167
3.364239634167209,0.00041220115416323167
2.142750977344075,0.00041220115416323167
8.482499372688151,0.00041220115416323167
4.281950218964381,0.00041220115416323167
1.9916679525317065,0.00041220115416323167
4.710843739635347,0.00041220115416323167
6.888575891091832,0.00041220115416323167
3.81100750248079,0.00041220115416323167
3.9701070905411355,0.00041220115416323167
10.38292096960523,0.00041220115416323167
2.853157743674915,0.00041220115416323167
7.670715469656009,0.00041220115416323167
13.543015641262361,0.00041220115416323167
3.9101934810526577,0.00041220115416323167
1.9527299365618143,0.00041220115416323167
5.330204697107398,0.00041220115416323167
3.899937510766786,0.00041220115416323167
2.0049817606680804,0.00041220115416323167
1.076680438897242,0.00041220115416323167
5.283130230285948,0.00041220115416323167
13.964614969860989,0.00041220115416323167
11.68309874050342,0.00041220115416323167
2.3467394432160256,0.00041220115416323167
3.7657528118707844,0.00041220115416323167
6.083336663362133,0.00041220115416323167
3.6337099131112183,0.00041220115416323167
10.967654819146512,0.00041220115416323167
6.587459140276655,0.00041220115416323167
1.7668140576339402,0.00041220115416323167
3.5364896819118994,0.00041220115416323167
1.8636261407715067,0.00041220115416323167
7.449619616399788,0.00041220115416323167
2.29419386230605,0.00041220115416323167
9.084620881668174,0.00041220115416323167
2.6568830447075467,0.00041220115416323167
1.8417878470333477,0.00041220115416323167
3.7927242959436014,0.00041220115416323167
2.9094928222393737,0.00041220115416323167
2.4616890299099685,0.00041220115416323167
14.241741448243523,0.00041220115416323167
1.8616537518222325,0.00041220115416323167
2.1994168396993796,0.00041220115416323167
5.367902276736505,0.00041220115416323167
3.6313795348963205,0.00041220115416323167
6.6343048057069325,0.00041220115416323167
3.092322857762947,0.00041220115416323167
4.749394810335869,0.00041220115416323167
1.7662081381067711,0.00041220115416323167
1.5881141533437957,0.00041220115416323167
3.3438372386162696,0.00041220115416323167
2.575613138291041,0.00041220115416323167
6.406895480338821,0.00041220115416323167
2.1492961651369544,0.00041220115416323167
3.10025207575134,0.00041220115416323167
8.562432225798766,0.00041220115416323167
8.688130622804456,0.00041220115416323167
2.5434409319231244,0.00041220115416323167
3.1504262132478575,0.00041220115416323167
5.021000585253734,0.00041220115416323167
2.4439967242326768,0.00041220115416323167
2.1346933737802334,0.00041220115416323167
4.472783747406932,0.00041220115416323167
2.1451530204005804,0.00041220115416323167
2.7127409449453013,0.00041220115416323167
2.397018481633895,0.00041220115416323167
2.552348663501392,0.00041220115416323167
6.256298413112725,0.00041220115416323167
4.005614977805468,0.00041220115416323167
5.356459587609691,0.00041220115416323167
4.020538359661887,0.00041220115416323167
4.646300915699826,0.00041220115416323167
7.991707965723951,0.00041220115416323167
2.900471472349913,0.00041220115416323167
8.667882051927936,0.00041220115416323167
5.326579770187606,0.00041220115416323167
4.262642346709046,0.00041220115416323167
4.73188316836933,0.00041220115416323167
3.182736885837195,0.00041220115416323167
3.562566731724459,0.00041220115416323167
2.20835407159722,0.00041220115416323167
5.6430925208581435,0.00041220115416323167
2.5824743855386134,0.00041220115416323167
1.6167527550444756,0.00041220115416323167
2.785886646374792,0.00041220115416323167
5.569323894583878,0.00041220115416323167
3.195405418355831,0.00041220115416323167
6.587577859593711,0.00041220115416323167
2.316535196476134,0.00041220115416323167
7.007859217316126,0.00041220115416323167
7.9551017399779775,0.00041220115416323167
2.0365832049277888,0.00041220115416323167
3.766962651697619,0.00041220115416323167
2.019835825163437,0.00041220115416323167
6.5203521229388315,0.00041220115416323167
4.474079425043956,0.00041220115416323167
9.129660903870274,0.00041220115416323167
1.5655267512778577,0.00041220115416323167
3.4311136198519856,0.00041220115416323167
4.3953670819508694,0.00041220115416323167
5.586772696337127,0.00041220115416323167
3.189953591731884,0.00041220115416323167
2.402098327308378,0.00041220115416323167
4.697617973284389,0.00041220115416323167
7.678048514443557,0.00041220115416323167
2.076113153029581,0.00041220115416323167
7.916604602673051,0.00041220115416323167
2.1388706027450697,0.00041220115416323167
4.955955614681466,0.00041220115416323167
1.5905691291613417,0.00041220115416323167
2.050659959791176,0.00041220115416323167
1.508161536529705,0.00041220115416323167
5.371403532925044,0.00041220115416323167
7.30125837810883,0.00041220115416323167
4.6094819226194765,0.00041220115416323167
4.517214372126081,0.00041220115416323167
7.015354360221954,0.00041220115416323167
7.217402721757112,0.00041220115416323167
6.736021148652651,0.00041220115416323167
8.704118366053969,0.00041220115416323167
4.719340855980603,0.00041220115416323167
5.722997192146927,0.00041220115416323167
4.61620417962076,0.00041220115416323167
1.7395607021693684,0.00041220115416323167
11.626260731590271,0.00041220115416323167
3.5635981436742,0.00041220115416323167
3.6685672096884607,0.00041220115416323167
1.4412171858117238,0.00041220115416323167
0.9684026315298172,0.00041220115416323167
4.431002311736152,0.00041220115416323167
5.947109837730336,0.00041220115416323167
5.3880925271329545,0.00041220115416323167
3.170148463475998,0.00041220115416323167
3.171247785065505,0.00041220115416323167
0.8521356806222813,0.00041220115416323167
2.1529206457578454,0.00041220115416323167
2.2480766723118046,0.00041220115416323167
1.958498288378394,0.00041220115416323167
7.385270760231982,0.00041220115416323167
3.9331307629378025,0.00041220115416323167
6.4881049086045985,0.00041220115416323167
9.310919549806675,0.00041220115416323167
3.46697071832449,0.00041220115416323167
1.406798388422512,0.00041220115416323167
1.5777215850799582,0.00041220115416323167
5.2004365154192325,0.00041220115416323167
3.527011418969086,0.00041220115416323167
7.587860242074021,0.00041220115416323167
2.6379774264599107,0.00041220115416323167
1.9632038382726245,0.00041220115416323167
3.427740689713478,0.00041220115416323167
9.625445660899377,0.00041220115416323167
3.0618896408682654,0.00041220115416323167
7.096547972534113,0.00041220115416323167
2.0975505034033772,0.00041220115416323167
12.882614224184774,0.00041220115416323167
3.593919911963893,0.00041220115416323167
3.6507947806091643,0.00041220115416323167
7.386582322636977,0.00041220115416323167
2.7623049323630293,0.00041220115416323167
2.905076327570491,0.00041220115416323167
3.3545160434217163,0.00041220115416323167
5.614640800966616,0.00041220115416323167
7.336508116783319,0.00041220115416323167
2.8050542482713667,0.00041220115416323167
4.204899627282716,0.00041220115416323167
12.093155623031608,0.00041220115416323167
4.680486403826699,0.00041220115416323167
1.4138887336360675,0.00041220115416323167
5.237686361090972,0.00041220115416323167
2.2184844028639605,0.00041220115416323167
2.438779982079712,0.00041220115416323167
3.4478071601976943,0.00041220115416323167
7.262781657216217,0.00041220115416323167
3.6262235086799914,0.00041220115416323167
6.1723143965893525,0.00041220115416323167
3.09762928165365,0.00041220115416323167
2.138518432013449,0.00041220115416323167
9.86988573160779,0.00041220115416323167
3.190783624326349,0.00041220115416323167
11.406729814382933,0.00041220115416323167
2.014244565167059,0.00041220115416323167
1.6955526028674774,0.00041220115416323167
5.3728719306982535,0.00041220115416323167
2.5125075698847055,0.00041220115416323167
9.699462744779076,0.00041220115416323167
7.262514450119717,0.00041220115416323167
6.408311051584888,0.00041220115416323167
1.2278572868633406,0.00041220115416323167
3.565343699071503,0.00041220115416323167
2.527473490841524,0.00041220115416323167
3.724478269670044,0.00041220115416323167
4.614692449395582,0.00041220115416323167
5.661349273046302,0.00041220115416323167
2.9787654248567508,0.00041220115416323167
2.9478299565840604,0.00041220115416323167
7.5803697459326775,0.00041220115416323167
3.882084472594362,0.00041220115416323167
4.174082342293045,0.00041220115416323167
5.643721269908337,0.00041220115416323167
2.7939072388787656,0.00041220115416323167
0.8288897273111757,0.00041220115416323167
4.467338779703114,0.00041220115416323167
2.0088230133677407,0.00041220115416323167
2.6653629758517035,0.00041220115416323167
4.639059270042499,0.00041220115416323167
3.5618553764718346,0.00041220115416323167
4.137575765973703,0.00041220115416323167
5.340667343651386,0.00041220115416323167
4.223521673532882,0.00041220115416323167
3.0009354271255257,0.00041220115416323167
1.7979372829266858,0.00041220115416323167
2.080019982298332,0.00041220115416323167
2.957115853623377,0.00041220115416323167
2.2980857835232893,0.00041220115416323167
3.02644388617454,0.00041220115416323167
1.8299290521244682,0.00041220115416323167
5.050605672798747,0.00041220115416323167
2.6243884411547573,0.00041220115416323167
5.007913224938448,0.00041220115416323167
8.115455594029672,0.00041220115416323167
4.7012129668854525,0.00041220115416323167
6.558685856593988,0.00041220115416323167
6.974940989232813,0.00041220115416323167
5.136557454881789,0.00041220115416323167
3.0685136221658014,0.00041220115416323167
9.147995912425078,0.00041220115416323167
3.214964066948084,0.00041220115416323167
5.560578739526482,0.00041220115416323167
4.2109419021032535,0.00041220115416323167
11.928082305410474,0.00041220115416323167
1.5304853709885944,0.00041220115416323167
4.969567860064457,0.00041220115416323167
19.25737803758413,0.00041220115416323167
4.481487793481304,0.00041220115416323167
6.931673152547014,0.00041220115416323167
5.796715677284267,0.00041220115416323167
2.4355083477205217,0.00041220115416323167
19.3030011968839,0.00041220115416323167
4.660062299576968,0.00041220115416323167
12.274779162731988,0.00041220115416323167
2.67755001418722,0.00041220115416323167
9.899333686733101,0.00041220115416323167
1.0373865279354098,0.00041220115416323167
1.604031445705716,0.00041220115416323167
6.936433122258183,0.00041220115416323167
8.424072011406992,0.00041220115416323167
2.812916082233637,0.00041220115416323167
5.853513093139691,0.00041220115416323167
13.829610155555187,0.00041220115416323167
4.980670071121369,0.00041220115416323167
2.305617895412449,0.00041220115416323167
3.2233411174509925,0.00041220115416323167
3.4171494656288846,0.00041220115416323167
4.2350068715574585,0.00041220115416323167
7.817165462941999,0.00041220115416323167
3.6916397972804464,0.00041220115416323167
4.696187530025776,0.00041220115416323167
1.8645077634398053,0.00041220115416323167
3.960132399572734,0.00041220115416323167
8.215944114184037,0.00041220115416323167
18.456935279458097,0.00041220115416323167
14.266513257372678,0.00041220115416323167
1.625572499917167,0.00041220115416323167
5.341776559906182,0.00041220115416323167
5.361108092603218,0.00041220115416323167
7.2188064589972285,0.00041220115416323167
3.92519667200682,0.00041220115416323167
7.303229616662454,0.00041220115416323167
1.23791557631738,0.00041220115416323167
7.394096270983367,0.00041220115416323167
2.1276608200451244,0.00041220115416323167
2.9013058495253343,0.00041220115416323167
4.063992689587339,0.00041220115416323167
2.5912551182871364,0.00041220115416323167
1.3199390066949084,0.00041220115416323167
4.575478101657915,0.00041220115416323167
6.96949433034167,0.00041220115416323167
2.290294276605139,0.00041220115416323167
2.892701148759159,0.00041220115416323167
8.282970917819119,0.00041220115416323167
9.53068473965949,0.00041220115416323167
1.1732399696843003,0.00041220115416323167
2.5061512763604505,0.00041220115416323167
1.4912815561994133,0.00041220115416323167
5.326369438670173,0.00041220115416323167
6.939007898704469,0.00041220115416323167
2.3772936691603435,0.00041220115416323167
4.257216072178118,0.00041220115416323167
10.950188968510664,0.00041220115416323167
2.505426450402434,0.00041220115416323167
3.5370654209076324,0.00041220115416323167
3.091773521789672,0.00041220115416323167
6.819546013217875,0.00041220115416323167
4.5556627245338195,0.00041220115416323167
6.792099834362203,0.00041220115416323167
3.9791747371752364,0.00041220115416323167
5.886085722803722,0.00041220115416323167
3.1258668982053046,0.00041220115416323167
0.6676592674954509,0.00041220115416323167
10.7283939040697,0.00041220115416323167
1.8250745790649527,0.00041220115416323167
4.851484195542778,0.00041220115416323167
5.267102605694826,0.00041220115416323167
2.2330451602530297,0.00041220115416323167
8.463747208781008,0.00041220115416323167
5.018694069170241,0.00041220115416323167
10.7176697798,0.00041220115416323167
2.499619937577145,0.00041220115416323167
3.516144459025841,0.00041220115416323167
4.876143425579637,0.00041220115416323167
2.505838328913305,0.00041220115416323167
6.557192187892283,0.00041220115416323167
5.398105248399493,0.00041220115416323167
3.215948985771185,0.00041220115416323167
2.603002770117433,0.00041220115416323167
3.919347201946085,0.00041220115416323167
11.943403373172352,0.00041220115416323167
3.1723768562303367,0.00041220115416323167
3.7294741807505862,0.00041220115416323167
6.480668349621933,0.00041220115416323167
7.123541326604634,0.00041220115416323167
2.503815957170963,0.00041220115416323167
4.132026407289689,0.00041220115416323167
4.063748598112846,0.00041220115416323167
8.735178941778157,0.00041220115416323167
6.841179657142915,0.00041220115416323167
5.90386777691336,0.00041220115416323167
3.885308613254801,0.00041220115416323167
2.9957213238038753,0.00041220115416323167
4.529155910767132,0.00041220115416323167
1.4574292909677482,0.00041220115416323167
6.058276983737185,0.00041220115416323167
6.148896046563218,0.00041220115416323167
6.193070217835848,0.00041220115416323167
7.737952065228129,0.00041220115416323167
2.8484925099471656,0.00041220115416323167
3.1914271199626265,0.00041220115416323167
6.590470311272256,0.00041220115416323167
1.7639803052030876,0.00041220115416323167
3.130728546247239,0.00041220115416323167
2.0412227233933846,0.00041220115416323167
9.892576364308912,0.00041220115416323167
2.668229976995827,0.00041220115416323167
4.6214070757495245,0.00041220115416323167
8.359867428699927,0.00041220115416323167
2.2693151443418236,0.00041220115416323167
2.4882264895201938,0.00041220115416323167
1.4868821605494424,0.00041220115416323167
6.131521618915469,0.00041220115416323167
3.4283713651653493,0.00041220115416323167
0.9458958186974498,0.00041220115416323167
4.455013596690725,0.00041220115416323167
6.361885994104006,0.00041220115416323167
7.085421816801947,0.00041220115416323167
2.134208868377087,0.00041220115416323167
4.71142726895052,0.00041220115416323167
3.862468714544017,0.00041220115416323167
1.2270221072011962,0.00041220115416323167
3.0925567925963144,0.00041220115416323167
4.905239799535626,0.00041220115416323167
2.600311067708084,0.00041220115416323167
10.26170446351161,0.00041220115416323167
1.992671054073079,0.00041220115416323167
3.562473188746283,0.00041220115416323167
9.184977287778151,0.00041220115416323167
1.6520994441285886,0.00041220115416323167
4.00993542536885,0.00041220115416323167
2.66504122368216,0.00041220115416323167
4.262673746648067,0.00041220115416323167
8.521971257265621,0.00041220115416323167
3.2110466883835143,0.00041220115416323167
3.248094550380498,0.00041220115416323167
1.4203423600515002,0.00041220115416323167
3.893716773765202,0.00041220115416323167
4.54189238977774,0.00041220115416323167
15.441463325337297,0.00041220115416323167
2.5846305433291756,0.00041220115416323167
10.523800261846123,0.00041220115416323167
8.551316725401065,0.00041220115416323167
3.961481261518441,0.00041220115416323167
6.264189423914401,0.00041220115416323167
1.9759359014806808,0.00041220115416323167
3.0802705459518256,0.00041220115416323167
1.0588303425709733,0.00041220115416323167
1.1989741935722464,0.00041220115416323167
2.6082684992254612,0.00041220115416323167
6.803009000413019,0.00041220115416323167
8.10317563126187,0.00041220115416323167
7.064224263977016,0.00041220115416323167
3.7831790760428654,0.00041220115416323167
2.2297881061423013,0.00041220115416323167
2.4922368686691865,0.00041220115416323167
4.8379073336605956,0.00041220115416323167
1.6344251300213124,0.00041220115416323167
4.677628011947689,0.00041220115416323167
2.831088458952558,0.00041220115416323167
3.885774837516587,0.00041220115416323167
5.112517661389005,0.00041220115416323167
2.2412422523646502,0.00041220115416323167
6.814451841524855,0.00041220115416323167
7.709347709090995,0.00041220115416323167
2.5618264297253854,0.00041220115416323167
4.880811519375765,0.00041220115416323167
5.396640779030723,0.00041220115416323167
2.3063291747297257,0.00041220115416323167
5.870537317757679,0.00041220115416323167
4.214238528744204,0.00041220115416323167
10.965273934379052,0.00041220115416323167
2.9742415486985836,0.00041220115416323167
1.967316028361339,0.00041220115416323167
7.6720103648484095,0.00041220115416323167
3.2202977635485763,0.00041220115416323167
3.9506670822776386,0.00041220115416323167
4.7550403287856025,0.00041220115416323167
3.786666978130485,0.00041220115416323167
3.1059165662501163,0.00041220115416323167
9.437934258639332,0.00041220115416323167
10.532414454392143,0.00041220115416323167
2.4824160619135562,0.00041220115416323167
11.81539661417272,0.00041220115416323167
6.466283869088433,0.00041220115416323167
3.599597314055213,0.00041220115416323167
4.628583094197162,0.00041220115416323167
2.440322340729284,0.00041220115416323167
8.889342325737022,0.00041220115416323167
1.574808072742871,0.00041220115416323167
3.6272829977735936,0.00041220115416323167
6.686275873800253,0.00041220115416323167
7.06968048934863,0.00041220115416323167
3.2778266639226823,0.00041220115416323167
4.25247807516273,0.00041220115416323167
6.4357594640777425,0.00041220115416323167
5.772536740178342,0.00041220115416323167
3.1548003595398786,0.00041220115416323167
4.2812207745012465,0.00041220115416323167
5.27861959830347,0.00041220115416323167
0.3887745401792665,0.00041220115416323167
7.370515543881059,0.00041220115416323167
1.8008460616638458,0.00041220115416323167
3.026561334581446,0.00041220115416323167
1.2424279411608725,0.00041220115416323167
2.4366750221421913,0.00041220115416323167
5.442441728650717,0.00041220115416323167
1.3129387184323806,0.00041220115416323167
8.78537403514782,0.00041220115416323167
9.512584242223948,0.00041220115416323167
8.010598771315886,0.00041220115416323167
0.9522221996916213,0.00041220115416323167
0.9453263079994672,0.00041220115416323167
2.8291575903021546,0.00041220115416323167
4.9731884240846655,0.00041220115416323167
0.8348803433927209,0.00041220115416323167
1.3988190237664684,0.00041220115416323167
4.182531762001433,0.00041220115416323167
3.296363539328544,0.00041220115416323167
7.2800853616861945,0.00041220115416323167
4.387793005047755,0.00041220115416323167
2.8903935518322474,0.00041220115416323167
5.093576811187191,0.00041220115416323167
1.4873167733400692,0.00041220115416323167
7.608446342074411,0.00041220115416323167
3.061811659404681,0.00041220115416323167
4.191284733657216,0.00041220115416323167
4.387723433293051,0.00041220115416323167
6.84516200588485,0.00041220115416323167
3.1756203602244155,0.00041220115416323167
5.2485169615718945,0.00041220115416323167
6.898087784177832,0.00041220115416323167
2.1757194982213353,0.00041220115416323167
4.176093865646569,0.00041220115416323167
7.348156009420788,0.00041220115416323167
3.8008941132768013,0.00041220115416323167
5.473023648190581,0.00041220115416323167
16.099275334287565,0.00041220115416323167
8.043821848276316,0.00041220115416323167
2.040594663993587,0.00041220115416323167
1.7051437284012991,0.00041220115416323167
8.054159352364932,0.00041220115416323167
5.904103142560842,0.00041220115416323167
2.248241422538492,0.00041220115416323167
3.858555031676127,0.00041220115416323167
2.653112333200791,0.00041220115416323167
10.55079035359595,0.00041220115416323167
5.3674764996581175,0.00041220115416323167
6.048615612236947,0.00041220115416323167
1.9357466934481973,0.00041220115416323167
4.570528164263665,0.00041220115416323167
2.436706542735345,0.00041220115416323167
4.295749069181057,0.00041220115416323167
7.35370555557841,0.00041220115416323167
3.8042896308672587,0.00041220115416323167
4.379325032493404,0.00041220115416323167
3.657968774825186,0.00041220115416323167
10.294732016756344,0.00041220115416323167
2.9717203708140216,0.00041220115416323167
0.9198759740510506,0.00041220115416323167
1.7283493538862076,0.00041220115416323167
2.8715887538276266,0.00041220115416323167
11.765603962256844,0.00041220115416323167
3.446553253370115,0.00041220115416323167
3.900752132535294,0.00041220115416323167
4.817315395109615,0.00041220115416323167
2.8517233179227093,0.00041220115416323167
6.476035232294626,0.00041220115416323167
3.604000106796224,0.00041220115416323167
5.956412191993727,0.00041220115416323167
0.9866605316619081,0.00041220115416323167
7.2146167140605755,0.00041220115416323167
6.855042340014664,0.00041220115416323167
7.85458957005813,0.00041220115416323167
6.341856433576548,0.00041220115416323167
1.7718040288664183,0.00041220115416323167
3.6985555473725467,0.00041220115416323167
5.5314157306115606,0.00041220115416323167
1.5480251468419073,0.00041220115416323167
6.749044968444081,0.00041220115416323167
3.274963505262532,0.00041220115416323167
3.538618967614025,0.00041220115416323167
0.8872488182410979,0.00041220115416323167
4.4062444053654835,0.00041220115416323167
11.342037643437816,0.00041220115416323167
1.236824054896151,0.00041220115416323167
1.8351159690837473,0.00041220115416323167
3.2540588392863565,0.00041220115416323167
5.111194414128788,0.00041220115416323167
7.368051492783985,0.00041220115416323167
2.4954505047142646,0.00041220115416323167
1.8350458909350271,0.00041220115416323167
2.332171769272992,0.00041220115416323167
7.296459582849668,0.00041220115416323167
3.021563168891637,0.00041220115416323167
8.144290177214282,0.00041220115416323167
5.055404185281866,0.00041220115416323167
3.952793756154055,0.00041220115416323167
5.044724329248674,0.00041220115416323167
1.3352708988541182,0.00041220115416323167
5.92099530601173,0.00041220115416323167
3.637262040793833,0.00041220115416323167
2.9256333220588218,0.00041220115416323167
4.753841688783781,0.00041220115416323167
8.104150033813879,0.00041220115416323167
2.352123672141089,0.00041220115416323167
4.167465970715115,0.00041220115416323167
0.6421090397307208,0.00041220115416323167
7.128020805674397,0.00041220115416323167
2.8236397380889495,0.00041220115416323167
7.787620879449766,0.00041220115416323167
5.412859325184859,0.00041220115416323167
6.923905681484633,0.00041220115416323167
4.492478173000723,0.00041220115416323167
1.1970466277267426,0.00041220115416323167
6.009089402837123,0.00041220115416323167
1.7877860019806773,0.00041220115416323167
5.576115242313559,0.00041220115416323167
1.6666342231223792,0.00041220115416323167
2.257187058506081,0.00041220115416323167
4.751938149052172,0.00041220115416323167
4.10723895846129,0.00041220115416323167
2.0396569866112233,0.00041220115416323167
4.356749177156411,0.00041220115416323167
5.808539825463541,0.00041220115416323167
5.800225802366406,0.00041220115416323167
4.263699347072731,0.00041220115416323167
2.4746936806606916,0.00041220115416323167
11.117387416226755,0.00041220115416323167
8.608401354002261,0.00041220115416323167
4.036930872678202,0.00041220115416323167
9.745804430201956,0.00041220115416323167
5.828725876494115,0.00041220115416323167
4.8872149265492,0.00041220115416323167
1.235869957025762,0.00041220115416323167
5.351706258084425,0.00041220115416323167
2.187050880550752,0.00041220115416323167
3.5803880265686616,0.00041220115416323167
1.9570551720035219,0.00041220115416323167
3.8286261764874974,0.00041220115416323167
5.263741711332746,0.00041220115416323167
4.134218060394732,0.00041220115416323167
5.097736230312758,0.00041220115416323167
3.427327622262009,0.00041220115416323167
3.667565831048165,0.00041220115416323167
9.88139558968545,0.00041220115416323167
2.7535814612513985,0.00041220115416323167
6.192844234786157,0.00041220115416323167
6.9011414575496905,0.00041220115416323167
0.8516985969872766,0.00041220115416323167
5.291970632776235,0.00041220115416323167
3.300699287395311,0.00041220115416323167
2.6930663183146044,0.00041220115416323167
4.091519300951172,0.00041220115416323167
5.2021588498775735,0.00041220115416323167
2.8267087811416016,0.00041220115416323167
2.9700986950931436,0.00041220115416323167
3.61776718319035,0.00041220115416323167
8.448407977209209,0.00041220115416323167
5.739053438874284,0.00041220115416323167
3.8408270939658324,0.00041220115416323167
2.4369492102863113,0.00041220115416323167
7.461675283545846,0.00041220115416323167
7.109842083457743,0.00041220115416323167
3.91945207645438,0.00041220115416323167
1.9234715312471085,0.00041220115416323167
5.072951882397201,0.00041220115416323167
1.348769866350911,0.00041220115416323167
5.524519409653798,0.00041220115416323167
8.88019694936355,0.00041220115416323167
5.925454892379605,0.00041220115416323167
5.649445213209821,0.00041220115416323167
4.48056431064607,0.00041220115416323167
2.9556510015332615,0.00041220115416323167
2.4170663895331477,0.00041220115416323167
8.546522002442437,0.00041220115416323167
3.6877216186182764,0.00041220115416323167
4.044229304668702,0.00041220115416323167
6.7050845340409015,0.00041220115416323167
5.318691580874016,0.00041220115416323167
1.8060139123366896,0.00041220115416323167
5.684389514719997,0.00041220115416323167
3.920096032782548,0.00041220115416323167
4.517981147300867,0.00041220115416323167
6.968736520371282,0.00041220115416323167
3.352049943638076,0.00041220115416323167
10.789739439177115,0.00041220115416323167
2.0613370866512706,0.00041220115416323167
4.0924765074419955,0.00041220115416323167
6.1824283446881,0.00041220115416323167
10.620159559545137,0.00041220115416323167
7.210717228258701,0.00041220115416323167
3.009045964362257,0.00041220115416323167
2.1531788706418022,0.00041220115416323167
9.537215651621946,0.00041220115416323167
3.3503329154893704,0.00041220115416323167
1.3496219179703843,0.00041220115416323167
1.0963818881257241,0.00041220115416323167
10.830239993701092,0.00041220115416323167
4.303695472864276,0.00041220115416323167
3.132945232169131,0.00041220115416323167
5.174415094838199,0.00041220115416323167
3.8141189030352933,0.00041220115416323167
6.614089166935228,0.00041220115416323167
3.210813102358328,0.00041220115416323167
1.1099527824054694,0.00041220115416323167
5.871451153429142,0.00041220115416323167
8.917803156890079,0.00041220115416323167
5.149553191518092,0.00041220115416323167
8.82657276341637,0.00041220115416323167
5.00872185124779,0.00041220115416323167
3.0215253681684295,0.00041220115416323167
2.6594037719691324,0.00041220115416323167
2.6136894940309587,0.00041220115416323167
4.124544195314784,0.00041220115416323167
5.10157213337974,0.00041220115416323167
3.555279451094576,0.00041220115416323167
4.625831996734106,0.00041220115416323167
10.911052057291867,0.00041220115416323167
4.300909614430796,0.00041220115416323167
3.7523780527439277,0.00041220115416323167
2.384919300839069,0.00041220115416323167
6.38069244543378,0.00041220115416323167
3.0126935713489837,0.00041220115416323167
9.313922868942534,0.00041220115416323167
0.76098917546264,0.00041220115416323167
3.7902404776804763,0.00041220115416323167
3.470952542805849,0.00041220115416323167
5.095733121945256,0.00041220115416323167
5.17698406645414,0.00041220115416323167
5.211247539670805,0.00041220115416323167
2.2743732931506098,0.00041220115416323167
4.0976489688084,0.00041220115416323167
3.304772457519855,0.00041220115416323167
7.078524581295332,0.00041220115416323167
6.1736599255334985,0.00041220115416323167
4.323575731965079,0.00041220115416323167
2.5587952420146425,0.00041220115416323167
0.955387922409384,0.00041220115416323167
4.64314837030568,0.00041220115416323167
2.9537904220935736,0.00041220115416323167
3.6849175052859318,0.00041220115416323167
4.251856583981103,0.00041220115416323167
4.447923244382989,0.00041220115416323167
4.956705333892931,0.00041220115416323167
8.582135352045546,0.00041220115416323167
2.390734502908586,0.00041220115416323167
1.7123974779713362,0.00041220115416323167
11.265938359978033,0.00041220115416323167
4.213697460373312,0.00041220115416323167
5.1103738676433705,0.00041220115416323167
8.351425951984265,0.00041220115416323167
2.3104861351190156,0.00041220115416323167
10.906612894212675,0.00041220115416323167
4.748071328520939,0.00041220115416323167
4.9364691167539805,0.00041220115416323167
1.8724057985659406,0.00041220115416323167
2.914142136750999,0.00041220115416323167
2.7765086940729997,0.00041220115416323167
9.320266076570075,0.00041220115416323167
4.043068832860929,0.00041220115416323167
4.71007081913926,0.00041220115416323167
2.1457234143767034,0.00041220115416323167
1.7773067087500163,0.00041220115416323167
1.4764591466572619,0.00041220115416323167
4.74682879508017,0.00041220115416323167
3.0868461436967776,0.00041220115416323167
3.96818760655879,0.00041220115416323167
3.8832464171691035,0.00041220115416323167
2.3215584599456247,0.00041220115416323167
3.6813249431243857,0.00041220115416323167
3.349044431691592,0.00041220115416323167
3.5282571120357056,0.00041220115416323167
3.744487753005651,0.00041220115416323167
2.7753553469804144,0.00041220115416323167
3.6018808967605893,0.00041220115416323167
4.392282316460041,0.00041220115416323167
4.078518014331233,0.00041220115416323167
3.6600346365914476,0.00041220115416323167
2.050218912824926,0.00041220115416323167
5.654684685708439,0.00041220115416323167
2.6478467338108427,0.00041220115416323167
1.6658553315888283,0.00041220115416323167
4.647234098648224,0.00041220115416323167
2.3933652810783905,0.00041220115416323167
8.148964957521354,0.00041220115416323167
4.085386284446927,0.00041220115416323167
3.3138219443922408,0.00041220115416323167
2.273969159622976,0.00041220115416323167
1.9803179712504266,0.00041220115416323167
4.467472717472383,0.00041220115416323167
3.9703241582136033,0.00041220115416323167
4.380236476828367,0.00041220115416323167
4.188882785057137,0.00041220115416323167
3.454944174746983,0.00041220115416323167
6.111940195536255,0.00041220115416323167
2.268817099643574,0.00041220115416323167
1.076584937532016,0.00041220115416323167
1.1371316391718491,0.00041220115416323167
2.888241216039364,0.00041220115416323167
5.3257101304003,0.00041220115416323167
4.56670428092134,0.00041220115416323167
4.722291956493534,0.00041220115416323167
1.169647997273116,0.00041220115416323167
2.897996212215245,0.00041220115416323167
2.5941159097224955,0.00041220115416323167
12.972828568959661,0.00041220115416323167
5.750166329412261,0.00041220115416323167
4.835071681721772,0.00041220115416323167
4.875007439523463,0.00041220115416323167
2.7978779594142975,0.00041220115416323167
1.1838046789704824,0.00041220115416323167
1.4758184086404715,0.00041220115416323167
5.90521501790419,0.00041220115416323167
1.1060503326955258,0.00041220115416323167
7.549311547937089,0.00041220115416323167
8.890716017545166,0.00041220115416323167
6.84037780909636,0.00041220115416323167
1.610587957585786,0.00041220115416323167
3.1978449531495428,0.00041220115416323167
2.6956679647966975,0.00041220115416323167
3.4138894103099906,0.00041220115416323167
5.656377879706597,0.00041220115416323167
2.551380967789836,0.00041220115416323167
7.956076093063554,0.00041220115416323167
3.5684295145219784,0.00041220115416323167
2.7056685893786754,0.00041220115416323167
1.0998809587710225,0.00041220115416323167
6.527106300943098,0.00041220115416323167
3.2963872571610953,0.00041220115416323167
3.983247272566871,0.00041220115416323167
1.0431915266238092,0.00041220115416323167
3.5490564431768776,0.00041220115416323167
2.592680133948143,0.00041220115416323167
6.459656777033906,0.00041220115416323167
1.3239764919332704,0.00041220115416323167
4.349680189341021,0.00041220115416323167
4.38615652751317,0.00041220115416323167
7.541138493940544,0.00041220115416323167
3.459467401470946,0.00041220115416323167
5.4490569989055855,0.00041220115416323167
6.384669973635397,0.00041220115416323167
2.5219990195879953,0.00041220115416323167
2.608939902923663,0.00041220115416323167
1.9585463300346573,0.00041220115416323167
4.478021526290771,0.00041220115416323167
5.341051978976311,0.00041220115416323167
3.8374208594370227,0.00041220115416323167
9.702634005727663,0.00041220115416323167
2.9029407962393092,0.00041220115416323167
2.879086408525536,0.00041220115416323167
5.8127929389936925,0.00041220115416323167
2.0394076344576457,0.00041220115416323167
2.566329039017064,0.00041220115416323167
1.7935855832527023,0.00041220115416323167
4.945244441161756,0.00041220115416323167
7.595440710527677,0.00041220115416323167
5.255326767261826,0.00041220115416323167
1.008780710945146,0.00041220115416323167
2.6776257932973615,0.00041220115416323167
7.763041931072412,0.00041220115416323167
4.245194375156725,0.00041220115416323167
3.8542064611045235,0.00041220115416323167
2.788877841683454,0.00041220115416323167
7.781347428026205,0.00041220115416323167
8.229444018256958,0.00041220115416323167
2.393790885111575,0.00041220115416323167
3.597819390703555,0.00041220115416323167
4.160671976922854,0.00041220115416323167
4.83763272280574,0.00041220115416323167
2.4810139860175764,0.00041220115416323167
8.673166875085386,0.00041220115416323167
3.6426264968575146,0.00041220115416323167
3.5706090882689803,0.00041220115416323167
9.484401785400825,0.00041220115416323167
3.96873600225743,0.00041220115416323167
2.9304506511160793,0.00041220115416323167
1.2692010587663172,0.00041220115416323167
3.8646062579359417,0.00041220115416323167
3.7829496047388056,0.00041220115416323167
3.1972059057382203,0.00041220115416323167
5.73149805213295,0.00041220115416323167
2.142615436156839,0.00041220115416323167
2.766861128703454,0.00041220115416323167
5.591345113712515,0.00041220115416323167
5.893094720232821,0.00041220115416323167
6.1976787046152975,0.00041220115416323167
7.1925767343218405,0.00041220115416323167
5.663648213035407,0.00041220115416323167
1.9770745952241637,0.00041220115416323167
1.4344129021736602,0.00041220115416323167
4.530324821976663,0.00041220115416323167
7.275862176470551,0.00041220115416323167
3.588268029919541,0.00041220115416323167
3.561531619379563,0.00041220115416323167
7.2247441837012945,0.00041220115416323167
5.630338765113416,0.00041220115416323167
2.30769282128259,0.00041220115416323167
5.787513689161398,0.00041220115416323167
11.073443714027349,0.00041220115416323167
6.739508501495214,0.00041220115416323167
1.5612552859723277,0.00041220115416323167
0.9500032554317211,0.00041220115416323167
4.696727731089286,0.00041220115416323167
1.8453495719687203,0.00041220115416323167
4.922125279935161,0.00041220115416323167
1.0201713329014712,0.00041220115416323167
1.622834543796583,0.00041220115416323167
4.465059494916891,0.00041220115416323167
2.5779743231585117,0.00041220115416323167
4.190910206377099,0.00041220115416323167
3.1118081911993594,0.00041220115416323167
1.3174807307295535,0.00041220115416323167
4.236653292877366,0.00041220115416323167
4.558284577367952,0.00041220115416323167
1.1198473397427495,0.00041220115416323167
6.67387465966237,0.00041220115416323167
2.5677897071857902,0.00041220115416323167
4.455111128782682,0.00041220115416323167
7.6850313750886645,0.00041220115416323167
5.212871610991628,0.00041220115416323167
1.7726607161631023,0.00041220115416323167
5.047782677956668,0.00041220115416323167
4.597192968690501,0.00041220115416323167
11.444608627795985,0.00041220115416323167
6.993731306858896,0.00041220115416323167
2.9349931193970935,0.00041220115416323167
4.758795835824617,0.00041220115416323167
8.06017179835118,0.00041220115416323167
4.348013483190226,0.00041220115416323167
4.949009115200608,0.00041220115416323167
2.8046201952191647,0.00041220115416323167
7.4785071180574425,0.00041220115416323167
5.024408372391934,0.00041220115416323167
2.049973546597109,0.00041220115416323167
5.50291690439271,0.00041220115416323167
5.437249255585135,0.00041220115416323167
5.570996434611815,0.00041220115416323167
8.33832321609442,0.00041220115416323167
5.695064695025851,0.00041220115416323167
6.433218613061349,0.00041220115416323167
2.7057558308109133,0.00041220115416323167
6.318602723756829,0.00041220115416323167
3.6522625818124803,0.00041220115416323167
2.8406584837721223,0.00041220115416323167
1.3036875085703885,0.00041220115416323167
5.0010352044757465,0.00041220115416323167
4.427290869554085,0.00041220115416323167
6.041258551384687,0.00041220115416323167
5.871347860971887,0.00041220115416323167
1.7530893868354553,0.00041220115416323167
6.330362041657116,0.00041220115416323167
5.924869325581041,0.00041220115416323167
2.3736441100423504,0.00041220115416323167
1.2774439687110184,0.00041220115416323167
2.556308026147466,0.00041220115416323167
1.3756625102886224,0.00041220115416323167
3.5688198580361568,0.00041220115416323167
3.352788507987976,0.00041220115416323167
4.5415294211107895,0.00041220115416323167
4.6920135021126494,0.00041220115416323167
4.764952541709058,0.00041220115416323167
2.328146062363331,0.00041220115416323167
2.7217384355889505,0.00041220115416323167
2.53225076037218,0.00041220115416323167
1.3623365913164327,0.00041220115416323167
7.294999648721312,0.00041220115416323167
3.2768528556882948,0.00041220115416323167
2.195345787862607,0.00041220115416323167
5.278387989088309,0.00041220115416323167
2.9163533105608948,0.00041220115416323167
6.760168886059623,0.00041220115416323167
1.9562355967040206,0.00041220115416323167
3.4638229078298046,0.00041220115416323167
6.492479199516285,0.00041220115416323167
5.68483270359005,0.00041220115416323167
2.246426280721693,0.00041220115416323167
2.5931161284230124,0.00041220115416323167
4.542274896157445,0.00041220115416323167
1.797629245030295,0.00041220115416323167
6.696495853273862,0.00041220115416323167
3.788694787163628,0.00041220115416323167
3.1402164498649188,0.00041220115416323167
2.801312724015799,0.00041220115416323167
2.617157785068525,0.00041220115416323167
3.102624982944166,0.00041220115416323167
0.9766476386241607,0.00041220115416323167
5.357581670592892,0.00041220115416323167
2.0719002386770358,0.00041220115416323167
9.684673676209345,0.00041220115416323167
2.8387233037469444,0.00041220115416323167
5.109787708209278,0.00041220115416323167
3.7453266083637984,0.00041220115416323167
3.177848910284574,0.00041220115416323167
5.872841027564073,0.00041220115416323167
2.6216298201360484,0.00041220115416323167
2.574289827696167,0.00041220115416323167
6.923317429609285,0.00041220115416323167
2.937057878040432,0.00041220115416323167
16.104114698868344,0.00041220115416323167
4.64267520330949,0.00041220115416323167
7.0149073402291675,0.00041220115416323167
5.683414114129691,0.00041220115416323167
2.844393224375252,0.00041220115416323167
5.840234740360244,0.00041220115416323167
3.6210564541696364,0.00041220115416323167
3.0897593566700174,0.00041220115416323167
2.5078751514129043,0.00041220115416323167
2.403657817643655,0.00041220115416323167
4.203994904760147,0.00041220115416323167
2.9397496408195227,0.00041220115416323167
2.260795128514209,0.00041220115416323167
4.510260244183491,0.00041220115416323167
5.507072808859235,0.00041220115416323167
1.7095235810271194,0.00041220115416323167
2.745189320407239,0.00041220115416323167
2.092390348779888,0.00041220115416323167
4.458324238859048,0.00041220115416323167
2.131013801361513,0.00041220115416323167
4.461973263692983,0.00041220115416323167
1.3704583830443582,0.00041220115416323167
5.519153379834897,0.00041220115416323167
10.872551641057104,0.00041220115416323167
7.133396275540531,0.00041220115416323167
1.7415653080610347,0.00041220115416323167
4.24200326165781,0.00041220115416323167
6.621017665874132,0.00041220115416323167
2.3302986385230366,0.00041220115416323167
5.054597592341098,0.00041220115416323167
13.896718877316987,0.00041220115416323167
5.392829914821828,0.00041220115416323167
3.3834918109378944,0.00041220115416323167
5.588155151685832,0.00041220115416323167
2.1069352706169333,0.00041220115416323167
6.699306378394829,0.00041220115416323167
5.205766711982819,0.00041220115416323167
6.446074863052737,0.00041220115416323167
4.761524218424678,0.00041220115416323167
2.526259691464093,0.00041220115416323167
6.268979894193662,0.00041220115416323167
2.1210593275393985,0.00041220115416323167
4.506629447978081,0.00041220115416323167
7.726238729559901,0.00041220115416323167
3.9152053896349353,0.00041220115416323167
8.106619622396806,0.00041220115416323167
4.087161477969204,0.00041220115416323167
3.1498964299661765,0.00041220115416323167
2.1391626497179486,0.00041220115416323167
8.030084501282866,0.00041220115416323167
6.2507080246920435,0.00041220115416323167
6.966376465680589,0.00041220115416323167
3.7025805270154466,0.00041220115416323167
2.9237170281510725,0.00041220115416323167
11.037618191709456,0.00041220115416323167
3.214014294051619,0.00041220115416323167
3.621603268155148,0.00041220115416323167
3.5478663232809486,0.00041220115416323167
5.29327966355001,0.00041220115416323167
2.7389464877552094,0.00041220115416323167
3.469755632430279,0.00041220115416323167
4.023473511957123,0.00041220115416323167
4.450657066210418,0.00041220115416323167
3.1012610175272934,0.00041220115416323167
6.93561486122393,0.00041220115416323167
4.859104930510016,0.00041220115416323167
5.772232264112083,0.00041220115416323167
5.999459472820037,0.00041220115416323167
2.986646654349263,0.00041220115416323167
4.566946558502724,0.00041220115416323167
1.825766043145327,0.00041220115416323167
4.040642158707244,0.00041220115416323167
4.630950490321224,0.00041220115416323167
4.617979348337822,0.00041220115416323167
6.536632294264021,0.00041220115416323167
2.969198631401787,0.00041220115416323167
1.3930342068562591,0.00041220115416323167
7.850910510726206,0.00041220115416323167
10.747090027144717,0.00041220115416323167
1.9896886605221071,0.00041220115416323167
1.8728031748612501,0.00041220115416323167
11.53723691035544,0.00041220115416323167
8.518526891452234,0.00041220115416323167
2.9224554675675543,0.00041220115416323167
7.564830498426421,0.00041220115416323167
3.5665466196343765,0.00041220115416323167
2.445078896602979,0.00041220115416323167
2.0662602921144546,0.00041220115416323167
3.5238058148589975,0.00041220115416323167
1.0188374159261901,0.00041220115416323167
9.136419244829312,0.00041220115416323167
2.457903449912499,0.00041220115416323167
5.548600601092015,0.00041220115416323167
6.111113867229999,0.00041220115416323167
3.90510614657092,0.00041220115416323167
6.597279266349434,0.00041220115416323167
8.74700848624859,0.00041220115416323167
3.1293059458859114,0.00041220115416323167
9.052606371877665,0.00041220115416323167
3.6820490584649637,0.00041220115416323167
2.8090805085432353,0.00041220115416323167
7.1706145878618015,0.00041220115416323167
7.3476981544255215,0.00041220115416323167
3.259972848944349,0.00041220115416323167
2.488993446481961,0.00041220115416323167
4.130291435312564,0.00041220115416323167
5.404735340831481,0.00041220115416323167
2.1136481253523893,0.00041220115416323167
11.583619405067992,0.00041220115416323167
1.6762580562108602,0.00041220115416323167
6.9151120113185005,0.00041220115416323167
3.648640289529978,0.00041220115416323167
6.080102400291085,0.00041220115416323167
4.763297885170018,0.00041220115416323167
4.938812424066066,0.00041220115416323167
1.7375420466744516,0.00041220115416323167
6.125219595692008,0.00041220115416323167
2.2311664172753343,0.00041220115416323167
5.1130255515576915,0.00041220115416323167
4.365031359940123,0.00041220115416323167
5.711766921018791,0.00041220115416323167
5.132523533434032,0.00041220115416323167
2.5769972390166753,0.00041220115416323167
4.497425963357007,0.00041220115416323167
3.483009912607898,0.00041220115416323167
4.755065975960925,0.00041220115416323167
3.8682597003022603,0.00041220115416323167
4.852017733971751,0.00041220115416323167
7.708814115108107,0.00041220115416323167
2.4381572835732332,0.00041220115416323167
3.435652487721586,0.00041220115416323167
4.1650801489713505,0.00041220115416323167
6.515410361166152,0.00041220115416323167
3.139326475179171,0.00041220115416323167
1.8251442533561881,0.00041220115416323167
2.8673688186125066,0.00041220115416323167
8.103987636718474,0.00041220115416323167
5.69388829671207,0.00041220115416323167
5.358286339351517,0.00041220115416323167
3.5320255777870684,0.00041220115416323167
6.811879501485084,0.00041220115416323167
4.324809594028366,0.00041220115416323167
1.6726765760614037,0.00041220115416323167
7.149640973197541,0.00041220115416323167
2.573622083359087,0.00041220115416323167
3.2543943106339235,0.00041220115416323167
4.258419387500931,0.00041220115416323167
7.267313878776749,0.00041220115416323167
3.809037005665857,0.00041220115416323167
4.869914636680127,0.00041220115416323167
3.1710157401004504,0.00041220115416323167
3.718266813903694,0.00041220115416323167
3.72251274464467,0.00041220115416323167
2.9401120872078637,0.00041220115416323167
4.362623792187227,0.00041220115416323167
2.190494349957162,0.00041220115416323167
3.09068469337229,0.00041220115416323167
7.1681869895037496,0.00041220115416323167
3.8165758212336693,0.00041220115416323167
2.5947429768212253,0.00041220115416323167
8.397061860472153,0.00041220115416323167
5.154933733857612,0.00041220115416323167
6.9779604825880135,0.00041220115416323167
4.918067531507793,0.00041220115416323167
3.0981414454252834,0.00041220115416323167
8.66511207065919,0.00041220115416323167
2.6534308192229332,0.00041220115416323167
7.524365758922473,0.00041220115416323167
11.320376084890848,0.00041220115416323167
9.641254895985453,0.00041220115416323167
1.7745878051584705,0.00041220115416323167
3.032340340760014,0.00041220115416323167
4.497037126399196,0.00041220115416323167
2.7365873917112484,0.00041220115416323167
2.48422086668964,0.00041220115416323167
3.7588732831340588,0.00041220115416323167
4.637487594083978,0.00041220115416323167
9.9346875006712,0.00041220115416323167
3.986128293153231,0.00041220115416323167
6.227775572178605,0.00041220115416323167
7.017669450900553,0.00041220115416323167
5.509823356691607,0.00041220115416323167
4.3978439387475,0.00041220115416323167
4.471494915889232,0.00041220115416323167
4.084150856955811,0.00041220115416323167
6.097545272523869,0.00041220115416323167
4.881932671145287,0.00041220115416323167
3.9888603443872537,0.00041220115416323167
1.2960884372607995,0.00041220115416323167
1.8740525469805156,0.00041220115416323167
3.6765474704292043,0.00041220115416323167
6.2014275256887785,0.00041220115416323167
3.888025148513827,0.00041220115416323167
5.770774959271203,0.00041220115416323167
5.4630717658968635,0.00041220115416323167
4.510461578821178,0.00041220115416323167
4.651403255487578,0.00041220115416323167
6.561047738592197,0.00041220115416323167
6.416191058634839,0.00041220115416323167
4.673467934856786,0.00041220115416323167
1.8012414121782696,0.00041220115416323167
1.4314635340009376,0.00041220115416323167
2.3787244596495576,0.00041220115416323167
2.472196832054905,0.00041220115416323167
3.752176963673269,0.00041220115416323167
15.246565110811675,0.00041220115416323167
2.4366793829915117,0.00041220115416323167
4.035575928642912,0.00041220115416323167
2.8952870184458033,0.00041220115416323167
5.903696397000107,0.00041220115416323167
2.819698776214757,0.00041220115416323167
5.301274467084224,0.00041220115416323167
8.249642116347605,0.00041220115416323167
1.6064048305877754,0.00041220115416323167
5.611245358397814,0.00041220115416323167
3.7604872776141045,0.00041220115416323167
1.0016840437237502,0.00041220115416323167
3.551040977082311,0.00041220115416323167
10.326020812314846,0.00041220115416323167
7.4793233142827225,0.00041220115416323167
3.9659182506231434,0.00041220115416323167
1.57924868609196,0.00041220115416323167
3.201800223300657,0.00041220115416323167
